x,y,t,p,probability,label
311,167,0.0,1,0.007852496,0
165,176,0.316,1,0.008880974,0
228,190,0.788,1,0.007238275,0
235,200,1.16,1,0.006938957,0
294,207,1.415,1,0.007173067,0
45,212,1.577,1,0.007853812,0
82,222,1.915,1,0.007754869,0
327,256,3.122,1,0.006339676,0
121,241,3.444,1,0.007966142,0
140,111,5.4,1,0.023330133,0
165,164,14.53,0,0.875582218,0
166,164,16.149,0,0.990101933,1
166,166,21.78,1,0.961782932,1
140,111,23.02,1,0.952983201,1
300,3,23.564,1,0.007213946,0
261,5,23.636,1,0.007024872,0
247,13,23.919,1,0.006984144,0
24,17,24.055,1,0.009062656,0
160,36,24.71,1,0.068066761,0
172,40,24.854,1,0.117037274,0
141,112,24.868,1,0.828638136,0
146,54,25.353,1,0.016116744,0
143,56,25.417,1,0.010164562,0
185,62,25.636,1,0.025510995,0
187,63,25.679,1,0.013911312,0
141,114,25.731,0,0.809934735,0
141,115,26.67,0,0.937773585,1
276,127,27.916,1,0.009848657,0
166,127,27.929,1,0.014337899,0
165,163,30.337,0,0.875898957,0
23,220,31.203,1,0.007422328,0
166,163,32.068,0,0.986310363,1
199,215,33.327,1,0.006699527,0
162,29,35.118,1,0.009453178,0
165,31,35.179,1,0.009116694,0
118,55,36.025,1,0.010444677,0
115,55,36.032,1,0.009529545,0
279,62,36.3,1,0.008456827,0
287,64,36.364,1,0.008141792,0
175,69,36.519,1,0.010360034,0
121,76,36.767,1,0.009545802,0
288,78,36.845,1,0.008814574,0
262,83,37.039,1,0.011163493,0
103,86,37.138,1,0.011093483,0
223,101,37.674,1,0.009043629,0
255,104,37.756,1,0.009259746,0
141,113,38.071,1,0.050309069,0
128,116,38.206,1,0.033143848,0
130,120,38.327,1,0.030398773,0
43,120,38.345,1,0.013930929,0
130,125,38.512,1,0.026828913,0
132,126,38.526,1,0.027026327,0
69,128,38.619,1,0.014200007,0
316,139,39.012,1,0.008079440,0
81,152,39.452,1,0.008560090,0
165,152,39.477,1,0.031551186,0
216,157,39.624,1,0.008501397,0
342,158,39.663,1,0.007481887,0
136,164,39.87,1,0.008901337,0
67,172,40.168,1,0.007951422,0
263,183,40.541,1,0.008106736,0
193,190,40.802,1,0.008357304,0
140,115,40.805,0,0.973992765,1
165,164,40.918,1,0.902010679,1
103,194,40.94,1,0.007867813,0
97,196,41.015,1,0.008569269,0
322,173,41.513,1,0.007806047,0
323,239,42.515,1,0.009875347,0
193,255,43.106,1,0.007343330,0
219,256,43.121,1,0.007464352,0
167,164,46.301,1,0.019837195,0
140,114,55.921,1,0.786412954,0
32,48,57.292,1,0.004297828,0
140,116,57.841,0,0.859190106,0
141,114,58.064,1,0.048961699,0
167,163,58.219,1,0.836457253,0
166,161,58.458,0,0.988528311,1
167,161,58.533,0,0.955591023,1
165,163,59.629,1,0.994553089,1
166,163,60.999,1,0.985059142,1
141,117,62.356,0,0.855166316,0
167,162,67.868,1,0.993484557,1
36,140,68.394,1,0.008152890,0
163,168,69.36,1,0.015018388,0
165,160,69.783,0,0.987955332,1
165,162,70.053,1,0.020634104,0
140,117,70.773,0,0.987967193,1
295,222,71.297,1,0.007067148,0
213,201,71.919,1,0.008444345,0
140,115,72.558,1,0.996967971,1
287,27,75.058,1,0.007675264,0
332,28,75.09,1,0.007183122,0
141,116,75.942,1,0.897820950,0
239,53,75.958,1,0.010725763,0
310,56,76.083,1,0.007633807,0
206,67,76.45,1,0.008893562,0
18,98,77.546,1,0.008845519,0
61,100,77.631,1,0.009349890,0
32,48,77.743,1,0.004319462,0
28,120,78.344,1,0.013646459,0
125,128,78.603,1,0.023293503,0
297,132,78.742,1,0.012511673,0
48,151,79.418,1,0.008382161,0
333,190,80.804,1,0.007296669,0
157,194,80.929,1,0.008117357,0
141,118,86.726,0,0.856748939,0
141,116,87.811,1,0.991683006,1
166,159,87.955,0,0.996682346,1
165,159,87.983,0,0.994602621,1
167,159,89.467,0,0.980752110,1
141,119,90.023,0,0.979299843,1
167,160,101.999,1,0.968764484,1
141,119,102.129,0,0.858232677,0
165,160,103.283,1,0.997372389,1
167,66,105.773,1,0.044095293,0
105,77,106.155,1,0.047074325,0
40,80,106.278,1,0.015807297,0
63,86,106.483,1,0.017364401,0
242,96,106.822,1,0.044027306,0
23,102,107.038,1,0.008430749,0
279,109,107.282,1,0.009562348,0
223,136,108.242,1,0.008957705,0
139,166,109.293,1,0.008568500,0
332,167,109.342,1,0.007689292,0
168,175,109.613,1,0.009239349,0
167,159,110.557,1,0.994654417,1
175,215,111.022,1,0.008413089,0
166,157,111.615,0,0.992337763,1
27,243,112.009,1,0.007283035,0
165,159,112.201,1,0.987797797,1
203,7,114.334,1,0.010078738,0
207,7,114.357,1,0.009834299,0
141,120,114.732,0,0.859686613,0
258,20,114.807,1,0.010455185,0
272,24,114.95,1,0.010649812,0
68,27,115.044,1,0.008984983,0
28,28,115.07,1,0.007850171,0
293,28,115.084,1,0.007621055,0
24,32,115.23,1,0.006320648,0
25,37,115.396,1,0.008490629,0
257,38,115.428,1,0.007400776,0
262,39,115.473,1,0.007637138,0
125,40,115.501,1,0.009216625,0
16,57,116.123,1,0.010347394,0
71,64,116.345,1,0.004338139,0
279,70,116.583,1,0.008651724,0
84,86,117.12,1,0.011984417,0
232,86,117.13,1,0.009219400,0
328,88,117.216,1,0.007502847,0
330,90,117.262,1,0.005320049,0
118,95,117.435,1,0.015565049,0
207,113,118.094,1,0.047940981,0
166,159,118.251,1,0.022785949,0
4,125,118.501,1,0.013087797,0
272,130,118.694,1,0.019556224,0
269,131,118.71,1,0.020442972,0
259,156,119.612,1,0.009204877,0
292,157,119.624,1,0.008318747,0
237,167,119.977,1,0.009198898,0
167,156,121.115,0,0.990860105,1
7,210,121.496,1,0.007797248,0
13,216,121.723,1,0.007837980,0
76,221,121.894,1,0.007787552,0
71,229,122.167,1,0.012569671,0
141,120,122.602,0,0.970638573,1
93,247,122.8,1,0.012572683,0
140,120,123.973,0,0.989673257,1
337,154,125.581,1,0.007725567,0
166,156,125.623,0,0.991771042,1
141,121,125.849,0,0.980399847,1
167,158,130.179,1,0.999758184,1
166,158,131.647,1,0.995984793,1
140,119,135.578,1,0.998626471,1
141,120,136.894,1,0.987950861,1
167,157,140.914,1,0.986089349,1
165,155,141.776,0,0.994546294,1
164,155,142.211,0,0.993958950,1
255,28,144.434,1,0.007311799,0
69,68,145.843,1,0.005412539,0
66,70,145.928,1,0.009005186,0
126,93,146.74,1,0.047482807,0
192,110,147.328,1,0.009518165,0
276,115,147.503,1,0.009834587,0
19,133,148.129,1,0.007609311,0
114,148,148.685,1,0.008738120,0
37,167,149.328,1,0.007761179,0
44,173,149.548,1,0.007682451,0
198,181,149.829,1,0.007897060,0
160,182,149.861,1,0.008874717,0
110,186,150.0,1,0.013740808,0
335,192,150.22,1,0.010558407,0
80,205,150.683,1,0.013070637,0
74,217,151.092,1,0.007929587,0
155,246,152.138,1,0.007604178,0
31,250,152.254,1,0.007320955,0
142,122,153.247,0,0.987638235,1
110,216,153.722,1,0.008596878,0
281,4,154.252,1,0.010341794,0
166,157,155.026,1,0.998662829,1
167,156,156.27,1,0.996593177,1
240,108,157.919,1,0.009448965,0
247,152,159.453,1,0.010006652,0
283,121,160.001,1,0.009225844,0
141,123,160.381,0,0.987109184,1
18,180,160.441,1,0.007803190,0
94,185,160.636,1,0.008303704,0
4,244,162.699,1,0.012086006,0
164,155,163.092,1,0.959744990,1
166,153,167.713,0,0.996521354,1
165,153,168.117,0,0.997901797,1
165,155,169.205,1,0.990737736,1
166,156,169.814,1,0.997631311,1
166,155,169.94,1,0.998510778,1
141,122,174.983,1,0.038315348,0
167,152,177.605,0,0.994537532,1
167,154,181.161,1,0.998415351,1
165,152,181.22,0,0.997884929,1
79,35,184.675,1,0.019095395,0
141,122,185.777,1,0.990585983,1
144,78,186.209,1,0.055155426,0
267,110,187.335,1,0.010005283,0
32,48,187.561,1,0.004789818,0
141,123,187.777,1,0.947500348,1
292,134,188.181,1,0.009334034,0
176,146,188.588,1,0.012851981,0
167,153,188.752,1,0.999129832,1
165,151,188.99,0,0.999924898,1
4,167,189.35,1,0.007495913,0
164,151,189.375,0,0.998744011,1
239,180,189.791,1,0.009224741,0
243,183,189.91,1,0.009682258,0
46,187,190.043,1,0.013062298,0
185,203,190.615,1,0.013801905,0
26,214,190.99,1,0.012440862,0
167,151,191.288,0,0.998042345,1
39,231,191.585,1,0.007800592,0
73,51,192.619,1,0.008883783,0
179,3,194.202,1,0.011377944,0
175,3,194.217,1,0.012016512,0
202,10,194.462,1,0.010244883,0
141,123,195.112,1,0.977043688,1
263,63,196.33,1,0.009351463,0
314,72,196.628,1,0.007420347,0
240,77,196.81,1,0.009197886,0
133,78,196.836,1,0.009922150,0
97,85,197.084,1,0.010921369,0
15,96,197.494,1,0.008894457,0
41,101,197.65,1,0.009004279,0
228,109,197.931,1,0.009527456,0
37,114,198.109,1,0.014161544,0
30,118,198.26,1,0.013800594,0
219,118,198.274,1,0.044931497,0
294,122,198.397,1,0.012813346,0
247,122,198.415,1,0.031749461,0
295,124,198.475,1,0.012705823,0
96,126,198.529,1,0.021463254,0
95,127,198.572,1,0.015831627,0
118,128,198.622,1,0.020989815,0
276,133,198.778,1,0.016116237,0
270,140,199.028,1,0.010138577,0
9,141,199.073,1,0.008548835,0
217,143,199.131,1,0.008654039,0
224,144,199.168,1,0.009111776,0
99,151,199.409,1,0.009090061,0
88,152,199.472,1,0.009291383,0
252,159,199.693,1,0.009428012,0
141,125,199.725,0,0.998325765,1
224,160,199.757,1,0.008493925,0
89,175,200.267,1,0.007330526,0
90,176,200.289,1,0.007792711,0
142,125,200.501,0,0.998754621,1
191,183,200.559,1,0.010548200,0
154,195,200.966,1,0.009600389,0
188,203,201.271,1,0.008448399,0
193,214,201.633,1,0.008531128,0
165,152,201.932,1,0.965515673,1
165,150,202.179,0,0.887400150,0
212,255,203.082,1,0.007078134,0
166,152,203.339,1,0.968104362,1
141,126,210.738,0,0.868295610,0
165,151,214.671,1,0.027653946,0
164,149,214.89,0,0.888529718,0
32,48,214.996,1,0.023310501,0
141,126,216.809,0,0.990802646,1
141,124,220.012,1,0.989210188,1
141,123,221.286,1,0.991168141,1
25,31,224.541,1,0.008365317,0
167,151,225.08,1,0.967974007,1
213,47,225.103,1,0.009495435,0
30,48,225.149,1,0.004677549,0
165,148,225.988,0,0.993567050,1
207,84,226.413,1,0.047043040,0
250,104,227.12,1,0.009266471,0
328,122,227.747,1,0.007664112,0
332,137,228.274,1,0.007680677,0
282,140,228.382,1,0.009770991,0
44,152,228.813,1,0.008615401,0
141,127,229.065,0,0.995296180,1
46,186,230.003,1,0.013078691,0
140,203,230.599,1,0.013733412,0
42,205,230.685,1,0.012706278,0
142,127,230.843,0,0.959284604,1
336,245,232.079,1,0.006664740,0
165,150,234.549,1,0.990618169,1
164,149,234.956,1,0.966736674,1
293,24,234.96,1,0.010652250,0
164,29,235.132,1,0.009164481,0
337,31,235.198,1,0.007072563,0
80,38,235.426,1,0.008807295,0
141,127,235.788,0,0.994547367,1
164,147,236.568,0,0.991014540,1
135,86,237.143,1,0.004920131,0
199,88,237.205,1,0.008707420,0
89,96,237.476,1,0.010992332,0
165,149,237.636,1,0.994081557,1
45,110,237.966,1,0.008728618,0
114,123,238.444,1,0.012890157,0
31,124,238.476,1,0.013554152,0
110,127,238.586,1,0.013834531,0
261,185,240.62,1,0.007956795,0
166,147,240.769,0,0.994507730,1
242,198,241.072,1,0.006920575,0
310,200,241.15,1,0.007437020,0
85,216,241.71,1,0.007832527,0
63,220,241.863,1,0.007834499,0
141,128,246.481,0,0.871095538,0
164,146,248.292,0,0.993708611,1
142,128,248.297,0,0.983949900,1
165,149,249.001,1,0.988523185,1
141,127,256.64,1,0.955254436,1
166,147,257.895,1,0.984801710,1
141,129,261.957,0,0.988362372,1
165,148,262.2,1,0.029682793,0
165,145,263.344,0,0.996572852,1
61,8,263.699,1,0.009214270,0
141,127,264.082,1,0.989082098,1
204,24,264.289,1,0.007752987,0
182,73,266.019,1,0.055521049,0
176,79,266.23,1,0.061238412,0
166,144,267.033,0,0.993896902,1
315,158,267.328,1,0.008028914,0
256,124,267.821,1,0.009928846,0
165,147,268.629,1,0.994026065,1
142,129,268.773,0,0.988601148,1
8,165,269.261,1,0.007525749,0
168,168,269.375,1,0.010092697,0
224,168,269.392,1,0.008342111,0
160,199,270.46,1,0.014074000,0
106,16,274.68,1,0.043981154,0
261,20,274.787,1,0.010484084,0
310,37,275.395,1,0.007359336,0
183,37,275.412,1,0.008963956,0
313,44,275.667,1,0.007477254,0
142,127,275.916,1,0.999935985,1
119,53,275.955,1,0.008307348,0
125,55,276.048,1,0.008505039,0
141,128,276.144,1,0.998362243,1
15,62,276.298,1,0.009469490,0
39,63,276.309,1,0.011182370,0
148,64,276.342,1,0.009600371,0
145,65,276.397,1,0.008931794,0
212,72,276.64,1,0.008833889,0
216,73,276.662,1,0.008894650,0
11,77,276.831,1,0.008659641,0
217,80,276.917,1,0.008474442,0
16,95,277.442,1,0.008540671,0
8,98,277.558,1,0.008654399,0
39,109,277.946,1,0.008611171,0
221,122,278.413,1,0.044159427,0
8,145,279.226,1,0.008222168,0
61,159,279.683,1,0.009146552,0
165,144,279.699,0,0.985446334,1
137,166,279.959,1,0.009020787,0
284,212,281.576,1,0.007248109,0
75,223,281.952,1,0.007986000,0
293,230,282.198,1,0.010017206,0
83,256,283.115,1,0.007268855,0
163,143,285.594,0,0.983773947,1
142,128,285.949,1,0.988862753,1
165,143,286.429,0,0.931412876,1
164,146,286.439,1,0.998141646,1
164,143,286.619,0,0.765392482,0
164,145,287.653,1,0.994069576,1
142,130,287.836,0,0.991483033,1
165,145,289.466,1,0.959250152,1
164,144,296.717,1,0.955637693,1
141,131,296.827,0,0.997634888,1
141,130,297.323,0,0.964198530,1
142,131,298.362,0,0.958054364,1
182,255,298.92,0,0.073378615,0
175,255,299.14,1,0.007786697,0
238,47,300.972,1,0.009018686,0
163,141,303.278,0,0.981077135,1
142,130,306.917,1,0.030915037,0
18,103,307.067,1,0.008477636,0
166,143,307.474,1,0.998532772,1
165,143,308.483,1,0.998362005,1
165,141,308.602,0,0.999220133,1
164,141,309.599,0,0.997542620,1
163,143,309.632,1,0.994118333,1
164,143,309.976,1,0.996718466,1
200,208,310.791,1,0.010561462,0
160,209,310.813,1,0.013856531,0
71,215,311.023,1,0.009025613,0
294,191,311.316,1,0.007567121,0
142,132,311.593,0,0.997906327,1
141,132,311.947,0,0.997447968,1
6,209,313.013,1,0.007469710,0
198,16,314.674,1,0.010569711,0
183,20,314.818,1,0.013891526,0
69,52,315.919,1,0.008379463,0
185,62,316.299,1,0.008293053,0
32,82,316.977,1,0.009538712,0
271,93,317.366,1,0.009409913,0
142,129,318.652,1,0.031705383,0
165,140,318.854,0,0.889335752,0
165,142,319.091,1,0.991674006,1
164,142,319.097,1,0.984342813,1
141,132,319.42,0,0.993970871,1
317,156,319.591,1,0.008038136,0
282,178,320.382,1,0.008011194,0
42,191,320.853,1,0.007727739,0
141,130,320.916,1,0.982773900,1
52,228,322.138,1,0.012405213,0
96,236,322.412,1,0.012775440,0
56,241,322.598,1,0.030203294,0
55,242,322.627,1,0.017343201,0
167,256,323.126,1,0.007456326,0
142,132,323.801,0,0.996395290,1
166,142,324.337,1,0.970268428,1
164,140,325.139,0,0.993649662,1
7,229,326.975,0,0.459041953,0
164,141,329.57,1,0.984502614,1
165,139,330.242,0,0.834152818,0
166,141,330.589,1,0.999920368,1
141,133,330.9,0,0.877735555,0
166,139,330.981,0,0.887193978,0
165,141,331.302,1,0.998350978,1
163,139,331.357,0,0.991670966,1
163,140,337.822,1,0.966514230,1
142,132,340.691,1,0.999190509,1
179,258,340.806,0,0.024362138,0
142,133,341.424,0,0.996956587,1
141,131,341.552,1,0.997134089,1
164,140,341.879,1,0.963055491,1
142,134,343.517,0,0.995692074,1
164,138,343.63,0,0.982362092,1
63,15,343.974,1,0.008932929,0
163,141,343.985,1,0.960615456,1
176,102,347.034,1,0.017878998,0
31,170,349.44,1,0.008167903,0
141,134,349.496,0,0.990236938,1
165,139,350.502,1,0.039590064,0
163,139,351.525,1,0.918783367,1
165,137,351.689,0,0.968823850,1
233,237,351.812,1,0.003224343,0
164,137,353.669,0,0.985384166,1
200,10,354.463,1,0.010302771,0
201,13,354.549,1,0.010358009,0
163,137,354.624,0,0.981911361,1
166,139,355.24,1,0.966150343,1
291,60,356.208,1,0.007922265,0
14,60,356.223,1,0.009594284,0
14,64,356.368,1,0.008516923,0
112,71,356.609,1,0.008932118,0
286,79,356.889,1,0.008889679,0
243,86,357.141,1,0.009603565,0
37,94,357.427,1,0.009693429,0
142,133,357.59,1,0.998571992,1
282,101,357.646,1,0.009703825,0
32,48,357.705,1,0.003857541,0
190,106,357.845,1,0.010117820,0
216,59,358.062,1,0.048710566,0
202,115,358.167,1,0.047549848,0
203,117,358.234,1,0.047833215,0
255,128,358.601,1,0.022222936,0
142,132,358.764,1,0.999946237,1
247,135,358.848,1,0.021786522,0
20,136,358.903,1,0.013093649,0
248,139,359.016,1,0.010220133,0
255,144,359.194,1,0.009518406,0
304,149,359.365,1,0.008193546,0
167,150,359.378,1,0.020217346,0
262,152,359.447,1,0.009189733,0
141,134,359.542,0,0.997103393,1
4,160,359.731,1,0.007794667,0
231,166,359.956,1,0.008972059,0
203,170,360.105,1,0.008176135,0
31,174,360.227,1,0.007780385,0
43,180,360.464,1,0.008206650,0
290,181,360.466,1,0.008106258,0
164,139,360.563,1,0.994795382,1
257,191,360.825,1,0.008089003,0
95,191,360.836,1,0.008091456,0
257,198,361.068,1,0.008455563,0
142,135,361.244,0,0.998410463,1
242,206,361.355,1,0.006333065,0
141,133,361.484,1,0.995490015,1
255,210,361.492,1,0.007952465,0
165,138,361.581,1,0.990704477,1
141,132,361.649,1,0.998914599,1
251,216,361.72,1,0.006907524,0
64,221,361.88,1,0.007631311,0
117,229,362.175,1,0.013082083,0
66,236,362.409,1,0.012420394,0
95,240,362.554,1,0.012700202,0
164,136,362.562,0,0.886625469,0
345,250,362.905,1,0.009757708,0
4,251,364.381,1,0.007496750,0
165,137,371.693,1,0.968621850,1
141,135,372.804,0,0.987301946,1
163,135,373.138,0,0.993544102,1
141,133,373.957,1,0.951800704,1
164,135,374.74,0,0.933367848,1
142,136,379.058,0,0.995645165,1
165,136,382.711,1,0.043698039,0
163,134,383.725,0,0.955312729,1
32,16,384.026,1,0.008995927,0
47,24,384.305,1,0.008689912,0
309,31,384.539,1,0.007209245,0
327,32,384.567,1,0.007155471,0
163,32,384.575,1,0.009315806,0
25,39,384.823,1,0.008586902,0
30,46,385.068,1,0.005603998,0
250,47,385.093,1,0.008419528,0
32,48,385.133,1,0.006132542,0
165,134,385.291,0,0.989190698,1
99,55,385.399,1,0.008721961,0
287,56,385.422,1,0.008174611,0
87,69,385.88,1,0.008912836,0
180,74,386.059,1,0.056587908,0
43,77,386.163,1,0.016579870,0
150,82,386.343,1,0.058700327,0
80,86,386.489,1,0.022541627,0
72,87,386.516,1,0.019070821,0
229,96,386.846,1,0.044195723,0
223,97,386.886,1,0.047233358,0
280,119,387.653,1,0.009841823,0
317,123,387.792,1,0.007959769,0
51,127,387.92,1,0.008288960,0
214,128,387.968,1,0.009203485,0
118,143,388.486,1,0.009003586,0
198,147,388.646,1,0.004586907,0
184,149,388.7,1,0.011662120,0
31,149,388.714,1,0.007717953,0
224,151,388.763,1,0.009056852,0
165,151,388.772,1,0.011105296,0
315,158,389.009,1,0.017751774,0
314,159,389.055,1,0.006282756,0
246,163,389.211,1,0.009730795,0
244,172,389.51,1,0.009828737,0
88,172,389.518,1,0.012386432,0
88,173,389.56,1,0.007755037,0
77,182,389.876,1,0.008079035,0
142,136,389.996,0,0.988733768,1
27,201,390.536,1,0.012615626,0
29,204,390.63,1,0.012603604,0
24,216,391.055,1,0.007995612,0
27,216,391.083,1,0.009565410,0
308,222,391.278,1,0.007002933,0
177,230,391.572,1,0.008905300,0
143,243,392.016,1,0.007729356,0
223,32,392.235,1,0.033094514,0
8,252,392.325,1,0.007455564,0
4,252,392.335,1,0.007734923,0
32,48,392.342,1,0.004123816,0
200,224,392.586,1,0.007633958,0
111,247,392.612,1,0.007565052,0
165,135,393.05,1,0.948181391,1
148,246,393.567,1,0.008123925,0
164,133,393.632,0,0.994801879,1
179,2,394.162,1,0.011630204,0
182,4,394.228,1,0.011418710,0
214,7,394.355,1,0.009705767,0
42,8,394.373,1,0.040609010,0
163,133,394.379,0,0.998707414,1
183,8,394.396,1,0.011564176,0
250,11,394.486,1,0.010120700,0
80,17,394.703,1,0.042818170,0
79,29,395.131,1,0.008638328,0
164,136,395.171,1,0.997360408,1
166,44,395.666,1,0.008809476,0
200,52,395.945,1,0.008754781,0
28,55,396.053,1,0.012503604,0
164,135,396.509,1,0.999043524,1
142,135,397.245,1,0.990784764,1
163,135,397.28,1,0.994149804,1
166,127,397.391,1,0.758304954,0
165,132,397.825,0,0.996927440,1
141,135,398.619,1,0.996922672,1
258,142,399.119,1,0.009993242,0
163,132,403.038,0,0.995071292,1
141,135,410.658,1,0.027405225,0
163,131,413.027,0,0.979891717,1
142,135,414.957,1,0.978942335,1
142,138,417.825,0,0.991495371,1
165,131,418.484,0,0.970217228,1
165,133,419.046,1,0.993019164,1
164,133,419.843,1,0.998606265,1
163,131,420.639,0,0.990021527,1
163,133,422.79,1,0.973838747,1
141,16,424.006,1,0.009071315,0
141,138,424.155,0,0.987725198,1
176,28,424.438,1,0.009180729,0
147,47,425.106,1,0.010390564,0
165,134,428.164,1,0.980971038,1
287,180,429.788,1,0.008079593,0
164,130,430.159,0,0.996167600,1
163,132,430.411,1,0.995322764,1
165,131,431.209,1,0.994682729,1
160,224,431.345,1,0.008248317,0
221,228,431.478,1,0.008445391,0
280,238,431.85,1,0.007001720,0
141,137,433.544,1,0.981379032,1
163,129,433.903,0,0.992401958,1
142,137,434.034,1,0.982643247,1
141,138,434.162,0,0.853970945,0
73,8,434.376,1,0.043892439,0
75,14,434.581,1,0.042328276,0
15,23,434.899,1,0.044781514,0
255,23,434.927,1,0.010462656,0
50,29,435.125,1,0.008879584,0
37,34,435.311,1,0.008620542,0
53,35,435.329,1,0.008562284,0
55,39,435.487,1,0.008522360,0
238,44,435.668,1,0.008195750,0
196,47,435.768,1,0.009180606,0
47,64,436.361,1,0.010035646,0
239,67,436.452,1,0.008578880,0
46,72,436.646,1,0.010581367,0
89,86,437.132,1,0.013195910,0
68,88,437.196,1,0.010470054,0
178,96,437.474,1,0.010025930,0
250,102,437.705,1,0.009660065,0
248,103,437.73,1,0.011079217,0
255,110,437.967,1,0.009182646,0
293,119,438.3,1,0.012953684,0
248,122,438.39,1,0.031907700,0
283,122,438.405,1,0.014198392,0
304,127,438.59,1,0.011986534,0
165,132,438.747,1,0.049273141,0
159,133,438.777,1,0.044228826,0
141,139,438.781,0,0.998448372,1
182,134,438.814,1,0.038692124,0
175,135,438.872,1,0.044343233,0
187,158,439.66,1,0.014806955,0
142,139,439.676,0,0.996281922,1
336,159,439.693,1,0.007559297,0
163,129,439.931,0,0.965716541,1
168,171,440.124,1,0.017514661,0
219,191,440.847,1,0.006185490,0
207,192,440.863,1,0.008026388,0
200,196,441.015,1,0.007494720,0
15,199,441.12,1,0.007727548,0
30,200,441.156,1,0.008642506,0
12,215,441.68,1,0.007583932,0
175,230,442.211,1,0.014101437,0
3,250,442.918,1,0.012012403,0
48,256,443.12,1,0.007437840,0
163,131,443.776,1,0.962011218,1
163,130,447.042,1,0.969848335,1
163,128,447.164,0,0.983555734,1
164,127,450.047,0,0.876880229,0
142,138,450.067,1,0.996791661,1
142,137,450.808,1,0.560046196,0
142,140,451.047,0,0.977877080,1
142,139,451.986,0,0.985024989,1
163,127,454.337,0,0.876537383,0
141,140,462.787,0,0.886072218,0
142,138,463.458,1,0.951946974,1
163,126,463.947,0,0.988007903,1
166,127,464.827,1,0.914643466,1
163,128,466.095,1,0.998335421,1
312,79,466.233,1,0.010820108,0
23,92,466.697,1,0.014251582,0
164,128,467.966,1,0.989017129,1
129,157,468.982,1,0.009117594,0
132,157,468.995,1,0.010946797,0
130,164,469.227,1,0.008510067,0
327,184,469.925,1,0.007952242,0
164,125,472.32,0,0.984733641,1
141,138,472.718,1,0.924876511,1
141,140,473.377,0,0.985118628,1
142,141,473.757,0,0.981415391,1
324,12,474.512,1,0.010220818,0
61,14,474.578,1,0.041885890,0
47,22,474.861,1,0.047390860,0
167,30,475.15,1,0.009267006,0
16,31,475.198,1,0.008653528,0
47,38,475.443,1,0.008714836,0
344,38,475.456,1,0.006954602,0
68,76,476.778,1,0.013010696,0
57,80,476.933,1,0.010597563,0
233,82,476.995,1,0.009024478,0
125,86,477.118,1,0.008119960,0
56,86,477.132,1,0.009856854,0
124,87,477.152,1,0.010112192,0
95,88,477.201,1,0.014350324,0
192,93,477.371,1,0.009357039,0
239,96,477.478,1,0.009593482,0
65,98,477.571,1,0.009571855,0
118,103,477.717,1,0.012814221,0
70,103,477.747,1,0.009507816,0
11,104,477.755,1,0.008865399,0
52,105,477.791,1,0.009121843,0
55,107,477.867,1,0.009280557,0
187,107,477.881,1,0.011028347,0
143,114,478.112,1,0.053881127,0
196,120,478.319,1,0.048707694,0
195,126,478.558,1,0.040710308,0
212,136,478.893,1,0.043102551,0
163,125,478.903,0,0.873474836,0
305,136,478.907,1,0.011998789,0
247,142,479.113,1,0.009337744,0
85,144,479.183,1,0.008546067,0
128,150,479.393,1,0.009171512,0
60,158,479.676,1,0.008697765,0
61,160,479.74,1,0.007930465,0
25,166,479.969,1,0.007864895,0
167,168,480.017,1,0.010347427,0
336,184,480.604,1,0.007560829,0
177,189,480.766,1,0.009599437,0
47,192,480.876,1,0.007688055,0
186,256,480.913,1,0.008654448,0
45,199,481.102,1,0.008043621,0
175,229,482.162,1,0.008514945,0
175,232,482.275,1,0.010237426,0
166,127,483.441,1,0.940815866,1
142,139,484.738,1,0.956027865,1
163,124,488.912,0,0.986991107,1
163,127,489.398,1,0.964191616,1
141,141,491.96,0,0.999003351,1
141,140,496.299,1,0.999132574,1
142,140,496.42,1,0.999846101,1
164,125,496.459,1,0.984606922,1
162,123,497.46,0,0.995790660,1
163,125,498.295,1,0.999855399,1
162,125,499.299,1,0.998822510,1
163,123,499.321,0,0.995746553,1
142,142,503.128,0,0.984032094,1
171,40,504.855,1,0.012738212,0
150,54,505.351,1,0.009504467,0
183,63,505.671,1,0.027917782,0
93,64,505.71,1,0.009234644,0
163,122,506.08,0,0.868374884,0
32,48,506.274,1,0.024928203,0
7,117,507.567,1,0.008250682,0
90,131,508.075,1,0.008944200,0
142,138,508.316,1,0.920119107,1
110,148,508.659,1,0.008673263,0
251,45,508.886,0,0.127272055,0
247,199,510.469,1,0.011072218,0
200,224,511.337,1,0.006696875,0
296,245,512.082,1,0.006448552,0
302,248,512.185,1,0.006284537,0
50,252,512.331,1,0.007411263,0
251,45,513.126,1,0.010448528,0
55,24,514.954,1,0.048396725,0
162,123,515.164,1,0.997653425,1
142,141,515.306,1,0.993905842,1
164,123,515.521,1,0.995995760,1
142,143,516.129,0,0.979240537,1
142,140,516.245,1,0.999431908,1
297,62,516.287,1,0.007736344,0
141,141,516.578,1,0.997471869,1
140,74,516.702,1,0.009627808,0
162,121,516.718,0,0.987173438,1
136,79,516.876,1,0.009710604,0
42,79,516.902,1,0.009694207,0
189,96,517.475,1,0.009313690,0
164,121,517.959,0,0.994137287,1
297,126,518.544,1,0.012528050,0
228,46,519.575,0,0.274407983,0
115,203,521.264,1,0.008111873,0
29,220,521.874,1,0.007832450,0
7,229,522.069,1,0.012231178,0
8,252,522.972,1,0.011975166,0
164,120,523.609,0,0.988670588,1
166,127,524.31,1,0.090292998,0
216,47,524.812,0,0.664338112,0
215,47,525.215,0,0.605060816,0
163,120,525.217,0,0.993521750,1
162,120,525.62,0,0.994852722,1
213,47,526.122,0,0.329104483,0
215,47,529.455,1,0.014802942,0
213,47,529.697,1,0.128147274,0
142,144,530.463,0,0.888550878,0
141,141,530.477,1,0.024041997,0
164,121,533.158,1,0.982245207,1
142,142,533.437,1,0.992931962,1
141,143,533.561,0,0.992023587,1
162,122,534.466,1,0.996531069,1
163,121,535.354,1,0.995572090,1
163,122,535.701,1,0.969838321,1
43,207,536.887,1,0.007779730,0
162,119,537.22,0,0.991752326,1
187,49,537.298,0,0.197578654,0
185,49,538.45,0,0.480164826,0
163,119,539.821,0,0.995286286,1
185,49,543.39,1,0.023124838,0
193,6,543.669,1,0.007412705,0
172,50,543.816,0,0.199243665,0
189,49,544.58,1,0.011423232,0
15,95,546.795,1,0.014001881,0
186,95,546.813,1,0.057144590,0
163,118,546.889,0,0.861464620,0
2,133,548.146,1,0.007973200,0
161,51,548.599,0,0.175033361,0
174,50,549.249,1,0.063700192,0
205,230,551.559,1,0.007121823,0
164,120,551.599,1,0.931731999,1
163,51,552.692,1,0.012712613,0
141,142,552.754,1,0.967975676,1
151,50,552.768,1,0.253220141,0
150,52,553.202,0,0.495589167,0
162,118,554.333,0,0.861130297,0
237,29,555.128,1,0.007271172,0
163,120,555.2,1,0.968010008,1
141,143,555.445,1,0.951448977,1
212,71,556.595,1,0.009072091,0
57,81,556.947,1,0.010157257,0
126,107,557.861,1,0.013337837,0
118,109,557.942,1,0.011364136,0
167,113,558.077,1,0.071492217,0
151,52,558.161,1,0.047152121,0
162,119,558.285,1,0.069009893,0
44,152,559.458,1,0.008012346,0
163,119,560.001,1,0.963404119,1
89,184,560.577,1,0.007861209,0
0,187,560.682,1,0.007853867,0
130,54,561.43,0,0.211600840,0
185,214,561.654,1,0.008244987,0
6,250,562.919,1,0.011996573,0
141,143,564.847,1,0.961278796,1
130,54,564.851,1,0.104234889,0
164,116,566.288,0,0.988307059,1
164,118,566.698,1,0.996963203,1
162,118,567.32,1,0.971786201,1
164,119,568.366,1,0.991565228,1
162,116,568.754,0,0.994575500,1
112,56,569.764,0,0.305355608,0
120,55,571.386,1,0.008724414,0
112,56,573.828,1,0.057920612,0
141,145,576.234,0,0.991991580,1
103,57,576.772,1,0.009605709,0
95,58,576.958,0,0.562646806,0
94,58,577.239,0,0.829393089,0
142,143,577.833,1,0.989955306,1
142,144,579.134,1,0.982902825,1
162,115,579.679,0,0.993004024,1
142,146,580.272,0,0.996204793,1
94,58,580.375,1,0.027864274,0
87,59,580.427,0,0.201012209,0
95,58,581.19,1,0.017875541,0
141,146,581.513,0,0.996920347,1
80,60,583.988,0,0.553090632,0
163,117,587.589,1,0.978625774,1
162,114,588.312,0,0.984010756,1
8,255,588.387,1,0.007523071,0
225,167,589.334,1,0.008105790,0
164,116,589.907,1,0.982082069,1
184,226,591.414,1,0.008224720,0
67,64,591.954,1,0.003668519,0
71,61,591.99,1,0.008468138,0
65,62,594.043,1,0.033194717,0
63,3,594.194,1,0.009316198,0
63,4,594.244,1,0.020324791,0
192,26,595.022,1,0.009107257,0
37,49,595.819,1,0.004174058,0
42,54,596.016,1,0.004748563,0
162,116,597.567,1,0.998091042,1
310,111,598.025,1,0.011546579,0
163,113,598.031,0,0.938085079,1
161,115,598.149,1,0.998757601,1
51,64,598.195,0,0.742374539,0
173,118,598.25,1,0.059538968,0
142,145,598.274,1,0.999541283,1
163,119,598.305,1,0.068650335,0
191,127,598.573,1,0.056037281,0
141,145,599.206,1,0.997366250,1
161,113,599.408,0,0.990322769,1
212,151,599.423,1,0.008564272,0
163,116,599.642,1,0.990251899,1
47,65,600.148,0,0.870588005,0
142,147,600.149,0,0.976715744,1
46,65,600.444,0,0.939448357,1
45,65,600.662,0,0.785032630,0
162,115,601.063,1,0.995702446,1
162,113,601.545,0,0.994054496,1
80,248,602.833,1,0.012379552,0
256,252,602.975,1,0.007662767,0
47,65,604.845,1,0.017048370,0
46,65,605.802,1,0.010904328,0
32,48,608.087,1,0.003650056,0
141,145,608.739,1,0.959250450,1
141,143,608.874,1,0.973859191,1
163,112,609.397,0,0.991375864,1
142,147,616.831,0,0.998696506,1
162,111,617.433,0,0.997947395,1
141,147,617.56,0,0.999832273,1
162,114,617.579,1,0.964798689,1
142,145,617.819,1,0.995687902,1
163,111,617.956,0,0.998889744,1
141,144,619.242,1,0.963221252,1
163,113,622.094,1,0.992451012,1
161,113,622.413,1,0.979537129,1
4,73,623.693,0,0.666893303,0
161,111,624.491,0,0.989834547,1
3,73,624.593,0,0.809723139,0
176,45,625.028,1,0.009243338,0
0,74,626.194,0,0.817111969,0
4,73,627.443,1,0.025480423,0
163,115,627.499,1,0.907981992,1
141,146,628.591,1,0.986441314,1
163,110,628.699,0,0.991166413,1
142,148,629.306,0,0.991961062,1
161,110,629.516,0,0.989235222,1
247,180,629.805,1,0.009561960,0
0,74,630.627,1,0.016129708,0
5,73,631.996,1,0.014956559,0
218,251,632.704,1,0.008218251,0
231,46,635.722,1,0.008708630,0
151,50,635.859,1,0.008547123,0
201,64,636.36,1,0.008452622,0
315,69,636.524,1,0.006898991,0
323,69,636.546,1,0.006729051,0
57,84,637.058,1,0.010235005,0
68,90,637.281,1,0.010367394,0
309,147,639.277,1,0.008104639,0
163,111,639.576,1,0.993059635,1
163,109,640.497,0,0.993233263,1
121,198,641.075,1,0.008084895,0
176,222,641.932,1,0.008044317,0
162,109,642.278,0,0.999495029,1
214,250,642.909,1,0.010030726,0
11,253,643.008,1,0.007347043,0
161,109,643.111,0,0.998596132,1
162,112,643.835,1,0.987183213,1
142,147,645.184,1,0.995306432,1
141,147,645.434,1,0.975524902,1
141,146,645.683,1,0.995106101,1
163,108,650.932,0,0.848690093,0
161,110,651.853,1,0.997962713,1
162,108,652.59,0,0.999599397,1
161,108,653.33,0,0.999475777,1
162,111,654.888,1,0.080785699,0
142,149,658.605,0,0.890901685,0
163,107,659.367,0,0.992798805,1
139,149,659.453,0,0.948063493,1
161,109,660.208,1,0.997119308,1
141,149,660.746,0,0.990259707,1
161,107,661.08,0,0.992503762,1
35,2,663.527,1,0.008851061,0
315,159,663.743,1,0.008016978,0
111,44,664.994,1,0.014379827,0
230,46,665.067,1,0.014448537,0
6,95,666.793,1,0.014181708,0
162,110,667.332,1,0.997875333,1
221,122,667.757,1,0.009229510,0
333,128,667.954,1,0.007697825,0
163,108,669.235,1,0.986251771,1
231,166,669.298,1,0.007093130,0
230,167,669.332,1,0.007590635,0
266,253,670.193,1,0.008300201,0
96,193,670.243,1,0.013458611,0
46,203,670.622,1,0.012803959,0
99,216,671.063,1,0.007587162,0
23,227,671.452,1,0.006684471,0
20,230,671.549,1,0.006690651,0
18,232,671.635,1,0.007035464,0
161,106,674.218,0,0.845965743,0
104,25,674.993,1,0.043977793,0
163,105,675.006,0,0.967607915,1
108,30,675.155,1,0.009182226,0
200,54,676.015,1,0.009534311,0
33,55,676.031,1,0.007481602,0
119,88,677.191,1,0.006078559,0
111,96,677.479,1,0.015040891,0
319,121,678.373,1,0.011219322,0
125,126,678.536,1,0.025965111,0
80,135,678.854,1,0.014482582,0
141,150,678.947,0,0.891010225,0
162,105,680.244,0,0.974747837,1
98,187,680.694,1,0.009233780,0
162,108,680.812,1,0.991159141,1
163,107,681.306,1,0.994224489,1
224,219,681.817,1,0.004981553,0
212,221,681.905,1,0.007004499,0
237,224,681.994,1,0.005985284,0
96,237,682.451,1,0.012752607,0
200,224,683.981,1,0.006735052,0
162,107,684.609,1,0.983311653,1
142,148,690.778,1,0.020787900,0
163,104,691.768,0,0.982130587,1
141,148,696.887,1,0.975982189,1
162,106,699.011,1,0.999566734,1
161,103,703.425,0,0.995973170,1
182,22,704.229,1,0.010082450,0
141,149,704.512,1,0.978313088,1
163,103,706.013,0,0.838083982,0
317,77,706.162,1,0.010526517,0
272,96,706.837,1,0.019225275,0
283,103,707.087,1,0.008748167,0
291,106,707.195,1,0.009363791,0
281,109,707.291,1,0.009613665,0
298,112,707.398,1,0.008626633,0
250,135,708.201,1,0.009597081,0
140,148,708.669,1,0.966104686,1
159,186,710.005,1,0.014788970,0
266,251,711.918,1,0.006295815,0
266,252,712.326,1,0.009789786,0
161,102,713.301,0,0.990221620,1
159,108,713.46,1,0.987334371,1
152,2,714.163,1,0.019362286,0
216,3,714.193,1,0.009668239,0
163,104,714.577,1,0.081699379,0
162,104,716.298,1,0.999093771,1
162,105,716.363,1,0.998240590,1
250,92,717.361,1,0.009211433,0
32,48,717.81,1,0.003480589,0
162,107,717.861,1,0.973962665,1
283,122,718.386,1,0.014546531,0
164,141,719.08,1,0.014615202,0
163,103,719.088,1,0.983643472,1
139,149,719.343,1,0.919761777,1
141,149,719.353,1,0.949832261,1
95,154,719.526,1,0.008263587,0
92,158,719.679,1,0.008297306,0
126,172,720.175,1,0.008360130,0
245,182,720.53,1,0.009301538,0
9,232,722.271,1,0.012172963,0
294,248,722.833,1,0.009749437,0
4,252,722.98,1,0.011971951,0
162,101,726.453,0,0.831951380,0
162,100,731.87,0,0.999902010,1
161,101,731.952,0,0.998132408,1
163,100,732.409,0,0.999173701,1
162,103,734.096,1,0.995485723,1
161,100,735.942,0,0.992844522,1
163,102,737.478,1,0.994570196,1
142,152,738.325,0,0.890226066,0
161,102,744.375,1,0.995946586,1
161,99,744.43,0,0.991261482,1
162,99,744.545,0,0.993286073,1
250,40,744.855,1,0.008024954,0
253,42,744.92,1,0.009227723,0
38,48,745.134,1,0.008992306,0
162,101,745.218,1,0.996591568,1
25,54,745.357,1,0.013367575,0
311,63,745.673,1,0.008212741,0
163,99,746.142,0,0.733293712,0
208,82,746.341,1,0.046982355,0
203,85,746.438,1,0.047379330,0
228,94,746.768,1,0.044209410,0
62,95,746.813,1,0.016801417,0
253,100,746.98,1,0.035000667,0
162,104,747.115,1,0.960003436,1
96,120,747.681,1,0.010540424,0
99,121,747.715,1,0.009916296,0
328,128,747.962,1,0.007707041,0
17,132,748.093,1,0.007666426,0
282,134,748.177,1,0.009896027,0
222,136,748.236,1,0.009104719,0
119,140,748.379,1,0.008990318,0
93,143,748.487,1,0.008474098,0
282,95,748.749,1,0.010054552,0
310,160,749.081,1,0.007839045,0
166,167,749.328,1,0.009851252,0
107,172,749.519,1,0.008195956,0
178,174,749.584,1,0.009780010,0
294,175,749.617,1,0.007984138,0
200,188,750.077,1,0.010971952,0
160,199,750.466,1,0.014122560,0
13,208,750.778,1,0.012380449,0
161,101,753.246,1,0.967435956,1
273,12,754.515,1,0.010382134,0
141,152,756.045,0,0.984777689,1
141,150,756.441,1,0.985258937,1
159,104,757.783,1,0.902905405,1
272,143,759.134,1,0.009696706,0
272,164,759.872,1,0.008602658,0
73,164,759.895,1,0.008256251,0
31,175,760.275,1,0.007828571,0
149,183,760.542,1,0.008520200,0
161,100,760.886,1,0.984421968,1
200,224,763.596,1,0.006657544,0
310,249,764.471,1,0.006371397,0
163,99,767.373,1,0.995706260,1
162,97,767.378,0,0.993527710,1
161,99,768.707,1,0.996293366,1
161,97,772.349,0,0.993577600,1
162,99,773.903,1,0.992078364,1
161,96,779.388,0,0.990774810,1
142,153,782.595,0,0.889670193,0
161,98,783.458,1,0.982125521,1
199,47,785.096,1,0.009569495,0
161,99,785.152,1,0.960885048,1
49,77,786.164,1,0.017299747,0
176,103,787.078,1,0.006558465,0
152,181,789.852,1,0.008372028,0
195,184,789.926,1,0.008125319,0
328,184,789.932,1,0.007560436,0
103,184,789.941,1,0.008100114,0
331,187,790.038,1,0.010649326,0
196,188,790.076,1,0.011539800,0
99,189,790.132,1,0.013554343,0
198,192,790.219,1,0.010914876,0
218,196,790.355,1,0.011744955,0
221,207,790.737,1,0.011373032,0
61,207,790.744,1,0.012883629,0
46,207,790.765,1,0.012737512,0
233,236,791.782,1,0.003452354,0
313,244,792.053,1,0.006563363,0
167,258,792.537,1,0.007896036,0
280,8,794.391,1,0.010372826,0
133,13,794.569,1,0.043914575,0
175,14,794.58,1,0.014048085,0
247,36,795.383,1,0.008153946,0
242,37,795.394,1,0.008539456,0
288,45,795.682,1,0.007703524,0
203,55,796.047,1,0.009693914,0
198,59,796.19,1,0.010562991,0
248,63,796.31,1,0.011022274,0
86,88,797.194,1,0.012658142,0
232,92,797.348,1,0.009415787,0
168,93,797.387,1,0.012374072,0
65,115,798.152,1,0.016584674,0
251,118,798.263,1,0.033087824,0
310,120,798.322,1,0.011615961,0
227,141,799.06,1,0.008792140,0
142,152,799.446,1,0.968075097,1
132,174,800.239,1,0.009111441,0
310,175,800.271,1,0.008085514,0
223,176,800.299,1,0.008023861,0
237,196,801.011,1,0.008191110,0
8,252,810.232,1,0.011955807,0
161,96,811.858,1,0.997052550,1
162,95,812.2,1,0.999211431,1
161,93,817.868,0,0.990538359,1
161,92,819.88,0,0.998977900,1
160,92,820.885,0,0.999805391,1
161,95,822.708,1,0.997738719,1
215,48,825.131,1,0.021844711,0
57,93,826.726,1,0.016394433,0
161,94,826.753,1,0.997222543,1
50,95,826.797,1,0.015822461,0
162,96,826.831,1,0.998628855,1
32,48,827.19,1,0.003645028,0
161,92,828.01,0,0.994584382,1
143,133,828.139,1,0.011181045,0
141,152,828.284,1,0.948096931,1
160,94,828.635,1,0.989546001,1
177,188,830.075,1,0.014423959,0
162,94,830.798,1,0.998430789,1
160,91,832.175,0,0.990183651,1
160,93,833.011,1,0.993302584,1
18,237,833.294,1,0.007202236,0
332,10,834.447,1,0.010057362,0
39,24,834.949,1,0.047529899,0
32,41,835.552,1,0.008714457,0
87,48,835.78,1,0.008582900,0
270,50,835.871,1,0.007987178,0
70,64,836.344,1,0.008947519,0
162,91,836.997,0,0.995026767,1
161,91,837.019,0,0.999224901,1
136,84,837.056,1,0.010330576,0
191,91,837.32,1,0.009044906,0
168,102,837.684,1,0.005050003,0
290,106,837.842,1,0.009548895,0
197,107,837.868,1,0.008660926,0
93,109,837.938,1,0.010256890,0
278,109,837.958,1,0.009846453,0
133,144,839.184,1,0.011281854,0
88,148,839.311,1,0.009149888,0
192,205,841.316,1,0.007880528,0
48,207,841.398,1,0.007716843,0
79,216,841.707,1,0.007903435,0
80,219,841.829,1,0.007485646,0
322,249,842.873,1,0.009763921,0
162,92,847.586,1,0.984894097,1
161,90,850.261,0,0.778860807,0
141,153,853.417,1,0.974961162,1
142,153,854.425,1,0.984652162,1
162,91,855.465,1,0.955571651,1
162,93,863.181,1,0.987589538,1
161,89,863.233,0,0.977092743,1
22,39,864.818,1,0.008914265,0
199,64,865.697,1,0.009071492,0
160,91,866.665,1,0.093081415,0
161,94,866.758,1,0.116760910,0
281,110,867.326,1,0.009973051,0
110,148,868.666,1,0.008826055,0
184,162,869.162,1,0.012303909,0
321,180,869.792,1,0.007902086,0
160,90,870.33,1,0.090167604,0
161,88,871.461,0,0.992080033,1
260,14,874.598,1,0.010310767,0
103,16,874.664,1,0.043972693,0
259,39,875.465,1,0.007747949,0
135,53,875.96,1,0.008560956,0
137,56,876.088,1,0.008347833,0
100,68,876.494,1,0.007314941,0
96,72,876.641,1,0.005264796,0
100,77,876.832,1,0.005465300,0
135,78,876.848,1,0.010176773,0
77,89,877.247,1,0.011018807,0
86,114,878.12,1,0.019397818,0
85,118,878.258,1,0.018643225,0
279,118,878.27,1,0.017296990,0
301,182,880.507,1,0.007719524,0
125,186,880.648,1,0.007969331,0
279,199,881.107,1,0.007758873,0
207,224,881.988,1,0.006854592,0
304,231,882.247,1,0.010050224,0
161,87,883.051,0,0.989964783,1
162,90,884.237,1,0.976018906,1
160,89,885.071,1,0.990574181,1
160,88,897.177,1,0.963655114,1
31,5,903.633,1,0.008624317,0
87,62,905.626,1,0.014556748,0
72,97,906.866,1,0.018339718,0
78,98,906.893,1,0.019695440,0
89,112,907.414,1,0.009615667,0
161,85,907.686,0,0.992454886,1
70,123,907.781,1,0.008691386,0
87,106,909.005,1,0.010329010,0
16,162,909.179,1,0.008092574,0
26,173,909.546,1,0.007629646,0
310,187,910.043,1,0.010964612,0
237,188,910.071,1,0.015626544,0
235,191,910.177,1,0.015107639,0
200,208,910.784,1,0.030555243,0
199,209,910.809,1,0.016406087,0
148,251,914.069,1,0.013001593,0
161,87,915.135,1,0.994348586,1
133,30,915.147,1,0.009023579,0
288,32,915.234,1,0.007571259,0
337,46,915.716,1,0.006959487,0
83,54,916.019,1,0.008410503,0
295,69,916.542,1,0.008092260,0
1,71,916.591,1,0.015160702,0
1,72,916.626,1,0.006684060,0
294,72,916.636,1,0.008758225,0
299,118,916.646,1,0.008501546,0
107,76,916.786,1,0.009870974,0
161,84,916.798,0,0.987430811,1
163,87,917.176,1,0.976033330,1
46,108,917.923,1,0.009219121,0
263,114,918.131,1,0.021691468,0
83,120,918.324,1,0.017634267,0
256,120,918.341,1,0.026977044,0
168,125,918.496,1,0.058614835,0
240,126,918.55,1,0.036762763,0
139,141,919.062,1,0.015254264,0
313,151,919.433,1,0.008144276,0
98,157,919.65,1,0.008894428,0
151,189,920.773,1,0.008561560,0
329,255,923.086,1,0.006417684,0
15,23,923.267,1,0.008494636,0
183,224,923.447,1,0.008018439,0
161,83,926.843,0,0.741477072,0
161,86,927.609,1,0.993046701,1
160,86,928.693,1,0.998937428,1
161,83,936.274,0,0.984800339,1
161,82,940.992,0,0.988222063,1
160,85,941.592,1,0.988663733,1
237,32,944.581,1,0.007281232,0
53,94,946.778,1,0.016053895,0
72,111,947.357,1,0.009466579,0
218,180,949.806,1,0.004701403,0
172,183,949.9,1,0.009002496,0
110,200,950.509,1,0.013433984,0
233,256,952.484,1,0.004168039,0
63,10,954.456,1,0.041445900,0
303,36,955.362,1,0.007497282,0
304,40,955.507,1,0.007604189,0
32,48,955.787,1,0.003619408,0
76,51,955.914,1,0.008636943,0
161,84,957.046,1,0.962738693,1
220,89,957.244,1,0.009167036,0
250,96,957.492,1,0.009178773,0
104,108,957.895,1,0.011548560,0
38,135,958.867,1,0.013409449,0
91,149,959.357,1,0.008539722,0
304,164,959.896,1,0.008159671,0
227,231,959.957,1,0.004506998,0
263,180,960.445,1,0.006770816,0
259,180,960.459,1,0.008216502,0
121,183,960.558,1,0.007892407,0
184,187,960.679,1,0.009777300,0
284,195,960.964,1,0.007238340,0
287,195,960.983,1,0.006471787,0
116,204,961.291,1,0.008041506,0
267,252,961.756,0,0.027807485,0
32,48,962.294,1,0.032800887,0
31,240,962.55,1,0.012041815,0
160,80,974.007,0,0.722318828,0
168,80,982.064,1,0.067800246,0
39,70,985.918,1,0.012731215,0
160,79,986.651,0,0.714760005,0
295,123,987.773,1,0.009004905,0
203,191,990.193,1,0.010990223,0
246,207,990.748,1,0.010027591,0
161,79,990.903,0,0.714467347,0
82,232,991.642,1,0.007675921,0
240,57,992.711,1,0.007893004,0
335,5,994.27,1,0.009983726,0
180,24,994.931,1,0.018124571,0
116,54,996.0,1,0.008479168,0
32,48,996.295,1,0.004820723,0
135,64,996.351,1,0.008813745,0
161,80,996.922,1,0.995440125,1
160,81,996.941,1,0.995436490,1
161,83,997.034,1,0.955065548,1
262,84,997.051,1,0.011342738,0
97,85,997.092,1,0.007094732,0
83,88,997.187,1,0.012443979,0
16,96,997.471,1,0.009295545,0
143,152,999.465,1,0.011716259,0
128,159,999.713,1,0.013359490,0
235,207,1001.395,1,0.005459883,0
149,215,1001.682,1,0.007973593,0
161,79,1004.403,1,0.999979973,1
160,78,1005.286,0,0.999226213,1
160,77,1009.685,0,0.989621162,1
32,48,1010.567,1,0.033341065,0
160,77,1020.754,0,0.984361887,1
161,78,1022.235,1,0.062189329,0
181,38,1024.794,1,0.009055885,0
28,55,1025.387,1,0.009574906,0
238,208,1025.475,1,0.006700346,0
95,63,1025.691,1,0.008611887,0
161,79,1026.223,1,0.131618425,0
159,79,1026.229,1,0.163719043,0
204,84,1026.416,1,0.047374576,0
268,103,1027.072,1,0.010462000,0
268,108,1027.258,1,0.010034714,0
263,109,1027.288,1,0.010025330,0
207,111,1027.354,1,0.008532729,0
95,114,1027.478,1,0.010023336,0
96,126,1027.88,1,0.009142019,0
35,154,1028.878,1,0.007772790,0
265,163,1029.203,1,0.008677474,0
250,168,1029.372,1,0.009205276,0
84,174,1029.576,1,0.008230560,0
26,198,1030.427,1,0.012685352,0
26,208,1030.786,1,0.012539133,0
259,251,1031.003,1,0.006264337,0
127,222,1031.279,1,0.008093784,0
257,250,1031.785,1,0.006945719,0
8,240,1031.903,1,0.009168158,0
94,252,1032.33,1,0.008618631,0
159,76,1033.08,0,0.998798370,1
160,78,1033.258,1,0.989006281,1
160,76,1033.579,0,0.998995960,1
162,71,1033.942,1,0.098069072,0
97,8,1034.387,1,0.043914825,0
89,14,1034.595,1,0.043936122,0
178,16,1034.674,1,0.013789942,0
200,224,1036.556,1,0.006883413,0
160,75,1042.245,0,0.933033586,1
159,75,1043.14,0,0.959701061,1
160,77,1045.041,1,0.991827488,1
32,48,1050.667,1,0.033593897,0
161,74,1058.878,0,0.925376058,1
159,74,1060.048,0,0.990960658,1
161,75,1065.92,1,0.949314058,1
142,124,1067.822,1,0.013257328,0
85,135,1068.201,1,0.008576386,0
257,185,1069.964,1,0.008487779,0
15,186,1070.014,1,0.012694122,0
161,76,1070.945,1,0.060688224,0
255,224,1071.34,1,0.006535638,0
266,256,1071.531,1,0.005690298,0
39,231,1071.545,1,0.007723053,0
237,231,1071.599,1,0.005682169,0
215,247,1071.777,1,0.006812508,0
237,240,1071.904,1,0.005487073,0
251,22,1074.883,1,0.010388569,0
15,26,1075.017,1,0.008380861,0
171,30,1075.167,1,0.009247947,0
308,54,1076.009,1,0.007633190,0
291,93,1077.391,1,0.009121434,0
47,104,1077.767,1,0.009270251,0
159,73,1077.895,0,0.985496938,1
271,111,1078.019,1,0.018435227,0
160,116,1078.201,1,0.075746857,0
311,160,1079.745,1,0.008379400,0
304,167,1079.988,1,0.008178451,0
160,75,1082.808,1,0.997368038,1
159,74,1083.985,1,0.988285661,1
160,71,1096.682,0,0.989180863,1
159,71,1100.328,0,0.990246892,1
168,23,1104.249,1,0.009330182,0
295,56,1105.419,1,0.007902703,0
34,56,1105.44,1,0.007681514,0
314,68,1105.852,1,0.007385903,0
75,110,1107.326,1,0.009475821,0
111,117,1107.57,1,0.011478082,0
160,73,1107.971,1,0.994769514,1
204,128,1107.973,1,0.009177406,0
160,71,1109.115,0,0.994867325,1
168,220,1113.129,1,0.008882946,0
10,16,1114.673,1,0.042606529,0
326,26,1115.002,1,0.007101507,0
54,35,1115.345,1,0.008890107,0
95,39,1115.475,1,0.008595386,0
264,40,1115.502,1,0.007847308,0
186,72,1116.627,1,0.008699257,0
65,79,1116.871,1,0.011562351,0
194,80,1116.926,1,0.009134649,0
203,84,1117.06,1,0.009028833,0
159,70,1117.257,0,0.970894814,1
300,90,1117.28,1,0.008430202,0
71,109,1117.946,1,0.009560374,0
238,114,1118.104,1,0.044030942,0
308,116,1118.181,1,0.011670828,0
47,120,1118.337,1,0.014138217,0
237,134,1118.836,1,0.031577215,0
152,157,1119.63,1,0.010880521,0
47,158,1119.666,1,0.007844087,0
103,160,1119.734,1,0.008364067,0
87,167,1119.983,1,0.008921403,0
276,174,1120.243,1,0.008381685,0
187,178,1120.388,1,0.008903789,0
247,181,1120.496,1,0.009073583,0
296,182,1120.534,1,0.008073863,0
120,183,1120.563,1,0.008794720,0
257,221,1121.879,1,0.007272256,0
207,229,1122.182,1,0.010044206,0
190,234,1122.344,1,0.010828260,0
192,236,1122.416,1,0.011118799,0
161,71,1129.874,1,0.986890674,1
160,72,1130.361,1,0.996550560,1
159,69,1131.471,0,0.991297007,1
160,69,1136.153,0,0.991326392,1
52,47,1145.107,1,0.008900735,0
236,49,1145.164,1,0.009709187,0
301,58,1145.486,1,0.008475608,0
32,48,1146.064,1,0.032865696,0
138,93,1146.731,1,0.069772273,0
329,163,1147.224,1,0.007664304,0
288,114,1147.482,1,0.009746307,0
160,68,1147.805,0,0.993048549,1
144,156,1150.13,0,0.888456881,0
334,6,1154.32,1,0.009973570,0
184,13,1154.574,1,0.011518063,0
208,20,1154.798,1,0.010126242,0
136,28,1155.078,1,0.009231241,0
254,31,1155.191,1,0.007385595,0
159,70,1155.201,1,0.999722421,1
307,35,1155.34,1,0.007312730,0
159,69,1156.406,1,0.999963760,1
336,79,1156.893,1,0.006845078,0
120,101,1157.659,1,0.013987591,0
68,234,1157.96,1,0.007769026,0
3,126,1158.533,1,0.013155479,0
208,136,1158.903,1,0.043543737,0
289,167,1159.984,1,0.008134341,0
161,67,1161.137,0,0.993042231,1
201,216,1161.717,1,0.006964485,0
244,224,1161.988,1,0.005843943,0
159,67,1162.022,0,0.615948617,0
243,226,1162.069,1,0.012096396,0
13,238,1162.497,1,0.012055551,0
264,250,1162.909,1,0.008304948,0
161,69,1163.172,1,0.996351600,1
159,67,1171.691,0,0.974550128,1
161,66,1178.995,0,0.606696010,0
159,69,1180.979,1,0.985815167,1
37,50,1185.212,1,0.006905104,0
119,56,1185.421,1,0.009239061,0
159,68,1185.836,1,0.965702772,1
160,71,1185.956,1,0.961320400,1
160,66,1186.549,0,0.606787682,0
12,89,1186.583,1,0.011050737,0
192,92,1186.699,1,0.054166336,0
8,93,1186.73,1,0.011861053,0
32,48,1187.27,1,0.004920168,0
8,128,1187.96,1,0.008217574,0
9,130,1188.022,1,0.007659737,0
159,67,1193.273,1,0.958019137,1
32,48,1193.915,1,0.006959659,0
262,48,1195.791,1,0.008186868,0
161,95,1197.443,1,0.004961536,0
5,118,1198.271,1,0.013460731,0
128,150,1199.395,1,0.009632770,0
325,151,1199.436,1,0.007673928,0
167,189,1200.768,1,0.008595643,0
244,214,1201.656,1,0.006235811,0
161,67,1202.564,1,0.055562507,0
143,157,1211.6,1,0.845632970,0
265,252,1217.182,0,0.028703580,0
159,66,1220.597,1,0.969894528,1
159,64,1220.845,0,0.980990052,1
279,6,1223.657,1,0.007348167,0
53,43,1224.971,1,0.008445451,0
47,44,1224.991,1,0.008448207,0
144,47,1225.102,1,0.017199738,0
226,60,1225.561,1,0.009403516,0
206,63,1225.667,1,0.008941744,0
180,64,1225.707,1,0.013060241,0
160,67,1225.805,1,0.945698738,1
180,67,1225.813,1,0.094208457,0
123,96,1226.847,1,0.047982287,0
295,104,1227.115,1,0.008998622,0
161,63,1227.533,0,0.926664352,1
40,140,1228.379,1,0.008142227,0
7,181,1229.834,1,0.007603879,0
202,44,1235.645,1,0.009208701,0
40,61,1236.25,1,0.011392558,0
97,99,1237.584,1,0.011917307,0
332,104,1237.761,1,0.007397599,0
56,110,1237.977,1,0.009284390,0
333,112,1238.042,1,0.010555559,0
175,119,1238.31,1,0.055396508,0
26,124,1238.471,1,0.013589455,0
229,127,1238.564,1,0.044054482,0
278,133,1238.777,1,0.017594149,0
204,80,1238.876,1,0.047379859,0
224,135,1238.879,1,0.044033360,0
284,147,1239.282,1,0.009344679,0
129,149,1239.343,1,0.014060196,0
150,170,1240.1,1,0.009010340,0
150,175,1240.286,1,0.008920497,0
117,180,1240.436,1,0.007997348,0
55,181,1240.489,1,0.007952957,0
95,184,1240.574,1,0.007959197,0
108,191,1240.839,1,0.009571344,0
179,191,1240.853,1,0.008828809,0
210,196,1241.019,1,0.008608923,0
306,208,1241.426,1,0.007398050,0
32,48,1241.756,1,0.006024464,0
23,220,1241.847,1,0.008036460,0
129,222,1241.94,1,0.008369282,0
151,241,1242.602,1,0.013159045,0
34,250,1242.917,1,0.011949371,0
250,252,1242.973,1,0.007383621,0
4,256,1243.126,1,0.007348515,0
8,258,1243.192,1,0.007396013,0
6,243,1243.33,1,0.007835167,0
143,154,1248.476,0,0.956424832,1
144,156,1249.205,1,0.950719416,1
159,64,1254.27,1,0.052668087,0
306,75,1266.098,1,0.010937208,0
299,139,1268.349,1,0.008438143,0
322,157,1269.0,1,0.007805671,0
160,64,1270.685,1,0.052993294,0
6,245,1272.083,1,0.009283639,0
209,30,1275.152,1,0.007970395,0
159,63,1275.517,1,0.967895627,1
161,63,1276.308,1,0.981983066,1
239,67,1276.452,1,0.008696618,0
242,68,1276.495,1,0.009135512,0
8,70,1276.56,1,0.009218647,0
168,78,1276.86,1,0.010988311,0
157,103,1277.727,1,0.006237425,0
160,61,1278.043,0,0.569746256,0
304,122,1278.407,1,0.011920873,0
23,127,1278.586,1,0.013450515,0
167,130,1278.675,1,0.053053994,0
302,130,1278.691,1,0.012127039,0
337,138,1278.956,1,0.010635123,0
321,142,1279.119,1,0.008004084,0
159,168,1280.016,1,0.009153438,0
143,155,1284.005,1,0.934461772,1
144,153,1285.288,0,0.976677537,1
160,60,1292.945,0,0.949332774,1
159,62,1297.154,1,0.948966026,1
144,155,1303.734,1,0.950945318,1
248,70,1305.914,1,0.009289790,0
126,77,1306.162,1,0.052086230,0
190,108,1307.273,1,0.009101927,0
216,111,1307.355,1,0.009073497,0
204,80,1307.719,1,0.009022061,0
143,152,1309.957,0,0.985818684,1
199,214,1310.994,1,0.010772502,0
227,231,1311.594,1,0.004627708,0
160,59,1312.647,0,0.958607435,1
144,153,1313.721,0,0.961776733,1
159,59,1314.282,0,0.556921780,0
213,48,1315.79,1,0.009100212,0
266,56,1316.084,1,0.008926004,0
98,63,1316.307,1,0.008997967,0
252,172,1320.157,1,0.009178218,0
159,58,1335.481,0,0.605985165,0
159,60,1337.435,1,0.783185303,0
102,6,1343.658,1,0.009199124,0
223,32,1344.568,1,0.007652809,0
253,39,1344.836,1,0.007508111,0
12,80,1346.267,1,0.013676331,0
123,84,1346.408,1,0.052350614,0
14,94,1346.754,1,0.013866954,0
310,223,1347.464,1,0.006927886,0
235,136,1348.239,1,0.006299250,0
236,137,1348.277,1,0.005404990,0
143,155,1348.909,1,0.921738863,1
276,160,1349.095,1,0.008587543,0
162,164,1349.242,1,0.010167071,0
71,165,1349.28,1,0.007952321,0
200,199,1350.468,1,0.010585570,0
246,257,1352.51,1,0.004967175,0
144,152,1354.383,0,0.892138958,0
162,32,1355.22,1,0.009116151,0
338,40,1355.498,1,0.006805565,0
159,59,1356.166,1,0.995381474,1
158,61,1356.24,1,0.974395156,1
338,63,1356.331,1,0.006957764,0
151,50,1356.619,1,0.008493355,0
159,57,1357.408,0,0.944245398,1
255,114,1358.128,1,0.030373307,0
15,118,1358.278,1,0.013634584,0
80,120,1358.336,1,0.017368747,0
226,160,1359.748,1,0.008812858,0
24,162,1359.802,1,0.007928560,0
109,172,1360.16,1,0.008030361,0
244,196,1361.017,1,0.007999126,0
184,200,1361.139,1,0.008512313,0
113,248,1362.853,1,0.012660401,0
263,252,1362.984,1,0.008131986,0
32,48,1379.535,1,0.005543447,0
161,58,1380.319,1,0.850725174,0
41,5,1383.619,1,0.008656089,0
192,5,1383.63,1,0.007024745,0
150,8,1383.724,1,0.009160919,0
187,12,1383.869,1,0.007875876,0
209,22,1384.219,1,0.006898494,0
240,34,1384.645,1,0.007705583,0
297,53,1385.31,1,0.008602764,0
160,58,1385.492,1,0.932967365,1
189,60,1385.56,1,0.011780057,0
278,63,1385.666,1,0.008231631,0
167,71,1385.95,1,0.012664896,0
32,48,1386.176,1,0.030217366,0
103,84,1386.416,1,0.035600010,0
96,86,1386.475,1,0.031679962,0
186,93,1386.73,1,0.058454219,0
114,94,1386.776,1,0.042505100,0
139,102,1387.049,1,0.011918806,0
268,106,1387.197,1,0.010760649,0
337,121,1387.713,1,0.007314621,0
341,126,1387.89,1,0.007367175,0
96,126,1387.902,1,0.009276235,0
276,127,1387.927,1,0.009537307,0
44,135,1388.227,1,0.008090032,0
303,137,1388.293,1,0.008225304,0
128,151,1388.778,1,0.009800748,0
44,152,1388.802,1,0.008073856,0
53,170,1389.442,1,0.008015557,0
271,172,1389.516,1,0.008631830,0
51,127,1389.525,1,0.008256372,0
267,173,1389.562,1,0.008857600,0
162,174,1389.584,1,0.009388331,0
319,179,1389.778,1,0.007827593,0
200,224,1391.743,1,0.006830567,0
167,24,1394.937,1,0.042651892,0
144,150,1395.459,0,0.996896267,1
143,152,1395.696,1,0.994817674,1
144,151,1396.144,0,0.997290254,1
143,87,1397.169,1,0.011115932,0
329,103,1397.732,1,0.007607158,0
291,109,1397.933,1,0.009434729,0
55,117,1398.226,1,0.015369251,0
228,207,1401.396,1,0.003618959,0
177,223,1401.952,1,0.008144356,0
200,228,1402.132,1,0.010772122,0
118,244,1402.706,1,0.012762030,0
239,240,1403.338,1,0.004731449,0
143,150,1412.412,0,0.990029931,1
151,50,1417.224,1,0.013121777,0
160,54,1417.421,0,0.371921927,0
144,152,1423.461,1,0.987787306,1
163,20,1424.153,1,0.008912028,0
245,25,1424.332,1,0.007023957,0
111,29,1424.465,1,0.009147567,0
143,151,1424.626,1,0.999884009,1
144,150,1425.858,0,0.998415112,1
307,101,1427.03,1,0.008152446,0
315,159,1429.048,1,0.008080686,0
106,168,1429.369,1,0.008467626,0
150,173,1429.558,1,0.008602264,0
229,191,1430.182,1,0.014492018,0
207,238,1431.832,1,0.007194670,0
152,254,1432.402,1,0.008681315,0
159,56,1433.538,1,0.959188521,1
170,17,1434.702,1,0.019689821,0
99,27,1435.05,1,0.008864423,0
119,39,1435.461,1,0.008632029,0
28,40,1435.521,1,0.008648400,0
307,49,1435.816,1,0.007681317,0
67,64,1436.341,1,0.008672628,0
63,66,1436.439,1,0.003978703,0
151,69,1436.545,1,0.009598363,0
192,72,1436.647,1,0.009102900,0
60,76,1436.793,1,0.012675729,0
142,79,1436.881,1,0.010503320,0
228,88,1437.21,1,0.009402555,0
269,97,1437.527,1,0.010340125,0
132,116,1438.19,1,0.043725669,0
136,148,1439.324,1,0.009908172,0
161,173,1440.218,1,0.008989399,0
191,176,1440.309,1,0.008773941,0
7,229,1442.63,0,0.474018455,0
160,56,1445.966,1,0.942363322,1
159,55,1446.273,1,0.958301842,1
144,149,1453.155,0,0.991351604,1
144,150,1453.361,1,0.992092192,1
143,148,1458.88,0,0.890033722,0
144,151,1459.978,1,0.931937933,1
135,45,1465.046,1,0.018632924,0
132,58,1465.496,1,0.010503443,0
136,118,1467.616,1,0.012855134,0
260,152,1468.816,1,0.009973546,0
68,166,1469.297,1,0.008400798,0
7,121,1469.522,1,0.007834866,0
32,48,1475.739,1,0.006479801,0
162,48,1475.782,1,0.009382321,0
238,56,1476.079,1,0.010447437,0
232,61,1476.264,1,0.009132176,0
312,68,1476.508,1,0.007493748,0
185,72,1476.646,1,0.008925035,0
168,80,1476.91,1,0.009830348,0
32,94,1477.409,1,0.009324462,0
7,102,1477.704,1,0.008368174,0
135,104,1477.763,1,0.016351290,0
103,124,1478.482,1,0.021445759,0
183,136,1478.891,1,0.036129713,0
151,50,1479.402,1,0.055326100,0
2,252,1480.778,1,0.008483133,0
55,245,1482.739,1,0.012224462,0
143,149,1486.725,1,0.023004957,0
143,150,1488.591,1,0.965976417,1
89,112,1497.353,1,0.010810812,0
144,150,1500.393,1,0.956778467,1
124,44,1505.0,1,0.009224889,0
40,48,1505.144,1,0.008854546,0
43,50,1505.206,1,0.008984137,0
48,52,1505.28,1,0.008810589,0
35,54,1505.361,1,0.005272748,0
93,58,1505.483,1,0.009001289,0
20,108,1507.27,1,0.007548828,0
302,110,1507.326,1,0.008588403,0
17,111,1507.355,1,0.007865015,0
184,146,1508.604,1,0.013311512,0
183,148,1508.681,1,0.011959391,0
77,165,1509.257,1,0.007953491,0
32,168,1509.366,1,0.008059859,0
36,173,1509.556,1,0.007835352,0
325,208,1510.787,1,0.010502422,0
264,256,1512.475,1,0.005737662,0
225,19,1514.76,1,0.009943429,0
104,22,1514.862,1,0.043975770,0
157,28,1515.079,1,0.009076696,0
338,38,1515.455,1,0.006764876,0
32,46,1515.709,1,0.005902823,0
169,47,1515.744,1,0.008632822,0
201,63,1516.324,1,0.008434867,0
20,72,1516.644,1,0.009610496,0
143,146,1516.76,0,0.988914192,1
32,48,1517.214,1,0.008342288,0
159,53,1517.777,1,0.782328188,0
5,191,1520.829,1,0.007481898,0
242,195,1520.984,1,0.008122004,0
32,48,1523.881,1,0.007711565,0
151,50,1528.425,1,0.080942474,0
144,149,1530.253,1,0.063515738,0
144,148,1530.892,1,0.063790113,0
143,145,1544.132,0,0.977233112,1
160,52,1544.404,1,0.333436102,0
318,30,1544.51,1,0.007331311,0
216,32,1544.577,1,0.007938648,0
242,67,1545.808,1,0.009430920,0
246,68,1545.846,1,0.009356522,0
160,49,1546.086,0,0.495660216,0
328,93,1546.719,1,0.010504707,0
31,103,1547.076,1,0.009016925,0
17,149,1548.703,1,0.007563617,0
162,180,1549.792,1,0.009093201,0
31,190,1550.143,1,0.012900475,0
244,214,1550.985,1,0.009299991,0
212,216,1551.062,1,0.007229344,0
144,145,1552.52,0,0.993194818,1
204,13,1554.544,1,0.009949412,0
136,14,1554.59,1,0.045760803,0
136,16,1554.677,1,0.048746470,0
147,23,1554.906,1,0.044056080,0
183,224,1555.094,1,0.007926084,0
23,29,1555.111,1,0.008407072,0
68,32,1555.24,1,0.008976329,0
177,36,1555.378,1,0.009155584,0
116,38,1555.428,1,0.008979189,0
184,40,1555.501,1,0.009307291,0
159,59,1556.173,1,0.123205654,0
320,69,1556.522,1,0.007149007,0
247,106,1557.83,1,0.009243827,0
240,107,1557.88,1,0.009630946,0
45,224,1557.9,1,0.007698270,0
60,118,1558.256,1,0.015573460,0
239,133,1558.782,1,0.034560200,0
63,136,1558.904,1,0.014075871,0
288,139,1558.992,1,0.013785663,0
168,199,1561.122,1,0.008874496,0
208,215,1561.675,1,0.007347805,0
143,146,1572.121,1,0.984426260,1
144,146,1573.457,1,0.994678020,1
178,213,1574.901,1,0.014233252,0
144,144,1579.819,0,0.997633338,1
144,145,1581.058,1,0.997784436,1
73,2,1583.516,1,0.009080827,0
36,46,1585.069,1,0.008705115,0
234,61,1585.603,1,0.009374342,0
32,48,1586.035,1,0.028001459,0
102,82,1586.354,1,0.049680006,0
42,105,1587.154,1,0.008431850,0
38,109,1587.284,1,0.008899910,0
192,141,1588.415,1,0.005681318,0
315,143,1588.482,1,0.007901357,0
11,174,1589.578,1,0.007706560,0
144,143,1589.946,0,0.996554971,1
160,199,1590.458,1,0.014336436,0
262,209,1590.81,1,0.011096371,0
52,238,1591.839,1,0.007818244,0
239,30,1595.153,1,0.007416558,0
136,30,1595.164,1,0.009207469,0
120,37,1595.414,1,0.008974353,0
160,50,1595.629,1,0.065273166,0
89,64,1596.343,1,0.008313596,0
246,71,1596.609,1,0.009377907,0
161,72,1596.633,1,0.010010215,0
168,74,1596.698,1,0.010479376,0
161,78,1596.837,1,0.009784485,0
170,78,1596.856,1,0.010303621,0
298,82,1596.984,1,0.008295394,0
21,83,1597.015,1,0.008957117,0
0,100,1597.616,1,0.008514873,0
129,108,1597.92,1,0.015081975,0
60,112,1598.064,1,0.016199863,0
60,114,1598.118,1,0.023201091,0
119,119,1598.31,1,0.029774930,0
243,124,1598.487,1,0.038370118,0
144,143,1598.525,0,0.990118563,1
143,136,1598.884,1,0.031264629,0
137,138,1598.967,1,0.062618345,0
138,138,1598.983,1,0.037164826,0
86,143,1599.148,1,0.008653597,0
161,144,1599.191,1,0.008324965,0
163,145,1599.201,1,0.014206270,0
160,145,1599.224,1,0.011250288,0
143,147,1599.28,1,0.940941572,1
140,151,1599.428,1,0.429457247,0
143,152,1599.454,1,0.010423163,0
144,144,1599.929,1,0.991814315,1
77,238,1602.488,1,0.012555841,0
41,254,1603.047,1,0.007204749,0
94,255,1603.082,1,0.007584563,0
216,256,1603.14,1,0.007550964,0
32,48,1613.482,1,0.008858697,0
144,143,1622.955,1,0.979132354,1
144,141,1624.391,0,0.990780413,1
159,47,1625.965,0,0.214132175,0
172,171,1629.479,1,0.009572993,0
183,224,1631.338,1,0.008084207,0
144,141,1633.28,0,0.996618748,1
295,54,1635.998,1,0.007944298,0
10,84,1637.048,1,0.009321208,0
73,88,1637.19,1,0.011482557,0
278,112,1638.052,1,0.019699628,0
84,120,1638.335,1,0.018723449,0
228,140,1639.051,1,0.009224898,0
213,154,1639.534,1,0.008400890,0
226,166,1639.958,1,0.008374924,0
124,205,1641.339,1,0.008084731,0
95,220,1641.859,1,0.008226199,0
223,229,1642.193,1,0.011031473,0
144,141,1642.284,0,0.884151816,0
214,245,1642.731,1,0.009947914,0
35,247,1643.053,1,0.007451994,0
144,143,1643.912,1,0.992744327,1
143,143,1645.981,1,0.979152977,1
144,140,1648.037,0,0.994028330,1
144,142,1649.032,1,0.987906575,1
144,141,1660.555,1,0.998232305,1
143,142,1661.249,1,0.978867650,1
332,29,1664.472,1,0.007050256,0
260,38,1664.786,1,0.007838028,0
233,72,1665.981,1,0.009269388,0
240,78,1666.194,1,0.044066332,0
176,102,1667.043,1,0.008175184,0
204,80,1667.905,1,0.008983259,0
144,139,1668.938,0,0.997547925,1
144,140,1668.942,0,0.995927274,1
24,191,1670.176,1,0.012795463,0
16,213,1670.95,1,0.012407565,0
85,5,1674.283,1,0.043888979,0
200,17,1674.691,1,0.010297784,0
203,24,1674.941,1,0.010639338,0
144,31,1675.19,1,0.009088274,0
271,38,1675.449,1,0.007883756,0
13,68,1676.506,1,0.009371663,0
202,71,1676.617,1,0.008871871,0
121,81,1676.947,1,0.010321764,0
126,86,1677.144,1,0.005683112,0
7,89,1677.248,1,0.008735416,0
344,95,1677.459,1,0.006865403,0
141,105,1677.803,1,0.018671202,0
6,109,1677.937,1,0.008067125,0
249,118,1678.256,1,0.036880128,0
280,120,1678.341,1,0.017883144,0
264,138,1678.967,1,0.019182995,0
161,139,1678.993,1,0.041231301,0
144,141,1679.062,1,0.971457362,1
164,142,1679.095,1,0.012250608,0
148,143,1679.155,1,0.352248400,0
143,139,1679.882,0,0.990085006,1
126,183,1680.54,1,0.008035384,0
184,188,1680.733,1,0.008867096,0
181,203,1681.252,1,0.008428501,0
38,255,1683.093,1,0.007602918,0
144,140,1686.809,1,0.029716762,0
160,45,1692.175,0,0.179622456,0
143,138,1694.289,0,0.978564262,1
144,140,1695.395,1,0.996817172,1
143,140,1696.737,1,0.992842793,1
105,28,1704.438,1,0.009019738,0
54,35,1704.677,1,0.009016303,0
160,47,1705.095,1,0.064991906,0
331,88,1706.555,1,0.010343546,0
144,137,1706.569,0,0.878869772,0
24,52,1706.704,1,0.018488122,0
66,96,1706.822,1,0.017886695,0
55,125,1707.874,1,0.008808461,0
264,166,1709.293,1,0.008571105,0
315,176,1709.645,1,0.008062292,0
13,186,1710.0,1,0.012709477,0
144,249,1712.651,1,0.008411302,0
240,10,1714.445,1,0.009942303,0
144,137,1714.859,0,0.878839195,0
144,140,1716.336,1,0.969014108,1
103,85,1717.093,1,0.005404938,0
173,88,1717.197,1,0.009450072,0
22,119,1718.285,1,0.013785216,0
147,120,1718.323,1,0.057885446,0
146,128,1718.621,1,0.044286478,0
26,101,1719.396,1,0.009753700,0
301,161,1719.769,1,0.008335222,0
26,166,1719.944,1,0.008110177,0
251,173,1720.199,1,0.008664531,0
199,173,1720.214,1,0.008353665,0
252,176,1720.307,1,0.008830289,0
144,138,1720.312,1,0.979811966,1
268,184,1720.58,1,0.008142455,0
143,136,1725.999,0,0.994434297,1
145,137,1729.177,0,0.994713008,1
145,139,1732.144,1,0.989750445,1
144,135,1742.039,0,0.920034111,1
144,138,1742.039,1,0.972846687,1
145,136,1742.234,0,0.986650229,1
144,137,1742.43,1,0.994889259,1
62,19,1744.12,1,0.009163550,0
295,104,1747.108,1,0.008980623,0
8,254,1747.428,0,0.064230956,0
113,166,1749.314,1,0.008235035,0
176,239,1751.869,1,0.009682859,0
159,44,1753.908,0,0.306316763,0
184,42,1755.566,1,0.008932507,0
204,82,1756.992,1,0.008842100,0
272,107,1757.865,1,0.010049252,0
208,116,1758.201,1,0.048536386,0
16,131,1758.73,1,0.013263574,0
326,144,1759.17,1,0.007826860,0
122,144,1759.184,1,0.009340726,0
42,156,1759.614,1,0.008038258,0
172,165,1759.91,1,0.010793397,0
36,167,1759.985,1,0.008340553,0
287,207,1761.413,1,0.007637301,0
144,134,1769.46,0,0.991588295,1
32,48,1769.716,1,0.008946385,0
144,136,1770.019,1,0.032414477,0
159,43,1773.57,0,0.224769354,0
144,133,1775.147,0,0.994459629,1
300,5,1783.614,1,0.006998087,0
173,16,1784.0,1,0.009292718,0
1,21,1784.184,1,0.008307941,0
143,133,1784.2,0,0.989652812,1
172,21,1784.208,1,0.010855031,0
2,32,1784.569,1,0.008660505,0
335,63,1785.659,1,0.006907759,0
330,63,1785.676,1,0.006783417,0
100,87,1786.511,1,0.034614112,0
212,87,1786.518,1,0.047632772,0
108,112,1787.397,1,0.011600790,0
215,128,1787.978,1,0.009433509,0
211,129,1787.998,1,0.008935872,0
323,133,1788.148,1,0.007678148,0
143,136,1788.235,1,0.992929995,1
144,133,1788.704,0,0.991254807,1
132,191,1790.183,1,0.013541157,0
134,205,1790.686,1,0.013401187,0
310,214,1791.0,1,0.007114929,0
7,215,1791.02,1,0.007653635,0
122,216,1791.064,1,0.007865528,0
41,15,1794.619,1,0.040461775,0
218,16,1794.654,1,0.009820194,0
271,24,1794.952,1,0.010579554,0
175,32,1795.234,1,0.010090077,0
64,35,1795.334,1,0.008891750,0
27,44,1795.641,1,0.008440178,0
160,45,1795.673,1,0.010892922,0
273,46,1795.709,1,0.007663823,0
89,46,1795.729,1,0.008623366,0
156,47,1795.742,1,0.011664770,0
159,47,1795.748,1,0.011617253,0
272,54,1796.019,1,0.008247272,0
127,55,1796.033,1,0.008335336,0
313,60,1796.204,1,0.006718205,0
338,60,1796.215,1,0.007020712,0
313,63,1796.333,1,0.006965379,0
278,66,1796.434,1,0.008620697,0
48,67,1796.464,1,0.010850060,0
47,72,1796.624,1,0.011512831,0
168,77,1796.802,1,0.010077078,0
131,78,1796.848,1,0.005256006,0
31,78,1796.862,1,0.009543628,0
144,79,1796.872,1,0.010054135,0
132,79,1796.895,1,0.016419720,0
316,80,1796.908,1,0.007629683,0
287,80,1796.923,1,0.008670479,0
263,82,1796.98,1,0.010864537,0
32,48,1797.028,1,0.008982818,0
314,86,1797.13,1,0.007759196,0
186,86,1797.143,1,0.009962379,0
78,87,1797.169,1,0.012105254,0
132,91,1797.299,1,0.005639424,0
149,95,1797.441,1,0.004535759,0
26,100,1797.631,1,0.009116294,0
177,103,1797.719,1,0.008712307,0
328,103,1797.73,1,0.007528064,0
94,103,1797.737,1,0.011174569,0
46,109,1797.93,1,0.008826943,0
137,110,1797.966,1,0.015044698,0
233,110,1797.966,1,0.009137148,0
79,110,1797.984,1,0.009681608,0
48,111,1798.004,1,0.015327649,0
56,111,1798.019,1,0.015973093,0
309,112,1798.064,1,0.011579692,0
106,119,1798.296,1,0.074674122,0
144,132,1798.347,0,0.871537685,0
106,120,1798.349,1,0.032320075,0
40,122,1798.406,1,0.013972367,0
339,123,1798.43,1,0.010477916,0
338,127,1798.572,1,0.010524089,0
80,141,1799.078,1,0.009364105,0
23,143,1799.145,1,0.008469095,0
16,147,1799.272,1,0.008347572,0
319,153,1799.49,1,0.007789851,0
315,159,1799.717,1,0.008039462,0
143,160,1799.748,1,0.009387706,0
159,161,1799.794,1,0.011297684,0
144,162,1799.805,1,0.008976219,0
168,164,1799.872,1,0.010653234,0
296,174,1800.228,1,0.008248325,0
7,229,1800.319,0,0.199045509,0
58,186,1800.664,1,0.010134927,0
19,202,1801.233,1,0.008122653,0
1,226,1801.519,1,0.008665399,0
52,218,1801.775,1,0.008423911,0
167,220,1801.859,1,0.008580283,0
3,224,1803.331,1,0.008915339,0
237,240,1803.428,1,0.004780403,0
142,244,1803.867,1,0.007916614,0
144,133,1807.216,1,0.981571615,1
144,131,1818.476,0,0.869985938,0
60,29,1824.468,1,0.009160179,0
225,48,1825.136,1,0.010017155,0
144,132,1827.04,1,0.996095717,1
144,133,1827.686,1,0.998977542,1
129,141,1828.429,1,0.009740855,0
322,183,1829.906,1,0.007666234,0
64,258,1829.988,1,0.007781159,0
327,190,1830.146,1,0.010688059,0
144,130,1834.206,0,0.868436813,0
144,132,1835.061,1,0.989802182,1
159,42,1835.387,0,0.270949990,0
160,44,1835.664,1,0.334910393,0
259,75,1836.734,1,0.010939655,0
261,79,1836.874,1,0.013182069,0
25,80,1836.922,1,0.009192281,0
32,80,1836.937,1,0.009763636,0
55,97,1837.515,1,0.009332919,0
330,101,1837.667,1,0.007424686,0
156,103,1837.727,1,0.005571454,0
279,104,1837.783,1,0.009834545,0
291,109,1837.932,1,0.009439139,0
222,110,1837.995,1,0.009215912,0
207,111,1838.001,1,0.047991857,0
74,112,1838.057,1,0.018039716,0
10,127,1838.592,1,0.013310673,0
334,134,1838.836,1,0.010654762,0
222,152,1839.452,1,0.009182238,0
220,159,1839.705,1,0.008388807,0
143,130,1840.411,0,0.994767904,1
259,181,1840.469,1,0.008130020,0
292,184,1840.581,1,0.008032542,0
144,129,1841.798,0,0.998378873,1
144,131,1843.77,1,0.993933499,1
144,131,1852.751,1,0.995754480,1
143,131,1858.615,1,0.037494022,0
144,128,1859.658,0,0.995699048,1
232,161,1863.464,1,0.010627218,0
32,20,1864.172,1,0.009010563,0
249,27,1864.399,1,0.007443968,0
212,28,1864.435,1,0.007565360,0
248,30,1864.498,1,0.007856082,0
131,34,1864.667,1,0.009053390,0
130,38,1864.802,1,0.020191088,0
303,40,1864.853,1,0.007389805,0
32,48,1864.986,1,0.008811563,0
99,64,1865.716,1,0.009256601,0
340,69,1865.895,1,0.006698274,0
143,130,1867.081,1,0.980102837,1
201,109,1867.297,1,0.008534245,0
267,123,1867.775,1,0.010783123,0
224,123,1867.802,1,0.009256418,0
175,125,1867.86,1,0.007940889,0
225,127,1867.943,1,0.009167863,0
57,135,1868.206,1,0.008150144,0
239,149,1868.703,1,0.010293765,0
50,150,1868.739,1,0.008047662,0
47,151,1868.785,1,0.007986713,0
1,156,1868.948,1,0.007508222,0
250,164,1869.227,1,0.009316612,0
167,184,1869.932,1,0.009143324,0
132,188,1870.074,1,0.013569837,0
135,192,1870.213,1,0.013574422,0
280,199,1870.456,1,0.010808691,0
144,130,1871.538,1,0.995981574,1
39,231,1871.596,1,0.008012514,0
96,233,1871.665,1,0.008146915,0
228,234,1871.706,1,0.003460106,0
90,236,1871.763,1,0.007760187,0
216,240,1871.907,1,0.007387350,0
144,127,1872.615,0,0.992238462,1
144,129,1872.775,1,0.999654531,1
144,128,1873.359,0,0.999348223,1
335,30,1875.169,1,0.007062461,0
71,54,1876.009,1,0.008483654,0
298,70,1876.576,1,0.007848882,0
236,71,1876.597,1,0.009361580,0
8,76,1876.791,1,0.009004058,0
81,78,1876.841,1,0.004922595,0
224,84,1877.062,1,0.009081338,0
167,126,1878.552,1,0.058681369,0
271,144,1879.189,1,0.010322666,0
209,180,1880.464,1,0.008575742,0
255,199,1881.111,1,0.008827135,0
7,237,1882.457,1,0.012049453,0
200,240,1882.573,1,0.010712712,0
144,127,1887.026,0,0.998097479,1
159,41,1887.285,0,0.240064710,0
144,128,1888.218,1,0.992662191,1
144,128,1895.919,1,0.998482049,1
144,126,1897.674,0,0.994098067,1
32,48,1899.179,1,0.008778852,0
145,130,1900.715,1,0.955622137,1
266,252,1901.695,1,0.005747935,0
61,14,1903.938,1,0.008985544,0
232,25,1904.346,1,0.007092905,0
177,36,1904.706,1,0.008920763,0
144,126,1905.766,0,0.991262436,1
143,128,1906.316,1,0.999697208,1
159,43,1906.739,1,0.047783073,0
298,104,1907.104,1,0.008719389,0
144,128,1907.575,1,0.994332790,1
144,125,1907.677,0,0.986307204,1
71,134,1908.188,1,0.008531108,0
152,152,1908.812,1,0.011769382,0
336,189,1910.123,1,0.010646959,0
40,191,1910.174,1,0.013027465,0
331,192,1910.218,1,0.010627899,0
23,203,1912.695,1,0.007754227,0
16,74,1916.705,1,0.009379028,0
92,114,1918.113,1,0.022628296,0
143,127,1918.565,1,0.043475691,0
96,127,1918.586,1,0.019676860,0
334,40,1923.748,1,0.006812088,0
144,126,1924.618,1,0.980983973,1
144,124,1929.409,0,0.990236461,1
144,127,1930.004,1,0.044754673,0
144,126,1936.037,1,0.995987833,1
144,124,1936.495,0,0.996792257,1
144,125,1936.782,1,0.996059656,1
145,126,1936.809,1,0.998424411,1
144,123,1938.702,0,0.984627545,1
239,21,1944.182,1,0.007065896,0
144,123,1945.292,0,0.994718373,1
144,124,1947.086,1,0.991062880,1
240,108,1947.246,1,0.009305735,0
136,117,1947.595,1,0.016547395,0
141,118,1947.621,1,0.804629505,0
261,156,1948.944,1,0.009513400,0
147,128,1949.488,1,0.899596155,0
143,123,1949.613,0,0.989638448,1
272,182,1949.862,1,0.008389370,0
224,191,1950.178,1,0.007802895,0
72,206,1950.708,1,0.013067156,0
312,208,1950.776,1,0.010544074,0
162,222,1951.276,1,0.008092766,0
143,122,1951.549,0,0.985649109,1
259,5,1954.266,1,0.010069517,0
176,30,1955.146,1,0.009213296,0
5,40,1955.513,1,0.003527243,0
144,122,1955.701,0,0.995399058,1
65,53,1955.972,1,0.008485062,0
248,68,1956.509,1,0.009248383,0
306,72,1956.627,1,0.007760252,0
144,121,1966.345,0,0.908481836,1
144,124,1966.488,1,0.933327317,1
143,123,1972.702,1,0.998997867,1
144,121,1973.362,0,0.993214250,1
144,123,1973.408,1,0.995141149,1
310,13,1983.897,1,0.007047981,0
118,20,1984.153,1,0.009177589,0
143,120,1984.284,0,0.992392421,1
253,29,1984.482,1,0.007233212,0
341,42,1984.931,1,0.006685101,0
231,45,1985.026,1,0.009902650,0
119,56,1985.425,1,0.008759544,0
144,122,1985.426,1,0.985566974,1
63,79,1986.225,1,0.020582110,0
145,124,1987.239,1,0.944010258,1
61,110,1987.324,1,0.009015878,0
144,120,1988.951,0,0.995170295,1
273,174,1989.579,1,0.008429016,0
224,256,1992.469,1,0.004296007,0
163,31,1995.178,1,0.008957067,0
79,48,1995.805,1,0.008599654,0
48,69,1996.542,1,0.013123514,0
343,112,1998.045,1,0.010282079,0
143,119,1998.318,0,0.908623457,1
143,122,1998.395,1,0.935606003,1
13,142,1999.101,1,0.007646156,0
82,194,2000.943,1,0.007786425,0
143,229,2002.177,1,0.013189931,0
144,119,2003.71,0,0.992835224,1
143,118,2010.878,0,0.848637760,0
144,120,2016.099,1,0.965035319,1
151,55,2025.403,1,0.010447950,0
151,50,2026.798,1,0.046873830,0
183,99,2026.942,1,0.058535662,0
143,119,2028.393,1,0.996012688,1
144,119,2028.581,1,0.996217668,1
24,175,2029.62,1,0.007635881,0
136,191,2030.196,1,0.013592471,0
24,216,2031.062,1,0.007603207,0
280,252,2032.329,1,0.006538726,0
221,24,2034.948,1,0.010142099,0
160,27,2035.062,1,0.006660298,0
160,31,2035.188,1,0.006481367,0
250,31,2035.207,1,0.007382604,0
221,32,2035.215,1,0.007960254,0
233,32,2035.227,1,0.007512117,0
232,40,2035.502,1,0.008464992,0
148,47,2035.774,1,0.011776429,0
287,52,2035.948,1,0.007825169,0
287,55,2036.046,1,0.007795318,0
133,56,2036.086,1,0.012792355,0
242,57,2036.102,1,0.011731934,0
57,66,2036.441,1,0.004046980,0
0,67,2036.458,1,0.009428648,0
179,72,2036.636,1,0.008972763,0
125,86,2037.12,1,0.006981595,0
308,87,2037.155,1,0.008006016,0
89,87,2037.171,1,0.010748372,0
192,92,2037.333,1,0.008902632,0
123,102,2037.699,1,0.014035140,0
146,108,2037.907,1,0.015243195,0
64,114,2038.111,1,0.016689446,0
228,118,2038.249,1,0.044126559,0
257,121,2038.363,1,0.027947241,0
195,124,2038.47,1,0.048845906,0
144,116,2038.682,0,0.846808970,0
177,134,2038.832,1,0.041886784,0
16,142,2039.095,1,0.007983374,0
169,152,2039.468,1,0.011832808,0
16,155,2039.557,1,0.008040053,0
19,160,2039.744,1,0.008065160,0
325,175,2040.259,1,0.007721292,0
252,180,2040.435,1,0.009022611,0
336,242,2042.625,1,0.009974563,0
96,245,2042.73,1,0.012640402,0
327,246,2042.773,1,0.009874246,0
36,256,2043.126,1,0.007448129,0
144,116,2043.767,0,0.994692981,1
143,116,2045.588,0,0.982527554,1
144,118,2045.743,1,0.974829555,1
144,115,2046.648,0,0.953225970,1
143,115,2055.017,0,0.985025465,1
73,51,2056.288,1,0.008492523,0
144,117,2057.045,1,0.987945676,1
144,114,2062.635,0,0.996590257,1
143,114,2063.891,0,0.994077444,1
59,15,2063.978,1,0.008714720,0
143,116,2064.123,1,0.992542505,1
144,116,2064.191,1,0.997171104,1
47,95,2066.802,1,0.015657812,0
66,96,2066.834,1,0.018121265,0
264,116,2067.557,1,0.009399496,0
291,119,2067.635,1,0.009229253,0
227,136,2068.24,1,0.008894040,0
40,140,2068.387,1,0.008649475,0
32,141,2068.393,1,0.007952001,0
307,152,2068.814,1,0.008150152,0
231,166,2069.314,1,0.010537336,0
248,184,2069.938,1,0.009007199,0
44,211,2070.907,1,0.012711207,0
144,116,2071.046,1,0.974707663,1
92,217,2071.092,1,0.008254810,0
210,2,2074.181,1,0.009594606,0
176,7,2074.359,1,0.011630088,0
151,111,2074.432,1,0.082041278,0
180,20,2074.793,1,0.013867728,0
263,21,2074.841,1,0.010464395,0
269,21,2074.851,1,0.010497820,0
307,43,2075.624,1,0.007485866,0
169,46,2075.732,1,0.011534194,0
157,47,2075.746,1,0.009216042,0
134,69,2076.547,1,0.009817258,0
171,83,2077.015,1,0.009551416,0
98,99,2077.583,1,0.012229369,0
126,147,2079.291,1,0.009318830,0
194,159,2079.7,1,0.010164245,0
237,167,2079.979,1,0.009510210,0
334,185,2080.623,1,0.007674110,0
82,188,2080.744,1,0.008001158,0
143,115,2081.484,1,0.938255429,1
158,236,2082.417,1,0.013314488,0
128,228,2083.236,1,0.007974868,0
144,113,2085.189,0,0.992831945,1
143,112,2093.949,0,0.987876296,1
144,112,2095.769,0,0.995135248,1
144,115,2096.813,1,0.989914417,1
143,114,2097.689,1,0.995879889,1
144,111,2100.618,0,0.988459527,1
143,111,2102.212,0,0.931911707,1
143,113,2103.077,1,0.994149446,1
144,112,2103.311,0,0.994685173,1
32,48,2104.118,1,0.008760915,0
47,24,2104.294,1,0.008753717,0
278,47,2105.107,1,0.007542499,0
287,51,2105.246,1,0.008356975,0
212,55,2105.406,1,0.009080724,0
93,117,2107.57,1,0.010315322,0
144,111,2107.934,0,0.996278584,1
20,139,2108.351,1,0.007816817,0
21,141,2108.414,1,0.007695199,0
69,171,2109.478,1,0.007912822,0
208,208,2110.791,1,0.010500312,0
51,215,2111.021,1,0.008220614,0
144,112,2113.832,1,0.966343760,1
150,9,2114.432,1,0.025184333,0
15,17,2114.709,1,0.042087611,0
135,24,2114.959,1,0.044061501,0
25,30,2115.158,1,0.008551828,0
2,32,2115.214,1,0.008669893,0
138,41,2115.562,1,0.009245321,0
87,48,2115.782,1,0.008592709,0
175,57,2116.114,1,0.008746607,0
5,64,2116.355,1,0.009425002,0
133,71,2116.618,1,0.009162243,0
105,72,2116.627,1,0.008674706,0
217,80,2116.932,1,0.008555754,0
136,83,2117.029,1,0.011251339,0
247,96,2117.474,1,0.009198903,0
157,103,2117.723,1,0.006640040,0
37,109,2117.943,1,0.008755178,0
143,112,2118.036,1,0.066277303,0
61,174,2120.228,1,0.007919611,0
28,181,2120.484,1,0.009030742,0
199,187,2120.702,1,0.007155037,0
144,112,2120.876,1,0.979010224,1
136,200,2121.138,1,0.008935771,0
143,109,2128.99,0,0.988035142,1
144,111,2132.619,1,0.995629549,1
144,112,2133.684,1,0.997507453,1
242,37,2136.442,1,0.008103977,0
32,48,2138.419,1,0.030651104,0
144,110,2142.068,1,0.986057281,1
144,109,2142.374,0,0.996414125,1
31,5,2143.618,1,0.008650476,0
197,23,2144.267,1,0.007399130,0
22,24,2144.3,1,0.008814303,0
247,31,2144.534,1,0.007429853,0
169,38,2144.788,1,0.012994785,0
144,111,2144.934,1,0.985168457,1
143,108,2144.963,0,0.986425877,1
274,66,2145.785,1,0.009185618,0
320,139,2148.36,1,0.008100735,0
144,110,2149.062,1,0.977845490,1
225,174,2149.593,1,0.008255138,0
190,189,2150.118,1,0.012512658,0
189,222,2151.269,1,0.008679492,0
151,230,2151.558,1,0.008499159,0
143,109,2152.204,1,0.998900533,1
143,107,2152.228,0,0.977592289,1
144,109,2153.631,1,0.987637401,1
211,255,2153.797,1,0.006374120,0
32,29,2155.112,1,0.008849655,0
201,63,2156.308,1,0.008398388,0
320,77,2156.807,1,0.007351622,0
314,82,2156.993,1,0.007606387,0
63,86,2157.123,1,0.010036740,0
65,88,2157.207,1,0.008039923,0
284,111,2158.027,1,0.015381445,0
218,112,2158.054,1,0.046820670,0
142,152,2159.449,1,0.009748115,0
62,164,2159.877,1,0.008003770,0
143,109,2163.806,1,0.963026166,1
144,108,2168.296,1,0.976075768,1
143,106,2169.108,0,0.992927492,1
144,106,2170.401,0,0.960639894,1
32,48,2179.985,1,0.008886755,0
143,105,2180.508,0,0.993788183,1
144,105,2181.31,0,0.994946897,1
225,37,2184.75,1,0.008192895,0
298,100,2186.968,1,0.012379604,0
32,48,2186.974,1,0.032118503,0
216,111,2187.366,1,0.009080891,0
23,134,2188.178,1,0.007703498,0
330,135,2188.226,1,0.007721727,0
266,254,2188.494,1,0.005732559,0
48,150,2188.73,1,0.008543316,0
143,105,2188.831,0,0.991423786,1
91,186,2190.004,1,0.013581403,0
307,201,2190.535,1,0.010657256,0
143,104,2191.993,0,0.991543770,1
232,244,2192.052,1,0.005625206,0
143,106,2192.729,1,0.975241065,1
312,13,2194.57,1,0.010205952,0
293,24,2194.95,1,0.010468049,0
132,47,2195.746,1,0.009300482,0
57,48,2195.802,1,0.008590516,0
142,51,2195.905,1,0.008867066,0
276,63,2196.328,1,0.008699849,0
112,68,2196.499,1,0.008942243,0
208,87,2197.159,1,0.009089447,0
25,103,2197.732,1,0.008728840,0
263,107,2197.862,1,0.010494259,0
259,159,2199.699,1,0.009282701,0
144,106,2200.221,1,0.999869585,1
101,175,2200.261,1,0.008188386,0
308,199,2201.105,1,0.007358832,0
277,206,2201.36,1,0.008575494,0
143,105,2201.511,1,0.998256028,1
52,213,2201.628,1,0.007679926,0
314,216,2201.716,1,0.007315610,0
212,254,2203.047,1,0.006721241,0
141,254,2203.072,1,0.007702251,0
302,256,2203.127,1,0.006380804,0
144,103,2203.51,0,0.997517467,1
143,103,2205.421,0,0.987472773,1
144,103,2211.338,0,0.990963280,1
143,103,2212.152,0,0.997536063,1
143,102,2221.383,0,0.995261014,1
144,104,2221.461,1,0.999512911,1
143,104,2221.543,1,0.997124732,1
161,7,2223.688,1,0.009315212,0
9,24,2224.297,1,0.008390524,0
264,29,2224.472,1,0.007580067,0
89,32,2224.566,1,0.008754689,0
7,55,2225.385,1,0.011283180,0
219,58,2225.487,1,0.008854993,0
73,134,2228.168,1,0.008571612,0
281,139,2228.346,1,0.008948701,0
156,143,2228.483,1,0.012032324,0
176,156,2228.951,1,0.011187716,0
105,160,2229.106,1,0.008668656,0
144,176,2229.664,1,0.008862069,0
206,183,2229.903,1,0.008463283,0
65,185,2229.962,1,0.007767060,0
36,194,2230.292,1,0.012950365,0
76,200,2230.492,1,0.013230981,0
304,204,2230.651,1,0.010610565,0
80,205,2230.674,1,0.013177523,0
232,214,2230.997,1,0.008694699,0
143,103,2231.525,1,0.995780468,1
144,103,2231.947,1,0.997812867,1
296,18,2234.738,1,0.010355888,0
137,19,2234.761,1,0.043989874,0
172,35,2235.349,1,0.011532807,0
173,38,2235.431,1,0.008973818,0
231,45,2235.695,1,0.009453938,0
332,50,2235.852,1,0.006862562,0
143,51,2235.886,1,0.009306909,0
135,56,2236.068,1,0.008229000,0
128,57,2236.119,1,0.016703051,0
178,60,2236.209,1,0.008856387,0
14,62,2236.278,1,0.010265235,0
130,63,2236.311,1,0.009509492,0
49,63,2236.331,1,0.004183632,0
120,65,2236.401,1,0.008937071,0
314,66,2236.418,1,0.007282087,0
74,72,2236.628,1,0.005098555,0
179,80,2236.914,1,0.010325453,0
55,88,2237.221,1,0.010182554,0
246,98,2237.551,1,0.009302327,0
88,99,2237.599,1,0.011366375,0
74,104,2237.759,1,0.010258962,0
126,120,2238.324,1,0.036420122,0
335,120,2238.341,1,0.010533448,0
321,134,2238.83,1,0.011183624,0
88,146,2239.244,1,0.008606857,0
143,100,2240.136,0,0.988465071,1
95,192,2240.866,1,0.007783489,0
6,200,2241.165,1,0.008172914,0
7,201,2241.179,1,0.007845456,0
112,230,2242.204,1,0.012827860,0
144,103,2244.78,1,0.992580533,1
144,102,2248.29,1,0.999944925,1
143,102,2249.095,1,0.999991775,1
143,101,2250.102,1,0.999919653,1
143,99,2251.356,0,0.995016158,1
9,230,2252.203,1,0.007352920,0
143,101,2256.936,1,0.999228358,1
144,99,2257.54,0,0.996853292,1
143,100,2261.284,1,0.990502000,1
183,224,2263.33,1,0.008695224,0
84,23,2264.257,1,0.009311578,0
148,48,2265.146,1,0.012627369,0
144,104,2265.363,1,0.961398959,1
205,55,2265.384,1,0.008791632,0
238,60,2265.571,1,0.009327943,0
9,94,2266.756,1,0.013692253,0
291,103,2267.074,1,0.009320468,0
32,118,2267.606,1,0.008557437,0
91,120,2267.678,1,0.009824618,0
40,151,2268.778,1,0.008932774,0
138,242,2270.406,1,0.012921380,0
199,209,2270.817,1,0.005065888,0
193,210,2270.843,1,0.011688310,0
203,213,2270.95,1,0.008023602,0
156,214,2270.993,1,0.013574403,0
104,245,2272.079,1,0.008596553,0
110,248,2272.191,1,0.007654613,0
50,249,2272.219,1,0.007784266,0
144,98,2272.261,0,0.974021375,1
144,100,2275.277,1,0.945281088,1
27,47,2275.766,1,0.008614126,0
38,55,2276.049,1,0.004277165,0
143,97,2276.58,0,0.979975522,1
218,86,2277.127,1,0.009253585,0
173,86,2277.141,1,0.011684064,0
289,106,2277.837,1,0.010318405,0
291,109,2277.933,1,0.009764405,0
173,136,2278.888,1,0.044196278,0
63,157,2279.644,1,0.008814628,0
320,188,2280.731,1,0.007790375,0
328,192,2280.863,1,0.007660156,0
233,197,2281.049,1,0.006958051,0
239,203,2281.261,1,0.007100693,0
202,207,2281.399,1,0.006841030,0
72,216,2281.714,1,0.008275002,0
72,222,2281.919,1,0.008015398,0
143,97,2281.949,0,0.987574279,1
36,224,2281.989,1,0.008206037,0
144,99,2282.854,1,0.076133363,0
156,256,2283.117,1,0.008034362,0
143,98,2285.063,1,0.972603858,1
143,96,2286.007,0,0.795799136,0
144,98,2292.941,1,0.995738268,1
143,98,2293.237,1,0.996534824,1
144,96,2294.543,0,0.966453791,1
143,95,2298.778,0,0.789589047,0
263,150,2308.738,1,0.009575088,0
202,168,2309.374,1,0.009836184,0
200,175,2309.628,1,0.008355979,0
196,194,2310.297,1,0.011114369,0
95,198,2310.431,1,0.013437911,0
44,22,2313.068,1,0.009221517,0
271,19,2314.782,1,0.010444682,0
146,32,2315.233,1,0.009160897,0
37,36,2315.378,1,0.008619695,0
210,46,2315.733,1,0.009342191,0
103,47,2315.769,1,0.008551246,0
200,63,2316.313,1,0.008885243,0
78,74,2316.718,1,0.004372883,0
32,48,2317.209,1,0.009073243,0
228,95,2317.441,1,0.009481914,0
291,111,2318.023,1,0.013444745,0
231,133,2318.8,1,0.043638732,0
246,139,2318.995,1,0.027328979,0
143,96,2319.436,1,0.977553904,1
143,93,2321.77,0,0.985225379,1
143,95,2323.272,1,0.951334834,1
32,48,2324.693,1,0.008804432,0
144,93,2325.318,0,0.991410851,1
143,94,2331.119,1,0.998266935,1
144,95,2331.177,1,0.997024119,1
143,92,2331.794,0,0.980142593,1
143,94,2337.988,1,0.985100806,1
144,92,2342.52,0,0.771191895,0
57,3,2343.56,1,0.009019312,0
60,7,2343.686,1,0.009168397,0
311,24,2344.288,1,0.007000665,0
119,29,2344.474,1,0.009063805,0
317,30,2344.522,1,0.007026874,0
65,36,2344.727,1,0.008606881,0
179,54,2345.36,1,0.077324614,0
143,92,2346.317,0,0.689500034,0
143,91,2346.73,0,0.895642877,0
312,109,2347.287,1,0.007981759,0
200,111,2347.354,1,0.008925726,0
202,112,2347.41,1,0.009309512,0
240,194,2348.567,1,0.008313817,0
143,92,2354.388,1,0.965544820,1
143,90,2356.249,0,0.987028718,1
91,115,2358.144,1,0.022662217,0
311,160,2359.743,1,0.008333269,0
151,161,2359.79,1,0.010896415,0
65,180,2360.438,1,0.007918345,0
100,247,2362.809,1,0.012568825,0
143,92,2366.603,1,0.999901414,1
143,89,2366.755,0,0.638480961,0
143,91,2367.855,1,0.997899771,1
144,93,2369.861,1,0.964308441,1
143,89,2371.384,0,0.990364850,1
140,5,2371.817,1,0.009202793,0
142,89,2375.369,0,0.996195555,1
143,89,2377.308,0,0.992352784,1
143,88,2380.785,0,0.991696477,1
192,24,2384.286,1,0.008526381,0
143,88,2386.514,0,0.750141501,0
32,48,2386.955,1,0.033869997,0
215,109,2387.284,1,0.008633931,0
218,111,2387.359,1,0.009017172,0
315,158,2387.547,1,0.008065393,0
143,90,2387.624,1,0.989124298,1
21,123,2387.79,1,0.008263810,0
161,142,2388.46,1,0.011622761,0
143,87,2389.096,0,0.993153334,1
143,89,2389.624,1,0.996332109,1
287,181,2389.821,1,0.008131494,0
180,190,2390.14,1,0.013856458,0
271,15,2394.639,1,0.010344781,0
103,18,2394.74,1,0.043968510,0
15,23,2394.901,1,0.044983782,0
267,23,2394.911,1,0.010514099,0
77,48,2395.801,1,0.008653467,0
136,70,2396.572,1,0.010287888,0
232,71,2396.597,1,0.009527370,0
131,71,2396.609,1,0.009800831,0
84,71,2396.617,1,0.008827361,0
167,77,2396.83,1,0.010107219,0
118,95,2397.453,1,0.005607167,0
336,101,2397.655,1,0.006149167,0
336,102,2397.691,1,0.009218312,0
286,106,2397.843,1,0.009913421,0
329,117,2398.216,1,0.010703322,0
179,120,2398.34,1,0.056483574,0
127,126,2398.546,1,0.030868929,0
130,127,2398.576,1,0.032265201,0
109,135,2398.872,1,0.020004110,0
225,147,2399.275,1,0.008723676,0
108,149,2399.349,1,0.008998460,0
215,157,2399.63,1,0.008290983,0
102,157,2399.65,1,0.008509347,0
208,160,2399.729,1,0.004439192,0
86,173,2400.206,1,0.008439703,0
143,88,2401.691,1,0.981817901,1
138,242,2402.147,1,0.012910303,0
143,87,2411.559,1,0.989224374,1
143,87,2416.883,1,0.996232450,1
143,84,2421.827,0,0.985609949,1
143,86,2422.975,1,0.058910206,0
236,20,2424.171,1,0.006815089,0
142,88,2424.424,1,0.999378562,1
154,31,2424.539,1,0.016822098,0
143,87,2424.656,1,0.999860048,1
70,77,2426.161,1,0.023147557,0
224,83,2426.367,1,0.048572909,0
289,85,2426.441,1,0.012805905,0
63,86,2426.47,1,0.018760202,0
19,97,2426.864,1,0.013915184,0
55,98,2426.913,1,0.016414577,0
48,112,2427.407,1,0.008860506,0
200,224,2427.93,1,0.006679578,0
143,86,2428.599,1,0.958786607,1
263,152,2428.811,1,0.009557982,0
333,123,2429.277,1,0.007612552,0
193,178,2429.728,1,0.008403650,0
166,232,2431.621,1,0.008128679,0
39,249,2432.22,1,0.007273918,0
340,14,2434.582,1,0.009827225,0
244,14,2434.597,1,0.010068975,0
143,83,2436.573,0,0.987429440,1
138,91,2437.326,1,0.009395585,0
140,118,2438.264,1,0.055948433,0
87,147,2439.275,1,0.009306983,0
143,86,2441.581,1,0.974319339,1
143,83,2441.889,0,0.990356982,1
106,259,2444.664,1,0.007606057,0
142,82,2448.455,0,0.973936796,1
143,84,2450.288,1,0.058717933,0
143,85,2454.989,1,0.058832996,0
143,83,2458.416,1,0.058583885,0
143,84,2461.645,1,0.985661268,1
143,81,2461.913,0,0.993986249,1
143,83,2463.077,1,0.990169168,1
32,48,2463.089,1,0.008845674,0
282,24,2464.302,1,0.007475148,0
238,56,2465.415,1,0.011314757,0
87,62,2465.632,1,0.009013232,0
116,122,2467.742,1,0.011773969,0
143,80,2468.284,0,0.988451600,1
40,139,2468.349,1,0.017078336,0
40,140,2468.378,1,0.011208584,0
228,166,2469.3,1,0.010619710,0
143,81,2469.355,0,0.997828305,1
168,168,2469.376,1,0.010190482,0
136,85,2470.29,1,0.056031682,0
143,82,2470.648,1,0.995161116,1
232,206,2470.727,1,0.010123118,0
242,212,2470.93,1,0.009655610,0
240,216,2471.083,1,0.006237103,0
296,30,2475.144,1,0.007291700,0
236,40,2475.521,1,0.008472804,0
320,51,2475.915,1,0.007071592,0
76,52,2475.939,1,0.008916060,0
60,55,2476.047,1,0.008875158,0
202,63,2476.334,1,0.008870726,0
223,64,2476.349,1,0.008787968,0
125,69,2476.532,1,0.008973513,0
24,71,2476.595,1,0.010167786,0
143,82,2476.986,1,0.982885480,1
142,82,2476.998,1,0.997583151,1
143,83,2477.014,1,0.999949455,1
228,83,2477.03,1,0.009329939,0
71,83,2477.043,1,0.012425791,0
205,86,2477.123,1,0.008642389,0
191,86,2477.14,1,0.009616693,0
226,88,2477.211,1,0.009149707,0
227,96,2477.482,1,0.009389747,0
232,101,2477.657,1,0.009468838,0
268,104,2477.774,1,0.010869165,0
41,109,2477.936,1,0.008963156,0
208,110,2477.987,1,0.008897501,0
214,111,2478.0,1,0.048700724,0
143,81,2478.025,1,0.058058579,0
250,120,2478.327,1,0.036912858,0
232,144,2479.171,1,0.009242963,0
228,162,2479.829,1,0.012106104,0
235,163,2479.845,1,0.009036930,0
143,79,2479.949,0,0.998204708,1
88,167,2479.98,1,0.008212255,0
28,192,2480.874,1,0.008083275,0
318,196,2481.003,1,0.007640873,0
142,79,2481.375,0,0.996288300,1
271,207,2481.403,1,0.007780823,0
82,244,2482.701,1,0.012551466,0
143,79,2485.426,0,0.993015170,1
160,42,2485.692,0,0.207368061,0
143,80,2494.209,1,0.057604268,0
6,250,2495.812,1,0.007400180,0
30,6,2503.653,1,0.009041646,0
59,30,2504.505,1,0.008703424,0
27,52,2505.278,1,0.004281698,0
201,72,2505.989,1,0.009335013,0
206,73,2506.036,1,0.047381837,0
143,79,2506.226,1,0.956758738,1
142,80,2506.264,1,0.775113821,0
143,77,2506.501,0,0.780867279,0
263,95,2506.801,1,0.025027296,0
67,109,2507.291,1,0.009894312,0
327,144,2508.537,1,0.007646121,0
21,160,2509.089,1,0.007915065,0
0,165,2509.276,1,0.007481552,0
137,179,2509.755,1,0.008139344,0
303,183,2509.898,1,0.008079957,0
143,77,2511.604,0,0.999790967,1
143,76,2512.203,0,0.999279559,1
223,8,2514.372,1,0.009730934,0
248,14,2514.597,1,0.010151636,0
294,29,2515.109,1,0.007291234,0
160,43,2515.114,0,0.169408709,0
36,40,2515.519,1,0.008880462,0
132,41,2515.536,1,0.008797901,0
166,42,2515.573,1,0.010213276,0
312,55,2516.03,1,0.007318870,0
64,71,2516.613,1,0.004085851,0
161,40,2516.62,1,0.037911650,0
197,75,2516.754,1,0.008624586,0
77,84,2517.069,1,0.009923292,0
32,48,2517.207,1,0.008730383,0
113,93,2517.375,1,0.005582951,0
70,104,2517.765,1,0.009862664,0
63,105,2517.793,1,0.009500151,0
56,107,2517.862,1,0.009138482,0
43,108,2517.925,1,0.009215747,0
143,79,2518.239,1,0.929162800,1
65,127,2518.576,1,0.014552139,0
142,78,2518.98,1,0.834518373,0
143,76,2518.986,0,0.585343480,0
79,154,2519.518,1,0.008750867,0
293,158,2519.665,1,0.008853215,0
43,158,2519.676,1,0.008207965,0
338,160,2519.739,1,0.007473086,0
147,160,2519.749,1,0.010176731,0
19,171,2520.147,1,0.007860298,0
184,187,2520.687,1,0.009475937,0
48,188,2520.716,1,0.008804635,0
215,191,2520.827,1,0.007431713,0
140,194,2520.937,1,0.008240192,0
143,196,2521.0,1,0.008682956,0
271,199,2521.106,1,0.008293131,0
192,205,2521.33,1,0.007532377,0
31,207,2521.413,1,0.007474458,0
25,208,2521.426,1,0.007751278,0
73,214,2521.64,1,0.008240351,0
196,227,2522.097,1,0.011274188,0
63,218,2523.369,1,0.007485483,0
143,77,2525.148,1,0.976202965,1
142,75,2525.3,0,0.977825880,1
142,77,2533.27,1,0.981401265,1
143,74,2535.742,0,0.984710515,1
143,75,2537.605,0,0.979414403,1
142,76,2542.62,1,0.055456474,0
143,74,2544.318,0,0.988565624,1
296,32,2544.569,1,0.007496757,0
150,34,2544.647,1,0.009698093,0
151,38,2544.784,1,0.013042980,0
136,43,2544.968,1,0.010469956,0
141,50,2545.206,1,0.008640391,0
143,75,2546.093,1,0.980913341,1
333,190,2546.202,1,0.010662868,0
283,122,2547.472,1,0.010026906,0
144,119,2547.646,1,0.016713157,0
142,73,2547.773,0,0.994897306,1
143,73,2548.809,0,0.999397516,1
267,153,2548.84,1,0.008995412,0
104,225,2551.391,1,0.007968992,0
142,75,2553.294,1,0.989577770,1
87,48,2555.782,1,0.008617744,0
84,55,2556.03,1,0.008917568,0
218,62,2556.291,1,0.008834314,0
338,63,2556.311,1,0.006784345,0
221,84,2557.054,1,0.008876689,0
5,136,2558.895,1,0.013017984,0
299,140,2559.048,1,0.008736444,0
300,176,2560.295,1,0.008202711,0
219,190,2560.791,1,0.004151565,0
143,74,2561.111,1,0.998798728,1
143,72,2561.361,0,0.992679119,1
11,258,2563.187,1,0.007162656,0
142,71,2571.248,0,0.990261257,1
143,73,2571.756,1,0.999428093,1
143,74,2572.276,1,0.998209119,1
143,71,2572.806,0,0.998088062,1
97,6,2583.654,1,0.009304543,0
72,16,2584.023,1,0.009088214,0
173,36,2584.712,1,0.097375371,0
172,37,2584.748,1,0.044531833,0
252,49,2585.17,1,0.009104121,0
233,52,2585.29,1,0.011523994,0
159,63,2585.666,1,0.009917215,0
271,68,2585.848,1,0.010604860,0
273,70,2585.916,1,0.008677847,0
250,90,2586.614,1,0.042424589,0
208,94,2586.765,1,0.047224291,0
189,102,2587.05,1,0.009197989,0
135,105,2587.15,1,0.022298248,0
268,108,2587.251,1,0.008603651,0
198,118,2587.605,1,0.008899855,0
136,118,2587.621,1,0.014976102,0
184,223,2591.307,1,0.009137152,0
272,243,2592.038,1,0.007114844,0
200,10,2594.437,1,0.009819892,0
167,28,2595.079,1,0.009100272,0
175,56,2596.087,1,0.014387791,0
99,102,2597.704,1,0.012988536,0
246,104,2597.781,1,0.007594856,0
245,105,2597.804,1,0.009870117,0
292,109,2597.935,1,0.009185882,0
18,134,2598.832,1,0.013289504,0
116,147,2599.279,1,0.009149784,0
111,149,2599.367,1,0.009504494,0
301,156,2599.6,1,0.008602732,0
143,71,2599.82,1,0.986386418,1
108,186,2600.673,1,0.008822301,0
192,211,2601.547,1,0.007450316,0
142,70,2605.056,1,0.993991554,1
160,45,2620.342,0,0.174105659,0
244,214,2621.111,1,0.006829380,0
308,105,2621.674,1,0.008205559,0
142,69,2621.69,1,0.987449765,1
143,67,2622.151,0,0.589544713,0
258,18,2624.086,1,0.007128442,0
281,28,2624.433,1,0.007355189,0
172,71,2625.945,1,0.009442826,0
193,77,2626.157,1,0.053159662,0
160,85,2626.445,1,0.080482632,0
128,86,2626.485,1,0.049864650,0
127,88,2626.547,1,0.057889633,0
194,95,2626.805,1,0.050061200,0
285,103,2627.08,1,0.009473240,0
59,128,2627.959,1,0.008383375,0
160,134,2628.164,1,0.013058623,0
39,134,2628.177,1,0.007950775,0
315,181,2629.821,1,0.007963506,0
142,65,2634.259,0,0.935436189,1
48,15,2634.646,1,0.039463427,0
224,32,2635.231,1,0.007785202,0
143,66,2635.754,0,0.965860307,1
18,96,2637.473,1,0.009226912,0
21,120,2638.35,1,0.013841019,0
19,125,2638.494,1,0.013600951,0
244,142,2639.1,1,0.009221922,0
230,143,2639.134,1,0.009099072,0
48,156,2639.61,1,0.008092474,0
120,157,2639.653,1,0.005946566,0
214,159,2639.694,1,0.008199593,0
120,160,2639.754,1,0.007302359,0
166,174,2640.247,1,0.009648226,0
257,181,2640.471,1,0.008125777,0
106,188,2640.726,1,0.008015227,0
111,188,2640.736,1,0.007856726,0
160,199,2641.108,1,0.008208789,0
165,199,2641.113,1,0.008334099,0
229,203,2641.256,1,0.005058690,0
335,235,2642.386,1,0.010140688,0
143,67,2642.741,1,0.051069204,0
142,64,2651.662,0,0.991598487,1
142,66,2651.821,1,0.998219073,1
143,64,2657.218,0,0.999880195,1
142,63,2657.541,0,0.999507785,1
142,65,2657.8,1,0.995215774,1
142,63,2665.581,0,0.992078006,1
142,65,2665.73,1,0.984050691,1
208,109,2667.294,1,0.008912946,0
204,80,2667.61,1,0.009031696,0
192,141,2668.425,1,0.004646724,0
264,166,2669.294,1,0.008935299,0
38,232,2671.636,1,0.007673558,0
32,242,2671.974,1,0.007481552,0
143,63,2671.994,0,0.997318685,1
266,243,2672.01,1,0.006583357,0
142,64,2672.021,1,0.996688902,1
283,122,2673.243,1,0.009954124,0
291,12,2674.537,1,0.010229109,0
119,43,2675.607,1,0.008524036,0
8,53,2675.975,1,0.012058942,0
217,63,2676.332,1,0.008419086,0
211,65,2676.387,1,0.008530652,0
37,77,2676.807,1,0.010015027,0
261,78,2676.841,1,0.008988129,0
259,80,2676.929,1,0.008933584,0
130,101,2677.657,1,0.006436158,0
31,102,2677.704,1,0.008960077,0
7,115,2678.146,1,0.013749581,0
230,124,2678.463,1,0.044082735,0
282,127,2678.569,1,0.018418347,0
299,139,2678.995,1,0.012306302,0
4,111,2679.793,1,0.008520140,0
285,171,2680.134,1,0.008217578,0
20,182,2680.509,1,0.008661025,0
143,64,2681.405,1,0.983815134,1
311,252,2682.984,1,0.009789093,0
142,64,2684.6,1,0.966400683,1
32,48,2694.352,1,0.032534923,0
142,60,2695.408,0,0.991494298,1
74,84,2706.408,1,0.024202311,0
191,93,2706.725,1,0.053948052,0
186,144,2708.544,1,0.010968626,0
309,150,2708.74,1,0.008156762,0
191,166,2709.293,1,0.008937080,0
142,61,2709.319,1,0.984604955,1
112,188,2710.076,1,0.013551136,0
89,192,2710.231,1,0.013497178,0
108,194,2710.282,1,0.013485843,0
342,24,2714.952,1,0.009788857,0
39,43,2715.632,1,0.008512848,0
37,49,2715.845,1,0.008346270,0
136,69,2716.543,1,0.047121704,0
68,32,2716.62,1,0.009001409,0
96,72,2716.641,1,0.008854127,0
152,78,2716.856,1,0.010419022,0
338,82,2716.999,1,0.006830680,0
339,86,2717.136,1,0.007216081,0
60,90,2717.266,1,0.010544492,0
43,96,2717.502,1,0.009390961,0
47,102,2717.684,1,0.009319341,0
309,115,2718.169,1,0.011597291,0
160,116,2718.182,1,0.076100014,0
260,143,2719.128,1,0.010010782,0
36,143,2719.156,1,0.008309611,0
176,150,2719.397,1,0.012434684,0
322,167,2720.003,1,0.008042532,0
160,175,2720.27,1,0.010036007,0
142,60,2720.495,1,0.984750509,1
288,184,2720.583,1,0.008131240,0
147,198,2721.083,1,0.008502321,0
117,214,2721.662,1,0.008088609,0
160,46,2739.185,1,0.096981950,0
160,48,2740.155,0,0.204470173,0
223,32,2744.574,1,0.007710828,0
142,58,2745.493,1,0.946064055,1
137,79,2746.252,1,0.054728098,0
19,162,2749.161,1,0.008002509,0
272,20,2754.817,1,0.010437085,0
90,21,2754.848,1,0.042989187,0
231,44,2755.642,1,0.009600739,0
55,47,2755.769,1,0.008555818,0
63,56,2756.079,1,0.008428128,0
142,57,2756.11,1,0.918647528,1
329,75,2756.737,1,0.006763133,0
24,78,2756.842,1,0.009543070,0
80,93,2757.375,1,0.011474009,0
120,107,2757.883,1,0.014133751,0
311,109,2757.936,1,0.008193933,0
311,114,2758.124,1,0.011491817,0
294,121,2758.354,1,0.013022610,0
256,125,2758.513,1,0.029858608,0
13,126,2758.553,1,0.013496479,0
331,134,2758.815,1,0.010739178,0
57,142,2759.098,1,0.008942598,0
116,150,2759.397,1,0.009381868,0
44,152,2759.466,1,0.008215542,0
215,182,2760.524,1,0.005810917,0
246,183,2760.572,1,0.009458981,0
296,189,2760.78,1,0.007923175,0
166,192,2760.863,1,0.009551425,0
165,196,2761.014,1,0.010534150,0
165,197,2761.059,1,0.007713360,0
256,199,2761.128,1,0.007978074,0
76,200,2761.139,1,0.008912803,0
12,200,2761.146,1,0.008516782,0
238,47,2762.105,1,0.013994300,0
165,211,2763.721,1,0.008276105,0
142,55,2782.418,1,0.047368258,0
16,19,2784.109,1,0.008925874,0
22,19,2784.126,1,0.008982363,0
244,19,2784.139,1,0.007143854,0
150,24,2784.316,1,0.009490782,0
144,26,2784.375,1,0.009237934,0
149,27,2784.401,1,0.009220934,0
7,229,2784.841,1,0.007472365,0
176,46,2785.075,1,0.009173943,0
266,73,2786.016,1,0.022122610,0
207,134,2788.183,1,0.008850441,0
142,53,2790.409,0,0.511020243,0
180,225,2791.379,1,0.010024364,0
32,248,2792.19,1,0.008940371,0
174,250,2792.277,1,0.008669857,0
61,8,2794.389,1,0.041385230,0
192,46,2795.736,1,0.009033234,0
247,67,2796.468,1,0.008423808,0
289,104,2797.773,1,0.009778596,0
142,54,2798.728,1,0.047362901,0
162,49,2801.087,0,0.488979191,0
64,245,2802.748,1,0.012373460,0
142,51,2808.175,0,0.971525967,1
142,53,2812.471,1,0.984720707,1
141,51,2813.603,0,0.980611861,1
162,50,2813.674,0,0.317059010,0
142,51,2815.66,0,0.979850173,1
224,5,2823.623,1,0.006357371,0
142,50,2824.099,0,0.952521801,1
142,51,2827.087,0,0.991830528,1
195,131,2828.089,1,0.008729925,0
142,50,2831.422,0,0.992018521,1
260,14,2834.568,1,0.010251447,0
168,14,2834.579,1,0.016530914,0
198,23,2834.908,1,0.010720199,0
215,28,2835.097,1,0.007520316,0
328,29,2835.127,1,0.006881760,0
15,70,2836.577,1,0.009589075,0
142,51,2836.577,1,0.998236060,1
142,49,2836.679,0,0.993423700,1
334,75,2836.743,1,0.006806091,0
81,78,2836.855,1,0.004050881,0
32,48,2836.903,1,0.008533726,0
255,112,2838.055,1,0.032886814,0
184,118,2838.252,1,0.058539256,0
16,124,2838.483,1,0.013611044,0
178,128,2838.627,1,0.042828888,0
328,134,2838.828,1,0.010860725,0
211,171,2840.124,1,0.005222141,0
293,173,2840.19,1,0.008137734,0
329,175,2840.267,1,0.007665109,0
63,183,2840.561,1,0.008165848,0
149,184,2840.605,1,0.008386042,0
43,192,2840.864,1,0.007650514,0
251,195,2840.968,1,0.008335561,0
215,222,2841.919,1,0.008033894,0
121,223,2841.967,1,0.008100853,0
36,228,2842.14,1,0.012373263,0
11,230,2842.2,1,0.012104274,0
143,52,2843.896,1,0.984113932,1
142,49,2843.992,0,0.979214787,1
142,50,2854.81,1,0.964019120,1
142,49,2854.971,0,0.966133058,1
161,52,2856.572,0,0.319214761,0
254,24,2864.298,1,0.007306484,0
141,50,2865.2,1,0.997782171,1
142,51,2865.242,1,0.994724452,1
93,58,2865.503,1,0.008736885,0
326,117,2867.573,1,0.007513582,0
288,231,2871.586,1,0.006925892,0
142,49,2872.142,1,0.993073940,1
343,7,2874.351,1,0.009741024,0
291,14,2874.606,1,0.011683739,0
293,16,2874.663,1,0.007616848,0
340,36,2875.367,1,0.006620769,0
8,54,2876.017,1,0.010665908,0
340,55,2876.03,1,0.006744635,0
339,83,2877.019,1,0.006957319,0
77,96,2877.501,1,0.011321181,0
43,100,2877.645,1,0.009242526,0
126,109,2877.94,1,0.014725113,0
195,115,2878.154,1,0.047760058,0
69,117,2878.243,1,0.017412379,0
56,127,2878.597,1,0.014110574,0
248,136,2878.885,1,0.028365854,0
109,143,2879.138,1,0.009197347,0
114,149,2879.37,1,0.009009233,0
163,160,2879.75,1,0.010555328,0
160,168,2880.012,1,0.010088135,0
36,173,2880.203,1,0.008293344,0
88,184,2880.6,1,0.008436966,0
220,187,2880.683,1,0.002949436,0
240,194,2880.935,1,0.008658590,0
30,221,2881.89,1,0.007377891,0
142,47,2882.233,0,0.991503477,1
142,48,2883.248,1,0.995612860,1
161,53,2888.016,0,0.262405187,0
183,224,2896.406,1,0.007804112,0
142,45,2899.395,0,0.957377553,1
32,48,2905.131,1,0.008663383,0
25,48,2905.159,1,0.009360090,0
263,78,2906.199,1,0.022509772,0
254,80,2906.275,1,0.035312641,0
304,105,2907.151,1,0.008331542,0
141,115,2907.497,1,0.019969687,0
136,118,2907.601,1,0.015849460,0
43,148,2908.666,1,0.007922943,0
131,151,2908.787,1,0.009180090,0
64,221,2911.235,1,0.008212804,0
188,6,2914.325,1,0.010316608,0
255,16,2914.671,1,0.010281137,0
292,39,2915.474,1,0.007477842,0
276,63,2916.331,1,0.010506730,0
278,65,2916.378,1,0.007169523,0
273,65,2916.389,1,0.009202524,0
67,93,2917.386,1,0.010725413,0
254,104,2917.78,1,0.009209283,0
317,111,2918.029,1,0.011217053,0
227,144,2919.165,1,0.009246417,0
320,206,2921.369,1,0.007548527,0
98,212,2921.588,1,0.008973929,0
39,213,2921.62,1,0.007593987,0
8,217,2922.678,1,0.012304211,0
142,44,2926.411,0,0.470186085,0
162,54,2926.811,0,0.501928210,0
142,45,2934.784,1,0.047800150,0
161,54,2939.421,0,0.979909360,1
161,53,2940.179,1,0.986768961,1
142,42,2940.939,0,0.989393592,1
124,5,2943.625,1,0.009156972,0
50,13,2943.906,1,0.008993411,0
95,15,2943.981,1,0.009040194,0
130,16,2944.01,1,0.004561073,0
131,17,2944.04,1,0.010522793,0
130,22,2944.235,1,0.009067249,0
115,31,2944.546,1,0.009051867,0
141,45,2945.027,1,0.933801949,1
161,51,2945.255,1,0.919967949,1
57,56,2945.434,1,0.008771257,0
69,67,2945.82,1,0.008533641,0
204,70,2945.918,1,0.008644795,0
215,79,2946.247,1,0.047640752,0
96,102,2947.052,1,0.012619528,0
261,150,2948.734,1,0.009292345,0
56,152,2948.818,1,0.008639639,0
161,55,2949.925,0,0.948533595,1
212,71,2956.59,1,0.008909715,0
204,80,2956.909,1,0.008448643,0
142,42,2957.465,0,0.991787374,1
199,183,2960.565,1,0.007585439,0
277,197,2961.042,1,0.007936031,0
264,217,2961.77,1,0.007383830,0
142,41,2962.696,0,0.460917294,0
142,43,2963.312,1,0.997052789,1
126,216,2963.396,1,0.007962315,0
142,42,2971.341,1,0.996988356,1
142,41,2973.219,0,0.992746770,1
142,42,2978.967,1,0.048422147,0
161,55,2984.557,1,0.348930717,0
162,54,2985.176,1,0.668249667,0
142,41,2988.683,1,0.999439538,1
11,182,2989.864,1,0.007833276,0
73,51,2992.703,1,0.008451963,0
209,8,2994.39,1,0.009641591,0
165,32,2995.23,1,0.009130041,0
137,43,2995.623,1,0.057097677,0
174,45,2995.682,1,0.008860846,0
142,47,2995.774,1,0.849365175,0
238,56,2996.063,1,0.010844868,0
142,39,2997.031,0,0.990966737,1
311,107,2997.865,1,0.008153838,0
290,128,2998.608,1,0.013880261,0
20,136,2998.9,1,0.013250980,0
37,167,2999.982,1,0.009200011,0
340,168,3000.03,1,0.007638295,0
160,199,3001.113,1,0.008879290,0
230,238,3002.482,1,0.004308553,0
41,252,3002.974,1,0.012051128,0
142,40,3008.293,1,0.972301841,1
161,56,3010.543,1,0.048484486,0
163,57,3011.222,0,0.964273214,1
32,48,3020.304,1,0.008476602,0
162,55,3020.713,1,0.966210067,1
154,3,3023.555,1,0.009709407,0
15,23,3024.25,1,0.008480719,0
276,24,3024.286,1,0.007422138,0
84,24,3024.292,1,0.009067034,0
42,29,3024.482,1,0.008904438,0
88,43,3024.966,1,0.008974849,0
199,44,3025.003,1,0.009186612,0
132,64,3025.696,1,0.008692306,0
150,71,3025.95,1,0.009350734,0
323,87,3026.528,1,0.010610370,0
330,90,3026.636,1,0.010423250,0
333,91,3026.655,1,0.010357125,0
141,37,3026.797,0,0.448452681,0
32,48,3026.841,1,0.033938542,0
7,229,3027.048,1,0.007666756,0
226,102,3027.054,1,0.009224680,0
332,103,3027.097,1,0.007329867,0
15,112,3027.388,1,0.008255282,0
95,114,3027.467,1,0.010878299,0
162,58,3027.728,0,0.942431033,1
194,191,3030.178,1,0.011438658,0
161,59,3030.253,0,0.530086696,0
85,251,3032.305,1,0.007572950,0
3,24,3034.947,1,0.042695828,0
330,30,3035.148,1,0.006756631,0
123,34,3035.294,1,0.008908293,0
219,48,3035.804,1,0.011584612,0
55,56,3036.073,1,0.008383644,0
224,59,3036.186,1,0.009228856,0
176,76,3036.771,1,0.009537320,0
142,37,3036.996,0,0.976705134,1
304,82,3037.001,1,0.008234314,0
57,93,3037.385,1,0.010065639,0
136,100,3037.638,1,0.005731654,0
247,107,3037.891,1,0.009437087,0
160,116,3038.182,1,0.074303836,0
254,131,3038.708,1,0.027967755,0
310,134,3038.824,1,0.011710164,0
314,135,3038.878,1,0.011509917,0
36,144,3039.167,1,0.008317764,0
42,160,3039.749,1,0.007984662,0
111,166,3039.959,1,0.008235354,0
33,181,3040.485,1,0.007758571,0
100,187,3040.684,1,0.008942437,0
163,59,3040.9,0,0.979893446,1
95,195,3040.979,1,0.008107040,0
89,200,3041.143,1,0.008132621,0
234,236,3042.426,1,0.007320256,0
100,217,3042.634,1,0.013123309,0
329,243,3042.66,1,0.010004588,0
215,246,3042.773,1,0.009707527,0
220,256,3043.138,1,0.004854206,0
159,258,3043.199,1,0.007671793,0
13,248,3043.39,1,0.007364198,0
141,36,3045.205,0,0.954191744,1
142,36,3057.642,0,0.985405445,1
161,58,3059.839,1,0.982819796,1
161,60,3060.229,0,0.982741177,1
142,37,3063.212,1,0.971442699,1
135,37,3064.755,1,0.009132585,0
165,57,3065.457,1,0.950097263,1
5,77,3066.165,1,0.013904667,0
161,59,3067.086,1,0.992352426,1
90,113,3067.425,1,0.010635484,0
95,198,3070.427,1,0.013470094,0
27,203,3070.607,1,0.012742249,0
231,227,3071.45,1,0.005059729,0
46,13,3074.572,1,0.039333992,0
39,47,3075.749,1,0.008445200,0
22,48,3075.804,1,0.008497793,0
161,55,3076.035,1,0.878448784,0
163,56,3076.064,1,0.940761745,1
99,87,3077.159,1,0.005317645,0
162,61,3077.968,0,0.979041398,1
231,128,3078.603,1,0.044064958,0
109,148,3079.326,1,0.009262223,0
288,200,3081.15,1,0.007832420,0
183,206,3081.37,1,0.008933697,0
161,211,3081.534,1,0.008066232,0
161,61,3082.637,0,0.542311370,0
200,224,3084.112,1,0.006741623,0
142,34,3084.262,0,0.996302962,1
163,58,3087.434,1,0.965629518,1
142,36,3087.681,1,0.996295273,1
141,34,3087.986,0,0.990145326,1
142,39,3089.719,1,0.961766243,1
161,60,3096.884,1,0.616872072,0
142,35,3101.301,1,0.970411658,1
142,33,3101.944,0,0.970242858,1
248,35,3104.686,1,0.007916929,0
251,69,3105.882,1,0.008975515,0
23,167,3109.336,1,0.007720883,0
230,248,3112.187,1,0.005395109,0
344,254,3112.397,1,0.006597528,0
229,40,3115.505,1,0.008993831,0
32,48,3115.78,1,0.008630564,0
107,52,3115.927,1,0.008458043,0
141,32,3116.222,0,0.958215654,1
161,61,3116.24,1,0.980961144,1
112,61,3116.263,1,0.008881359,0
154,72,3116.643,1,0.009643096,0
112,79,3116.885,1,0.009197855,0
221,159,3119.719,1,0.008275389,0
159,57,3120.429,1,0.950077951,1
132,192,3120.861,1,0.008299997,0
10,193,3120.922,1,0.007696674,0
13,194,3120.936,1,0.007606449,0
136,200,3121.141,1,0.008165698,0
32,207,3121.39,1,0.007478687,0
309,224,3121.993,1,0.007256575,0
16,253,3123.01,1,0.007169214,0
162,61,3123.203,1,0.949613810,1
142,34,3123.355,1,0.994161189,1
142,32,3124.482,0,0.963584483,1
161,57,3124.594,1,0.883068800,0
162,64,3135.048,0,0.984373689,1
32,46,3145.068,1,0.008818195,0
80,152,3148.825,1,0.008632531,0
222,205,3150.672,1,0.014381566,0
140,244,3152.056,1,0.007756413,0
8,13,3154.563,1,0.037422501,0
247,18,3154.744,1,0.010283234,0
239,19,3154.76,1,0.010153729,0
208,20,3154.813,1,0.009938422,0
267,23,3154.904,1,0.010464271,0
155,27,3155.062,1,0.009968011,0
185,39,3155.464,1,0.009101007,0
9,48,3155.797,1,0.004672650,0
307,59,3156.169,1,0.007233449,0
217,59,3156.176,1,0.008416606,0
23,91,3157.326,1,0.008943701,0
291,103,3157.726,1,0.009620604,0
268,104,3157.763,1,0.010915036,0
156,108,3157.905,1,0.005949608,0
308,119,3158.307,1,0.011672447,0
9,122,3158.412,1,0.013608452,0
154,128,3158.619,1,0.058722988,0
186,132,3158.749,1,0.038604446,0
311,136,3158.909,1,0.011679445,0
312,143,3159.132,1,0.008104785,0
133,173,3160.191,1,0.008570177,0
298,176,3160.304,1,0.008304677,0
95,179,3160.403,1,0.007904355,0
301,181,3160.471,1,0.007933673,0
96,185,3160.631,1,0.008246714,0
91,192,3160.884,1,0.007795441,0
111,194,3160.934,1,0.007870940,0
151,50,3162.233,1,0.046926044,0
336,238,3162.484,1,0.010112606,0
163,66,3181.438,0,0.995621741,1
123,4,3183.584,1,0.009100560,0
92,58,3185.499,1,0.008776064,0
2,87,3186.515,1,0.013176253,0
177,119,3187.645,1,0.005201022,0
83,134,3188.169,1,0.008839042,0
267,150,3188.74,1,0.009507068,0
40,151,3188.782,1,0.008129172,0
204,174,3189.574,1,0.010146376,0
0,195,3190.334,1,0.012506236,0
38,203,3190.601,1,0.012855679,0
268,231,3191.594,1,0.006949098,0
24,3,3194.22,1,0.036710173,0
227,55,3196.031,1,0.008533854,0
164,59,3196.188,1,0.008900726,0
163,64,3196.336,1,0.999829054,1
162,65,3196.383,1,0.999802291,1
205,65,3196.397,1,0.008324682,0
207,70,3196.559,1,0.008274184,0
136,118,3198.255,1,0.054714765,0
27,123,3198.444,1,0.013919725,0
142,31,3198.696,1,0.045923162,0
111,136,3198.909,1,0.021022664,0
221,144,3199.188,1,0.009096570,0
183,224,3200.599,1,0.007774035,0
41,191,3200.848,1,0.007616899,0
142,30,3202.144,1,0.045434926,0
161,65,3203.288,1,0.989466846,1
162,66,3208.517,1,0.994766951,1
32,48,3209.52,1,0.008727689,0
161,67,3212.756,0,0.991389811,1
142,28,3214.951,0,0.420806646,0
236,9,3223.769,1,0.006512218,0
169,93,3226.719,1,0.078337923,0
53,94,3226.754,1,0.016807744,0
328,112,3227.406,1,0.007640124,0
162,67,3229.583,1,0.964369774,1
279,199,3230.467,1,0.010956972,0
207,208,3230.786,1,0.010386780,0
95,213,3232.164,1,0.008006576,0
217,16,3234.664,1,0.009780357,0
141,29,3235.124,1,0.875916362,0
231,45,3235.684,1,0.009418812,0
238,47,3235.758,1,0.009595648,0
48,58,3236.147,1,0.008667738,0
32,48,3236.868,1,0.008648130,0
150,79,3236.895,1,0.010041262,0
299,93,3237.372,1,0.008834147,0
163,67,3237.925,1,0.956314921,1
67,140,3239.054,1,0.008948808,0
200,158,3239.687,1,0.010261752,0
142,26,3243.944,0,0.855922759,0
162,70,3244.122,0,0.984782517,1
142,28,3256.038,1,0.434789687,0
32,48,3256.709,1,0.008589248,0
162,68,3258.659,1,0.055975366,0
163,70,3260.018,0,0.979723930,1
69,4,3263.608,1,0.009169129,0
157,26,3264.365,1,0.009957681,0
132,34,3264.656,1,0.009252308,0
134,37,3264.748,1,0.008920830,0
131,42,3264.924,1,0.008731448,0
135,43,3264.963,1,0.008434816,0
234,47,3265.104,1,0.009689154,0
204,131,3268.075,1,0.009007659,0
160,134,3268.171,1,0.013686658,0
2,144,3268.541,1,0.007625633,0
103,189,3270.112,1,0.013601840,0
31,259,3272.585,1,0.007338580,0
163,71,3273.817,0,0.975576401,1
86,14,3274.582,1,0.043923218,0
247,16,3274.669,1,0.010206689,0
293,24,3274.931,1,0.010390780,0
308,51,3275.898,1,0.007280477,0
32,48,3276.579,1,0.008529079,0
29,94,3277.402,1,0.009083698,0
85,95,3277.44,1,0.012393143,0
31,114,3278.11,1,0.014274210,0
161,124,3278.479,1,0.063860364,0
48,132,3278.767,1,0.013867423,0
104,135,3278.848,1,0.028067829,0
103,135,3278.858,1,0.029524824,0
313,152,3279.464,1,0.008234099,0
332,167,3279.981,1,0.007506697,0
184,174,3280.231,1,0.009371061,0
43,180,3280.436,1,0.007711050,0
81,208,3281.439,1,0.007994757,0
172,224,3281.988,1,0.007980196,0
160,231,3282.253,1,0.013659571,0
162,72,3285.698,0,0.982498109,1
142,26,3287.64,1,0.580003977,0
162,70,3289.773,1,0.975267708,1
163,71,3299.571,1,0.937056780,1
147,27,3304.397,1,0.372250736,0
232,36,3304.719,1,0.008350134,0
212,48,3305.137,1,0.010713268,0
49,60,3305.571,1,0.009608086,0
164,68,3305.849,1,0.799751818,0
167,76,3306.12,1,0.059235744,0
163,73,3307.246,0,0.985054374,1
11,122,3307.749,1,0.007909076,0
338,125,3307.856,1,0.007214178,0
295,157,3308.98,1,0.008356477,0
277,167,3309.337,1,0.008648281,0
285,168,3309.383,1,0.008684237,0
163,184,3309.932,1,0.009191887,0
37,192,3310.224,1,0.013052117,0
168,196,3310.358,1,0.015140056,0
296,206,3310.715,1,0.010616494,0
294,222,3311.278,1,0.007045731,0
142,24,3311.872,0,0.923548639,1
139,31,3312.304,1,0.013638567,0
142,26,3312.624,1,0.921466172,1
136,2,3314.174,1,0.024727324,0
303,10,3314.461,1,0.010078643,0
212,23,3314.924,1,0.010191699,0
51,40,3315.497,1,0.009022509,0
47,41,3315.538,1,0.008785888,0
162,74,3315.562,0,0.976001859,1
319,195,3315.562,1,0.007555328,0
305,47,3315.744,1,0.007326946,0
108,48,3315.781,1,0.008943308,0
2,56,3316.064,1,0.011172851,0
33,61,3316.269,1,0.004791296,0
43,63,3316.334,1,0.003855625,0
19,64,3316.365,1,0.011095319,0
240,71,3316.602,1,0.009345201,0
32,48,3317.068,1,0.008578207,0
128,101,3317.673,1,0.005781548,0
78,106,3317.846,1,0.010686173,0
87,108,3317.897,1,0.011331246,0
120,110,3317.981,1,0.014261407,0
58,110,3317.996,1,0.009437082,0
216,128,3318.606,1,0.044452824,0
89,138,3318.98,1,0.016004641,0
122,147,3319.271,1,0.015939618,0
120,147,3319.278,1,0.013121432,0
158,148,3319.309,1,0.011820053,0
166,158,3319.663,1,0.011196203,0
61,159,3319.695,1,0.009740858,0
317,160,3319.737,1,0.008072366,0
323,164,3319.874,1,0.007769198,0
177,166,3319.944,1,0.010872601,0
168,168,3320.042,1,0.010827224,0
77,180,3320.462,1,0.007882510,0
140,192,3320.866,1,0.009640438,0
289,205,3321.325,1,0.008103401,0
164,207,3321.392,1,0.008715952,0
127,207,3321.404,1,0.007970372,0
255,208,3321.434,1,0.008865532,0
333,210,3321.498,1,0.008122407,0
119,230,3322.216,1,0.012877985,0
122,231,3322.238,1,0.012871415,0
163,72,3329.872,1,0.972139716,1
162,73,3335.812,1,0.998596370,1
162,75,3337.75,0,0.965772450,1
163,71,3337.872,1,0.925255895,1
7,229,3341.675,0,0.095770679,0
164,75,3341.788,0,0.989842117,1
162,71,3342.538,1,0.057342865,0
164,72,3344.378,1,0.983493924,1
227,141,3348.412,1,0.009213161,0
209,156,3348.947,1,0.005598793,0
141,22,3349.091,0,0.423552930,0
129,167,3349.331,1,0.008511315,0
111,208,3350.786,1,0.013199567,0
56,214,3351.009,1,0.007891204,0
181,7,3354.334,1,0.010623964,0
162,76,3354.396,0,0.972845137,1
35,10,3354.457,1,0.021133645,0
39,14,3354.599,1,0.016710320,0
111,16,3354.668,1,0.043947410,0
280,252,3354.927,1,0.009842223,0
293,46,3355.727,1,0.007619743,0
163,74,3356.014,1,0.989287853,1
243,66,3356.429,1,0.008975328,0
162,74,3356.698,1,0.988314629,1
168,80,3356.91,1,0.032987759,0
7,87,3357.166,1,0.008798786,0
331,88,3357.213,1,0.007671507,0
168,99,3357.599,1,0.021035589,0
115,107,3357.875,1,0.014264720,0
261,143,3359.138,1,0.010166106,0
49,168,3360.035,1,0.007941325,0
308,253,3363.014,1,0.006475013,0
164,76,3369.24,0,0.936888874,1
144,19,3369.295,1,0.617928743,0
71,215,3369.58,1,0.007939500,0
163,77,3372.886,0,0.988280952,1
162,75,3373.444,1,0.983128309,1
281,4,3383.585,1,0.007088191,0
28,16,3384.015,1,0.008948926,0
23,19,3384.111,1,0.008539125,0
267,23,3384.255,1,0.007359535,0
88,39,3384.828,1,0.009072850,0
144,45,3385.05,1,0.039489508,0
71,48,3385.133,1,0.009271463,0
216,59,3385.545,1,0.009044671,0
55,63,3385.669,1,0.008682013,0
29,71,3385.961,1,0.011456520,0
45,76,3386.139,1,0.018562984,0
140,79,3386.231,1,0.055713411,0
212,84,3386.414,1,0.035330102,0
210,86,3386.476,1,0.038488485,0
259,92,3386.692,1,0.032216098,0
14,94,3386.754,1,0.013601745,0
224,100,3386.974,1,0.045322530,0
315,159,3389.049,1,0.008052216,0
203,184,3389.94,1,0.008086433,0
44,190,3390.154,1,0.013161943,0
232,192,3390.214,1,0.015571049,0
196,200,3390.497,1,0.010781363,0
163,76,3392.139,1,0.977773130,1
164,78,3392.993,0,0.942574322,1
164,75,3396.731,1,0.970251620,1
79,128,3398.611,1,0.017210076,0
321,156,3399.588,1,0.008088625,0
86,165,3399.934,1,0.008708239,0
224,174,3400.243,1,0.008239713,0
180,198,3401.073,1,0.008906879,0
72,208,3401.426,1,0.008493648,0
24,224,3401.964,1,0.007921627,0
30,225,3402.025,1,0.012395863,0
136,243,3402.659,1,0.012808196,0
189,88,3403.953,1,0.009602612,0
32,48,3406.273,1,0.035440996,0
163,80,3414.597,0,0.675935566,0
162,77,3417.342,1,0.750386596,0
8,252,3422.975,1,0.011781296,0
107,3,3423.547,1,0.009014740,0
48,34,3424.648,1,0.008867009,0
211,58,3425.498,1,0.009090938,0
32,48,3426.702,1,0.035500526,0
89,112,3427.393,1,0.011377702,0
146,117,3427.572,1,0.017308196,0
163,125,3427.849,1,0.018194007,0
233,133,3428.157,1,0.009261168,0
135,139,3428.347,1,0.011442855,0
311,160,3429.103,1,0.008835316,0
253,204,3430.634,1,0.011515197,0
164,78,3433.129,1,0.602191865,0
325,24,3433.414,1,0.007520989,0
31,114,3433.906,1,0.009406584,0
264,4,3434.256,1,0.010018687,0
266,251,3434.328,1,0.008827895,0
257,8,3434.375,1,0.010081388,0
220,10,3434.461,1,0.009710264,0
271,14,3434.599,1,0.010237416,0
99,20,3434.814,1,0.043958910,0
271,21,3434.85,1,0.010406148,0
235,34,3435.293,1,0.007932975,0
278,35,3435.341,1,0.007672029,0
254,36,3435.364,1,0.007632419,0
279,39,3435.474,1,0.007717793,0
238,47,3435.747,1,0.009578027,0
149,48,3435.783,1,0.008587641,0
96,52,3435.93,1,0.008896256,0
155,62,3436.282,1,0.008656163,0
70,64,3436.353,1,0.009674213,0
69,65,3436.382,1,0.009196792,0
158,69,3436.531,1,0.009312005,0
155,71,3436.592,1,0.010036144,0
306,71,3436.61,1,0.007686454,0
103,72,3436.629,1,0.008592729,0
52,75,3436.761,1,0.011657449,0
206,77,3436.822,1,0.008768115,0
219,80,3436.928,1,0.008528003,0
263,81,3436.962,1,0.012486641,0
102,85,3437.085,1,0.004350227,0
47,85,3437.114,1,0.010239794,0
42,86,3437.142,1,0.010141850,0
35,88,3437.211,1,0.009388437,0
262,90,3437.27,1,0.008743797,0
70,94,3437.405,1,0.011267035,0
69,96,3437.473,1,0.010784735,0
152,96,3437.479,1,0.005578920,0
2,98,3437.547,1,0.008967858,0
11,98,3437.558,1,0.008752091,0
224,103,3437.733,1,0.009422540,0
323,104,3437.766,1,0.008109586,0
320,105,3437.82,1,0.008256228,0
121,110,3437.965,1,0.014511473,0
232,111,3438.001,1,0.044136815,0
320,135,3438.85,1,0.011209223,0
8,147,3439.285,1,0.007808405,0
20,160,3439.754,1,0.007857744,0
167,167,3439.984,1,0.010367423,0
135,176,3440.297,1,0.008278939,0
331,183,3440.565,1,0.007534801,0
343,184,3440.608,1,0.007434714,0
160,211,3441.538,1,0.007914855,0
23,214,3441.645,1,0.007717759,0
36,173,3441.976,1,0.007689404,0
70,238,3442.494,1,0.012573909,0
265,251,3442.96,1,0.008674973,0
100,254,3443.045,1,0.007723243,0
142,18,3450.516,0,0.622540355,0
142,20,3452.125,1,0.443142146,0
163,80,3454.254,1,0.991504610,1
162,80,3455.232,1,0.988005340,1
163,81,3456.682,1,0.998496056,1
267,255,3457.308,0,0.029452303,0
162,82,3457.616,0,0.996420622,1
7,229,3462.629,0,0.501341403,0
85,43,3464.971,1,0.008430015,0
118,95,3466.8,1,0.048544884,0
176,135,3468.217,1,0.014655830,0
73,157,3468.982,1,0.008037532,0
40,224,3471.36,1,0.007631077,0
138,237,3471.803,1,0.008439635,0
229,256,3472.477,1,0.004460060,0
265,8,3474.394,1,0.010092220,0
176,28,3475.095,1,0.009045919,0
163,84,3476.315,0,0.989847839,1
121,65,3476.399,1,0.008574376,0
163,82,3476.999,1,0.986694098,1
1,109,3477.956,1,0.008192895,0
226,110,3477.984,1,0.009222019,0
54,114,3478.128,1,0.015925407,0
227,144,3479.177,1,0.009292752,0
118,151,3479.443,1,0.009540352,0
260,162,3479.807,1,0.010083934,0
183,224,3481.987,1,0.008618412,0
24,52,3491.13,1,0.004506756,0
142,17,3494.572,0,0.393483251,0
296,14,3503.94,1,0.006822872,0
164,83,3505.55,1,0.983083010,1
95,119,3507.646,1,0.010923404,0
141,18,3507.722,1,0.733474314,0
141,16,3508.023,0,0.273089677,0
286,159,3509.076,1,0.009003676,0
235,167,3509.354,1,0.009291094,0
96,192,3510.23,1,0.013579953,0
146,229,3511.52,1,0.009528573,0
259,239,3511.87,1,0.006470135,0
283,245,3512.081,1,0.006643577,0
212,247,3512.175,1,0.007739836,0
190,254,3512.406,1,0.008624448,0
189,5,3514.273,1,0.010049603,0
244,7,3514.362,1,0.009958213,0
177,8,3514.385,1,0.010999789,0
18,12,3514.511,1,0.036489490,0
164,86,3514.755,0,0.720384359,0
69,20,3514.816,1,0.014363085,0
316,22,3514.885,1,0.010142582,0
66,23,3514.898,1,0.013976500,0
140,23,3514.919,1,0.044038389,0
117,26,3515.026,1,0.009148128,0
233,29,3515.123,1,0.007437301,0
31,30,3515.166,1,0.008629831,0
65,39,3515.471,1,0.008479648,0
210,46,3515.73,1,0.011577117,0
188,48,3515.797,1,0.008974794,0
152,53,3515.962,1,0.008638822,0
260,54,3516.011,1,0.009360505,0
61,61,3516.245,1,0.008240909,0
264,69,3516.542,1,0.010032743,0
288,80,3516.934,1,0.008790407,0
162,81,3516.963,1,0.876558304,0
295,82,3516.999,1,0.008363451,0
287,86,3517.126,1,0.009743546,0
283,87,3517.165,1,0.010619881,0
53,91,3517.31,1,0.005531321,0
54,91,3517.321,1,0.011958427,0
105,104,3517.758,1,0.013499038,0
304,110,3517.985,1,0.008427964,0
104,117,3518.222,1,0.028100347,0
136,118,3518.252,1,0.056091581,0
252,134,3518.833,1,0.029347163,0
313,195,3520.98,1,0.007451768,0
168,199,3521.119,1,0.008555078,0
110,228,3522.13,1,0.012886705,0
157,229,3522.173,1,0.013552489,0
163,87,3522.325,0,0.728753448,0
309,234,3522.346,1,0.010177389,0
27,247,3522.828,1,0.012015092,0
42,254,3523.063,1,0.007591364,0
142,16,3535.486,0,0.438691229,0
141,15,3536.722,0,0.874827206,0
163,88,3540.931,0,0.982303441,1
224,4,3543.585,1,0.006503999,0
258,5,3543.627,1,0.006655018,0
202,15,3543.976,1,0.006324270,0
22,31,3544.544,1,0.008979065,0
160,83,3546.391,1,0.066030577,0
343,90,3546.625,1,0.010033264,0
164,88,3547.346,0,0.990106940,1
227,197,3550.399,1,0.013533624,0
235,200,3550.503,1,0.012301289,0
238,208,3550.783,1,0.010396436,0
284,226,3551.414,1,0.007279375,0
207,227,3551.452,1,0.006894697,0
200,224,3552.62,1,0.007144152,0
279,258,3552.869,1,0.006530331,0
18,8,3554.381,1,0.035903160,0
136,28,3555.093,1,0.009535312,0
318,32,3555.22,1,0.006946926,0
135,51,3555.887,1,0.008939521,0
65,54,3556.009,1,0.008532354,0
32,48,3557.214,1,0.008657546,0
254,95,3557.448,1,0.009365157,0
91,98,3557.551,1,0.013040561,0
102,103,3557.751,1,0.012916661,0
94,104,3557.778,1,0.012328950,0
48,107,3557.861,1,0.009106414,0
92,108,3557.907,1,0.011591390,0
23,109,3557.933,1,0.008692028,0
107,111,3558.011,1,0.037291385,0
142,15,3558.064,0,0.388487816,0
120,135,3558.869,1,0.025121573,0
289,136,3558.891,1,0.013925651,0
32,141,3559.064,1,0.008571831,0
153,148,3559.329,1,0.011563544,0
145,149,3559.374,1,0.011151505,0
45,152,3559.452,1,0.006847205,0
155,152,3559.479,1,0.011811346,0
41,156,3559.603,1,0.008956325,0
22,176,3560.298,1,0.008433676,0
15,176,3560.315,1,0.007775885,0
12,184,3560.605,1,0.008722686,0
9,186,3560.667,1,0.007679242,0
200,189,3560.77,1,0.008195359,0
194,190,3560.804,1,0.008154483,0
195,192,3560.868,1,0.007263352,0
259,196,3561.003,1,0.008965795,0
215,204,3561.29,1,0.010762593,0
229,207,3561.403,1,0.006079657,0
160,210,3561.495,1,0.009060327,0
304,214,3561.634,1,0.007409646,0
136,228,3562.128,1,0.013056233,0
33,228,3562.133,1,0.012380537,0
277,230,3562.2,1,0.010298862,0
168,231,3562.242,1,0.014104466,0
234,235,3562.387,1,0.009432301,0
302,241,3562.59,1,0.010014899,0
301,243,3562.672,1,0.009973004,0
163,90,3568.275,0,0.989085495,1
164,90,3572.269,0,0.995111406,1
183,224,3581.72,1,0.008054410,0
299,28,3584.437,1,0.007133678,0
287,45,3585.039,1,0.007759534,0
233,49,3585.183,1,0.009271451,0
231,50,3585.221,1,0.010691407,0
108,54,3585.348,1,0.006812024,0
50,54,3585.359,1,0.008634678,0
80,55,3585.392,1,0.008962326,0
106,56,3585.427,1,0.006476425,0
23,78,3586.211,1,0.015768368,0
105,86,3586.486,1,0.049884751,0
136,99,3586.943,1,0.073184818,0
211,106,3587.186,1,0.008721936,0
136,145,3587.2,1,0.011040424,0
204,80,3587.475,1,0.009033528,0
320,139,3588.342,1,0.007943310,0
139,151,3588.778,1,0.010074362,0
333,152,3588.81,1,0.007687248,0
335,153,3588.852,1,0.005979375,0
336,154,3588.883,1,0.004426961,0
315,159,3589.054,1,0.007978150,0
95,165,3589.269,1,0.008586138,0
263,194,3590.301,1,0.011442192,0
315,225,3591.382,1,0.007209870,0
77,254,3592.399,1,0.007370049,0
7,229,3593.66,0,0.144233495,0
286,25,3594.977,1,0.010412607,0
199,28,3595.097,1,0.008082647,0
164,89,3597.144,1,0.979551673,1
279,92,3597.335,1,0.009786274,0
19,98,3597.565,1,0.009054968,0
79,104,3597.763,1,0.011036936,0
154,106,3597.834,1,0.005657201,0
78,110,3597.973,1,0.010251718,0
25,116,3598.201,1,0.014264980,0
32,119,3598.301,1,0.014292625,0
307,120,3598.338,1,0.011734156,0
97,125,3598.511,1,0.022937074,0
224,134,3598.831,1,0.044110864,0
319,144,3599.167,1,0.007984462,0
267,156,3599.594,1,0.009912327,0
94,157,3599.641,1,0.008485768,0
90,160,3599.737,1,0.008450384,0
179,243,3602.665,1,0.013666698,0
270,251,3602.949,1,0.009583216,0
344,252,3602.986,1,0.009846765,0
335,256,3603.133,1,0.006544726,0
309,211,3603.312,1,0.007349329,0
164,92,3607.957,0,0.753815889,0
163,91,3609.138,1,0.964148402,1
164,93,3618.309,0,0.759634554,0
163,91,3618.696,1,0.076718077,0
28,55,3625.385,1,0.004295943,0
234,59,3625.524,1,0.009454341,0
144,19,3625.86,1,0.068266921,0
340,69,3625.88,1,0.006525522,0
32,48,3626.059,1,0.036086846,0
164,90,3626.611,1,0.073798656,0
32,98,3626.901,1,0.014480459,0
165,93,3627.823,0,0.990852296,1
271,159,3629.054,1,0.008523069,0
276,163,3629.193,1,0.009616807,0
255,180,3629.795,1,0.008842413,0
76,200,3630.491,1,0.013297578,0
129,208,3630.786,1,0.013308194,0
273,159,3631.05,1,0.005831202,0
103,206,3632.372,1,0.007694682,0
138,14,3634.603,1,0.043902125,0
127,28,3635.095,1,0.008981361,0
223,32,3635.214,1,0.007853068,0
185,32,3635.223,1,0.010107786,0
187,35,3635.347,1,0.013145158,0
215,38,3635.431,1,0.008946838,0
237,40,3635.5,1,0.008599666,0
90,53,3635.962,1,0.008800824,0
184,59,3636.188,1,0.008790315,0
224,60,3636.228,1,0.008960351,0
162,93,3636.932,0,0.980329514,1
168,96,3637.481,1,0.903608501,1
165,94,3637.532,0,0.993486643,1
163,94,3639.302,0,0.993549049,1
304,204,3641.308,1,0.007630496,0
164,92,3642.894,1,0.077738315,0
163,92,3644.145,1,0.975087523,1
163,93,3645.658,1,0.996569514,1
163,95,3646.443,0,0.769471526,0
32,48,3653.924,1,0.009762500,0
230,60,3665.569,1,0.009306135,0
179,75,3666.085,1,0.056071796,0
50,41,3666.142,1,0.047148962,0
164,94,3666.362,1,0.328894615,0
273,58,3666.706,1,0.012016796,0
165,93,3666.723,1,0.374375910,0
251,95,3666.794,1,0.041976076,0
268,103,3667.084,1,0.010983124,0
163,96,3667.34,0,0.972809136,1
32,48,3667.644,1,0.008813208,0
255,127,3667.944,1,0.008672968,0
106,160,3669.087,1,0.008805314,0
319,167,3669.335,1,0.007897500,0
317,170,3669.438,1,0.008341882,0
115,187,3670.055,1,0.013517223,0
104,197,3670.388,1,0.013447795,0
263,145,3670.48,1,0.019343022,0
127,200,3670.51,1,0.013389169,0
163,94,3670.511,1,0.082542822,0
284,212,3670.916,1,0.010599548,0
168,218,3671.127,1,0.009025464,0
171,220,3671.211,1,0.008079364,0
6,250,3672.274,1,0.013226630,0
33,14,3674.599,1,0.037433032,0
99,21,3674.85,1,0.043958943,0
155,40,3675.511,1,0.009306191,0
266,52,3675.924,1,0.008448611,0
98,60,3676.207,1,0.009020578,0
220,60,3676.233,1,0.008920931,0
51,61,3676.266,1,0.008400230,0
314,68,3676.484,1,0.007528281,0
181,68,3676.491,1,0.019227006,0
315,71,3676.62,1,0.007164454,0
205,85,3677.106,1,0.008630230,0
5,111,3678.009,1,0.013970967,0
295,117,3678.244,1,0.012960087,0
337,121,3678.356,1,0.010457439,0
338,123,3678.455,1,0.010439208,0
134,143,3679.144,1,0.010985963,0
288,176,3680.299,1,0.008443395,0
248,178,3680.367,1,0.009419003,0
342,192,3680.858,1,0.007554352,0
318,196,3681.021,1,0.008021216,0
134,228,3682.134,1,0.013040894,0
304,244,3682.717,1,0.009970336,0
141,14,3685.935,1,0.011620379,0
165,97,3688.141,0,0.961371243,1
165,98,3700.305,0,0.990213335,1
163,97,3704.546,1,0.987403393,1
68,32,3704.578,1,0.008974688,0
234,0,3704.584,1,0.006576752,0
152,39,3704.826,1,0.011574651,0
55,54,3705.344,1,0.009166093,0
247,96,3706.825,1,0.043995753,0
164,99,3707.992,0,0.997084081,1
287,144,3708.545,1,0.009448228,0
209,154,3708.881,1,0.007798171,0
183,163,3709.201,1,0.009563865,0
217,176,3709.66,1,0.006371424,0
279,200,3710.498,1,0.010977537,0
254,255,3712.443,1,0.005368220,0
234,101,3713.066,1,0.009481838,0
258,2,3714.18,1,0.009965954,0
261,20,3714.793,1,0.010363984,0
20,29,3715.131,1,0.008842221,0
137,39,3715.479,1,0.008745954,0
224,39,3715.489,1,0.008854738,0
315,43,3715.626,1,0.007007019,0
275,44,3715.665,1,0.007691377,0
183,47,3715.755,1,0.008467910,0
236,52,3715.936,1,0.010221586,0
41,54,3715.993,1,0.008277910,0
186,59,3716.171,1,0.009225596,0
103,64,3716.361,1,0.008340651,0
303,70,3716.562,1,0.007559928,0
79,76,3716.775,1,0.009242024,0
95,83,3717.02,1,0.005154904,0
210,87,3717.155,1,0.009151159,0
75,89,3717.25,1,0.013621330,0
149,95,3717.463,1,0.009348093,0
16,96,3717.478,1,0.009121076,0
203,102,3717.688,1,0.008613296,0
343,109,3717.961,1,0.007263699,0
329,119,3718.292,1,0.010699037,0
212,120,3718.345,1,0.048433747,0
6,125,3718.518,1,0.013526878,0
34,137,3718.927,1,0.013494740,0
24,163,3719.842,1,0.008026074,0
30,164,3719.885,1,0.008001961,0
153,206,3721.366,1,0.008478145,0
158,210,3721.502,1,0.008198522,0
76,235,3722.38,1,0.012695432,0
32,48,3722.721,1,0.036384303,0
142,11,3732.636,0,0.160664186,0
163,99,3732.734,1,0.995836854,1
164,101,3733.496,0,0.994646370,1
165,98,3735.266,1,0.956976950,1
216,59,3739.262,1,0.008848196,0
163,102,3742.424,0,0.809044778,0
164,99,3748.225,1,0.986912966,1
165,101,3748.651,0,0.992780149,1
256,190,3750.157,1,0.011842976,0
281,200,3750.5,1,0.010959313,0
216,213,3752.587,1,0.009756736,0
249,4,3754.235,1,0.009952206,0
222,8,3754.386,1,0.009697339,0
217,9,3754.406,1,0.009674642,0
247,16,3754.671,1,0.010233290,0
263,20,3754.797,1,0.010359731,0
41,21,3754.854,1,0.040011134,0
298,28,3755.096,1,0.007066097,0
248,30,3755.155,1,0.007439164,0
80,38,3755.451,1,0.008937012,0
134,39,3755.467,1,0.009001893,0
172,42,3755.595,1,0.008964634,0
241,44,3755.659,1,0.008996191,0
80,50,3755.868,1,0.008947632,0
302,53,3755.978,1,0.007157287,0
145,62,3756.301,1,0.008627167,0
191,68,3756.495,1,0.009063753,0
87,72,3756.646,1,0.008346873,0
224,76,3756.789,1,0.008874278,0
52,79,3756.896,1,0.012974837,0
163,101,3756.9,1,0.992036819,1
337,80,3756.936,1,0.006652879,0
199,84,3757.076,1,0.008701092,0
24,87,3757.168,1,0.008964075,0
57,94,3757.424,1,0.010183785,0
331,95,3757.442,1,0.007454632,0
279,100,3757.618,1,0.009800437,0
293,101,3757.673,1,0.009319420,0
217,107,3757.875,1,0.008933955,0
165,102,3758.148,0,0.808596790,0
88,115,3758.166,1,0.023548305,0
179,116,3758.209,1,0.060403820,0
333,128,3758.604,1,0.010574753,0
139,132,3758.759,1,0.041751608,0
190,137,3758.927,1,0.043707192,0
200,138,3758.97,1,0.041962687,0
30,144,3759.173,1,0.007995968,0
230,148,3759.309,1,0.009227574,0
18,150,3759.41,1,0.007884010,0
134,157,3759.63,1,0.009498607,0
163,103,3759.927,0,0.989354491,1
9,198,3761.076,1,0.007683454,0
83,200,3761.153,1,0.008157738,0
110,201,3761.202,1,0.007667844,0
80,202,3761.233,1,0.008122415,0
185,235,3762.38,1,0.013062361,0
164,100,3768.992,1,0.998706341,1
163,101,3768.995,1,0.999770343,1
163,103,3769.158,0,0.986711323,1
165,103,3770.465,0,0.997868896,1
32,48,3771.444,1,0.008603431,0
165,101,3772.213,1,0.998676240,1
287,39,3784.822,1,0.007506619,0
37,50,3785.218,1,0.009085552,0
329,103,3787.074,1,0.007453123,0
140,119,3787.65,1,0.015693247,0
276,127,3787.924,1,0.009890398,0
21,160,3789.084,1,0.007218801,0
22,160,3789.112,1,0.010306510,0
18,164,3789.226,1,0.005207609,0
154,181,3789.837,1,0.008730140,0
15,220,3791.214,1,0.007715792,0
19,221,3791.242,1,0.007515645,0
163,105,3795.841,0,0.965103924,1
165,104,3795.883,0,0.994106770,1
303,71,3796.601,1,0.007685672,0
163,103,3796.967,1,0.975035429,1
72,92,3797.34,1,0.011819307,0
165,102,3797.428,1,0.981574476,1
281,123,3798.444,1,0.021191847,0
79,157,3799.655,1,0.009403572,0
165,103,3803.158,1,0.989221096,1
165,105,3803.532,0,0.992783308,1
164,106,3804.352,0,0.995078444,1
163,104,3807.515,1,0.972997248,1
163,105,3814.368,1,0.093923144,0
27,52,3817.227,1,0.009505253,0
165,107,3821.355,0,0.996707261,1
164,105,3822.596,1,0.994484246,1
164,107,3822.851,0,0.993317127,1
114,13,3823.907,1,0.009143825,0
229,65,3825.736,1,0.009200142,0
163,105,3827.142,1,0.954140007,1
132,138,3828.307,1,0.011555077,0
59,180,3829.794,1,0.007892190,0
47,207,3830.75,1,0.012903877,0
53,224,3831.355,1,0.007492497,0
55,228,3831.486,1,0.007594936,0
16,8,3834.373,1,0.035562292,0
14,19,3834.777,1,0.040412880,0
100,20,3834.821,1,0.043957021,0
303,23,3834.912,1,0.010269199,0
232,23,3834.921,1,0.010289437,0
98,24,3834.961,1,0.043792363,0
279,28,3835.101,1,0.007350839,0
183,30,3835.176,1,0.009338753,0
166,31,3835.189,1,0.009625326,0
40,32,3835.225,1,0.008882648,0
232,32,3835.238,1,0.007692662,0
202,35,3835.345,1,0.008834660,0
70,37,3835.406,1,0.008860808,0
174,40,3835.504,1,0.009006458,0
250,47,3835.763,1,0.008880999,0
23,48,3835.784,1,0.008353882,0
172,48,3835.797,1,0.009785932,0
175,49,3835.83,1,0.008660882,0
112,64,3836.344,1,0.008936384,0
331,68,3836.484,1,0.006687163,0
14,69,3836.543,1,0.009857039,0
310,75,3836.755,1,0.007772228,0
125,76,3836.78,1,0.009455184,0
136,77,3836.831,1,0.009508621,0
335,81,3836.954,1,0.006899651,0
13,85,3837.114,1,0.008934673,0
243,86,3837.121,1,0.009100900,0
340,92,3837.35,1,0.007121945,0
163,93,3837.374,1,0.010129360,0
255,102,3837.687,1,0.009135507,0
317,104,3837.773,1,0.007986672,0
168,105,3837.813,1,0.962179959,1
79,112,3838.041,1,0.021280134,0
59,112,3838.049,1,0.016690729,0
259,120,3838.328,1,0.031232508,0
258,128,3838.618,1,0.030447857,0
263,129,3838.64,1,0.025475889,0
261,134,3838.837,1,0.025342857,0
70,138,3838.956,1,0.014454222,0
212,139,3838.999,1,0.044388533,0
246,152,3839.469,1,0.008650898,0
281,156,3839.595,1,0.009812823,0
94,167,3839.995,1,0.008305431,0
11,182,3840.507,1,0.007611332,0
46,186,3840.648,1,0.007746071,0
3,187,3840.684,1,0.007506956,0
337,188,3840.734,1,0.007425662,0
262,195,3840.967,1,0.008201695,0
243,208,3841.441,1,0.007863437,0
342,222,3841.931,1,0.006995761,0
163,106,3844.35,1,0.950194299,1
163,109,3845.082,0,0.986924231,1
165,108,3845.256,0,0.994045734,1
164,106,3846.834,1,0.092066959,0
163,107,3848.274,1,0.992490590,1
164,107,3851.423,1,0.993446171,1
165,109,3852.457,0,0.988233268,1
7,229,3855.886,0,0.097897172,0
163,109,3857.941,0,0.987228632,1
71,28,3864.437,1,0.008789272,0
114,72,3865.983,1,0.009058533,0
80,102,3867.041,1,0.011613256,0
165,105,3867.152,1,0.971786082,1
165,108,3867.262,1,0.975549877,1
177,126,3867.898,1,0.004883721,0
165,110,3868.38,0,0.978593349,1
215,141,3868.415,1,0.009158374,0
32,142,3868.464,1,0.008501526,0
131,143,3868.488,1,0.010646266,0
298,164,3869.236,1,0.008488083,0
121,165,3869.261,1,0.008490657,0
36,167,3869.335,1,0.007855558,0
61,176,3869.664,1,0.008334115,0
163,109,3869.81,1,0.977268636,1
165,107,3870.507,1,0.090085015,0
32,242,3871.048,1,0.007491872,0
22,30,3875.177,1,0.008849053,0
185,70,3876.557,1,0.008582122,0
188,72,3876.647,1,0.010405898,0
73,94,3877.423,1,0.011985873,0
162,127,3878.594,1,0.058222476,0
164,111,3878.847,0,0.854780555,0
165,111,3879.094,0,0.962346971,1
111,158,3879.665,1,0.009033925,0
164,108,3880.537,1,0.992795050,1
144,207,3881.398,1,0.008025242,0
163,109,3881.631,1,0.998579144,1
281,256,3883.116,1,0.006579597,0
163,112,3887.405,0,0.966971695,1
163,110,3888.652,1,0.940848291,1
163,111,3904.439,1,0.992116988,1
137,30,3904.503,1,0.009108682,0
164,111,3905.605,1,0.971405804,1
88,64,3905.698,1,0.008774558,0
199,64,3905.718,1,0.008692114,0
317,93,3906.732,1,0.011056643,0
163,113,3908.558,0,0.990594387,1
164,113,3908.621,0,0.994324505,1
189,185,3909.973,1,0.007879009,0
334,204,3910.649,1,0.010573766,0
180,236,3911.765,1,0.009279698,0
151,6,3914.3,1,0.021889482,0
321,52,3915.938,1,0.007001146,0
78,76,3916.785,1,0.009137006,0
165,111,3918.014,1,0.075936876,0
126,215,3921.677,1,0.007595838,0
164,112,3928.112,1,0.988324523,1
163,113,3929.012,1,0.992059231,1
163,115,3930.929,0,0.846198976,0
164,113,3931.693,1,0.963808239,1
73,51,3936.052,1,0.008445187,0
164,115,3936.066,0,0.983206093,1
165,112,3940.786,1,0.932712972,1
164,116,3941.853,0,0.983844221,1
302,104,3947.12,1,0.008493632,0
248,122,3947.752,1,0.009274119,0
232,161,3949.123,1,0.011867969,0
7,201,3950.54,1,0.012575483,0
39,231,3951.599,1,0.007820645,0
240,15,3954.631,1,0.010041233,0
44,23,3954.917,1,0.040618088,0
141,27,3955.048,1,0.008959047,0
164,117,3955.049,0,0.993351519,1
184,32,3955.239,1,0.009923091,0
140,47,3955.769,1,0.008664859,0
186,58,3956.146,1,0.008748331,0
135,59,3956.195,1,0.009197464,0
163,99,3957.585,1,0.011470499,0
313,100,3957.617,1,0.008150237,0
136,112,3958.064,1,0.065071024,0
138,116,3958.187,1,0.063028976,0
220,131,3958.718,1,0.044170659,0
95,135,3958.876,1,0.019148877,0
163,117,3958.962,0,0.848148525,0
247,142,3959.102,1,0.009247911,0
195,144,3959.17,1,0.003755994,0
131,151,3959.425,1,0.010295825,0
303,158,3959.678,1,0.008611928,0
23,174,3960.243,1,0.007760580,0
222,189,3960.771,1,0.008260864,0
76,197,3961.037,1,0.007944106,0
39,230,3962.207,1,0.012422996,0
165,115,3964.653,1,0.999890685,1
164,114,3965.085,1,0.999731719,1
165,114,3966.753,1,0.996566653,1
165,117,3967.455,0,0.999904275,1
164,117,3968.484,0,0.999835372,1
165,118,3973.017,0,0.997477114,1
163,118,3976.845,0,0.995427728,1
163,116,3978.131,1,0.982770443,1
164,116,3978.75,1,0.986894846,1
255,36,3984.735,1,0.007599775,0
32,48,3985.131,1,0.008774151,0
233,52,3985.3,1,0.010603544,0
96,58,3985.489,1,0.008834777,0
132,64,3985.639,1,0.008761243,0
164,119,3985.964,0,0.996331871,1
165,117,3986.674,1,0.059396151,0
304,94,3986.766,1,0.011810315,0
122,104,3987.121,1,0.011932359,0
163,119,3987.248,0,0.997201324,1
311,114,3987.462,1,0.008129671,0
8,160,3989.097,1,0.008263173,0
85,200,3990.499,1,0.013391620,0
165,119,3991.796,0,0.993760169,1
31,242,3991.985,1,0.009801525,0
32,242,3992.764,1,0.007256417,0
116,16,3994.671,1,0.043925218,0
47,47,3995.763,1,0.008638083,0
308,105,3997.816,1,0.008199248,0
164,120,3998.534,0,0.988107741,1
333,144,3999.18,1,0.007675431,0
164,118,3999.255,1,0.970144570,1
132,149,3999.345,1,0.010395669,0
64,152,3999.464,1,0.008330975,0
255,253,3999.595,1,0.005511879,0
72,160,3999.745,1,0.008486434,0
139,164,3999.873,1,0.009049870,0
165,120,3999.943,0,0.977537632,1
252,166,3999.943,1,0.009984268,0
32,186,4000.667,1,0.008279221,0
56,198,4001.09,1,0.008456235,0
136,200,4001.147,1,0.008543701,0
13,220,4001.85,1,0.007695746,0
7,229,4005.593,0,0.097273640,0
166,127,4006.07,1,0.053682886,0
165,119,4015.518,1,0.994711041,1
165,118,4019.712,1,0.989517272,1
223,8,4023.728,1,0.006356863,0
216,16,4024.018,1,0.006203094,0
29,23,4024.25,1,0.008628623,0
33,45,4025.036,1,0.008626123,0
164,119,4025.766,1,0.996801615,1
98,70,4025.907,1,0.008900672,0
207,111,4027.358,1,0.008560014,0
39,155,4028.909,1,0.007867378,0
36,157,4028.985,1,0.008134194,0
176,191,4030.197,1,0.014350742,0
35,204,4030.642,1,0.012851413,0
123,208,4030.775,1,0.013254479,0
40,208,4030.785,1,0.012827323,0
158,211,4030.883,1,0.014159147,0
64,214,4031.0,1,0.007728024,0
164,120,4032.041,1,0.961449146,1
163,122,4032.376,0,0.987677753,1
74,10,4034.46,1,0.043887999,0
337,24,4034.933,1,0.009737737,0
17,35,4035.351,1,0.008341500,0
172,40,4035.5,1,0.009016436,0
100,52,4035.924,1,0.008924237,0
327,60,4036.229,1,0.006686251,0
43,61,4036.251,1,0.008577798,0
247,62,4036.297,1,0.008927021,0
100,63,4036.338,1,0.008805771,0
332,77,4036.802,1,0.005754746,0
330,77,4036.822,1,0.007528378,0
69,79,4036.897,1,0.004588289,0
178,85,4037.106,1,0.011895827,0
272,96,4037.477,1,0.012114547,0
63,104,4037.759,1,0.010001334,0
332,104,4037.774,1,0.007451853,0
52,113,4038.089,1,0.015770692,0
305,114,4038.116,1,0.011870043,0
50,116,4038.181,1,0.015631353,0
151,119,4038.294,1,0.075089924,0
4,119,4038.314,1,0.013704674,0
256,146,4039.247,1,0.008564523,0
176,151,4039.415,1,0.012129107,0
326,160,4039.731,1,0.007708807,0
74,160,4039.738,1,0.008850683,0
153,166,4039.959,1,0.010213990,0
142,183,4040.551,1,0.009037191,0
292,209,4041.46,1,0.007306076,0
165,123,4042.597,0,0.919115901,1
164,123,4042.807,0,0.979753792,1
41,247,4042.81,1,0.012176444,0
166,127,4042.997,1,0.053527992,0
163,123,4043.207,0,0.994496524,1
32,48,4055.065,1,0.008638724,0
165,124,4056.65,0,0.990771413,1
288,256,4057.075,1,0.006510343,0
164,124,4063.018,0,0.993399620,1
178,45,4065.032,1,0.009184047,0
81,67,4065.833,1,0.008535847,0
120,70,4065.911,1,0.009419518,0
136,87,4066.523,1,0.056588616,0
45,120,4067.68,1,0.008720316,0
164,121,4067.706,1,0.993473589,1
164,122,4067.743,1,0.998993814,1
164,123,4067.776,1,0.999569714,1
44,126,4067.886,1,0.008374452,0
165,125,4068.162,0,0.992394805,1
264,166,4069.293,1,0.009916347,0
328,184,4069.928,1,0.007748729,0
133,214,4071.001,1,0.007032420,0
134,215,4071.024,1,0.005123136,0
163,125,4072.371,0,0.994918406,1
165,123,4073.806,1,0.962037504,1
111,4,4074.231,1,0.043783680,0
235,42,4075.591,1,0.009031821,0
7,229,4075.779,0,0.098760262,0
95,71,4076.614,1,0.008451475,0
159,127,4078.594,1,0.060078580,0
8,179,4080.403,1,0.007850379,0
300,189,4080.765,1,0.007985509,0
164,126,4081.297,0,0.991539776,1
163,124,4084.9,1,0.985919595,1
163,125,4098.158,1,0.997588515,1
165,124,4098.262,1,0.998037279,1
164,125,4099.593,1,0.993768454,1
163,127,4101.199,0,0.982121825,1
256,69,4105.888,1,0.012252009,0
31,115,4107.518,1,0.008824641,0
335,131,4108.066,1,0.007317532,0
45,152,4108.802,1,0.008167957,0
165,128,4109.215,0,0.993616581,1
166,167,4109.336,1,0.010584422,0
203,213,4110.957,1,0.010314714,0
16,224,4111.346,1,0.007612539,0
164,128,4112.251,0,0.999494553,1
163,128,4112.572,0,0.998328269,1
163,126,4113.441,1,0.965299487,1
127,24,4114.943,1,0.044042040,0
187,42,4115.594,1,0.008936439,0
222,63,4116.329,1,0.008920362,0
268,72,4116.631,1,0.009906381,0
208,81,4116.975,1,0.008875993,0
62,93,4117.38,1,0.010676308,0
187,93,4117.398,1,0.008932195,0
104,108,4117.924,1,0.012982791,0
164,113,4118.101,1,0.069781430,0
177,116,4118.21,1,0.061163947,0
176,125,4118.505,1,0.046069104,0
91,132,4118.75,1,0.019786824,0
333,141,4119.064,1,0.007627673,0
192,141,4119.081,1,0.003615381,0
178,154,4119.53,1,0.015943119,0
175,155,4119.582,1,0.019250192,0
44,159,4119.697,1,0.008048519,0
239,159,4119.718,1,0.010660584,0
58,170,4120.088,1,0.008309882,0
60,172,4120.174,1,0.006765923,0
147,173,4120.19,1,0.007772728,0
148,174,4120.227,1,0.008489300,0
64,181,4120.495,1,0.009536586,0
125,189,4120.757,1,0.008124474,0
272,200,4121.15,1,0.007752580,0
265,200,4121.158,1,0.008141138,0
294,191,4121.411,1,0.007714740,0
135,208,4121.454,1,0.008626800,0
148,213,4121.616,1,0.008027057,0
219,215,4121.696,1,0.004017917,0
299,177,4122.557,1,0.011605448,0
165,127,4130.875,1,0.054283354,0
164,127,4135.397,1,0.891475856,0
164,128,4136.212,1,0.985324323,1
163,130,4142.642,0,0.865122437,0
230,12,4143.87,1,0.006549126,0
8,16,4144.01,1,0.008808952,0
137,36,4144.708,1,0.008929440,0
248,90,4146.633,1,0.044003345,0
320,102,4147.054,1,0.007731269,0
128,112,4147.399,1,0.016513977,0
240,118,4147.612,1,0.009212482,0
84,151,4148.778,1,0.008654898,0
154,159,4149.055,1,0.010891108,0
32,48,4150.079,1,0.037557524,0
43,204,4150.635,1,0.012936027,0
255,214,4150.994,1,0.011116413,0
164,131,4152.047,0,0.987078667,1
165,128,4152.789,1,0.941311240,1
163,129,4153.312,1,0.947962224,1
162,48,4155.789,1,0.008879250,0
32,48,4157.041,1,0.008669426,0
220,102,4157.708,1,0.009226006,0
165,119,4158.291,1,0.058124095,0
161,226,4158.609,1,0.013922364,0
165,129,4158.637,1,0.052939501,0
165,131,4159.083,0,0.997163475,1
231,166,4159.948,1,0.011603786,0
238,208,4161.425,1,0.007442731,0
164,132,4162.12,0,0.868524909,0
165,130,4167.681,1,0.989071012,1
164,133,4173.162,0,0.985209405,1
165,131,4173.642,1,0.997861922,1
164,130,4173.963,1,0.997334123,1
164,131,4181.684,1,0.987879336,1
164,133,4184.982,0,0.996595204,1
163,130,4185.605,1,0.975776017,1
23,122,4187.763,1,0.008214870,0
262,156,4188.95,1,0.009947622,0
165,134,4190.78,0,0.871918917,0
301,14,4194.597,1,0.010069632,0
56,33,4195.254,1,0.008923508,0
75,34,4195.31,1,0.008946232,0
26,35,4195.344,1,0.008543207,0
48,36,4195.365,1,0.008862350,0
76,37,4195.401,1,0.008771444,0
23,38,4195.448,1,0.008118439,0
23,55,4196.04,1,0.003509310,0
101,55,4196.05,1,0.008401895,0
40,72,4196.647,1,0.010244603,0
312,78,4196.861,1,0.007922624,0
151,50,4196.898,1,0.008488702,0
32,48,4197.004,1,0.008776972,0
201,88,4197.193,1,0.009127447,0
221,122,4198.409,1,0.044211239,0
136,143,4199.158,1,0.011843786,0
111,149,4199.373,1,0.009552467,0
102,166,4199.959,1,0.008578227,0
20,176,4200.299,1,0.009603287,0
103,178,4200.382,1,0.008025151,0
239,189,4200.768,1,0.009160399,0
165,132,4206.455,1,0.999101520,1
165,135,4206.89,0,0.862581611,0
165,133,4207.69,1,0.997437239,1
165,136,4219.616,0,0.995241284,1
323,60,4225.566,1,0.007069671,0
43,148,4228.662,1,0.007990402,0
45,152,4228.808,1,0.007937848,0
314,159,4229.047,1,0.007981747,0
128,160,4229.085,1,0.009235285,0
202,167,4229.339,1,0.008322376,0
165,135,4230.402,1,0.047796115,0
162,199,4230.465,1,0.015551055,0
168,206,4230.718,1,0.015036378,0
39,245,4232.082,1,0.007566781,0
276,24,4234.938,1,0.010381963,0
164,137,4234.946,0,0.821161509,0
244,30,4235.15,1,0.007474540,0
163,136,4235.797,0,0.997032762,1
171,74,4236.715,1,0.009341683,0
199,132,4238.76,1,0.047432184,0
39,186,4240.678,1,0.006134884,0
39,188,4240.738,1,0.006467509,0
183,190,4240.812,1,0.008254388,0
32,48,4244.416,1,0.008576163,0
183,224,4246.335,1,0.013227731,0
164,136,4246.464,1,0.047141388,0
164,139,4260.284,0,0.992387652,1
166,139,4261.864,0,0.994923294,1
164,137,4262.613,1,0.984250665,1
30,22,4264.216,1,0.008983050,0
26,46,4265.076,1,0.008760456,0
181,111,4267.369,1,0.009322569,0
89,117,4267.597,1,0.010791839,0
222,137,4268.278,1,0.009239973,0
99,159,4269.049,1,0.008446992,0
273,160,4269.114,1,0.009974116,0
168,168,4269.363,1,0.010195755,0
69,168,4269.375,1,0.008147590,0
296,187,4270.036,1,0.011343800,0
240,188,4270.083,1,0.013724817,0
301,190,4270.159,1,0.011192196,0
208,199,4270.468,1,0.010641641,0
166,137,4270.491,1,0.045256808,0
112,207,4270.747,1,0.013236311,0
293,213,4270.958,1,0.010564176,0
95,247,4272.183,1,0.007358301,0
108,248,4272.2,1,0.007634515,0
165,140,4272.323,0,0.994772017,1
140,245,4273.359,1,0.007287231,0
164,138,4273.96,1,0.965752006,1
336,37,4275.423,1,0.006575151,0
81,42,4275.597,1,0.008569529,0
199,77,4276.817,1,0.008594764,0
0,95,4277.461,1,0.008535061,0
17,96,4277.476,1,0.009097272,0
291,109,4277.934,1,0.009629464,0
212,135,4278.854,1,0.045820881,0
248,150,4279.389,1,0.009302104,0
280,151,4279.417,1,0.009735181,0
102,162,4279.813,1,0.008836268,0
49,173,4280.193,1,0.008082750,0
166,138,4280.562,1,0.952431738,1
139,205,4281.338,1,0.007954304,0
166,140,4281.603,0,0.994283974,1
166,231,4282.249,1,0.014104407,0
15,240,4282.556,1,0.012042831,0
157,248,4282.845,1,0.013349996,0
72,201,4282.847,1,0.013274974,0
164,141,4282.996,0,0.999701917,1
165,141,4283.478,0,0.999522805,1
165,139,4284.146,1,0.997950256,1
164,139,4290.572,1,0.044289980,0
165,140,4298.376,1,0.042846967,0
166,142,4302.239,0,0.996670902,1
166,140,4303.097,1,0.988543928,1
165,142,4303.923,0,0.998493433,1
165,143,4304.037,0,0.998402536,1
7,21,4304.181,1,0.008466633,0
5,37,4304.747,1,0.008235754,0
144,50,4305.209,1,0.008826244,0
84,51,4305.244,1,0.009090525,0
220,86,4306.486,1,0.048789341,0
166,127,4307.919,1,0.021459434,0
32,141,4308.414,1,0.008179398,0
300,143,4308.491,1,0.008677643,0
26,166,4309.295,1,0.008145782,0
119,191,4310.177,1,0.013469866,0
164,140,4310.232,1,0.043369427,0
163,31,4315.188,1,0.008940159,0
329,103,4316.373,1,0.007359529,0
15,114,4318.108,1,0.014137035,0
165,137,4318.926,1,0.045584604,0
200,143,4319.149,1,0.008733335,0
29,152,4319.471,1,0.007848336,0
244,196,4321.003,1,0.009116901,0
206,200,4321.149,1,0.007861301,0
165,144,4321.598,0,0.988776267,1
177,229,4322.183,1,0.013931027,0
165,143,4338.571,1,0.040226299,0
146,8,4343.74,1,0.019956481,0
61,20,4344.151,1,0.008786822,0
217,30,4344.529,1,0.007693160,0
223,32,4344.572,1,0.007821093,0
141,36,4344.724,1,0.008894742,0
177,55,4345.388,1,0.008774430,0
220,70,4345.913,1,0.008983807,0
341,88,4346.549,1,0.010054423,0
32,48,4346.593,1,0.038058724,0
228,142,4348.457,1,0.009088280,0
286,105,4349.381,1,0.009737378,0
96,205,4350.685,1,0.013364168,0
129,256,4352.47,1,0.007372062,0
166,144,4356.509,1,0.949476659,1
229,84,4357.053,1,0.009097937,0
52,105,4357.817,1,0.009241261,0
138,113,4358.073,1,0.068877444,0
163,124,4358.48,1,0.057164244,0
335,128,4358.611,1,0.010510081,0
335,136,4358.885,1,0.010558372,0
269,142,4359.099,1,0.011024207,0
234,161,4359.785,1,0.010426753,0
34,188,4360.743,1,0.008649499,0
279,199,4361.126,1,0.008436874,0
200,212,4361.579,1,0.006919742,0
166,147,4362.133,0,0.995805144,1
230,238,4362.481,1,0.008162373,0
227,231,4363.096,1,0.005323116,0
165,147,4363.484,0,0.995326400,1
244,214,4363.836,1,0.007459729,0
106,259,4371.174,1,0.007661751,0
167,148,4377.378,0,0.995783985,1
166,148,4377.429,0,0.995854139,1
89,112,4383.113,1,0.011602387,0
130,23,4384.26,1,0.011787632,0
177,63,4385.672,1,0.008825947,0
223,32,4386.698,1,0.011186340,0
32,48,4387.048,1,0.008636384,0
166,146,4387.186,1,0.998475373,1
152,108,4387.258,1,0.006234992,0
165,149,4387.277,0,0.995293200,1
166,149,4387.881,0,0.997945845,1
165,146,4388.589,1,0.998954296,1
94,158,4389.013,1,0.008547191,0
24,162,4389.153,1,0.008438326,0
264,251,4389.556,1,0.006189464,0
204,174,4389.579,1,0.009705208,0
16,34,4395.294,1,0.008735650,0
252,35,4395.328,1,0.007621189,0
95,38,4395.431,1,0.008764552,0
286,52,4395.936,1,0.007475152,0
129,56,4396.078,1,0.008320848,0
313,64,4396.365,1,0.006978475,0
294,68,4396.502,1,0.008107553,0
159,101,4397.669,1,0.004908011,0
261,110,4397.983,1,0.009162118,0
44,117,4398.218,1,0.015176408,0
122,126,4398.55,1,0.035015881,0
150,131,4398.732,1,0.055121884,0
324,142,4399.121,1,0.007756689,0
101,152,4399.461,1,0.008758225,0
246,186,4400.653,1,0.009109625,0
235,200,4401.151,1,0.008425756,0
77,200,4401.166,1,0.008064707,0
165,148,4402.745,1,0.034678876,0
51,240,4403.275,1,0.007330352,0
166,148,4404.409,1,0.972988307,1
165,151,4408.248,0,0.992390692,1
166,151,4409.994,0,0.996964633,1
266,252,4410.941,0,0.092322625,0
167,151,4418.808,0,0.893940806,0
167,148,4419.34,1,0.986615300,1
292,255,4421.065,1,0.006534803,0
165,152,4421.505,0,0.992983699,1
235,6,4423.651,1,0.007263063,0
239,6,4423.674,1,0.006487947,0
169,8,4423.731,1,0.008482452,0
166,149,4425.605,1,0.989529669,1
166,152,4425.837,0,0.992087185,1
56,109,4427.302,1,0.009604575,0
32,144,4428.522,1,0.008203075,0
131,172,4429.506,1,0.008768008,0
123,240,4431.919,1,0.007432582,0
165,152,4432.085,0,0.989531875,1
32,48,4434.993,1,0.038314555,0
260,48,4435.793,1,0.008597288,0
244,68,4436.495,1,0.009133574,0
165,151,4436.831,1,0.981136143,1
45,79,4436.883,1,0.011727893,0
142,99,4437.586,1,0.004718121,0
167,150,4439.33,1,0.956167340,1
121,174,4440.232,1,0.008193747,0
272,184,4440.6,1,0.008326402,0
85,187,4440.699,1,0.008092723,0
15,224,4441.991,1,0.007908081,0
9,224,4442.001,1,0.012266295,0
165,153,4445.213,0,0.989817679,1
167,151,4445.361,1,0.972331822,1
165,152,4451.194,1,0.989253104,1
166,152,4452.1,1,0.991754174,1
167,154,4454.233,0,0.988001883,1
166,151,4455.353,1,0.999572575,1
167,152,4456.284,1,0.999020100,1
165,153,4460.691,1,0.981377423,1
155,18,4464.088,1,0.008494486,0
166,153,4464.375,1,0.974959135,1
179,31,4464.54,1,0.010974120,0
267,50,4465.234,1,0.008323844,0
272,52,4465.285,1,0.008085920,0
343,82,4466.34,1,0.009816429,0
37,87,4466.532,1,0.016547473,0
178,96,4466.826,1,0.056862958,0
309,115,4467.511,1,0.008095131,0
332,117,4467.567,1,0.007289195,0
345,118,4467.611,1,0.007030479,0
17,120,4467.672,1,0.008431607,0
80,122,4467.745,1,0.009582909,0
166,127,4467.918,1,0.009685106,0
15,144,4468.524,1,0.007633861,0
61,159,4469.052,1,0.008138766,0
42,205,4470.685,1,0.012924596,0
58,219,4471.176,1,0.008743942,0
166,156,4471.543,0,0.996927798,1
252,258,4472.553,1,0.005228700,0
272,215,4472.735,1,0.007791566,0
167,153,4473.185,1,0.985266924,1
234,17,4474.711,1,0.010025930,0
150,29,4475.137,1,0.009604983,0
147,30,4475.151,1,0.009239274,0
223,32,4475.23,1,0.007945436,0
178,79,4476.891,1,0.009231552,0
176,102,4477.685,1,0.009608980,0
185,165,4479.915,1,0.008929490,0
167,156,4480.122,0,0.995953679,1
104,246,4482.774,1,0.012606672,0
165,156,4484.047,0,0.995733321,1
166,157,4486.634,0,0.895415008,0
167,157,4488.785,0,0.994413733,1
166,155,4489.573,1,0.991673648,1
168,157,4496.717,0,0.993722260,1
290,231,4497.741,1,0.006967714,0
187,13,4503.926,1,0.007319556,0
141,22,4504.227,1,0.057349879,0
93,58,4504.417,1,0.008415619,0
172,44,4505.003,1,0.009101880,0
288,63,4505.672,1,0.007829971,0
34,85,4506.444,1,0.016475871,0
245,105,4507.157,1,0.009061839,0
167,158,4507.409,0,0.993879914,1
222,133,4508.139,1,0.009650221,0
167,152,4508.803,1,0.088304415,0
167,156,4512.803,1,0.972914040,1
240,247,4513.288,1,0.005525896,0
0,23,4514.929,1,0.041992813,0
183,56,4516.081,1,0.008442916,0
176,58,4516.15,1,0.009090586,0
184,60,4516.205,1,0.008887810,0
185,62,4516.297,1,0.008312146,0
239,67,4516.479,1,0.009254335,0
248,70,4516.564,1,0.009330608,0
312,72,4516.645,1,0.007612841,0
119,92,4517.343,1,0.004989025,0
115,93,4517.378,1,0.005181689,0
72,111,4518.005,1,0.020169094,0
287,122,4518.394,1,0.014616452,0
120,127,4518.569,1,0.032616749,0
22,127,4518.596,1,0.013804443,0
320,139,4518.996,1,0.011219539,0
48,171,4520.141,1,0.008795120,0
26,208,4521.434,1,0.008111692,0
27,213,4521.615,1,0.007467444,0
167,159,4522.162,0,0.893669248,0
6,238,4522.483,1,0.012005128,0
165,157,4523.33,1,0.990335464,1
167,157,4523.493,1,0.993128538,1
85,219,4525.143,1,0.007577012,0
166,157,4525.241,1,0.994633198,1
266,253,4525.292,0,0.036791742,0
167,160,4532.054,0,0.993886888,1
168,160,4532.245,0,0.997393131,1
76,50,4534.445,1,0.047308907,0
200,224,4534.476,1,0.010146222,0
272,215,4536.223,1,0.007757005,0
168,157,4536.445,1,0.992577255,1
168,158,4538.177,1,0.999500394,1
167,159,4539.714,1,0.996941030,1
102,242,4540.32,1,0.007409190,0
166,161,4542.101,0,0.891697168,0
166,159,4543.268,1,0.982810497,1
66,2,4543.534,1,0.009213104,0
167,8,4543.732,1,0.008416590,0
159,10,4543.814,1,0.009030838,0
320,21,4544.196,1,0.006902586,0
47,35,4544.673,1,0.008440840,0
39,38,4544.789,1,0.008476915,0
31,44,4545.003,1,0.008949844,0
57,54,4545.354,1,0.008831379,0
222,61,4545.602,1,0.009096175,0
74,92,4546.692,1,0.026140483,0
153,98,4546.925,1,0.113628663,0
320,116,4547.544,1,0.007811530,0
167,162,4548.211,0,0.991210580,1
134,142,4548.462,1,0.011525519,0
22,161,4549.125,1,0.007686465,0
166,162,4550.123,0,0.890595496,0
207,213,4550.955,1,0.010264861,0
165,161,4554.948,0,0.891896725,0
1,51,4555.904,1,0.005783369,0
121,72,4556.635,1,0.008983959,0
167,160,4556.739,1,0.960469842,1
240,194,4556.972,1,0.009473190,0
168,159,4558.06,1,0.025228931,0
222,178,4560.367,1,0.008089083,0
61,180,4560.438,1,0.007797581,0
247,188,4560.721,1,0.008758763,0
76,188,4560.744,1,0.008088154,0
234,236,4562.421,1,0.007977139,0
167,163,4563.822,0,0.987056494,1
168,163,4572.335,0,0.991813898,1
168,164,4580.993,0,0.993491352,1
166,164,4583.504,0,0.970880210,1
167,164,4583.691,0,0.983021736,1
119,53,4585.314,1,0.008770038,0
203,62,4585.65,1,0.009297742,0
180,69,4585.88,1,0.009189998,0
99,84,4586.421,1,0.043038562,0
168,162,4586.626,1,0.023795525,0
17,100,4586.971,1,0.013653868,0
80,117,4587.575,1,0.010212220,0
291,119,4587.649,1,0.009387356,0
31,134,4588.188,1,0.007888949,0
113,147,4588.624,1,0.009156145,0
264,151,4588.776,1,0.010088176,0
223,156,4588.945,1,0.008945750,0
221,157,4588.991,1,0.008777923,0
295,191,4590.185,1,0.011270291,0
342,213,4590.962,1,0.010455471,0
167,162,4592.589,1,0.985560238,1
161,14,4594.601,1,0.019277209,0
152,24,4594.963,1,0.044039182,0
216,59,4597.778,1,0.009078412,0
308,108,4597.924,1,0.008214710,0
236,118,4598.252,1,0.044090994,0
15,119,4598.299,1,0.013993137,0
166,165,4599.902,0,0.991161108,1
168,165,4601.179,0,0.994689107,1
94,218,4601.787,1,0.008786718,0
58,223,4601.954,1,0.007687789,0
146,229,4602.165,1,0.013198138,0
168,163,4602.644,1,0.999871612,1
248,246,4602.771,1,0.007924206,0
167,164,4603.506,1,0.992734790,1
166,164,4608.749,1,0.983340681,1
167,167,4614.628,0,0.887972057,0
261,254,4616.292,1,0.005715316,0
31,2,4623.521,1,0.008642445,0
38,6,4623.669,1,0.008873339,0
167,165,4624.654,1,0.970405936,1
125,70,4625.921,1,0.009193121,0
168,167,4626.732,0,0.887697577,0
47,94,4626.772,1,0.016751057,0
268,104,4627.11,1,0.009383446,0
11,108,4627.266,1,0.008437420,0
119,115,4627.501,1,0.014914529,0
224,126,4627.903,1,0.009223338,0
151,160,4629.089,1,0.014940670,0
231,172,4629.518,1,0.009769117,0
55,200,4630.499,1,0.013150094,0
227,234,4631.692,1,0.008127695,0
257,250,4632.262,1,0.006160575,0
113,7,4634.34,1,0.043802246,0
10,13,4634.567,1,0.035261143,0
152,14,4634.602,1,0.023732448,0
271,15,4634.645,1,0.010170787,0
225,25,4634.995,1,0.010391355,0
263,29,4635.142,1,0.007653165,0
142,13,4635.181,0,0.165864974,0
244,60,4636.206,1,0.009207265,0
309,84,4637.07,1,0.008412473,0
248,112,4638.059,1,0.043950301,0
131,143,4639.134,1,0.011826766,0
16,174,4640.239,1,0.008226510,0
247,208,4641.424,1,0.019914595,0
246,209,4641.491,1,0.007243914,0
241,213,4641.612,1,0.007677349,0
168,167,4646.087,1,0.021541294,0
330,45,4665.049,1,0.006589712,0
219,57,4665.452,1,0.008744334,0
93,58,4665.485,1,0.009163329,0
32,48,4666.645,1,0.038825940,0
168,170,4667.106,0,0.995841682,1
37,176,4669.653,1,0.008041513,0
31,5,4674.278,1,0.036974940,0
50,8,4674.384,1,0.038977444,0
287,16,4674.656,1,0.010125799,0
288,19,4674.784,1,0.010185285,0
178,29,4675.114,1,0.009165486,0
182,32,4675.221,1,0.010154022,0
176,32,4675.237,1,0.009193360,0
186,45,4675.68,1,0.008943743,0
222,54,4675.995,1,0.009214170,0
119,56,4676.062,1,0.008340861,0
112,59,4676.182,1,0.008790444,0
263,78,4676.841,1,0.009055923,0
304,80,4676.936,1,0.007633157,0
303,88,4677.211,1,0.008299310,0
75,94,4677.425,1,0.012456127,0
330,100,4677.636,1,0.007466440,0
344,102,4677.691,1,0.007061200,0
169,108,4677.896,1,0.008597544,0
167,171,4677.919,0,0.997426569,1
277,110,4677.991,1,0.009803395,0
132,56,4678.06,1,0.047343835,0
326,116,4678.192,1,0.010830273,0
168,171,4678.213,0,0.997226655,1
323,117,4678.221,1,0.010963010,0
327,119,4678.312,1,0.010787039,0
161,120,4678.349,1,0.060297061,0
59,123,4678.442,1,0.015658556,0
79,125,4678.518,1,0.019776067,0
248,126,4678.536,1,0.042401824,0
214,132,4678.765,1,0.045086157,0
321,136,4678.888,1,0.011116104,0
193,136,4678.9,1,0.044793613,0
336,140,4679.053,1,0.007634295,0
322,143,4679.16,1,0.007853812,0
184,149,4679.346,1,0.028612630,0
114,150,4679.392,1,0.009555843,0
74,151,4679.418,1,0.008988741,0
189,152,4679.475,1,0.013037671,0
11,153,4679.506,1,0.009074560,0
12,247,4679.715,1,0.008260079,0
167,164,4679.872,1,0.020278592,0
141,164,4679.891,1,0.009892300,0
37,166,4679.944,1,0.008118962,0
32,166,4679.949,1,0.008257309,0
215,168,4680.013,1,0.007646283,0
169,171,4680.106,0,0.995232999,1
272,180,4680.453,1,0.008657917,0
167,181,4680.481,1,0.012712141,0
151,189,4680.772,1,0.008606470,0
199,198,4681.096,1,0.007436568,0
142,216,4681.708,1,0.007849521,0
142,223,4681.973,1,0.007920451,0
247,240,4683.313,0,0.079990782,0
168,170,4688.052,1,0.998751998,1
167,170,4688.731,1,0.998637736,1
168,172,4690.419,0,0.942029953,1
169,172,4692.014,0,0.993044436,1
169,171,4703.038,1,0.986765862,1
287,3,4703.571,1,0.006926666,0
167,171,4704.742,1,0.964512885,1
17,47,4705.104,1,0.008549442,0
13,56,4705.421,1,0.005622640,0
168,171,4707.436,1,0.991338372,1
311,114,4707.46,1,0.008367422,0
167,173,4707.742,0,0.996440351,1
168,168,4709.369,1,0.896964669,0
266,252,4713.718,0,0.182615533,0
264,254,4713.737,0,0.178195581,0
32,48,4714.397,1,0.038934868,0
112,64,4716.353,1,0.008919524,0
99,73,4716.683,1,0.008562766,0
233,107,4717.87,1,0.009574147,0
35,151,4719.422,1,0.008246305,0
173,170,4720.106,1,0.581408024,0
168,172,4720.154,1,0.970972598,1
169,174,4720.415,0,0.989235342,1
220,214,4721.652,1,0.003362757,0
32,48,4727.808,1,0.008679792,0
168,175,4734.686,0,0.884930432,0
169,173,4735.69,1,0.981596947,1
167,173,4737.384,1,0.981224418,1
7,229,4742.328,0,0.518234432,0
130,26,4744.364,1,0.051813565,0
129,151,4748.79,1,0.009782970,0
167,172,4749.512,1,0.948755562,1
37,214,4751.017,1,0.007539452,0
74,250,4752.264,1,0.007353846,0
173,259,4752.58,1,0.009001101,0
172,259,4752.591,1,0.022220228,0
168,176,4754.217,0,0.985704422,1
87,4,4754.249,1,0.043819226,0
272,4,4754.255,1,0.009924890,0
57,6,4754.318,1,0.041501489,0
179,6,4754.318,1,0.010465743,0
61,8,4754.374,1,0.041565686,0
296,10,4754.464,1,0.009961899,0
168,174,4754.466,1,0.841269195,0
115,11,4754.487,1,0.043848418,0
298,13,4754.572,1,0.010003139,0
16,14,4754.588,1,0.035629597,0
227,17,4754.704,1,0.009867642,0
31,24,4754.94,1,0.040814117,0
107,29,4755.129,1,0.009058217,0
27,30,4755.162,1,0.008597491,0
238,31,4755.191,1,0.007600739,0
154,32,4755.219,1,0.009220816,0
23,40,4755.513,1,0.008379463,0
195,47,4755.753,1,0.008541492,0
169,176,4755.807,0,0.991368949,1
160,51,4755.905,1,0.008804865,0
167,53,4755.971,1,0.008522537,0
41,64,4756.366,1,0.005269183,0
139,86,4757.13,1,0.011674987,0
194,86,4757.143,1,0.008692923,0
166,87,4757.158,1,0.010413948,0
163,88,4757.222,1,0.010771944,0
164,91,4757.301,1,0.010563908,0
328,93,4757.375,1,0.007389673,0
157,101,4757.651,1,0.011231570,0
156,102,4757.703,1,0.008234987,0
156,103,4757.747,1,0.011248712,0
198,63,4757.82,1,0.009069386,0
140,110,4757.969,1,0.008993483,0
30,118,4758.272,1,0.014273384,0
168,143,4759.136,1,0.021109052,0
44,152,4759.469,1,0.008317257,0
41,157,4759.633,1,0.008913906,0
154,180,4760.462,1,0.009719380,0
115,224,4761.989,1,0.008561199,0
113,246,4762.766,1,0.012640134,0
169,176,4780.25,1,0.990154088,1
169,178,4780.629,0,0.991971731,1
168,178,4783.542,0,0.994535565,1
170,178,4783.656,0,0.995448291,1
223,32,4784.578,1,0.007877471,0
210,135,4788.217,1,0.009120248,0
232,161,4789.125,1,0.009409286,0
208,227,4791.464,1,0.008249324,0
28,23,4794.907,1,0.040358372,0
32,48,4795.784,1,0.008693223,0
306,125,4798.518,1,0.011847391,0
261,150,4799.39,1,0.011339176,0
64,160,4799.749,1,0.008171025,0
26,176,4800.301,1,0.007874855,0
170,177,4800.332,1,0.989985883,1
168,179,4800.722,0,0.990405381,1
200,199,4801.126,1,0.007365927,0
242,241,4802.601,1,0.008242593,0
7,229,4806.656,0,0.519084752,0
142,16,4815.077,1,0.865322173,0
140,2,4823.517,1,0.048075426,0
182,4,4823.591,1,0.006916364,0
16,6,4823.656,1,0.008815791,0
336,85,4826.449,1,0.010140673,0
344,144,4828.528,1,0.007370216,0
7,158,4829.044,1,0.008068606,0
169,178,4829.72,1,0.986569941,1
168,178,4829.742,1,0.993067026,1
242,14,4834.604,1,0.010080423,0
103,47,4835.767,1,0.008406313,0
109,53,4835.976,1,0.008517273,0
83,70,4836.559,1,0.008352926,0
49,70,4836.576,1,0.003476377,0
315,87,4837.16,1,0.008047951,0
218,94,4837.422,1,0.009271814,0
113,102,4837.688,1,0.008494049,0
181,103,4837.75,1,0.009326277,0
30,104,4837.776,1,0.009405149,0
27,108,4837.923,1,0.009403479,0
218,112,4838.037,1,0.058474619,0
226,112,4838.053,1,0.044216145,0
218,113,4838.09,1,0.066337049,0
204,80,4838.173,1,0.047378235,0
220,116,4838.182,1,0.044261530,0
221,118,4838.253,1,0.044240803,0
63,118,4838.262,1,0.017629428,0
118,118,4838.277,1,0.043170944,0
288,127,4838.596,1,0.014302591,0
328,128,4838.607,1,0.010746416,0
50,133,4838.805,1,0.014036612,0
328,134,4838.821,1,0.010770292,0
91,138,4838.966,1,0.018149063,0
51,151,4839.445,1,0.009457096,0
299,154,4839.52,1,0.008699927,0
231,166,4839.946,1,0.008355395,0
192,192,4840.889,1,0.008572296,0
197,200,4841.163,1,0.007927836,0
195,203,4841.248,1,0.007106531,0
14,231,4842.258,1,0.012212976,0
169,181,4861.358,1,0.954918444,1
72,101,4867.004,1,0.011468651,0
141,19,4867.206,0,0.955841005,1
219,186,4870.005,1,0.010709176,0
123,220,4871.217,1,0.008157626,0
293,24,4874.956,1,0.010251263,0
39,33,4875.277,1,0.008553149,0
160,120,4878.345,1,0.060535859,0
214,131,4878.709,1,0.045327503,0
121,135,4878.881,1,0.027608860,0
222,136,4878.894,1,0.044144653,0
240,154,4879.538,1,0.009245081,0
296,190,4880.794,1,0.008128195,0
14,199,4881.125,1,0.007480320,0
169,184,4882.041,0,0.870860815,0
7,229,4894.527,0,0.520245016,0
171,184,4895.867,0,0.990248501,1
144,19,4897.399,1,0.925879776,1
160,199,4907.048,1,0.008923567,0
295,104,4907.118,1,0.009161455,0
171,183,4907.76,1,0.898859501,0
21,130,4908.031,1,0.008002456,0
142,21,4908.344,0,0.979458451,1
4,151,4908.785,1,0.007941889,0
111,172,4909.526,1,0.008486206,0
119,225,4911.385,1,0.008637018,0
320,229,4911.529,1,0.007070504,0
107,6,4914.32,1,0.043797635,0
154,12,4914.533,1,0.018866390,0
42,23,4914.91,1,0.038840074,0
307,30,4915.173,1,0.007107686,0
118,31,4915.182,1,0.009136699,0
285,32,4915.22,1,0.007374041,0
122,34,4915.288,1,0.009187758,0
126,39,4915.478,1,0.008939961,0
127,47,4915.745,1,0.008470733,0
310,49,4915.842,1,0.006971304,0
222,53,4915.965,1,0.009076790,0
147,55,4916.056,1,0.008309717,0
226,56,4916.088,1,0.009175646,0
291,60,4916.225,1,0.007710821,0
32,48,4917.538,1,0.008783625,0
203,118,4918.269,1,0.047926925,0
283,121,4918.356,1,0.018921154,0
107,135,4918.877,1,0.023724573,0
77,136,4918.904,1,0.016228257,0
73,142,4919.102,1,0.009121426,0
341,154,4919.531,1,0.007555339,0
323,169,4920.076,1,0.007613108,0
171,184,4920.146,1,0.975235045,1
222,172,4920.178,1,0.008244636,0
221,182,4920.518,1,0.007513507,0
79,188,4920.724,1,0.007960862,0
31,191,4920.845,1,0.007863910,0
248,199,4921.118,1,0.008557821,0
311,207,4921.396,1,0.008233415,0
273,218,4921.792,1,0.008448355,0
84,221,4921.884,1,0.007838949,0
249,229,4922.169,1,0.009752531,0
228,247,4922.801,1,0.008565944,0
141,39,4937.615,1,0.008845269,0
141,19,4939.349,1,0.991923273,1
169,188,4939.693,0,0.962804556,1
142,20,4940.25,1,0.996136844,1
141,22,4941.358,0,0.949975431,1
287,29,4944.469,1,0.007139033,0
24,52,4945.275,1,0.008832916,0
28,55,4945.384,1,0.008641044,0
127,64,4945.708,1,0.008948621,0
128,72,4945.986,1,0.009003275,0
125,87,4946.515,1,0.054742839,0
335,136,4948.243,1,0.007350905,0
279,181,4949.847,1,0.008629598,0
169,187,4951.725,1,0.920074284,1
170,188,4956.295,0,0.948754549,1
97,62,4956.298,1,0.008362861,0
169,189,4956.822,0,0.888151348,0
307,114,4958.12,1,0.011738823,0
185,128,4958.614,1,0.046429701,0
188,134,4958.838,1,0.040243521,0
295,141,4959.069,1,0.009099515,0
132,144,4959.193,1,0.011576184,0
221,161,4959.768,1,0.008539626,0
246,167,4959.978,1,0.009466002,0
224,191,4960.827,1,0.007639115,0
208,203,4961.259,1,0.008677421,0
169,187,4971.774,1,0.927732289,1
141,23,4979.648,0,0.955376744,1
94,57,4982.743,1,0.046918027,0
158,19,4984.123,1,0.034723572,0
158,24,4984.289,1,0.037749033,0
276,46,4985.072,1,0.007768310,0
170,190,4985.402,0,0.644312084,0
169,188,4985.886,1,0.969199538,1
171,83,4986.376,1,0.058355380,0
254,116,4987.532,1,0.009211045,0
218,149,4988.701,1,0.009168518,0
119,151,4988.784,1,0.009201963,0
43,162,4989.166,1,0.008109985,0
143,168,4989.368,1,0.009425683,0
163,168,4989.376,1,0.010503919,0
225,198,4990.434,1,0.014591682,0
200,212,4990.937,1,0.010289060,0
212,242,4991.006,1,0.009129656,0
169,191,4994.444,0,0.843809009,0
64,11,4994.489,1,0.040912479,0
297,15,4994.618,1,0.010023962,0
242,19,4994.779,1,0.010340286,0
142,21,4994.852,1,0.043997265,0
279,32,4995.242,1,0.007298461,0
238,36,4995.384,1,0.008085029,0
211,40,4995.505,1,0.009575314,0
39,54,4995.999,1,0.008321447,0
288,79,4996.896,1,0.009211985,0
305,80,4996.927,1,0.007339775,0
80,81,4996.973,1,0.008488938,0
303,82,4996.993,1,0.007079022,0
12,86,4997.122,1,0.009109681,0
308,87,4997.163,1,0.008023671,0
112,91,4997.3,1,0.004747621,0
158,91,4997.318,1,0.010800420,0
12,92,4997.334,1,0.009331631,0
153,95,4997.44,1,0.009892766,0
342,103,4997.725,1,0.007003924,0
104,108,4997.906,1,0.013734218,0
200,108,4997.906,1,0.008897795,0
32,48,4997.992,1,0.008739355,0
171,112,4998.052,1,0.063249573,0
92,120,4998.336,1,0.025434796,0
159,124,4998.471,1,0.059058841,0
96,126,4998.55,1,0.024334282,0
220,131,4998.71,1,0.044187471,0
32,134,4998.836,1,0.013589377,0
42,144,4999.176,1,0.009189120,0
40,145,4999.222,1,0.008221788,0
256,149,4999.349,1,0.010034263,0
48,152,4999.453,1,0.008280004,0
343,156,4999.592,1,0.007536091,0
142,24,5000.646,0,0.237497896,0
290,190,5000.8,1,0.008211743,0
147,205,5001.338,1,0.008337012,0
336,206,5001.37,1,0.007516242,0
24,246,5002.764,1,0.012069837,0
48,256,5003.139,1,0.007589338,0
168,191,5010.551,0,0.842536867,0
335,7,5023.698,1,0.006740668,0
264,13,5023.905,1,0.006918116,0
268,14,5023.941,1,0.007066027,0
54,22,5024.223,1,0.008926903,0
309,34,5024.647,1,0.007016940,0
251,53,5025.317,1,0.010039100,0
34,53,5025.336,1,0.008542844,0
8,190,5030.15,1,0.012811526,0
170,192,5034.66,0,0.841223955,0
119,20,5034.808,1,0.043974087,0
71,43,5035.615,1,0.008458714,0
141,22,5036.299,1,0.898581505,0
102,84,5037.072,1,0.009484544,0
40,87,5037.163,1,0.010115877,0
88,94,5037.41,1,0.008465852,0
256,94,5037.422,1,0.009268332,0
277,98,5037.566,1,0.009527528,0
170,100,5037.618,1,0.008906331,0
169,101,5037.657,1,0.025318798,0
174,104,5037.768,1,0.006401265,0
32,48,5038.061,1,0.039746486,0
224,116,5038.187,1,0.023240773,0
280,118,5038.251,1,0.019875210,0
224,120,5038.334,1,0.023203585,0
15,124,5038.476,1,0.013863759,0
56,125,5038.507,1,0.014903626,0
283,133,5038.781,1,0.019223027,0
72,141,5039.084,1,0.008965405,0
10,141,5039.084,1,0.007947590,0
239,149,5039.371,1,0.008744624,0
223,151,5039.435,1,0.008973916,0
21,160,5039.733,1,0.007783628,0
327,160,5039.741,1,0.007733386,0
131,165,5039.91,1,0.009282372,0
77,171,5040.12,1,0.007904169,0
59,171,5040.143,1,0.007803075,0
55,172,5040.174,1,0.008013168,0
62,192,5040.864,1,0.007906741,0
122,198,5041.075,1,0.008124644,0
266,213,5041.626,1,0.007673463,0
48,215,5041.68,1,0.007535431,0
29,225,5042.029,1,0.012468163,0
0,243,5042.659,1,0.011892733,0
141,247,5042.815,1,0.012872973,0
306,222,5043.273,1,0.007214103,0
283,121,5060.649,1,0.008892991,0
238,56,5065.423,1,0.009204955,0
162,64,5065.702,1,0.008949675,0
104,69,5065.884,1,0.008870424,0
32,48,5066.392,1,0.039821934,0
226,110,5067.32,1,0.009203929,0
141,25,5068.502,1,0.981160343,1
315,159,5069.058,1,0.008070228,0
158,163,5069.208,1,0.010596799,0
168,167,5069.343,1,0.010769662,0
134,172,5069.531,1,0.009104569,0
171,191,5070.18,1,0.014848959,0
33,13,5074.55,1,0.037205826,0
145,49,5075.834,1,0.008510743,0
270,72,5076.628,1,0.009888792,0
72,115,5078.165,1,0.020292297,0
223,131,5078.712,1,0.044162475,0
141,27,5081.478,0,0.929787815,1
191,210,5081.494,1,0.007788639,0
199,212,5081.592,1,0.007502759,0
182,229,5082.176,1,0.013179023,0
32,48,5086.006,1,0.039874230,0
260,250,5101.019,1,0.006295248,0
280,51,5105.244,1,0.007735681,0
186,93,5106.727,1,0.050094917,0
165,95,5106.793,1,0.060315426,0
220,111,5107.365,1,0.009119241,0
88,118,5107.611,1,0.010858523,0
47,120,5107.675,1,0.011612601,0
46,120,5107.687,1,0.009393735,0
311,139,5108.346,1,0.008097161,0
191,142,5108.455,1,0.004651075,0
174,159,5109.06,1,0.011674559,0
145,161,5109.125,1,0.010238102,0
241,167,5109.333,1,0.009611454,0
168,168,5109.378,1,0.014599677,0
94,173,5109.557,1,0.008019065,0
59,183,5109.911,1,0.007812188,0
56,199,5110.461,1,0.013203007,0
84,199,5110.476,1,0.013438549,0
290,202,5110.572,1,0.011030667,0
287,204,5110.642,1,0.010998125,0
164,229,5111.541,1,0.010291477,0
239,240,5111.904,1,0.005465489,0
104,246,5112.122,1,0.008773899,0
238,248,5112.19,1,0.005067816,0
47,250,5112.267,1,0.007453775,0
275,13,5114.554,1,0.010081060,0
255,13,5114.568,1,0.010134242,0
197,15,5114.62,1,0.009822313,0
215,16,5114.662,1,0.009723429,0
320,16,5114.675,1,0.009881726,0
214,18,5114.733,1,0.009808122,0
141,26,5115.003,1,0.967302740,1
158,34,5115.308,1,0.009118469,0
290,47,5115.754,1,0.007263923,0
110,49,5115.84,1,0.008821106,0
168,52,5115.928,1,0.008902880,0
123,57,5116.108,1,0.008333276,0
271,62,5116.278,1,0.009116772,0
207,12,5116.339,1,0.006174359,0
248,77,5116.832,1,0.009268276,0
329,78,5116.866,1,0.006882020,0
160,95,5117.442,1,0.010426503,0
120,96,5117.497,1,0.004899571,0
125,102,5117.707,1,0.005935859,0
110,105,5117.82,1,0.011701438,0
68,106,5117.836,1,0.010661636,0
296,108,5117.9,1,0.009009328,0
184,110,5117.987,1,0.008586382,0
144,142,5119.1,1,0.012148956,0
48,150,5119.386,1,0.008168134,0
262,155,5119.564,1,0.009937520,0
137,160,5119.754,1,0.009900981,0
165,164,5119.881,1,0.013558132,0
135,181,5120.498,1,0.008538879,0
160,216,5121.723,1,0.008979863,0
251,248,5122.844,1,0.008132621,0
140,28,5124.264,0,0.972419143,1
135,24,5134.494,1,0.044039357,0
260,23,5144.272,1,0.007419992,0
6,37,5144.758,1,0.008835818,0
250,47,5145.107,1,0.009444445,0
64,50,5145.225,1,0.009000761,0
32,48,5146.805,1,0.040036783,0
53,106,5147.187,1,0.012124630,0
50,106,5147.21,1,0.010381332,0
136,118,5147.607,1,0.017816642,0
247,142,5148.452,1,0.008922306,0
140,29,5148.553,0,0.989081144,1
312,155,5148.917,1,0.008301595,0
331,219,5151.186,1,0.007444760,0
236,249,5152.237,1,0.005394782,0
8,252,5152.339,1,0.006041558,0
8,256,5152.478,1,0.006724722,0
153,6,5154.304,1,0.013961379,0
71,8,5154.392,1,0.043876316,0
223,23,5154.909,1,0.010223669,0
210,24,5154.965,1,0.010387172,0
175,29,5155.116,1,0.009884662,0
216,30,5155.154,1,0.007850569,0
301,54,5155.95,1,0.007283672,0
164,58,5156.152,1,0.009093631,0
248,64,5156.348,1,0.009213862,0
210,90,5157.275,1,0.009228429,0
151,134,5158.829,1,0.051904652,0
259,159,5159.698,1,0.009210027,0
2,164,5159.896,1,0.008214341,0
127,218,5161.778,1,0.008225685,0
260,254,5164.297,0,0.041498873,0
141,27,5167.757,1,0.984538972,1
140,28,5169.3,1,0.997543871,1
141,28,5170.713,1,0.998407185,1
216,23,5184.256,1,0.007047292,0
296,48,5185.142,1,0.007382813,0
300,54,5185.351,1,0.007307200,0
135,60,5185.561,1,0.009611105,0
145,122,5187.752,1,0.015906870,0
216,124,5187.833,1,0.009233479,0
140,29,5188.324,1,0.969797313,1
306,143,5188.504,1,0.008496463,0
40,51,5195.913,1,0.008766674,0
231,166,5199.944,1,0.010763340,0
45,218,5203.041,1,0.007464486,0
140,32,5209.407,0,0.917174459,1
141,29,5210.163,1,0.044101909,0
139,29,5211.068,1,0.987512648,1
88,31,5224.54,1,0.009199112,0
60,90,5226.639,1,0.021300405,0
200,224,5229.375,1,0.006495666,0
140,31,5230.949,1,0.044779304,0
92,228,5231.5,1,0.007730793,0
119,53,5232.345,1,0.008407247,0
291,15,5234.619,1,0.010033657,0
182,48,5235.802,1,0.008981281,0
273,56,5236.075,1,0.008306154,0
99,56,5236.091,1,0.008397502,0
168,59,5236.17,1,0.008747873,0
276,60,5236.204,1,0.008720007,0
25,67,5236.477,1,0.007526479,0
157,75,5236.74,1,0.013273582,0
237,91,5237.318,1,0.009525184,0
328,92,5237.337,1,0.007477572,0
65,95,5237.445,1,0.011508936,0
69,96,5237.491,1,0.012654531,0
272,109,5237.938,1,0.010938411,0
161,151,5239.427,1,0.012140403,0
44,156,5239.612,1,0.008229067,0
336,165,5239.913,1,0.007409018,0
42,188,5240.734,1,0.009362478,0
87,190,5240.796,1,0.007939951,0
141,221,5241.901,1,0.007798627,0
135,3,5263.57,1,0.012860400,0
276,31,5264.548,1,0.007311948,0
335,78,5266.216,1,0.009974667,0
299,88,5266.559,1,0.012094219,0
53,121,5267.727,1,0.009088000,0
56,122,5267.744,1,0.008688737,0
310,134,5268.18,1,0.008331483,0
7,229,5268.604,0,0.102982394,0
259,194,5270.287,1,0.011884281,0
76,200,5270.511,1,0.013365619,0
74,206,5270.712,1,0.013251654,0
15,23,5274.906,1,0.040613052,0
92,58,5276.159,1,0.008821150,0
32,48,5276.432,1,0.008752373,0
253,93,5277.393,1,0.009330733,0
204,80,5277.778,1,0.008831438,0
162,110,5277.986,1,0.004706252,0
314,151,5279.42,1,0.007989457,0
39,151,5279.431,1,0.008836144,0
153,156,5279.596,1,0.011355069,0
111,156,5279.613,1,0.009028339,0
15,189,5280.761,1,0.007899750,0
310,190,5280.797,1,0.008068969,0
258,192,5280.865,1,0.008605388,0
142,208,5281.441,1,0.008332188,0
24,216,5281.725,1,0.008040171,0
30,218,5281.789,1,0.008180904,0
84,239,5282.466,1,0.014441363,0
86,239,5282.523,1,0.014256748,0
139,35,5287.676,0,0.299501836,0
201,63,5305.664,1,0.008849852,0
128,72,5305.99,1,0.012059085,0
256,145,5308.571,1,0.009209440,0
255,152,5308.809,1,0.011909527,0
159,168,5309.391,1,0.010991581,0
201,188,5310.08,1,0.011025257,0
238,208,5310.787,1,0.011647861,0
32,48,5310.972,1,0.040510841,0
47,214,5311.018,1,0.007498012,0
159,228,5311.492,1,0.007868837,0
323,212,5312.698,1,0.007388683,0
40,16,5314.672,1,0.037368484,0
31,93,5317.391,1,0.009445440,0
195,111,5318.018,1,0.046849985,0
191,205,5321.325,1,0.007144811,0
140,34,5324.839,1,0.964207709,1
131,151,5334.248,1,0.026125859,0
140,38,5338.219,0,0.987719655,1
139,37,5339.11,0,0.995328069,1
139,38,5342.159,0,0.433972955,0
83,70,5345.913,1,0.009132952,0
331,88,5346.546,1,0.010373467,0
276,105,5347.147,1,0.010238493,0
118,117,5347.58,1,0.014201129,0
121,131,5348.07,1,0.011540872,0
38,184,5349.931,1,0.008411629,0
24,196,5350.368,1,0.012957267,0
177,220,5351.201,1,0.012055976,0
7,229,5352.089,1,0.008263106,0
55,12,5354.533,1,0.038830239,0
263,19,5354.757,1,0.010226511,0
24,29,5355.125,1,0.008815678,0
214,112,5358.045,1,0.048558462,0
173,125,5358.505,1,0.050022554,0
18,134,5358.825,1,0.013497057,0
139,39,5359.485,0,0.891011894,0
21,185,5360.632,1,0.007655018,0
319,15,5363.288,1,0.006670201,0
139,38,5374.34,1,0.048517086,0
32,48,5379.038,1,0.008738967,0
255,251,5382.03,0,0.111456364,0
143,19,5384.136,1,0.020845946,0
201,43,5384.972,1,0.009643917,0
92,88,5386.549,1,0.053944122,0
252,204,5390.647,1,0.011666693,0
205,256,5392.471,1,0.006589690,0
178,4,5394.238,1,0.010330956,0
140,37,5394.362,1,0.047968127,0
154,47,5395.746,1,0.009342561,0
215,47,5395.768,1,0.010562353,0
161,64,5396.365,1,0.008646380,0
226,71,5396.593,1,0.009009225,0
291,78,5396.843,1,0.008511508,0
65,79,5396.876,1,0.003645523,0
80,88,5397.203,1,0.005065902,0
157,95,5397.46,1,0.010007574,0
161,98,5397.556,1,0.011613082,0
167,100,5397.617,1,0.011310847,0
162,103,5397.728,1,0.010337354,0
216,109,5397.961,1,0.009270123,0
10,111,5398.02,1,0.014036954,0
219,111,5398.034,1,0.045821901,0
56,112,5398.061,1,0.017312236,0
63,116,5398.2,1,0.018220685,0
13,126,5398.538,1,0.013790954,0
139,41,5398.737,0,0.442763686,0
195,141,5399.081,1,0.008647030,0
162,152,5399.465,1,0.019318257,0
181,192,5400.881,1,0.008327596,0
47,222,5401.932,1,0.008144068,0
200,224,5403.37,1,0.006789478,0
138,40,5406.461,0,0.439459831,0
304,105,5413.466,1,0.008345815,0
137,36,5421.777,1,0.723972499,0
167,195,5424.168,0,0.418534040,0
126,107,5427.218,1,0.008335474,0
259,182,5429.874,1,0.009167673,0
140,38,5432.418,1,0.396822065,0
71,5,5434.29,1,0.043856490,0
120,6,5434.301,1,0.040364403,0
312,35,5435.345,1,0.006852859,0
249,58,5436.144,1,0.010445747,0
163,77,5436.81,1,0.009674167,0
200,82,5437.011,1,0.008612477,0
336,87,5437.157,1,0.007023355,0
330,133,5437.254,1,0.007488056,0
249,96,5437.495,1,0.009217323,0
31,97,5437.535,1,0.009212603,0
287,111,5438.006,1,0.014533455,0
105,120,5438.327,1,0.032783557,0
4,136,5438.904,1,0.013319168,0
138,40,5439.051,1,0.981952250,1
56,151,5439.415,1,0.008521296,0
304,162,5439.824,1,0.008380961,0
168,165,5439.915,1,0.010702721,0
296,188,5440.733,1,0.008292303,0
205,223,5441.959,1,0.006838452,0
138,41,5456.243,1,0.976977468,1
32,48,5461.318,1,0.008804236,0
201,30,5464.508,1,0.007899489,0
56,40,5464.861,1,0.008870919,0
172,60,5465.565,1,0.008733909,0
104,84,5466.413,1,0.043981474,0
223,32,5466.49,1,0.011278908,0
168,199,5467.408,1,0.321350783,0
34,126,5467.887,1,0.008397843,0
222,136,5468.237,1,0.009283126,0
32,141,5468.421,1,0.008941085,0
215,176,5469.659,1,0.008212337,0
139,44,5469.762,0,0.952848315,1
138,42,5469.771,1,0.971592009,1
238,241,5471.943,1,0.005904510,0
98,13,5474.549,1,0.043900404,0
5,48,5475.803,1,0.008233087,0
2,50,5475.873,1,0.004318461,0
36,52,5475.946,1,0.008676855,0
7,54,5475.994,1,0.004342468,0
256,80,5476.931,1,0.009254620,0
119,110,5477.981,1,0.015450296,0
241,112,5478.039,1,0.044058811,0
72,116,5478.193,1,0.020583916,0
77,126,5478.542,1,0.019935589,0
146,167,5479.979,1,0.010096260,0
304,168,5480.031,1,0.008414692,0
184,172,5480.16,1,0.012174556,0
153,177,5480.354,1,0.009432755,0
3,181,5480.481,1,0.007808453,0
231,186,5480.665,1,0.009612107,0
184,187,5480.682,1,0.009422219,0
6,187,5480.694,1,0.005228790,0
6,188,5480.734,1,0.008203561,0
8,189,5480.756,1,0.006078153,0
264,196,5481.019,1,0.008294061,0
142,216,5481.727,1,0.009030877,0
200,224,5483.63,1,0.006705413,0
132,64,5484.625,1,0.011353163,0
138,45,5490.128,0,0.454253465,0
139,42,5498.13,1,0.048481669,0
139,40,5499.763,1,0.942975461,1
138,44,5501.496,1,0.982409477,1
138,43,5501.623,1,0.987210989,1
159,37,5504.767,1,0.009400757,0
246,39,5504.831,1,0.008380473,0
3,40,5504.853,1,0.008281590,0
136,50,5505.21,1,0.076679796,0
179,230,5511.562,1,0.008580219,0
138,46,5514.253,0,0.457163692,0
344,7,5514.351,1,0.009596935,0
139,43,5515.606,1,0.963587582,1
32,48,5515.783,1,0.008707580,0
66,70,5516.583,1,0.008356320,0
262,87,5517.183,1,0.009356469,0
66,96,5517.482,1,0.011649612,0
140,100,5517.645,1,0.004602884,0
72,101,5517.65,1,0.011357897,0
172,117,5518.232,1,0.059191365,0
331,134,5518.818,1,0.010616619,0
66,136,5518.897,1,0.014835795,0
335,136,5518.911,1,0.010519125,0
271,140,5519.031,1,0.011540077,0
335,141,5519.063,1,0.007360507,0
296,141,5519.092,1,0.008857710,0
303,142,5519.101,1,0.008149625,0
79,164,5519.88,1,0.008131178,0
335,171,5520.121,1,0.007434588,0
276,172,5520.165,1,0.007670631,0
272,176,5520.307,1,0.008553945,0
256,192,5520.868,1,0.008682205,0
191,194,5520.942,1,0.007203610,0
179,212,5521.579,1,0.008586586,0
200,224,5521.996,1,0.006541685,0
204,230,5522.215,1,0.009937943,0
276,231,5522.243,1,0.010454257,0
116,242,5522.63,1,0.012732474,0
6,250,5522.907,1,0.011860054,0
159,236,5523.391,1,0.007631380,0
138,45,5530.74,1,0.047827881,0
167,193,5531.25,0,0.956545651,1
215,32,5540.519,1,0.007921447,0
8,54,5545.354,1,0.003731976,0
137,47,5546.118,0,0.920082331,1
138,48,5547.246,0,0.894386768,0
266,134,5548.192,1,0.009026824,0
207,142,5548.47,1,0.008618933,0
7,159,5549.053,1,0.007681077,0
175,159,5549.062,1,0.010277945,0
102,208,5550.781,1,0.013235445,0
77,208,5550.801,1,0.009614995,0
77,209,5550.816,1,0.026777053,0
52,251,5552.3,1,0.007577245,0
144,14,5554.584,1,0.031752463,0
77,78,5556.859,1,0.008644108,0
32,48,5557.216,1,0.008768335,0
74,106,5557.849,1,0.011344737,0
16,128,5558.629,1,0.013792596,0
183,224,5567.05,1,0.007762203,0
138,46,5572.37,1,0.995037615,1
138,47,5573.206,1,0.989036143,1
263,145,5573.363,1,0.011278807,0
168,192,5579.664,0,0.990823507,1
137,47,5582.036,1,0.047536299,0
247,16,5584.015,1,0.006957803,0
64,40,5584.858,1,0.008821351,0
80,111,5587.37,1,0.011177430,0
110,148,5588.663,1,0.009515090,0
169,191,5589.063,0,0.991545975,1
262,159,5589.07,1,0.009980197,0
32,166,5589.302,1,0.008136526,0
3,254,5589.884,1,0.007431749,0
168,195,5590.318,1,0.014851847,0
183,224,5591.287,1,0.008341673,0
167,191,5591.634,0,0.990877926,1
132,64,5593.534,1,0.020692203,0
45,16,5594.672,1,0.037775960,0
118,27,5595.063,1,0.009121550,0
111,29,5595.136,1,0.008954146,0
235,32,5595.236,1,0.008165338,0
130,40,5595.509,1,0.008962910,0
146,42,5595.571,1,0.008845557,0
224,59,5596.199,1,0.009197086,0
80,64,5596.363,1,0.005641405,0
80,65,5596.384,1,0.011740915,0
137,50,5596.961,0,0.955487847,1
339,94,5597.409,1,0.007463363,0
127,95,5597.443,1,0.012377255,0
143,114,5598.112,1,0.077751212,0
137,48,5598.385,1,0.950711548,1
32,128,5598.628,1,0.013937067,0
93,135,5598.873,1,0.020695575,0
194,136,5598.886,1,0.046871398,0
302,137,5598.927,1,0.012168273,0
280,173,5600.204,1,0.009450929,0
88,192,5600.882,1,0.008500485,0
314,233,5601.579,1,0.006921150,0
84,229,5602.172,1,0.012965736,0
245,258,5603.2,1,0.004967857,0
137,51,5609.645,0,0.941456676,1
138,48,5615.767,1,0.960709631,1
137,51,5617.236,0,0.961544573,1
215,247,5617.529,1,0.004845242,0
308,22,5624.236,1,0.007080668,0
137,36,5624.723,1,0.041268364,0
32,48,5624.979,1,0.008795165,0
27,52,5625.274,1,0.008898292,0
136,51,5625.822,0,0.895873010,0
169,190,5625.875,0,0.889314651,0
137,52,5626.279,0,0.933454454,1
30,130,5628.031,1,0.008202828,0
192,193,5630.255,1,0.010919010,0
86,201,5630.537,1,0.013443006,0
86,208,5630.787,1,0.013336349,0
165,216,5631.065,1,0.008421658,0
289,6,5634.326,1,0.009828412,0
84,15,5634.621,1,0.043695755,0
335,24,5634.954,1,0.009621009,0
316,71,5636.602,1,0.007335643,0
234,127,5638.573,1,0.044092573,0
160,157,5639.63,1,0.014690328,0
132,158,5639.673,1,0.009928869,0
167,189,5640.026,0,0.806064010,0
167,191,5640.83,1,0.668972731,0
137,50,5641.143,1,0.861340821,0
136,52,5647.278,0,0.946859717,1
137,54,5663.911,0,0.989664495,1
167,188,5664.887,0,0.683822334,0
1,47,5665.11,1,0.008266436,0
137,52,5665.276,1,0.993028939,1
184,58,5665.49,1,0.009068722,0
312,77,5666.166,1,0.010847441,0
215,116,5667.541,1,0.008969464,0
173,149,5668.711,1,0.012175342,0
53,224,5671.343,1,0.007793959,0
74,3,5674.21,1,0.043819096,0
331,10,5674.467,1,0.009627508,0
99,16,5674.681,1,0.043927871,0
70,23,5674.923,1,0.039486118,0
147,29,5675.133,1,0.009277804,0
319,37,5675.401,1,0.006813650,0
303,63,5676.326,1,0.007403565,0
280,64,5676.348,1,0.008768712,0
183,74,5676.715,1,0.008720229,0
217,80,5676.934,1,0.008541968,0
334,97,5677.539,1,0.007223706,0
177,104,5677.782,1,0.006675641,0
177,108,5677.904,1,0.007023652,0
280,123,5678.452,1,0.019064179,0
275,136,5678.894,1,0.019342264,0
276,138,5678.961,1,0.017967505,0
225,152,5679.449,1,0.009156902,0
306,152,5679.458,1,0.008368052,0
163,184,5680.599,1,0.864010155,0
206,200,5681.143,1,0.008269337,0
103,206,5681.369,1,0.008184731,0
191,232,5682.279,1,0.010836364,0
137,53,5683.915,1,0.989663184,1
167,187,5690.324,0,0.860892355,0
136,56,5700.326,0,0.952883184,1
262,252,5700.877,1,0.006309131,0
304,105,5701.15,1,0.008493921,0
132,64,5701.475,1,0.008633001,0
184,13,5703.909,1,0.007192222,0
167,189,5704.554,1,0.768106818,0
106,46,5705.073,1,0.008995221,0
24,53,5705.316,1,0.008740772,0
96,64,5705.708,1,0.008733987,0
120,71,5705.945,1,0.008949227,0
136,56,5706.546,0,0.507241726,0
32,48,5706.699,1,0.041694261,0
159,129,5707.999,1,0.014949964,0
327,151,5708.768,1,0.007641035,0
54,193,5710.257,1,0.013306879,0
224,232,5711.625,1,0.005386286,0
207,243,5712.003,1,0.007065956,0
202,248,5712.194,1,0.005473680,0
206,251,5712.324,1,0.006436660,0
206,252,5712.349,1,0.004036241,0
137,54,5714.081,1,0.982502699,1
132,15,5714.645,1,0.043894280,0
161,30,5715.166,1,0.008960399,0
169,38,5715.44,1,0.008943916,0
137,53,5715.981,1,0.963400543,1
96,58,5716.163,1,0.008697889,0
74,87,5717.172,1,0.004925197,0
304,97,5717.527,1,0.007926103,0
294,109,5717.952,1,0.009256462,0
125,114,5718.119,1,0.056781784,0
123,118,5718.255,1,0.050893292,0
118,182,5720.536,1,0.008525910,0
195,184,5720.588,1,0.008236425,0
160,186,5720.654,1,0.011022503,0
167,188,5720.718,1,0.969422221,1
168,188,5720.739,1,0.966517806,1
168,186,5720.76,0,0.996577799,1
247,192,5720.889,1,0.008755513,0
247,200,5721.144,1,0.008627612,0
66,208,5721.352,1,0.008592580,0
146,229,5722.177,1,0.013464480,0
191,240,5722.562,1,0.011027151,0
230,247,5722.816,1,0.007667021,0
118,250,5722.915,1,0.012623451,0
136,58,5730.405,0,0.518184125,0
168,185,5732.779,0,0.990742981,1
169,185,5734.522,0,0.996017158,1
167,187,5736.583,1,0.996875525,1
167,185,5737.443,0,0.990578353,1
136,56,5738.804,1,0.047352865,0
288,5,5743.64,1,0.006492137,0
322,40,5744.866,1,0.006864890,0
150,51,5745.253,1,0.009419701,0
221,59,5745.522,1,0.008775562,0
310,66,5745.781,1,0.007263792,0
307,68,5745.841,1,0.007867809,0
336,91,5746.668,1,0.010264580,0
31,115,5747.495,1,0.008932211,0
192,132,5748.101,1,0.008975477,0
80,171,5749.474,1,0.007975973,0
280,171,5749.492,1,0.009219941,0
82,233,5751.663,1,0.008727932,0
186,252,5752.336,1,0.009339345,0
136,59,5754.366,0,0.523617506,0
136,57,5755.558,1,0.986390352,1
212,48,5755.812,1,0.010139061,0
137,56,5756.064,1,0.986383080,1
303,87,5757.157,1,0.008521932,0
286,108,5757.902,1,0.009619436,0
183,142,5759.1,1,0.004081776,0
168,184,5759.685,0,0.993464530,1
119,170,5760.103,1,0.008510695,0
136,58,5760.5,1,0.949848950,1
283,184,5760.58,1,0.008364756,0
168,186,5760.65,1,0.951945901,1
287,203,5761.253,1,0.008089015,0
293,234,5762.357,1,0.010335062,0
135,60,5767.417,0,0.461891741,0
169,183,5769.235,0,0.999484301,1
168,183,5769.935,0,0.996369600,1
135,60,5778.203,0,0.530750036,0
175,20,5784.155,1,0.008704185,0
240,21,5784.189,1,0.007100091,0
27,52,5785.284,1,0.008990147,0
321,56,5785.421,1,0.007530173,0
254,62,5785.642,1,0.011399376,0
155,140,5788.379,1,0.012758563,0
134,143,5788.507,1,0.012208058,0
42,151,5788.768,1,0.011514269,0
40,151,5788.774,1,0.010854944,0
339,176,5789.665,1,0.008075669,0
167,184,5789.805,1,0.968688488,1
323,207,5790.753,1,0.010709170,0
30,215,5791.031,1,0.007674502,0
136,62,5791.307,0,0.982155383,1
177,228,5791.499,1,0.008225487,0
136,60,5793.045,1,0.987141848,1
168,182,5794.191,0,0.878289342,0
168,12,5794.531,1,0.011831922,0
173,16,5794.664,1,0.011851401,0
2,32,5795.221,1,0.008558663,0
130,55,5796.05,1,0.008681672,0
76,65,5796.384,1,0.008931566,0
325,80,5796.936,1,0.007205203,0
338,88,5797.199,1,0.007136509,0
247,102,5797.707,1,0.009630668,0
243,120,5798.342,1,0.044038672,0
196,128,5798.61,1,0.047730766,0
292,132,5798.752,1,0.013878408,0
16,157,5799.632,1,0.008624027,0
11,182,5800.525,1,0.007795625,0
63,202,5801.218,1,0.008368214,0
135,62,5801.861,0,0.971771121,1
135,60,5801.864,1,0.956034899,1
169,181,5809.733,0,0.993716657,1
167,183,5810.236,1,0.016369231,0
135,63,5810.821,0,0.547083557,0
130,59,5810.825,1,0.047389288,0
135,63,5817.269,0,0.962018311,1
135,61,5817.637,1,0.940453053,1
136,61,5821.099,1,0.984571815,1
7,229,5821.645,0,0.103541926,0
136,60,5821.763,1,0.993228257,1
219,6,5823.662,1,0.006128117,0
167,180,5824.664,0,0.989793301,1
234,47,5825.112,1,0.009791349,0
128,150,5828.735,1,0.010610235,0
103,171,5829.487,1,0.008200970,0
168,182,5829.862,1,0.976996005,1
238,195,5830.325,1,0.013431501,0
81,252,5832.359,1,0.007449271,0
327,56,5836.089,1,0.006711570,0
330,62,5836.303,1,0.006800175,0
248,63,5836.31,1,0.009153438,0
239,71,5836.613,1,0.009242469,0
135,64,5837.546,0,0.987301588,1
305,110,5837.983,1,0.008425720,0
169,182,5838.983,1,0.016175985,0
167,181,5839.024,1,0.999279559,1
32,141,5839.071,1,0.008380038,0
209,156,5839.59,1,0.008639324,0
71,166,5839.943,1,0.007997201,0
165,176,5840.32,1,0.917108119,1
169,181,5840.481,1,0.980574191,1
166,182,5840.509,1,0.997946441,1
282,216,5841.721,1,0.007588204,0
136,65,5842.774,0,0.556201518,0
4,255,5844.538,1,0.007500817,0
167,179,5845.335,0,0.996637702,1
166,179,5846.249,0,0.996641874,1
135,64,5852.702,1,0.999414563,1
134,65,5853.971,0,0.981748402,1
135,66,5854.867,0,0.953028381,1
215,247,5857.821,1,0.004668195,0
169,180,5858.051,1,0.999929786,1
169,178,5859.22,0,0.994504213,1
168,180,5859.323,1,0.997661114,1
135,64,5861.575,1,0.970413089,1
167,178,5863.634,0,0.995077431,1
204,80,5866.262,1,0.047363129,0
250,90,5866.624,1,0.043981131,0
82,92,5866.692,1,0.030752793,0
135,65,5867.806,1,0.994214714,1
167,181,5869.845,1,0.964458346,1
306,23,5874.928,1,0.010069831,0
60,50,5875.86,1,0.008876181,0
32,52,5875.951,1,0.008620139,0
129,65,5876.385,1,0.086604826,0
32,75,5876.743,1,0.013341884,0
169,177,5876.954,0,0.993033051,1
102,82,5876.986,1,0.008942091,0
167,177,5877.093,0,0.994065642,1
28,86,5877.145,1,0.010145222,0
32,48,5877.179,1,0.008689485,0
161,88,5877.199,1,0.011368808,0
136,63,5877.229,1,0.978960395,1
1,100,5877.643,1,0.008794479,0
103,108,5877.907,1,0.014457401,0
135,67,5878.079,0,0.571555734,0
84,148,5879.331,1,0.009310118,0
264,166,5879.945,1,0.009668655,0
270,167,5880.007,1,0.010374661,0
168,179,5880.409,1,0.986864269,1
195,205,5881.344,1,0.006876597,0
116,239,5882.524,1,0.012789654,0
112,245,5882.733,1,0.012681304,0
91,258,5883.856,1,0.007242655,0
135,66,5886.41,1,0.956048012,1
296,241,5888.488,1,0.007002933,0
135,64,5888.493,1,0.956209183,1
135,68,5890.344,0,0.983068466,1
134,68,5891.147,0,0.994419992,1
167,178,5891.201,1,0.997046053,1
167,176,5893.394,0,0.995135725,1
260,251,5894.905,0,0.124718316,0
135,67,5894.973,1,0.049455356,0
135,69,5895.682,0,0.972035944,1
168,175,5901.505,0,0.995261014,1
191,5,5903.627,1,0.006236662,0
135,67,5903.801,1,0.985656261,1
136,65,5904.412,1,0.989180744,1
236,42,5904.931,1,0.009366981,0
144,69,5904.991,1,0.008952124,0
75,62,5905.642,1,0.008736464,0
135,65,5905.736,1,0.982118726,1
135,66,5905.785,1,0.991532981,1
199,67,5905.821,1,0.008859254,0
200,70,5905.926,1,0.009100990,0
129,86,5906.48,1,0.055081245,0
134,69,5906.508,0,0.587476373,0
71,90,5906.623,1,0.025960220,0
33,102,5907.047,1,0.008883929,0
38,103,5907.082,1,0.009411277,0
254,107,5907.223,1,0.009153801,0
215,109,5907.302,1,0.008666575,0
244,128,5907.984,1,0.009261474,0
167,175,5908.25,0,0.993519843,1
43,115,5909.346,1,0.008964041,0
256,190,5910.16,1,0.012396377,0
110,203,5910.602,1,0.013311988,0
182,211,5910.888,1,0.011895244,0
135,68,5913.631,1,0.979608953,1
135,70,5914.236,0,0.591919839,0
180,7,5914.343,1,0.010206617,0
340,21,5914.848,1,0.009581343,0
247,23,5914.913,1,0.010479420,0
9,24,5914.94,1,0.040554997,0
266,24,5914.954,1,0.010309770,0
77,30,5915.165,1,0.008891839,0
154,31,5915.19,1,0.009142425,0
81,36,5915.362,1,0.005262360,0
81,37,5915.393,1,0.009551705,0
142,48,5915.802,1,0.009838236,0
134,69,5916.023,0,0.982859910,1
129,60,5916.23,1,0.009499024,0
132,64,5916.346,1,0.857834399,0
185,64,5916.374,1,0.008375300,0
204,77,5916.811,1,0.008903898,0
326,99,5917.595,1,0.007493795,0
319,102,5917.699,1,0.007996898,0
311,103,5917.723,1,0.008334868,0
183,224,5917.922,1,0.008007804,0
206,119,5918.306,1,0.048779272,0
97,125,5918.498,1,0.026485870,0
242,125,5918.518,1,0.044040319,0
55,128,5918.614,1,0.014859873,0
39,140,5919.029,1,0.008149890,0
234,160,5919.735,1,0.009259549,0
237,164,5919.902,1,0.009200341,0
112,172,5920.164,1,0.008877251,0
95,175,5920.276,1,0.008178300,0
185,175,5920.293,1,0.008226587,0
0,176,5920.32,1,0.008068388,0
94,181,5920.49,1,0.008068663,0
239,182,5920.533,1,0.009691881,0
335,191,5920.845,1,0.007527526,0
23,193,5920.917,1,0.008014856,0
119,194,5920.941,1,0.007820846,0
112,199,5921.11,1,0.007933905,0
166,174,5921.26,0,0.998748302,1
168,174,5921.293,0,0.993449867,1
193,206,5921.368,1,0.007187698,0
167,176,5921.834,1,0.999832153,1
166,176,5921.936,1,0.999939561,1
168,176,5923.689,1,0.994563878,1
135,70,5924.897,0,0.992585242,1
134,70,5932.32,0,0.998444140,1
135,69,5935.116,1,0.997001112,1
168,175,5936.466,1,0.983821154,1
134,69,5936.941,1,0.999986887,1
134,68,5937.057,1,0.999201000,1
167,173,5938.37,0,0.891083062,0
135,70,5940.868,1,0.996129632,1
134,71,5942.061,0,0.600895047,0
33,49,5945.188,1,0.008609270,0
222,63,5945.675,1,0.009197138,0
314,68,5945.844,1,0.007703141,0
135,72,5947.526,0,0.998103142,1
134,72,5948.8,0,0.999430835,1
166,174,5948.887,1,0.995111763,1
167,172,5950.882,0,0.997752130,1
168,172,5951.849,0,0.997070670,1
262,254,5952.411,1,0.006394247,0
168,174,5952.617,1,0.987713337,1
90,8,5954.396,1,0.043844018,0
265,30,5955.166,1,0.007263483,0
187,31,5955.197,1,0.009223582,0
248,43,5955.608,1,0.008481204,0
134,72,5955.789,0,0.989073694,1
58,52,5955.952,1,0.008930696,0
38,64,5956.348,1,0.008538762,0
177,71,5956.593,1,0.008614697,0
128,72,5956.634,1,0.008961038,0
202,83,5957.041,1,0.008978773,0
148,109,5957.961,1,0.005458801,0
300,114,5958.117,1,0.012291995,0
152,134,5958.818,1,0.052467279,0
281,136,5958.902,1,0.021644557,0
125,144,5959.185,1,0.011935558,0
195,162,5959.807,1,0.007377525,0
167,167,5959.993,1,0.830950499,0
224,168,5960.041,1,0.009041711,0
77,182,5960.507,1,0.007974003,0
134,196,5961.024,1,0.009004054,0
111,200,5961.15,1,0.008436052,0
43,204,5961.302,1,0.008276551,0
135,244,5962.709,1,0.012914338,0
134,71,5963.985,1,0.994027615,1
167,171,5967.019,0,0.997849822,1
163,168,5969.513,1,0.894777954,0
166,172,5976.283,1,0.921334743,1
134,74,5977.072,0,0.837703288,0
168,172,5977.94,1,0.976585627,1
134,71,5978.66,1,0.050478723,0
206,11,5978.919,1,0.009591938,0
168,170,5979.355,0,0.993674040,1
84,7,5983.688,1,0.009157434,0
26,8,5983.731,1,0.008836193,0
111,16,5984.008,1,0.009041719,0
312,22,5984.222,1,0.007018707,0
115,24,5984.292,1,0.009115966,0
120,28,5984.445,1,0.009235420,0
134,72,5984.623,1,0.996437907,1
289,45,5985.031,1,0.007613129,0
42,53,5985.323,1,0.008844474,0
252,64,5985.71,1,0.009630477,0
254,65,5985.738,1,0.011169512,0
135,72,5985.985,1,0.994584739,1
199,77,5986.176,1,0.047850624,0
59,88,5986.558,1,0.022467151,0
287,105,5987.152,1,0.009485646,0
125,111,5987.359,1,0.014951130,0
15,255,5987.901,1,0.007563467,0
168,169,5988.024,0,0.993472219,1
257,251,5988.895,1,0.006532677,0
135,75,5990.95,0,0.998234868,1
134,75,5990.957,0,0.964834392,1
133,74,5991.023,0,0.891221285,0
183,230,5991.573,1,0.008240703,0
257,250,5992.26,1,0.006239902,0
166,169,5993.369,0,0.994603932,1
167,169,5995.28,0,0.999323249,1
82,39,5995.491,1,0.008841101,0
209,42,5995.591,1,0.009772264,0
210,61,5996.259,1,0.008788629,0
139,96,5997.474,1,0.010460860,0
47,101,5997.662,1,0.009798841,0
200,111,5998.024,1,0.047761075,0
2,128,5998.62,1,0.013617974,0
31,135,5998.867,1,0.013641929,0
261,255,5999.476,1,0.006354487,0
63,153,5999.511,1,0.008512180,0
184,183,6000.561,1,0.006814411,0
186,185,6000.621,1,0.007466709,0
112,188,6000.742,1,0.008269095,0
7,229,6002.173,1,0.012238307,0
134,76,6003.746,0,0.988647163,1
167,168,6006.447,0,0.892206252,0
168,167,6008.584,0,0.985126376,1
134,76,6015.541,0,0.995535016,1
166,167,6016.132,0,0.993253410,1
167,170,6017.489,1,0.986402214,1
133,74,6019.081,1,0.999989867,1
133,76,6019.111,0,0.999806464,1
134,75,6019.515,1,0.999959588,1
315,158,6022.365,1,0.011307467,0
159,18,6024.076,1,0.014722914,0
115,21,6024.181,1,0.009199889,0
28,23,6024.254,1,0.008933449,0
198,29,6024.472,1,0.008021652,0
246,32,6024.588,1,0.007716223,0
64,38,6024.8,1,0.008850081,0
264,39,6024.825,1,0.008021163,0
71,40,6024.856,1,0.008546294,0
87,48,6025.133,1,0.009054887,0
82,56,6025.429,1,0.008906209,0
58,61,6025.599,1,0.008872567,0
42,70,6025.915,1,0.004230372,0
251,71,6025.958,1,0.008980886,0
306,77,6026.161,1,0.011202761,0
32,48,6026.239,1,0.042690683,0
192,88,6026.547,1,0.059335917,0
196,88,6026.559,1,0.045715034,0
139,91,6026.669,1,0.057910711,0
159,95,6026.799,1,0.060124729,0
325,199,6026.843,1,0.010780691,0
62,97,6026.889,1,0.021865195,0
282,98,6026.907,1,0.019410832,0
79,102,6027.059,1,0.011786443,0
182,103,6027.085,1,0.008853299,0
279,115,6027.517,1,0.008860573,0
154,118,6027.605,1,0.006380553,0
281,118,6027.629,1,0.009294127,0
144,119,6027.659,1,0.018769650,0
336,119,6027.659,1,0.007260791,0
112,120,6027.679,1,0.013324208,0
99,122,6027.749,1,0.011330621,0
280,122,6027.77,1,0.009437213,0
199,125,6027.855,1,0.008533136,0
193,127,6027.926,1,0.008601935,0
281,127,6027.94,1,0.008826706,0
268,17,6028.073,1,0.006932083,0
333,134,6028.172,1,0.007331109,0
178,134,6028.182,1,0.004338032,0
156,142,6028.451,1,0.013908748,0
160,142,6028.451,1,0.011776394,0
20,150,6028.742,1,0.008326028,0
16,152,6028.809,1,0.008225366,0
299,152,6028.831,1,0.008829137,0
125,153,6028.844,1,0.009880998,0
302,153,6028.867,1,0.008262176,0
319,157,6028.99,1,0.007758961,0
119,158,6029.032,1,0.009251075,0
91,159,6029.054,1,0.008518082,0
232,161,6029.119,1,0.009395728,0
301,182,6029.878,1,0.008275464,0
328,225,6030.068,1,0.010472975,0
320,200,6030.5,1,0.010902605,0
296,218,6031.135,1,0.007435977,0
200,224,6031.341,1,0.007011314,0
335,228,6031.482,1,0.007229118,0
76,229,6031.54,1,0.007969410,0
167,168,6031.543,1,0.987412453,1
204,231,6031.588,1,0.007631481,0
133,77,6032.085,0,0.999714077,1
59,248,6032.202,1,0.007295574,0
48,256,6032.477,1,0.007637782,0
134,78,6032.671,0,0.997268677,1
295,201,6032.679,1,0.007737236,0
32,48,6032.915,1,0.008706152,0
134,76,6033.467,1,0.997783244,1
167,166,6034.302,0,0.892999828,0
109,56,6034.392,1,0.047174927,0
143,14,6034.595,1,0.030826498,0
173,38,6035.429,1,0.008792763,0
166,38,6035.458,1,0.008930009,0
0,54,6036.004,1,0.004604318,0
112,64,6036.348,1,0.008839743,0
278,71,6036.619,1,0.009737493,0
218,91,6037.327,1,0.009132845,0
160,116,6038.178,1,0.066080481,0
263,126,6038.549,1,0.032414641,0
335,136,6038.891,1,0.010510027,0
167,167,6039.986,1,0.990928233,1
172,168,6040.015,1,0.849545777,0
17,168,6040.033,1,0.007755745,0
166,167,6043.83,1,0.999637127,1
167,165,6044.9,0,0.991532505,1
133,78,6045.388,0,0.994152486,1
134,79,6049.363,0,0.993674278,1
167,164,6053.497,0,0.987576008,1
166,166,6054.843,1,0.999512315,1
168,164,6055.047,0,0.997219324,1
167,166,6055.885,1,0.991302490,1
133,77,6056.744,1,0.951896429,1
168,167,6057.199,1,0.968985915,1
134,80,6058.228,0,0.894236565,0
133,79,6058.951,0,0.840333819,0
134,78,6061.946,1,0.992233396,1
125,19,6064.126,1,0.009221260,0
30,32,6064.598,1,0.008784417,0
269,55,6065.385,1,0.008817320,0
254,63,6065.694,1,0.010808065,0
134,74,6066.056,1,0.051259466,0
168,165,6066.635,1,0.021895586,0
115,95,6066.808,1,0.056694627,0
166,165,6067.062,1,0.999433696,1
312,103,6067.091,1,0.008086081,0
47,120,6067.681,1,0.008666808,0
167,165,6068.566,1,0.999955654,1
166,163,6069.976,0,0.996183813,1
129,212,6070.942,1,0.013355267,0
319,224,6071.343,1,0.007579870,0
168,163,6071.59,0,0.994805753,1
134,80,6072.362,0,0.993296921,1
32,48,6073.885,1,0.008877201,0
134,79,6074.356,1,0.999912262,1
98,39,6075.475,1,0.008927932,0
134,78,6075.553,1,0.993910909,1
259,45,6075.682,1,0.008333449,0
123,53,6075.963,1,0.008494391,0
38,54,6075.998,1,0.008660021,0
165,162,6076.24,0,0.995729148,1
271,62,6076.283,1,0.009167032,0
135,75,6076.738,1,0.979693592,1
110,84,6077.062,1,0.009338877,0
8,98,6077.546,1,0.009019073,0
288,102,6077.708,1,0.009865364,0
168,164,6078.137,1,0.995584428,1
68,128,6078.604,1,0.017865716,0
334,129,6078.663,1,0.010517905,0
240,130,6078.694,1,0.044045605,0
235,167,6079.98,1,0.011884919,0
324,168,6080.026,1,0.007756369,0
95,175,6080.261,1,0.008120997,0
143,187,6080.706,1,0.008476579,0
151,189,6080.757,1,0.008710692,0
166,162,6080.788,0,0.996225238,1
173,198,6081.103,1,0.008645367,0
119,203,6081.266,1,0.007786694,0
37,214,6081.639,1,0.007687128,0
134,79,6082.863,1,0.053525288,0
133,79,6085.966,1,0.980479956,1
134,81,6087.715,0,0.988328397,1
167,161,6089.163,0,0.996570468,1
167,164,6090.896,1,0.999992609,1
166,163,6091.496,1,0.999446571,1
165,161,6091.595,0,0.998208761,1
133,81,6092.277,0,0.993139565,1
163,168,6092.347,1,0.498387665,0
133,80,6101.874,1,0.996859789,1
134,81,6102.683,1,0.999851704,1
96,15,6103.979,1,0.009174542,0
295,20,6104.154,1,0.006854222,0
181,22,6104.227,1,0.008243092,0
232,61,6105.603,1,0.009418215,0
119,69,6105.881,1,0.009122701,0
134,79,6106.236,1,0.983964443,1
247,79,6106.247,1,0.044010837,0
39,91,6106.653,1,0.017008575,0
33,91,6106.664,1,0.016352724,0
27,95,6106.795,1,0.015413247,0
268,104,6107.112,1,0.009287662,0
122,106,6107.19,1,0.006539082,0
111,109,6107.306,1,0.018626826,0
245,125,6107.863,1,0.009002871,0
112,128,6107.964,1,0.012025597,0
224,134,6108.17,1,0.009209522,0
117,136,6108.244,1,0.011876897,0
304,143,6108.496,1,0.008675398,0
288,157,6108.982,1,0.009869707,0
36,167,6109.348,1,0.007860978,0
31,176,6109.647,1,0.008620766,0
133,82,6109.859,0,0.975152075,1
133,81,6110.295,1,0.991789341,1
134,83,6110.709,0,0.978452384,1
113,223,6111.324,1,0.008323347,0
39,240,6111.909,1,0.007368773,0
51,240,6111.928,1,0.007457377,0
49,244,6112.063,1,0.007449515,0
165,161,6114.084,1,0.997398138,1
308,8,6114.374,1,0.009704077,0
167,15,6114.634,1,0.012422638,0
5,23,6114.908,1,0.039746214,0
166,161,6115.563,1,0.988770902,1
133,83,6115.653,0,0.973856628,1
134,81,6115.848,1,0.993382692,1
205,82,6116.998,1,0.008462231,0
134,84,6118.026,0,0.909032762,1
240,194,6120.932,1,0.009495445,0
332,240,6122.581,1,0.010226125,0
32,48,6122.884,1,0.043033838,0
260,254,6125.681,0,0.034695078,0
133,84,6126.233,0,0.999810398,1
134,84,6127.028,0,0.999430358,1
165,158,6129.705,0,0.997608900,1
166,158,6129.71,0,0.999560297,1
133,81,6130.321,1,0.999147415,1
133,82,6132.14,1,0.994276702,1
133,84,6133.972,0,0.999237776,1
134,85,6138.168,0,0.701852739,0
165,157,6139.08,0,0.999821961,1
167,157,6139.104,0,0.999192894,1
166,159,6139.3,1,0.999566257,1
134,83,6143.33,1,0.997897863,1
239,21,6144.188,1,0.006930862,0
195,51,6145.249,1,0.008767535,0
185,93,6146.73,1,0.048402321,0
186,95,6146.823,1,0.047972504,0
212,71,6148.115,1,0.008865668,0
133,85,6148.481,0,0.999795020,1
134,86,6148.52,0,0.998969793,1
165,156,6148.569,0,0.996474326,1
165,158,6149.013,1,0.993884861,1
327,169,6149.411,1,0.007618257,0
192,177,6149.714,1,0.008778736,0
5,191,6150.181,1,0.012831931,0
134,84,6150.306,1,0.994714677,1
166,156,6150.457,0,0.892729223,0
47,211,6150.904,1,0.012949646,0
50,216,6151.065,1,0.007811722,0
262,226,6151.426,1,0.008299797,0
166,232,6151.623,1,0.008155142,0
159,237,6151.808,1,0.009284030,0
133,86,6152.648,0,0.990100205,1
262,7,6154.336,1,0.009930289,0
45,7,6154.365,1,0.038006980,0
273,11,6154.502,1,0.009987176,0
225,19,6154.762,1,0.009905062,0
300,35,6155.33,1,0.006955580,0
7,39,6155.49,1,0.008293120,0
47,44,6155.645,1,0.008540235,0
18,69,6156.546,1,0.013007474,0
311,71,6156.619,1,0.007453215,0
32,48,6156.69,1,0.008650633,0
32,85,6157.11,1,0.010289064,0
291,87,6157.18,1,0.009324044,0
40,88,6157.213,1,0.010832312,0
57,96,6157.496,1,0.011121063,0
16,102,6157.691,1,0.009072553,0
37,103,6157.728,1,0.009259286,0
276,127,6158.569,1,0.020655088,0
167,155,6158.626,0,0.892480791,0
295,136,6158.906,1,0.013278472,0
225,140,6159.053,1,0.009144015,0
131,143,6159.137,1,0.011474912,0
165,157,6159.401,1,0.986329377,1
209,156,6159.612,1,0.008819400,0
95,166,6159.95,1,0.008245189,0
90,167,6159.998,1,0.008423474,0
160,188,6160.727,1,0.009542939,0
201,190,6160.799,1,0.009224445,0
264,190,6160.809,1,0.008734862,0
50,255,6163.094,1,0.007565013,0
133,84,6163.168,1,0.995804369,1
275,257,6163.752,1,0.006832291,0
133,85,6165.155,1,0.990318656,1
32,48,6169.847,1,0.008801931,0
167,156,6171.142,1,0.998819888,1
165,156,6171.169,1,0.997069716,1
133,85,6172.608,1,0.997773111,1
166,157,6172.904,1,0.999712646,1
29,243,6178.098,1,0.012220243,0
92,114,6181.245,1,0.011905953,0
166,156,6182.323,1,0.996603847,1
134,84,6182.334,1,0.055041436,0
166,155,6182.556,1,0.999494076,1
133,88,6183.219,0,0.971778512,1
167,155,6183.292,1,0.995912850,1
63,5,6183.624,1,0.009074033,0
167,153,6183.827,0,0.996006310,1
165,155,6184.514,1,0.979124725,1
260,48,6185.136,1,0.008706061,0
37,50,6185.212,1,0.009108501,0
137,124,6187.825,1,0.014910819,0
133,88,6188.453,0,0.988093674,1
165,153,6188.468,0,0.991891146,1
167,152,6189.249,0,0.992528558,1
177,166,6189.305,1,0.009255198,0
88,185,6189.993,1,0.007900864,0
106,197,6190.393,1,0.013387134,0
314,199,6190.484,1,0.011056596,0
228,207,6190.751,1,0.012259479,0
28,254,6192.406,1,0.007455395,0
165,154,6192.589,1,0.942668676,1
46,21,6193.25,1,0.009096846,0
340,6,6194.323,1,0.009575693,0
232,15,6194.64,1,0.009857793,0
47,16,6194.659,1,0.037807398,0
289,31,6195.205,1,0.007186650,0
48,38,6195.452,1,0.008692344,0
55,39,6195.466,1,0.008506591,0
326,47,6195.757,1,0.006588392,0
204,60,6196.212,1,0.008644643,0
287,256,6196.496,1,0.006613563,0
180,74,6196.713,1,0.008777860,0
277,84,6197.065,1,0.009347320,0
32,48,6197.219,1,0.008828270,0
231,93,6197.39,1,0.009599111,0
176,102,6197.693,1,0.009674446,0
127,109,6197.935,1,0.016517902,0
58,109,6197.952,1,0.009760662,0
166,152,6198.032,0,0.888815820,0
38,126,6198.551,1,0.014158508,0
54,143,6199.154,1,0.008961766,0
264,145,6199.217,1,0.009434823,0
207,162,6199.821,1,0.008022733,0
122,176,6200.328,1,0.008944664,0
167,153,6200.393,1,0.975440979,1
41,231,6202.258,1,0.012536359,0
31,244,6202.7,1,0.012225746,0
27,246,6202.767,1,0.012155378,0
112,259,6203.234,1,0.008224783,0
166,151,6204.151,0,0.993632853,1
167,151,6208.569,0,0.993310809,1
167,158,6212.381,1,0.498318732,0
134,90,6212.482,0,0.987883031,1
133,90,6213.468,0,0.991226137,1
7,229,6215.265,0,0.166887581,0
165,152,6215.35,1,0.994963765,1
166,150,6215.575,0,0.997308612,1
167,150,6217.164,0,0.998489618,1
167,152,6217.297,1,0.999769866,1
165,150,6217.551,0,0.991711140,1
166,152,6218.772,1,0.999813259,1
133,88,6220.889,1,0.991849899,1
133,89,6221.527,1,0.997722447,1
126,6,6223.658,1,0.009180139,0
276,20,6224.16,1,0.006985272,0
183,26,6224.373,1,0.008439193,0
197,32,6224.58,1,0.008116079,0
165,151,6225.5,1,0.991831481,1
166,149,6226.75,0,0.885101914,0
167,149,6228.215,0,0.996050537,1
87,151,6228.78,1,0.008561633,0
201,232,6229.359,1,0.006734121,0
144,175,6229.635,1,0.009217849,0
89,177,6229.712,1,0.008006417,0
302,184,6229.945,1,0.007900519,0
165,149,6229.962,0,0.992889285,1
25,191,6230.192,1,0.013103549,0
133,91,6230.633,0,0.738689780,0
134,88,6231.177,1,0.962168574,1
263,24,6234.939,1,0.010321512,0
192,31,6235.19,1,0.008335064,0
167,150,6235.678,1,0.999539018,1
224,63,6236.336,1,0.009148289,0
166,151,6236.336,1,0.999241948,1
33,64,6236.35,1,0.008255767,0
135,77,6236.832,1,0.012141952,0
129,78,6236.86,1,0.009608136,0
160,79,6236.905,1,0.009585154,0
289,80,6236.934,1,0.009002722,0
39,88,6237.211,1,0.011038285,0
161,95,6237.447,1,0.010888437,0
286,101,6237.68,1,0.009669317,0
166,148,6237.834,0,0.992337048,1
313,110,6237.981,1,0.008295960,0
165,150,6238.065,1,0.031859402,0
60,116,6238.181,1,0.027984079,0
88,116,6238.191,1,0.028047314,0
59,117,6238.237,1,0.059540868,0
227,55,6238.271,1,0.036623348,0
145,127,6238.571,1,0.062275164,0
75,128,6238.612,1,0.019915953,0
8,139,6238.998,1,0.013319513,0
40,152,6239.452,1,0.008374096,0
23,158,6239.664,1,0.007774373,0
133,89,6239.864,1,0.991127849,1
5,192,6240.87,1,0.007618650,0
164,194,6240.94,1,0.010522143,0
159,210,6241.502,1,0.009207643,0
155,216,6241.714,1,0.008648694,0
133,92,6242.019,0,0.948915362,1
166,147,6245.423,0,0.995099723,1
167,149,6246.06,1,0.989413738,1
133,92,6246.865,0,0.983386338,1
167,147,6247.512,0,0.978117347,1
133,90,6248.202,1,0.990228415,1
165,147,6248.662,0,0.992194295,1
165,149,6249.269,1,0.990202665,1
32,48,6251.556,1,0.008788749,0
133,93,6258.196,0,0.749752581,0
166,146,6260.972,0,0.995027840,1
165,148,6261.003,1,0.973509669,1
167,148,6261.563,1,0.988729894,1
261,12,6263.869,1,0.006931706,0
304,16,6264.01,1,0.006941395,0
176,31,6264.536,1,0.010670104,0
71,33,6264.613,1,0.008556607,0
65,38,6264.809,1,0.008494025,0
255,44,6265.016,1,0.009190328,0
151,48,6265.144,1,0.009822067,0
190,49,6265.199,1,0.009232292,0
73,51,6265.245,1,0.008700857,0
24,52,6265.259,1,0.008687185,0
265,60,6265.584,1,0.010811613,0
247,62,6265.628,1,0.009590937,0
214,63,6265.684,1,0.009003289,0
333,78,6266.201,1,0.010058060,0
133,93,6266.265,0,0.749730170,0
134,90,6266.614,1,0.056556642,0
287,91,6266.665,1,0.014018415,0
122,92,6266.701,1,0.053616431,0
30,95,6266.797,1,0.015749095,0
170,106,6267.195,1,0.009621340,0
23,126,6267.906,1,0.008206103,0
80,134,6268.181,1,0.009465667,0
242,137,6268.288,1,0.009271977,0
166,145,6268.463,0,0.993559182,1
275,143,6268.489,1,0.009400855,0
261,149,6268.701,1,0.012667097,0
256,152,6268.813,1,0.009176431,0
167,153,6268.837,1,0.396094114,0
161,159,6269.053,1,0.011180682,0
134,91,6269.95,1,0.976960540,1
133,92,6270.09,1,0.992221415,1
109,212,6270.933,1,0.013195536,0
36,215,6271.043,1,0.007897583,0
266,216,6271.067,1,0.007758931,0
167,147,6272.381,1,0.991479993,1
283,70,6276.572,1,0.008717456,0
149,78,6276.857,1,0.010319105,0
75,133,6278.807,1,0.018518848,0
165,151,6279.416,1,0.863103032,0
327,184,6280.578,1,0.007625669,0
133,93,6280.737,1,0.995042801,1
229,191,6280.833,1,0.008592319,0
89,195,6280.995,1,0.008018473,0
166,146,6281.031,1,0.972990096,1
133,92,6281.094,1,0.988595068,1
166,144,6284.06,0,0.995673001,1
166,143,6288.138,0,0.992933154,1
166,145,6289.458,1,0.989293694,1
134,92,6290.386,1,0.057042085,0
133,96,6298.842,0,0.990515232,1
166,144,6299.178,1,0.972141504,1
165,142,6299.805,0,0.983768165,1
133,94,6300.177,1,0.996440470,1
166,142,6300.408,0,0.997106373,1
133,93,6301.197,1,0.998232424,1
76,52,6305.288,1,0.008983650,0
200,85,6306.445,1,0.047366485,0
136,85,6306.452,1,0.055407327,0
306,88,6306.548,1,0.011668630,0
112,91,6306.656,1,0.048066869,0
242,96,6306.828,1,0.044083215,0
244,99,6306.944,1,0.044059664,0
133,95,6308.496,1,0.977385700,1
48,150,6308.746,1,0.008633413,0
96,182,6309.884,1,0.008597048,0
178,208,6310.798,1,0.012389583,0
165,141,6311.274,0,0.999058187,1
322,224,6311.343,1,0.007369302,0
166,143,6313.2,1,0.989320397,1
133,95,6315.102,1,0.991857052,1
7,229,6315.691,0,0.204881832,0
134,94,6317.213,1,0.986744821,1
165,141,6317.659,0,0.998515427,1
263,252,6317.857,0,0.045950521,0
57,108,6317.9,1,0.009958345,0
250,182,6320.524,1,0.009721004,0
134,97,6321.451,0,0.994583189,1
295,211,6321.539,1,0.007807695,0
93,249,6322.881,1,0.012573701,0
165,140,6324.742,0,0.996451497,1
132,97,6328.341,0,0.980848551,1
133,96,6329.378,1,0.996181965,1
164,142,6330.558,1,0.039557226,0
165,139,6336.102,0,0.993522465,1
165,141,6336.254,1,0.999111950,1
166,141,6342.298,1,0.037984442,0
165,138,6342.893,0,0.868787587,0
56,12,6343.867,1,0.009061727,0
166,138,6344.097,0,0.996386409,1
236,38,6344.799,1,0.008781806,0
164,138,6345.305,0,0.991008222,1
132,96,6346.096,1,0.058423351,0
159,139,6348.35,1,0.015785901,0
165,140,6348.378,1,0.978649318,1
327,152,6348.807,1,0.007534840,0
184,187,6349.286,1,0.007620698,0
134,99,6349.897,0,0.994673312,1
7,229,6349.991,1,0.318249732,0
138,186,6350.021,1,0.014821758,0
336,187,6350.054,1,0.010617540,0
189,189,6350.11,1,0.011177720,0
7,229,6351.07,0,0.247097731,0
133,99,6351.265,0,0.997379959,1
2,226,6351.425,1,0.007701450,0
32,48,6352.148,1,0.008669533,0
166,139,6353.419,1,0.997908235,1
165,137,6353.629,0,0.988516212,1
152,244,6353.661,1,0.007725030,0
82,1,6354.131,1,0.043762632,0
260,7,6354.366,1,0.009902153,0
199,11,6354.48,1,0.009622249,0
164,16,6354.666,1,0.013522063,0
311,24,6354.937,1,0.009989756,0
311,29,6355.126,1,0.006891299,0
164,139,6355.354,1,0.999076843,1
103,37,6355.397,1,0.008646216,0
164,137,6355.456,0,0.982756734,1
165,141,6355.886,1,0.982174397,1
305,67,6356.455,1,0.007446403,0
132,99,6357.185,0,0.992198169,1
261,92,6357.356,1,0.009164758,0
29,94,6357.418,1,0.009463164,0
128,96,6357.478,1,0.010287913,0
56,102,6357.712,1,0.010655748,0
20,103,6357.729,1,0.008722307,0
176,108,6357.898,1,0.009238706,0
133,98,6358.274,1,0.984581053,1
331,127,6358.6,1,0.010613114,0
57,129,6358.649,1,0.015409051,0
122,142,6359.118,1,0.011616908,0
177,151,6359.42,1,0.012960153,0
165,137,6359.538,0,0.999283135,1
132,97,6359.722,1,0.988799691,1
166,138,6359.931,1,0.998129785,1
158,235,6362.378,1,0.014128631,0
147,253,6363.03,1,0.008892506,0
134,100,6364.037,0,0.992455363,1
130,97,6364.187,1,0.838717401,0
134,97,6364.231,1,0.960261226,1
164,136,6369.104,0,0.983829796,1
133,98,6369.115,1,0.986614287,1
133,100,6370.495,0,0.790640593,0
133,99,6372.461,1,0.994830191,1
165,135,6373.522,0,0.996926606,1
166,135,6373.761,0,0.996942341,1
165,138,6374.054,1,0.040213432,0
133,101,6374.555,0,0.996017635,1
134,101,6375.55,0,0.995724559,1
164,137,6377.385,1,0.981631219,1
164,135,6377.912,0,0.992550731,1
166,134,6379.889,0,0.996916056,1
138,16,6384.012,1,0.009189598,0
264,72,6385.986,1,0.011054891,0
164,136,6386.495,1,0.041834079,0
165,136,6388.249,1,0.948934257,1
95,175,6389.612,1,0.008072813,0
136,184,6389.952,1,0.008805518,0
133,100,6390.374,1,0.076084450,0
166,135,6392.424,1,0.989504337,1
132,99,6395.668,1,0.990775883,1
210,55,6396.052,1,0.008888734,0
166,127,6397.007,1,0.916971445,1
182,83,6397.038,1,0.009567358,0
164,135,6397.252,1,0.958498716,1
240,108,6397.903,1,0.009296569,0
72,111,6398.021,1,0.022717424,0
86,119,6398.313,1,0.025983429,0
165,133,6398.55,0,0.860484540,0
164,144,6399.189,1,0.261146277,0
164,150,6399.395,1,0.017607911,0
276,159,6399.698,1,0.009748259,0
13,195,6400.984,1,0.007560762,0
133,100,6401.207,1,0.992498577,1
56,214,6401.639,1,0.007975886,0
129,214,6401.652,1,0.007849450,0
119,218,6401.779,1,0.007901821,0
162,222,6401.923,1,0.008194956,0
216,224,6401.994,1,0.003910347,0
133,101,6402.143,1,0.996946156,1
200,224,6403.803,1,0.007012058,0
133,103,6403.892,0,0.970143735,1
165,135,6404.231,1,0.967425346,1
164,134,6407.55,1,0.997390926,1
165,134,6409.508,1,0.983191788,1
164,132,6409.579,0,0.996044159,1
133,101,6409.842,1,0.992979467,1
134,100,6411.171,1,0.991309404,1
134,103,6412.994,0,0.989147186,1
32,48,6413.566,1,0.009828676,0
164,131,6419.421,0,0.995165706,1
133,104,6420.502,0,0.985517323,1
164,133,6421.761,1,0.997076511,1
169,32,6424.586,1,0.009004815,0
239,34,6424.655,1,0.008009959,0
30,36,6424.716,1,0.008856231,0
175,39,6424.822,1,0.009809762,0
269,46,6425.079,1,0.008869695,0
87,48,6425.151,1,0.009078887,0
183,224,6425.26,1,0.008097134,0
72,53,6425.327,1,0.008917163,0
112,67,6425.812,1,0.008954450,0
120,68,6425.85,1,0.009019409,0
242,78,6426.199,1,0.044056661,0
288,80,6426.267,1,0.013127620,0
198,85,6426.452,1,0.047372628,0
241,88,6426.556,1,0.044077884,0
32,48,6427.055,1,0.009014667,0
6,109,6427.289,1,0.008662392,0
89,112,6427.406,1,0.012315365,0
70,113,6427.434,1,0.010597233,0
163,130,6427.637,0,0.990658641,1
229,119,6427.646,1,0.009020117,0
166,134,6428.174,1,0.971664369,1
93,150,6428.735,1,0.008963350,0
111,224,6431.37,1,0.007549506,0
165,132,6431.493,1,0.997292459,1
133,234,6431.697,1,0.008093485,0
132,236,6431.766,1,0.008185280,0
104,246,6432.118,1,0.007984444,0
166,132,6432.49,1,0.999152780,1
7,229,6433.179,1,0.007575653,0
164,130,6433.504,0,0.992134452,1
152,6,6434.303,1,0.013168170,0
2,32,6435.231,1,0.008605632,0
198,36,6435.359,1,0.009025639,0
331,52,6435.938,1,0.006797570,0
134,105,6435.991,0,0.986508906,1
8,54,6435.996,1,0.005626614,0
177,56,6436.093,1,0.008423804,0
313,64,6436.368,1,0.007113641,0
100,76,6436.797,1,0.009087588,0
113,163,6437.002,1,0.008923403,0
156,88,6437.22,1,0.012064107,0
160,90,6437.284,1,0.010970788,0
165,131,6437.461,1,0.987037420,1
218,111,6438.003,1,0.046502654,0
216,112,6438.05,1,0.047229838,0
131,112,6438.067,1,0.066974193,0
165,129,6438.353,0,0.946352839,1
332,127,6438.588,1,0.010568724,0
165,133,6438.779,1,0.692598164,0
164,129,6438.815,0,0.944840312,1
70,136,6438.899,1,0.016466282,0
133,103,6439.55,1,0.922370493,1
175,159,6439.715,1,0.013262382,0
168,168,6440.02,1,0.010487359,0
2,210,6441.503,1,0.008263270,0
163,129,6441.952,0,0.991386056,1
71,228,6442.149,1,0.012890558,0
200,224,6442.752,1,0.010070744,0
277,247,6442.812,1,0.010228544,0
219,250,6442.912,1,0.005376037,0
224,255,6443.092,1,0.004812732,0
19,259,6443.224,1,0.007404321,0
165,128,6443.783,0,0.997307777,1
165,130,6445.075,1,0.989213645,1
163,128,6447.075,0,0.993823647,1
134,106,6451.32,0,0.990795195,1
165,127,6457.603,0,0.999836564,1
164,127,6457.663,0,0.997305512,1
165,129,6458.001,1,0.997542262,1
163,127,6459.395,0,0.995709896,1
164,128,6459.494,0,0.998772919,1
32,48,6461.37,1,0.008825472,0
133,107,6463.554,0,0.993626833,1
165,128,6467.958,1,0.985040843,1
166,127,6469.415,1,0.967080951,1
90,175,6469.628,1,0.007999417,0
163,126,6470.381,0,0.849917889,0
200,199,6470.459,1,0.010746136,0
133,105,6471.597,1,0.962392747,1
163,128,6471.847,1,0.961890459,1
164,128,6473.047,1,0.974013448,1
87,59,6476.199,1,0.008419122,0
176,62,6476.301,1,0.008613719,0
264,77,6476.812,1,0.009327710,0
282,90,6477.287,1,0.009572329,0
183,91,6477.324,1,0.008878582,0
36,92,6477.338,1,0.010115341,0
279,92,6477.346,1,0.009845301,0
192,109,6477.96,1,0.009052154,0
279,111,6478.015,1,0.018565044,0
284,111,6478.029,1,0.017501201,0
253,116,6478.208,1,0.043929685,0
145,117,6478.228,1,0.072118364,0
288,118,6478.266,1,0.014421580,0
298,126,6478.553,1,0.009623704,0
296,128,6478.624,1,0.009765429,0
147,133,6478.811,1,0.054058183,0
164,134,6478.824,1,0.041750036,0
140,245,6479.295,1,0.008589809,0
117,148,6479.317,1,0.010160081,0
182,149,6479.347,1,0.005110392,0
163,125,6479.511,0,0.998033106,1
256,158,6479.672,1,0.009184485,0
18,164,6479.874,1,0.007915971,0
55,165,6479.912,1,0.008109011,0
187,165,6479.933,1,0.010355643,0
66,172,6480.158,1,0.008731345,0
65,174,6480.229,1,0.007858145,0
302,182,6480.523,1,0.008172566,0
164,125,6480.566,0,0.999316096,1
134,108,6480.611,0,0.985916674,1
194,189,6480.757,1,0.008197282,0
321,207,6481.405,1,0.007843964,0
148,232,6482.285,1,0.013699009,0
133,104,6482.4,1,0.121711247,0
167,237,6482.452,1,0.014199933,0
133,106,6482.849,1,0.121484056,0
125,248,6482.85,1,0.012766032,0
93,255,6483.093,1,0.007599005,0
164,127,6488.379,1,0.988872588,1
163,125,6488.629,0,0.990334094,1
164,124,6488.836,0,0.992447972,1
166,127,6489.802,1,0.929309547,1
163,124,6490.111,0,0.874031186,0
165,126,6490.176,1,0.989372671,1
163,126,6491.709,1,0.982922196,1
163,125,6496.217,1,0.983784795,1
164,123,6497.867,0,0.975784302,1
134,106,6501.077,1,0.995483041,1
133,106,6502.533,1,0.996198356,1
164,125,6503.122,1,0.999605358,1
165,123,6503.652,0,0.988868117,1
270,8,6503.729,1,0.006664709,0
163,125,6504.099,1,0.999354780,1
134,105,6504.554,1,0.968265057,1
233,52,6505.285,1,0.010534716,0
133,110,6505.744,0,0.907173514,1
145,70,6505.937,1,0.038235307,0
133,108,6506.209,1,0.070885181,0
115,86,6506.482,1,0.052773409,0
331,98,6506.917,1,0.010505049,0
133,103,6507.097,1,0.945552289,1
204,80,6507.436,1,0.008976664,0
55,115,6507.505,1,0.009863161,0
91,119,6507.643,1,0.011557914,0
218,124,6507.832,1,0.009205520,0
127,139,6508.365,1,0.011394567,0
304,147,6508.637,1,0.008524084,0
310,150,6508.755,1,0.008282240,0
324,155,6508.92,1,0.007811848,0
174,159,6509.068,1,0.010575238,0
320,198,6510.436,1,0.010914057,0
168,220,6511.212,1,0.008514414,0
79,239,6511.892,1,0.007669158,0
69,240,6511.913,1,0.007642199,0
72,244,6512.045,1,0.007511434,0
77,233,6513.713,1,0.007471767,0
133,108,6513.721,1,0.987079561,1
1,6,6514.326,1,0.032938711,0
78,17,6514.693,1,0.041619945,0
221,28,6515.095,1,0.007591260,0
343,32,6515.236,1,0.006558136,0
292,56,6516.087,1,0.007846495,0
87,66,6516.436,1,0.008320176,0
165,123,6516.441,1,0.960367322,1
231,72,6516.639,1,0.008826164,0
163,124,6517.22,1,0.942154586,1
95,91,6517.311,1,0.004334365,0
74,106,6517.829,1,0.011762955,0
156,150,6519.389,1,0.007489547,0
133,110,6519.413,0,0.948463738,1
157,151,6519.414,1,0.035168108,0
36,151,6519.423,1,0.008639240,0
202,176,6520.305,1,0.005437322,0
175,198,6521.093,1,0.009399923,0
304,203,6521.268,1,0.007929849,0
133,109,6523.116,1,0.977975368,1
163,121,6523.881,0,0.995291471,1
50,249,6524.983,1,0.007577625,0
163,123,6525.122,1,0.996802092,1
164,123,6526.191,1,0.997861922,1
163,120,6528.087,0,0.992034256,1
133,108,6529.016,1,0.997380555,1
134,111,6529.888,0,0.966481924,1
164,120,6529.956,0,0.998661280,1
133,109,6531.237,1,0.981581569,1
166,127,6531.926,1,0.893825531,0
134,108,6536.809,1,0.989538729,1
162,119,6537.723,0,0.940028369,1
133,112,6537.843,0,0.977436662,1
164,119,6538.833,0,0.842892945,0
163,119,6543.725,0,0.970186293,1
245,16,6544.019,1,0.006791440,0
228,37,6544.765,1,0.008785455,0
133,107,6545.186,1,0.949274719,1
164,121,6545.693,1,0.983981669,1
223,167,6549.333,1,0.008440429,0
215,168,6549.366,1,0.008398745,0
217,188,6550.082,1,0.018105442,0
264,243,6552.024,1,0.007512486,0
163,120,6552.873,1,0.940302491,1
166,5,6554.274,1,0.010950211,0
223,32,6554.289,1,0.011372642,0
164,117,6554.488,0,0.839827180,0
177,20,6554.813,1,0.011715867,0
30,22,6554.864,1,0.036259692,0
176,28,6555.081,1,0.010141344,0
287,30,6555.149,1,0.007217868,0
303,31,6555.188,1,0.006854845,0
291,32,6555.221,1,0.007291827,0
164,32,6555.234,1,0.009448081,0
165,37,6555.393,1,0.008888070,0
303,37,6555.424,1,0.007072450,0
27,38,6555.45,1,0.008629790,0
253,42,6555.591,1,0.008612848,0
32,48,6555.781,1,0.008832423,0
176,48,6555.789,1,0.008807919,0
42,54,6555.998,1,0.008771241,0
176,56,6556.087,1,0.008652791,0
260,64,6556.367,1,0.010469695,0
31,72,6556.65,1,0.005641390,0
242,37,6556.651,1,0.008476950,0
68,87,6557.164,1,0.005168736,0
232,109,6557.955,1,0.009496220,0
76,122,6558.411,1,0.021891408,0
263,141,6559.082,1,0.008645919,0
216,147,6559.287,1,0.009063423,0
261,150,6559.399,1,0.009462422,0
134,113,6560.094,0,0.995147407,1
37,174,6560.249,1,0.007877124,0
133,113,6560.404,0,0.994569302,1
90,193,6560.901,1,0.008462163,0
70,199,6561.118,1,0.007709157,0
133,111,6561.27,1,0.959757388,1
163,117,6563.221,0,0.973579824,1
164,119,6563.963,1,0.975036561,1
163,120,6568.893,1,0.993032217,1
162,119,6569.595,1,0.986033738,1
133,112,6571.682,1,0.980698764,1
162,116,6574.154,0,0.837118924,0
164,115,6574.344,0,0.835545182,0
134,111,6575.656,1,0.992214262,1
133,114,6576.151,0,0.990932822,1
66,96,6577.243,1,0.012519546,0
133,114,6583.403,0,0.993080795,1
111,24,6584.309,1,0.009040142,0
47,56,6585.436,1,0.009077433,0
133,112,6585.565,1,0.999020457,1
162,118,6585.861,1,0.961465180,1
133,115,6585.876,0,0.990934670,1
65,79,6586.229,1,0.032093190,0
63,110,6587.334,1,0.010048792,0
136,118,6587.606,1,0.894931078,0
164,114,6587.629,0,0.924047530,1
227,142,6588.459,1,0.008983089,0
56,159,6589.062,1,0.008069324,0
163,117,6589.605,1,0.949968219,1
237,196,6590.381,1,0.013670845,0
133,115,6591.704,0,0.985035062,1
134,115,6593.141,0,0.994755745,1
207,6,6594.3,1,0.009517315,0
162,114,6594.322,0,0.832777143,0
32,48,6597.147,1,0.008756825,0
163,116,6597.723,1,0.983082891,1
245,111,6598.005,1,0.044045337,0
164,117,6598.17,1,0.995842516,1
24,123,6598.435,1,0.014201568,0
281,143,6599.157,1,0.009204206,0
164,113,6599.518,0,0.985735118,1
124,156,6599.621,1,0.009959628,0
162,113,6599.966,0,0.981941223,1
41,167,6599.983,1,0.008533999,0
343,182,6600.521,1,0.007352881,0
295,189,6600.779,1,0.008170294,0
43,204,6601.289,1,0.008431675,0
163,113,6601.761,0,0.994343519,1
219,194,6602.785,1,0.016829381,0
134,116,6607.052,0,0.995520353,1
134,113,6607.588,1,0.984676540,1
164,115,6609.259,1,0.963595212,1
163,115,6612.892,1,0.981167376,1
133,115,6613.924,1,0.949905276,1
162,112,6614.932,0,0.825940847,0
133,117,6615.312,0,0.963169277,1
162,115,6615.513,1,0.975654721,1
133,114,6615.717,1,0.981099963,1
164,114,6617.053,1,0.984656513,1
162,114,6620.051,1,0.966323614,1
133,117,6621.353,0,0.989474356,1
134,114,6622.462,1,0.070628203,0
163,111,6624.094,0,0.995854616,1
318,31,6624.55,1,0.006821193,0
162,111,6624.581,0,0.993481398,1
199,76,6626.146,1,0.047375921,0
164,116,6627.532,1,0.924934566,1
123,122,6627.752,1,0.014673785,0
51,127,6627.948,1,0.008906722,0
207,135,6628.214,1,0.008870050,0
133,118,6629.213,0,0.994544506,1
258,184,6629.932,1,0.009266515,0
132,117,6631.201,0,0.990068614,1
2,252,6632.33,1,0.007580271,0
161,110,6634.273,0,0.905977130,1
329,15,6634.643,1,0.009605882,0
68,22,6634.866,1,0.038763266,0
133,116,6635.21,1,0.996859789,1
23,45,6635.686,1,0.008383624,0
133,118,6635.849,0,0.997078657,1
163,112,6636.018,1,0.907797515,1
97,55,6636.039,1,0.008444765,0
57,71,6636.62,1,0.008237659,0
45,88,6637.214,1,0.011837135,0
40,94,6637.407,1,0.010397682,0
46,96,6637.5,1,0.010638389,0
183,102,6637.685,1,0.008692003,0
40,103,6637.724,1,0.009238134,0
73,106,6637.83,1,0.011503328,0
133,111,6638.01,1,0.070662953,0
33,124,6638.488,1,0.014283459,0
231,132,6638.756,1,0.044117812,0
335,136,6638.904,1,0.010504356,0
328,142,6639.117,1,0.007520878,0
313,150,6639.379,1,0.008223437,0
130,150,6639.391,1,0.009146647,0
131,151,6639.429,1,0.018466344,0
128,165,6639.916,1,0.009393242,0
144,180,6640.463,1,0.009469128,0
183,188,6640.738,1,0.007575000,0
42,208,6641.45,1,0.007844981,0
133,118,6641.653,0,0.993406415,1
134,118,6642.096,0,0.983858526,1
162,112,6642.932,1,0.063737415,0
162,109,6644.735,0,0.995388627,1
163,109,6644.79,0,0.997715473,1
20,228,6648.127,1,0.008663600,0
133,119,6648.442,0,0.990371406,1
161,109,6649.998,0,0.989883244,1
162,111,6651.482,1,0.974098146,1
161,108,6652.909,0,0.986408830,1
133,117,6653.278,1,0.982942224,1
134,119,6653.392,0,0.997629464,1
133,119,6654.146,0,0.995718181,1
161,111,6661.136,1,0.984259427,1
162,108,6662.601,0,0.900606930,1
163,109,6663.916,1,0.876520872,0
161,109,6664.033,1,0.983558238,1
163,107,6665.286,0,0.971697927,1
132,64,6665.696,1,0.014821731,0
223,32,6666.491,1,0.011379977,0
247,96,6666.834,1,0.044036563,0
133,120,6667.357,0,0.993725955,1
132,117,6667.568,1,0.979849577,1
276,127,6667.933,1,0.011769349,0
162,107,6667.976,0,0.984221935,1
142,132,6668.107,1,0.013846937,0
40,151,6668.768,1,0.008347631,0
73,172,6669.509,1,0.008370478,0
188,176,6669.661,1,0.008917004,0
108,188,6670.078,1,0.013522044,0
279,199,6670.479,1,0.011618665,0
212,200,6670.507,1,0.015607403,0
18,224,6671.349,1,0.007842662,0
157,240,6671.909,1,0.008051066,0
190,8,6674.397,1,0.009519872,0
183,12,6674.531,1,0.010218942,0
188,13,6674.557,1,0.009919391,0
235,30,6675.153,1,0.007760576,0
244,31,6675.204,1,0.007479781,0
342,32,6675.242,1,0.006316289,0
163,106,6675.78,0,0.944235623,1
295,54,6675.997,1,0.007515023,0
133,121,6676.343,0,0.994672835,1
133,119,6676.512,1,0.999834776,1
162,109,6677.078,1,0.954779863,1
158,88,6677.221,1,0.011420697,0
133,117,6678.216,1,0.998774350,1
133,118,6678.251,1,0.997577965,1
176,119,6678.315,1,0.050017104,0
108,120,6678.345,1,0.040091209,0
297,236,6682.419,1,0.010380444,0
304,236,6682.433,1,0.010384535,0
161,108,6683.029,1,0.963996708,1
163,107,6683.182,1,0.987425029,1
133,119,6684.392,1,0.992013156,1
134,121,6684.531,0,0.991145194,1
32,48,6685.265,1,0.008899746,0
162,105,6685.926,0,0.997866690,1
163,105,6685.956,0,0.999088168,1
162,107,6690.643,1,0.057139587,0
133,121,6691.06,0,0.997216940,1
161,105,6691.419,0,0.991833687,1
133,122,6691.842,0,0.997907162,1
163,106,6694.441,1,0.056388903,0
163,108,6695.796,1,0.930411100,1
162,104,6696.535,0,0.985841572,1
133,122,6698.565,0,0.845752478,0
161,106,6699.528,1,0.983319819,1
133,121,6705.221,1,0.999195278,1
132,122,6705.777,0,0.994778514,1
133,120,6705.964,1,0.996455312,1
32,48,6706.68,1,0.044815909,0
161,105,6707.144,1,0.986861289,1
163,119,6707.645,1,0.005676982,0
163,168,6709.37,1,0.010459670,0
43,207,6710.753,1,0.013012434,0
133,123,6710.942,0,0.846845031,0
162,105,6713.114,1,0.977946401,1
341,79,6716.879,1,0.006610991,0
330,91,6717.316,1,0.007294231,0
176,102,6717.714,1,0.009082214,0
162,107,6717.869,1,0.958607018,1
309,120,6718.333,1,0.011634544,0
29,133,6718.783,1,0.013744524,0
160,102,6719.285,0,0.948614120,1
68,173,6720.2,1,0.008398228,0
161,102,6720.509,0,0.986348867,1
78,182,6720.53,1,0.007958504,0
200,208,6721.426,1,0.007537375,0
143,249,6722.885,1,0.013199157,0
133,122,6723.717,1,0.991863847,1
133,124,6724.697,0,0.992714942,1
162,104,6727.516,1,0.856837273,0
133,124,6732.334,0,0.994911253,1
131,121,6733.448,1,0.958615899,1
134,124,6735.14,0,0.997121036,1
133,124,6739.51,0,0.997437239,1
132,122,6740.014,1,0.999413967,1
134,121,6740.354,1,0.989817798,1
133,123,6741.945,1,0.999807894,1
133,122,6743.03,1,0.964413464,1
164,12,6743.874,1,0.008495282,0
8,36,6744.715,1,0.008598434,0
15,38,6744.787,1,0.008460087,0
233,52,6745.278,1,0.010801068,0
279,68,6745.854,1,0.010034599,0
93,190,6750.144,1,0.013589755,0
162,101,6750.235,1,0.978518367,1
162,99,6750.395,0,0.905248046,1
133,125,6751.103,0,0.996120632,1
134,125,6751.969,0,0.998670816,1
337,22,6754.876,1,0.009544977,0
175,48,6755.811,1,0.008528769,0
174,61,6756.258,1,0.008743169,0
162,71,6756.596,1,0.008909792,0
161,98,6756.676,0,0.925369203,1
162,102,6757.69,1,0.890940726,0
159,111,6758.014,1,0.067605294,0
82,126,6758.534,1,0.023030832,0
57,141,6759.066,1,0.009323678,0
218,152,6759.458,1,0.009119137,0
234,163,6759.86,1,0.009155942,0
16,164,6759.896,1,0.008953338,0
151,165,6759.91,1,0.010627704,0
143,167,6759.983,1,0.010691366,0
327,184,6760.578,1,0.007670348,0
27,210,6761.504,1,0.008278927,0
133,126,6761.587,0,0.995483875,1
24,191,6763.334,1,0.008100291,0
160,98,6764.529,0,0.965806723,1
160,97,6768.237,0,0.990264773,1
133,126,6768.301,0,0.994129181,1
162,99,6768.578,1,0.988447964,1
160,102,6774.074,1,0.057664830,0
132,124,6776.712,1,0.961654246,1
134,124,6778.402,1,0.999901414,1
133,125,6779.92,1,0.998964906,1
134,127,6781.794,0,0.996765018,1
133,127,6781.934,0,0.986599684,1
179,3,6783.56,1,0.006695854,0
161,99,6784.132,1,0.998167992,1
160,98,6784.264,1,0.999017119,1
161,98,6784.862,1,0.996814549,1
160,96,6784.98,0,0.993454099,1
311,167,6789.342,1,0.008192794,0
293,182,6789.874,1,0.008474166,0
160,95,6789.993,0,0.992627561,1
13,194,6790.284,1,0.012949306,0
159,95,6791.422,0,0.971398532,1
132,127,6791.518,0,0.990963399,1
133,126,6791.606,1,0.996899128,1
133,128,6791.955,0,0.995171368,1
160,6,6794.308,1,0.011663405,0
8,17,6794.7,1,0.034031354,0
34,20,6794.813,1,0.035900854,0
128,38,6795.436,1,0.009047522,0
182,76,6796.789,1,0.010422287,0
162,87,6797.157,1,0.193554312,0
175,96,6797.507,1,0.008956935,0
295,104,6797.773,1,0.009216799,0
80,108,6797.916,1,0.012096778,0
73,110,6797.973,1,0.010955763,0
223,111,6798.007,1,0.044256065,0
133,125,6798.497,1,0.109348685,0
134,125,6798.508,1,0.128546506,0
133,128,6799.149,0,0.992310524,1
282,151,6799.419,1,0.009791718,0
62,152,6799.454,1,0.008379094,0
148,184,6800.596,1,0.009366989,0
92,187,6800.695,1,0.008632548,0
251,190,6800.82,1,0.009122589,0
326,196,6801.01,1,0.007586203,0
272,230,6802.202,1,0.010614896,0
159,94,6802.273,0,0.722832739,0
161,97,6802.289,1,0.996797502,1
181,240,6802.56,1,0.012398724,0
161,96,6803.442,1,0.978775799,1
134,128,6806.115,0,0.997431099,1
133,128,6806.289,0,0.998687327,1
160,96,6807.168,1,0.939124107,1
133,127,6807.856,1,0.985266805,1
161,95,6810.84,1,0.057305496,0
160,93,6812.421,0,0.957998574,1
133,127,6818.131,1,0.057412289,0
134,129,6820.885,0,0.988819063,1
132,127,6822.543,1,0.983339429,1
161,92,6823.618,0,0.978216231,1
159,92,6824.249,0,0.985591531,1
142,32,6824.589,1,0.009292788,0
161,95,6825.571,1,0.992016554,1
132,129,6825.672,0,0.981531620,1
160,92,6825.902,0,0.995389581,1
191,71,6825.959,1,0.010942234,0
279,90,6826.618,1,0.019445106,0
159,95,6826.802,1,0.058036130,0
174,103,6827.084,1,0.009236049,0
255,109,6827.304,1,0.009025712,0
195,124,6827.824,1,0.008649357,0
214,131,6828.062,1,0.009261159,0
154,131,6828.068,1,0.020219788,0
33,134,6828.183,1,0.008122061,0
160,94,6829.174,1,0.995255411,1
161,93,6829.318,1,0.997408807,1
161,94,6831.286,1,0.989436150,1
58,237,6831.81,1,0.007792033,0
159,94,6832.458,1,0.975363493,1
268,7,6834.342,1,0.009866794,0
22,8,6834.403,1,0.035280466,0
39,11,6834.481,1,0.037516091,0
60,13,6834.574,1,0.039156687,0
43,16,6834.679,1,0.037248813,0
335,22,6834.866,1,0.009535302,0
90,22,6834.887,1,0.041667968,0
8,26,6835.011,1,0.008825129,0
159,91,6835.516,0,0.979319274,1
254,41,6835.558,1,0.008132155,0
86,44,6835.65,1,0.008750210,0
81,45,6835.681,1,0.008465332,0
326,48,6835.801,1,0.007860465,0
327,49,6835.816,1,0.008161694,0
24,54,6836.002,1,0.008295139,0
16,54,6836.022,1,0.008484064,0
183,56,6836.089,1,0.008459031,0
81,60,6836.229,1,0.008441135,0
229,64,6836.369,1,0.008879609,0
314,68,6836.489,1,0.007464168,0
240,68,6836.513,1,0.009089001,0
72,79,6836.89,1,0.008692644,0
169,95,6837.445,1,0.009595508,0
161,96,6837.476,1,0.962608695,1
160,91,6837.682,0,0.992818594,1
283,122,6838.393,1,0.020707302,0
104,127,6838.575,1,0.030437613,0
267,133,6838.798,1,0.026806047,0
287,135,6838.855,1,0.015981760,0
307,135,6838.863,1,0.011883715,0
171,136,6838.9,1,0.034325607,0
337,139,6838.992,1,0.010463856,0
230,140,6839.052,1,0.009222406,0
38,141,6839.065,1,0.009026906,0
173,142,6839.111,1,0.022597808,0
220,143,6839.155,1,0.009562014,0
167,144,6839.172,1,0.015481169,0
223,144,6839.183,1,0.009479013,0
218,151,6839.431,1,0.008976643,0
290,157,6839.641,1,0.009357074,0
133,128,6839.723,1,0.982524335,1
133,129,6839.803,1,0.996780157,1
326,164,6839.879,1,0.007589525,0
106,183,6840.566,1,0.008223640,0
107,190,6840.797,1,0.007966392,0
248,193,6840.918,1,0.009369588,0
85,195,6840.977,1,0.007950884,0
32,48,6841.91,1,0.008892003,0
200,247,6842.825,1,0.009630136,0
40,248,6842.85,1,0.012281285,0
159,90,6844.386,0,0.940345526,1
134,128,6845.084,1,0.994151890,1
160,90,6845.194,0,0.953946948,1
161,92,6845.314,1,0.975920916,1
159,92,6848.817,1,0.947237670,1
133,131,6849.933,0,0.993197441,1
134,131,6851.247,0,0.996788621,1
160,92,6855.559,1,0.983662844,1
132,129,6856.261,1,0.989251554,1
161,91,6856.623,1,0.985731304,1
160,89,6857.914,0,0.937829912,1
159,89,6858.383,0,0.981733203,1
159,91,6862.15,1,0.058016688,0
161,88,6862.413,0,0.680524766,0
133,132,6862.509,0,0.859512210,0
134,129,6863.013,1,0.995237947,1
98,44,6865.0,1,0.008952576,0
216,61,6865.599,1,0.009057947,0
306,64,6865.713,1,0.007459401,0
72,128,6867.962,1,0.009542939,0
204,80,6867.972,1,0.008973725,0
75,130,6868.032,1,0.009476488,0
119,140,6868.393,1,0.011472744,0
118,142,6868.459,1,0.011390852,0
112,144,6868.531,1,0.010822154,0
111,154,6868.889,1,0.009221557,0
177,161,6869.119,1,0.010322895,0
130,167,6869.357,1,0.009167036,0
279,171,6869.483,1,0.009676186,0
159,88,6869.615,0,0.976714611,1
302,175,6869.621,1,0.008247873,0
319,183,6869.904,1,0.007765928,0
134,132,6869.962,0,0.991514087,1
209,7,6874.347,1,0.009533794,0
133,131,6874.461,1,0.998494744,1
303,12,6874.516,1,0.009760814,0
42,14,6874.615,1,0.037438739,0
232,22,6874.87,1,0.010183044,0
154,24,6874.945,1,0.036727488,0
151,31,6875.206,1,0.008972848,0
133,132,6875.553,0,0.980285168,1
231,45,6875.675,1,0.009201320,0
232,46,6875.725,1,0.010363832,0
133,133,6875.815,0,0.991977930,1
118,54,6875.998,1,0.008877231,0
26,67,6876.463,1,0.003820886,0
75,69,6876.524,1,0.007423209,0
294,69,6876.547,1,0.008444876,0
77,71,6876.592,1,0.007743851,0
179,88,6877.217,1,0.009768975,0
299,119,6878.289,1,0.012504983,0
160,87,6878.622,0,0.671996295,0
191,176,6880.322,1,0.010051538,0
111,186,6880.667,1,0.007892869,0
159,87,6880.677,0,0.980955780,1
39,196,6881.007,1,0.008405729,0
175,210,6881.522,1,0.008535141,0
133,133,6882.635,0,0.861066222,0
161,89,6883.073,1,0.955104053,1
159,88,6890.505,1,0.057434473,0
133,133,6891.052,0,0.999678850,1
132,133,6893.073,0,0.999275148,1
133,134,6894.8,0,0.996739924,1
132,131,6895.882,1,0.997890413,1
133,132,6897.651,1,0.999614239,1
160,85,6898.139,0,0.530313849,0
160,88,6898.448,1,0.901682675,1
161,88,6898.57,1,0.520335555,0
134,131,6899.527,1,0.999270141,1
159,87,6900.311,1,0.985602319,1
248,16,6904.007,1,0.006807322,0
159,85,6904.262,0,0.981287301,1
135,24,6904.307,1,0.009040988,0
49,43,6904.965,1,0.008519798,0
200,224,6905.006,1,0.007111897,0
82,53,6905.322,1,0.008928435,0
31,56,6905.447,1,0.008985369,0
239,67,6905.81,1,0.009305879,0
314,68,6905.845,1,0.007420692,0
237,72,6905.986,1,0.009444387,0
160,84,6906.169,0,0.934801042,1
84,86,6906.475,1,0.039946958,0
147,89,6906.605,1,0.057786059,0
159,84,6907.217,0,0.970870316,1
288,157,6908.998,1,0.009808395,0
71,166,6909.309,1,0.008309815,0
133,135,6912.323,0,0.989789426,1
183,224,6912.76,1,0.007032573,0
133,132,6914.107,1,0.051520251,0
152,63,6916.324,1,0.008924781,0
256,83,6917.039,1,0.009448943,0
159,86,6917.122,1,0.980430424,1
159,87,6917.165,1,0.941525578,1
71,88,6917.212,1,0.005173370,0
108,119,6918.294,1,0.041961189,0
88,126,6918.553,1,0.025174016,0
133,131,6918.709,1,0.052759279,0
297,137,6918.943,1,0.013010084,0
133,135,6919.351,0,0.992805183,1
53,155,6919.577,1,0.009259540,0
334,159,6919.7,1,0.007318841,0
157,159,6919.725,1,0.018331595,0
159,83,6919.738,0,0.973319411,1
219,163,6919.843,1,0.008434149,0
13,166,6919.96,1,0.008063246,0
14,168,6920.019,1,0.008265639,0
134,135,6920.069,0,0.997309566,1
40,187,6920.689,1,0.008659747,0
22,191,6920.855,1,0.009263032,0
312,192,6920.875,1,0.007963607,0
159,85,6920.887,1,0.993756890,1
132,135,6921.917,0,0.994318306,1
182,249,6922.881,1,0.012178204,0
221,59,6923.275,1,0.008557615,0
159,83,6927.112,0,0.985667408,1
133,136,6927.329,0,0.990055919,1
160,82,6932.442,0,0.999676585,1
159,82,6932.842,0,0.999297023,1
159,84,6933.13,1,0.972306788,1
159,81,6941.661,0,0.985935926,1
160,83,6942.098,1,0.999869823,1
133,135,6942.173,1,0.047421448,0
160,81,6943.068,0,0.984276652,1
159,83,6943.462,1,0.995869577,1
28,17,6944.06,1,0.008966676,0
73,109,6947.316,1,0.011214287,0
317,170,6949.436,1,0.008450911,0
159,84,6951.292,1,0.968619466,1
184,42,6952.001,1,0.008990419,0
160,82,6952.093,1,0.984868884,1
7,229,6952.292,0,0.210430115,0
159,20,6954.799,1,0.017977109,0
155,21,6954.855,1,0.025600428,0
226,29,6955.125,1,0.007841549,0
226,30,6955.163,1,0.010214597,0
250,30,6955.171,1,0.007276167,0
223,32,6955.216,1,0.006615292,0
220,36,6955.379,1,0.008692858,0
210,46,6955.713,1,0.010427347,0
159,80,6955.752,0,0.991232216,1
260,48,6955.784,1,0.008867758,0
162,48,6955.793,1,0.007940732,0
162,50,6955.883,1,0.007547338,0
161,56,6956.083,1,0.008309611,0
134,135,6956.136,1,0.992021382,1
221,58,6956.15,1,0.008644052,0
160,59,6956.17,1,0.009080600,0
103,61,6956.267,1,0.008324599,0
103,72,6956.631,1,0.008486198,0
159,82,6956.991,1,0.992180824,1
152,85,6957.101,1,0.010052573,0
284,85,6957.116,1,0.009748833,0
254,93,6957.394,1,0.009535248,0
6,109,6957.936,1,0.008486398,0
328,111,6958.01,1,0.010729076,0
0,116,6958.203,1,0.014004212,0
160,79,6958.285,0,0.596950591,0
158,80,6958.384,0,0.605860829,0
47,140,6959.035,1,0.008251281,0
37,159,6959.717,1,0.008173892,0
160,81,6959.858,1,0.997991323,1
145,182,6960.522,1,0.009118021,0
46,186,6960.665,1,0.007784951,0
125,191,6960.845,1,0.007942001,0
241,194,6960.959,1,0.009331491,0
317,208,6961.446,1,0.008001295,0
314,210,6961.508,1,0.007679837,0
159,79,6963.673,0,0.993007421,1
133,136,6963.9,1,0.997245789,1
158,79,6965.28,0,0.997113228,1
133,138,6965.856,0,0.988897264,1
134,136,6973.079,1,0.996334195,1
132,136,6974.933,1,0.999884129,1
133,136,6975.359,1,0.996963084,1
159,82,6975.751,1,0.972394705,1
159,78,6976.419,0,0.976825953,1
143,7,6983.689,1,0.009435666,0
62,7,6983.701,1,0.009092346,0
336,29,6984.475,1,0.006439948,0
158,79,6986.226,1,0.055184416,0
121,80,6986.272,1,0.051564049,0
4,82,6986.364,1,0.014726185,0
318,88,6986.556,1,0.011000542,0
160,77,6987.1,0,0.997757256,1
158,77,6987.11,0,0.994600415,1
188,216,6987.978,1,0.006921196,0
133,139,6988.091,0,0.994924903,1
133,137,6988.229,1,0.999916911,1
159,79,6995.876,1,0.991063833,1
171,245,6996.411,1,0.007836209,0
137,70,6996.562,1,0.009169034,0
245,70,6996.575,1,0.009040731,0
231,96,6997.499,1,0.009092214,0
308,100,6997.644,1,0.008461939,0
163,102,6997.712,1,0.009809618,0
27,108,6997.901,1,0.009134899,0
158,76,6998.041,0,0.582405865,0
133,140,6998.111,0,0.871632814,0
51,115,6998.153,1,0.017266590,0
0,118,6998.259,1,0.013948009,0
132,137,6998.28,1,0.043886088,0
47,120,6998.33,1,0.016118770,0
166,127,6998.594,1,0.045044437,0
300,144,6999.199,1,0.008725037,0
190,152,6999.47,1,0.014243666,0
155,162,6999.82,1,0.011811273,0
237,167,7000.002,1,0.008626629,0
85,168,7000.031,1,0.008717695,0
19,181,7000.49,1,0.008058609,0
89,184,7000.606,1,0.008239320,0
79,190,7000.8,1,0.007927644,0
241,196,7001.002,1,0.010216078,0
288,196,7001.007,1,0.008327099,0
38,198,7001.075,1,0.009083050,0
39,199,7001.136,1,0.008410647,0
289,201,7001.189,1,0.008444401,0
160,78,7001.305,1,0.988973737,1
321,205,7001.339,1,0.008296316,0
324,206,7001.357,1,0.008106334,0
61,159,7001.558,1,0.008309046,0
160,79,7004.527,1,0.984947503,1
271,15,7004.589,1,0.006798034,0
133,140,7005.593,0,0.991834760,1
160,77,7009.326,1,0.964113414,1
159,75,7010.358,0,0.983703434,1
158,75,7010.718,0,0.977915466,1
133,139,7011.821,1,0.987747192,1
135,140,7016.342,0,0.994317949,1
133,139,7019.72,1,0.994346440,1
134,139,7021.227,1,0.995023608,1
158,74,7021.906,0,0.989524662,1
134,141,7022.725,0,0.999891996,1
133,141,7023.655,0,0.999100924,1
158,76,7024.085,1,0.962012351,1
159,76,7029.561,1,0.999075890,1
203,193,7030.265,1,0.011413340,0
158,73,7030.563,0,0.778033972,0
171,206,7030.713,1,0.013307543,0
158,75,7030.826,1,0.999925852,1
159,75,7031.749,1,0.998873770,1
32,48,7032.205,1,0.008779582,0
133,140,7032.532,1,0.992160141,1
280,7,7034.359,1,0.009808604,0
299,12,7034.511,1,0.009785498,0
165,12,7034.531,1,0.011753886,0
201,16,7034.664,1,0.009832066,0
10,46,7035.734,1,0.008442233,0
316,47,7035.772,1,0.006795308,0
95,48,7035.808,1,0.008739959,0
174,50,7035.861,1,0.008964189,0
216,59,7036.174,1,0.008990984,0
177,61,7036.261,1,0.008289210,0
338,63,7036.314,1,0.006546676,0
74,80,7036.932,1,0.008449081,0
131,142,7037.036,0,0.956800342,1
23,86,7037.131,1,0.009987718,0
29,87,7037.17,1,0.010292531,0
153,88,7037.215,1,0.010332360,0
63,110,7037.99,1,0.010648170,0
154,116,7038.197,1,0.064475119,0
276,117,7038.218,1,0.020877261,0
155,118,7038.267,1,0.059242759,0
168,124,7038.482,1,0.064240783,0
159,126,7038.536,1,0.047778420,0
250,130,7038.678,1,0.043953553,0
190,144,7039.187,1,0.008677831,0
15,156,7039.6,1,0.007723589,0
316,157,7039.628,1,0.006792174,0
283,158,7039.68,1,0.009690481,0
314,159,7039.708,1,0.006798024,0
28,159,7039.72,1,0.008218842,0
248,166,7039.943,1,0.009995351,0
336,202,7041.218,1,0.007517007,0
47,216,7041.728,1,0.007919844,0
133,142,7042.64,0,0.874619603,0
7,229,7042.785,0,0.548530221,0
133,140,7043.857,1,0.990539432,1
132,142,7046.015,0,0.985297143,1
134,142,7046.449,0,0.998916984,1
133,141,7047.147,1,0.968222141,1
133,143,7051.105,0,0.994308054,1
159,74,7056.759,1,0.962912083,1
133,143,7057.347,0,0.989333212,1
133,147,7064.24,1,0.838837385,0
133,142,7065.645,1,0.991825104,1
246,65,7065.741,1,0.009930134,0
243,68,7065.845,1,0.008379280,0
116,134,7068.178,1,0.014378315,0
7,154,7068.88,1,0.007627802,0
13,184,7069.935,1,0.008149373,0
56,214,7070.994,1,0.013028232,0
133,144,7071.843,0,0.993036449,1
134,144,7074.729,0,0.877355218,0
133,142,7075.263,1,0.980296612,1
158,69,7076.345,0,0.983013213,1
159,72,7076.627,1,0.987054944,1
158,72,7076.643,1,0.985478282,1
69,102,7077.714,1,0.012311578,0
96,125,7078.5,1,0.028644478,0
132,144,7079.13,0,0.993368804,1
133,144,7079.232,0,0.998896122,1
321,200,7081.151,1,0.008576185,0
27,209,7081.477,1,0.007941092,0
184,216,7081.725,1,0.007456714,0
143,227,7082.124,1,0.013673475,0
208,232,7082.272,1,0.011826738,0
159,71,7083.149,1,0.996545255,1
133,143,7085.469,1,0.980707586,1
158,68,7088.77,0,0.971251726,1
159,67,7098.762,0,0.534636199,0
133,144,7101.923,1,0.996397078,1
134,144,7102.559,1,0.999970913,1
134,146,7102.689,0,0.927263796,1
23,23,7104.259,1,0.008338076,0
255,38,7104.794,1,0.007815134,0
300,46,7105.094,1,0.007221221,0
158,70,7105.913,1,0.988810122,1
157,70,7105.923,1,0.974816620,1
257,87,7106.516,1,0.039154142,0
308,105,7107.148,1,0.008279582,0
135,140,7108.385,1,0.902657568,1
244,179,7109.757,1,0.008698641,0
246,179,7109.763,1,0.007351350,0
312,184,7109.945,1,0.007927010,0
133,144,7110.577,1,0.035221919,0
88,252,7112.337,1,0.008143964,0
151,236,7112.739,1,0.007778405,0
158,69,7113.352,1,0.956819713,1
339,92,7117.356,1,0.007205475,0
132,144,7118.004,1,0.034724370,0
134,144,7119.179,1,0.994645357,1
133,145,7120.248,1,0.995636523,1
133,147,7126.514,0,0.881665647,0
158,68,7129.808,1,0.959563076,1
134,147,7130.809,0,0.881500661,0
158,67,7131.107,1,0.957378745,1
132,147,7135.894,0,0.987370253,1
134,146,7136.185,1,0.946093261,1
133,146,7140.508,1,0.973334134,1
157,64,7140.925,0,0.969969213,1
158,64,7141.542,0,0.968043029,1
157,67,7141.982,1,0.985551238,1
157,66,7142.515,1,0.994571388,1
159,63,7145.949,0,0.928990960,1
157,63,7147.817,0,0.981572747,1
331,134,7148.176,1,0.007389022,0
134,146,7149.91,1,0.994930923,1
133,148,7150.21,0,0.911708891,1
133,146,7150.801,1,0.997194409,1
248,238,7151.843,1,0.006932182,0
158,63,7154.276,0,0.513311386,0
239,36,7155.367,1,0.008180590,0
32,48,7155.781,1,0.008748237,0
270,63,7156.324,1,0.010043063,0
153,66,7156.426,1,0.026497183,0
155,71,7156.596,1,0.555259049,0
192,92,7157.333,1,0.008702124,0
208,100,7157.641,1,0.008926903,0
134,147,7157.673,1,0.963916957,1
25,111,7158.027,1,0.013809501,0
92,116,7158.203,1,0.034382269,0
168,120,7158.339,1,0.054249328,0
65,122,7158.412,1,0.019441819,0
14,128,7158.622,1,0.013897359,0
121,134,7158.84,1,0.036592841,0
333,136,7158.907,1,0.010544244,0
120,139,7159.003,1,0.012344958,0
198,141,7159.074,1,0.009025831,0
112,142,7159.11,1,0.011263290,0
188,146,7159.258,1,0.010183968,0
133,147,7159.291,1,0.988524616,1
301,151,7159.417,1,0.008478197,0
126,156,7159.598,1,0.011034158,0
276,156,7159.614,1,0.009836300,0
167,159,7159.708,1,0.013430725,0
140,162,7159.808,1,0.010969495,0
143,164,7159.887,1,0.010923369,0
84,174,7160.245,1,0.008600560,0
95,175,7160.261,1,0.008163485,0
19,178,7160.38,1,0.007921612,0
49,181,7160.477,1,0.008024202,0
117,184,7160.594,1,0.008117104,0
261,191,7160.826,1,0.008714745,0
232,191,7160.843,1,0.010414657,0
127,204,7161.305,1,0.008585542,0
243,216,7161.74,1,0.009128743,0
172,224,7161.993,1,0.008534835,0
152,224,7162.015,1,0.014259618,0
56,233,7162.323,1,0.012692521,0
85,235,7162.4,1,0.012841883,0
89,248,7162.843,1,0.012597968,0
159,64,7162.964,1,0.049416218,0
157,62,7167.102,0,0.951850593,1
32,48,7168.983,1,0.008730874,0
133,147,7174.51,1,0.850583375,0
134,148,7175.641,1,0.975214064,1
134,147,7176.675,1,0.926133931,1
159,61,7177.72,0,0.957367897,1
134,150,7178.268,0,0.885260701,0
158,61,7178.737,0,0.943242490,1
133,150,7182.774,0,0.885417640,0
132,147,7182.93,1,0.031968705,0
149,38,7184.79,1,0.020702699,0
7,229,7185.914,0,0.109425887,0
52,92,7186.692,1,0.021089336,0
55,94,7186.769,1,0.021678494,0
72,101,7187.008,1,0.012960902,0
78,101,7187.017,1,0.014184676,0
92,110,7187.329,1,0.013449199,0
151,111,7187.376,1,0.005456580,0
91,126,7187.893,1,0.011151110,0
29,155,7188.916,1,0.007779575,0
159,60,7189.908,0,0.988278329,1
328,184,7189.931,1,0.007615082,0
157,62,7190.081,1,0.048764110,0
226,198,7190.435,1,0.015489738,0
86,223,7191.317,1,0.008445462,0
158,60,7191.413,0,0.998535633,1
155,232,7191.639,1,0.009089572,0
157,60,7191.837,0,0.998508990,1
52,248,7192.204,1,0.008012831,0
133,148,7192.208,1,0.994023860,1
133,149,7192.543,1,0.998998106,1
157,63,7192.591,1,0.979420364,1
133,150,7192.678,0,0.998946488,1
262,251,7192.72,1,0.009751186,0
226,234,7193.284,1,0.006731152,0
151,60,7196.206,1,0.012068604,0
167,69,7196.531,1,0.008789633,0
29,75,7196.761,1,0.006826447,0
204,80,7196.909,1,0.008834464,0
134,149,7197.427,1,0.986178160,1
133,151,7198.578,0,0.886603951,0
93,136,7198.917,1,0.023118375,0
94,140,7199.046,1,0.009923358,0
332,149,7199.349,1,0.007426738,0
159,59,7199.679,0,0.982654512,1
134,151,7204.258,0,0.991171300,1
158,59,7205.872,0,0.990026474,1
158,62,7209.76,1,0.984119236,1
134,151,7212.615,0,0.996303439,1
158,61,7216.291,1,0.981940985,1
134,149,7216.493,1,0.985307217,1
157,58,7216.994,0,0.982413769,1
159,59,7222.592,1,0.991269827,1
158,58,7223.312,0,0.955198884,1
159,60,7223.345,1,0.993185282,1
152,7,7223.699,1,0.012578350,0
133,152,7223.804,0,0.996475637,1
277,23,7224.261,1,0.006975590,0
222,23,7224.272,1,0.007159784,0
134,152,7224.684,0,0.999792039,1
82,40,7224.859,1,0.008865165,0
215,45,7225.04,1,0.010434082,0
282,45,7225.058,1,0.007366189,0
159,57,7225.241,0,0.893225133,0
87,62,7225.628,1,0.009038789,0
247,63,7225.676,1,0.008986435,0
70,64,7225.699,1,0.008864112,0
44,70,7225.919,1,0.008791595,0
87,76,7226.141,1,0.044996254,0
193,86,7226.501,1,0.047372960,0
239,87,7226.514,1,0.044085383,0
114,88,7226.558,1,0.053018138,0
112,89,7226.593,1,0.051694021,0
279,93,7226.723,1,0.019085439,0
283,94,7226.773,1,0.018135644,0
127,100,7226.996,1,0.069098450,0
16,101,7227.015,1,0.009072592,0
75,104,7227.112,1,0.011779325,0
250,104,7227.119,1,0.009141501,0
134,151,7227.204,1,0.981284320,1
207,108,7227.268,1,0.008759077,0
301,111,7227.384,1,0.008482062,0
309,112,7227.4,1,0.007772645,0
243,113,7227.454,1,0.007351635,0
243,115,7227.498,1,0.006933659,0
84,116,7227.545,1,0.010030901,0
58,117,7227.598,1,0.009769008,0
86,118,7227.615,1,0.008111781,0
136,118,7227.631,1,0.016473638,0
185,119,7227.656,1,0.008556279,0
221,138,7228.312,1,0.009001880,0
90,148,7228.681,1,0.009021588,0
42,149,7228.703,1,0.006147501,0
41,149,7228.717,1,0.005251416,0
105,150,7228.74,1,0.009465739,0
167,157,7228.977,1,0.010707579,0
257,158,7229.02,1,0.010127500,0
231,166,7229.305,1,0.008824341,0
161,175,7229.62,1,0.009792967,0
11,185,7229.993,1,0.007630925,0
10,195,7230.33,1,0.012923192,0
47,198,7230.432,1,0.013231721,0
154,203,7230.612,1,0.015242651,0
191,205,7230.686,1,0.010449266,0
272,212,7230.927,1,0.011329788,0
322,212,7230.946,1,0.010792827,0
274,213,7230.962,1,0.011265107,0
262,252,7232.331,1,0.006858573,0
158,57,7234.118,0,0.480300844,0
127,16,7234.675,1,0.043892629,0
74,39,7235.49,1,0.008839318,0
158,60,7236.22,1,0.958274782,1
32,48,7237.224,1,0.008836661,0
134,151,7237.273,1,0.979732752,1
265,102,7237.689,1,0.009081380,0
133,151,7238.01,1,0.999998569,1
142,120,7238.336,1,0.068828821,0
133,152,7239.155,0,0.998228133,1
95,175,7240.264,1,0.008327024,0
19,208,7241.441,1,0.008351983,0
157,59,7241.76,1,0.925517678,1
134,152,7251.705,1,0.983616233,1
134,151,7256.204,1,0.967563033,1
158,58,7259.39,1,0.996980488,1
159,59,7260.075,1,0.999348819,1
159,55,7261.25,0,0.976476371,1
157,55,7265.026,0,0.981796741,1
24,52,7265.281,1,0.008770432,0
133,154,7265.432,0,0.993713200,1
133,152,7267.693,1,0.995856941,1
131,159,7269.063,1,0.594274163,0
21,160,7269.092,1,0.008331519,0
332,165,7269.265,1,0.007188459,0
328,167,7269.335,1,0.007551725,0
182,208,7270.791,1,0.011247679,0
176,10,7274.443,1,0.010410839,0
322,14,7274.589,1,0.009631964,0
140,15,7274.643,1,0.032643631,0
251,32,7275.237,1,0.007590042,0
288,36,7275.361,1,0.007184935,0
245,37,7275.408,1,0.008102624,0
318,43,7275.632,1,0.006716296,0
56,45,7275.685,1,0.008767800,0
134,153,7275.739,1,0.981256545,1
77,47,7275.779,1,0.008441395,0
254,51,7275.909,1,0.009625408,0
72,52,7275.936,1,0.008730296,0
151,56,7276.08,1,0.008456243,0
83,61,7276.245,1,0.008432288,0
204,70,7276.569,1,0.008818875,0
162,72,7276.634,1,0.008850466,0
199,78,7276.841,1,0.008335163,0
184,87,7277.185,1,0.009134722,0
53,94,7277.411,1,0.011709265,0
236,134,7278.83,1,0.044085208,0
158,149,7279.371,1,0.014149507,0
27,150,7279.389,1,0.007854990,0
132,153,7279.486,1,0.942720830,1
60,167,7279.981,1,0.008243315,0
149,188,7280.728,1,0.009137467,0
157,54,7281.164,0,0.985620618,1
208,203,7281.279,1,0.004708781,0
339,205,7281.337,1,0.007624890,0
24,219,7281.815,1,0.007412632,0
158,56,7282.425,1,0.080296136,0
159,57,7282.682,1,0.153106943,0
23,244,7282.713,1,0.012197476,0
233,236,7283.373,1,0.006345151,0
132,155,7285.389,0,0.985618293,1
135,155,7286.024,0,0.999876499,1
134,153,7287.357,1,0.982576668,1
134,155,7287.593,0,0.997145951,1
159,53,7291.593,0,0.988283992,1
158,53,7292.833,0,0.997829616,1
157,55,7293.666,1,0.999695420,1
134,156,7295.488,0,0.995612144,1
191,16,7304.029,1,0.006928592,0
284,17,7304.068,1,0.006694782,0
135,24,7304.287,1,0.012228263,0
158,55,7304.49,1,0.999491096,1
133,154,7305.147,1,0.984632373,1
157,54,7305.346,1,0.998837411,1
144,19,7305.801,1,0.019518103,0
133,156,7305.983,0,0.996488094,1
66,96,7306.83,1,0.026731169,0
71,103,7307.083,1,0.012392086,0
126,112,7307.397,1,0.011633964,0
157,52,7307.413,0,0.992742062,1
145,114,7307.473,1,0.005565891,0
134,154,7308.043,1,0.957004547,1
68,87,7308.147,1,0.004326530,0
159,52,7308.412,0,0.996462166,1
165,143,7308.496,1,0.012613666,0
134,152,7308.811,1,0.941565573,1
128,159,7309.071,1,0.010129093,0
158,52,7309.227,0,0.998391926,1
94,190,7310.162,1,0.013566973,0
37,201,7310.556,1,0.013094759,0
230,234,7311.7,1,0.006527637,0
295,29,7315.121,1,0.007015323,0
319,31,7315.191,1,0.006538809,0
46,35,7315.334,1,0.008829271,0
335,39,7315.496,1,0.006435517,0
120,43,7315.617,1,0.008873649,0
157,56,7316.067,1,0.964908898,1
246,63,7316.316,1,0.009229087,0
112,64,7316.349,1,0.008901946,0
79,64,7316.366,1,0.008406687,0
311,72,7316.645,1,0.007433873,0
244,80,7316.911,1,0.009168864,0
8,80,7316.919,1,0.010072650,0
239,82,7316.99,1,0.008955378,0
68,84,7317.056,1,0.005126834,0
10,85,7317.112,1,0.009255915,0
21,95,7317.446,1,0.009384545,0
134,155,7317.576,1,0.978755057,1
135,100,7317.627,1,0.009777864,0
137,103,7317.741,1,0.004840225,0
312,104,7317.76,1,0.008197294,0
295,104,7317.782,1,0.009173735,0
126,107,7317.875,1,0.005499637,0
237,114,7318.12,1,0.044113446,0
143,119,7318.292,1,0.067645162,0
339,120,7318.343,1,0.010359373,0
155,125,7318.521,1,0.051306013,0
186,129,7318.639,1,0.047600321,0
157,53,7318.736,1,0.047387507,0
189,133,7318.783,1,0.047430024,0
18,138,7318.959,1,0.013448661,0
133,141,7319.076,1,0.017288409,0
133,151,7319.43,1,0.760842681,0
87,152,7319.466,1,0.009252579,0
128,167,7320.002,1,0.019819994,0
131,186,7320.657,1,0.017280422,0
141,188,7320.737,1,0.012658482,0
228,231,7322.239,1,0.009714617,0
134,156,7333.391,1,0.984472692,1
134,157,7335.342,0,0.992898464,1
135,155,7335.452,1,0.958002031,1
158,53,7336.452,1,0.887282193,0
151,50,7337.082,1,0.091657661,0
157,50,7337.856,0,0.194260314,0
134,156,7342.673,1,0.028271299,0
247,16,7344.015,1,0.006749130,0
177,60,7345.557,1,0.008654309,0
32,48,7346.143,1,0.045658551,0
35,206,7350.711,1,0.012986046,0
200,224,7351.342,1,0.007553101,0
207,227,7351.45,1,0.007674160,0
32,48,7352.66,1,0.008812158,0
72,6,7354.321,1,0.043833464,0
159,49,7354.959,0,0.455084443,0
157,49,7355.45,0,0.959070265,1
157,53,7355.982,1,0.895400703,0
318,72,7356.647,1,0.007469720,0
135,76,7356.792,1,0.009413110,0
243,83,7357.022,1,0.009225191,0
174,85,7357.091,1,0.009224955,0
246,85,7357.106,1,0.009358967,0
205,88,7357.211,1,0.008883866,0
199,92,7357.367,1,0.008772435,0
134,156,7357.4,1,0.993205905,1
88,94,7357.407,1,0.004899472,0
176,98,7357.57,1,0.008744429,0
55,111,7358.018,1,0.018770983,0
269,112,7358.059,1,0.027093800,0
160,116,7358.18,1,0.071767710,0
70,129,7358.66,1,0.019701755,0
134,158,7358.733,0,0.999492764,1
166,138,7358.975,1,0.035406549,0
339,142,7359.102,1,0.007265051,0
134,157,7359.392,1,0.995517313,1
132,153,7359.491,1,0.882705867,0
46,162,7359.817,1,0.008100175,0
293,174,7360.239,1,0.008546585,0
71,223,7361.959,1,0.007531350,0
163,227,7362.118,1,0.014422589,0
46,234,7362.357,1,0.012588315,0
190,246,7362.771,1,0.010126175,0
87,247,7362.813,1,0.012612621,0
142,244,7364.412,1,0.007600063,0
134,159,7371.973,0,0.988823235,1
151,50,7375.372,1,0.062395174,0
134,158,7381.251,1,0.958051503,1
158,50,7382.343,1,0.452022970,0
157,50,7383.057,1,0.551175416,0
115,56,7385.433,1,0.009119926,0
231,71,7385.958,1,0.008936033,0
74,93,7386.749,1,0.028769184,0
260,118,7387.63,1,0.009323163,0
139,119,7387.644,1,0.017895106,0
236,127,7387.931,1,0.009163131,0
45,136,7388.257,1,0.008531966,0
133,144,7388.536,1,0.011541742,0
331,148,7388.678,1,0.007513131,0
248,151,7388.78,1,0.009409188,0
153,157,7388.993,1,0.011133063,0
175,159,7389.05,1,0.007990520,0
174,159,7389.058,1,0.009166621,0
37,181,7389.838,1,0.006913355,0
40,184,7389.961,1,0.006682155,0
38,195,7390.327,1,0.013207158,0
272,215,7391.027,1,0.007840862,0
135,232,7391.625,1,0.007630744,0
130,235,7391.741,1,0.007942310,0
134,158,7392.202,1,0.930159092,1
150,8,7394.373,1,0.013414300,0
199,12,7394.532,1,0.009651826,0
27,52,7395.954,1,0.008335396,0
311,68,7396.5,1,0.007379431,0
157,48,7407.763,1,0.984049857,1
133,160,7409.435,0,0.996476233,1
135,161,7410.265,0,0.894650280,0
159,45,7414.985,0,0.442302704,0
158,48,7415.013,1,0.948527336,1
135,161,7420.41,0,0.993605971,1
158,45,7425.726,0,0.978488684,1
336,102,7427.062,1,0.007281308,0
207,134,7428.181,1,0.008898678,0
300,143,7428.489,1,0.008901496,0
315,143,7428.496,1,0.007934168,0
28,216,7431.072,1,0.008294990,0
224,255,7432.458,1,0.005637245,0
207,11,7434.491,1,0.009593165,0
285,16,7434.662,1,0.009880850,0
11,23,7434.902,1,0.036887318,0
223,39,7435.487,1,0.009200590,0
37,47,7435.75,1,0.008418481,0
88,58,7436.14,1,0.008825516,0
95,60,7436.217,1,0.008383588,0
313,64,7436.348,1,0.007107090,0
202,71,7436.595,1,0.008761835,0
326,71,7436.601,1,0.007035851,0
36,72,7436.636,1,0.003879383,0
32,74,7436.716,1,0.004765628,0
19,76,7436.793,1,0.011370947,0
21,88,7437.201,1,0.010063957,0
15,93,7437.393,1,0.009258254,0
203,96,7437.484,1,0.008866585,0
279,103,7437.737,1,0.009382085,0
79,106,7437.852,1,0.012561856,0
23,109,7437.965,1,0.008908621,0
330,112,7438.058,1,0.010638836,0
3,148,7439.311,1,0.007614350,0
135,160,7439.731,1,0.963685334,1
157,44,7440.154,0,0.990441978,1
335,182,7440.534,1,0.007379697,0
158,44,7441.0,0,0.999651074,1
247,197,7441.047,1,0.009325845,0
12,206,7441.373,1,0.007731835,0
32,48,7448.038,1,0.008759760,0
158,46,7449.807,1,0.304261565,0
134,162,7452.032,0,0.999157548,1
337,121,7452.332,1,0.007181892,0
135,162,7453.673,0,0.998909950,1
133,160,7453.883,1,0.997547209,1
134,160,7455.484,1,0.989461005,1
157,43,7460.847,0,0.984902203,1
135,160,7462.772,1,0.026968678,0
0,37,7464.763,1,0.008728395,0
204,48,7465.151,1,0.009192803,0
260,182,7469.863,1,0.009712245,0
157,45,7472.1,1,0.991334617,1
283,9,7474.419,1,0.009780241,0
116,16,7474.668,1,0.043887697,0
2,21,7474.837,1,0.035701893,0
141,23,7474.92,1,0.043990608,0
153,39,7475.476,1,0.011203675,0
88,44,7475.645,1,0.008849056,0
176,59,7476.171,1,0.008832598,0
120,59,7476.184,1,0.008796163,0
178,64,7476.354,1,0.008614301,0
215,67,7476.456,1,0.008441404,0
154,70,7476.58,1,0.008952407,0
270,240,7476.905,1,0.007210409,0
300,85,7477.101,1,0.008463363,0
97,87,7477.184,1,0.009031833,0
119,88,7477.2,1,0.010255908,0
287,88,7477.212,1,0.009717594,0
112,91,7477.303,1,0.011306071,0
113,93,7477.377,1,0.009987375,0
55,93,7477.396,1,0.012716643,0
242,94,7477.413,1,0.009294360,0
229,102,7477.706,1,0.009126340,0
183,104,7477.777,1,0.008666234,0
319,108,7477.9,1,0.008045972,0
178,110,7477.975,1,0.008709712,0
183,123,7478.429,1,0.046888389,0
188,124,7478.471,1,0.047684483,0
191,125,7478.525,1,0.047752518,0
232,127,7478.577,1,0.044139665,0
299,143,7479.162,1,0.008751236,0
128,152,7479.454,1,0.014350635,0
32,242,7479.583,1,0.007610061,0
103,157,7479.633,1,0.009779290,0
271,160,7479.744,1,0.009658856,0
200,166,7479.945,1,0.004229488,0
6,168,7480.029,1,0.008883081,0
163,170,7480.109,1,0.010240518,0
101,180,7480.447,1,0.008111194,0
221,180,7480.467,1,0.011059391,0
266,193,7480.9,1,0.009078017,0
74,194,7480.942,1,0.008505068,0
95,198,7481.077,1,0.008562382,0
165,216,7481.71,1,0.009283586,0
344,227,7482.105,1,0.010414018,0
120,248,7482.847,1,0.012763814,0
159,45,7483.913,1,0.955983520,1
135,162,7486.852,1,0.025966467,0
158,41,7496.241,0,0.342217088,0
157,44,7496.796,1,0.929688573,1
136,164,7497.003,0,0.861042261,0
158,44,7498.506,1,0.133872211,0
157,43,7498.534,1,0.070271410,0
152,32,7504.577,1,0.009181171,0
247,56,7505.42,1,0.011524917,0
95,57,7505.462,1,0.008665714,0
231,60,7505.572,1,0.009185671,0
89,64,7505.713,1,0.008862835,0
178,80,7506.277,1,0.050201878,0
121,102,7507.057,1,0.004868780,0
105,108,7507.251,1,0.010143584,0
117,122,7507.747,1,0.013811534,0
289,135,7508.208,1,0.008949252,0
40,141,7508.434,1,0.008447563,0
137,144,7508.549,1,0.012481815,0
261,150,7508.733,1,0.008586187,0
314,169,7509.417,1,0.008051009,0
314,173,7509.547,1,0.008961711,0
338,177,7509.691,1,0.007340682,0
191,178,7509.741,1,0.009246911,0
246,179,7509.764,1,0.009718128,0
34,191,7510.183,1,0.013237979,0
96,193,7510.255,1,0.013493135,0
95,215,7511.026,1,0.009319781,0
240,215,7511.04,1,0.008194054,0
135,164,7511.835,0,0.983676612,1
32,48,7515.787,1,0.008851783,0
55,59,7516.182,1,0.008564705,0
88,63,7516.335,1,0.009006382,0
316,93,7517.379,1,0.007887659,0
56,124,7518.469,1,0.017689582,0
136,165,7520.877,0,0.990529120,1
98,198,7521.083,1,0.008588088,0
153,216,7521.721,1,0.008618509,0
87,258,7523.198,1,0.007518736,0
159,43,7523.278,1,0.906573713,1
158,42,7523.355,1,0.965578020,1
158,40,7530.662,0,0.425777674,0
263,251,7531.124,0,0.045380697,0
136,165,7534.919,0,0.895024359,0
135,163,7536.873,1,0.985306025,1
157,39,7539.742,0,0.872740209,0
32,48,7543.742,1,0.008772546,0
27,52,7545.281,1,0.008918032,0
217,62,7545.639,1,0.009258827,0
254,104,7547.109,1,0.009191361,0
27,128,7547.972,1,0.008245174,0
135,150,7548.747,1,0.011818204,0
254,178,7549.727,1,0.009662383,0
304,192,7550.231,1,0.011397425,0
184,200,7550.504,1,0.010941532,0
136,164,7551.996,1,0.967492163,1
158,255,7552.442,1,0.008329616,0
216,59,7556.197,1,0.008918541,0
243,60,7556.224,1,0.008795127,0
32,48,7557.181,1,0.008725446,0
104,99,7557.595,1,0.005259772,0
123,101,7557.674,1,0.004816625,0
300,128,7558.607,1,0.012480922,0
329,135,7558.855,1,0.010703872,0
55,149,7559.345,1,0.009095444,0
68,151,7559.418,1,0.009034650,0
286,203,7561.272,1,0.007947098,0
39,223,7561.974,1,0.007631925,0
158,40,7562.215,1,0.048770316,0
135,164,7568.812,1,0.988327324,1
135,166,7572.419,0,0.993746400,1
136,164,7572.803,1,0.984309077,1
158,37,7576.68,0,0.901688933,1
157,37,7577.749,0,0.700454354,0
199,18,7584.089,1,0.006665744,0
34,55,7585.4,1,0.008715906,0
47,95,7586.814,1,0.018960133,0
68,104,7587.117,1,0.012158631,0
289,111,7587.368,1,0.009626181,0
136,167,7588.896,0,0.986854911,1
230,167,7589.335,1,0.009092553,0
162,175,7589.624,1,0.009855234,0
46,186,7590.016,1,0.013407884,0
190,190,7590.143,1,0.011134323,0
301,198,7590.434,1,0.011470987,0
32,48,7590.617,1,0.045686178,0
136,165,7590.876,1,0.915650845,1
230,238,7591.837,1,0.006569220,0
49,16,7594.657,1,0.037596092,0
287,17,7594.718,1,0.009875612,0
197,35,7595.341,1,0.008498367,0
239,69,7596.526,1,0.009225081,0
178,74,7596.718,1,0.008936374,0
257,80,7596.932,1,0.008875045,0
124,96,7597.487,1,0.010973070,0
32,48,7597.607,1,0.008919114,0
142,108,7597.921,1,0.005460020,0
271,134,7598.841,1,0.024062885,0
280,152,7599.479,1,0.010077387,0
233,154,7599.538,1,0.009057219,0
8,214,7601.645,1,0.007706441,0
150,219,7601.828,1,0.007898550,0
183,224,7619.038,1,0.006949325,0
164,16,7624.016,1,0.008856081,0
206,72,7625.992,1,0.008875271,0
170,87,7626.518,1,0.052177794,0
237,93,7626.722,1,0.044109728,0
330,119,7627.648,1,0.007429273,0
136,168,7627.795,0,0.991360605,1
137,168,7628.43,0,0.997490525,1
13,143,7628.498,1,0.007710441,0
216,156,7628.973,1,0.009034403,0
291,194,7630.301,1,0.011840611,0
330,9,7634.425,1,0.009496584,0
327,15,7634.627,1,0.009559643,0
334,22,7634.87,1,0.009519126,0
10,28,7635.078,1,0.008826151,0
89,37,7635.401,1,0.008602390,0
84,47,7635.748,1,0.008782977,0
107,49,7635.823,1,0.008547418,0
329,24,7635.842,1,0.006481889,0
231,54,7635.997,1,0.009117242,0
271,56,7636.087,1,0.008776840,0
176,72,7636.634,1,0.008876236,0
21,72,7636.66,1,0.006179941,0
153,79,7636.88,1,0.009638526,0
56,84,7637.059,1,0.004176531,0
101,85,7637.111,1,0.008952517,0
141,90,7637.266,1,0.011483835,0
301,93,7637.388,1,0.008789293,0
305,124,7638.485,1,0.011969909,0
134,134,7638.825,1,0.051029071,0
194,249,7639.392,1,0.007965322,0
131,157,7639.629,1,0.016485855,0
246,167,7639.979,1,0.009219513,0
301,175,7640.282,1,0.008222181,0
231,176,7640.299,1,0.011194876,0
68,182,7640.511,1,0.008898237,0
112,191,7640.836,1,0.009000635,0
151,194,7640.94,1,0.009100327,0
10,199,7641.111,1,0.007872616,0
157,34,7644.591,0,0.604630530,0
137,169,7645.072,0,0.989934981,1
157,37,7645.389,1,0.932118595,1
157,36,7646.213,1,0.942461312,1
158,34,7647.8,0,0.730789006,0
158,37,7649.593,1,0.758716583,0
320,51,7665.244,1,0.006610578,0
313,52,7665.305,1,0.006839359,0
220,131,7668.065,1,0.009373071,0
224,255,7672.436,1,0.005565068,0
70,64,7676.351,1,0.008744066,0
196,67,7676.47,1,0.008901416,0
137,168,7676.871,1,0.986891210,1
238,95,7677.468,1,0.009439182,0
306,102,7677.704,1,0.008250767,0
254,104,7677.759,1,0.009234836,0
6,109,7677.96,1,0.008505389,0
126,231,7678.211,1,0.013112222,0
31,128,7678.616,1,0.014066477,0
26,133,7678.786,1,0.013804404,0
232,161,7679.789,1,0.009067818,0
191,174,7680.243,1,0.007616581,0
149,180,7680.439,1,0.005976182,0
148,181,7680.494,1,0.008125442,0
242,198,7681.092,1,0.009236538,0
111,208,7681.442,1,0.007969920,0
137,170,7698.769,0,0.889485538,0
138,170,7700.602,0,0.990588903,1
288,27,7704.406,1,0.007013808,0
86,37,7704.747,1,0.009076388,0
153,215,7704.937,1,0.008623448,0
216,42,7704.949,1,0.009762081,0
224,43,7704.965,1,0.010163074,0
26,56,7705.419,1,0.008663716,0
128,72,7706.004,1,0.050160583,0
32,48,7706.249,1,0.045548387,0
247,90,7706.623,1,0.044022273,0
308,96,7706.844,1,0.011800691,0
281,106,7707.181,1,0.009721753,0
193,137,7708.276,1,0.008517594,0
227,144,7708.533,1,0.009033140,0
54,157,7708.981,1,0.008353538,0
56,159,7709.067,1,0.008177159,0
264,166,7709.306,1,0.009957667,0
261,172,7709.53,1,0.010189756,0
11,224,7711.358,1,0.007418759,0
280,232,7711.635,1,0.007540044,0
76,28,7715.105,1,0.008998070,0
311,39,7715.485,1,0.006886004,0
288,48,7715.788,1,0.007639524,0
287,51,7715.898,1,0.007707742,0
288,54,7716.017,1,0.008163921,0
159,31,7716.218,0,0.185578182,0
239,67,7716.451,1,0.009236227,0
20,94,7717.425,1,0.009766886,0
199,98,7717.566,1,0.009356337,0
158,31,7718.181,0,0.402198106,0
237,196,7721.007,1,0.010723011,0
116,214,7722.537,1,0.013263930,0
32,48,7733.325,1,0.008800808,0
136,169,7733.935,1,0.960765600,1
137,171,7734.263,0,0.888140261,0
218,62,7736.387,1,0.008852821,0
158,24,7744.294,1,0.010584757,0
156,32,7744.58,1,0.102635331,0
157,34,7744.644,1,0.154338926,0
288,36,7744.717,1,0.007364023,0
24,74,7746.062,1,0.017906031,0
63,86,7746.479,1,0.032361090,0
173,88,7746.548,1,0.051242746,0
93,95,7746.813,1,0.057765342,0
160,104,7747.123,1,0.009612684,0
70,136,7748.238,1,0.009173497,0
140,140,7748.392,1,0.013143555,0
255,186,7750.022,1,0.013901771,0
160,224,7751.344,1,0.008935788,0
260,9,7754.433,1,0.009846584,0
3,70,7756.562,1,0.010806749,0
88,77,7756.831,1,0.008882253,0
57,127,7758.584,1,0.017500725,0
32,131,7758.739,1,0.013950712,0
131,143,7759.138,1,0.011897548,0
56,147,7759.274,1,0.008580377,0
137,172,7771.915,0,0.992493868,1
158,29,7774.763,0,0.397199273,0
157,31,7776.068,1,0.187230736,0
152,2,7783.523,1,0.021287391,0
207,6,7783.662,1,0.006174900,0
160,22,7784.227,1,0.009928869,0
61,87,7786.536,1,0.026791599,0
39,104,7787.126,1,0.009498660,0
31,106,7787.179,1,0.009001216,0
306,107,7787.243,1,0.008287949,0
112,114,7787.485,1,0.019432642,0
105,120,7787.703,1,0.013965951,0
260,126,7787.896,1,0.009272208,0
32,141,7788.415,1,0.008328643,0
178,154,7788.88,1,0.006258566,0
90,176,7789.665,1,0.008469735,0
321,179,7789.761,1,0.007796729,0
258,179,7789.786,1,0.009867940,0
219,181,7789.842,1,0.011191637,0
326,184,7789.935,1,0.007847334,0
184,187,7790.05,1,0.011326023,0
177,188,7790.076,1,0.012253661,0
167,194,7790.293,1,0.014197579,0
137,171,7790.443,1,0.021509573,0
240,202,7790.573,1,0.013147236,0
203,206,7790.724,1,0.011198901,0
67,240,7791.914,1,0.007394760,0
159,253,7792.382,1,0.007773799,0
217,256,7792.485,1,0.004476628,0
260,14,7794.605,1,0.009912509,0
315,72,7796.646,1,0.007309757,0
104,78,7796.852,1,0.008945501,0
174,110,7797.997,1,0.008628134,0
160,134,7798.822,1,0.040360369,0
163,135,7798.864,1,0.037299294,0
224,141,7799.085,1,0.009186907,0
22,176,7800.314,1,0.009027251,0
240,194,7800.935,1,0.009975020,0
159,30,7809.281,1,0.108325951,0
158,28,7812.93,0,0.171090558,0
137,173,7813.039,0,0.992876947,1
139,172,7814.985,0,0.887669325,0
55,36,7824.727,1,0.008552830,0
144,37,7824.766,1,0.009109095,0
24,46,7825.075,1,0.008790543,0
138,171,7825.189,1,0.956981480,1
149,67,7825.835,1,0.008882007,0
146,69,7825.899,1,0.010708104,0
331,86,7826.482,1,0.010348332,0
299,86,7826.488,1,0.012238330,0
72,101,7827.013,1,0.013763185,0
158,30,7830.38,1,0.041445795,0
141,173,7832.217,0,0.979356110,1
119,253,7832.368,1,0.007692359,0
70,258,7832.552,1,0.008170159,0
216,131,7838.741,1,0.044225514,0
284,180,7840.462,1,0.009248349,0
155,198,7841.079,1,0.010811551,0
156,198,7841.088,1,0.008801785,0
52,235,7842.394,1,0.012652887,0
94,57,7843.154,1,0.008747046,0
137,172,7854.84,1,0.987536609,1
138,172,7855.97,1,0.939096987,1
159,29,7863.386,1,0.037611119,0
322,15,7863.984,1,0.006381399,0
157,28,7864.431,1,0.021634800,0
114,45,7865.044,1,0.009151959,0
250,47,7865.102,1,0.009333615,0
148,59,7865.536,1,0.029145660,0
320,68,7865.851,1,0.007378748,0
162,71,7865.947,1,0.008905417,0
2,84,7866.406,1,0.014648162,0
272,107,7867.218,1,0.009995369,0
221,115,7867.521,1,0.009082478,0
248,116,7867.559,1,0.009242413,0
70,120,7867.694,1,0.008342304,0
69,121,7867.715,1,0.011435349,0
316,126,7867.913,1,0.007982152,0
230,132,7868.115,1,0.009044820,0
184,136,7868.255,1,0.009048142,0
192,158,7869.017,1,0.004261218,0
314,159,7869.053,1,0.007942437,0
175,159,7869.078,1,0.011160325,0
132,160,7869.09,1,0.010911418,0
297,165,7869.282,1,0.008777860,0
185,168,7869.392,1,0.009594320,0
160,169,7869.417,1,0.010275545,0
186,170,7869.45,1,0.012216312,0
184,174,7869.588,1,0.009396020,0
108,176,7869.655,1,0.008643577,0
229,182,7869.876,1,0.009394666,0
265,185,7869.994,1,0.009658114,0
90,189,7870.115,1,0.013606205,0
324,191,7870.202,1,0.010911850,0
258,205,7870.685,1,0.012008096,0
261,225,7871.383,1,0.007925503,0
227,231,7871.596,1,0.006495696,0
35,231,7871.605,1,0.007912733,0
275,246,7872.127,1,0.007097258,0
223,32,7872.831,1,0.007982227,0
264,15,7874.629,1,0.009928808,0
343,48,7875.79,1,0.006812260,0
130,73,7876.671,1,0.009043232,0
11,81,7876.973,1,0.009934378,0
13,84,7877.063,1,0.010144690,0
95,91,7877.303,1,0.010075327,0
229,95,7877.458,1,0.009479026,0
158,28,7878.006,1,0.034103990,0
7,111,7878.018,1,0.013542376,0
26,116,7878.201,1,0.014054196,0
157,26,7878.907,0,0.389820099,0
314,160,7879.755,1,0.007846309,0
168,170,7880.097,1,0.010503870,0
138,173,7880.19,1,0.477058709,0
173,175,7880.286,1,0.008708815,0
28,176,7880.307,1,0.008763873,0
159,27,7894.784,1,0.028010279,0
137,175,7898.709,0,0.882657290,0
153,66,7905.776,1,0.009478861,0
330,130,7908.055,1,0.007737350,0
267,210,7910.861,1,0.011619219,0
292,109,7914.469,1,0.013663555,0
176,20,7914.804,1,0.011335135,0
168,23,7914.903,1,0.013586028,0
294,29,7915.12,1,0.006800185,0
24,52,7915.932,1,0.008576930,0
99,60,7916.213,1,0.008365686,0
219,69,7916.525,1,0.008423868,0
180,80,7916.915,1,0.009007310,0
32,48,7917.366,1,0.008907270,0
47,95,7917.439,1,0.011398994,0
219,101,7917.674,1,0.009057173,0
124,112,7918.045,1,0.063270904,0
146,118,7918.258,1,0.062356755,0
104,126,7918.557,1,0.035387155,0
81,142,7919.124,1,0.009097624,0
230,152,7919.464,1,0.009235813,0
223,156,7919.592,1,0.009031313,0
37,176,7920.305,1,0.007799189,0
166,182,7920.527,1,0.009212412,0
24,188,7920.726,1,0.008031668,0
132,191,7920.833,1,0.008944635,0
100,191,7920.843,1,0.007931137,0
328,237,7922.455,1,0.010435411,0
90,251,7922.959,1,0.012572411,0
108,254,7923.053,1,0.007834706,0
139,176,7933.623,0,0.984538436,1
158,24,7936.564,0,0.177084178,0
159,26,7941.639,1,0.107289597,0
49,34,7944.651,1,0.008507207,0
342,75,7946.105,1,0.009738629,0
49,87,7946.523,1,0.020696850,0
119,96,7946.856,1,0.053896204,0
113,98,7946.911,1,0.057876352,0
46,112,7947.41,1,0.009529319,0
131,151,7947.516,1,0.013028163,0
282,120,7947.699,1,0.009686139,0
188,122,7947.756,1,0.009089366,0
242,137,7948.275,1,0.009259510,0
322,151,7948.784,1,0.007880277,0
183,224,7949.552,1,0.007127125,0
271,176,7949.664,1,0.009995355,0
286,196,7950.367,1,0.011903564,0
136,200,7950.494,1,0.014496833,0
220,210,7950.854,1,0.013298579,0
67,256,7952.48,1,0.007263593,0
139,176,7954.015,0,0.952237546,1
137,176,7954.911,0,0.932214856,1
175,44,7955.666,1,0.008601496,0
293,56,7956.069,1,0.007511971,0
145,118,7958.255,1,0.062734745,0
40,121,7958.367,1,0.015606091,0
167,184,7960.591,1,0.008984962,0
340,224,7961.995,1,0.007508360,0
164,244,7962.707,1,0.014004845,0
32,48,7964.642,1,0.008780483,0
138,242,7964.711,1,0.007840502,0
158,23,7975.786,0,0.271098286,0
313,31,7984.549,1,0.006582908,0
140,176,7985.034,0,0.988364339,1
32,48,7985.114,1,0.008992799,0
47,108,7987.264,1,0.009642068,0
89,112,7987.393,1,0.013752076,0
236,115,7987.52,1,0.009139747,0
215,117,7987.577,1,0.008820121,0
222,120,7987.684,1,0.009233387,0
64,135,7988.213,1,0.009316088,0
204,140,7988.388,1,0.009055324,0
38,143,7988.491,1,0.008342084,0
301,143,7988.499,1,0.008320754,0
137,175,7989.615,1,0.948283613,1
12,192,7990.219,1,0.013039795,0
223,208,7990.79,1,0.012533537,0
120,219,7991.171,1,0.010555115,0
67,223,7991.318,1,0.009246029,0
330,8,7994.39,1,0.009479976,0
41,27,7995.067,1,0.008499959,0
272,31,7995.189,1,0.006961718,0
138,175,7995.779,1,0.959687471,1
5,52,7995.924,1,0.008402316,0
337,153,7999.493,1,0.007320463,0
