x,y,t,p,probability,label
202,8,0.0,1,0.007158348,0
200,10,0.066,1,0.007055589,0
64,14,0.204,1,0.009348848,0
239,21,0.452,1,0.006858059,0
279,30,0.766,1,0.007722019,0
119,35,0.946,1,0.008727071,0
116,38,1.055,1,0.009121499,0
231,45,1.293,1,0.009515189,0
24,52,1.541,1,0.011219369,0
177,60,1.827,1,0.009118715,0
245,63,1.941,1,0.007863124,0
126,70,2.199,1,0.050548591,0
109,72,2.263,1,0.043708209,0
319,79,2.508,1,0.010564191,0
112,88,2.824,1,0.039400086,0
114,91,2.924,1,0.041165423,0
113,93,2.984,1,0.041704077,0
87,96,3.095,1,0.011339122,0
46,96,3.107,1,0.009873071,0
166,102,3.308,1,0.005656035,0
215,103,3.349,1,0.009014927,0
212,103,3.349,1,0.008769454,0
78,107,3.48,1,0.010260895,0
280,110,3.606,1,0.009541281,0
101,111,3.628,1,0.011350284,0
280,111,3.643,1,0.008942171,0
84,120,3.938,1,0.009743348,0
175,126,4.153,1,0.010482407,0
183,133,4.406,1,0.006958670,0
56,147,4.898,1,0.008841904,0
36,151,5.049,1,0.008492906,0
331,153,5.126,1,0.007763566,0
25,165,5.53,1,0.012514725,0
26,166,5.563,1,0.011746566,0
10,136,6.373,1,0.013657112,0
224,194,6.554,1,0.016246820,0
264,195,6.603,1,0.011420357,0
201,203,6.886,1,0.011034012,0
113,246,8.384,1,0.008093305,0
117,3,9.362,1,0.009623657,0
82,5,9.438,1,0.009796269,0
12,10,9.611,1,0.009418807,0
95,12,9.679,1,0.009697141,0
325,14,9.751,1,0.008033769,0
177,22,10.031,1,0.023171583,0
263,27,10.222,1,0.017510297,0
264,28,10.24,1,0.009426546,0
16,32,10.409,1,0.036097951,0
211,56,11.257,1,0.009045052,0
273,59,11.335,1,0.008392600,0
338,63,11.475,1,0.007002532,0
98,64,11.516,1,0.009031036,0
136,69,11.693,1,0.009239916,0
179,80,12.086,1,0.010007824,0
95,88,12.363,1,0.013284070,0
89,91,12.467,1,0.012057243,0
93,92,12.503,1,0.012688207,0
110,96,12.643,1,0.014092960,0
18,96,12.652,1,0.009546171,0
32,48,12.897,1,0.004295520,0
172,110,13.14,1,0.005824524,0
151,50,13.145,1,0.008886096,0
232,120,13.492,1,0.009606430,0
197,121,13.521,1,0.009481833,0
229,135,14.021,1,0.036496826,0
255,148,14.481,1,0.013917945,0
202,149,14.511,1,0.012643853,0
203,150,14.553,1,0.013332835,0
131,160,14.9,1,0.015299606,0
130,162,14.97,1,0.015228901,0
275,252,18.138,1,0.009030493,0
237,96,30.118,1,0.977963924,1
235,94,30.259,0,0.819267631,0
164,12,40.146,1,0.010759877,0
24,52,41.538,1,0.011058453,0
216,62,41.891,1,0.008250955,0
218,62,41.908,1,0.008268204,0
199,64,41.964,1,0.009449956,0
333,69,42.151,1,0.010304045,0
215,72,42.253,1,0.048529830,0
156,78,42.469,1,0.058542192,0
35,86,42.744,1,0.055666957,0
34,87,42.777,1,0.014043549,0
140,87,42.788,1,0.062158097,0
308,91,42.925,1,0.011288979,0
299,101,43.277,1,0.008388151,0
153,106,43.453,1,0.012804731,0
215,109,43.552,1,0.008133036,0
167,110,43.591,1,0.005741831,0
48,111,43.627,1,0.009508400,0
218,112,43.685,1,0.009396771,0
93,114,43.745,1,0.010172779,0
69,116,43.794,1,0.009343709,0
88,116,43.807,1,0.009836797,0
87,118,43.873,1,0.009585272,0
248,122,44.015,1,0.009205942,0
255,126,44.159,1,0.012209512,0
161,127,44.202,1,0.014045206,0
146,128,44.231,1,0.013533613,0
274,132,44.363,1,0.009941998,0
35,133,44.407,1,0.008405681,0
184,149,44.967,1,0.012715780,0
119,149,44.981,1,0.009334647,0
39,166,45.579,1,0.008791039,0
163,168,45.631,1,0.010263375,0
145,189,46.387,1,0.014812995,0
119,191,46.44,1,0.014431958,0
237,196,46.619,1,0.015787458,0
130,199,46.743,1,0.014425159,0
25,200,46.783,1,0.013162063,0
0,207,47.021,1,0.008129133,0
55,208,47.049,1,0.008026507,0
183,224,47.614,1,0.008835023,0
290,232,47.896,1,0.006780003,0
253,234,47.973,1,0.005379177,0
278,258,48.804,1,0.006195165,0
165,8,49.549,1,0.010078771,0
136,9,49.573,1,0.009773224,0
158,13,49.716,1,0.009460231,0
142,16,49.836,1,0.009484261,0
123,22,50.032,1,0.044449020,0
127,24,50.099,1,0.044473428,0
240,24,50.111,1,0.010312865,0
244,27,50.205,1,0.010485578,0
119,28,50.241,1,0.044955485,0
10,31,50.353,1,0.035225846,0
138,32,50.387,1,0.047358211,0
198,38,50.602,1,0.023563925,0
223,40,50.665,1,0.012238018,0
218,42,50.739,1,0.013903353,0
301,44,50.808,1,0.010784598,0
310,47,50.911,1,0.010664604,0
42,53,51.12,1,0.004595844,0
337,55,51.214,1,0.007154604,0
81,56,51.235,1,0.007189655,0
83,58,51.301,1,0.007525802,0
135,59,51.333,1,0.008813666,0
314,68,51.652,1,0.007342916,0
181,76,51.935,1,0.009350239,0
215,81,52.122,1,0.008565313,0
204,82,52.159,1,0.008726237,0
131,85,52.257,1,0.004621739,0
343,94,52.57,1,0.006825619,0
77,95,52.611,1,0.010644824,0
181,111,53.169,1,0.004904910,0
96,112,53.207,1,0.010977895,0
248,119,53.462,1,0.009581706,0
169,132,53.908,1,0.014861953,0
224,134,53.979,1,0.009617697,0
218,135,54.019,1,0.044469986,0
320,139,54.154,1,0.011257477,0
184,144,54.34,1,0.031930692,0
200,158,54.84,1,0.015448424,0
235,164,55.041,1,0.009602589,0
183,173,55.364,1,0.010472978,0
176,173,55.37,1,0.010508385,0
162,174,55.393,1,0.010239232,0
19,181,55.643,1,0.008788995,0
16,184,55.748,1,0.008082972,0
129,206,56.532,1,0.008634671,0
8,224,57.156,1,0.008685107,0
278,235,57.545,1,0.007075732,0
237,93,78.328,0,0.720305920,0
38,16,80.287,1,0.009158222,0
290,24,80.567,1,0.007656856,0
242,37,81.009,1,0.007781604,0
246,37,81.019,1,0.007075551,0
265,38,81.053,1,0.007928349,0
32,48,81.395,1,0.004195770,0
148,53,81.592,1,0.008896180,0
224,59,81.805,1,0.009833165,0
263,63,81.933,1,0.009694605,0
87,70,82.181,1,0.033853088,0
318,71,82.216,1,0.010526310,0
162,71,82.229,1,0.056314331,0
93,72,82.254,1,0.035923433,0
94,75,82.365,1,0.041970104,0
235,93,82.367,0,0.724369586,0
103,88,82.82,1,0.035345290,0
86,88,82.835,1,0.025453804,0
151,50,83.034,1,0.008659298,0
63,95,83.063,1,0.010159564,0
186,109,83.556,1,0.010193301,0
10,120,83.942,1,0.008761214,0
254,124,84.094,1,0.011529926,0
15,126,84.167,1,0.008352903,0
12,127,84.213,1,0.008570736,0
304,133,84.41,1,0.008533431,0
344,141,84.687,1,0.007486273,0
247,142,84.711,1,0.009551384,0
157,142,84.724,1,0.012719151,0
131,143,84.754,1,0.009792361,0
98,148,84.942,1,0.009272419,0
54,151,85.048,1,0.008552114,0
136,154,85.141,1,0.010003110,0
315,157,85.271,1,0.006758219,0
315,158,85.279,1,0.007708355,0
134,158,85.29,1,0.009861303,0
224,158,85.3,1,0.008557303,0
343,168,85.636,1,0.008044210,0
202,184,86.195,1,0.011703136,0
208,191,86.45,1,0.011499532,0
101,192,86.491,1,0.014221830,0
98,194,86.551,1,0.014150778,0
102,199,86.73,1,0.014112630,0
304,229,87.795,1,0.006739628,0
223,4,89.401,1,0.007531043,0
55,5,89.434,1,0.009296648,0
69,6,89.463,1,0.009660468,0
161,7,89.5,1,0.010136276,0
320,14,89.748,1,0.007621051,0
192,15,89.794,1,0.008640545,0
195,16,89.818,1,0.008756183,0
17,22,90.034,1,0.046920963,0
72,31,90.358,1,0.049287561,0
292,35,90.506,1,0.010833154,0
181,38,90.594,1,0.044561222,0
137,39,90.631,1,0.049241498,0
334,40,90.669,1,0.010295392,0
309,46,90.875,1,0.010665766,0
335,46,90.886,1,0.010267067,0
208,47,90.922,1,0.035277393,0
83,50,91.021,1,0.008679874,0
77,52,91.093,1,0.008677040,0
310,63,91.476,1,0.007473871,0
17,64,91.513,1,0.010355536,0
206,67,91.615,1,0.008907202,0
77,77,91.972,1,0.010136343,0
296,85,92.255,1,0.008431363,0
294,88,92.376,1,0.008942205,0
24,94,92.579,1,0.009913479,0
237,95,92.61,1,0.013069887,0
175,104,92.948,1,0.004520027,0
126,106,93.0,1,0.014298988,0
184,109,93.101,1,0.008412361,0
199,110,93.142,1,0.008840592,0
55,114,93.277,1,0.010053256,0
57,117,93.405,1,0.009218629,0
163,124,93.624,1,0.008600215,0
163,125,93.67,1,0.016313616,0
204,131,93.886,1,0.009611930,0
130,140,94.213,1,0.019670403,0
167,144,94.333,1,0.034299623,0
205,144,94.347,1,0.022206472,0
89,149,94.517,1,0.014947149,0
288,151,94.595,1,0.012230314,0
306,152,94.616,1,0.011681636,0
305,155,94.731,1,0.011614937,0
344,159,94.864,1,0.010668766,0
166,160,94.91,1,0.022818293,0
93,169,95.217,1,0.008692512,0
92,174,95.394,1,0.009703412,0
48,179,95.594,1,0.009056582,0
11,182,95.671,1,0.008089187,0
112,184,95.754,1,0.009047184,0
139,192,96.027,1,0.008885772,0
144,197,96.214,1,0.009678070,0
104,204,96.452,1,0.010265573,0
104,205,96.5,1,0.008000984,0
185,237,97.62,1,0.008664145,0
94,57,105.297,1,0.008938225,0
235,93,106.544,0,0.724359989,0
5,14,120.212,1,0.008717682,0
131,16,120.274,1,0.009380330,0
135,24,120.561,1,0.009433677,0
185,28,120.7,1,0.009932657,0
143,30,120.769,1,0.009067046,0
60,40,121.114,1,0.009012151,0
282,45,121.296,1,0.007839424,0
168,48,121.413,1,0.009053283,0
24,53,121.586,1,0.011046262,0
15,62,121.896,1,0.010422985,0
251,73,122.293,1,0.025220355,0
250,76,122.384,1,0.029776104,0
199,77,122.429,1,0.049397226,0
127,79,122.518,1,0.048667002,0
168,80,122.528,1,0.062825106,0
102,82,122.594,1,0.032758616,0
97,86,122.752,1,0.032365404,0
280,87,122.777,1,0.013597971,0
151,87,122.797,1,0.059420932,0
32,48,122.872,1,0.023155315,0
63,93,122.989,1,0.017255275,0
231,94,123.027,1,0.018997071,0
98,95,123.054,1,0.006946413,0
178,96,123.088,1,0.010443195,0
83,96,123.094,1,0.011103092,0
97,96,123.101,1,0.007799049,0
136,96,123.111,1,0.006609931,0
107,104,123.379,1,0.011906643,0
242,104,123.401,1,0.009385884,0
266,105,123.418,1,0.010148176,0
42,106,123.452,1,0.009546586,0
248,109,123.559,1,0.009296985,0
90,109,123.571,1,0.010753611,0
207,111,123.62,1,0.008652027,0
225,112,123.676,1,0.009160347,0
162,114,123.73,1,0.018662615,0
134,118,123.884,1,0.007733357,0
134,119,123.901,1,0.018365012,0
204,80,123.911,1,0.009094924,0
80,119,123.924,1,0.009628003,0
165,120,123.938,1,0.017370984,0
79,124,124.077,1,0.009414915,0
165,124,124.096,1,0.016005302,0
234,92,124.204,0,0.362386554,0
145,128,124.224,1,0.012696100,0
138,128,124.236,1,0.012585256,0
134,135,124.478,1,0.011360419,0
144,143,124.753,1,0.011370217,0
228,144,124.808,1,0.009182762,0
127,146,124.86,1,0.009639086,0
337,147,124.893,1,0.007433582,0
12,148,124.93,1,0.008363036,0
266,149,124.966,1,0.009303981,0
157,151,125.029,1,0.011446832,0
231,151,125.054,1,0.010544796,0
14,152,125.064,1,0.008686635,0
45,152,125.081,1,0.008679513,0
235,92,125.274,0,0.774174511,0
130,159,125.318,1,0.009220253,0
231,166,125.561,1,0.010820326,0
157,176,125.932,1,0.009567371,0
10,136,126.042,1,0.013661371,0
130,181,126.112,1,0.014706030,0
72,190,126.408,1,0.013933850,0
94,190,126.428,1,0.013391255,0
94,191,126.458,1,0.027028805,0
136,196,126.618,1,0.014553698,0
135,198,126.702,1,0.014504731,0
64,199,126.728,1,0.013665979,0
175,200,126.775,1,0.015322381,0
170,208,127.056,1,0.008955107,0
327,211,127.165,1,0.007228769,0
123,215,127.295,1,0.008636711,0
168,220,127.473,1,0.008649021,0
130,221,127.502,1,0.008525402,0
80,222,127.564,1,0.008681983,0
172,223,127.58,1,0.009125119,0
86,228,127.747,1,0.008280854,0
234,239,128.158,1,0.003667110,0
83,12,129.677,1,0.009659532,0
86,13,129.72,1,0.009669116,0
219,13,129.734,1,0.006738706,0
96,15,129.788,1,0.009796241,0
62,16,129.821,1,0.009469736,0
111,16,129.845,1,0.009475378,0
276,24,130.107,1,0.010701291,0
175,24,130.107,1,0.031394448,0
4,29,130.294,1,0.032684047,0
8,30,130.313,1,0.034152128,0
142,32,130.389,1,0.047387864,0
141,36,130.522,1,0.048597548,0
217,37,130.571,1,0.012037663,0
104,39,130.637,1,0.048818141,0
82,44,130.822,1,0.067734741,0
82,46,130.904,1,0.064414971,0
212,48,130.974,1,0.031015478,0
262,58,131.301,1,0.009090469,0
262,60,131.381,1,0.007826635,0
134,63,131.477,1,0.009084110,0
298,70,131.727,1,0.007910375,0
227,72,131.796,1,0.010008746,0
105,80,132.076,1,0.005004758,0
85,83,132.18,1,0.012448316,0
184,85,132.25,1,0.009808673,0
68,87,132.329,1,0.011565261,0
159,89,132.4,1,0.009972510,0
249,92,132.5,1,0.009109783,0
208,92,132.508,1,0.008874140,0
253,93,132.543,1,0.013130710,0
237,96,132.645,1,0.787032783,0
206,103,132.891,1,0.009175060,0
44,106,132.994,1,0.009938948,0
137,108,133.067,1,0.009585616,0
139,110,133.153,1,0.012812061,0
234,93,133.326,0,0.376822561,0
136,118,133.416,1,0.012610863,0
237,125,133.668,1,0.009114257,0
134,126,133.703,1,0.012856392,0
81,134,133.984,1,0.009409829,0
88,139,134.158,1,0.015184935,0
238,148,134.477,1,0.019239357,0
159,159,134.873,1,0.021263298,0
199,160,134.896,1,0.014973436,0
127,180,135.606,1,0.009582718,0
286,184,135.751,1,0.007643335,0
184,190,135.967,1,0.009734395,0
13,197,136.205,1,0.008306017,0
33,245,137.895,1,0.007870620,0
308,256,138.292,1,0.009650983,0
235,92,141.061,0,0.839646637,0
237,92,141.954,0,0.856466830,0
229,8,159.992,1,0.006656838,0
223,14,160.206,1,0.006634607,0
315,15,160.235,1,0.007491742,0
215,16,160.286,1,0.006783446,0
101,34,160.903,1,0.008895184,0
248,43,161.223,1,0.008266674,0
75,69,162.136,1,0.026296701,0
261,71,162.222,1,0.018578002,0
107,74,162.325,1,0.042494673,0
86,77,162.425,1,0.026385475,0
312,79,162.514,1,0.010806341,0
124,96,163.096,1,0.012144539,0
87,100,163.242,1,0.011073005,0
120,101,163.272,1,0.022612927,0
123,101,163.285,1,0.024158651,0
161,104,163.388,1,0.006209547,0
216,111,163.638,1,0.009252168,0
340,122,164.017,1,0.007572452,0
8,139,164.623,1,0.008983674,0
271,146,164.854,1,0.009405904,0
136,149,164.983,1,0.010593804,0
142,152,165.069,1,0.010314369,0
12,178,165.986,1,0.008819029,0
132,181,166.107,1,0.014725402,0
71,184,166.202,1,0.014045469,0
68,186,166.274,1,0.013972880,0
83,191,166.449,1,0.014033088,0
121,197,166.668,1,0.014312328,0
18,198,166.696,1,0.013088937,0
236,93,166.739,1,0.044515584,0
77,208,167.054,1,0.008291790,0
71,215,167.294,1,0.009057879,0
133,219,167.434,1,0.009364733,0
78,254,168.666,1,0.012179793,0
235,93,168.681,1,0.958973050,1
222,5,169.436,1,0.006509430,0
323,15,169.788,1,0.007789722,0
133,20,169.978,1,0.009688660,0
173,28,170.246,1,0.044497814,0
245,29,170.284,1,0.010542736,0
32,48,170.943,1,0.023425212,0
186,49,171.004,1,0.009015051,0
197,70,171.73,1,0.008699241,0
267,84,172.217,1,0.009188456,0
322,100,172.798,1,0.007472560,0
46,112,173.205,1,0.009810165,0
84,132,173.923,1,0.009789407,0
10,136,173.996,1,0.008769409,0
29,175,175.425,1,0.008417072,0
335,198,176.246,1,0.007223665,0
258,208,176.62,1,0.008014999,0
13,240,177.726,1,0.008098405,0
237,93,177.916,1,0.664911866,0
69,246,177.954,1,0.008032009,0
182,248,178.005,1,0.014052882,0
282,101,196.719,1,0.010089981,0
141,2,199.783,1,0.009365467,0
23,8,200.006,1,0.008942611,0
103,10,200.072,1,0.009352368,0
313,11,200.099,1,0.007487853,0
52,14,200.227,1,0.009344044,0
90,15,200.24,1,0.010235329,0
74,22,200.489,1,0.009683011,0
82,23,200.528,1,0.010198267,0
326,24,200.565,1,0.007574635,0
199,35,200.955,1,0.009607483,0
181,36,200.977,1,0.009341524,0
47,43,201.243,1,0.008737236,0
91,45,201.301,1,0.008931490,0
283,51,201.518,1,0.008385773,0
24,52,201.547,1,0.010618868,0
306,53,201.589,1,0.007464575,0
248,54,201.613,1,0.010269935,0
32,55,201.662,1,0.009770640,0
226,56,201.698,1,0.009384935,0
270,62,201.903,1,0.008665742,0
97,71,202.224,1,0.040109977,0
233,94,203.028,1,0.843296647,0
64,99,203.204,1,0.010270701,0
308,108,203.515,1,0.008168412,0
75,112,203.66,1,0.009561121,0
10,136,203.993,1,0.008331522,0
112,131,204.336,1,0.010533594,0
15,144,204.785,1,0.008212986,0
160,144,204.792,1,0.012921356,0
135,152,205.079,1,0.009990157,0
18,157,205.246,1,0.008214365,0
124,159,205.319,1,0.009279548,0
81,162,205.437,1,0.008835700,0
84,175,205.885,1,0.008512727,0
142,184,206.22,1,0.014815534,0
200,190,206.406,1,0.011317526,0
200,195,206.592,1,0.011066690,0
99,200,206.772,1,0.014058642,0
240,202,206.83,1,0.014501473,0
245,204,206.899,1,0.010988083,0
102,205,206.951,1,0.014008177,0
39,231,207.853,1,0.008177129,0
45,232,207.908,1,0.007904169,0
257,14,209.752,1,0.006686605,0
258,15,209.784,1,0.004681265,0
30,16,209.819,1,0.009277558,0
320,22,210.034,1,0.010442439,0
37,23,210.083,1,0.048224524,0
317,24,210.106,1,0.010472401,0
176,32,210.385,1,0.044507030,0
144,34,210.454,1,0.048051439,0
45,37,210.576,1,0.047954805,0
146,38,210.596,1,0.049115386,0
183,39,210.632,1,0.044560622,0
233,42,210.751,1,0.012191784,0
234,44,210.806,1,0.012660925,0
171,45,210.853,1,0.048496298,0
279,52,211.111,1,0.007873488,0
56,55,211.192,1,0.009425220,0
168,55,211.219,1,0.008962461,0
321,56,211.239,1,0.007525845,0
262,59,211.338,1,0.009128612,0
323,60,211.372,1,0.007393829,0
124,61,211.409,1,0.009209939,0
274,63,211.483,1,0.008448139,0
172,70,211.724,1,0.009443571,0
173,72,211.804,1,0.009410904,0
192,76,211.949,1,0.009200520,0
12,80,212.082,1,0.009783012,0
154,89,212.398,1,0.010940402,0
32,48,212.509,1,0.003995846,0
72,101,212.826,1,0.010741570,0
151,50,212.888,1,0.008604103,0
250,104,212.923,1,0.009005313,0
222,128,213.777,1,0.009601718,0
160,134,213.977,1,0.012812055,0
224,140,214.216,1,0.040238034,0
164,164,215.039,1,0.010811047,0
102,166,215.111,1,0.009177619,0
153,215,216.848,1,0.008804886,0
267,240,217.726,1,0.007074827,0
264,242,217.807,1,0.005934877,0
142,244,217.86,1,0.009373085,0
234,90,222.804,0,0.769345522,0
236,92,224.897,1,0.848899961,0
236,90,226.588,0,0.884151995,0
78,16,240.291,1,0.009363711,0
80,23,240.528,1,0.009528923,0
51,32,240.847,1,0.008979855,0
53,33,240.875,1,0.008562753,0
115,38,241.051,1,0.008955454,0
232,49,241.453,1,0.009826042,0
138,55,241.648,1,0.009089966,0
81,66,242.038,1,0.037103534,0
200,71,242.221,1,0.048478734,0
18,72,242.248,1,0.015213620,0
109,73,242.297,1,0.043242380,0
81,79,242.501,1,0.024999363,0
136,80,242.545,1,0.054083306,0
136,85,242.71,1,0.060115326,0
152,85,242.725,1,0.059498481,0
280,91,242.922,1,0.013814691,0
214,96,243.095,1,0.008083629,0
210,100,243.236,1,0.007133303,0
80,104,243.38,1,0.010923136,0
287,105,243.434,1,0.009236646,0
72,111,243.625,1,0.009961796,0
82,111,243.639,1,0.010136831,0
165,118,243.876,1,0.015150708,0
32,120,243.943,1,0.009005505,0
98,128,244.225,1,0.009990124,0
48,132,244.391,1,0.009310514,0
75,133,244.399,1,0.009114023,0
70,134,244.437,1,0.009244120,0
97,135,244.477,1,0.009398337,0
235,139,244.618,1,0.011807967,0
155,140,244.648,1,0.012624343,0
272,141,244.701,1,0.009950417,0
164,142,244.726,1,0.012830766,0
319,142,244.726,1,0.007845708,0
331,143,244.77,1,0.007616866,0
269,150,245.0,1,0.009245706,0
48,150,245.016,1,0.009049413,0
45,152,245.067,1,0.008780076,0
266,158,245.299,1,0.008472655,0
235,160,245.348,1,0.009445154,0
113,160,245.348,1,0.009218137,0
143,160,245.367,1,0.009973970,0
319,166,245.565,1,0.008165160,0
44,167,245.601,1,0.008358765,0
295,177,245.978,1,0.007997056,0
32,180,246.064,1,0.013577040,0
151,182,246.133,1,0.015170011,0
3,183,246.175,1,0.013071165,0
64,184,246.198,1,0.013973537,0
107,194,246.563,1,0.014261327,0
104,196,246.628,1,0.014187956,0
38,204,246.9,1,0.013288671,0
64,205,246.963,1,0.013554515,0
112,211,247.149,1,0.009346291,0
247,213,247.236,1,0.005962654,0
311,215,247.292,1,0.007250806,0
135,232,247.89,1,0.008594537,0
161,235,247.996,1,0.009506506,0
29,243,248.3,1,0.007997821,0
187,6,249.467,1,0.008870701,0
150,8,249.545,1,0.009299682,0
235,12,249.684,1,0.007504527,0
203,14,249.753,1,0.008045128,0
63,23,250.07,1,0.048244651,0
47,24,250.115,1,0.048736565,0
318,27,250.207,1,0.010468015,0
32,29,250.283,1,0.047519602,0
1,32,250.382,1,0.029761342,0
54,35,250.486,1,0.048345227,0
287,39,250.636,1,0.010941151,0
194,46,250.887,1,0.046657920,0
296,52,251.087,1,0.007716080,0
250,60,251.371,1,0.010089429,0
193,69,251.695,1,0.008826860,0
232,70,251.727,1,0.009880798,0
143,72,251.798,1,0.009525431,0
181,72,251.816,1,0.008991898,0
340,75,251.902,1,0.006852927,0
129,91,252.47,1,0.005768273,0
197,102,252.86,1,0.008472547,0
180,107,253.032,1,0.005002455,0
157,118,253.417,1,0.016421653,0
104,129,253.804,1,0.009770640,0
111,129,253.819,1,0.010190771,0
116,131,253.879,1,0.010150792,0
240,148,254.474,1,0.021089207,0
99,151,254.58,1,0.015051519,0
122,152,254.618,1,0.015476436,0
165,160,254.896,1,0.022872113,0
71,166,255.113,1,0.008561386,0
159,168,255.2,1,0.009809159,0
148,181,255.661,1,0.009499697,0
255,184,255.743,1,0.008648098,0
140,192,256.028,1,0.009329304,0
73,200,256.321,1,0.008260797,0
304,204,256.469,1,0.007297315,0
200,208,256.591,1,0.007793000,0
32,214,256.804,1,0.008336795,0
156,234,257.518,1,0.008499749,0
234,89,262.418,0,0.711329341,0
125,3,279.817,1,0.009139320,0
120,3,279.825,1,0.009799086,0
150,27,280.662,1,0.009621049,0
268,28,280.697,1,0.007767126,0
210,46,281.336,1,0.009282337,0
94,54,281.615,1,0.009041295,0
279,61,281.88,1,0.008796874,0
331,70,282.183,1,0.010307765,0
335,71,282.21,1,0.010233903,0
36,78,282.46,1,0.016255258,0
212,83,282.65,1,0.048349429,0
176,84,282.694,1,0.063414060,0
181,86,282.742,1,0.092063926,0
207,86,282.754,1,0.047831826,0
181,87,282.781,1,0.092706338,0
120,93,282.983,1,0.044772457,0
186,95,283.06,1,0.009665039,0
17,99,283.222,1,0.009676917,0
307,101,283.274,1,0.008749775,0
223,101,283.274,1,0.008963333,0
269,104,283.383,1,0.009621971,0
75,107,283.487,1,0.010595869,0
280,115,283.784,1,0.009937253,0
250,117,283.852,1,0.009633115,0
288,119,283.915,1,0.009373522,0
247,120,283.965,1,0.008890094,0
220,124,284.091,1,0.009429170,0
153,133,284.403,1,0.012623582,0
297,133,284.421,1,0.008406695,0
39,135,284.472,1,0.008660898,0
7,139,284.621,1,0.008844503,0
204,80,284.654,1,0.008998473,0
120,142,284.719,1,0.010204830,0
74,143,284.76,1,0.009344221,0
236,90,284.999,0,0.682189941,0
44,152,285.067,1,0.008987710,0
297,158,285.285,1,0.008698184,0
34,159,285.332,1,0.008460006,0
264,166,285.558,1,0.008576723,0
50,166,285.591,1,0.009354352,0
191,173,285.814,1,0.009868713,0
104,180,286.058,1,0.037348781,0
320,180,286.074,1,0.010856460,0
103,181,286.095,1,0.016083786,0
56,182,286.133,1,0.013926116,0
102,184,286.207,1,0.014375417,0
84,188,286.36,1,0.014102238,0
87,200,286.779,1,0.013906300,0
111,213,287.221,1,0.009497602,0
204,228,287.771,1,0.007307598,0
185,252,288.616,1,0.008844876,0
26,3,289.36,1,0.009336319,0
293,6,289.464,1,0.007906300,0
147,10,289.613,1,0.009496969,0
242,12,289.677,1,0.006999141,0
255,13,289.719,1,0.007140700,0
246,14,289.76,1,0.009440012,0
246,15,289.782,1,0.009828338,0
234,16,289.843,1,0.006793435,0
78,19,289.923,1,0.009836072,0
300,24,290.108,1,0.010606977,0
202,24,290.108,1,0.011073413,0
336,24,290.109,1,0.010214352,0
191,27,290.206,1,0.013845316,0
299,28,290.259,1,0.010623148,0
303,29,290.28,1,0.010592330,0
162,30,290.319,1,0.045993231,0
273,35,290.496,1,0.011028045,0
120,37,290.559,1,0.049145132,0
210,39,290.634,1,0.014114383,0
234,40,290.668,1,0.011829096,0
212,40,290.668,1,0.014101310,0
15,43,290.786,1,0.019174352,0
47,44,290.821,1,0.023527443,0
47,45,290.841,1,0.039868288,0
238,47,290.911,1,0.013198193,0
158,48,290.972,1,0.048345689,0
223,54,291.158,1,0.009498697,0
216,56,291.237,1,0.007805335,0
133,56,291.256,1,0.008537329,0
216,59,291.339,1,0.007321337,0
201,63,291.478,1,0.008676391,0
132,64,291.517,1,0.009179953,0
143,66,291.586,1,0.009031129,0
6,76,291.938,1,0.009800179,0
66,96,292.638,1,0.010439327,0
186,99,292.748,1,0.009493525,0
112,108,293.073,1,0.012690394,0
77,110,293.136,1,0.010183808,0
183,120,293.486,1,0.006118474,0
299,139,294.162,1,0.012129782,0
143,143,294.298,1,0.023728140,0
318,159,294.867,1,0.011215433,0
96,162,294.969,1,0.014680895,0
255,165,295.085,1,0.008923163,0
133,188,295.889,1,0.009160369,0
237,191,295.999,1,0.008196987,0
311,197,296.218,1,0.007604185,0
98,212,296.745,1,0.010450298,0
313,213,296.769,1,0.007252200,0
235,89,296.875,0,0.686971068,0
235,90,317.465,1,0.731947541,0
134,6,319.927,1,0.009303370,0
56,15,320.247,1,0.009697371,0
197,23,320.526,1,0.007892869,0
176,31,320.798,1,0.009913998,0
31,52,321.569,1,0.006752274,0
154,58,321.767,1,0.008969774,0
281,72,322.247,1,0.012200257,0
250,76,322.393,1,0.030129533,0
330,80,322.534,1,0.010267701,0
237,91,322.915,1,0.044503689,0
32,48,322.969,1,0.024634939,0
224,95,323.071,1,0.009379050,0
68,107,323.492,1,0.010198373,0
285,113,323.696,1,0.008142701,0
288,116,323.812,1,0.009000621,0
106,120,323.946,1,0.010777535,0
279,122,324.009,1,0.009188830,0
295,123,324.056,1,0.008549592,0
78,126,324.177,1,0.009705181,0
276,127,324.191,1,0.010296151,0
330,133,324.403,1,0.007803150,0
7,133,324.416,1,0.008207053,0
327,134,324.449,1,0.007916229,0
231,142,324.728,1,0.008841679,0
128,143,324.77,1,0.010331293,0
227,144,324.782,1,0.009013781,0
257,148,324.938,1,0.009454925,0
301,150,325.013,1,0.008473913,0
315,158,325.276,1,0.008169988,0
194,159,325.322,1,0.011017056,0
76,197,326.652,1,0.013848987,0
45,206,326.978,1,0.013330521,0
125,231,327.813,1,0.009787119,0
202,231,327.882,1,0.008019205,0
8,252,328.612,1,0.008604981,0
328,6,329.478,1,0.007450121,0
127,13,329.732,1,0.009413226,0
141,21,330.0,1,0.044463329,0
274,24,330.107,1,0.010692083,0
264,30,330.327,1,0.010726461,0
4,32,330.387,1,0.026861340,0
168,38,330.595,1,0.048244569,0
147,42,330.738,1,0.057512622,0
147,44,330.81,1,0.062287979,0
14,53,331.149,1,0.011366536,0
49,70,331.726,1,0.012238503,0
183,72,331.793,1,0.009310237,0
49,72,331.805,1,0.015426210,0
182,75,331.9,1,0.009307137,0
28,82,332.149,1,0.009969291,0
27,86,332.295,1,0.009577037,0
232,92,332.5,1,0.845151544,0
162,93,332.534,1,0.008792604,0
57,93,332.544,1,0.009755704,0
60,94,332.594,1,0.010135879,0
165,95,332.608,1,0.005057524,0
167,96,332.64,1,0.013549511,0
168,96,332.656,1,0.015312191,0
228,102,332.864,1,0.009504086,0
184,104,332.922,1,0.010366699,0
305,107,333.029,1,0.008246367,0
311,109,333.118,1,0.008036828,0
95,110,333.149,1,0.011214086,0
109,111,333.172,1,0.012161798,0
80,118,333.426,1,0.009898718,0
143,121,333.535,1,0.012939746,0
63,123,333.598,1,0.009167902,0
41,125,333.665,1,0.008771075,0
167,125,333.677,1,0.016634827,0
44,126,333.699,1,0.009447278,0
282,135,334.024,1,0.013985288,0
296,138,334.128,1,0.012286075,0
135,144,334.333,1,0.019998843,0
196,144,334.346,1,0.022464681,0
196,146,334.409,1,0.027895467,0
319,148,334.481,1,0.011226693,0
323,151,334.603,1,0.011039674,0
301,164,335.045,1,0.008344360,0
129,167,335.151,1,0.009364994,0
169,168,335.184,1,0.010552302,0
204,174,335.39,1,0.009832540,0
311,195,336.138,1,0.007559724,0
8,213,336.779,1,0.008217558,0
20,253,338.196,1,0.012476608,0
240,254,338.213,1,0.012391608,0
73,51,338.637,1,0.047424223,0
102,3,359.816,1,0.009514919,0
206,14,360.218,1,0.007105448,0
202,15,360.241,1,0.007403669,0
234,88,360.35,0,0.676596761,0
244,30,360.771,1,0.007366680,0
296,36,361.001,1,0.007590692,0
24,52,361.537,1,0.010329401,0
119,53,361.577,1,0.019626968,0
118,53,361.584,1,0.007483375,0
48,53,361.601,1,0.007830652,0
28,54,361.614,1,0.010570498,0
124,54,361.633,1,0.009390891,0
136,59,361.806,1,0.009558970,0
137,62,361.921,1,0.009827578,0
120,63,361.934,1,0.009127422,0
162,64,361.968,1,0.009152227,0
72,69,362.142,1,0.025098633,0
91,72,362.25,1,0.035198137,0
168,80,362.526,1,0.062825188,0
72,84,362.677,1,0.020148035,0
39,93,363.001,1,0.009728719,0
291,94,363.04,1,0.008760932,0
256,104,363.384,1,0.009393344,0
260,106,363.46,1,0.010677641,0
48,107,363.483,1,0.009804812,0
264,108,363.521,1,0.011014546,0
126,128,364.23,1,0.011927052,0
224,132,364.374,1,0.009471633,0
76,148,364.945,1,0.009047573,0
75,160,365.355,1,0.008736415,0
49,162,365.426,1,0.008776383,0
78,163,365.46,1,0.007363323,0
258,170,365.709,1,0.008311246,0
32,207,367.028,1,0.008480338,0
200,224,367.605,1,0.007247954,0
235,234,367.961,1,0.003829821,0
236,255,368.728,1,0.005331849,0
264,256,368.739,1,0.005692278,0
268,257,368.776,1,0.005925421,0
112,3,369.364,1,0.009713741,0
173,4,369.398,1,0.009130317,0
11,5,369.44,1,0.006880473,0
234,87,369.442,0,0.434654981,0
9,7,369.503,1,0.007055379,0
112,8,369.542,1,0.009531894,0
199,20,369.967,1,0.008018075,0
28,25,370.148,1,0.047624961,0
56,29,370.299,1,0.049226891,0
162,32,370.384,1,0.046876706,0
227,36,370.522,1,0.011425856,0
239,36,370.535,1,0.010974302,0
272,40,370.671,1,0.011117216,0
122,52,371.086,1,0.008916995,0
212,56,371.235,1,0.009189247,0
152,60,371.378,1,0.009212907,0
157,61,371.418,1,0.008950013,0
231,63,371.492,1,0.009131356,0
73,77,371.974,1,0.010026990,0
78,78,372.032,1,0.009432778,0
66,80,372.091,1,0.011800798,0
245,86,372.291,1,0.009169657,0
282,87,372.329,1,0.009478275,0
256,88,372.36,1,0.009071027,0
311,88,372.372,1,0.007697130,0
235,90,372.433,1,0.832231641,0
207,91,372.467,1,0.006914950,0
209,93,372.545,1,0.007416161,0
215,95,372.603,1,0.008591466,0
242,96,372.638,1,0.009246566,0
20,98,372.713,1,0.009379538,0
31,101,372.82,1,0.009320429,0
15,103,372.898,1,0.008969138,0
281,114,373.28,1,0.009959792,0
252,126,373.698,1,0.011430536,0
198,129,373.809,1,0.010043181,0
224,134,373.983,1,0.009587522,0
231,136,374.055,1,0.033482257,0
225,139,374.162,1,0.026829930,0
227,141,374.224,1,0.021500887,0
160,150,374.552,1,0.028395163,0
277,183,375.709,1,0.008050659,0
186,188,375.887,1,0.009515399,0
89,191,375.994,1,0.009435697,0
127,191,376.004,1,0.008817278,0
262,195,376.144,1,0.008539869,0
328,201,376.346,1,0.007486772,0
75,204,376.449,1,0.008271305,0
118,208,376.609,1,0.010403689,0
191,210,376.662,1,0.008541520,0
198,213,376.774,1,0.009134432,0
144,220,377.012,1,0.009829100,0
102,221,377.067,1,0.008471461,0
236,89,378.699,1,0.044518910,0
310,4,399.852,1,0.007110880,0
271,15,400.237,1,0.005617745,0
268,15,400.252,1,0.006470993,0
55,22,400.489,1,0.008899418,0
293,24,400.562,1,0.007470735,0
179,29,400.734,1,0.008725693,0
139,39,401.096,1,0.008976050,0
238,41,401.172,1,0.008333555,0
27,48,401.406,1,0.005193631,0
24,52,401.539,1,0.012326065,0
208,67,402.078,1,0.047711167,0
63,78,402.47,1,0.019338055,0
240,80,402.532,1,0.044461314,0
162,86,402.762,1,0.071613722,0
120,89,402.857,1,0.043303944,0
78,92,402.96,1,0.020946192,0
202,93,402.984,1,0.048338778,0
314,103,403.342,1,0.007872493,0
268,104,403.378,1,0.009683834,0
170,104,403.399,1,0.005443344,0
167,109,403.556,1,0.005839033,0
152,110,403.587,1,0.018244619,0
55,111,403.621,1,0.009929379,0
117,112,403.661,1,0.012248126,0
90,112,403.671,1,0.010386663,0
111,113,403.716,1,0.012304332,0
277,114,403.741,1,0.009887943,0
210,116,403.823,1,0.009109654,0
136,118,403.869,1,0.012652852,0
64,123,404.061,1,0.009450737,0
11,126,404.152,1,0.008386157,0
57,127,404.192,1,0.008843656,0
51,130,404.312,1,0.008780935,0
217,132,404.365,1,0.009397370,0
30,134,404.429,1,0.008703279,0
255,141,404.693,1,0.009063534,0
262,142,404.722,1,0.009086492,0
320,142,404.729,1,0.007918360,0
194,144,404.809,1,0.004771858,0
90,150,405.008,1,0.009369631,0
335,151,405.031,1,0.007728078,0
91,152,405.08,1,0.009606326,0
209,154,405.146,1,0.003493692,0
315,159,405.319,1,0.008088510,0
35,173,405.81,1,0.008359667,0
116,173,405.829,1,0.008745987,0
205,178,405.994,1,0.009278238,0
339,182,406.13,1,0.011064216,0
341,184,406.212,1,0.007402937,0
44,185,406.24,1,0.013712809,0
90,192,406.496,1,0.014093039,0
174,199,406.741,1,0.015400470,0
64,206,406.998,1,0.013544057,0
112,207,407.018,1,0.009358481,0
127,220,407.48,1,0.006277789,0
127,224,407.613,1,0.006847983,0
183,224,407.632,1,0.008712652,0
181,230,407.817,1,0.011805580,0
70,231,407.862,1,0.008586768,0
338,2,409.329,1,0.007332636,0
184,15,409.798,1,0.008671037,0
136,32,410.381,1,0.047404163,0
169,38,410.595,1,0.048302382,0
233,54,411.157,1,0.011353641,0
239,64,411.526,1,0.010355781,0
321,69,411.687,1,0.007654074,0
32,48,411.799,1,0.004099695,0
219,76,411.938,1,0.009122103,0
100,79,412.043,1,0.004831381,0
221,80,412.081,1,0.008927755,0
205,84,412.217,1,0.008535348,0
282,84,412.23,1,0.009095023,0
273,85,412.266,1,0.008942952,0
246,97,412.684,1,0.009787184,0
329,103,412.891,1,0.007307432,0
258,106,412.995,1,0.009474412,0
57,106,413.015,1,0.007238570,0
56,107,413.029,1,0.006983953,0
254,111,413.173,1,0.009383969,0
56,112,413.207,1,0.010971223,0
64,114,413.277,1,0.009761842,0
135,124,413.643,1,0.013388489,0
342,126,413.709,1,0.007332873,0
290,130,413.84,1,0.009408029,0
185,130,413.84,1,0.005999118,0
66,132,413.917,1,0.010292167,0
124,133,413.953,1,0.012112321,0
104,149,414.518,1,0.015203929,0
231,166,415.114,1,0.010218348,0
345,168,415.204,1,0.007622870,0
39,176,415.459,1,0.008311724,0
132,176,415.477,1,0.009518870,0
98,200,416.308,1,0.008685210,0
236,86,417.142,0,0.419849455,0
243,237,417.611,1,0.006254955,0
80,240,417.722,1,0.008460359,0
77,256,418.279,0,0.291942865,0
128,4,439.846,1,0.009452742,0
234,86,440.468,0,0.936944783,1
328,29,440.738,1,0.007467681,0
223,32,440.834,1,0.007710434,0
139,47,441.374,1,0.008889851,0
24,52,441.55,1,0.014339389,0
29,53,441.599,1,0.008954180,0
27,61,441.872,1,0.011564362,0
112,64,441.97,1,0.009204241,0
224,71,442.221,1,0.047528487,0
276,72,442.253,1,0.012831889,0
102,79,442.507,1,0.048709117,0
129,83,442.633,1,0.055431489,0
1,86,442.759,1,0.014327614,0
234,88,442.815,1,0.767247677,0
80,90,442.888,1,0.022054611,0
237,93,442.989,1,0.044500466,0
86,94,443.029,1,0.012097953,0
192,95,443.055,1,0.009217070,0
233,96,443.091,1,0.009198417,0
103,100,443.24,1,0.010690277,0
99,104,443.374,1,0.009459240,0
232,104,443.384,1,0.009276796,0
305,109,443.552,1,0.008283290,0
204,119,443.911,1,0.009042591,0
1,125,444.113,1,0.008208086,0
96,126,444.152,1,0.009978830,0
258,142,444.72,1,0.009765700,0
103,143,444.773,1,0.009331755,0
257,144,444.809,1,0.009575902,0
167,147,444.905,1,0.012042808,0
177,152,445.07,1,0.012495534,0
151,158,445.304,1,0.010322032,0
210,163,445.458,1,0.004205456,0
215,168,445.636,1,0.003743380,0
37,172,445.772,1,0.008480882,0
24,178,445.996,1,0.008813808,0
144,182,446.142,1,0.014845666,0
163,184,446.192,1,0.016163683,0
239,191,446.45,1,0.014078088,0
101,198,446.694,1,0.014115830,0
115,207,447.028,1,0.009200132,0
225,216,447.323,1,0.004625051,0
63,232,447.892,1,0.007888819,0
155,250,448.545,1,0.008136284,0
162,254,448.672,1,0.008302058,0
224,255,448.701,1,0.004971927,0
108,3,449.36,1,0.009867120,0
221,4,449.399,1,0.006635507,0
182,4,449.412,1,0.008037053,0
169,16,449.821,1,0.006995652,0
242,17,449.853,1,0.006899213,0
171,18,449.89,1,0.007495334,0
173,18,449.897,1,0.007910124,0
152,20,449.965,1,0.009708780,0
176,20,449.984,1,0.010880434,0
254,21,450.003,1,0.010460041,0
303,22,450.03,1,0.010569067,0
144,23,450.075,1,0.044491723,0
63,24,450.107,1,0.048499215,0
313,28,450.247,1,0.010498658,0
238,31,450.36,1,0.010602005,0
286,34,450.465,1,0.010884793,0
257,36,450.535,1,0.010779533,0
143,39,450.631,1,0.049199447,0
107,52,451.088,1,0.008556005,0
283,55,451.195,1,0.007929587,0
16,56,451.231,1,0.011280094,0
47,59,451.337,1,0.005470401,0
167,62,451.449,1,0.008857354,0
110,62,451.465,1,0.009172018,0
137,63,451.476,1,0.009035825,0
272,63,451.484,1,0.008716244,0
146,64,451.514,1,0.009090894,0
232,77,451.973,1,0.009609470,0
108,78,452.021,1,0.005485990,0
262,84,452.222,1,0.011460560,0
16,84,452.237,1,0.009945495,0
160,85,452.254,1,0.010759547,0
339,86,452.305,1,0.006814760,0
153,88,452.37,1,0.010243742,0
334,91,452.462,1,0.007083116,0
6,92,452.504,1,0.009305963,0
84,103,452.888,1,0.011302158,0
129,105,452.968,1,0.014884898,0
130,110,453.14,1,0.014076552,0
214,125,453.669,1,0.010547115,0
215,127,453.752,1,0.009882594,0
156,128,453.775,1,0.013436596,0
154,131,453.903,1,0.012422241,0
235,87,453.919,1,0.918897212,1
127,134,453.981,1,0.011077419,0
303,140,454.192,1,0.011977603,0
191,143,454.3,1,0.024008758,0
259,149,454.512,1,0.013606327,0
249,159,454.872,1,0.013828899,0
126,160,454.929,1,0.015181996,0
120,167,455.154,1,0.009386306,0
159,173,455.371,1,0.010809140,0
207,176,455.465,1,0.007617377,0
199,177,455.502,1,0.008769355,0
256,192,456.046,1,0.008475864,0
232,196,456.17,1,0.007357874,0
40,206,456.529,1,0.010451589,0
23,208,456.62,1,0.008233309,0
23,215,456.846,1,0.008057737,0
134,218,456.96,1,0.009130118,0
177,229,457.346,1,0.008783533,0
159,235,457.561,1,0.008586057,0
7,245,457.896,1,0.008008228,0
255,253,458.192,1,0.007461501,0
202,258,458.356,1,0.010670668,0
233,86,469.173,0,0.930486023,1
156,8,479.994,1,0.009825480,0
234,85,480.336,0,0.976480246,1
43,40,481.125,1,0.009258106,0
345,48,481.412,1,0.007279657,0
288,51,481.524,1,0.007777732,0
49,62,481.908,1,0.007937190,0
126,63,481.947,1,0.009020258,0
268,74,482.32,1,0.014606469,0
305,86,482.755,1,0.011356890,0
239,91,482.928,1,0.044480775,0
114,94,483.021,1,0.015243697,0
121,104,483.375,1,0.016304001,0
8,104,483.393,1,0.009506986,0
120,107,483.483,1,0.013694223,0
131,118,483.89,1,0.012609028,0
291,119,483.907,1,0.009149918,0
76,120,483.938,1,0.010051895,0
71,123,484.053,1,0.009413580,0
215,128,484.231,1,0.009221477,0
40,139,484.621,1,0.009351294,0
27,144,484.798,1,0.008355055,0
112,167,485.613,1,0.009116750,0
104,172,485.772,1,0.009883038,0
63,172,485.782,1,0.009204807,0
95,175,485.876,1,0.008651536,0
123,182,486.13,1,0.014515681,0
201,188,486.334,1,0.011459966,0
328,197,486.653,1,0.010562452,0
159,200,486.781,1,0.014754392,0
72,206,486.971,1,0.013635437,0
188,214,487.264,1,0.010009279,0
198,227,487.716,1,0.008326784,0
39,232,487.895,1,0.008175265,0
84,239,488.133,1,0.008809235,0
193,240,488.171,1,0.008033351,0
329,256,488.743,1,0.006323284,0
46,6,489.487,1,0.009473736,0
277,8,489.54,1,0.008066565,0
313,15,489.789,1,0.008010701,0
1,18,489.888,1,0.009083402,0
336,18,489.91,1,0.007865852,0
342,22,490.035,1,0.010088420,0
190,22,490.042,1,0.012274807,0
116,23,490.074,1,0.044435076,0
189,24,490.114,1,0.013202300,0
105,30,490.312,1,0.046916783,0
68,32,490.408,1,0.049214877,0
292,36,490.535,1,0.010796987,0
66,37,490.572,1,0.018739378,0
67,38,490.594,1,0.043258008,0
314,39,490.631,1,0.010534224,0
254,39,490.638,1,0.010874939,0
123,40,490.682,1,0.049163420,0
32,42,490.745,1,0.035726592,0
163,43,490.78,1,0.049448304,0
120,44,490.821,1,0.048157532,0
80,46,490.89,1,0.027642654,0
242,47,490.913,1,0.012727082,0
81,47,490.921,1,0.040603381,0
144,48,490.953,1,0.047717322,0
149,50,491.044,1,0.008661717,0
18,53,491.131,1,0.011659103,0
20,54,491.159,1,0.013027098,0
327,54,491.166,1,0.007218982,0
30,55,491.217,1,0.010858343,0
41,57,491.278,1,0.005808408,0
40,59,491.346,1,0.013238952,0
89,69,491.713,1,0.009114369,0
143,71,491.772,1,0.009410575,0
178,72,491.794,1,0.009207956,0
147,72,491.8,1,0.009533132,0
209,75,491.906,1,0.008611720,0
88,77,491.971,1,0.005100109,0
95,81,492.113,1,0.005339697,0
233,87,492.329,1,0.943407536,1
122,104,492.926,1,0.014280592,0
104,104,492.932,1,0.012217555,0
110,111,493.185,1,0.012296025,0
151,118,493.438,1,0.015597947,0
47,120,493.488,1,0.009298747,0
175,122,493.564,1,0.006417389,0
46,126,493.701,1,0.008843429,0
137,126,493.713,1,0.012839043,0
247,133,493.949,1,0.010810639,0
185,134,493.991,1,0.006586486,0
302,135,494.036,1,0.012058845,0
157,155,494.719,1,0.024056161,0
215,157,494.789,1,0.019689741,0
290,163,495.012,1,0.008233742,0
107,199,496.279,1,0.008530566,0
75,208,496.596,1,0.008146198,0
78,210,496.663,1,0.008316888,0
35,220,497.033,1,0.008286079,0
199,232,497.444,1,0.008323996,0
237,240,497.733,1,0.004519989,0
235,242,497.793,1,0.005025328,0
320,251,498.134,1,0.009745781,0
4,253,498.185,1,0.012494688,0
236,87,512.439,1,0.864049196,0
61,15,515.925,1,0.009213034,0
99,8,519.997,1,0.009208443,0
98,12,520.129,1,0.009427196,0
247,16,520.266,1,0.006772114,0
255,24,520.558,1,0.007310892,0
251,26,520.628,1,0.007601602,0
152,30,520.767,1,0.009285108,0
109,46,521.337,1,0.009313329,0
234,47,521.366,1,0.010080185,0
32,48,521.402,1,0.003627429,0
38,55,521.658,1,0.005694483,0
313,64,521.968,1,0.008260707,0
312,71,522.225,1,0.010601544,0
236,72,522.259,1,0.044462312,0
218,77,522.438,1,0.049393658,0
161,78,522.464,1,0.060436003,0
244,84,522.681,1,0.043176539,0
234,86,522.741,1,0.044548243,0
151,86,522.747,1,0.059954848,0
236,92,522.956,1,0.044514772,0
234,93,522.984,1,0.044540428,0
130,95,523.059,1,0.006309831,0
184,103,523.339,1,0.009956803,0
298,104,523.374,1,0.008504191,0
68,112,523.664,1,0.009646126,0
232,131,524.334,1,0.009422483,0
150,139,524.614,1,0.007699158,0
32,139,524.621,1,0.008737757,0
199,141,524.684,1,0.004069373,0
150,142,524.719,1,0.008279562,0
201,142,524.724,1,0.005944830,0
136,143,524.754,1,0.010736261,0
204,144,524.794,1,0.009370127,0
214,145,524.822,1,0.009140356,0
206,145,524.829,1,0.009020109,0
181,146,524.876,1,0.012400311,0
147,150,524.995,1,0.010420825,0
104,150,525.002,1,0.009678847,0
180,155,525.179,1,0.012030475,0
85,157,525.255,1,0.008857236,0
2,160,525.349,1,0.008511847,0
47,173,525.812,1,0.008415540,0
328,180,526.07,1,0.010747180,0
327,184,526.194,1,0.010698976,0
119,186,526.267,1,0.014443921,0
112,188,526.334,1,0.014438730,0
184,191,526.448,1,0.013979851,0
285,192,526.48,1,0.010801357,0
166,206,526.977,1,0.014880543,0
140,216,527.33,1,0.008697128,0
98,220,527.48,1,0.008448818,0
306,224,527.611,1,0.006935001,0
104,238,528.106,1,0.008395144,0
31,240,528.182,1,0.007787040,0
306,242,528.262,1,0.006285332,0
152,245,528.372,1,0.008815295,0
98,247,528.428,1,0.008086937,0
142,257,528.793,1,0.008481220,0
87,4,529.394,1,0.009421820,0
197,6,529.472,1,0.007289122,0
59,16,529.82,1,0.007474388,0
331,18,529.897,1,0.007236589,0
57,19,529.924,1,0.009144961,0
63,20,529.981,1,0.005135076,0
251,21,530.003,1,0.023734985,0
251,22,530.032,1,0.016116206,0
271,26,530.187,1,0.010711545,0
215,32,530.38,1,0.011210671,0
268,32,530.393,1,0.010868991,0
215,36,530.527,1,0.012066431,0
151,50,530.531,1,0.047708176,0
260,37,530.559,1,0.010875395,0
298,47,530.918,1,0.010813174,0
72,48,530.976,1,0.047367435,0
127,50,531.017,1,0.008508269,0
135,53,531.13,1,0.008617210,0
192,56,531.231,1,0.009209774,0
191,59,531.337,1,0.008682964,0
195,60,531.371,1,0.008755476,0
53,61,531.408,1,0.004757204,0
120,62,531.446,1,0.009180538,0
98,70,531.727,1,0.007542768,0
138,72,531.793,1,0.009431772,0
96,72,531.802,1,0.006789138,0
93,80,532.084,1,0.005299926,0
80,81,532.119,1,0.014344147,0
81,84,532.217,1,0.013171671,0
80,87,532.332,1,0.012594800,0
206,90,532.43,1,0.008710166,0
115,95,532.608,1,0.012591865,0
55,106,532.994,1,0.009763118,0
247,109,533.097,1,0.009598994,0
279,110,533.138,1,0.010182087,0
88,112,533.214,1,0.010516272,0
22,115,533.311,1,0.008764014,0
305,123,533.592,1,0.008428207,0
72,124,533.638,1,0.009721913,0
192,126,533.705,1,0.005268219,0
74,127,533.742,1,0.009265601,0
285,128,533.775,1,0.009853047,0
262,135,534.016,1,0.021296740,0
326,139,534.157,1,0.010978039,0
160,147,534.442,1,0.030840587,0
295,158,534.849,1,0.011830455,0
314,199,536.224,1,0.007596614,0
155,204,536.466,1,0.008883090,0
45,216,536.894,1,0.008008046,0
258,223,537.138,1,0.010327963,0
257,224,537.173,1,0.005824036,0
119,229,537.359,1,0.008419524,0
24,240,537.742,1,0.008659122,0
32,48,548.959,1,0.007075535,0
235,86,549.415,1,0.931424558,1
149,2,559.788,1,0.011594072,0
48,15,560.242,1,0.009419879,0
129,24,560.567,1,0.009433848,0
294,29,560.745,1,0.007633457,0
50,36,560.981,1,0.009040458,0
37,36,561.002,1,0.009106453,0
55,37,561.02,1,0.008969884,0
99,46,561.341,1,0.008890947,0
263,48,561.41,1,0.008400242,0
114,53,561.58,1,0.008972809,0
8,54,561.61,1,0.010774586,0
204,67,562.089,1,0.048113190,0
233,72,562.252,1,0.054444715,0
232,72,562.272,1,0.049996354,0
238,73,562.278,1,0.043041091,0
127,91,562.927,1,0.050158955,0
175,94,563.05,1,0.008905292,0
32,48,563.145,1,0.004346222,0
308,105,563.406,1,0.008115197,0
40,110,563.586,1,0.009353539,0
271,111,563.635,1,0.009377734,0
327,118,563.875,1,0.007780425,0
45,119,563.903,1,0.009166205,0
213,120,563.965,1,0.009135680,0
207,122,564.013,1,0.008746686,0
80,122,564.028,1,0.009706184,0
281,123,564.057,1,0.009120964,0
56,126,564.169,1,0.009091737,0
128,128,564.228,1,0.012582141,0
241,142,564.717,1,0.019956697,0
242,142,564.731,1,0.020062791,0
133,147,564.902,1,0.009693538,0
7,150,565.005,1,0.008243828,0
313,151,565.034,1,0.008244402,0
286,152,565.067,1,0.008498304,0
312,154,565.144,1,0.008694957,0
315,158,565.277,1,0.007830728,0
25,159,565.335,1,0.008389898,0
150,162,565.44,1,0.010163746,0
71,165,565.554,1,0.014087375,0
71,166,565.565,1,0.007536505,0
339,173,565.814,1,0.007656511,0
233,85,565.87,1,0.834300518,0
41,180,566.059,1,0.013749245,0
98,181,566.097,1,0.014363502,0
62,184,566.219,1,0.013970534,0
168,188,566.347,1,0.016124405,0
139,194,566.561,1,0.014542740,0
88,206,566.969,1,0.013814210,0
199,214,567.261,1,0.007565174,0
41,216,567.327,1,0.008088322,0
66,223,567.596,1,0.011181520,0
40,229,567.806,1,0.010747040,0
39,231,567.87,1,0.010435057,0
200,5,569.433,1,0.006931781,0
282,6,569.466,1,0.007468871,0
59,9,569.57,1,0.009358016,0
196,19,569.938,1,0.007713164,0
92,22,570.03,1,0.044381723,0
67,23,570.081,1,0.047634870,0
124,27,570.209,1,0.044671915,0
336,28,570.264,1,0.010212650,0
187,30,570.319,1,0.057001848,0
184,30,570.331,1,0.038467955,0
237,31,570.369,1,0.010600734,0
128,32,570.394,1,0.034550954,0
127,33,570.419,1,0.035427772,0
69,34,570.462,1,0.048982672,0
233,83,570.511,0,0.969243646,1
337,36,570.525,1,0.010204805,0
23,39,570.64,1,0.033254657,0
287,45,570.847,1,0.010968858,0
231,54,571.162,1,0.009714672,0
118,54,571.171,1,0.008918107,0
227,55,571.196,1,0.009124335,0
101,59,571.336,1,0.008670479,0
246,63,571.478,1,0.011110864,0
323,64,571.509,1,0.006558021,0
326,67,571.616,1,0.007049656,0
278,69,571.698,1,0.008533136,0
39,72,571.794,1,0.006935984,0
221,72,571.804,1,0.008873777,0
6,72,571.816,1,0.009434783,0
38,73,571.84,1,0.007386983,0
206,80,572.082,1,0.008681655,0
235,85,572.255,1,0.969950616,1
236,86,572.287,1,0.995716512,1
236,83,572.575,0,0.947602868,1
124,94,572.576,1,0.006219990,0
0,96,572.646,1,0.009117961,0
299,103,572.914,1,0.008353942,0
250,104,572.921,1,0.009160638,0
27,107,573.038,1,0.009232236,0
249,109,573.102,1,0.006288338,0
250,110,573.133,1,0.006015253,0
69,119,573.454,1,0.009332562,0
336,119,573.467,1,0.007415564,0
199,122,573.557,1,0.009154334,0
304,122,573.578,1,0.008229342,0
195,124,573.636,1,0.009648335,0
59,128,573.785,1,0.009224389,0
63,130,573.837,1,0.009378891,0
268,134,573.985,1,0.009810354,0
70,136,574.055,1,0.014871248,0
186,148,574.474,1,0.028048905,0
231,176,575.462,1,0.009534302,0
41,185,575.785,1,0.008781587,0
71,196,576.171,1,0.008209833,0
230,200,576.311,1,0.005840722,0
91,202,576.38,1,0.008309670,0
95,206,576.534,1,0.007522544,0
82,207,576.564,1,0.008316286,0
152,246,577.941,1,0.008731246,0
234,248,578.023,1,0.004734371,0
49,254,578.217,1,0.012572535,0
261,255,578.248,1,0.007668566,0
235,83,583.646,0,0.897140682,0
32,48,597.879,1,0.003642815,0
287,3,599.812,1,0.007310290,0
31,4,599.863,1,0.009160905,0
202,15,600.235,1,0.007364320,0
165,18,600.35,1,0.009053570,0
29,23,600.515,1,0.008653470,0
15,23,600.518,1,0.008565409,0
242,26,600.639,1,0.007013360,0
244,27,600.657,1,0.007477803,0
280,28,600.702,1,0.006758656,0
278,30,600.785,1,0.007221142,0
181,37,601.019,1,0.009582828,0
103,44,601.269,1,0.009534105,0
100,47,601.37,1,0.009024083,0
152,59,601.81,1,0.009061839,0
161,62,601.897,1,0.009686721,0
89,64,601.974,1,0.009333668,0
309,68,602.109,1,0.010630879,0
138,70,602.183,1,0.051622782,0
24,78,602.464,1,0.015288957,0
291,79,602.516,1,0.011873803,0
136,83,602.642,1,0.053386990,0
66,92,602.95,1,0.017884759,0
69,95,603.07,1,0.015558767,0
69,96,603.091,1,0.010571980,0
66,96,603.102,1,0.015581680,0
276,101,603.289,1,0.010061326,0
105,104,603.374,1,0.012784969,0
285,107,603.499,1,0.009492274,0
270,107,603.499,1,0.009653147,0
73,109,603.554,1,0.010276655,0
193,109,603.567,1,0.009036559,0
264,112,603.656,1,0.010860977,0
169,112,603.668,1,0.006397274,0
267,114,603.731,1,0.009752743,0
91,115,603.764,1,0.010541349,0
170,119,603.909,1,0.008480807,0
157,120,603.943,1,0.015570633,0
52,123,604.058,1,0.009451728,0
129,124,604.08,1,0.012555734,0
183,124,604.089,1,0.005401901,0
115,127,604.212,1,0.010659840,0
210,128,604.231,1,0.009378315,0
271,128,604.24,1,0.009790323,0
215,131,604.339,1,0.009471262,0
211,134,604.438,1,0.009135430,0
138,134,604.438,1,0.012224843,0
154,135,604.472,1,0.013477212,0
335,136,604.513,1,0.007530070,0
109,140,604.656,1,0.009628417,0
32,141,604.705,1,0.009282574,0
332,142,604.723,1,0.007764903,0
3,144,604.79,1,0.008202277,0
141,148,604.948,1,0.010346743,0
151,150,605.023,1,0.007249403,0
150,151,605.04,1,0.008896353,0
45,152,605.063,1,0.009112771,0
80,152,605.072,1,0.009900901,0
44,152,605.073,1,0.006952086,0
341,161,605.393,1,0.007780172,0
291,162,605.427,1,0.008849747,0
226,164,605.501,1,0.009032811,0
223,167,605.601,1,0.007882899,0
219,168,605.633,1,0.008872907,0
134,171,605.762,1,0.009060486,0
28,176,605.921,1,0.009125448,0
24,180,606.077,1,0.013476522,0
296,182,606.129,1,0.011028471,0
317,182,606.138,1,0.010879075,0
93,190,606.409,1,0.014167404,0
68,191,606.447,1,0.013898385,0
110,192,606.485,1,0.014339389,0
106,193,606.52,1,0.014264110,0
128,196,606.626,1,0.014351787,0
77,198,606.704,1,0.013856714,0
110,206,606.981,1,0.014070001,0
58,212,607.194,1,0.008226884,0
181,214,607.261,1,0.009579266,0
177,216,607.331,1,0.008956215,0
162,222,607.535,1,0.008921155,0
9,240,608.182,1,0.007958381,0
28,254,608.682,1,0.008222052,0
79,255,608.698,1,0.007936597,0
42,4,609.419,1,0.009550436,0
253,9,609.576,1,0.007196227,0
4,13,609.715,1,0.009231774,0
221,15,609.797,1,0.006910530,0
159,20,609.966,1,0.009752788,0
83,21,609.999,1,0.009388575,0
136,21,610.011,1,0.044460949,0
138,24,610.103,1,0.010781109,0
231,24,610.115,1,0.010244791,0
137,25,610.139,1,0.020874906,0
138,26,610.187,1,0.020681657,0
72,28,610.25,1,0.049065083,0
95,32,610.388,1,0.049035266,0
287,44,610.815,1,0.010953785,0
52,46,610.877,1,0.043285873,0
151,46,610.886,1,0.048442826,0
32,48,610.946,1,0.028989635,0
326,52,611.098,1,0.007193319,0
146,61,611.415,1,0.009043514,0
18,64,611.526,1,0.010636622,0
98,72,611.794,1,0.009149577,0
150,77,611.984,1,0.010134717,0
288,78,612.006,1,0.008710593,0
257,80,612.101,1,0.007139939,0
57,81,612.111,1,0.011037482,0
256,81,612.129,1,0.009474671,0
234,85,612.254,1,0.934500694,1
239,87,612.343,1,0.016724499,0
18,104,612.925,1,0.009666801,0
17,106,612.998,1,0.009005067,0
198,108,613.067,1,0.009018805,0
41,109,613.111,1,0.009391618,0
255,111,613.174,1,0.008857639,0
283,112,613.206,1,0.010019354,0
249,112,613.22,1,0.009362539,0
29,123,613.616,1,0.008950545,0
126,133,613.952,1,0.010885552,0
234,142,614.272,1,0.025574096,0
169,144,614.357,1,0.035486616,0
259,176,615.473,1,0.008622519,0
93,186,615.836,1,0.008685222,0
39,189,615.931,1,0.010640914,0
74,200,616.323,1,0.011383786,0
151,208,616.592,1,0.008946630,0
249,232,617.436,1,0.005688895,0
37,243,617.825,1,0.008119280,0
14,250,618.081,1,0.012499342,0
234,82,619.542,0,0.888978779,0
157,4,639.855,1,0.009967620,0
165,4,639.873,1,0.009286210,0
72,22,640.509,1,0.009185931,0
301,47,641.365,1,0.007775001,0
48,50,641.474,1,0.008966264,0
18,55,641.648,1,0.011058463,0
207,61,641.854,1,0.008901201,0
202,63,641.936,1,0.009182065,0
74,69,642.146,1,0.030862972,0
103,72,642.25,1,0.041839272,0
342,72,642.257,1,0.010072156,0
32,75,642.35,1,0.016376136,0
112,78,642.459,1,0.045461640,0
227,78,642.479,1,0.046626884,0
199,85,642.732,1,0.049029607,0
242,96,643.091,1,0.009418990,0
56,96,643.102,1,0.010019916,0
24,52,643.215,1,0.009928143,0
300,101,643.285,1,0.008441036,0
241,106,643.449,1,0.009255023,0
287,107,643.508,1,0.009190937,0
79,117,643.839,1,0.009747190,0
61,124,644.085,1,0.009207934,0
15,129,644.257,1,0.008362079,0
25,132,644.373,1,0.008497925,0
212,133,644.413,1,0.009564750,0
30,134,644.436,1,0.008650079,0
312,140,644.644,1,0.008234863,0
110,143,644.769,1,0.009639860,0
197,149,644.965,1,0.004468594,0
278,157,645.249,1,0.008509002,0
184,161,645.382,1,0.011412871,0
242,166,645.567,1,0.009892766,0
112,189,646.38,1,0.014402019,0
325,199,646.754,1,0.021113092,0
324,200,646.766,1,0.015822981,0
30,203,646.865,1,0.013244858,0
183,224,647.607,1,0.010634700,0
60,224,647.617,1,0.008426341,0
28,224,647.631,1,0.008250744,0
211,229,647.792,1,0.007796725,0
162,232,647.898,1,0.008798167,0
125,232,647.899,1,0.008548358,0
4,236,648.042,1,0.010090787,0
94,252,648.603,1,0.014001929,0
76,255,648.707,1,0.010097696,0
108,256,648.742,1,0.009111037,0
295,259,648.841,1,0.006514653,0
79,5,649.456,1,0.009637265,0
216,7,649.502,1,0.006845966,0
121,7,649.51,1,0.009515246,0
31,8,649.539,1,0.009563776,0
63,16,649.825,1,0.009762105,0
200,18,649.9,1,0.007121881,0
208,19,649.924,1,0.007003494,0
55,20,649.96,1,0.009558911,0
263,21,650.016,1,0.010565787,0
58,22,650.036,1,0.047969077,0
161,24,650.101,1,0.044511266,0
158,28,650.256,1,0.045821410,0
0,28,650.271,1,0.033096988,0
316,29,650.288,1,0.010461571,0
211,31,650.356,1,0.011349241,0
165,32,650.396,1,0.046053812,0
163,37,650.562,1,0.048138056,0
84,39,650.64,1,0.032127265,0
120,40,650.664,1,0.049045555,0
85,40,650.691,1,0.032410789,0
80,44,650.805,1,0.048108649,0
99,45,650.842,1,0.048270509,0
50,47,650.911,1,0.041953675,0
274,47,650.92,1,0.011153964,0
233,49,651.002,1,0.009551299,0
314,56,651.234,1,0.007276650,0
7,60,651.376,1,0.009920028,0
59,100,652.792,1,0.009871859,0
287,101,652.817,1,0.009172495,0
282,101,652.826,1,0.009933051,0
273,103,652.91,1,0.009059095,0
92,114,653.272,1,0.010746232,0
128,116,653.346,1,0.012481034,0
280,119,653.47,1,0.009990024,0
325,120,653.487,1,0.007863597,0
3,130,653.847,1,0.008453997,0
73,130,653.861,1,0.009364016,0
80,132,653.911,1,0.009729050,0
4,134,653.99,1,0.008483478,0
79,135,654.018,1,0.015155292,0
138,138,654.123,1,0.025447475,0
168,144,654.337,1,0.035346691,0
171,145,654.393,1,0.034635697,0
227,150,654.551,1,0.028280549,0
74,171,655.296,1,0.008845771,0
81,174,655.397,1,0.008557805,0
329,190,655.959,1,0.007532269,0
76,192,656.049,1,0.009008012,0
171,208,656.61,1,0.008718573,0
286,224,657.163,1,0.006872658,0
206,230,657.386,1,0.007338528,0
263,233,657.481,1,0.006636148,0
234,236,657.591,1,0.003825000,0
90,249,658.052,1,0.013109243,0
15,253,658.193,1,0.012464676,0
234,81,673.62,0,0.988693416,1
235,81,673.821,0,0.942637861,1
233,83,679.729,1,0.895705581,0
333,4,679.848,1,0.007285328,0
134,16,680.285,1,0.010273590,0
135,24,680.557,1,0.005209879,0
135,25,680.594,1,0.009877780,0
201,30,680.771,1,0.008515340,0
70,31,680.815,1,0.009277133,0
309,40,681.14,1,0.007804304,0
316,47,681.368,1,0.007419283,0
305,47,681.383,1,0.007796407,0
154,51,681.515,1,0.009103928,0
24,52,681.556,1,0.009236132,0
77,54,681.61,1,0.009338603,0
82,56,681.691,1,0.009082123,0
341,67,682.078,1,0.010108263,0
293,69,682.138,1,0.011454982,0
340,76,682.403,1,0.010082659,0
0,83,682.662,1,0.014086721,0
236,84,682.677,1,0.044526741,0
255,88,682.813,1,0.030680628,0
40,95,683.079,1,0.010022452,0
274,96,683.12,1,0.009382861,0
207,99,683.202,1,0.008663629,0
274,100,683.255,1,0.010038613,0
80,108,683.517,1,0.010337150,0
249,110,683.607,1,0.009221155,0
211,112,683.671,1,0.008837375,0
228,116,683.798,1,0.009400238,0
176,117,683.845,1,0.005738974,0
212,118,683.894,1,0.009198043,0
199,124,684.08,1,0.008930089,0
333,128,684.22,1,0.007468451,0
136,130,684.292,1,0.012672816,0
112,130,684.302,1,0.010589827,0
140,132,684.362,1,0.012914685,0
224,134,684.439,1,0.009414190,0
59,142,684.742,1,0.008754843,0
318,144,684.803,1,0.007825864,0
122,150,685.008,1,0.009956205,0
99,156,685.214,1,0.009162282,0
315,158,685.275,1,0.008086941,0
24,162,685.42,1,0.008962202,0
130,183,686.176,1,0.014556036,0
279,190,686.423,1,0.010943245,0
288,223,687.576,1,0.006891932,0
39,224,687.615,1,0.007898853,0
0,243,688.275,1,0.008143490,0
215,252,688.609,1,0.007305613,0
60,255,688.719,1,0.008281277,0
91,258,688.803,1,0.007831572,0
39,4,689.404,1,0.007120333,0
50,5,689.438,1,0.009461770,0
335,6,689.465,1,0.007150263,0
37,6,689.482,1,0.007259131,0
285,12,689.703,1,0.007403056,0
329,14,689.748,1,0.007249403,0
80,16,689.822,1,0.006768305,0
81,17,689.857,1,0.008388767,0
208,20,689.962,1,0.007016046,0
116,24,690.109,1,0.044434842,0
77,29,690.277,1,0.049070403,0
91,30,690.311,1,0.048562296,0
216,32,690.383,1,0.011140714,0
185,39,690.631,1,0.044534966,0
200,40,690.693,1,0.025061043,0
196,41,690.704,1,0.036478158,0
279,45,690.847,1,0.011068678,0
54,47,690.916,1,0.043500293,0
328,48,690.956,1,0.010336813,0
286,48,690.974,1,0.011003307,0
77,51,691.063,1,0.008634234,0
334,55,691.199,1,0.007006645,0
113,71,691.763,1,0.008981600,0
183,76,691.946,1,0.009295998,0
234,83,692.178,1,0.735716701,0
17,94,692.57,1,0.009421264,0
224,100,692.787,1,0.009256212,0
270,103,692.888,1,0.009710843,0
113,104,692.925,1,0.013009348,0
268,104,692.942,1,0.009901766,0
165,112,693.204,1,0.006639798,0
11,117,693.404,1,0.008631103,0
251,119,693.46,1,0.009215725,0
233,120,693.489,1,0.009532799,0
276,127,693.737,1,0.010088520,0
234,81,694.316,0,0.743259072,0
288,157,694.799,1,0.012030304,0
32,166,695.122,1,0.008573156,0
95,175,695.437,1,0.009935898,0
167,189,695.937,1,0.010463403,0
167,208,696.604,1,0.008816424,0
183,224,697.155,1,0.010084321,0
119,244,697.876,1,0.009158616,0
189,248,698.004,1,0.013153821,0
112,6,719.936,1,0.009389520,0
150,8,720.001,1,0.009134752,0
155,20,720.416,1,0.009415280,0
295,20,720.435,1,0.007411207,0
282,51,721.509,1,0.007787489,0
272,61,721.864,1,0.008474935,0
21,62,721.909,1,0.010877464,0
326,63,721.95,1,0.007151194,0
186,68,722.11,1,0.050857984,0
61,69,722.151,1,0.021036251,0
189,70,722.192,1,0.050728817,0
32,48,722.429,1,0.031061821,0
305,78,722.46,1,0.011087731,0
42,78,722.467,1,0.017010424,0
63,79,722.489,1,0.019396661,0
249,79,722.506,1,0.035050999,0
212,85,722.719,1,0.048358511,0
74,87,722.774,1,0.020759972,0
98,88,722.817,1,0.033596441,0
79,95,723.068,1,0.011401557,0
3,103,723.341,1,0.008938939,0
254,104,723.371,1,0.009267163,0
207,111,723.619,1,0.008653867,0
314,111,723.636,1,0.007972125,0
293,116,723.797,1,0.009035410,0
55,116,723.812,1,0.009245146,0
23,118,723.874,1,0.008691366,0
314,122,724.031,1,0.007878905,0
63,124,724.094,1,0.009116203,0
180,126,724.161,1,0.005648574,0
305,127,724.185,1,0.008137977,0
214,131,724.343,1,0.009462141,0
219,134,724.445,1,0.009086076,0
251,135,724.487,1,0.010615162,0
8,142,724.722,1,0.008462414,0
48,150,725.003,1,0.009115752,0
45,152,725.066,1,0.008744834,0
56,155,725.18,1,0.008552195,0
276,158,725.279,1,0.009068688,0
175,159,725.313,1,0.011569961,0
273,159,725.324,1,0.008826884,0
212,166,725.564,1,0.004289756,0
344,168,725.646,1,0.008523375,0
344,170,725.722,1,0.007630554,0
94,181,726.099,1,0.014331122,0
104,184,726.218,1,0.014387840,0
159,190,726.406,1,0.015336166,0
292,195,726.586,1,0.010688362,0
76,197,726.656,1,0.008101310,0
76,200,726.757,1,0.010075400,0
10,136,726.773,1,0.013682785,0
76,203,726.871,1,0.009291937,0
182,211,727.149,1,0.009914892,0
139,213,727.223,1,0.009572771,0
126,214,727.282,1,0.008977064,0
207,225,727.658,1,0.007712878,0
88,246,728.38,1,0.010312768,0
175,253,728.64,1,0.008910129,0
205,6,729.477,1,0.007617323,0
296,10,729.614,1,0.007419550,0
154,14,729.762,1,0.009463918,0
304,23,730.068,1,0.010543333,0
111,28,730.243,1,0.044685550,0
104,29,730.279,1,0.046122823,0
83,38,730.607,1,0.048323635,0
36,43,730.773,1,0.038419995,0
233,80,730.886,0,0.666967034,0
57,64,731.518,1,0.005185466,0
259,77,731.968,1,0.010998540,0
151,50,732.34,1,0.008715775,0
104,90,732.437,1,0.010967555,0
95,93,732.538,1,0.012495789,0
59,95,732.606,1,0.009852126,0
94,104,732.923,1,0.012528688,0
262,106,733.001,1,0.012267936,0
275,123,733.593,1,0.010309346,0
316,127,733.733,1,0.008126708,0
116,132,733.91,1,0.011009900,0
96,135,734.039,1,0.016667571,0
276,143,734.299,1,0.013910127,0
128,155,734.735,1,0.015474542,0
231,166,735.108,1,0.011366122,0
77,171,735.288,1,0.008756379,0
160,176,735.491,1,0.009969291,0
217,177,735.495,1,0.004473398,0
218,183,735.718,1,0.004707505,0
274,240,737.722,1,0.007312872,0
140,252,738.165,1,0.013638131,0
77,256,738.291,1,0.012823888,0
240,4,759.856,1,0.006857530,0
258,8,759.99,1,0.006889664,0
249,16,760.283,1,0.006955254,0
52,29,760.737,1,0.009226463,0
153,30,760.773,1,0.009056911,0
96,36,760.977,1,0.009043432,0
310,36,760.995,1,0.007475765,0
101,37,761.019,1,0.008972182,0
45,45,761.295,1,0.008690113,0
320,46,761.335,1,0.007597006,0
230,47,761.369,1,0.010511436,0
207,57,761.733,1,0.008953930,0
276,63,761.932,1,0.008353638,0
135,76,762.397,1,0.053177498,0
109,77,762.436,1,0.044388246,0
283,78,762.466,1,0.012499695,0
117,88,762.813,1,0.044062875,0
184,90,762.892,1,0.030973032,0
56,92,762.962,1,0.016815508,0
187,93,762.994,1,0.039440047,0
191,95,763.08,1,0.009119744,0
40,96,763.098,1,0.009850131,0
19,97,763.152,1,0.009657935,0
47,100,763.242,1,0.009667564,0
18,103,763.336,1,0.009270290,0
135,106,763.453,1,0.015952121,0
151,107,763.492,1,0.015719378,0
63,110,763.591,1,0.009582289,0
46,117,763.835,1,0.009275214,0
36,120,763.963,1,0.008999261,0
166,127,764.186,1,0.017578250,0
160,134,764.433,1,0.013286666,0
174,136,764.509,1,0.014957641,0
267,136,764.517,1,0.008472395,0
265,138,764.6,1,0.008421156,0
288,139,764.626,1,0.009404780,0
76,144,764.812,1,0.009320182,0
282,146,764.882,1,0.009137407,0
256,148,764.927,1,0.009997375,0
45,160,765.354,1,0.008638251,0
107,168,765.644,1,0.009091569,0
167,169,765.686,1,0.010495652,0
10,136,765.859,1,0.008751020,0
60,183,766.167,1,0.013980417,0
23,183,766.18,1,0.013430251,0
128,184,766.202,1,0.014497066,0
136,189,766.378,1,0.014538837,0
18,190,766.411,1,0.011907385,0
16,192,766.48,1,0.012372755,0
162,212,767.194,1,0.008802131,0
255,213,767.219,1,0.007258671,0
92,213,767.236,1,0.008625830,0
240,216,767.328,1,0.005877913,0
183,224,767.622,1,0.008702848,0
169,230,767.827,1,0.008643724,0
8,252,768.592,1,0.008002861,0
76,254,768.663,1,0.007903095,0
302,256,768.733,1,0.006215782,0
314,7,769.502,1,0.007130845,0
232,11,769.648,1,0.006654441,0
237,11,769.655,1,0.006563895,0
50,16,769.82,1,0.009381469,0
300,19,769.939,1,0.007355036,0
321,21,769.994,1,0.007438790,0
165,26,770.169,1,0.044533711,0
317,30,770.334,1,0.010446649,0
54,35,770.495,1,0.048331529,0
49,40,770.687,1,0.047807977,0
248,41,770.709,1,0.011292226,0
279,47,770.919,1,0.011078506,0
37,50,771.017,1,0.004172780,0
33,62,771.441,1,0.011486715,0
216,63,771.476,1,0.009049413,0
112,64,771.509,1,0.009236219,0
271,64,771.54,1,0.008933960,0
267,66,771.611,1,0.009450589,0
320,68,771.667,1,0.007351740,0
300,69,771.695,1,0.007710861,0
113,70,771.752,1,0.008844557,0
337,71,771.759,1,0.007012439,0
71,72,771.793,1,0.004951405,0
306,75,771.917,1,0.007656377,0
288,80,772.077,1,0.008620522,0
313,80,772.086,1,0.007554492,0
203,80,772.095,1,0.008476563,0
314,82,772.148,1,0.007592913,0
223,83,772.183,1,0.009785987,0
192,85,772.278,1,0.009279961,0
215,87,772.344,1,0.009185870,0
158,88,772.371,1,0.010110673,0
58,96,772.643,1,0.010012611,0
256,96,772.643,1,0.009386935,0
62,96,772.658,1,0.010889588,0
270,98,772.713,1,0.009753180,0
186,100,772.806,1,0.009410322,0
96,101,772.821,1,0.012235580,0
95,104,772.923,1,0.011564907,0
76,50,773.002,1,0.008975185,0
89,112,773.222,1,0.010611110,0
290,117,773.386,1,0.009192268,0
48,118,773.43,1,0.009557670,0
32,127,773.739,1,0.008592112,0
13,128,773.774,1,0.008523532,0
19,135,774.018,1,0.013778753,0
277,152,774.619,1,0.012699711,0
132,163,775.012,1,0.009799535,0
4,170,775.278,1,0.008699077,0
2,175,775.433,1,0.008527301,0
207,184,775.772,1,0.009333607,0
201,191,775.994,1,0.007988513,0
272,200,776.311,1,0.007576721,0
200,208,776.592,1,0.008537239,0
264,213,776.791,1,0.008133356,0
64,221,777.061,1,0.008331275,0
89,222,777.093,1,0.009274268,0
92,223,777.131,1,0.008565240,0
202,228,777.323,1,0.007249347,0
234,79,777.687,0,0.349632740,0
258,252,778.163,1,0.007608371,0
341,30,800.764,1,0.007085400,0
184,31,800.815,1,0.012430684,0
212,45,801.307,1,0.011017472,0
207,46,801.336,1,0.009505640,0
12,62,801.903,1,0.010489715,0
186,63,801.931,1,0.008842636,0
88,86,802.745,1,0.029034497,0
130,91,802.92,1,0.045093808,0
169,93,802.983,1,0.089334972,0
128,93,802.992,1,0.032981113,0
104,108,803.514,1,0.012299118,0
151,50,803.534,1,0.008805213,0
74,113,803.701,1,0.009408810,0
72,115,803.777,1,0.008637021,0
316,126,804.171,1,0.008423661,0
58,127,804.187,1,0.009173171,0
133,127,804.2,1,0.012383447,0
163,136,804.516,1,0.018175639,0
166,137,804.546,1,0.007424784,0
165,138,804.575,1,0.005416905,0
55,143,804.761,1,0.008758796,0
89,145,804.824,1,0.009121175,0
309,150,805.005,1,0.008751777,0
60,151,805.034,1,0.008634250,0
135,154,805.139,1,0.009849838,0
315,158,805.275,1,0.008749994,0
31,158,805.298,1,0.008961665,0
195,160,805.35,1,0.011200964,0
198,161,805.406,1,0.009930192,0
152,169,805.695,1,0.009714461,0
146,174,805.845,1,0.009554565,0
176,181,806.094,1,0.015572305,0
167,182,806.136,1,0.016561206,0
177,184,806.223,1,0.014926067,0
110,189,806.37,1,0.014385642,0
140,191,806.445,1,0.014558055,0
218,192,806.483,1,0.012432681,0
191,202,806.845,1,0.012956823,0
193,203,806.878,1,0.012551271,0
106,215,807.302,1,0.008870839,0
120,224,807.611,1,0.008844696,0
104,228,807.753,1,0.008882497,0
201,232,807.903,1,0.007276164,0
294,238,808.102,1,0.006573410,0
261,240,808.173,1,0.005979667,0
335,244,808.323,1,0.006552028,0
139,245,808.352,1,0.008625177,0
53,255,808.698,1,0.007960401,0
8,256,808.738,1,0.008385885,0
57,14,809.755,1,0.009625958,0
314,24,810.101,1,0.010455831,0
206,30,810.323,1,0.011593925,0
298,30,810.334,1,0.010614731,0
21,31,810.355,1,0.041551463,0
153,36,810.523,1,0.048699901,0
171,37,810.564,1,0.047690168,0
9,39,810.635,1,0.022497008,0
78,45,810.853,1,0.047947187,0
44,54,811.165,1,0.003921814,0
78,54,811.176,1,0.008925170,0
48,55,811.212,1,0.005091601,0
85,70,811.725,1,0.009430354,0
255,80,812.081,1,0.008791354,0
247,81,812.127,1,0.009571786,0
68,87,812.323,1,0.011546725,0
77,88,812.362,1,0.011961577,0
74,95,812.608,1,0.011249301,0
76,96,812.639,1,0.011094247,0
157,106,813.009,1,0.006615330,0
66,120,813.493,1,0.009743730,0
112,132,813.912,1,0.010465709,0
320,139,814.165,1,0.011246104,0
134,143,814.31,1,0.020858189,0
209,156,814.758,1,0.019736171,0
19,158,814.833,1,0.013715436,0
147,208,816.598,1,0.008577943,0
80,215,816.841,1,0.008345496,0
169,245,817.914,1,0.008284014,0
335,3,839.81,1,0.007000991,0
21,7,839.956,1,0.009052539,0
12,8,839.994,1,0.009070346,0
204,16,840.275,1,0.007252131,0
52,32,840.844,1,0.009015979,0
51,36,840.993,1,0.008693543,0
165,54,841.62,1,0.009441961,0
216,59,841.783,1,0.009236192,0
247,60,841.824,1,0.010174882,0
307,60,841.851,1,0.008362224,0
206,63,841.927,1,0.009084051,0
201,63,841.943,1,0.009151812,0
336,70,842.177,1,0.010161386,0
344,81,842.579,1,0.009975453,0
338,82,842.598,1,0.010070992,0
73,96,843.1,1,0.010741712,0
192,101,843.272,1,0.008997419,0
184,102,843.307,1,0.009832024,0
80,107,843.5,1,0.010614906,0
149,108,843.515,1,0.018920006,0
148,110,843.596,1,0.021660076,0
222,112,843.68,1,0.009371575,0
206,116,843.808,1,0.009040215,0
281,117,843.85,1,0.009613189,0
82,125,844.125,1,0.009731250,0
278,126,844.149,1,0.010015886,0
162,126,844.156,1,0.015708832,0
237,126,844.164,1,0.008921513,0
282,132,844.366,1,0.009720243,0
300,135,844.477,1,0.008765596,0
338,137,844.536,1,0.007570704,0
85,140,844.665,1,0.009203807,0
88,141,844.682,1,0.009649948,0
287,142,844.716,1,0.009188635,0
279,146,844.881,1,0.009214496,0
46,149,844.971,1,0.008905935,0
43,151,845.042,1,0.009357379,0
45,152,845.069,1,0.010002733,0
206,152,845.077,1,0.016890509,0
205,152,845.091,1,0.020774556,0
157,159,845.312,1,0.010564252,0
159,168,845.629,1,0.010259254,0
153,168,845.642,1,0.009841559,0
112,169,845.673,1,0.008813929,0
158,172,845.78,1,0.009858776,0
106,175,845.892,1,0.008647725,0
120,199,846.729,1,0.014162349,0
232,200,846.769,1,0.013199455,0
118,205,846.943,1,0.014050786,0
153,215,847.287,1,0.009216521,0
112,230,847.831,1,0.008276732,0
326,236,848.043,1,0.006643098,0
46,239,848.145,1,0.007959201,0
317,248,848.454,1,0.006380142,0
113,254,848.676,1,0.008007482,0
85,5,849.433,1,0.009750113,0
214,6,849.466,1,0.006278753,0
26,13,849.724,1,0.009458137,0
16,14,849.76,1,0.009168735,0
151,20,849.969,1,0.009400118,0
284,35,850.497,1,0.012028407,0
285,36,850.545,1,0.010301609,0
241,38,850.597,1,0.011205846,0
27,39,850.634,1,0.037952036,0
18,40,850.68,1,0.028015940,0
152,42,850.741,1,0.049390253,0
176,47,850.917,1,0.048557833,0
262,48,850.971,1,0.011661883,0
224,64,851.519,1,0.009186803,0
175,66,851.585,1,0.009436941,0
173,67,851.623,1,0.008972003,0
227,71,851.763,1,0.009254559,0
182,78,852.012,1,0.009516087,0
63,80,852.086,1,0.011504758,0
89,86,852.286,1,0.011461193,0
34,88,852.361,1,0.009817138,0
268,100,852.799,1,0.009839422,0
204,112,853.227,1,0.009045522,0
34,118,853.425,1,0.009368516,0
90,119,853.458,1,0.009818315,0
79,125,853.667,1,0.009773852,0
179,126,853.699,1,0.005821921,0
79,131,853.883,1,0.009387835,0
21,139,854.162,1,0.013776693,0
256,142,854.27,1,0.019188158,0
232,144,854.338,1,0.026704527,0
88,151,854.586,1,0.014925414,0
153,152,854.625,1,0.025337022,0
60,164,855.041,1,0.009101080,0
200,166,855.108,1,0.009907162,0
323,174,855.4,1,0.008025671,0
150,180,855.614,1,0.010078719,0
258,184,855.75,1,0.008332665,0
152,199,856.29,1,0.009948144,0
143,224,857.183,1,0.009162190,0
73,51,868.314,1,0.008581740,0
40,11,880.097,1,0.009708120,0
40,16,880.275,1,0.009199503,0
80,23,880.52,1,0.009654106,0
4,29,880.754,1,0.009136138,0
223,38,881.051,1,0.008601276,0
161,46,881.349,1,0.009025208,0
32,48,881.396,1,0.004553446,0
214,70,882.18,1,0.048578668,0
212,71,882.207,1,0.048309449,0
120,71,882.228,1,0.050245952,0
285,72,882.254,1,0.011950947,0
235,74,882.319,1,0.044508364,0
237,75,882.349,1,0.044489868,0
61,78,882.48,1,0.019371070,0
234,79,882.497,1,0.044540733,0
97,84,882.674,1,0.032507207,0
285,85,882.718,1,0.012842693,0
6,86,882.747,1,0.014178482,0
102,86,882.766,1,0.035263877,0
72,89,882.862,1,0.020092983,0
254,92,882.95,1,0.033468377,0
79,94,883.045,1,0.011352649,0
279,96,883.092,1,0.009819808,0
79,100,883.242,1,0.010913487,0
52,102,883.306,1,0.009842265,0
216,111,883.626,1,0.009212726,0
262,112,883.662,1,0.010472905,0
59,118,883.869,1,0.009305594,0
163,124,884.084,1,0.008801286,0
51,124,884.097,1,0.008929017,0
83,125,884.113,1,0.009423356,0
166,127,884.183,1,0.011516880,0
103,128,884.23,1,0.009881508,0
323,135,884.487,1,0.007835685,0
26,140,884.658,1,0.006736401,0
26,142,884.726,1,0.007040012,0
20,144,884.788,1,0.008477484,0
247,147,884.907,1,0.009202842,0
100,148,884.927,1,0.009618078,0
15,148,884.94,1,0.008236566,0
223,156,885.211,1,0.008696306,0
44,160,885.353,1,0.007675377,0
40,164,885.49,1,0.008664260,0
261,167,885.6,1,0.008642760,0
82,172,885.775,1,0.009043423,0
327,184,886.207,1,0.010709412,0
31,190,886.416,1,0.013468194,0
240,194,886.545,1,0.014921482,0
103,206,886.986,1,0.017725736,0
104,207,887.032,1,0.021002615,0
247,208,887.043,1,0.006862198,0
56,214,887.252,1,0.008482287,0
119,214,887.275,1,0.008767887,0
329,220,887.472,1,0.006909159,0
334,221,887.505,1,0.006931896,0
245,222,887.553,1,0.005625524,0
193,224,887.609,1,0.008786199,0
23,225,887.645,1,0.008997984,0
122,226,887.683,1,0.008611195,0
134,240,888.191,1,0.008486081,0
135,247,888.424,1,0.008774235,0
283,248,888.461,1,0.006799676,0
111,6,889.493,1,0.009715594,0
64,8,889.547,1,0.009538896,0
71,12,889.679,1,0.009952917,0
68,13,889.73,1,0.011529427,0
325,15,889.796,1,0.007616942,0
24,16,889.818,1,0.009330508,0
268,19,889.925,1,0.007169920,0
78,254,889.974,0,0.147897229,0
206,22,890.029,1,0.010528872,0
42,27,890.211,1,0.048388157,0
190,38,890.597,1,0.036435813,0
116,38,890.608,1,0.049276259,0
224,39,890.647,1,0.012106378,0
66,45,890.839,1,0.047690317,0
160,49,890.997,1,0.047912873,0
95,58,891.306,1,0.008572888,0
4,64,891.524,1,0.009748051,0
84,69,891.688,1,0.009454482,0
51,69,891.696,1,0.011838022,0
81,70,891.729,1,0.005999841,0
143,80,892.077,1,0.010952349,0
238,86,892.288,1,0.119650394,0
41,87,892.336,1,0.009604624,0
76,90,892.437,1,0.011455700,0
192,90,892.441,1,0.009174441,0
76,93,892.541,1,0.008426713,0
336,95,892.615,1,0.007245797,0
298,104,892.919,1,0.008570343,0
50,115,893.308,1,0.009268207,0
177,126,893.7,1,0.006653398,0
122,126,893.726,1,0.011936518,0
60,134,893.984,1,0.009554146,0
10,137,894.088,1,0.013681085,0
269,144,894.346,1,0.014175078,0
146,152,894.623,1,0.021491233,0
224,191,895.997,1,0.004496932,0
249,205,896.486,1,0.006985728,0
330,219,896.993,1,0.007077246,0
234,225,897.21,1,0.004366891,0
160,229,897.358,1,0.009053848,0
163,231,897.402,1,0.008607202,0
5,253,898.18,1,0.012466901,0
234,77,902.546,0,0.642377973,0
206,2,919.785,1,0.006446762,0
247,16,920.274,1,0.006833236,0
119,21,920.454,1,0.009470604,0
8,255,920.471,1,0.009215228,0
124,38,921.05,1,0.009131542,0
72,46,921.341,1,0.009108699,0
229,61,921.875,1,0.009126784,0
294,62,921.899,1,0.007997045,0
32,48,922.609,1,0.033754721,0
166,87,922.789,1,0.082014658,0
119,88,922.814,1,0.048910454,0
114,94,923.031,1,0.012054312,0
89,96,923.101,1,0.012192335,0
92,100,923.248,1,0.012083706,0
51,111,923.622,1,0.009841302,0
43,117,923.837,1,0.009520537,0
302,120,923.947,1,0.008425995,0
53,135,924.475,1,0.008772492,0
15,144,924.795,1,0.008279100,0
159,148,924.954,1,0.012345096,0
205,149,924.989,1,0.004970398,0
158,150,925.004,1,0.012329793,0
40,151,925.036,1,0.008501788,0
293,152,925.077,1,0.008890276,0
45,156,925.223,1,0.009443745,0
0,156,925.234,1,0.009142852,0
69,158,925.301,1,0.009285227,0
184,160,925.354,1,0.011770457,0
16,164,925.504,1,0.008861930,0
22,165,925.531,1,0.008410690,0
47,168,925.635,1,0.009177710,0
226,168,925.643,1,0.008423729,0
338,183,926.162,1,0.010676785,0
255,207,927.013,1,0.008049310,0
209,210,927.125,1,0.008020043,0
109,212,927.189,1,0.008264435,0
238,215,927.296,1,0.007302529,0
250,215,927.313,1,0.006682686,0
212,216,927.338,1,0.007625712,0
100,222,927.54,1,0.008556918,0
188,223,927.591,1,0.009931438,0
110,227,927.721,1,0.008395310,0
328,230,927.83,1,0.007027524,0
246,232,927.89,1,0.005301052,0
112,232,927.899,1,0.008548533,0
132,245,928.353,1,0.009534068,0
104,246,928.381,1,0.008864905,0
215,246,928.395,1,0.007375033,0
80,255,928.701,1,0.015926266,0
86,256,928.744,1,0.009460286,0
173,8,929.544,1,0.009659906,0
267,10,929.617,1,0.007620742,0
200,11,929.644,1,0.006879583,0
207,12,929.687,1,0.007146272,0
168,16,929.821,1,0.011559255,0
78,255,929.965,0,0.039687678,0
60,23,930.074,1,0.047839761,0
111,25,930.139,1,0.044422511,0
205,31,930.356,1,0.011865134,0
147,34,930.455,1,0.048215605,0
128,36,930.527,1,0.048979785,0
290,72,931.797,1,0.008199632,0
141,77,931.97,1,0.009980041,0
233,78,932.002,1,0.060903173,0
233,79,932.039,1,0.110277332,0
233,80,932.08,1,0.072959580,0
0,84,932.229,1,0.010116506,0
331,94,932.599,1,0.007193765,0
0,95,932.606,1,0.009562855,0
229,95,932.619,1,0.011685006,0
326,98,932.713,1,0.007853291,0
323,99,932.752,1,0.007533720,0
313,102,932.873,1,0.008019811,0
67,104,932.927,1,0.009989699,0
106,106,933.008,1,0.013219133,0
320,108,933.078,1,0.008335920,0
325,109,933.107,1,0.007790725,0
106,110,933.141,1,0.010437834,0
90,111,933.176,1,0.010696331,0
291,125,933.683,1,0.009499347,0
33,127,933.739,1,0.009008361,0
76,142,934.263,1,0.014908843,0
188,159,934.873,1,0.019454960,0
33,160,934.912,1,0.013911814,0
145,179,935.584,1,0.010754047,0
76,222,937.095,1,0.009370610,0
32,242,937.813,1,0.008653364,0
53,246,937.94,1,0.008572224,0
32,48,956.784,1,0.005068772,0
169,4,959.874,1,0.009408647,0
67,19,960.381,1,0.009409824,0
53,24,960.569,1,0.008868219,0
149,36,960.994,1,0.008902956,0
262,37,961.018,1,0.007684887,0
31,38,961.067,1,0.008969150,0
82,39,961.095,1,0.009115183,0
230,40,961.142,1,0.008579732,0
196,44,961.265,1,0.009666071,0
234,47,961.369,1,0.009393823,0
225,47,961.376,1,0.009844221,0
129,64,961.973,1,0.009286513,0
296,72,962.257,1,0.011362893,0
96,73,962.284,1,0.042004686,0
233,77,962.436,1,0.044548616,0
236,78,962.455,1,0.044515111,0
338,80,962.556,1,0.010067631,0
202,82,962.608,1,0.048443869,0
42,87,962.782,1,0.016082913,0
10,87,962.798,1,0.014284237,0
205,88,962.815,1,0.048089590,0
88,94,963.029,1,0.012471952,0
334,98,963.181,1,0.007263951,0
47,101,963.273,1,0.009978622,0
28,103,963.344,1,0.009503795,0
334,103,963.353,1,0.007267579,0
235,108,963.537,1,0.009147619,0
279,112,963.671,1,0.010202008,0
298,114,963.757,1,0.008631364,0
271,115,963.783,1,0.009307484,0
105,116,963.805,1,0.011890038,0
136,118,963.868,1,0.013336067,0
256,119,963.918,1,0.009352196,0
261,120,963.955,1,0.009480450,0
167,122,964.013,1,0.014293820,0
320,132,964.364,1,0.007909058,0
251,132,964.373,1,0.011628056,0
293,140,964.65,1,0.008790494,0
128,150,964.996,1,0.009968373,0
42,151,965.053,1,0.008491804,0
45,152,965.07,1,0.008672578,0
294,152,965.092,1,0.008321234,0
227,156,965.221,1,0.010376173,0
326,160,965.358,1,0.007496323,0
184,161,965.385,1,0.011468196,0
334,171,965.764,1,0.007608548,0
305,175,965.896,1,0.008112421,0
252,180,966.055,1,0.012431638,0
237,181,966.095,1,0.019268366,0
183,182,966.136,1,0.014795066,0
64,185,966.24,1,0.013997208,0
41,186,966.273,1,0.013694177,0
69,188,966.352,1,0.013991623,0
129,200,966.764,1,0.014237208,0
191,205,966.942,1,0.013036009,0
134,205,966.967,1,0.014219885,0
221,207,967.027,1,0.005962100,0
168,214,967.269,1,0.009590148,0
61,221,967.507,1,0.009518087,0
11,239,968.142,1,0.007741291,0
87,240,968.172,1,0.008208714,0
84,242,968.246,1,0.011172593,0
12,246,968.383,1,0.008255774,0
14,247,968.417,1,0.008182158,0
145,2,969.324,1,0.011012786,0
199,5,969.432,1,0.007207782,0
90,6,969.465,1,0.009799222,0
202,7,969.504,1,0.006604047,0
277,10,969.606,1,0.008042232,0
25,13,969.713,1,0.009020662,0
80,15,969.784,1,0.009763519,0
108,22,970.03,1,0.044414803,0
119,23,970.08,1,0.044438243,0
128,26,970.186,1,0.044486381,0
45,29,970.286,1,0.048417315,0
312,31,970.349,1,0.010477611,0
317,32,970.388,1,0.010434062,0
105,36,970.523,1,0.049127672,0
239,39,970.629,1,0.011468597,0
154,39,970.629,1,0.049177982,0
5,41,970.713,1,0.018044110,0
284,46,970.879,1,0.010982761,0
250,47,970.918,1,0.012100141,0
35,50,971.024,1,0.003683852,0
16,54,971.159,1,0.012077311,0
263,56,971.235,1,0.008867876,0
183,62,971.445,1,0.008568516,0
248,63,971.481,1,0.010452053,0
63,86,972.309,1,0.011213806,0
62,92,972.503,1,0.010604065,0
337,93,972.54,1,0.006938306,0
92,101,972.818,1,0.012342063,0
250,104,972.928,1,0.009045223,0
281,111,973.171,1,0.009930669,0
120,116,973.356,1,0.012624622,0
89,117,973.381,1,0.010155892,0
123,118,973.415,1,0.012787106,0
140,119,973.457,1,0.013542427,0
273,126,973.7,1,0.009860755,0
276,127,973.738,1,0.009986984,0
254,134,973.981,1,0.011167158,0
320,135,974.019,1,0.011205920,0
113,140,974.221,1,0.017863071,0
9,143,974.309,1,0.013628525,0
84,205,976.508,1,0.008826956,0
240,212,976.756,1,0.005813979,0
12,237,977.624,1,0.007744342,0
234,75,982.263,0,0.626644671,0
235,75,1000.136,0,0.247049078,0
221,59,1001.8,1,0.009172223,0
70,63,1001.934,1,0.009343823,0
313,64,1001.961,1,0.008321458,0
280,64,1001.966,1,0.008441551,0
182,69,1002.154,1,0.052573025,0
188,76,1002.395,1,0.054010201,0
235,78,1002.455,1,0.053876653,0
234,78,1002.463,1,0.049854923,0
210,83,1002.632,1,0.047841784,0
278,83,1002.651,1,0.013899026,0
208,87,1002.791,1,0.047720820,0
189,88,1002.818,1,0.056721788,0
190,93,1002.993,1,0.055125292,0
120,93,1003.0,1,0.006486715,0
158,95,1003.074,1,0.006106125,0
15,96,1003.101,1,0.009278142,0
28,96,1003.122,1,0.009703921,0
287,100,1003.243,1,0.009532335,0
192,113,1003.7,1,0.009439910,0
20,116,1003.805,1,0.008945320,0
246,118,1003.893,1,0.009181974,0
10,120,1003.938,1,0.008774795,0
166,127,1004.065,1,0.017448485,0
36,127,1004.192,1,0.008872567,0
338,127,1004.207,1,0.007374330,0
79,132,1004.367,1,0.009327220,0
92,134,1004.448,1,0.009852513,0
210,135,1004.48,1,0.009273790,0
304,136,1004.531,1,0.008756423,0
307,137,1004.56,1,0.008018788,0
47,143,1004.755,1,0.008574128,0
141,146,1004.862,1,0.010681706,0
75,148,1004.954,1,0.008876601,0
224,149,1004.968,1,0.009317484,0
211,153,1005.115,1,0.006590499,0
35,154,1005.145,1,0.008754367,0
110,154,1005.152,1,0.009627253,0
215,155,1005.18,1,0.008673771,0
128,159,1005.312,1,0.009192798,0
32,48,1005.353,1,0.004050191,0
33,172,1005.785,1,0.008333390,0
95,185,1006.261,1,0.014284519,0
98,187,1006.307,1,0.014279618,0
142,189,1006.375,1,0.014576097,0
201,190,1006.416,1,0.011282125,0
88,191,1006.451,1,0.014122082,0
244,214,1007.254,1,0.006123190,0
101,215,1007.298,1,0.008431483,0
144,239,1008.157,1,0.008431232,0
104,252,1008.612,1,0.008301700,0
168,6,1009.464,1,0.009537419,0
119,8,1009.536,1,0.009519361,0
120,22,1010.031,1,0.044437505,0
216,38,1010.603,1,0.012257349,0
319,46,1010.887,1,0.010462079,0
175,48,1010.947,1,0.048482418,0
190,48,1010.972,1,0.049184769,0
159,51,1011.082,1,0.008612029,0
145,54,1011.167,1,0.008648956,0
49,56,1011.231,1,0.005055741,0
301,62,1011.445,1,0.007647727,0
231,70,1011.725,1,0.009201459,0
33,81,1012.112,1,0.009665660,0
32,48,1012.301,1,0.005283371,0
236,95,1012.615,1,0.009614732,0
337,104,1012.929,1,0.007049519,0
343,108,1013.066,1,0.007542539,0
140,114,1013.285,1,0.015244268,0
231,117,1013.387,1,0.009674241,0
289,121,1013.525,1,0.009646476,0
211,131,1013.877,1,0.009278176,0
157,135,1014.021,1,0.043677464,0
175,148,1014.504,1,0.032195833,0
312,151,1014.593,1,0.011487961,0
37,152,1014.622,1,0.014069381,0
256,157,1014.807,1,0.012957000,0
74,157,1014.822,1,0.014551453,0
214,160,1014.897,1,0.017923597,0
75,160,1014.904,1,0.014517852,0
210,162,1014.975,1,0.016593566,0
214,163,1015.004,1,0.003174760,0
312,165,1015.082,1,0.008032838,0
211,176,1015.463,1,0.008484753,0
15,191,1015.994,1,0.009295655,0
87,198,1016.242,1,0.008476422,0
218,213,1016.769,1,0.009454268,0
290,216,1016.877,1,0.007164046,0
310,229,1017.351,1,0.006681578,0
116,237,1017.627,1,0.008470165,0
155,247,1017.988,1,0.008810130,0
94,57,1027.085,1,0.008886239,0
238,73,1034.763,1,0.043758672,0
151,13,1040.166,1,0.008999277,0
143,14,1040.205,1,0.009809085,0
184,24,1040.561,1,0.010230683,0
132,29,1040.737,1,0.009554841,0
12,31,1040.808,1,0.008936066,0
136,37,1041.012,1,0.009279355,0
133,67,1042.088,1,0.050654426,0
232,77,1042.422,1,0.044561740,0
159,80,1042.537,1,0.061587285,0
83,85,1042.708,1,0.026985459,0
149,93,1042.987,1,0.086646952,0
5,96,1043.098,1,0.009636072,0
0,97,1043.131,1,0.009144792,0
208,106,1043.461,1,0.009113654,0
146,110,1043.61,1,0.017975543,0
293,111,1043.638,1,0.008874425,0
265,112,1043.66,1,0.010547199,0
136,112,1043.675,1,0.015638841,0
311,114,1043.755,1,0.008079001,0
320,117,1043.842,1,0.007853317,0
261,119,1043.907,1,0.011816116,0
245,66,1043.985,1,0.012052666,0
166,127,1044.184,1,0.017338708,0
159,127,1044.194,1,0.014391208,0
116,133,1044.416,1,0.007937813,0
331,134,1044.429,1,0.007482536,0
119,136,1044.518,1,0.008059844,0
117,138,1044.584,1,0.008723387,0
187,141,1044.685,1,0.009495898,0
53,143,1044.749,1,0.008622156,0
261,143,1044.755,1,0.009293148,0
256,144,1044.784,1,0.010085701,0
149,146,1044.869,1,0.011653450,0
140,151,1045.055,1,0.009915013,0
246,152,1045.083,1,0.009499051,0
7,154,1045.142,1,0.008170259,0
337,154,1045.156,1,0.007629232,0
271,156,1045.224,1,0.008898729,0
315,158,1045.277,1,0.008166624,0
200,159,1045.313,1,0.007406350,0
172,159,1045.324,1,0.011436229,0
277,159,1045.335,1,0.008556024,0
102,162,1045.424,1,0.009383986,0
231,166,1045.561,1,0.008645478,0
228,166,1045.578,1,0.008682393,0
210,167,1045.611,1,0.005213054,0
208,168,1045.637,1,0.006152709,0
264,168,1045.647,1,0.008375117,0
166,173,1045.807,1,0.010063160,0
247,175,1045.905,1,0.009557923,0
111,182,1046.138,1,0.014472683,0
271,184,1046.207,1,0.011266259,0
312,184,1046.221,1,0.010945186,0
320,186,1046.28,1,0.010773387,0
45,190,1046.409,1,0.013689252,0
39,192,1046.488,1,0.013581364,0
62,198,1046.707,1,0.013718674,0
143,200,1046.763,1,0.014420109,0
181,213,1047.238,1,0.010596643,0
62,214,1047.254,1,0.008434238,0
216,215,1047.312,1,0.008591555,0
114,219,1047.445,1,0.009102341,0
15,220,1047.464,1,0.008080316,0
147,221,1047.515,1,0.009387316,0
161,225,1047.647,1,0.010524512,0
166,232,1047.888,1,0.009392305,0
295,232,1047.894,1,0.006921443,0
162,237,1048.091,1,0.009023041,0
306,238,1048.112,1,0.013052461,0
305,239,1048.152,1,0.005682398,0
119,248,1048.463,1,0.008137107,0
136,258,1048.81,1,0.008981166,0
216,3,1049.36,1,0.006358622,0
40,4,1049.397,1,0.009424267,0
110,6,1049.466,1,0.009730727,0
132,8,1049.547,1,0.009681603,0
231,14,1049.754,1,0.007521281,0
136,16,1049.827,1,0.009592146,0
239,18,1049.889,1,0.007769857,0
6,22,1050.029,1,0.043075938,0
249,24,1050.123,1,0.010474655,0
215,25,1050.151,1,0.010345900,0
31,26,1050.181,1,0.047719248,0
137,28,1050.247,1,0.045562681,0
166,32,1050.394,1,0.045674466,0
43,35,1050.503,1,0.048207685,0
129,47,1050.917,1,0.047688980,0
15,51,1051.082,1,0.011561167,0
8,54,1051.161,1,0.011625282,0
249,58,1051.303,1,0.010207999,0
119,63,1051.482,1,0.008964976,0
101,80,1052.091,1,0.004478380,0
147,83,1052.184,1,0.010448310,0
257,92,1052.512,1,0.008998745,0
113,94,1052.582,1,0.009761735,0
103,98,1052.712,1,0.013184686,0
151,111,1053.176,1,0.018173303,0
91,120,1053.489,1,0.010646704,0
144,124,1053.632,1,0.012959658,0
20,125,1053.674,1,0.008739933,0
264,127,1053.742,1,0.010830452,0
243,128,1053.778,1,0.009469688,0
68,136,1054.056,1,0.014866645,0
85,144,1054.335,1,0.015087317,0
80,145,1054.368,1,0.014944559,0
280,147,1054.463,1,0.013325424,0
191,148,1054.503,1,0.022023046,0
203,149,1054.517,1,0.025407417,0
170,150,1054.575,1,0.030034913,0
288,152,1054.623,1,0.012490152,0
322,158,1054.851,1,0.011046971,0
117,160,1054.906,1,0.015069329,0
310,166,1055.109,1,0.008753056,0
307,167,1055.145,1,0.008590495,0
331,176,1055.468,1,0.007809486,0
83,183,1055.712,1,0.009675208,0
88,190,1055.972,1,0.008866354,0
233,197,1056.22,1,0.006681847,0
120,198,1056.246,1,0.009061809,0
226,207,1056.572,1,0.003225791,0
120,215,1056.852,1,0.009122805,0
159,216,1056.9,1,0.008726246,0
152,217,1056.931,1,0.008668705,0
43,248,1058.008,1,0.012602904,0
272,12,1080.131,1,0.007165532,0
159,35,1080.962,1,0.008900933,0
240,39,1081.107,1,0.007911003,0
134,42,1081.205,1,0.009104262,0
233,52,1081.537,1,0.010156309,0
165,64,1081.974,1,0.010057314,0
30,77,1082.436,1,0.016159331,0
0,85,1082.707,1,0.014126572,0
263,90,1082.892,1,0.023390364,0
159,100,1083.232,1,0.005258827,0
320,102,1083.321,1,0.007722355,0
115,103,1083.346,1,0.014262774,0
73,109,1083.55,1,0.009996851,0
62,112,1083.656,1,0.009579588,0
205,116,1083.797,1,0.008780034,0
151,125,1084.129,1,0.013356235,0
264,126,1084.167,1,0.010658669,0
45,132,1084.379,1,0.008733124,0
191,133,1084.402,1,0.004255933,0
136,139,1084.613,1,0.011548315,0
286,141,1084.682,1,0.009706927,0
44,152,1085.089,1,0.008972585,0
208,159,1085.316,1,0.004034115,0
147,162,1085.433,1,0.009993883,0
255,164,1085.514,1,0.009049631,0
88,176,1085.919,1,0.009288083,0
102,180,1086.058,1,0.014443855,0
128,191,1086.443,1,0.014331984,0
207,192,1086.484,1,0.011301199,0
2,197,1086.676,1,0.012923063,0
136,200,1086.758,1,0.014304957,0
49,202,1086.832,1,0.013498929,0
192,205,1086.937,1,0.012814643,0
139,208,1087.059,1,0.008495133,0
322,234,1087.986,1,0.006730505,0
179,253,1088.629,1,0.008497082,0
226,3,1089.361,1,0.006416547,0
29,6,1089.464,1,0.009182706,0
141,9,1089.571,1,0.009176301,0
137,14,1089.754,1,0.009422331,0
112,15,1089.79,1,0.009784209,0
8,24,1090.107,1,0.094218284,0
10,24,1090.124,1,0.081016891,0
105,28,1090.249,1,0.044801366,0
199,32,1090.392,1,0.013360854,0
32,35,1090.493,1,0.044618908,0
111,37,1090.567,1,0.049141392,0
64,40,1090.67,1,0.048251193,0
93,44,1090.812,1,0.048328366,0
132,48,1090.968,1,0.047805697,0
288,49,1090.986,1,0.010936992,0
172,53,1091.129,1,0.008925228,0
149,54,1091.176,1,0.008507328,0
162,68,1091.681,1,0.009434912,0
142,70,1091.741,1,0.009419096,0
148,71,1091.783,1,0.009520583,0
82,72,1091.804,1,0.004387689,0
241,88,1092.357,1,0.009331001,0
177,94,1092.582,1,0.009400250,0
179,114,1093.284,1,0.005065489,0
205,122,1093.569,1,0.008882896,0
279,156,1094.761,1,0.012312663,0
184,162,1094.972,1,0.021959962,0
207,172,1095.328,1,0.010022111,0
42,196,1096.18,1,0.009160806,0
212,208,1096.609,1,0.008637385,0
187,212,1096.738,1,0.008736873,0
192,212,1096.754,1,0.008703099,0
90,221,1097.073,1,0.008518074,0
225,224,1097.167,1,0.005044634,0
11,230,1097.381,1,0.008372663,0
320,244,1097.872,1,0.006550616,0
65,250,1098.072,1,0.012808847,0
61,8,1106.245,1,0.042137373,0
233,76,1116.204,1,0.009475929,0
128,5,1119.889,1,0.009386620,0
260,6,1119.927,1,0.007120825,0
96,15,1120.241,1,0.009980583,0
159,16,1120.287,1,0.009131296,0
128,23,1120.525,1,0.009831907,0
272,29,1120.744,1,0.007992745,0
223,32,1120.836,1,0.007837577,0
81,32,1120.847,1,0.008837714,0
152,37,1121.023,1,0.009257874,0
143,37,1121.038,1,0.008971512,0
194,43,1121.247,1,0.009669253,0
76,44,1121.262,1,0.009742239,0
80,45,1121.307,1,0.009186365,0
169,46,1121.328,1,0.009376507,0
71,48,1121.404,1,0.009720886,0
70,48,1121.411,1,0.005738803,0
175,49,1121.46,1,0.008128590,0
174,50,1121.47,1,0.009856574,0
121,53,1121.578,1,0.008848697,0
43,54,1121.617,1,0.004594102,0
338,63,1121.928,1,0.006821852,0
198,66,1122.057,1,0.048342541,0
222,67,1122.083,1,0.048363660,0
129,76,1122.393,1,0.052204136,0
84,80,1122.534,1,0.026799330,0
310,80,1122.546,1,0.010850659,0
209,84,1122.691,1,0.047683813,0
210,86,1122.746,1,0.047964834,0
81,88,1122.813,1,0.024705870,0
277,93,1122.991,1,0.016354160,0
144,96,1123.105,1,0.005691444,0
247,103,1123.348,1,0.009108656,0
234,115,1123.772,1,0.009396886,0
293,116,1123.819,1,0.009108239,0
40,118,1123.874,1,0.009422651,0
212,119,1123.921,1,0.009278387,0
335,120,1123.944,1,0.007704847,0
44,127,1124.196,1,0.009318109,0
7,134,1124.431,1,0.008373854,0
71,134,1124.448,1,0.009287171,0
124,138,1124.597,1,0.010654918,0
129,142,1124.727,1,0.010184356,0
125,144,1124.793,1,0.010239759,0
126,150,1125.006,1,0.010064262,0
329,153,1125.119,1,0.008113560,0
216,157,1125.249,1,0.008844114,0
32,159,1125.316,1,0.008479504,0
0,159,1125.325,1,0.008201347,0
151,160,1125.355,1,0.010412647,0
187,162,1125.42,1,0.011635302,0
153,163,1125.464,1,0.009923100,0
84,166,1125.586,1,0.009815960,0
127,179,1126.041,1,0.014481664,0
46,186,1126.273,1,0.013784794,0
184,187,1126.3,1,0.013955776,0
45,189,1126.38,1,0.013713913,0
279,199,1126.754,1,0.010709008,0
41,216,1127.338,1,0.008382506,0
97,219,1127.442,1,0.009599275,0
78,254,1129.318,0,0.123130687,0
144,5,1129.433,1,0.009410807,0
16,8,1129.535,1,0.009375697,0
32,48,1129.688,1,0.006086058,0
293,13,1129.714,1,0.007361169,0
114,14,1129.748,1,0.009724876,0
289,15,1129.789,1,0.008312940,0
151,16,1129.822,1,0.009714026,0
166,25,1130.136,1,0.044508681,0
143,28,1130.249,1,0.045750514,0
294,28,1130.258,1,0.010622746,0
288,29,1130.282,1,0.010715325,0
6,47,1130.922,1,0.015561813,0
341,48,1130.945,1,0.010064362,0
34,48,1130.952,1,0.028836494,0
343,52,1131.118,1,0.006883996,0
250,53,1131.137,1,0.009550586,0
34,54,1131.169,1,0.005210475,0
24,55,1131.197,1,0.011370786,0
93,62,1131.458,1,0.008589821,0
87,64,1131.514,1,0.008471162,0
314,68,1131.654,1,0.007168345,0
38,68,1131.665,1,0.011656553,0
222,69,1131.69,1,0.009010336,0
217,70,1131.723,1,0.008684253,0
135,70,1131.734,1,0.009417410,0
316,78,1132.01,1,0.007406922,0
204,86,1132.287,1,0.008640047,0
80,88,1132.375,1,0.012661546,0
304,90,1132.429,1,0.008214789,0
215,91,1132.463,1,0.009062751,0
23,96,1132.642,1,0.009517013,0
227,101,1132.834,1,0.009532078,0
238,102,1132.866,1,0.009524100,0
133,104,1132.934,1,0.015979690,0
215,116,1133.348,1,0.009067947,0
248,120,1133.488,1,0.009287574,0
103,127,1133.748,1,0.010253497,0
197,136,1134.054,1,0.029672988,0
11,139,1134.183,1,0.013683928,0
243,140,1134.193,1,0.022771418,0
13,140,1134.2,1,0.013695460,0
159,146,1134.413,1,0.032706190,0
154,151,1134.583,1,0.027581891,0
71,166,1135.123,1,0.008568573,0
3,175,1135.429,1,0.008563544,0
256,190,1135.954,1,0.008335510,0
319,192,1136.027,1,0.007507003,0
186,217,1136.929,1,0.009360824,0
310,220,1137.026,1,0.007063077,0
340,222,1137.098,1,0.006810637,0
240,231,1137.401,1,0.005300941,0
32,48,1157.411,1,0.006754353,0
104,23,1160.54,1,0.009871547,0
144,42,1161.192,1,0.009187897,0
150,44,1161.278,1,0.009074328,0
335,45,1161.3,1,0.007609138,0
308,53,1161.588,1,0.007283614,0
32,57,1161.714,1,0.008869716,0
143,61,1161.862,1,0.009190055,0
320,69,1162.16,1,0.010402069,0
325,70,1162.193,1,0.010315649,0
4,75,1162.361,1,0.013960029,0
175,79,1162.501,1,0.060798950,0
320,135,1162.587,1,0.011202148,0
234,82,1162.619,1,0.044552483,0
336,87,1162.783,1,0.010158495,0
313,91,1162.922,1,0.011080444,0
188,93,1163.011,1,0.009437359,0
207,107,1163.49,1,0.008652251,0
85,111,1163.635,1,0.010736671,0
339,113,1163.706,1,0.007166638,0
196,121,1163.985,1,0.009461461,0
173,125,1164.14,1,0.006942750,0
238,140,1164.667,1,0.012032527,0
203,142,1164.714,1,0.008729591,0
151,142,1164.729,1,0.012540196,0
68,143,1164.765,1,0.009155541,0
128,150,1164.999,1,0.009830844,0
233,151,1165.047,1,0.011140521,0
134,152,1165.067,1,0.010119831,0
11,167,1165.623,1,0.008245735,0
110,170,1165.713,1,0.009202811,0
32,173,1165.808,1,0.008257407,0
295,175,1165.885,1,0.008155207,0
87,185,1166.248,1,0.014218956,0
316,197,1166.662,1,0.010667633,0
284,206,1166.987,1,0.010587039,0
175,212,1167.191,1,0.008933153,0
320,212,1167.21,1,0.007230285,0
254,213,1167.225,1,0.007271164,0
79,230,1167.827,1,0.007928848,0
279,232,1167.9,1,0.007076596,0
59,239,1168.138,1,0.007896597,0
80,4,1169.396,1,0.009649808,0
261,4,1169.425,1,0.007135211,0
125,8,1169.537,1,0.009624794,0
122,10,1169.627,1,0.009762879,0
127,15,1169.797,1,0.009789777,0
39,16,1169.819,1,0.009453005,0
40,19,1169.925,1,0.009503045,0
240,20,1169.963,1,0.006800043,0
177,30,1170.309,1,0.037026599,0
132,30,1170.314,1,0.046311706,0
96,35,1170.488,1,0.036531862,0
94,37,1170.57,1,0.029489376,0
135,38,1170.597,1,0.049162161,0
8,39,1170.633,1,0.016234362,0
8,40,1170.667,1,0.022666901,0
99,40,1170.687,1,0.034552164,0
101,42,1170.746,1,0.039893575,0
209,44,1170.817,1,0.021765526,0
7,46,1170.885,1,0.015927948,0
63,47,1170.924,1,0.047426473,0
32,48,1170.946,1,0.031109793,0
3,48,1170.958,1,0.015021611,0
248,48,1170.972,1,0.012510772,0
1,52,1171.113,1,0.010967726,0
23,56,1171.23,1,0.010343854,0
23,62,1171.454,1,0.008284681,0
316,63,1171.477,1,0.007326533,0
24,63,1171.489,1,0.007777812,0
67,70,1171.723,1,0.004787813,0
96,71,1171.762,1,0.008982087,0
294,72,1171.796,1,0.008011906,0
243,79,1172.041,1,0.010954208,0
209,80,1172.086,1,0.008577233,0
306,88,1172.359,1,0.007978546,0
134,92,1172.502,1,0.005251092,0
216,102,1172.857,1,0.008905826,0
111,103,1172.897,1,0.013156990,0
166,107,1173.029,1,0.005569806,0
145,110,1173.134,1,0.017329441,0
32,111,1173.172,1,0.009162650,0
245,112,1173.204,1,0.009376259,0
232,115,1173.311,1,0.009836862,0
334,118,1173.421,1,0.007687065,0
46,120,1173.495,1,0.009499800,0
119,121,1173.539,1,0.012216236,0
44,124,1173.629,1,0.009553695,0
281,127,1173.735,1,0.010079685,0
191,128,1173.769,1,0.004453444,0
123,128,1173.778,1,0.012000349,0
48,132,1173.917,1,0.009437680,0
215,133,1173.948,1,0.009842358,0
186,134,1173.99,1,0.006127089,0
15,135,1174.025,1,0.013754521,0
299,142,1174.265,1,0.012130948,0
232,150,1174.545,1,0.023591420,0
248,150,1174.553,1,0.012785770,0
249,151,1174.591,1,0.011818766,0
214,155,1174.725,1,0.025246538,0
210,156,1174.768,1,0.022065777,0
330,165,1175.081,1,0.007688735,0
159,175,1175.426,1,0.010514773,0
299,216,1176.88,1,0.007126053,0
199,228,1177.317,1,0.007126893,0
201,230,1177.389,1,0.008332712,0
234,75,1191.044,1,0.057396345,0
36,1,1199.768,1,0.009114472,0
36,7,1199.969,1,0.009156941,0
73,8,1199.999,1,0.009304380,0
271,14,1200.206,1,0.007098737,0
108,19,1200.381,1,0.009943931,0
165,22,1200.496,1,0.009293970,0
160,29,1200.736,1,0.009614605,0
271,30,1200.767,1,0.007567820,0
135,31,1200.804,1,0.009161204,0
235,72,1201.042,0,0.163873494,0
35,47,1201.371,1,0.009161961,0
295,48,1201.408,1,0.007906899,0
157,55,1201.655,1,0.008897059,0
217,56,1201.685,1,0.007311923,0
217,57,1201.727,1,0.009957161,0
1,60,1201.842,1,0.009788159,0
13,62,1201.896,1,0.010391625,0
271,62,1201.904,1,0.008764547,0
103,63,1201.94,1,0.008911822,0
181,63,1201.955,1,0.008869644,0
25,67,1202.093,1,0.016638828,0
74,70,1202.174,1,0.035875089,0
329,71,1202.218,1,0.010236812,0
235,76,1202.39,1,0.044525027,0
171,79,1202.493,1,0.061516307,0
237,79,1202.5,1,0.044507753,0
202,84,1202.683,1,0.048421092,0
159,86,1202.767,1,0.074822009,0
62,87,1202.783,1,0.018116258,0
154,88,1202.808,1,0.069894366,0
272,93,1203.003,1,0.009810165,0
228,94,1203.028,1,0.009505711,0
150,94,1203.035,1,0.004722009,0
245,101,1203.274,1,0.007485528,0
324,103,1203.353,1,0.007597103,0
59,104,1203.379,1,0.009803358,0
245,104,1203.393,1,0.007258382,0
283,107,1203.501,1,0.009377335,0
284,111,1203.624,1,0.009715765,0
91,112,1203.657,1,0.010843143,0
92,114,1203.725,1,0.010670774,0
184,115,1203.784,1,0.005182305,0
195,118,1203.87,1,0.008966472,0
166,121,1203.989,1,0.016526511,0
312,133,1204.406,1,0.008235229,0
257,135,1204.474,1,0.009460335,0
18,142,1204.719,1,0.008743892,0
338,177,1205.948,1,0.007548838,0
246,179,1206.026,1,0.013361175,0
2,194,1206.573,1,0.012974379,0
24,197,1206.679,1,0.013280009,0
290,198,1206.703,1,0.010676015,0
143,199,1206.729,1,0.014417595,0
47,200,1206.786,1,0.013523704,0
42,201,1206.802,1,0.013448706,0
8,208,1207.06,1,0.008092402,0
288,210,1207.141,1,0.007294245,0
109,214,1207.27,1,0.008625487,0
311,237,1208.077,1,0.006655791,0
326,247,1208.437,1,0.006634494,0
274,259,1208.871,1,0.006143863,0
177,4,1209.398,1,0.009175520,0
103,11,1209.643,1,0.009492418,0
305,13,1209.722,1,0.008139124,0
183,14,1209.755,1,0.009148642,0
49,15,1209.79,1,0.009146128,0
109,16,1209.819,1,0.009775366,0
53,16,1209.845,1,0.009740887,0
24,19,1209.924,1,0.009139276,0
31,20,1209.958,1,0.009312458,0
0,21,1209.994,1,0.008887679,0
100,21,1210.004,1,0.044394903,0
149,22,1210.037,1,0.044472106,0
180,24,1210.111,1,0.013009329,0
184,28,1210.249,1,0.013289772,0
217,28,1210.259,1,0.010587353,0
302,29,1210.288,1,0.009278593,0
224,30,1210.325,1,0.010687242,0
81,31,1210.359,1,0.049088724,0
233,32,1210.381,1,0.010714087,0
298,32,1210.388,1,0.010986258,0
302,32,1210.399,1,0.009619632,0
240,38,1210.61,1,0.011294142,0
96,39,1210.632,1,0.048974678,0
253,40,1210.674,1,0.011045184,0
120,43,1210.793,1,0.048355121,0
184,47,1210.911,1,0.049369775,0
103,47,1210.918,1,0.048082922,0
97,47,1210.931,1,0.048161663,0
112,48,1210.971,1,0.047661234,0
114,53,1211.129,1,0.008766661,0
115,56,1211.232,1,0.008934496,0
270,58,1211.302,1,0.008521997,0
116,60,1211.378,1,0.009329396,0
206,62,1211.443,1,0.008997699,0
56,71,1211.771,1,0.012062158,0
332,104,1212.921,1,0.007419479,0
114,108,1213.078,1,0.012719786,0
305,114,1213.274,1,0.008346787,0
143,124,1213.631,1,0.012575127,0
175,128,1213.792,1,0.010533857,0
288,136,1214.057,1,0.013460979,0
129,153,1214.671,1,0.016805515,0
78,157,1214.796,1,0.014623240,0
28,158,1214.846,1,0.013877077,0
49,180,1215.608,1,0.008369769,0
95,192,1216.029,1,0.008454033,0
292,196,1216.166,1,0.007537754,0
161,196,1216.176,1,0.009010050,0
72,206,1216.519,1,0.008435219,0
271,213,1216.783,1,0.007426017,0
272,215,1216.837,1,0.007459888,0
192,224,1217.169,1,0.008364748,0
175,224,1217.184,1,0.009006003,0
219,240,1217.72,1,0.009103769,0
72,245,1217.913,1,0.007808922,0
182,250,1218.077,1,0.013860370,0
179,252,1218.158,1,0.014186350,0
83,5,1239.9,1,0.009343171,0
60,6,1239.931,1,0.009398315,0
288,14,1240.211,1,0.007435981,0
153,14,1240.221,1,0.009047613,0
239,23,1240.534,1,0.007148865,0
336,37,1241.026,1,0.006961495,0
74,38,1241.05,1,0.009091096,0
124,40,1241.129,1,0.009104014,0
53,46,1241.342,1,0.009383127,0
79,55,1241.656,1,0.008865738,0
240,57,1241.716,1,0.011717551,0
125,57,1241.729,1,0.009013854,0
168,61,1241.867,1,0.009254039,0
207,61,1241.867,1,0.009006190,0
66,63,1241.946,1,0.009709815,0
64,64,1241.973,1,0.005528355,0
200,66,1242.057,1,0.048307464,0
191,70,1242.2,1,0.050456788,0
334,71,1242.238,1,0.010147597,0
311,80,1242.538,1,0.010996242,0
307,84,1242.687,1,0.010323558,0
120,85,1242.703,1,0.055429991,0
92,88,1242.833,1,0.031531997,0
15,94,1243.029,1,0.009361946,0
334,95,1243.064,1,0.007128769,0
66,96,1243.094,1,0.010641491,0
55,104,1243.385,1,0.010238498,0
287,105,1243.413,1,0.009621617,0
259,108,1243.517,1,0.019083746,0
260,108,1243.529,1,0.020681534,0
198,109,1243.555,1,0.008960406,0
200,110,1243.597,1,0.010322978,0
2,111,1243.62,1,0.008857450,0
176,111,1243.639,1,0.005115799,0
136,118,1243.867,1,0.015791481,0
139,119,1243.905,1,0.014682158,0
148,119,1243.912,1,0.015761185,0
128,123,1244.066,1,0.013500816,0
59,127,1244.21,1,0.009156289,0
134,128,1244.242,1,0.013468554,0
330,133,1244.395,1,0.007885666,0
4,133,1244.403,1,0.009372164,0
260,135,1244.469,1,0.009816434,0
34,139,1244.62,1,0.008861260,0
144,139,1244.635,1,0.011370111,0
31,140,1244.646,1,0.008423971,0
142,141,1244.695,1,0.009809859,0
164,142,1244.716,1,0.013704371,0
36,143,1244.758,1,0.008831525,0
323,145,1244.819,1,0.008035175,0
153,156,1245.215,1,0.010802993,0
304,156,1245.226,1,0.008444860,0
21,160,1245.35,1,0.009015421,0
248,167,1245.615,1,0.009509304,0
16,168,1245.655,1,0.009271714,0
98,175,1245.886,1,0.008753511,0
13,182,1246.149,1,0.009658474,0
218,183,1246.173,1,0.014576797,0
13,184,1246.2,1,0.010398109,0
112,188,1246.345,1,0.014319198,0
189,189,1246.382,1,0.013296791,0
32,192,1246.481,1,0.013484155,0
37,194,1246.547,1,0.013534206,0
270,197,1246.682,1,0.010902281,0
184,208,1247.05,1,0.009550217,0
44,216,1247.329,1,0.008268759,0
136,218,1247.422,1,0.008848856,0
183,224,1247.612,1,0.008747820,0
178,227,1247.725,1,0.008741640,0
121,233,1247.941,1,0.009236031,0
233,72,1247.962,0,0.193644598,0
142,244,1248.31,1,0.008589764,0
330,246,1248.404,1,0.006440571,0
175,247,1248.43,1,0.008532680,0
76,256,1248.75,1,0.008282233,0
229,4,1249.399,1,0.006984137,0
242,5,1249.433,1,0.006584685,0
224,5,1249.448,1,0.006399071,0
264,6,1249.467,1,0.007450206,0
267,7,1249.5,1,0.007250483,0
106,15,1249.791,1,0.009678609,0
92,21,1249.998,1,0.009981954,0
202,22,1250.036,1,0.010666989,0
193,23,1250.07,1,0.011840801,0
157,28,1250.25,1,0.045713931,0
214,36,1250.536,1,0.013189769,0
212,38,1250.615,1,0.009363636,0
215,40,1250.667,1,0.013182812,0
117,42,1250.736,1,0.048491053,0
187,46,1250.885,1,0.049076818,0
210,46,1250.893,1,0.024947044,0
339,56,1251.254,1,0.007062558,0
92,58,1251.301,1,0.008971826,0
70,65,1251.547,1,0.009248786,0
188,65,1251.559,1,0.009339106,0
246,69,1251.686,1,0.010686103,0
136,70,1251.726,1,0.009380100,0
140,77,1251.974,1,0.009797869,0
95,79,1252.054,1,0.004527078,0
154,93,1252.547,1,0.009826683,0
18,96,1252.637,1,0.009510144,0
181,103,1252.909,1,0.009949139,0
32,48,1253.145,1,0.007391751,0
5,111,1253.169,1,0.009277668,0
112,112,1253.207,1,0.012933682,0
203,115,1253.314,1,0.008944551,0
118,119,1253.455,1,0.012419264,0
154,123,1253.6,1,0.014810553,0
262,124,1253.624,1,0.012776828,0
64,134,1253.979,1,0.009774872,0
103,135,1254.03,1,0.018093040,0
227,136,1254.066,1,0.040092122,0
87,138,1254.127,1,0.015387932,0
123,148,1254.503,1,0.017315099,0
195,152,1254.644,1,0.018304190,0
235,156,1254.758,1,0.019610135,0
72,169,1255.216,1,0.009400900,0
201,188,1255.899,1,0.008290908,0
208,190,1255.976,1,0.008804569,0
203,192,1256.029,1,0.007996039,0
256,202,1256.391,1,0.008381131,0
103,209,1256.631,1,0.008612465,0
53,211,1256.712,1,0.008322765,0
31,224,1257.157,1,0.008479259,0
279,238,1257.665,1,0.007892387,0
146,9,1280.032,1,0.009341917,0
50,13,1280.17,1,0.009272384,0
137,36,1280.975,1,0.008901901,0
88,36,1280.985,1,0.008961482,0
304,43,1281.233,1,0.007480361,0
32,48,1281.278,1,0.008230039,0
28,47,1281.368,1,0.005232829,0
266,53,1281.587,1,0.008345078,0
33,53,1281.605,1,0.004582672,0
125,54,1281.616,1,0.008900465,0
268,54,1281.628,1,0.009052200,0
41,56,1281.698,1,0.004481955,0
153,59,1281.8,1,0.008892847,0
40,60,1281.823,1,0.009526061,0
163,64,1281.978,1,0.009592849,0
149,69,1282.155,1,0.053588312,0
202,71,1282.22,1,0.048569061,0
208,81,1282.578,1,0.047854513,0
95,91,1282.919,1,0.032923937,0
119,92,1282.953,1,0.044865657,0
113,93,1282.984,1,0.041824549,0
112,96,1283.104,1,0.016719732,0
10,99,1283.213,1,0.009288847,0
116,104,1283.385,1,0.014035740,0
222,114,1283.731,1,0.009390457,0
47,120,1283.941,1,0.009041274,0
283,122,1284.012,1,0.009566630,0
25,125,1284.121,1,0.008523572,0
286,126,1284.149,1,0.009955280,0
134,127,1284.184,1,0.012806998,0
332,127,1284.192,1,0.007571098,0
142,134,1284.433,1,0.012727675,0
331,134,1284.458,1,0.007527224,0
281,139,1284.609,1,0.008865021,0
32,141,1284.679,1,0.008760750,0
29,142,1284.733,1,0.006700955,0
134,143,1284.751,1,0.010753879,0
28,143,1284.767,1,0.006951082,0
280,148,1284.933,1,0.008979415,0
148,155,1285.202,1,0.010124819,0
162,156,1285.213,1,0.011912170,0
336,157,1285.248,1,0.007542989,0
40,159,1285.318,1,0.008436651,0
235,163,1285.455,1,0.008307623,0
141,164,1285.494,1,0.007975241,0
141,166,1285.577,1,0.007819210,0
235,167,1285.597,1,0.010659811,0
30,168,1285.639,1,0.008716376,0
101,175,1285.888,1,0.008735977,0
62,179,1286.035,1,0.014098906,0
135,186,1286.275,1,0.014454168,0
141,189,1286.382,1,0.014514222,0
203,191,1286.458,1,0.011252945,0
200,199,1286.726,1,0.010890472,0
183,200,1286.766,1,0.014216737,0
231,205,1286.946,1,0.007574638,0
74,215,1287.306,1,0.008667336,0
275,216,1287.327,1,0.007448489,0
54,229,1287.79,1,0.009066011,0
191,230,1287.829,1,0.008976427,0
303,233,1287.931,1,0.006955831,0
88,246,1288.392,1,0.014539165,0
71,247,1288.432,1,0.008663170,0
253,248,1288.459,1,0.005232501,0
77,256,1288.742,1,0.007958591,0
43,8,1289.536,1,0.009537416,0
10,8,1289.552,1,0.009337143,0
48,12,1289.687,1,0.009647342,0
293,19,1289.925,1,0.008036817,0
335,30,1290.325,1,0.010153064,0
240,40,1290.664,1,0.011595499,0
283,42,1290.739,1,0.010920648,0
198,46,1290.886,1,0.046602126,0
336,48,1290.953,1,0.010137343,0
8,54,1291.161,1,0.011493112,0
224,69,1291.689,1,0.009499598,0
104,85,1292.261,1,0.005559616,0
279,86,1292.295,1,0.009505922,0
257,96,1292.652,1,0.008779963,0
293,101,1292.825,1,0.008602342,0
32,104,1292.931,1,0.009613633,0
151,50,1292.998,1,0.008571360,0
103,109,1293.112,1,0.012178427,0
129,110,1293.139,1,0.014758065,0
95,112,1293.205,1,0.011606089,0
8,112,1293.223,1,0.009099223,0
15,114,1293.282,1,0.009016120,0
94,116,1293.346,1,0.010976036,0
327,120,1293.489,1,0.007673710,0
55,121,1293.521,1,0.009179463,0
319,121,1293.531,1,0.007713506,0
148,122,1293.579,1,0.014400279,0
296,125,1293.673,1,0.008778627,0
321,127,1293.739,1,0.008052037,0
16,131,1293.893,1,0.010759979,0
17,132,1293.917,1,0.008256708,0
63,138,1294.125,1,0.014725216,0
60,139,1294.162,1,0.014629762,0
270,157,1294.795,1,0.012576976,0
264,157,1294.809,1,0.012748921,0
73,177,1295.509,1,0.008692332,0
26,208,1296.592,1,0.008060951,0
320,223,1297.123,1,0.006958506,0
130,238,1297.666,1,0.008531741,0
223,32,1308.342,1,0.007876304,0
328,17,1320.321,1,0.007218295,0
300,27,1320.667,1,0.007676481,0
147,48,1321.406,1,0.009835877,0
146,51,1321.51,1,0.010014690,0
95,52,1321.553,1,0.009349850,0
308,54,1321.618,1,0.007568891,0
197,54,1321.631,1,0.009321595,0
104,55,1321.653,1,0.009683643,0
143,55,1321.666,1,0.009078202,0
106,56,1321.696,1,0.009695227,0
327,64,1321.974,1,0.007922718,0
96,84,1322.68,1,0.032134775,0
176,85,1322.704,1,0.068012170,0
125,87,1322.789,1,0.061186295,0
270,95,1323.062,1,0.009525827,0
110,99,1323.214,1,0.014905565,0
30,120,1323.948,1,0.008873641,0
168,122,1324.032,1,0.011532742,0
168,124,1324.099,1,0.021392837,0
115,125,1324.125,1,0.011188962,0
31,126,1324.162,1,0.008701897,0
140,132,1324.373,1,0.012880471,0
162,147,1324.895,1,0.012667156,0
224,148,1324.937,1,0.009203220,0
52,151,1325.046,1,0.008592103,0
226,152,1325.066,1,0.009059262,0
84,159,1325.331,1,0.008772369,0
315,160,1325.354,1,0.008202650,0
254,162,1325.436,1,0.008876132,0
276,167,1325.612,1,0.008330419,0
67,172,1325.78,1,0.008767945,0
90,189,1326.376,1,0.014190137,0
313,213,1327.223,1,0.007208481,0
140,247,1328.438,1,0.008246254,0
316,258,1328.82,1,0.006292418,0
152,14,1329.776,1,0.009383731,0
247,16,1329.82,1,0.005243411,0
244,19,1329.933,1,0.005881336,0
294,20,1329.963,1,0.007403838,0
7,23,1330.091,1,0.043371458,0
215,28,1330.258,1,0.010612934,0
104,32,1330.386,1,0.047806557,0
165,47,1330.925,1,0.048010904,0
39,48,1330.948,1,0.035345502,0
341,50,1331.021,1,0.006908358,0
24,52,1331.087,1,0.008847397,0
30,53,1331.123,1,0.005083653,0
29,56,1331.236,1,0.010045457,0
216,59,1331.341,1,0.009117647,0
25,63,1331.479,1,0.011159125,0
279,66,1331.606,1,0.008592688,0
118,67,1331.624,1,0.009064583,0
36,71,1331.761,1,0.011146836,0
188,85,1332.265,1,0.009577275,0
160,88,1332.387,1,0.010095647,0
213,94,1332.58,1,0.008592344,0
122,100,1332.793,1,0.013817160,0
256,101,1332.827,1,0.009242671,0
0,102,1332.866,1,0.009157054,0
189,103,1332.895,1,0.009126806,0
210,104,1332.935,1,0.008803000,0
326,107,1333.03,1,0.007557523,0
31,107,1333.04,1,0.009361933,0
210,110,1333.136,1,0.009807955,0
207,111,1333.171,1,0.009182798,0
335,111,1333.189,1,0.007603814,0
304,116,1333.346,1,0.008264751,0
235,121,1333.546,1,0.010004580,0
260,127,1333.733,1,0.012601996,0
201,135,1334.023,1,0.044337466,0
103,142,1334.29,1,0.016055401,0
15,150,1334.553,1,0.013702095,0
97,152,1334.616,1,0.015067531,0
97,159,1334.863,1,0.014856432,0
240,161,1334.938,1,0.016984100,0
192,205,1336.488,1,0.009622954,0
326,227,1337.273,1,0.006926407,0
113,235,1337.573,1,0.008585555,0
203,251,1338.125,1,0.010411399,0
254,104,1356.131,1,0.009057417,0
227,160,1356.789,1,0.011714839,0
80,5,1359.891,1,0.009540658,0
309,6,1359.921,1,0.007238460,0
71,7,1359.979,1,0.009519720,0
319,21,1360.454,1,0.007207508,0
304,28,1360.699,1,0.007477544,0
212,56,1361.687,1,0.009109215,0
53,68,1362.112,1,0.020076999,0
312,70,1362.184,1,0.010544712,0
245,75,1362.371,1,0.037938077,0
301,84,1362.695,1,0.011497451,0
67,86,1362.744,1,0.019311355,0
120,93,1363.002,1,0.005872458,0
27,94,1363.045,1,0.009536446,0
142,96,1363.1,1,0.005637162,0
333,104,1363.379,1,0.007437717,0
160,116,1363.805,1,0.019026633,0
162,120,1363.957,1,0.018131999,0
166,127,1364.182,1,0.017626289,0
61,127,1364.21,1,0.008993682,0
29,128,1364.236,1,0.008692098,0
88,131,1364.326,1,0.009893756,0
214,131,1364.334,1,0.009531233,0
1,135,1364.471,1,0.007649689,0
5,135,1364.482,1,0.007744972,0
295,136,1364.508,1,0.008779914,0
141,144,1364.8,1,0.011320956,0
128,150,1364.998,1,0.009952150,0
34,150,1365.006,1,0.008900036,0
147,174,1365.857,1,0.009301691,0
65,180,1366.07,1,0.014112843,0
317,181,1366.106,1,0.010952906,0
113,192,1366.477,1,0.014225535,0
312,196,1366.629,1,0.010700025,0
307,197,1366.66,1,0.010683204,0
83,206,1366.972,1,0.013807632,0
79,208,1367.056,1,0.008796870,0
148,214,1367.262,1,0.009445895,0
315,216,1367.329,1,0.007419279,0
90,223,1367.581,1,0.006228413,0
95,225,1367.658,1,0.008062243,0
90,227,1367.739,1,0.006919863,0
108,228,1367.772,1,0.008278619,0
126,230,1367.817,1,0.009145527,0
267,248,1368.458,1,0.006051950,0
304,249,1368.494,1,0.006417039,0
0,250,1368.537,1,0.007203009,0
2,250,1368.55,1,0.031014249,0
3,251,1368.582,1,0.006969186,0
79,259,1368.854,1,0.008468121,0
176,5,1369.432,1,0.008120667,0
97,5,1369.433,1,0.009504558,0
161,6,1369.465,1,0.010835858,0
263,6,1369.468,1,0.007678363,0
68,7,1369.506,1,0.009684945,0
184,7,1369.514,1,0.007656200,0
26,8,1369.539,1,0.010195177,0
24,9,1369.573,1,0.011007859,0
342,14,1369.75,1,0.007315545,0
246,15,1369.782,1,0.006772175,0
278,15,1369.79,1,0.008399484,0
280,16,1369.817,1,0.007533585,0
92,16,1369.824,1,0.009818432,0
28,16,1369.824,1,0.009462561,0
276,16,1369.836,1,0.009044368,0
49,16,1369.843,1,0.009604893,0
307,17,1369.861,1,0.007381220,0
32,19,1369.925,1,0.009315561,0
58,19,1369.938,1,0.009472228,0
305,20,1369.962,1,0.007807788,0
280,21,1370.009,1,0.010576529,0
199,22,1370.061,1,0.010875437,0
202,23,1370.065,1,0.010711853,0
152,24,1370.112,1,0.044504765,0
231,25,1370.141,1,0.010325190,0
322,26,1370.185,1,0.010335105,0
319,28,1370.254,1,0.010369738,0
149,29,1370.28,1,0.046347026,0
327,30,1370.312,1,0.010295150,0
241,30,1370.32,1,0.010596574,0
225,30,1370.327,1,0.009802095,0
231,31,1370.352,1,0.010674106,0
202,32,1370.38,1,0.012414054,0
223,32,1370.405,1,0.009467625,0
32,48,1370.426,1,0.029136360,0
200,33,1370.429,1,0.013478923,0
288,34,1370.461,1,0.010740360,0
24,35,1370.491,1,0.040736273,0
201,37,1370.56,1,0.019938247,0
207,38,1370.594,1,0.014017243,0
305,38,1370.604,1,0.010563459,0
208,40,1370.666,1,0.016582133,0
248,43,1370.77,1,0.011649788,0
192,43,1370.778,1,0.014137679,0
242,44,1370.815,1,0.012106247,0
49,46,1370.876,1,0.043498568,0
189,46,1370.901,1,0.014400814,0
95,47,1370.924,1,0.010897706,0
95,48,1370.963,1,0.026509885,0
81,49,1370.995,1,0.047519267,0
323,51,1371.06,1,0.007601684,0
86,55,1371.204,1,0.008846552,0
8,56,1371.232,1,0.011173314,0
15,57,1371.27,1,0.012074221,0
55,63,1371.479,1,0.004628890,0
306,63,1371.507,1,0.007370224,0
239,67,1371.623,1,0.011913417,0
204,80,1372.08,1,0.009220428,0
130,93,1372.543,1,0.006145226,0
156,101,1372.827,1,0.005611321,0
87,103,1372.89,1,0.011394138,0
311,109,1373.113,1,0.008263579,0
287,112,1373.208,1,0.010472747,0
194,118,1373.419,1,0.009430854,0
343,119,1373.478,1,0.007352049,0
127,120,1373.487,1,0.013551245,0
176,122,1373.56,1,0.005625248,0
78,125,1373.662,1,0.009454126,0
167,126,1373.701,1,0.027637575,0
166,128,1373.769,1,0.036521561,0
160,131,1373.879,1,0.014450031,0
177,136,1374.052,1,0.041543268,0
62,136,1374.068,1,0.014720595,0
258,137,1374.107,1,0.019979445,0
227,139,1374.171,1,0.038223781,0
24,140,1374.198,1,0.013873280,0
257,141,1374.229,1,0.022244005,0
27,142,1374.262,1,0.013936380,0
228,142,1374.287,1,0.034722585,0
299,149,1374.513,1,0.012071208,0
173,151,1374.594,1,0.029797120,0
340,151,1374.61,1,0.010660062,0
297,152,1374.617,1,0.012037040,0
184,152,1374.627,1,0.025894728,0
192,152,1374.641,1,0.019351469,0
197,157,1374.797,1,0.012039637,0
199,159,1374.868,1,0.014889855,0
278,159,1374.876,1,0.012194241,0
42,160,1374.904,1,0.014078393,0
18,164,1375.037,1,0.008533947,0
237,165,1375.074,1,0.009643949,0
80,173,1375.367,1,0.008857798,0
88,175,1375.435,1,0.009152707,0
190,176,1375.468,1,0.009854666,0
190,185,1375.783,1,0.009172677,0
310,219,1376.992,1,0.007198506,0
294,7,1399.956,1,0.007161256,0
157,36,1400.98,1,0.008964659,0
184,45,1401.299,1,0.009304745,0
192,48,1401.403,1,0.009339067,0
195,52,1401.547,1,0.009292134,0
76,60,1401.833,1,0.008841871,0
128,62,1401.913,1,0.009115347,0
320,63,1401.936,1,0.007142972,0
33,63,1401.957,1,0.012330263,0
202,64,1401.979,1,0.009653117,0
8,71,1402.238,1,0.014780358,0
231,76,1402.404,1,0.044576023,0
162,77,1402.432,1,0.061184183,0
252,88,1402.817,1,0.036594037,0
66,92,1402.949,1,0.018474629,0
324,95,1403.08,1,0.007446819,0
44,96,1403.111,1,0.009364026,0
273,97,1403.152,1,0.009292731,0
48,100,1403.26,1,0.009798263,0
272,102,1403.32,1,0.009654192,0
245,105,1403.407,1,0.009357614,0
228,109,1403.562,1,0.009466378,0
251,120,1403.948,1,0.009115024,0
166,127,1404.184,1,0.017426116,0
55,131,1404.328,1,0.008825146,0
223,133,1404.407,1,0.009514021,0
151,134,1404.444,1,0.012191301,0
60,135,1404.48,1,0.009194197,0
39,143,1404.772,1,0.008549131,0
325,144,1404.795,1,0.007638031,0
104,148,1404.952,1,0.009663707,0
14,152,1405.073,1,0.008700779,0
290,152,1405.095,1,0.008517667,0
134,162,1405.435,1,0.009530615,0
131,163,1405.461,1,0.009202011,0
159,168,1405.645,1,0.011059532,0
157,171,1405.741,1,0.009700897,0
40,174,1405.852,1,0.008949886,0
303,176,1405.919,1,0.008169482,0
239,183,1406.169,1,0.014748245,0
163,184,1406.192,1,0.016703788,0
18,186,1406.273,1,0.013357969,0
31,190,1406.408,1,0.013509285,0
195,192,1406.476,1,0.011727438,0
72,192,1406.505,1,0.013970199,0
121,203,1406.873,1,0.014033714,0
200,212,1407.188,1,0.007316826,0
53,222,1407.544,1,0.007948105,0
110,222,1407.563,1,0.008258824,0
159,230,1407.831,1,0.008258383,0
48,249,1408.493,1,0.008514567,0
344,254,1408.662,1,0.006467212,0
93,58,1409.042,1,0.008914770,0
152,7,1409.501,1,0.013302746,0
160,8,1409.535,1,0.009603908,0
308,12,1409.678,1,0.007301827,0
218,15,1409.802,1,0.006565751,0
139,16,1409.823,1,0.009604784,0
138,20,1409.963,1,0.009545788,0
46,21,1409.996,1,0.009409010,0
46,23,1410.065,1,0.047130004,0
344,29,1410.279,1,0.009956380,0
211,40,1410.666,1,0.013981857,0
266,61,1411.41,1,0.009064571,0
8,76,1411.934,1,0.009535798,0
32,48,1412.069,1,0.008760585,0
304,80,1412.085,1,0.007803652,0
298,85,1412.263,1,0.008285104,0
53,91,1412.463,1,0.009893253,0
64,92,1412.512,1,0.011391582,0
63,94,1412.584,1,0.010302245,0
322,108,1413.07,1,0.007550185,0
169,110,1413.139,1,0.005924975,0
319,112,1413.234,1,0.008519431,0
51,115,1413.31,1,0.009341511,0
47,116,1413.358,1,0.009734569,0
40,126,1413.702,1,0.009254314,0
121,152,1414.622,1,0.015749693,0
261,153,1414.653,1,0.013598509,0
50,175,1415.44,1,0.009129557,0
272,228,1417.299,1,0.007187589,0
189,237,1417.615,1,0.008392905,0
34,5,1439.901,1,0.009240016,0
333,8,1439.996,1,0.007212526,0
158,19,1440.383,1,0.010004324,0
165,23,1440.523,1,0.009515396,0
278,23,1440.528,1,0.007709770,0
235,28,1440.691,1,0.007322175,0
311,47,1441.366,1,0.007721734,0
101,48,1441.401,1,0.009351587,0
218,56,1441.701,1,0.009183284,0
154,58,1441.761,1,0.009126439,0
291,63,1441.937,1,0.008349487,0
112,64,1441.967,1,0.009385370,0
151,64,1441.98,1,0.009621895,0
241,68,1442.104,1,0.034125023,0
256,70,1442.179,1,0.020723280,0
0,71,1442.216,1,0.013980233,0
138,74,1442.338,1,0.052902613,0
80,82,1442.611,1,0.025889821,0
308,85,1442.73,1,0.011170939,0
344,86,1442.744,1,0.009941532,0
36,90,1442.887,1,0.015528982,0
48,95,1443.062,1,0.010147799,0
131,96,1443.094,1,0.008622942,0
130,97,1443.134,1,0.009672728,0
75,99,1443.218,1,0.011289016,0
55,106,1443.465,1,0.010344177,0
56,108,1443.525,1,0.010595719,0
60,109,1443.553,1,0.010110200,0
44,111,1443.622,1,0.009757998,0
166,127,1444.186,1,0.018220920,0
224,141,1444.682,1,0.009692618,0
102,142,1444.727,1,0.010038409,0
220,143,1444.762,1,0.009531385,0
69,154,1445.162,1,0.009024555,0
46,156,1445.231,1,0.009726624,0
56,159,1445.313,1,0.008689288,0
141,164,1445.487,1,0.009919766,0
274,164,1445.497,1,0.008456079,0
63,166,1445.578,1,0.009215611,0
58,168,1445.637,1,0.010100470,0
55,170,1445.713,1,0.009243735,0
152,184,1446.204,1,0.015211456,0
106,184,1446.222,1,0.014430265,0
244,186,1446.273,1,0.013293956,0
331,187,1446.332,1,0.010667336,0
265,190,1446.408,1,0.011247170,0
59,194,1446.558,1,0.013789359,0
92,214,1447.284,1,0.009938361,0
94,215,1447.295,1,0.009122805,0
44,228,1447.749,1,0.008119123,0
207,238,1448.104,1,0.006870939,0
77,250,1448.522,1,0.007279605,0
77,253,1448.629,1,0.019408345,0
9,2,1449.342,1,0.009292411,0
138,5,1449.436,1,0.009503467,0
315,10,1449.608,1,0.007979222,0
332,12,1449.694,1,0.007581326,0
172,15,1449.792,1,0.009843901,0
216,16,1449.826,1,0.006685650,0
52,19,1449.94,1,0.009383238,0
224,21,1449.994,1,0.006897808,0
52,21,1450.0,1,0.045758989,0
319,23,1450.071,1,0.010350841,0
230,24,1450.101,1,0.010264435,0
312,24,1450.107,1,0.010423059,0
313,27,1450.215,1,0.010420309,0
95,31,1450.35,1,0.024619620,0
223,32,1450.388,1,0.010992965,0
99,35,1450.506,1,0.019182654,0
167,36,1450.523,1,0.047987513,0
0,37,1450.559,1,0.021731509,0
96,37,1450.576,1,0.049304169,0
205,46,1450.881,1,0.034847535,0
82,48,1450.953,1,0.047682706,0
172,53,1451.126,1,0.008207697,0
7,54,1451.158,1,0.010675049,0
172,56,1451.237,1,0.009125283,0
332,60,1451.376,1,0.006979020,0
217,62,1451.45,1,0.008869146,0
313,64,1451.541,1,0.007367566,0
145,72,1451.803,1,0.009668700,0
70,79,1452.049,1,0.012556266,0
219,81,1452.115,1,0.008597897,0
58,90,1452.427,1,0.010562558,0
47,95,1452.603,1,0.009634016,0
276,116,1453.355,1,0.010644006,0
279,117,1453.386,1,0.009830575,0
62,133,1453.954,1,0.009004284,0
136,142,1454.264,1,0.024130911,0
326,165,1455.08,1,0.007724126,0
42,167,1455.147,1,0.008541802,0
187,167,1455.157,1,0.010662039,0
196,181,1455.648,1,0.008385797,0
142,189,1455.918,1,0.008917294,0
108,190,1455.965,1,0.008586577,0
135,202,1456.387,1,0.006997341,0
135,204,1456.469,1,0.006744938,0
331,220,1457.041,1,0.007260973,0
118,222,1457.109,1,0.008559679,0
124,224,1457.18,1,0.008723214,0
270,235,1457.544,1,0.007125576,0
95,237,1457.615,1,0.007975720,0
48,256,1458.312,1,0.012565735,0
279,6,1479.926,1,0.007319316,0
191,21,1480.452,1,0.008532523,0
146,22,1480.483,1,0.005942171,0
146,23,1480.526,1,0.011227682,0
181,28,1480.719,1,0.011891590,0
257,32,1480.84,1,0.007326926,0
264,40,1481.127,1,0.007457187,0
239,47,1481.374,1,0.009878905,0
272,48,1481.422,1,0.007692374,0
72,51,1481.51,1,0.009136016,0
119,53,1481.574,1,0.008936903,0
236,55,1481.652,1,0.011509050,0
135,56,1481.689,1,0.009492418,0
112,56,1481.709,1,0.008882917,0
133,60,1481.829,1,0.009596890,0
43,70,1482.188,1,0.018140996,0
72,71,1482.217,1,0.030139102,0
288,78,1482.468,1,0.011978738,0
11,88,1482.814,1,0.014279645,0
249,101,1483.272,1,0.009140340,0
254,104,1483.373,1,0.009377668,0
337,109,1483.557,1,0.007265244,0
198,111,1483.626,1,0.008885579,0
223,111,1483.637,1,0.009338419,0
132,131,1484.329,1,0.012983591,0
143,134,1484.44,1,0.012413704,0
139,135,1484.477,1,0.012234721,0
142,136,1484.518,1,0.013186046,0
129,152,1485.076,1,0.009758699,0
264,155,1485.178,1,0.009258018,0
87,165,1485.535,1,0.008811770,0
85,168,1485.642,1,0.008859690,0
95,175,1485.883,1,0.008725804,0
112,178,1486.004,1,0.014515867,0
255,180,1486.063,1,0.012085694,0
236,183,1486.17,1,0.017368769,0
151,189,1486.372,1,0.014896978,0
176,190,1486.409,1,0.014872220,0
82,198,1486.694,1,0.013963225,0
337,204,1486.904,1,0.010446880,0
302,206,1486.999,1,0.010558750,0
86,215,1487.315,1,0.008459618,0
322,224,1487.629,1,0.006995142,0
136,228,1487.764,1,0.008614261,0
191,229,1487.788,1,0.008823535,0
286,229,1487.804,1,0.006859346,0
63,230,1487.822,1,0.006409895,0
62,230,1487.84,1,0.011275255,0
73,231,1487.863,1,0.008691235,0
111,247,1488.423,1,0.007984625,0
119,251,1488.581,1,0.007921931,0
273,254,1488.683,1,0.006033271,0
101,256,1488.747,1,0.007804926,0
340,4,1489.412,1,0.007051642,0
172,5,1489.436,1,0.008439970,0
167,6,1489.468,1,0.009679007,0
109,7,1489.504,1,0.009985347,0
177,9,1489.588,1,0.008439319,0
295,13,1489.719,1,0.007364344,0
161,13,1489.735,1,0.010319963,0
109,14,1489.769,1,0.009887327,0
319,15,1489.799,1,0.007419149,0
289,21,1489.995,1,0.007573184,0
8,23,1490.075,1,0.044280589,0
328,23,1490.075,1,0.010216810,0
296,24,1490.112,1,0.010551181,0
216,31,1490.35,1,0.010940083,0
223,32,1490.381,1,0.010997284,0
76,32,1490.389,1,0.049127214,0
181,32,1490.398,1,0.031197788,0
327,37,1490.563,1,0.010267376,0
262,39,1490.639,1,0.010992617,0
48,43,1490.78,1,0.046505842,0
231,44,1490.815,1,0.013377308,0
8,45,1490.844,1,0.040740229,0
6,45,1490.852,1,0.056285288,0
66,47,1490.916,1,0.047569517,0
335,48,1490.976,1,0.010136137,0
326,54,1491.163,1,0.007020084,0
23,55,1491.198,1,0.009273163,0
77,56,1491.246,1,0.008664899,0
216,59,1491.346,1,0.008981409,0
224,60,1491.373,1,0.009569707,0
198,63,1491.476,1,0.008743769,0
79,63,1491.481,1,0.008377248,0
285,64,1491.517,1,0.008268985,0
72,64,1491.518,1,0.008921665,0
220,70,1491.726,1,0.009028484,0
300,72,1491.793,1,0.007780614,0
232,72,1491.798,1,0.009376521,0
126,77,1491.976,1,0.009392568,0
175,84,1492.226,1,0.009831662,0
250,90,1492.428,1,0.009555201,0
115,91,1492.469,1,0.005684236,0
254,93,1492.545,1,0.009452443,0
75,94,1492.573,1,0.011275198,0
151,50,1492.759,1,0.008567074,0
147,113,1493.247,1,0.017605534,0
152,119,1493.456,1,0.016211594,0
221,122,1493.559,1,0.009479456,0
164,131,1493.887,1,0.014750373,0
88,133,1493.956,1,0.009451647,0
27,134,1493.986,1,0.008528510,0
46,134,1494.008,1,0.014308392,0
58,139,1494.161,1,0.014593059,0
160,142,1494.263,1,0.037911423,0
264,142,1494.285,1,0.018502215,0
248,213,1496.771,1,0.007234544,0
253,224,1497.169,1,0.007230045,0
250,226,1497.233,1,0.006024741,0
135,238,1497.665,1,0.009010081,0
224,255,1498.256,1,0.011832172,0
8,16,1520.283,1,0.008957346,0
149,20,1520.416,1,0.009457923,0
264,27,1520.659,1,0.007630105,0
184,42,1521.19,1,0.009298418,0
328,45,1521.323,1,0.007022873,0
99,48,1521.416,1,0.009168279,0
317,56,1521.693,1,0.007488349,0
309,58,1521.779,1,0.007511605,0
55,59,1521.786,1,0.009220833,0
317,61,1521.865,1,0.007393293,0
216,62,1521.891,1,0.008927055,0
60,67,1522.075,1,0.024007127,0
40,72,1522.251,1,0.017420573,0
152,76,1522.402,1,0.058318049,0
15,79,1522.514,1,0.014639321,0
276,80,1522.542,1,0.013980726,0
68,87,1522.772,1,0.019680358,0
81,87,1522.797,1,0.026003664,0
106,88,1522.814,1,0.037290595,0
228,91,1522.929,1,0.044638697,0
167,94,1523.025,1,0.008542303,0
251,95,1523.068,1,0.009725049,0
130,96,1523.102,1,0.006184087,0
24,103,1523.362,1,0.009475902,0
252,108,1523.514,1,0.009324845,0
184,111,1523.627,1,0.009893415,0
89,112,1523.655,1,0.010674893,0
7,114,1523.739,1,0.008603118,0
331,134,1523.779,1,0.007704533,0
160,115,1523.79,1,0.016352288,0
104,116,1523.806,1,0.011779435,0
13,119,1523.925,1,0.008853796,0
302,135,1524.468,1,0.008712051,0
222,136,1524.504,1,0.009718912,0
221,139,1524.613,1,0.009488267,0
41,149,1524.968,1,0.008456863,0
60,151,1525.03,1,0.008669705,0
245,156,1525.218,1,0.009969653,0
208,157,1525.267,1,0.003455682,0
220,159,1525.325,1,0.008644614,0
226,159,1525.339,1,0.009833843,0
15,166,1525.577,1,0.008336291,0
199,172,1525.776,1,0.008827794,0
43,184,1526.204,1,0.013801192,0
111,184,1526.221,1,0.014400943,0
168,187,1526.33,1,0.015994595,0
256,190,1526.405,1,0.013210447,0
176,191,1526.455,1,0.014878712,0
258,192,1526.479,1,0.009355205,0
107,192,1526.506,1,0.014282316,0
92,195,1526.585,1,0.014113951,0
343,204,1526.916,1,0.010434199,0
312,205,1526.941,1,0.010579654,0
50,208,1527.052,1,0.008153800,0
56,214,1527.254,1,0.008111965,0
119,215,1527.288,1,0.009760261,0
81,220,1527.473,1,0.008110035,0
185,230,1527.822,1,0.010218753,0
230,238,1528.109,1,0.003894456,0
73,245,1528.356,1,0.008331302,0
259,253,1528.638,1,0.005221943,0
22,258,1528.827,1,0.008474266,0
154,1,1529.289,1,0.009491176,0
257,12,1529.681,1,0.007388788,0
106,13,1529.717,1,0.009823996,0
257,14,1529.769,1,0.007355806,0
217,16,1529.818,1,0.007417460,0
22,20,1529.962,1,0.009249979,0
42,28,1530.251,1,0.048183758,0
201,30,1530.311,1,0.011983796,0
0,32,1530.392,1,0.055111032,0
0,34,1530.457,1,0.056340817,0
31,39,1530.636,1,0.041617159,0
168,40,1530.688,1,0.049439270,0
221,42,1530.745,1,0.013416074,0
217,45,1530.849,1,0.018880509,0
37,48,1530.954,1,0.035417981,0
183,58,1531.311,1,0.008536857,0
207,62,1531.443,1,0.008698859,0
182,63,1531.484,1,0.009086861,0
88,66,1531.586,1,0.009033147,0
65,70,1531.751,1,0.004879389,0
208,74,1531.865,1,0.008940346,0
204,80,1532.074,1,0.008775640,0
279,84,1532.223,1,0.009502888,0
289,104,1532.928,1,0.009197378,0
150,116,1533.347,1,0.017037872,0
194,117,1533.38,1,0.009448010,0
177,140,1534.194,1,0.039125241,0
156,142,1534.26,1,0.036265608,0
230,168,1535.191,1,0.011083710,0
202,170,1535.255,1,0.009799082,0
204,175,1535.428,1,0.009213952,0
67,240,1537.723,1,0.008816053,0
304,247,1537.975,1,0.006485857,0
79,256,1557.87,0,0.036930472,0
271,3,1559.816,1,0.007304831,0
235,3,1559.831,1,0.006735648,0
240,7,1559.983,1,0.006712350,0
56,12,1560.142,1,0.009451264,0
44,14,1560.209,1,0.009232777,0
202,15,1560.235,1,0.007158148,0
57,16,1560.283,1,0.009187171,0
175,21,1560.459,1,0.010051372,0
47,24,1560.553,1,0.008892528,0
58,24,1560.561,1,0.009157417,0
164,28,1560.71,1,0.009409068,0
83,39,1561.101,1,0.008977508,0
151,50,1561.476,1,0.009335481,0
314,69,1562.142,1,0.010464444,0
232,71,1562.214,1,0.044535220,0
218,72,1562.255,1,0.049178377,0
237,75,1562.367,1,0.044500206,0
144,77,1562.426,1,0.056494240,0
222,87,1562.798,1,0.049130738,0
189,88,1562.814,1,0.056839690,0
151,88,1562.827,1,0.066880897,0
66,96,1563.097,1,0.010905064,0
319,104,1563.382,1,0.008134497,0
104,108,1563.514,1,0.012747745,0
210,117,1563.857,1,0.009123357,0
291,119,1563.921,1,0.009627867,0
17,136,1564.511,1,0.008420348,0
128,150,1564.997,1,0.010103689,0
44,152,1565.072,1,0.009063607,0
79,154,1565.135,1,0.009537050,0
264,166,1565.568,1,0.008331908,0
266,166,1565.583,1,0.007298016,0
168,168,1565.629,1,0.010978826,0
165,168,1565.654,1,0.011151167,0
229,170,1565.722,1,0.010513579,0
172,174,1565.855,1,0.010475193,0
125,203,1566.875,1,0.014055206,0
122,206,1567.001,1,0.008682862,0
56,231,1567.862,1,0.008520353,0
253,251,1568.562,1,0.004751886,0
233,14,1569.768,1,0.007281074,0
81,22,1570.029,1,0.206453964,0
82,22,1570.044,1,0.162674531,0
307,26,1570.173,1,0.010440395,0
223,29,1570.284,1,0.010635714,0
307,30,1570.31,1,0.010581052,0
66,32,1570.39,1,0.049252149,0
254,32,1570.401,1,0.010679184,0
305,35,1570.492,1,0.010534582,0
28,36,1570.535,1,0.019347571,0
27,37,1570.564,1,0.019116318,0
301,40,1570.683,1,0.010601699,0
295,44,1570.809,1,0.010708483,0
231,45,1570.842,1,0.013872667,0
162,47,1570.912,1,0.047976784,0
83,48,1570.95,1,0.047721654,0
138,50,1571.019,1,0.009202811,0
226,52,1571.095,1,0.009277931,0
111,55,1571.214,1,0.008727232,0
286,64,1571.52,1,0.008422541,0
286,68,1571.655,1,0.008800750,0
196,76,1571.937,1,0.010641315,0
253,78,1572.009,1,0.009207904,0
266,85,1572.264,1,0.010722535,0
182,87,1572.342,1,0.010642454,0
176,102,1572.852,1,0.008933626,0
328,102,1572.868,1,0.006615408,0
329,103,1572.891,1,0.004855682,0
168,118,1573.42,1,0.006377854,0
80,122,1573.558,1,0.009958209,0
192,130,1573.844,1,0.004964855,0
335,136,1574.052,1,0.010664648,0
342,140,1574.194,1,0.010600468,0
320,149,1574.51,1,0.011161689,0
267,151,1574.58,1,0.013909931,0
116,151,1574.587,1,0.015456992,0
113,167,1575.154,1,0.010292236,0
142,173,1575.36,1,0.010365129,0
88,181,1575.653,1,0.009062276,0
10,136,1575.811,1,0.008540215,0
110,189,1575.92,1,0.009211306,0
216,213,1576.772,1,0.008887214,0
69,222,1577.103,1,0.008571357,0
64,224,1577.157,1,0.009243850,0
314,234,1577.53,1,0.006659152,0
136,246,1577.952,1,0.009500083,0
81,247,1577.972,1,0.012234750,0
15,255,1578.245,1,0.012385127,0
228,71,1586.922,0,0.590443194,0
109,20,1600.427,1,0.009179284,0
140,28,1600.703,1,0.009354851,0
311,36,1600.985,1,0.006951747,0
318,37,1601.017,1,0.006931404,0
231,42,1601.194,1,0.009048758,0
120,43,1601.228,1,0.009223574,0
168,45,1601.303,1,0.008834105,0
161,47,1601.373,1,0.008986813,0
203,51,1601.527,1,0.009051765,0
294,54,1601.625,1,0.007512209,0
219,55,1601.664,1,0.009184989,0
141,59,1601.807,1,0.008905144,0
67,64,1601.973,1,0.011692420,0
70,67,1602.083,1,0.050292972,0
70,68,1602.122,1,0.037609119,0
205,82,1602.598,1,0.048297461,0
114,89,1602.861,1,0.044484809,0
53,106,1603.445,1,0.009835260,0
43,110,1603.591,1,0.009428715,0
55,110,1603.615,1,0.009835427,0
50,113,1603.708,1,0.009601196,0
74,115,1603.762,1,0.010164667,0
77,116,1603.805,1,0.010121468,0
246,120,1603.945,1,0.009238693,0
238,128,1604.225,1,0.009486807,0
341,134,1604.445,1,0.007342774,0
102,135,1604.482,1,0.009872014,0
68,139,1604.615,1,0.009408366,0
21,142,1604.731,1,0.008311993,0
22,144,1604.793,1,0.008505128,0
158,148,1604.926,1,0.012460809,0
338,148,1604.939,1,0.016359422,0
337,149,1604.966,1,0.006156391,0
174,159,1605.32,1,0.011469786,0
305,161,1605.387,1,0.008354937,0
153,164,1605.516,1,0.010084882,0
223,166,1605.562,1,0.008395755,0
14,169,1605.691,1,0.008160230,0
7,173,1605.814,1,0.008179794,0
200,190,1606.418,1,0.011091742,0
247,191,1606.451,1,0.012592423,0
240,194,1606.553,1,0.011702971,0
171,202,1606.838,1,0.015494778,0
178,213,1607.223,1,0.010304298,0
155,243,1608.305,1,0.008415488,0
302,256,1608.736,1,0.006334613,0
80,2,1609.33,1,0.009726124,0
143,6,1609.484,1,0.009659204,0
341,7,1609.51,1,0.007070906,0
219,7,1609.522,1,0.006941678,0
50,8,1609.547,1,0.009431606,0
242,13,1609.719,1,0.006782617,0
130,14,1609.748,1,0.009596599,0
112,17,1609.868,1,0.010177244,0
77,18,1609.897,1,0.009636164,0
9,24,1610.098,1,0.028107179,0
39,24,1610.111,1,0.047212008,0
8,27,1610.22,1,0.017466364,0
9,28,1610.27,1,0.020963110,0
55,30,1610.32,1,0.048761677,0
134,31,1610.349,1,0.046731688,0
149,33,1610.427,1,0.047801264,0
303,35,1610.495,1,0.010551185,0
328,39,1610.632,1,0.010240072,0
71,40,1610.667,1,0.048425663,0
147,47,1610.912,1,0.048178051,0
32,48,1610.944,1,0.027924726,0
340,50,1611.047,1,0.007018166,0
342,51,1611.075,1,0.006842686,0
68,52,1611.092,1,0.008989123,0
47,55,1611.193,1,0.008979317,0
280,60,1611.377,1,0.008212430,0
15,63,1611.502,1,0.010712358,0
229,64,1611.516,1,0.009527843,0
66,70,1611.723,1,0.005389472,0
116,70,1611.738,1,0.009263644,0
93,70,1611.749,1,0.008670877,0
70,71,1611.771,1,0.004405301,0
89,72,1611.797,1,0.009191940,0
251,87,1612.351,1,0.009161914,0
131,88,1612.362,1,0.008084074,0
96,88,1612.369,1,0.008551698,0
131,89,1612.398,1,0.015554568,0
98,91,1612.481,1,0.015822364,0
304,105,1612.98,1,0.008243906,0
301,108,1613.081,1,0.008906979,0
123,109,1613.109,1,0.014350305,0
253,111,1613.171,1,0.009146352,0
77,111,1613.18,1,0.010170209,0
125,111,1613.189,1,0.010496671,0
83,113,1613.245,1,0.010217268,0
86,114,1613.292,1,0.011125674,0
80,120,1613.487,1,0.009665783,0
292,131,1613.879,1,0.009213791,0
293,135,1614.018,1,0.012946618,0
132,138,1614.125,1,0.013678362,0
128,142,1614.269,1,0.014519973,0
324,144,1614.337,1,0.011035005,0
270,152,1614.618,1,0.013654690,0
239,168,1615.198,1,0.010013897,0
52,174,1615.414,1,0.008566333,0
272,176,1615.462,1,0.008325375,0
275,184,1615.766,1,0.008101125,0
12,197,1616.202,1,0.008295289,0
128,199,1616.277,1,0.008951642,0
263,206,1616.534,1,0.007746743,0
163,227,1617.262,1,0.008380461,0
224,254,1618.215,1,0.011882798,0
231,71,1630.629,1,0.044549420,0
185,6,1639.933,1,0.007901353,0
223,8,1639.995,1,0.006660833,0
295,9,1640.045,1,0.007120030,0
217,14,1640.205,1,0.006482140,0
144,19,1640.385,1,0.009717397,0
114,35,1640.944,1,0.009284438,0
153,35,1640.953,1,0.008787487,0
207,44,1641.262,1,0.009965146,0
166,46,1641.348,1,0.009112156,0
101,47,1641.384,1,0.008885966,0
103,54,1641.614,1,0.009190658,0
33,61,1641.863,1,0.011477200,0
208,62,1641.898,1,0.009024769,0
80,63,1641.935,1,0.008893364,0
195,64,1641.969,1,0.013454331,0
193,68,1642.103,1,0.049443051,0
149,78,1642.461,1,0.058628887,0
244,78,1642.487,1,0.042078700,0
104,101,1643.292,1,0.013599749,0
312,104,1643.392,1,0.008025227,0
275,108,1643.528,1,0.009805945,0
74,110,1643.604,1,0.010079490,0
224,111,1643.632,1,0.009640202,0
218,112,1643.667,1,0.009106964,0
88,116,1643.821,1,0.010618487,0
191,120,1643.958,1,0.009580425,0
116,122,1644.03,1,0.012563871,0
163,124,1644.096,1,0.023844207,0
96,125,1644.143,1,0.010397406,0
162,127,1644.19,1,0.017593730,0
312,140,1644.648,1,0.008231344,0
335,141,1644.685,1,0.007230399,0
317,142,1644.726,1,0.007889275,0
43,148,1644.924,1,0.008569731,0
342,150,1645.016,1,0.007089990,0
40,151,1645.031,1,0.008488995,0
149,158,1645.295,1,0.010203891,0
54,167,1645.602,1,0.008456876,0
136,176,1645.919,1,0.009338047,0
31,189,1646.377,1,0.013542630,0
158,194,1646.555,1,0.015135312,0
135,207,1647.018,1,0.009219857,0
76,216,1647.353,1,0.008368930,0
94,252,1648.593,1,0.007897037,0
335,3,1649.369,1,0.007123813,0
12,4,1649.397,1,0.009139838,0
247,5,1649.435,1,0.006855150,0
14,5,1649.457,1,0.009128668,0
212,7,1649.5,1,0.006489619,0
224,15,1649.791,1,0.006638566,0
239,19,1649.925,1,0.006983089,0
185,22,1650.037,1,0.013194909,0
56,22,1650.06,1,0.045700777,0
108,24,1650.104,1,0.044413850,0
136,24,1650.113,1,0.044494465,0
259,25,1650.153,1,0.010582914,0
102,27,1650.208,1,0.044400539,0
135,29,1650.278,1,0.041248202,0
108,29,1650.286,1,0.044762675,0
258,30,1650.32,1,0.010656231,0
136,30,1650.321,1,0.109608129,0
103,35,1650.494,1,0.049073923,0
100,37,1650.573,1,0.049264465,0
276,38,1650.6,1,0.008460875,0
273,38,1650.608,1,0.009439643,0
206,39,1650.639,1,0.016076861,0
68,39,1650.651,1,0.048401058,0
184,42,1650.744,1,0.047554299,0
128,46,1650.888,1,0.047830988,0
165,48,1650.95,1,0.047677793,0
24,52,1651.104,1,0.006214506,0
162,54,1651.16,1,0.009098505,0
214,59,1651.34,1,0.008980424,0
168,63,1651.478,1,0.009140222,0
160,64,1651.517,1,0.009185059,0
68,65,1651.549,1,0.010242292,0
264,78,1652.008,1,0.009629540,0
117,78,1652.015,1,0.009686785,0
32,48,1652.125,1,0.009055807,0
234,87,1652.336,1,0.009756838,0
227,71,1653.201,0,0.160680637,0
97,125,1653.665,1,0.010234073,0
38,133,1653.968,1,0.008546839,0
31,148,1654.472,1,0.014044183,0
336,165,1655.075,1,0.007601415,0
263,174,1655.397,1,0.008651008,0
138,176,1655.489,1,0.009085501,0
178,179,1655.594,1,0.011329238,0
144,181,1655.644,1,0.009204877,0
115,186,1655.84,1,0.008573046,0
199,194,1656.124,1,0.007696744,0
64,202,1656.404,1,0.009592503,0
144,206,1656.531,1,0.010140300,0
188,216,1656.885,1,0.009949726,0
190,223,1657.128,1,0.008698320,0
134,224,1657.164,1,0.009499033,0
240,252,1658.153,1,0.012958976,0
32,48,1666.291,1,0.028263258,0
28,23,1679.021,1,0.009045210,0
41,15,1680.242,1,0.009092660,0
88,24,1680.559,1,0.009344932,0
160,45,1681.297,1,0.008754991,0
240,46,1681.351,1,0.008953821,0
48,47,1681.388,1,0.009064917,0
271,48,1681.408,1,0.008353890,0
146,49,1681.437,1,0.009097237,0
320,51,1681.509,1,0.007177137,0
325,51,1681.52,1,0.007157778,0
265,52,1681.562,1,0.008797410,0
210,53,1681.583,1,0.009211685,0
160,54,1681.637,1,0.006294228,0
160,58,1681.762,1,0.006576457,0
46,64,1681.97,1,0.006890656,0
254,68,1682.129,1,0.020812767,0
296,69,1682.167,1,0.011196772,0
228,78,1682.481,1,0.046538398,0
93,81,1682.573,1,0.034351047,0
228,71,1682.737,0,0.588654518,0
157,86,1682.755,1,0.076483853,0
184,87,1682.795,1,0.063340001,0
147,92,1682.954,1,0.080332980,0
7,93,1682.989,1,0.014362747,0
185,94,1683.034,1,0.009909122,0
189,96,1683.112,1,0.009307013,0
24,98,1683.178,1,0.009559382,0
190,101,1683.272,1,0.009363941,0
176,103,1683.351,1,0.004700854,0
176,106,1683.464,1,0.005892694,0
82,107,1683.485,1,0.011069805,0
177,108,1683.515,1,0.004989135,0
200,108,1683.53,1,0.009085801,0
222,109,1683.555,1,0.009685073,0
230,111,1683.642,1,0.009545689,0
64,117,1683.845,1,0.009899115,0
111,119,1683.923,1,0.012763826,0
111,120,1683.951,1,0.008726711,0
304,132,1684.368,1,0.008592851,0
264,136,1684.519,1,0.009666213,0
254,139,1684.615,1,0.010513652,0
128,141,1684.694,1,0.011077889,0
343,142,1684.743,1,0.007285649,0
318,156,1685.22,1,0.007708234,0
202,156,1685.221,1,0.005121002,0
154,158,1685.289,1,0.011026994,0
24,158,1685.298,1,0.008904976,0
232,163,1685.464,1,0.007992236,0
236,167,1685.625,1,0.009302789,0
12,170,1685.7,1,0.008606173,0
180,189,1686.38,1,0.014373755,0
231,191,1686.446,1,0.016560731,0
225,192,1686.486,1,0.005867652,0
160,199,1686.727,1,0.015124903,0
98,200,1686.757,1,0.014088066,0
313,200,1686.785,1,0.010656739,0
118,205,1686.966,1,0.013933334,0
116,214,1687.253,1,0.008646397,0
190,227,1687.723,1,0.009785733,0
184,231,1687.879,1,0.009166456,0
147,248,1688.455,1,0.008175199,0
264,250,1688.546,1,0.005755257,0
77,254,1688.68,1,0.009471543,0
140,3,1689.371,1,0.009603472,0
152,4,1689.399,1,0.011891613,0
3,6,1689.488,1,0.009294936,0
204,7,1689.508,1,0.006596742,0
47,27,1690.218,1,0.048256148,0
52,29,1690.277,1,0.048555918,0
153,31,1690.348,1,0.047231108,0
335,39,1690.637,1,0.010108373,0
305,48,1690.953,1,0.010603909,0
310,49,1690.986,1,0.010541533,0
264,51,1691.058,1,0.008259594,0
247,60,1691.388,1,0.010198238,0
298,62,1691.441,1,0.007570711,0
231,70,1691.725,1,0.469600827,0
230,71,1691.756,1,0.525544465,0
122,72,1691.808,1,0.009255207,0
204,80,1691.909,1,0.009100973,0
312,76,1691.961,1,0.007481653,0
7,85,1692.259,1,0.009623440,0
223,86,1692.307,1,0.009088124,0
234,94,1692.578,1,0.009848163,0
122,95,1692.606,1,0.006371312,0
302,99,1692.754,1,0.008744995,0
293,100,1692.786,1,0.009045210,0
222,102,1692.853,1,0.009174160,0
95,109,1693.115,1,0.011748801,0
91,110,1693.158,1,0.011813944,0
25,113,1693.239,1,0.009226602,0
90,116,1693.353,1,0.011349407,0
33,140,1694.203,1,0.014077637,0
262,151,1694.581,1,0.014032928,0
144,152,1694.62,1,0.023062298,0
258,157,1694.794,1,0.013331474,0
109,167,1695.156,1,0.009189035,0
31,173,1695.37,1,0.009235215,0
94,183,1695.712,1,0.008734111,0
89,184,1695.743,1,0.008533516,0
278,186,1695.829,1,0.007732394,0
280,199,1696.276,1,0.007902901,0
303,199,1696.298,1,0.007590469,0
139,207,1696.577,1,0.008829451,0
168,218,1696.962,1,0.010632870,0
168,220,1697.038,1,0.009227879,0
134,232,1697.452,1,0.008932118,0
192,236,1697.598,1,0.008405621,0
295,244,1697.866,1,0.007035400,0
227,247,1697.978,1,0.003269881,0
226,71,1706.921,0,0.589655697,0
84,4,1719.864,1,0.009458690,0
343,6,1719.931,1,0.007121331,0
164,16,1720.275,1,0.009714103,0
187,21,1720.46,1,0.008640083,0
203,26,1720.632,1,0.007878365,0
199,28,1720.706,1,0.008689132,0
216,34,1720.912,1,0.008098424,0
222,36,1721.001,1,0.008192902,0
134,37,1721.018,1,0.009333232,0
218,38,1721.054,1,0.008640583,0
282,45,1721.292,1,0.007626582,0
170,45,1721.318,1,0.008957406,0
172,48,1721.416,1,0.009272646,0
208,52,1721.556,1,0.009339287,0
303,56,1721.698,1,0.008308452,0
48,57,1721.729,1,0.007573990,0
85,59,1721.795,1,0.008804265,0
52,61,1721.858,1,0.004417554,0
52,71,1722.23,1,0.020206437,0
230,72,1722.275,1,0.044571891,0
198,74,1722.337,1,0.050018407,0
164,79,1722.499,1,0.062790893,0
139,80,1722.542,1,0.055070683,0
138,86,1722.763,1,0.055649463,0
259,88,1722.816,1,0.048761863,0
258,88,1722.828,1,0.042198341,0
235,89,1722.856,1,0.044535499,0
36,94,1723.048,1,0.009796941,0
21,95,1723.068,1,0.009628117,0
209,96,1723.097,1,0.009172759,0
212,97,1723.133,1,0.008884890,0
208,99,1723.21,1,0.009036986,0
179,104,1723.401,1,0.009667673,0
242,109,1723.568,1,0.009394165,0
140,110,1723.595,1,0.017148301,0
78,255,1723.872,1,0.007907213,0
43,120,1723.953,1,0.009269818,0
227,122,1724.031,1,0.009330133,0
44,125,1724.121,1,0.009203580,0
283,134,1724.437,1,0.009623431,0
229,139,1724.612,1,0.008903280,0
192,141,1724.677,1,0.013020190,0
195,141,1724.699,1,0.003276352,0
200,144,1724.791,1,0.004159250,0
243,144,1724.804,1,0.009287645,0
243,148,1724.933,1,0.009927285,0
157,151,1725.03,1,0.012122099,0
101,164,1725.504,1,0.009017006,0
46,165,1725.534,1,0.008419018,0
37,168,1725.637,1,0.008613198,0
70,171,1725.751,1,0.008517783,0
65,174,1725.849,1,0.008735551,0
83,176,1725.92,1,0.009052513,0
80,205,1726.936,1,0.013816373,0
184,207,1727.013,1,0.009811179,0
53,209,1727.094,1,0.008422533,0
17,211,1727.153,1,0.008577903,0
52,213,1727.217,1,0.008165052,0
95,248,1728.459,1,0.007810295,0
224,255,1728.698,1,0.004242186,0
35,10,1729.625,1,0.009139868,0
158,16,1729.822,1,0.009234138,0
74,30,1730.311,1,0.049061798,0
39,30,1730.317,1,0.047892950,0
254,31,1730.373,1,0.010663658,0
20,32,1730.385,1,0.042238213,0
218,32,1730.398,1,0.011086507,0
222,40,1730.673,1,0.012598413,0
319,42,1730.735,1,0.010391863,0
149,55,1731.2,1,0.008684110,0
95,68,1731.658,1,0.009370972,0
92,71,1731.763,1,0.005282043,0
40,80,1732.078,1,0.010768163,0
80,102,1732.857,1,0.011768872,0
329,103,1732.891,1,0.007293499,0
118,139,1734.158,1,0.020234210,0
292,142,1734.264,1,0.012835001,0
224,144,1734.345,1,0.038844891,0
226,147,1734.469,1,0.034205545,0
42,148,1734.479,1,0.014217231,0
48,150,1734.543,1,0.014291267,0
99,159,1734.875,1,0.014914488,0
300,164,1735.042,1,0.008357162,0
13,175,1735.439,1,0.009447993,0
270,195,1736.157,1,0.007950008,0
128,221,1737.054,1,0.008619332,0
16,246,1737.932,1,0.008537442,0
207,4,1759.871,1,0.006533276,0
52,6,1759.928,1,0.009322603,0
340,13,1760.179,1,0.007234527,0
339,16,1760.277,1,0.007039955,0
199,19,1760.381,1,0.007482168,0
193,22,1760.488,1,0.008276462,0
50,24,1760.557,1,0.009193690,0
158,24,1760.577,1,0.005698057,0
159,25,1760.596,1,0.009936212,0
144,31,1760.801,1,0.009758441,0
280,48,1761.412,1,0.008007655,0
180,54,1761.631,1,0.009467357,0
90,56,1761.692,1,0.009119508,0
200,68,1762.11,1,0.048434518,0
129,78,1762.472,1,0.052822717,0
261,80,1762.544,1,0.022890102,0
259,84,1762.677,1,0.026327543,0
83,88,1762.814,1,0.027472144,0
53,94,1763.028,1,0.010108445,0
244,97,1763.146,1,0.009429566,0
189,101,1763.29,1,0.009201519,0
112,110,1763.593,1,0.012350174,0
124,110,1763.611,1,0.014331027,0
32,48,1763.619,1,0.009046856,0
41,114,1763.732,1,0.008037862,0
44,117,1763.832,1,0.007352304,0
180,117,1763.855,1,0.005018878,0
80,121,1763.99,1,0.009957089,0
338,125,1764.115,1,0.007619303,0
159,132,1764.368,1,0.013733307,0
64,133,1764.41,1,0.010343933,0
306,134,1764.455,1,0.008646291,0
191,137,1764.567,1,0.004554745,0
247,139,1764.615,1,0.012847076,0
188,143,1764.756,1,0.011092138,0
9,143,1764.76,1,0.008370211,0
197,144,1764.798,1,0.003408052,0
139,152,1765.083,1,0.010553516,0
270,158,1765.287,1,0.009314398,0
304,158,1765.287,1,0.008295924,0
21,160,1765.348,1,0.008971745,0
117,168,1765.639,1,0.009628954,0
118,171,1765.76,1,0.008828541,0
206,183,1766.159,1,0.011671857,0
337,185,1766.235,1,0.010671484,0
141,195,1766.588,1,0.014361316,0
256,199,1766.735,1,0.011547499,0
122,208,1767.056,1,0.008572305,0
106,212,1767.208,1,0.008720732,0
335,214,1767.256,1,0.007309183,0
112,216,1767.339,1,0.008658872,0
216,220,1767.483,1,0.007588807,0
217,221,1767.52,1,0.005162476,0
36,222,1767.545,1,0.008255576,0
89,253,1768.634,1,0.008713221,0
239,258,1768.808,1,0.004866817,0
181,4,1769.397,1,0.008738851,0
104,6,1769.483,1,0.009689016,0
289,7,1769.504,1,0.007450128,0
90,8,1769.55,1,0.009670787,0
16,9,1769.575,1,0.009283189,0
23,14,1769.751,1,0.009705410,0
19,16,1769.82,1,0.009376467,0
277,16,1769.848,1,0.008143559,0
37,18,1769.907,1,0.009590456,0
21,20,1769.96,1,0.009458886,0
297,22,1770.029,1,0.010499242,0
86,28,1770.243,1,0.047548801,0
84,32,1770.389,1,0.049078744,0
154,32,1770.413,1,0.047424536,0
36,40,1770.67,1,0.043401964,0
37,42,1770.746,1,0.042333849,0
73,51,1771.054,1,0.008637568,0
18,55,1771.202,1,0.011274714,0
141,60,1771.386,1,0.008731151,0
229,70,1771.72,1,0.213492364,0
303,72,1771.796,1,0.007863578,0
207,82,1772.164,1,0.008516991,0
7,94,1772.578,1,0.009266446,0
133,112,1773.207,1,0.015567994,0
151,50,1773.351,1,0.008884908,0
51,143,1774.309,1,0.014395989,0
190,165,1775.077,1,0.010050522,0
40,175,1775.433,1,0.008845523,0
121,179,1775.57,1,0.008951773,0
259,180,1775.6,1,0.008454876,0
118,184,1775.754,1,0.008873514,0
47,214,1776.805,1,0.008010141,0
186,243,1777.843,1,0.008545046,0
56,257,1778.332,1,0.012640461,0
219,3,1799.841,1,0.006823260,0
47,5,1799.898,1,0.008937925,0
202,6,1799.925,1,0.006667566,0
149,14,1800.211,1,0.009154454,0
255,40,1801.144,1,0.008753820,0
248,42,1801.207,1,0.008459778,0
227,43,1801.248,1,0.010004942,0
184,44,1801.264,1,0.008204535,0
186,44,1801.288,1,0.007920518,0
234,47,1801.367,1,0.010729552,0
267,48,1801.406,1,0.008950279,0
117,53,1801.584,1,0.009002246,0
119,56,1801.694,1,0.009417311,0
72,58,1801.772,1,0.008927212,0
87,60,1801.835,1,0.009304205,0
54,68,1802.116,1,0.020519309,0
119,75,1802.361,1,0.050929688,0
103,78,1802.465,1,0.042911995,0
91,84,1802.679,1,0.030555278,0
223,93,1802.994,1,0.048134923,0
204,95,1803.074,1,0.008827845,0
189,109,1803.558,1,0.009069531,0
42,124,1804.083,1,0.009074316,0
88,128,1804.229,1,0.009984644,0
168,140,1804.654,1,0.014172879,0
199,153,1805.111,1,0.005140255,0
36,162,1805.433,1,0.009232484,0
123,176,1805.925,1,0.008945248,0
92,191,1806.468,1,0.014195688,0
240,194,1806.562,1,0.011444031,0
78,254,1806.823,1,0.012923069,0
108,211,1807.156,1,0.008896567,0
62,214,1807.254,1,0.008293178,0
32,242,1808.256,1,0.007984961,0
34,244,1808.316,1,0.007143631,0
230,246,1808.407,1,0.004344650,0
98,247,1808.438,1,0.008075440,0
316,251,1808.569,1,0.006528246,0
56,254,1808.678,1,0.007942404,0
62,12,1809.682,1,0.009358467,0
37,16,1809.822,1,0.009246885,0
172,24,1810.109,1,0.016250819,0
172,28,1810.254,1,0.020361096,0
251,41,1810.709,1,0.011275724,0
167,48,1810.946,1,0.047682308,0
28,52,1811.114,1,0.004849877,0
164,56,1811.23,1,0.009210688,0
181,62,1811.457,1,0.008628211,0
166,64,1811.514,1,0.009255477,0
267,69,1811.69,1,0.009530872,0
224,71,1811.712,0,0.849687696,0
227,71,1811.76,1,0.867438555,0
32,48,1812.209,1,0.009088704,0
103,85,1812.256,1,0.005307591,0
160,87,1812.324,1,0.010502595,0
64,88,1812.359,1,0.011929958,0
71,93,1812.551,1,0.011098244,0
225,71,1812.559,0,0.737378120,0
68,109,1813.105,1,0.009884969,0
282,111,1813.17,1,0.009964923,0
276,121,1813.526,1,0.009959172,0
220,126,1813.712,1,0.009540766,0
187,136,1814.062,1,0.032924727,0
299,192,1816.026,1,0.007670258,0
144,192,1816.046,1,0.010224397,0
299,203,1816.418,1,0.007599811,0
63,204,1816.471,1,0.008143193,0
72,207,1816.556,1,0.008521864,0
61,207,1816.578,1,0.008098613,0
74,208,1816.601,1,0.008804452,0
24,213,1816.773,1,0.008189285,0
272,215,1816.838,1,0.007585475,0
27,215,1816.861,1,0.008040650,0
341,228,1817.307,1,0.007630246,0
311,247,1817.968,1,0.006572324,0
8,255,1818.26,1,0.012381966,0
112,31,1840.809,1,0.009611445,0
213,32,1840.843,1,0.007878834,0
143,32,1840.859,1,0.009017411,0
332,40,1841.12,1,0.007046235,0
31,47,1841.374,1,0.009111191,0
65,49,1841.439,1,0.008921830,0
319,52,1841.552,1,0.007508598,0
72,54,1841.629,1,0.009022309,0
31,59,1841.798,1,0.009664264,0
287,72,1842.257,1,0.011775567,0
335,74,1842.322,1,0.028454306,0
334,75,1842.353,1,0.017363068,0
260,79,1842.52,1,0.023352413,0
58,80,1842.551,1,0.019132487,0
181,84,1842.668,1,0.063175596,0
119,88,1842.817,1,0.063453056,0
244,95,1843.069,1,0.009484800,0
139,96,1843.098,1,0.005213924,0
160,96,1843.099,1,0.004796621,0
286,96,1843.117,1,0.009686108,0
167,98,1843.177,1,0.005181701,0
180,104,1843.376,1,0.010156753,0
87,108,1843.519,1,0.011036717,0
177,111,1843.649,1,0.004734239,0
298,112,1843.677,1,0.008533096,0
12,117,1843.843,1,0.009040805,0
124,121,1843.988,1,0.012522670,0
82,123,1844.048,1,0.009820954,0
165,127,1844.208,1,0.016205989,0
90,131,1844.348,1,0.009768584,0
1,140,1844.668,1,0.008256871,0
96,142,1844.715,1,0.009524090,0
182,147,1844.904,1,0.013095769,0
71,148,1844.93,1,0.008869594,0
191,152,1845.095,1,0.012854704,0
186,154,1845.149,1,0.011709017,0
15,157,1845.253,1,0.008350084,0
213,161,1845.395,1,0.004203429,0
197,164,1845.512,1,0.009388673,0
169,166,1845.574,1,0.010958404,0
41,167,1845.609,1,0.008482114,0
114,174,1845.859,1,0.009175356,0
217,176,1845.927,1,0.003319300,0
312,177,1845.965,1,0.007897924,0
97,180,1846.057,1,0.010619324,0
97,182,1846.125,1,0.011453616,0
99,183,1846.186,1,0.014396071,0
41,184,1846.215,1,0.013794119,0
343,187,1846.327,1,0.010641968,0
119,194,1846.563,1,0.014114714,0
235,200,1846.768,1,0.014518376,0
144,207,1847.014,1,0.010063943,0
28,226,1847.684,1,0.008115836,0
28,231,1847.866,1,0.008486486,0
227,232,1847.894,1,0.003533488,0
305,246,1848.384,1,0.006599296,0
212,6,1849.471,1,0.006868002,0
209,7,1849.513,1,0.006882982,0
160,13,1849.732,1,0.012024090,0
49,16,1849.834,1,0.009537955,0
234,17,1849.861,1,0.006601776,0
273,20,1849.971,1,0.008389968,0
337,24,1850.1,1,0.010038399,0
196,24,1850.105,1,0.011429528,0
192,24,1850.114,1,0.012119639,0
6,24,1850.128,1,0.043040033,0
171,26,1850.181,1,0.038031287,0
193,28,1850.247,1,0.012757655,0
198,28,1850.257,1,0.011866012,0
294,29,1850.279,1,0.010587579,0
207,37,1850.566,1,0.013328983,0
212,49,1850.99,1,0.030182399,0
152,50,1851.018,1,0.008887968,0
64,52,1851.108,1,0.008970495,0
88,53,1851.128,1,0.008916932,0
276,55,1851.205,1,0.008093075,0
150,56,1851.233,1,0.009050050,0
145,58,1851.304,1,0.008742569,0
287,61,1851.425,1,0.008067671,0
183,63,1851.476,1,0.008860410,0
202,75,1851.907,1,0.009349072,0
204,80,1851.913,1,0.008691723,0
224,70,1851.979,0,0.222861633,0
120,79,1852.06,1,0.009562131,0
339,80,1852.091,1,0.006743095,0
196,84,1852.217,1,0.010741779,0
199,84,1852.224,1,0.009561097,0
341,84,1852.239,1,0.006702266,0
27,92,1852.509,1,0.009582737,0
140,95,1852.614,1,0.005212134,0
254,104,1852.925,1,0.008974464,0
105,104,1852.934,1,0.013005791,0
252,110,1853.137,1,0.009259313,0
174,112,1853.211,1,0.005001931,0
9,118,1853.42,1,0.008644088,0
13,118,1853.432,1,0.009492961,0
152,136,1854.053,1,0.041220199,0
225,70,1854.153,0,0.580136418,0
266,139,1854.163,1,0.021173198,0
267,141,1854.245,1,0.018988444,0
46,175,1855.434,1,0.008497845,0
178,228,1857.312,1,0.008797564,0
162,255,1858.256,1,0.013918862,0
232,44,1881.267,1,0.009432547,0
11,47,1881.389,1,0.005757254,0
253,52,1881.541,1,0.010174333,0
167,54,1881.616,1,0.009534856,0
175,56,1881.69,1,0.009622112,0
88,64,1881.969,1,0.008838031,0
229,65,1881.997,1,0.034727633,0
220,67,1882.084,1,0.049188148,0
219,69,1882.165,1,0.049493678,0
285,75,1882.363,1,0.012043914,0
88,82,1882.609,1,0.028774843,0
68,85,1882.728,1,0.020740509,0
183,86,1882.739,1,0.063906774,0
221,88,1882.816,1,0.049196649,0
22,90,1882.905,1,0.014733015,0
113,93,1882.988,1,0.043046068,0
235,99,1883.217,1,0.009312388,0
213,101,1883.274,1,0.008721771,0
65,115,1883.772,1,0.009824539,0
92,117,1883.861,1,0.010904750,0
160,126,1884.157,1,0.017751982,0
166,127,1884.182,1,0.017701311,0
283,128,1884.223,1,0.008951384,0
267,128,1884.234,1,0.010161789,0
283,132,1884.384,1,0.010090491,0
200,133,1884.42,1,0.009364893,0
196,135,1884.474,1,0.009502264,0
228,135,1884.491,1,0.009748175,0
124,139,1884.621,1,0.011396651,0
114,140,1884.667,1,0.010428919,0
244,149,1884.986,1,0.009953137,0
74,156,1885.214,1,0.010041418,0
251,159,1885.322,1,0.009743459,0
0,159,1885.338,1,0.008223510,0
256,160,1885.371,1,0.009480222,0
145,162,1885.43,1,0.008985798,0
145,164,1885.495,1,0.008476647,0
215,168,1885.638,1,0.003577835,0
201,168,1885.653,1,0.009996058,0
127,172,1885.792,1,0.009695562,0
128,174,1885.861,1,0.009157154,0
142,186,1886.27,1,0.014526490,0
237,187,1886.31,1,0.016113998,0
168,189,1886.392,1,0.015880348,0
73,197,1886.673,1,0.013909651,0
3,207,1887.008,1,0.008802871,0
299,214,1887.259,1,0.007267682,0
180,218,1887.395,1,0.005706532,0
182,218,1887.41,1,0.008608062,0
180,219,1887.433,1,0.007968333,0
150,228,1887.749,1,0.008688549,0
207,230,1887.823,1,0.006952959,0
136,241,1888.21,1,0.009850345,0
247,243,1888.289,1,0.004730126,0
224,256,1888.744,1,0.003954085,0
235,6,1889.465,1,0.007112675,0
143,7,1889.51,1,0.009259580,0
282,7,1889.524,1,0.006977368,0
272,8,1889.551,1,0.007269368,0
190,11,1889.644,1,0.007416751,0
304,16,1889.827,1,0.007563882,0
39,22,1890.049,1,0.045912843,0
143,23,1890.08,1,0.044479374,0
198,27,1890.207,1,0.011654302,0
84,28,1890.244,1,0.047750715,0
330,31,1890.368,1,0.010189785,0
239,35,1890.495,1,0.011003297,0
48,38,1890.595,1,0.048246287,0
112,43,1890.782,1,0.048450924,0
315,53,1891.141,1,0.007406133,0
143,54,1891.161,1,0.008783014,0
305,56,1891.234,1,0.007602289,0
285,56,1891.245,1,0.008038699,0
207,61,1891.405,1,0.008678381,0
57,63,1891.492,1,0.003975503,0
167,70,1891.728,1,0.009573029,0
220,71,1891.77,1,0.009192160,0
165,77,1891.975,1,0.010204088,0
15,80,1892.077,1,0.009525256,0
8,80,1892.081,1,0.009840772,0
35,87,1892.326,1,0.009636682,0
243,94,1892.573,1,0.009918300,0
42,96,1892.646,1,0.010014298,0
200,117,1893.387,1,0.009325017,0
199,120,1893.503,1,0.009073935,0
217,122,1893.558,1,0.010102659,0
120,123,1893.598,1,0.012422334,0
110,140,1894.197,1,0.018444957,0
255,158,1894.83,1,0.013546694,0
202,163,1895.012,1,0.009487025,0
216,174,1895.397,1,0.004022310,0
290,179,1895.594,1,0.008040844,0
325,199,1896.273,1,0.007522224,0
119,212,1896.738,1,0.008335109,0
239,238,1897.661,1,0.005579269,0
158,240,1897.736,1,0.009415329,0
278,247,1897.966,1,0.006696212,0
59,250,1898.077,1,0.018924486,0
58,250,1898.098,1,0.065830916,0
223,32,1909.971,1,0.007969912,0
198,19,1920.383,1,0.007641208,0
149,40,1921.122,1,0.009223003,0
54,40,1921.136,1,0.008960733,0
224,47,1921.375,1,0.009796450,0
214,60,1921.847,1,0.008984410,0
314,68,1922.102,1,0.010425464,0
217,68,1922.119,1,0.049069043,0
31,70,1922.18,1,0.017056594,0
313,74,1922.327,1,0.010546244,0
320,74,1922.335,1,0.009187619,0
320,77,1922.44,1,0.009547551,0
32,48,1922.545,1,0.030283518,0
121,81,1922.567,1,0.047537208,0
63,86,1922.738,1,0.018817231,0
145,86,1922.744,1,0.059299003,0
77,89,1922.844,1,0.023822062,0
191,93,1922.991,1,0.053525008,0
85,93,1922.998,1,0.027180547,0
52,94,1923.043,1,0.010001883,0
336,99,1923.226,1,0.007167269,0
144,102,1923.329,1,0.006488094,0
237,103,1923.347,1,0.009388535,0
192,107,1923.487,1,0.016325021,0
193,107,1923.495,1,0.015457666,0
66,110,1923.591,1,0.010047507,0
71,111,1923.628,1,0.010215301,0
309,115,1923.768,1,0.008074539,0
39,116,1923.815,1,0.009176601,0
313,120,1923.943,1,0.008104260,0
117,122,1924.009,1,0.012237897,0
191,136,1924.523,1,0.004317684,0
184,149,1924.977,1,0.012816176,0
230,150,1925.005,1,0.009266902,0
108,151,1925.055,1,0.009272712,0
283,156,1925.226,1,0.009248838,0
204,158,1925.28,1,0.004857821,0
345,174,1925.846,1,0.007736838,0
45,175,1925.881,1,0.008449873,0
174,175,1925.9,1,0.010081845,0
125,176,1925.925,1,0.009144867,0
35,180,1926.065,1,0.013760370,0
46,181,1926.104,1,0.013927320,0
123,183,1926.173,1,0.014273613,0
31,190,1926.415,1,0.013550492,0
77,191,1926.45,1,0.014064203,0
13,194,1926.554,1,0.013203858,0
136,200,1926.563,1,0.014182108,0
15,200,1926.789,1,0.013150064,0
195,203,1926.865,1,0.011493030,0
60,205,1926.937,1,0.013610308,0
327,208,1927.044,1,0.007403866,0
200,208,1927.051,1,0.007497700,0
137,219,1927.431,1,0.005761560,0
151,219,1927.439,1,0.009720363,0
138,220,1927.474,1,0.006051944,0
78,252,1928.593,1,0.009121977,0
295,254,1928.68,1,0.006318902,0
136,2,1929.326,1,0.009598771,0
140,5,1929.434,1,0.009520786,0
104,9,1929.582,1,0.009764488,0
8,11,1929.658,1,0.009282153,0
15,16,1929.821,1,0.009547425,0
132,19,1929.925,1,0.009813111,0
48,23,1930.091,1,0.046111539,0
135,24,1930.103,1,0.044491772,0
23,24,1930.114,1,0.046426967,0
127,26,1930.173,1,0.044483013,0
319,31,1930.351,1,0.010328557,0
295,31,1930.366,1,0.010585256,0
223,32,1930.381,1,0.009026633,0
318,34,1930.455,1,0.010361461,0
163,34,1930.465,1,0.046882212,0
220,35,1930.498,1,0.010385692,0
238,36,1930.525,1,0.011190872,0
68,37,1930.565,1,0.048633799,0
278,44,1930.817,1,0.010947339,0
3,51,1931.062,1,0.011680556,0
192,61,1931.42,1,0.008950592,0
172,62,1931.442,1,0.009236490,0
191,64,1931.515,1,0.008623016,0
144,64,1931.528,1,0.009323912,0
247,71,1931.771,1,0.008721895,0
128,77,1931.979,1,0.009451818,0
120,80,1932.082,1,0.009896877,0
116,85,1932.254,1,0.004716584,0
92,96,1932.649,1,0.013120345,0
328,97,1932.69,1,0.007600012,0
157,103,1932.884,1,0.005373401,0
290,106,1932.993,1,0.009235369,0
280,109,1933.105,1,0.010026754,0
289,112,1933.233,1,0.009808099,0
248,141,1934.228,1,0.022750340,0
219,144,1934.337,1,0.044415925,0
259,152,1934.62,1,0.014110098,0
317,155,1934.727,1,0.011235435,0
254,164,1935.039,1,0.009155333,0
45,165,1935.101,1,0.008861692,0
169,172,1935.349,1,0.010466300,0
65,184,1935.749,1,0.008410607,0
207,189,1935.922,1,0.008656223,0
280,209,1936.643,1,0.007549256,0
31,221,1937.054,1,0.007924896,0
35,237,1937.617,1,0.007853109,0
80,253,1940.373,0,0.068556868,0
194,41,1961.165,1,0.009521163,0
28,55,1961.646,1,0.005550099,0
225,71,1962.21,1,0.048018347,0
178,78,1962.463,1,0.059462108,0
84,95,1963.06,1,0.012465223,0
89,104,1963.393,1,0.011717739,0
92,105,1963.412,1,0.012050509,0
199,109,1963.558,1,0.008573877,0
256,109,1963.571,1,0.009250245,0
137,110,1963.604,1,0.005404298,0
191,111,1963.62,1,0.008727433,0
72,111,1963.627,1,0.010482941,0
139,112,1963.67,1,0.014470615,0
146,117,1963.839,1,0.016954884,0
87,118,1963.874,1,0.010097280,0
132,118,1963.884,1,0.013713087,0
259,120,1963.942,1,0.009864400,0
179,124,1964.081,1,0.005208419,0
120,126,1964.165,1,0.012496071,0
108,129,1964.264,1,0.011010487,0
133,136,1964.53,1,0.011832976,0
301,140,1964.649,1,0.008382621,0
18,157,1965.252,1,0.008260215,0
159,168,1965.637,1,0.010470534,0
47,216,1967.344,1,0.007964854,0
80,222,1967.544,1,0.008251462,0
274,240,1968.169,1,0.006935810,0
121,258,1968.808,1,0.007876725,0
140,4,1969.422,1,0.009130886,0
12,15,1969.79,1,0.009304455,0
254,16,1969.847,1,0.007343275,0
258,20,1969.96,1,0.006525506,0
285,20,1969.976,1,0.007459585,0
247,21,1969.999,1,0.007146009,0
70,23,1970.072,1,0.044967640,0
129,24,1970.109,1,0.044482760,0
255,26,1970.178,1,0.010578332,0
246,28,1970.246,1,0.010576659,0
239,31,1970.358,1,0.010641983,0
223,32,1970.383,1,0.011034204,0
162,39,1970.635,1,0.049240451,0
122,40,1970.679,1,0.049288947,0
123,43,1970.774,1,0.110111400,0
120,43,1970.781,1,0.070527814,0
307,46,1970.881,1,0.010557326,0
32,48,1970.946,1,0.030973367,0
148,48,1970.956,1,0.047926925,0
344,52,1971.096,1,0.006676798,0
144,52,1971.109,1,0.008578775,0
67,54,1971.17,1,0.008612815,0
152,55,1971.195,1,0.009056724,0
147,55,1971.221,1,0.010060425,0
123,56,1971.234,1,0.008683531,0
119,58,1971.302,1,0.008584386,0
164,60,1971.401,1,0.009148940,0
232,61,1971.405,1,0.009290862,0
143,65,1971.548,1,0.009385782,0
148,68,1971.655,1,0.009337779,0
271,72,1971.799,1,0.009611000,0
212,75,1971.916,1,0.011207553,0
216,77,1971.985,1,0.009907256,0
263,78,1972.015,1,0.010126611,0
221,71,1972.397,0,0.201168418,0
270,92,1972.505,1,0.009832669,0
208,94,1972.592,1,0.008735122,0
98,99,1972.753,1,0.013363915,0
151,50,1973.077,1,0.009181241,0
323,109,1973.102,1,0.007756215,0
120,112,1973.208,1,0.013462656,0
126,116,1973.346,1,0.013349820,0
293,116,1973.349,1,0.009100590,0
121,118,1973.43,1,0.012433067,0
181,120,1973.489,1,0.005197981,0
327,135,1974.026,1,0.010879792,0
38,152,1974.621,1,0.014137872,0
310,157,1974.794,1,0.011513243,0
170,189,1975.949,1,0.010878552,0
80,253,1997.116,0,0.098445028,0
77,3,1999.827,1,0.009405500,0
71,5,1999.882,1,0.009098358,0
238,19,2000.389,1,0.007069597,0
239,21,2000.454,1,0.007073984,0
115,27,2000.663,1,0.009500245,0
157,30,2000.78,1,0.009303976,0
120,31,2000.81,1,0.009480240,0
135,40,2001.119,1,0.009106999,0
128,45,2001.306,1,0.009145726,0
269,48,2001.408,1,0.008270256,0
76,50,2001.488,1,0.009029686,0
247,62,2001.903,1,0.011574858,0
328,63,2001.944,1,0.006933390,0
104,64,2001.971,1,0.008860649,0
224,70,2002.173,1,0.048412625,0
245,77,2002.441,1,0.041035626,0
249,93,2002.995,1,0.040518895,0
63,93,2003.003,1,0.010895033,0
213,95,2003.079,1,0.008688425,0
72,101,2003.267,1,0.010894859,0
260,110,2003.603,1,0.010266296,0
92,114,2003.729,1,0.011024551,0
276,117,2003.846,1,0.010039499,0
206,118,2003.868,1,0.009036696,0
143,126,2004.16,1,0.012604428,0
202,136,2004.507,1,0.008801719,0
217,137,2004.543,1,0.009470229,0
118,150,2005.026,1,0.009941163,0
289,151,2005.044,1,0.009121059,0
315,158,2005.28,1,0.008118382,0
174,159,2005.332,1,0.011475967,0
156,183,2006.171,1,0.015797880,0
203,191,2006.469,1,0.011081317,0
142,192,2006.49,1,0.014396382,0
238,193,2006.516,1,0.012818812,0
135,200,2006.769,1,0.014155807,0
59,202,2006.861,1,0.013663569,0
15,207,2007.021,1,0.009402507,0
235,215,2007.294,1,0.005742855,0
139,218,2007.398,1,0.009004433,0
126,223,2007.582,1,0.009252824,0
228,232,2007.898,1,0.003634816,0
260,256,2008.74,1,0.005490777,0
89,4,2009.398,1,0.009605223,0
179,5,2009.433,1,0.008502097,0
65,8,2009.563,1,0.007202723,0
63,10,2009.62,1,0.007237144,0
19,14,2009.766,1,0.009706556,0
271,15,2009.793,1,0.007506800,0
20,16,2009.817,1,0.009686940,0
210,18,2009.89,1,0.006997789,0
215,21,2009.996,1,0.007634157,0
17,23,2010.073,1,0.045904860,0
313,24,2010.112,1,0.010364547,0
315,25,2010.138,1,0.010347037,0
240,26,2010.171,1,0.010462603,0
244,27,2010.235,1,0.010546079,0
223,32,2010.384,1,0.011036999,0
216,33,2010.426,1,0.011312634,0
87,35,2010.492,1,0.049180314,0
90,36,2010.523,1,0.049260736,0
121,39,2010.631,1,0.049353819,0
156,40,2010.663,1,0.049263828,0
108,44,2010.808,1,0.048418116,0
186,47,2010.921,1,0.049311295,0
136,48,2010.952,1,0.047658820,0
118,48,2010.971,1,0.047613218,0
119,53,2011.124,1,0.008753258,0
113,54,2011.159,1,0.008517510,0
332,56,2011.233,1,0.006975194,0
216,64,2011.523,1,0.008920451,0
220,65,2011.556,1,0.269495606,0
139,67,2011.635,1,0.009171455,0
161,71,2011.761,1,0.009753594,0
77,86,2012.298,1,0.013046307,0
156,113,2013.239,1,0.010098182,0
155,114,2013.279,1,0.011229007,0
68,123,2013.597,1,0.009904323,0
154,133,2013.96,1,0.012732582,0
168,136,2014.055,1,0.047139660,0
330,136,2014.064,1,0.010772655,0
211,136,2014.079,1,0.044978611,0
137,147,2014.442,1,0.023509037,0
7,149,2014.529,1,0.013600638,0
112,156,2014.779,1,0.015215348,0
177,168,2015.181,1,0.011144082,0
9,189,2015.93,1,0.008588594,0
138,251,2018.129,1,0.013461649,0
8,255,2018.246,1,0.012369080,0
32,48,2032.899,1,0.009003029,0
220,70,2033.684,0,0.305164456,0
50,4,2039.854,1,0.009284459,0
97,8,2039.994,1,0.009381093,0
151,12,2040.138,1,0.009025123,0
39,23,2040.517,1,0.008702951,0
313,32,2040.853,1,0.007175167,0
313,38,2041.063,1,0.008337193,0
165,44,2041.273,1,0.009202955,0
170,47,2041.377,1,0.009121494,0
216,48,2041.413,1,0.012578190,0
156,52,2041.56,1,0.009031436,0
264,55,2041.665,1,0.008774691,0
17,58,2041.756,1,0.012173432,0
222,63,2041.939,1,0.009539167,0
97,73,2042.288,1,0.040822856,0
264,75,2042.376,1,0.022336274,0
48,78,2042.486,1,0.017807208,0
265,79,2042.515,1,0.020780768,0
212,87,2042.786,1,0.048360616,0
151,50,2043.248,1,0.008664358,0
149,107,2043.491,1,0.010208640,0
226,112,2043.658,1,0.009466262,0
225,119,2043.921,1,0.009452376,0
160,125,2044.127,1,0.017686125,0
166,127,2044.185,1,0.017588135,0
335,136,2044.506,1,0.007421404,0
164,138,2044.591,1,0.014119858,0
90,143,2044.765,1,0.009479438,0
126,149,2044.967,1,0.009939520,0
44,152,2045.073,1,0.006851174,0
242,152,2045.084,1,0.009368565,0
44,156,2045.226,1,0.006906932,0
39,158,2045.298,1,0.008808165,0
221,166,2045.577,1,0.008211425,0
56,173,2045.813,1,0.008426824,0
193,175,2045.893,1,0.008847564,0
75,190,2046.417,1,0.014069262,0
8,194,2046.571,1,0.013133849,0
136,200,2046.758,1,0.014170740,0
139,201,2046.797,1,0.014218160,0
143,208,2047.068,1,0.008549956,0
200,212,2047.184,1,0.007196653,0
129,234,2047.976,1,0.008226642,0
50,238,2048.109,1,0.007888569,0
40,247,2048.444,1,0.008645064,0
142,248,2048.457,1,0.008124489,0
260,253,2048.634,1,0.005685952,0
2,256,2048.744,1,0.007776260,0
33,5,2049.438,1,0.009253427,0
291,6,2049.475,1,0.007185500,0
231,7,2049.504,1,0.006667974,0
24,7,2049.509,1,0.009138227,0
236,7,2049.53,1,0.006558415,0
139,14,2049.748,1,0.009442719,0
186,15,2049.786,1,0.007967907,0
152,16,2049.826,1,0.009606739,0
14,18,2049.906,1,0.009179210,0
89,19,2049.923,1,0.009838019,0
48,19,2049.939,1,0.009451813,0
248,20,2049.968,1,0.007010318,0
253,23,2050.076,1,0.010501540,0
247,23,2050.094,1,0.010468257,0
311,24,2050.099,1,0.010380998,0
200,24,2050.128,1,0.010880823,0
208,25,2050.136,1,0.010542976,0
213,26,2050.177,1,0.010491393,0
83,27,2050.206,1,0.046774350,0
212,31,2050.374,1,0.011120110,0
245,32,2050.387,1,0.010651637,0
192,34,2050.455,1,0.019480191,0
200,36,2050.547,1,0.016147025,0
222,37,2050.569,1,0.011911334,0
139,40,2050.666,1,0.049364001,0
71,47,2050.921,1,0.047789339,0
127,56,2051.241,1,0.008632715,0
217,63,2051.486,1,0.008632870,0
264,64,2051.514,1,0.009760122,0
24,70,2051.726,1,0.010844279,0
315,71,2051.764,1,0.007238604,0
80,71,2051.772,1,0.009324383,0
197,74,2051.867,1,0.008728309,0
213,106,2053.008,1,0.008948601,0
190,109,2053.101,1,0.009317368,0
232,113,2053.25,1,0.009890071,0
215,118,2053.417,1,0.009167010,0
136,118,2053.425,1,0.014424514,0
175,118,2053.435,1,0.005760238,0
143,120,2053.491,1,0.022906659,0
140,120,2053.511,1,0.017887080,0
183,125,2053.67,1,0.005011718,0
274,139,2054.165,1,0.017365636,0
186,144,2054.348,1,0.028441498,0
271,147,2054.447,1,0.014799827,0
227,154,2054.686,1,0.027798999,0
303,165,2055.081,1,0.008278238,0
71,166,2055.11,1,0.008826739,0
172,172,2055.336,1,0.010738328,0
3,173,2055.369,1,0.009773741,0
325,175,2055.45,1,0.007875268,0
218,192,2056.025,1,0.004769422,0
195,192,2056.037,1,0.008097417,0
212,199,2056.274,1,0.008696157,0
215,200,2056.322,1,0.009416178,0
26,208,2056.59,1,0.009066049,0
322,224,2057.157,1,0.007056274,0
47,245,2057.911,1,0.008320596,0
32,48,2074.045,1,0.032866955,0
71,8,2079.995,1,0.009427018,0
56,16,2080.276,1,0.009253427,0
189,28,2080.708,1,0.009604207,0
62,55,2081.649,1,0.008825021,0
184,62,2081.909,1,0.009331438,0
162,64,2081.962,1,0.009935269,0
112,64,2081.969,1,0.009257240,0
231,66,2082.049,1,0.044514373,0
239,67,2082.073,1,0.036517128,0
117,68,2082.108,1,0.049582642,0
246,68,2082.133,1,0.028586287,0
212,71,2082.21,1,0.047840729,0
228,72,2082.253,1,0.046311323,0
298,72,2082.266,1,0.011144902,0
270,76,2082.395,1,0.016226193,0
225,76,2082.409,1,0.048638407,0
231,80,2082.535,1,0.044775221,0
248,85,2082.71,1,0.041988332,0
226,87,2082.777,1,0.047178444,0
79,88,2082.817,1,0.025671888,0
172,91,2082.937,1,0.080482088,0
168,93,2082.989,1,0.090443693,0
171,94,2083.022,1,0.006450342,0
318,95,2083.063,1,0.007832906,0
172,95,2083.082,1,0.012993542,0
335,96,2083.094,1,0.007282697,0
32,98,2083.166,1,0.009886281,0
23,98,2083.172,1,0.010118790,0
110,100,2083.241,1,0.015688062,0
187,102,2083.308,1,0.009339988,0
265,102,2083.327,1,0.010151875,0
27,103,2083.348,1,0.009821593,0
171,111,2083.63,1,0.005349872,0
44,112,2083.66,1,0.010415659,0
156,116,2083.799,1,0.019212570,0
44,119,2083.916,1,0.009318038,0
31,120,2083.947,1,0.008951853,0
99,122,2084.014,1,0.010992295,0
52,124,2084.093,1,0.009747089,0
157,128,2084.224,1,0.014659515,0
96,128,2084.232,1,0.010845476,0
127,128,2084.25,1,0.012409898,0
296,131,2084.347,1,0.009131878,0
260,131,2084.347,1,0.012336588,0
138,132,2084.369,1,0.012560713,0
207,134,2084.441,1,0.005698634,0
322,134,2084.451,1,0.008014252,0
320,135,2084.465,1,0.008215250,0
207,135,2084.492,1,0.008064077,0
192,136,2084.508,1,0.003989086,0
116,144,2084.803,1,0.011000438,0
42,146,2084.869,1,0.009136799,0
280,150,2085.021,1,0.009101347,0
146,151,2085.039,1,0.010877525,0
287,151,2085.062,1,0.009253642,0
190,163,2085.482,1,0.010021326,0
300,176,2085.914,1,0.008256922,0
248,176,2085.935,1,0.009274004,0
133,186,2086.275,1,0.014293223,0
119,191,2086.459,1,0.014163348,0
46,193,2086.518,1,0.013703269,0
42,195,2086.592,1,0.013619472,0
133,197,2086.667,1,0.014150676,0
36,203,2086.878,1,0.013395678,0
132,227,2087.733,1,0.009425264,0
115,230,2087.816,1,0.008577429,0
116,231,2087.862,1,0.004522756,0
44,239,2088.146,1,0.009082299,0
302,248,2088.477,1,0.006367075,0
175,14,2089.771,1,0.010218643,0
234,20,2089.983,1,0.006655314,0
23,30,2090.325,1,0.046694215,0
223,32,2090.384,1,0.011042586,0
215,38,2090.601,1,0.012263927,0
208,39,2090.634,1,0.013974304,0
142,46,2090.887,1,0.048309810,0
305,49,2090.993,1,0.010580768,0
150,49,2090.999,1,0.047702990,0
176,61,2091.407,1,0.009130877,0
227,61,2091.427,1,0.009273689,0
131,69,2091.691,1,0.009090052,0
57,71,2091.764,1,0.006491861,0
138,72,2091.809,1,0.009397658,0
254,86,2092.308,1,0.009017663,0
204,88,2092.359,1,0.008505108,0
125,100,2092.789,1,0.007071556,0
63,119,2093.454,1,0.009385742,0
288,120,2093.509,1,0.009663757,0
199,150,2094.562,1,0.019119453,0
119,151,2094.601,1,0.016518002,0
59,155,2094.724,1,0.014416450,0
206,157,2094.795,1,0.016322985,0
61,159,2094.892,1,0.014403149,0
56,160,2094.906,1,0.014314346,0
197,166,2095.133,1,0.009337404,0
263,167,2095.171,1,0.008538394,0
101,176,2095.468,1,0.008660882,0
271,184,2095.753,1,0.008184379,0
87,215,2096.842,1,0.008262598,0
30,219,2096.99,1,0.008041643,0
145,222,2097.111,1,0.008484922,0
208,227,2097.28,1,0.006777187,0
250,228,2097.304,1,0.006099031,0
8,246,2097.938,1,0.007965238,0
248,247,2097.986,1,0.004847583,0
178,258,2098.361,1,0.014047577,0
218,70,2101.469,0,0.253589243,0
221,70,2103.318,1,0.334324449,0
221,71,2105.195,1,0.435158789,0
27,52,2115.253,1,0.003965533,0
32,48,2115.272,1,0.009082458,0
256,9,2120.04,1,0.006975587,0
303,28,2120.707,1,0.007213277,0
90,38,2121.055,1,0.009117099,0
40,39,2121.083,1,0.009052304,0
32,48,2121.421,1,0.009577986,0
37,49,2121.445,1,0.008821505,0
31,50,2121.488,1,0.008269099,0
173,60,2121.835,1,0.009711525,0
96,62,2121.902,1,0.009239510,0
94,72,2122.249,1,0.040367398,0
104,77,2122.425,1,0.042199619,0
93,79,2122.504,1,0.042547874,0
64,82,2122.613,1,0.020581210,0
100,87,2122.779,1,0.034282207,0
189,94,2123.027,1,0.009416752,0
149,95,2123.055,1,0.005006712,0
59,95,2123.064,1,0.012716480,0
58,95,2123.075,1,0.005137184,0
151,96,2123.102,1,0.004802946,0
75,96,2123.12,1,0.011244948,0
309,101,2123.273,1,0.008103287,0
333,120,2123.964,1,0.007545891,0
48,132,2124.368,1,0.009109569,0
29,132,2124.387,1,0.008528913,0
193,136,2124.508,1,0.003722823,0
285,143,2124.768,1,0.009109745,0
32,147,2124.895,1,0.008644611,0
38,149,2124.97,1,0.008654448,0
187,156,2125.219,1,0.011371927,0
118,159,2125.334,1,0.009123179,0
165,164,2125.5,1,0.011019083,0
262,165,2125.523,1,0.008586123,0
32,166,2125.567,1,0.008819725,0
288,168,2125.647,1,0.008229366,0
15,170,2125.719,1,0.008522997,0
261,172,2125.794,1,0.008585932,0
162,174,2125.872,1,0.010402471,0
329,179,2126.026,1,0.010770007,0
138,184,2126.199,1,0.014435066,0
148,186,2126.275,1,0.014886366,0
104,205,2126.936,1,0.014035462,0
288,207,2127.013,1,0.007350156,0
111,208,2127.052,1,0.007097171,0
108,211,2127.16,1,0.007638052,0
108,214,2127.26,1,0.007371643,0
179,215,2127.295,1,0.009802330,0
56,216,2127.341,1,0.008296356,0
257,237,2128.071,1,0.005913810,0
20,6,2129.464,1,0.009138552,0
249,8,2129.54,1,0.006943897,0
110,13,2129.722,1,0.009755699,0
215,15,2129.784,1,0.006712190,0
9,21,2129.998,1,0.008859430,0
122,26,2130.171,1,0.044462275,0
301,36,2130.538,1,0.010546442,0
32,38,2130.6,1,0.044126954,0
161,39,2130.64,1,0.049237192,0
155,42,2130.742,1,0.049368016,0
67,46,2130.88,1,0.047909003,0
231,54,2131.163,1,0.010316432,0
281,55,2131.196,1,0.008011740,0
102,56,2131.242,1,0.008944436,0
187,62,2131.45,1,0.008493219,0
172,92,2132.505,1,0.009367812,0
58,94,2132.581,1,0.010433796,0
247,141,2134.239,1,0.023550596,0
183,187,2135.855,1,0.010087953,0
181,198,2136.239,1,0.009140123,0
124,200,2136.31,1,0.009586205,0
74,206,2136.538,1,0.009998928,0
104,246,2137.951,1,0.009092204,0
312,251,2138.108,1,0.009807955,0
94,252,2138.147,1,0.013153319,0
238,5,2159.906,1,0.006578092,0
86,7,2159.967,1,0.009431424,0
61,14,2160.206,1,0.009047271,0
28,55,2161.011,1,0.005025692,0
184,53,2161.604,1,0.009136069,0
199,64,2161.964,1,0.009567941,0
168,71,2162.218,1,0.057675660,0
32,48,2162.511,1,0.035842553,0
56,80,2162.528,1,0.019016916,0
182,80,2162.54,1,0.059178747,0
99,88,2162.837,1,0.035225451,0
208,92,2162.959,1,0.047880854,0
169,92,2162.975,1,0.086208917,0
236,96,2163.1,1,0.009424548,0
39,104,2163.4,1,0.009579184,0
7,111,2163.626,1,0.008910806,0
42,117,2163.85,1,0.009346530,0
265,121,2163.999,1,0.011158247,0
208,124,2164.085,1,0.008974751,0
243,127,2164.191,1,0.009007714,0
212,135,2164.474,1,0.009649411,0
96,136,2164.511,1,0.008462311,0
96,140,2164.65,1,0.007429223,0
255,141,2164.699,1,0.009770257,0
208,143,2164.77,1,0.009223172,0
227,144,2164.786,1,0.008859615,0
69,148,2164.938,1,0.008956952,0
243,149,2164.978,1,0.009852726,0
137,150,2165.0,1,0.010212284,0
128,150,2165.019,1,0.010269746,0
149,151,2165.042,1,0.011317456,0
45,152,2165.066,1,0.008731709,0
39,152,2165.073,1,0.008666210,0
154,157,2165.269,1,0.011020887,0
306,157,2165.269,1,0.008206378,0
176,160,2165.361,1,0.013682134,0
178,160,2165.379,1,0.017417226,0
131,165,2165.555,1,0.009189120,0
184,173,2165.815,1,0.009860130,0
50,192,2166.485,1,0.013772444,0
300,193,2166.513,1,0.010827439,0
65,200,2166.77,1,0.013778307,0
142,201,2166.797,1,0.014269418,0
247,206,2166.975,1,0.010633030,0
96,206,2166.984,1,0.013985053,0
45,211,2167.146,1,0.009642154,0
134,215,2167.317,1,0.009625972,0
328,231,2167.855,1,0.006889971,0
128,232,2167.898,1,0.008692532,0
111,239,2168.148,1,0.008346510,0
152,10,2169.614,1,0.009858431,0
39,15,2169.786,1,0.008978828,0
260,23,2170.068,1,0.010548448,0
31,24,2170.104,1,0.046177324,0
296,27,2170.217,1,0.009451093,0
64,28,2170.243,1,0.047781914,0
296,29,2170.3,1,0.010204261,0
102,35,2170.501,1,0.049049757,0
56,39,2170.631,1,0.048355978,0
334,40,2170.667,1,0.010081855,0
40,53,2171.124,1,0.009286215,0
190,55,2171.201,1,0.008957376,0
221,56,2171.233,1,0.009120469,0
154,67,2171.619,1,0.009253003,0
91,67,2171.632,1,0.008662409,0
76,68,2171.667,1,0.009048032,0
160,69,2171.691,1,0.009562763,0
232,86,2172.299,1,0.009518964,0
105,88,2172.357,1,0.005715367,0
318,94,2172.574,1,0.007662031,0
77,96,2172.64,1,0.011419355,0
77,98,2172.714,1,0.012529005,0
254,102,2172.85,1,0.009145065,0
151,50,2172.892,1,0.008598268,0
85,110,2173.157,1,0.011093023,0
338,112,2173.212,1,0.007039012,0
16,122,2173.569,1,0.009052415,0
40,125,2173.671,1,0.008853922,0
13,126,2173.698,1,0.009013692,0
207,141,2174.251,1,0.039875299,0
206,143,2174.299,1,0.038500536,0
127,149,2174.514,1,0.019436480,0
134,149,2174.515,1,0.021744216,0
311,151,2174.587,1,0.011514942,0
215,151,2174.587,1,0.038900144,0
244,166,2175.119,1,0.009926282,0
11,189,2175.929,1,0.008727673,0
294,196,2176.176,1,0.007584459,0
81,200,2176.335,1,0.008317320,0
63,202,2176.384,1,0.008174832,0
8,214,2176.807,1,0.008456663,0
73,224,2177.164,1,0.008432603,0
23,227,2177.263,1,0.007886737,0
319,231,2177.406,1,0.007021949,0
183,233,2177.481,1,0.008601259,0
64,248,2178.002,1,0.012889477,0
114,255,2178.263,1,0.013093354,0
77,255,2178.276,1,0.012915348,0
180,16,2200.283,1,0.009074333,0
216,70,2200.398,0,0.258396417,0
80,21,2200.465,1,0.009601876,0
2,32,2200.837,1,0.008830983,0
116,47,2201.382,1,0.009150562,0
216,59,2201.786,1,0.009251923,0
167,67,2202.083,1,0.055770732,0
162,71,2202.088,1,0.058395661,0
192,69,2202.148,1,0.050336905,0
329,77,2202.451,1,0.010127362,0
103,82,2202.614,1,0.044902168,0
136,85,2202.705,1,0.056053158,0
198,112,2203.665,1,0.008992026,0
297,114,2203.735,1,0.008759512,0
287,117,2203.852,1,0.009771485,0
195,118,2203.87,1,0.008701911,0
300,120,2203.943,1,0.008609811,0
177,120,2203.953,1,0.005412724,0
181,124,2204.082,1,0.005279039,0
297,128,2204.223,1,0.008737063,0
144,128,2204.236,1,0.013325892,0
320,138,2204.586,1,0.008286918,0
24,150,2205.0,1,0.009394773,0
48,152,2205.083,1,0.009117323,0
227,155,2205.173,1,0.009123378,0
82,160,2205.376,1,0.009665404,0
99,165,2205.54,1,0.008955653,0
324,166,2205.581,1,0.007814798,0
33,167,2205.616,1,0.008738351,0
298,170,2205.711,1,0.008183915,0
14,172,2205.774,1,0.009404124,0
165,172,2205.798,1,0.010545368,0
11,174,2205.85,1,0.008581894,0
244,179,2206.019,1,0.013562443,0
154,179,2206.029,1,0.016184716,0
47,181,2206.099,1,0.010113241,0
47,183,2206.17,1,0.011035261,0
328,184,2206.197,1,0.010759335,0
185,192,2206.501,1,0.013488038,0
34,195,2206.599,1,0.013538713,0
89,196,2206.622,1,0.014101616,0
161,196,2206.633,1,0.015557759,0
45,199,2206.731,1,0.013580821,0
220,204,2206.907,1,0.012287937,0
55,207,2207.014,1,0.009301752,0
81,208,2207.047,1,0.008237738,0
70,215,2207.31,1,0.008391715,0
150,231,2207.858,1,0.008598235,0
234,236,2208.035,1,0.005358872,0
82,245,2208.354,1,0.008353258,0
281,4,2209.395,1,0.007471831,0
140,5,2209.43,1,0.009420537,0
224,16,2209.832,1,0.006861477,0
162,22,2210.036,1,0.042465530,0
297,24,2210.099,1,0.010499197,0
307,25,2210.161,1,0.010409434,0
312,27,2210.208,1,0.010364395,0
144,30,2210.314,1,0.046419062,0
66,31,2210.347,1,0.048699785,0
178,34,2210.472,1,0.042665228,0
17,35,2210.494,1,0.038873341,0
235,40,2210.668,1,0.022975603,0
235,41,2210.73,1,0.024925230,0
279,42,2210.748,1,0.010881943,0
319,42,2210.765,1,0.010347232,0
343,43,2210.774,1,0.009920187,0
332,45,2210.843,1,0.010118250,0
284,45,2210.867,1,0.010832480,0
168,54,2211.168,1,0.008743759,0
159,54,2211.175,1,0.008914087,0
174,55,2211.197,1,0.008995349,0
136,56,2211.233,1,0.009184976,0
204,68,2211.657,1,0.010035646,0
101,69,2211.706,1,0.008791338,0
125,86,2212.288,1,0.008611956,0
130,94,2212.582,1,0.005451991,0
23,106,2212.995,1,0.009422149,0
121,114,2213.285,1,0.013130258,0
128,117,2213.385,1,0.013506622,0
84,120,2213.487,1,0.010479034,0
314,126,2213.698,1,0.008142312,0
331,131,2213.88,1,0.007730957,0
335,133,2213.975,1,0.007589403,0
159,140,2214.2,1,0.041716482,0
107,144,2214.337,1,0.016805476,0
190,148,2214.478,1,0.022515891,0
324,148,2214.493,1,0.010998576,0
85,154,2214.688,1,0.014885576,0
167,163,2215.007,1,0.011925159,0
207,168,2215.206,1,0.007814720,0
39,195,2216.138,1,0.008618700,0
331,210,2216.682,1,0.007187616,0
33,225,2217.205,1,0.008325879,0
68,1,2239.749,1,0.009486229,0
224,4,2239.846,1,0.006663750,0
229,4,2239.853,1,0.006530346,0
161,7,2239.964,1,0.009473606,0
248,15,2240.242,1,0.007145187,0
278,27,2240.667,1,0.007662100,0
51,32,2240.838,1,0.008693971,0
119,40,2241.126,1,0.006760773,0
120,40,2241.137,1,0.019220581,0
231,44,2241.257,1,0.009712825,0
339,0,2241.527,1,0.006992644,0
112,57,2241.739,1,0.008971274,0
221,63,2241.944,1,0.009454438,0
4,64,2241.967,1,0.010252230,0
236,78,2242.459,1,0.044530738,0
149,84,2242.676,1,0.061077986,0
208,87,2242.781,1,0.047742050,0
159,90,2242.881,1,0.094047129,0
330,90,2242.888,1,0.010448300,0
327,92,2242.957,1,0.010537779,0
73,93,2243.001,1,0.012098647,0
324,96,2243.1,1,0.007490979,0
36,103,2243.369,1,0.009882739,0
78,104,2243.388,1,0.011083481,0
7,108,2243.533,1,0.008607609,0
6,109,2243.553,1,0.007061772,0
207,109,2243.574,1,0.008630345,0
1,111,2243.627,1,0.008760952,0
90,113,2243.695,1,0.011097585,0
118,117,2243.858,1,0.012410400,0
279,127,2244.197,1,0.009685376,0
110,133,2244.407,1,0.010673266,0
331,134,2244.432,1,0.007536287,0
112,144,2244.792,1,0.009870135,0
48,150,2245.019,1,0.009329745,0
295,159,2245.314,1,0.008677015,0
315,159,2245.324,1,0.008067102,0
44,166,2245.585,1,0.008898148,0
55,176,2245.922,1,0.008745434,0
246,179,2246.028,1,0.013178144,0
163,184,2246.196,1,0.016831653,0
337,186,2246.286,1,0.010667049,0
136,190,2246.422,1,0.014281834,0
64,199,2246.751,1,0.013792128,0
204,204,2246.907,1,0.010745923,0
56,215,2247.315,1,0.009284877,0
203,216,2247.34,1,0.007785094,0
134,230,2247.824,1,0.008668385,0
60,255,2248.705,1,0.008949327,0
288,256,2248.736,1,0.007811507,0
290,258,2248.814,1,0.005204504,0
246,7,2249.501,1,0.006806335,0
91,8,2249.539,1,0.009754018,0
127,11,2249.646,1,0.009499747,0
32,12,2249.685,1,0.009405011,0
2,17,2249.881,1,0.009213940,0
147,20,2249.97,1,0.009783959,0
74,21,2249.998,1,0.009651868,0
212,23,2250.089,1,0.010226179,0
175,25,2250.161,1,0.024386346,0
88,28,2250.272,1,0.046545293,0
291,32,2250.39,1,0.010610851,0
66,38,2250.602,1,0.048359141,0
143,38,2250.614,1,0.049142830,0
139,39,2250.64,1,0.049189474,0
283,44,2250.809,1,0.010833660,0
100,46,2250.889,1,0.048355211,0
238,47,2250.91,1,0.013805223,0
168,47,2250.917,1,0.047943771,0
155,47,2250.928,1,0.048111316,0
28,48,2250.969,1,0.027725521,0
31,53,2251.127,1,0.003576752,0
58,54,2251.17,1,0.008824996,0
99,56,2251.243,1,0.008503102,0
223,60,2251.375,1,0.014840877,0
122,73,2251.837,1,0.009532880,0
120,74,2251.874,1,0.010636086,0
103,84,2252.218,1,0.004638120,0
32,48,2252.228,1,0.008902901,0
69,96,2252.667,1,0.010954414,0
48,97,2252.679,1,0.010464064,0
7,101,2252.82,1,0.009040920,0
29,107,2253.038,1,0.009391955,0
284,111,2253.182,1,0.009948350,0
20,120,2253.492,1,0.009253348,0
79,127,2253.738,1,0.009546510,0
278,128,2253.77,1,0.009200194,0
108,132,2253.918,1,0.010706417,0
25,134,2253.998,1,0.008506780,0
54,138,2254.131,1,0.014566040,0
181,139,2254.157,1,0.034941182,0
65,142,2254.276,1,0.014787192,0
134,143,2254.311,1,0.024623124,0
38,144,2254.355,1,0.014215462,0
47,149,2254.518,1,0.014313102,0
335,150,2254.549,1,0.010676216,0
27,155,2254.728,1,0.013963908,0
64,160,2254.904,1,0.014447715,0
69,160,2254.915,1,0.014512483,0
68,165,2255.08,1,0.009055607,0
38,184,2255.751,1,0.008528337,0
208,209,2256.639,1,0.007756329,0
244,213,2256.774,1,0.006770081,0
166,224,2257.167,1,0.008719009,0
205,229,2257.348,1,0.006711476,0
80,240,2257.721,1,0.008283235,0
72,240,2257.729,1,0.008115944,0
152,244,2257.874,1,0.008377212,0
287,246,2257.947,1,0.006765312,0
118,250,2258.077,1,0.013199007,0
8,252,2258.14,1,0.010611502,0
5,255,2258.253,1,0.009258837,0
53,255,2258.266,1,0.012657385,0
79,255,2271.293,1,0.038136289,0
80,256,2271.352,0,0.070280649,0
18,96,2279.41,1,0.010069699,0
199,19,2280.382,1,0.006979994,0
208,23,2280.533,1,0.007280236,0
178,38,2281.056,1,0.009552116,0
248,40,2281.123,1,0.007971782,0
159,50,2281.476,1,0.009294285,0
161,54,2281.627,1,0.009419137,0
101,56,2281.684,1,0.009358330,0
96,58,2281.751,1,0.008928642,0
216,62,2281.893,1,0.009093807,0
209,65,2282.012,1,0.047836635,0
112,66,2282.059,1,0.048947968,0
171,88,2282.818,1,0.074801371,0
18,88,2282.818,1,0.014502496,0
41,101,2283.269,1,0.009697288,0
111,105,2283.423,1,0.014690914,0
55,107,2283.5,1,0.009933267,0
47,108,2283.524,1,0.009634653,0
104,108,2283.539,1,0.012329299,0
317,111,2283.632,1,0.007940176,0
150,117,2283.848,1,0.018482910,0
68,118,2283.881,1,0.014259067,0
66,118,2283.89,1,0.012126885,0
108,119,2283.929,1,0.012124801,0
133,121,2283.985,1,0.013177220,0
244,123,2284.057,1,0.009457359,0
36,124,2284.085,1,0.009141190,0
131,124,2284.095,1,0.012330466,0
136,126,2284.165,1,0.009409628,0
135,127,2284.199,1,0.009749861,0
143,128,2284.22,1,0.012416230,0
165,128,2284.228,1,0.016216232,0
102,128,2284.235,1,0.010844059,0
125,130,2284.299,1,0.012235200,0
103,132,2284.373,1,0.010130794,0
240,133,2284.416,1,0.009459763,0
137,134,2284.434,1,0.012582917,0
97,135,2284.477,1,0.009574752,0
341,139,2284.613,1,0.007263823,0
129,143,2284.757,1,0.010433589,0
231,144,2284.798,1,0.008713027,0
180,147,2284.9,1,0.013055059,0
227,148,2284.937,1,0.008230262,0
60,151,2285.042,1,0.008693601,0
14,153,2285.126,1,0.008238026,0
39,156,2285.217,1,0.008782773,0
22,162,2285.439,1,0.008705259,0
46,166,2285.577,1,0.008896928,0
107,174,2285.868,1,0.009000361,0
338,175,2285.884,1,0.007549296,0
137,191,2286.458,1,0.014284841,0
103,193,2286.525,1,0.014282176,0
143,202,2286.832,1,0.014262754,0
323,211,2287.158,1,0.007349193,0
278,214,2287.263,1,0.007226183,0
279,224,2287.613,1,0.007185429,0
25,246,2288.387,1,0.007772608,0
21,5,2289.433,1,0.008899544,0
227,6,2289.467,1,0.006567313,0
209,8,2289.535,1,0.006246038,0
216,9,2289.573,1,0.006202673,0
108,9,2289.583,1,0.009845988,0
111,10,2289.618,1,0.009514303,0
62,11,2289.651,1,0.009479390,0
190,13,2289.715,1,0.007402159,0
199,15,2289.79,1,0.006981340,0
24,15,2289.798,1,0.009367636,0
240,17,2289.852,1,0.006837784,0
163,23,2290.071,1,0.042962052,0
135,24,2290.1,1,0.044488620,0
239,24,2290.124,1,0.010383625,0
130,26,2290.171,1,0.044496566,0
290,28,2290.241,1,0.010583518,0
60,29,2290.279,1,0.048155479,0
32,46,2290.88,1,0.036677808,0
256,54,2291.165,1,0.009531601,0
64,55,2291.212,1,0.008929692,0
70,66,2291.596,1,0.009032537,0
217,70,2291.725,1,0.708348572,0
42,72,2291.797,1,0.012265029,0
30,88,2292.368,1,0.009757980,0
129,92,2292.499,1,0.005021824,0
127,95,2292.604,1,0.005667535,0
80,115,2293.327,1,0.010013632,0
59,122,2293.562,1,0.009244335,0
255,128,2293.771,1,0.010183015,0
16,131,2293.882,1,0.008432081,0
192,133,2293.946,1,0.004503414,0
99,133,2293.958,1,0.009891426,0
63,134,2293.984,1,0.009141172,0
29,168,2295.195,1,0.008384190,0
116,176,2295.483,1,0.009263689,0
54,183,2295.712,1,0.008703629,0
280,189,2295.925,1,0.007787445,0
143,204,2296.449,1,0.008607105,0
135,208,2296.596,1,0.008463039,0
132,214,2296.82,1,0.009556154,0
280,230,2297.368,1,0.006935501,0
113,236,2297.604,1,0.008781756,0
288,5,2319.911,1,0.006983201,0
66,14,2320.203,1,0.009226250,0
200,19,2320.393,1,0.006911603,0
203,22,2320.486,1,0.006588651,0
24,52,2321.541,1,0.004254114,0
34,56,2321.707,1,0.004078632,0
46,63,2321.941,1,0.004534293,0
247,74,2322.327,1,0.036167640,0
63,79,2322.496,1,0.021306885,0
91,95,2323.084,1,0.012948173,0
115,96,2323.094,1,0.005951453,0
142,101,2323.283,1,0.005939307,0
213,124,2324.089,1,0.008980352,0
74,126,2324.16,1,0.009515198,0
166,127,2324.185,1,0.018004159,0
304,133,2324.4,1,0.008469528,0
267,134,2324.444,1,0.009352664,0
232,141,2324.69,1,0.009312022,0
156,145,2324.828,1,0.012826473,0
158,148,2324.924,1,0.012356567,0
40,151,2325.036,1,0.008505442,0
168,168,2325.646,1,0.010860628,0
164,170,2325.719,1,0.010727499,0
110,189,2326.372,1,0.010884012,0
110,190,2326.419,1,0.026973272,0
46,191,2326.451,1,0.013757491,0
215,71,2327.672,1,0.779484808,0
216,226,2327.69,1,0.008705304,0
215,70,2328.907,1,0.531846881,0
96,5,2329.432,1,0.009757814,0
39,6,2329.476,1,0.009413128,0
182,8,2329.547,1,0.008143267,0
201,15,2329.792,1,0.006934697,0
135,30,2330.316,1,0.046070408,0
102,43,2330.772,1,0.048502594,0
344,46,2330.881,1,0.009903930,0
44,53,2331.141,1,0.009043158,0
40,56,2331.247,1,0.004441300,0
8,74,2331.869,1,0.009911737,0
263,80,2332.076,1,0.011769720,0
337,83,2332.207,1,0.006884830,0
264,88,2332.362,1,0.012031501,0
7,93,2332.537,1,0.009378505,0
78,94,2332.574,1,0.012311132,0
260,95,2332.63,1,0.009457779,0
332,104,2332.924,1,0.007638103,0
128,109,2333.103,1,0.015793437,0
55,112,2333.211,1,0.010101995,0
40,117,2333.388,1,0.009243072,0
340,127,2333.735,1,0.007250477,0
178,134,2333.99,1,0.010625564,0
219,136,2334.054,1,0.044491488,0
16,148,2334.482,1,0.013786681,0
247,151,2334.583,1,0.021918302,0
162,156,2334.755,1,0.027008818,0
281,166,2335.132,1,0.008615991,0
316,174,2335.397,1,0.008096644,0
24,175,2335.426,1,0.008895869,0
199,247,2337.972,1,0.006996978,0
214,70,2344.333,1,0.739743114,0
112,6,2359.929,1,0.009450669,0
117,8,2359.998,1,0.009372720,0
165,16,2360.279,1,0.011783355,0
162,17,2360.334,1,0.009778565,0
110,38,2361.052,1,0.009161481,0
224,39,2361.087,1,0.008779715,0
271,40,2361.127,1,0.008563859,0
152,51,2361.513,1,0.009106052,0
87,54,2361.633,1,0.009396926,0
28,55,2361.656,1,0.005219427,0
280,62,2361.894,1,0.008338928,0
32,67,2362.073,1,0.017538054,0
32,48,2362.086,1,0.034552667,0
247,70,2362.186,1,0.030580886,0
226,75,2362.351,1,0.048350953,0
341,80,2362.555,1,0.009934884,0
240,83,2362.64,1,0.044496719,0
32,93,2363.001,1,0.009874255,0
47,94,2363.026,1,0.009723107,0
16,95,2363.085,1,0.009968452,0
100,96,2363.112,1,0.015322865,0
246,97,2363.135,1,0.009430542,0
176,102,2363.301,1,0.010290724,0
96,102,2363.313,1,0.013227607,0
53,103,2363.346,1,0.009778205,0
217,108,2363.52,1,0.009077000,0
134,112,2363.671,1,0.016702026,0
90,123,2364.063,1,0.010440972,0
163,124,2364.088,1,0.016387360,0
241,135,2364.473,1,0.008728812,0
192,141,2364.681,1,0.017886804,0
191,141,2364.692,1,0.013554548,0
315,158,2365.278,1,0.008178103,0
194,158,2365.297,1,0.010445757,0
71,166,2365.561,1,0.008782583,0
64,166,2365.573,1,0.008760154,0
6,168,2365.635,1,0.008716800,0
5,173,2365.823,1,0.008343148,0
176,176,2365.92,1,0.010249081,0
25,176,2365.924,1,0.008712924,0
164,189,2366.395,1,0.016243413,0
48,195,2366.606,1,0.013702553,0
235,197,2366.663,1,0.014818842,0
76,206,2366.976,1,0.013790759,0
24,216,2367.325,1,0.008139936,0
29,216,2367.354,1,0.007957669,0
41,219,2367.433,1,0.008346309,0
160,224,2367.612,1,0.009086033,0
143,229,2367.795,1,0.005440454,0
143,230,2367.84,1,0.006686298,0
138,231,2367.855,1,0.008413014,0
192,239,2368.155,1,0.008974832,0
27,246,2368.407,1,0.007747523,0
186,256,2368.736,1,0.008671016,0
251,256,2368.743,1,0.005010809,0
251,258,2368.819,1,0.004151920,0
207,7,2369.515,1,0.006554005,0
154,9,2369.576,1,0.012589677,0
31,15,2369.785,1,0.009033908,0
29,16,2369.821,1,0.009075405,0
66,22,2370.034,1,0.043481600,0
24,23,2370.071,1,0.045297809,0
149,24,2370.109,1,0.044495925,0
240,28,2370.257,1,0.010554168,0
232,31,2370.355,1,0.010710786,0
137,38,2370.597,1,0.049139380,0
285,39,2370.629,1,0.010729138,0
95,40,2370.673,1,0.049140301,0
92,46,2370.881,1,0.048332494,0
165,52,2371.089,1,0.008478538,0
127,55,2371.196,1,0.008696692,0
323,60,2371.382,1,0.007142389,0
164,61,2371.409,1,0.009064442,0
107,63,2371.483,1,0.008748039,0
132,64,2371.532,1,0.009366051,0
215,70,2371.733,1,0.169768602,0
240,71,2371.763,1,0.009266293,0
152,78,2372.022,1,0.010729285,0
134,83,2372.187,1,0.010080028,0
143,85,2372.253,1,0.010481323,0
31,95,2372.62,1,0.009479756,0
25,104,2372.925,1,0.009674163,0
257,113,2373.239,1,0.009083535,0
41,115,2373.321,1,0.009461193,0
311,119,2373.46,1,0.008277240,0
178,124,2373.644,1,0.005355089,0
4,125,2373.663,1,0.008421550,0
211,70,2373.701,0,0.327071220,0
177,127,2373.734,1,0.006278923,0
54,144,2374.336,1,0.014497453,0
42,158,2374.829,1,0.014167143,0
69,164,2375.047,1,0.008823844,0
184,168,2375.19,1,0.010738282,0
67,187,2375.854,1,0.009309806,0
197,196,2376.186,1,0.007627189,0
242,198,2376.241,1,0.007982650,0
284,204,2376.472,1,0.007696582,0
311,212,2376.731,1,0.007217188,0
106,213,2376.782,1,0.008942382,0
153,218,2376.957,1,0.008445435,0
204,231,2377.415,1,0.006802578,0
118,235,2377.546,1,0.008402053,0
170,42,2401.193,1,0.009172305,0
194,61,2401.868,1,0.009031061,0
127,64,2401.973,1,0.009527788,0
287,65,2402.015,1,0.011493447,0
311,68,2402.116,1,0.010487824,0
126,69,2402.142,1,0.050462060,0
119,70,2402.184,1,0.050003543,0
212,71,2402.226,1,0.047738418,0
183,78,2402.465,1,0.057502013,0
210,79,2402.514,1,0.047753770,0
189,88,2402.813,1,0.056398667,0
312,94,2403.039,1,0.007855120,0
282,98,2403.163,1,0.010407327,0
97,100,2403.244,1,0.013038107,0
99,104,2403.379,1,0.012887838,0
315,106,2403.455,1,0.008325064,0
104,107,2403.489,1,0.012771621,0
287,111,2403.629,1,0.009533168,0
32,48,2403.639,1,0.009080372,0
244,115,2403.772,1,0.009501087,0
70,128,2404.227,1,0.009966147,0
203,133,2404.412,1,0.008682517,0
280,134,2404.441,1,0.010352610,0
40,143,2404.776,1,0.008932698,0
204,149,2404.963,1,0.003898236,0
295,149,2404.985,1,0.008609754,0
46,155,2405.185,1,0.008542816,0
200,158,2405.288,1,0.008717830,0
61,159,2405.295,1,0.008920160,0
57,158,2405.304,1,0.009985088,0
80,159,2405.322,1,0.009041501,0
56,159,2405.331,1,0.010448739,0
126,159,2405.345,1,0.009275967,0
248,165,2405.541,1,0.009955910,0
251,166,2405.571,1,0.010314924,0
202,167,2405.604,1,0.008855822,0
110,174,2405.846,1,0.009386523,0
22,176,2405.914,1,0.009449278,0
69,176,2405.942,1,0.008985186,0
72,177,2405.963,1,0.008620750,0
263,183,2406.166,1,0.011627726,0
18,184,2406.205,1,0.013464949,0
94,189,2406.379,1,0.042920921,0
93,190,2406.414,1,0.016082594,0
90,191,2406.449,1,0.014201809,0
145,200,2406.782,1,0.014300205,0
150,207,2407.014,1,0.009640370,0
43,216,2407.34,1,0.008054257,0
63,227,2407.729,1,0.009909743,0
231,241,2408.214,1,0.005772288,0
230,244,2408.34,1,0.005334899,0
122,247,2408.422,1,0.009666381,0
8,252,2408.592,1,0.008123456,0
79,253,2408.628,1,0.008127388,0
13,253,2408.637,1,0.007780805,0
60,2,2409.326,1,0.009802918,0
162,4,2409.402,1,0.009745681,0
139,4,2409.412,1,0.009678042,0
233,5,2409.437,1,0.006903508,0
63,7,2409.5,1,0.009406260,0
95,11,2409.644,1,0.009421227,0
138,14,2409.747,1,0.009729389,0
155,14,2409.754,1,0.009690531,0
320,15,2409.788,1,0.006970925,0
40,16,2409.819,1,0.009462475,0
184,16,2409.843,1,0.008546036,0
336,20,2409.962,1,0.007406502,0
46,21,2409.995,1,0.009422166,0
293,24,2410.109,1,0.010501753,0
296,26,2410.176,1,0.010519398,0
300,28,2410.241,1,0.010493398,0
296,31,2410.359,1,0.010548552,0
182,32,2410.385,1,0.027381402,0
116,40,2410.668,1,0.049232382,0
34,46,2410.88,1,0.038652752,0
37,50,2411.02,1,0.008596044,0
3,52,2411.093,1,0.012523426,0
0,53,2411.128,1,0.011334248,0
288,54,2411.162,1,0.007330547,0
287,55,2411.214,1,0.008974420,0
129,61,2411.406,1,0.008702322,0
280,61,2411.413,1,0.008240488,0
333,64,2411.54,1,0.006908345,0
128,70,2411.732,1,0.009198942,0
14,80,2412.079,1,0.009686135,0
205,83,2412.186,1,0.008491720,0
224,83,2412.207,1,0.009100023,0
161,88,2412.361,1,0.008963282,0
26,114,2413.286,1,0.009579928,0
81,150,2414.553,1,0.014958442,0
118,234,2417.526,1,0.008404020,0
82,244,2417.88,1,0.008284121,0
32,48,2424.129,1,0.008869875,0
209,70,2429.929,0,0.923397899,1
212,70,2431.831,1,0.984468758,1
211,70,2432.112,1,0.975665271,1
272,16,2440.299,1,0.007356874,0
43,24,2440.579,1,0.008905751,0
68,32,2440.833,1,0.009095105,0
134,32,2440.846,1,0.009238428,0
31,54,2441.617,1,0.004144360,0
224,68,2442.126,1,0.048548020,0
98,70,2442.189,1,0.045501612,0
127,76,2442.394,1,0.204691663,0
126,77,2442.428,1,0.115533218,0
72,85,2442.706,1,0.023847636,0
338,92,2442.954,1,0.010234590,0
60,93,2442.992,1,0.018015759,0
337,95,2443.058,1,0.007188684,0
249,110,2443.588,1,0.009175131,0
16,111,2443.642,1,0.009577819,0
30,164,2445.501,1,0.008849015,0
48,173,2445.815,1,0.008482162,0
64,176,2445.924,1,0.009135240,0
328,190,2446.419,1,0.010686435,0
315,197,2446.674,1,0.010712106,0
80,207,2447.012,1,0.008644811,0
287,210,2447.132,1,0.007411168,0
167,245,2448.361,1,0.008525161,0
87,247,2448.421,1,0.007964858,0
43,7,2449.504,1,0.009219936,0
167,8,2449.541,1,0.009613156,0
57,8,2449.552,1,0.009337059,0
287,16,2449.842,1,0.007448704,0
148,21,2450.0,1,0.044451226,0
152,22,2450.039,1,0.044467218,0
277,24,2450.113,1,0.010562717,0
272,31,2450.358,1,0.010691593,0
72,37,2450.563,1,0.048943494,0
73,39,2450.635,1,0.048500933,0
96,45,2450.849,1,0.048507366,0
91,46,2450.883,1,0.048327871,0
220,58,2451.305,1,0.009074840,0
15,62,2451.442,1,0.011141586,0
158,62,2451.453,1,0.009198669,0
136,63,2451.49,1,0.009122659,0
211,71,2451.77,1,0.805433512,0
70,72,2451.805,1,0.003775829,0
32,48,2452.019,1,0.008734349,0
114,79,2452.044,1,0.009434850,0
38,85,2452.263,1,0.010516396,0
343,90,2452.427,1,0.006749597,0
241,102,2452.859,1,0.009435532,0
294,107,2453.029,1,0.008942897,0
284,108,2453.063,1,0.009777780,0
202,108,2453.07,1,0.008871238,0
123,116,2453.354,1,0.013281809,0
136,118,2453.422,1,0.014810908,0
35,126,2453.711,1,0.008897556,0
149,136,2454.057,1,0.041274305,0
147,137,2454.1,1,0.037920091,0
40,142,2454.271,1,0.014245669,0
40,152,2454.622,1,0.014194402,0
148,166,2455.119,1,0.010386952,0
54,205,2456.487,1,0.009045688,0
79,228,2457.303,1,0.008945540,0
84,13,2480.181,1,0.009698254,0
5,35,2480.949,1,0.008556061,0
145,47,2481.368,1,0.009007641,0
339,71,2482.219,1,0.009932498,0
218,71,2482.232,1,0.048706554,0
181,86,2482.744,1,0.063668177,0
40,88,2482.815,1,0.016399540,0
47,95,2483.055,1,0.009719457,0
255,107,2483.504,1,0.008811438,0
144,110,2483.594,1,0.015913604,0
207,70,2483.635,0,0.548809707,0
328,117,2483.846,1,0.007549320,0
312,126,2484.175,1,0.008102865,0
237,131,2484.332,1,0.009390717,0
94,131,2484.347,1,0.010083060,0
227,141,2484.677,1,0.009109478,0
152,144,2484.796,1,0.012758100,0
133,147,2484.902,1,0.010218637,0
5,153,2485.101,1,0.008252020,0
231,153,2485.133,1,0.011245504,0
341,154,2485.144,1,0.007445829,0
332,156,2485.239,1,0.007429147,0
18,164,2485.499,1,0.008738078,0
210,166,2485.588,1,0.004332294,0
208,173,2485.837,1,0.006905607,0
79,178,2485.988,1,0.008645384,0
32,48,2486.136,1,0.034317769,0
50,182,2486.15,1,0.013989964,0
2,190,2486.426,1,0.013130054,0
107,191,2486.452,1,0.014274055,0
140,197,2486.667,1,0.014248823,0
178,213,2487.235,1,0.008737893,0
225,216,2487.33,1,0.003435812,0
181,216,2487.338,1,0.008499457,0
183,224,2487.605,1,0.008640501,0
311,230,2487.827,1,0.007009956,0
215,247,2488.427,1,0.008197569,0
337,259,2488.87,1,0.006512150,0
280,10,2489.611,1,0.007577077,0
332,16,2489.824,1,0.007193563,0
295,19,2489.928,1,0.006857182,0
295,21,2489.997,1,0.007255097,0
140,23,2490.083,1,0.044473376,0
134,24,2490.101,1,0.044486620,0
329,24,2490.126,1,0.010115298,0
115,30,2490.327,1,0.045224328,0
28,31,2490.354,1,0.047134608,0
150,38,2490.602,1,0.049124975,0
184,39,2490.629,1,0.045391656,0
231,45,2490.841,1,0.014000592,0
227,46,2490.898,1,0.017319934,0
151,50,2491.016,1,0.008650620,0
73,51,2491.054,1,0.008642502,0
130,55,2491.2,1,0.008983171,0
70,61,2491.421,1,0.008804332,0
103,62,2491.448,1,0.008535032,0
159,64,2491.515,1,0.009137364,0
88,85,2492.266,1,0.006345972,0
343,88,2492.373,1,0.006688468,0
82,94,2492.571,1,0.012542788,0
132,102,2492.856,1,0.006532623,0
304,107,2493.033,1,0.008279053,0
109,126,2493.706,1,0.011426297,0
255,127,2493.749,1,0.009238724,0
76,135,2494.035,1,0.015465629,0
310,137,2494.103,1,0.011680925,0
161,152,2494.634,1,0.029677544,0
102,162,2494.997,1,0.014923409,0
318,186,2495.821,1,0.007585099,0
111,192,2496.031,1,0.008555009,0
203,213,2496.768,1,0.006923419,0
71,220,2497.039,1,0.008345875,0
93,226,2497.232,1,0.011015113,0
91,226,2497.253,1,0.010655964,0
83,256,2498.289,1,0.012982265,0
311,24,2520.554,1,0.006995609,0
307,24,2520.56,1,0.007709139,0
305,30,2520.774,1,0.007208806,0
249,36,2520.977,1,0.007711864,0
168,46,2521.346,1,0.009103769,0
61,48,2521.408,1,0.009302034,0
62,51,2521.532,1,0.009244404,0
246,54,2521.618,1,0.010109490,0
151,55,2521.655,1,0.009010514,0
269,55,2521.674,1,0.009027068,0
12,56,2521.681,1,0.011734631,0
48,59,2521.795,1,0.009143203,0
192,60,2521.83,1,0.008935248,0
104,61,2521.888,1,0.009134014,0
204,62,2521.9,1,0.014723404,0
54,62,2521.901,1,0.009300403,0
201,63,2521.939,1,0.034070559,0
210,70,2522.081,1,0.047907259,0
21,67,2522.088,1,0.016392795,0
88,72,2522.251,1,0.038187575,0
20,77,2522.434,1,0.012748134,0
133,78,2522.472,1,0.040532272,0
22,79,2522.497,1,0.010060226,0
67,80,2522.533,1,0.021818597,0
149,80,2522.544,1,0.059095301,0
135,80,2522.558,1,0.059817363,0
262,88,2522.816,1,0.025964098,0
111,88,2522.833,1,0.056778051,0
105,89,2522.851,1,0.024731256,0
278,91,2522.927,1,0.017353827,0
105,92,2522.959,1,0.015342742,0
53,94,2523.02,1,0.010585736,0
259,94,2523.028,1,0.009272226,0
66,96,2523.094,1,0.011033445,0
190,100,2523.237,1,0.009391521,0
104,100,2523.245,1,0.014969260,0
112,103,2523.349,1,0.015801899,0
319,103,2523.368,1,0.008095950,0
189,104,2523.385,1,0.009117311,0
150,110,2523.595,1,0.012527259,0
133,117,2523.833,1,0.015843904,0
127,118,2523.883,1,0.013300682,0
136,119,2523.913,1,0.015081409,0
71,124,2524.104,1,0.009499989,0
80,125,2524.122,1,0.010262731,0
166,127,2524.184,1,0.018491222,0
2,127,2524.193,1,0.008764449,0
66,127,2524.204,1,0.010096524,0
162,128,2524.236,1,0.016654089,0
198,128,2524.245,1,0.009529887,0
219,133,2524.401,1,0.009501891,0
67,135,2524.478,1,0.009327965,0
335,136,2524.509,1,0.007588889,0
192,141,2524.681,1,0.004812522,0
173,142,2524.733,1,0.013268350,0
315,143,2524.761,1,0.008055625,0
255,150,2525.004,1,0.010568031,0
36,150,2525.011,1,0.009538812,0
45,152,2525.078,1,0.009387533,0
40,157,2525.251,1,0.008644696,0
141,159,2525.321,1,0.009809350,0
125,161,2525.407,1,0.009474815,0
314,162,2525.428,1,0.008234797,0
319,165,2525.528,1,0.008053313,0
193,168,2525.647,1,0.009468162,0
294,173,2525.825,1,0.008040509,0
140,174,2525.867,1,0.009611817,0
99,181,2526.093,1,0.014461377,0
101,184,2526.209,1,0.014429070,0
98,185,2526.24,1,0.014381964,0
31,191,2526.455,1,0.013583811,0
153,196,2526.639,1,0.014764507,0
306,200,2526.761,1,0.010684798,0
309,205,2526.948,1,0.010614356,0
159,208,2527.054,1,0.008596150,0
323,211,2527.157,1,0.007767817,0
156,212,2527.206,1,0.008893725,0
84,214,2527.263,1,0.008629467,0
23,216,2527.348,1,0.007942140,0
200,224,2527.612,1,0.007304786,0
237,240,2528.176,1,0.004607151,0
275,246,2528.381,1,0.006872081,0
32,248,2528.461,1,0.008252297,0
2,252,2528.617,1,0.007951761,0
39,254,2528.67,1,0.007719009,0
80,255,2528.708,1,0.008652755,0
279,2,2529.329,1,0.009169479,0
281,4,2529.394,1,0.006406513,0
36,8,2529.537,1,0.009546271,0
173,12,2529.68,1,0.009383637,0
124,13,2529.72,1,0.010051063,0
175,23,2530.072,1,0.020912066,0
113,24,2530.112,1,0.044419810,0
224,26,2530.187,1,0.010416225,0
301,27,2530.207,1,0.010471335,0
189,28,2530.244,1,0.013713584,0
220,29,2530.282,1,0.010687721,0
188,30,2530.323,1,0.017398084,0
135,31,2530.358,1,0.046489839,0
47,32,2530.384,1,0.048159521,0
70,37,2530.584,1,0.048804935,0
192,46,2530.885,1,0.049082227,0
183,48,2530.951,1,0.049113460,0
122,60,2531.379,1,0.009110830,0
127,70,2531.725,1,0.009145095,0
78,70,2531.736,1,0.009032559,0
120,76,2531.951,1,0.009393145,0
128,78,2532.013,1,0.009855746,0
116,83,2532.184,1,0.010241527,0
183,88,2532.371,1,0.010339880,0
14,94,2532.569,1,0.010004451,0
287,96,2532.649,1,0.009442429,0
286,101,2532.82,1,0.010358450,0
304,105,2532.981,1,0.011827440,0
303,106,2533.004,1,0.007991007,0
119,107,2533.033,1,0.015237435,0
162,110,2533.156,1,0.005746927,0
184,118,2533.427,1,0.006719267,0
159,119,2533.459,1,0.016676547,0
102,123,2533.6,1,0.011118647,0
213,149,2534.523,1,0.038274232,0
194,153,2534.681,1,0.016890461,0
261,156,2534.763,1,0.014039527,0
131,192,2536.055,1,0.008599048,0
283,222,2537.097,1,0.007975889,0
88,229,2537.343,1,0.008317186,0
54,244,2537.872,1,0.008759044,0
212,71,2539.154,1,0.107832663,0
32,48,2555.192,1,0.009015409,0
189,6,2559.924,1,0.007298920,0
97,8,2559.994,1,0.009325577,0
203,8,2560.006,1,0.006418748,0
181,9,2560.048,1,0.007562397,0
100,13,2560.17,1,0.009482035,0
296,14,2560.216,1,0.007381311,0
15,23,2560.522,1,0.008586898,0
39,24,2560.566,1,0.008838845,0
104,37,2561.04,1,0.009201633,0
293,39,2561.084,1,0.007623598,0
122,45,2561.297,1,0.009139389,0
205,70,2561.469,0,0.408185869,0
145,50,2561.481,1,0.009074633,0
208,70,2561.906,1,0.977459252,1
209,66,2562.034,1,0.047948610,0
32,48,2562.163,1,0.034623142,0
53,73,2562.285,1,0.020255301,0
47,73,2562.3,1,0.019830862,0
19,79,2562.499,1,0.015464374,0
68,91,2562.929,1,0.020440256,0
185,99,2563.215,1,0.008505309,0
185,102,2563.305,1,0.004876683,0
312,104,2563.378,1,0.008015804,0
48,107,2563.494,1,0.010032426,0
40,109,2563.56,1,0.009848981,0
339,126,2564.163,1,0.007253168,0
51,127,2564.185,1,0.008881565,0
254,127,2564.201,1,0.009403813,0
56,153,2565.126,1,0.008643365,0
190,160,2565.354,1,0.010409587,0
39,163,2565.457,1,0.008519323,0
141,164,2565.488,1,0.009748732,0
152,174,2565.85,1,0.009876172,0
56,176,2565.939,1,0.009129575,0
184,180,2566.061,1,0.015306642,0
87,189,2566.402,1,0.014212468,0
95,190,2566.413,1,0.014267864,0
66,191,2566.445,1,0.013992675,0
232,200,2566.764,1,0.013671719,0
58,206,2566.978,1,0.013606685,0
138,207,2567.03,1,0.009032832,0
116,213,2567.228,1,0.008898770,0
87,213,2567.243,1,0.009911111,0
142,221,2567.528,1,0.009064498,0
169,227,2567.722,1,0.010804006,0
286,237,2568.083,1,0.006914108,0
130,242,2568.253,1,0.009470573,0
39,245,2568.347,1,0.007934724,0
32,247,2568.424,1,0.008013381,0
152,6,2569.466,1,0.010973417,0
22,7,2569.505,1,0.009314033,0
287,9,2569.574,1,0.007353456,0
273,11,2569.644,1,0.007421056,0
72,12,2569.678,1,0.009642691,0
281,12,2569.701,1,0.007196210,0
162,14,2569.752,1,0.011546884,0
183,16,2569.824,1,0.009156570,0
112,16,2569.824,1,0.009653549,0
278,23,2570.072,1,0.010535258,0
337,24,2570.099,1,0.009958693,0
268,28,2570.251,1,0.010647601,0
266,29,2570.286,1,0.010663643,0
340,32,2570.385,1,0.009910821,0
189,37,2570.565,1,0.030512892,0
9,46,2570.885,1,0.019463744,0
111,54,2571.16,1,0.008558504,0
238,56,2571.236,1,0.010316798,0
302,59,2571.36,1,0.007293678,0
32,77,2571.979,1,0.010736438,0
204,81,2572.115,1,0.009261396,0
144,96,2572.647,1,0.004546707,0
200,111,2573.18,1,0.009146244,0
90,125,2573.687,1,0.009953273,0
250,126,2573.707,1,0.009515008,0
176,128,2573.774,1,0.006373831,0
320,141,2574.233,1,0.011209439,0
54,152,2574.62,1,0.014403596,0
136,164,2575.041,1,0.009538477,0
129,167,2575.145,1,0.009540036,0
101,180,2575.604,1,0.008628700,0
35,214,2576.811,1,0.007970481,0
120,256,2578.293,1,0.013085864,0
90,1,2599.761,1,0.009522602,0
288,8,2600.008,1,0.007250727,0
201,13,2600.175,1,0.006929383,0
59,15,2600.241,1,0.009304645,0
160,16,2600.276,1,0.009215933,0
157,20,2600.421,1,0.009227117,0
162,27,2600.688,1,0.009789833,0
234,37,2601.028,1,0.008354004,0
150,53,2601.58,1,0.008937157,0
123,55,2601.651,1,0.008868756,0
57,56,2601.687,1,0.009621172,0
128,85,2602.721,1,0.051625594,0
79,87,2602.779,1,0.026936721,0
17,88,2602.831,1,0.014420801,0
199,91,2602.921,1,0.048454531,0
169,93,2602.985,1,0.083221354,0
230,93,2602.994,1,0.044586804,0
21,95,2603.075,1,0.009498853,0
247,96,2603.12,1,0.009180646,0
83,102,2603.327,1,0.011440326,0
24,104,2603.378,1,0.009514249,0
32,48,2603.46,1,0.008976602,0
51,112,2603.661,1,0.009572582,0
60,112,2603.663,1,0.009872625,0
96,113,2603.717,1,0.011886202,0
64,114,2603.729,1,0.009673304,0
54,118,2603.894,1,0.009390349,0
160,119,2603.922,1,0.016759053,0
153,122,2604.023,1,0.015882680,0
118,124,2604.11,1,0.012539653,0
288,125,2604.125,1,0.009978585,0
11,128,2604.229,1,0.008433552,0
13,129,2604.266,1,0.008701972,0
89,131,2604.33,1,0.005126087,0
90,132,2604.379,1,0.009963300,0
72,134,2604.439,1,0.009621654,0
205,135,2604.484,1,0.008667623,0
132,136,2604.51,1,0.012253274,0
200,136,2604.529,1,0.009205173,0
133,138,2604.576,1,0.012197999,0
34,139,2604.617,1,0.008695973,0
202,140,2604.648,1,0.009311943,0
227,144,2604.784,1,0.008911547,0
127,144,2604.804,1,0.010534006,0
160,148,2604.952,1,0.012375331,0
191,150,2605.0,1,0.009247846,0
258,152,2605.087,1,0.009785054,0
78,154,2605.145,1,0.009342672,0
260,164,2605.491,1,0.008905140,0
177,166,2605.562,1,0.010985377,0
183,168,2605.637,1,0.010443125,0
109,177,2605.966,1,0.008744504,0
326,182,2606.141,1,0.010813734,0
167,191,2606.456,1,0.015851162,0
104,196,2606.635,1,0.014209414,0
159,197,2606.676,1,0.015376629,0
272,215,2607.293,1,0.007293312,0
71,215,2607.312,1,0.008857141,0
183,224,2607.545,1,0.008580275,0
211,229,2607.784,1,0.006981700,0
176,229,2607.794,1,0.009043428,0
222,246,2608.391,1,0.004386881,0
120,252,2608.6,1,0.008468859,0
175,6,2609.465,1,0.008243407,0
40,8,2609.542,1,0.009405460,0
157,12,2609.693,1,0.009875878,0
73,14,2609.778,1,0.009340796,0
141,24,2610.115,1,0.044488378,0
140,26,2610.186,1,0.044518732,0
145,40,2610.672,1,0.049299385,0
34,48,2610.953,1,0.036444664,0
334,55,2611.194,1,0.006776356,0
239,55,2611.206,1,0.010117094,0
130,56,2611.236,1,0.008976750,0
142,62,2611.449,1,0.009225996,0
159,63,2611.484,1,0.009510556,0
275,74,2611.881,1,0.009558678,0
338,77,2611.99,1,0.006617797,0
44,90,2612.431,1,0.010157195,0
280,116,2613.352,1,0.009752673,0
98,136,2614.06,1,0.018366264,0
203,167,2615.148,1,0.008443455,0
310,176,2615.477,1,0.007969686,0
39,186,2615.831,1,0.008511447,0
70,199,2616.281,1,0.010855245,0
166,208,2616.602,1,0.011246973,0
204,69,2618.155,0,0.712540984,0
203,70,2618.169,0,0.860433877,0
202,70,2626.039,0,0.582373083,0
80,254,2631.299,1,0.008338072,0
135,4,2639.851,1,0.009227744,0
164,16,2640.281,1,0.010498617,0
303,31,2640.81,1,0.007385232,0
303,35,2640.943,1,0.007522395,0
112,36,2640.977,1,0.009058747,0
237,44,2641.276,1,0.009112862,0
173,53,2641.584,1,0.008778707,0
76,55,2641.666,1,0.009094344,0
34,61,2641.863,1,0.005990563,0
312,62,2641.898,1,0.007214688,0
85,68,2642.109,1,0.027116664,0
83,70,2642.182,1,0.018880274,0
207,71,2642.226,1,0.048359472,0
69,72,2642.252,1,0.036903087,0
242,88,2642.818,1,0.044469763,0
32,94,2643.036,1,0.009678385,0
187,111,2643.627,1,0.009193172,0
158,113,2643.715,1,0.010649060,0
126,124,2644.087,1,0.012780154,0
17,125,2644.121,1,0.008577437,0
54,139,2644.626,1,0.009044057,0
7,140,2644.674,1,0.008213577,0
79,142,2644.717,1,0.009213896,0
152,151,2645.045,1,0.011799868,0
248,155,2645.176,1,0.010058188,0
102,155,2645.192,1,0.009189056,0
99,157,2645.27,1,0.009125715,0
28,159,2645.322,1,0.008374079,0
4,160,2645.363,1,0.008830603,0
40,164,2645.497,1,0.009202410,0
85,166,2645.566,1,0.008897732,0
163,172,2645.798,1,0.010586729,0
202,70,2645.837,0,0.413968265,0
40,176,2645.943,1,0.009161369,0
41,180,2646.06,1,0.013916356,0
194,180,2646.069,1,0.012540450,0
328,184,2646.196,1,0.010746400,0
100,189,2646.393,1,0.014337933,0
24,190,2646.411,1,0.013494549,0
98,190,2646.432,1,0.014300958,0
328,192,2646.493,1,0.010671760,0
160,199,2646.727,1,0.015373835,0
247,211,2647.157,1,0.007103336,0
288,216,2647.348,1,0.007206096,0
200,224,2647.605,1,0.007386368,0
77,251,2648.568,1,0.008405025,0
34,3,2649.365,1,0.009312639,0
279,7,2649.522,1,0.007684908,0
135,24,2650.101,1,0.044485476,0
128,25,2650.143,1,0.044483710,0
142,27,2650.213,1,0.044760294,0
155,36,2650.535,1,0.048171137,0
309,40,2650.669,1,0.010463787,0
144,45,2650.844,1,0.048464131,0
211,46,2650.89,1,0.020910939,0
127,47,2650.938,1,0.047745466,0
106,48,2650.947,1,0.047965899,0
112,49,2650.983,1,0.047627848,0
264,53,2651.129,1,0.008460134,0
108,54,2651.159,1,0.008861089,0
272,54,2651.165,1,0.008199810,0
101,55,2651.196,1,0.008640905,0
316,56,2651.23,1,0.007204432,0
24,56,2651.241,1,0.006716385,0
182,61,2651.412,1,0.009156246,0
64,61,2651.421,1,0.008803091,0
218,62,2651.441,1,0.008991621,0
157,62,2651.468,1,0.009079389,0
169,63,2651.483,1,0.009070569,0
290,63,2651.506,1,0.007955667,0
24,68,2651.657,1,0.011566471,0
118,71,2651.773,1,0.009097405,0
207,75,2651.914,1,0.010424480,0
32,48,2651.948,1,0.008890414,0
208,78,2652.007,1,0.009273712,0
86,78,2652.013,1,0.004459882,0
174,89,2652.413,1,0.010827586,0
308,94,2652.577,1,0.008301579,0
120,95,2652.618,1,0.005923245,0
327,100,2652.785,1,0.007651777,0
32,103,2652.897,1,0.010480351,0
166,104,2652.93,1,0.010640875,0
165,105,2652.96,1,0.009765188,0
240,108,2653.072,1,0.009821306,0
157,109,2653.12,1,0.006438539,0
242,112,2653.207,1,0.009991596,0
319,118,2653.424,1,0.007880314,0
16,119,2653.463,1,0.008792044,0
157,124,2653.643,1,0.017378498,0
154,126,2653.702,1,0.015487855,0
311,126,2653.726,1,0.008595540,0
192,128,2653.775,1,0.010161847,0
95,134,2653.988,1,0.010336734,0
94,136,2654.057,1,0.017758477,0
111,149,2654.517,1,0.016388129,0
60,152,2654.621,1,0.014498565,0
5,157,2654.804,1,0.013599653,0
319,158,2654.839,1,0.011120854,0
110,160,2654.901,1,0.015103694,0
284,160,2654.907,1,0.012453113,0
176,164,2655.044,1,0.012043948,0
148,170,2655.253,1,0.009812763,0
149,171,2655.293,1,0.008046814,0
200,189,2655.921,1,0.010062006,0
200,191,2656.007,1,0.008662430,0
109,196,2656.178,1,0.008667103,0
243,207,2656.557,1,0.006901775,0
53,213,2656.769,1,0.008340029,0
55,214,2656.82,1,0.008380988,0
33,216,2656.882,1,0.008172350,0
320,221,2657.054,1,0.006895899,0
105,223,2657.131,1,0.008152662,0
322,224,2657.161,1,0.007558261,0
0,232,2657.451,1,0.008145898,0
1,236,2657.605,1,0.008428844,0
247,238,2657.656,1,0.005755985,0
119,239,2657.699,1,0.008025789,0
199,240,2657.723,1,0.007854413,0
258,240,2657.736,1,0.006272521,0
46,186,2657.855,1,0.009189260,0
115,247,2657.984,1,0.007945665,0
150,256,2658.299,1,0.013507771,0
204,70,2661.145,1,0.988220930,1
203,69,2662.774,0,0.831563830,0
197,56,2681.704,1,0.009285486,0
96,58,2681.753,1,0.008961465,0
65,58,2681.774,1,0.009393948,0
206,61,2681.858,1,0.009151794,0
289,70,2682.18,1,0.011517988,0
301,71,2682.228,1,0.010925203,0
305,76,2682.398,1,0.010961877,0
178,77,2682.443,1,0.058445919,0
286,79,2682.518,1,0.012393592,0
184,80,2682.539,1,0.057860866,0
189,88,2682.808,1,0.056244470,0
181,90,2682.883,1,0.062176708,0
187,91,2682.919,1,0.056916546,0
288,93,2682.995,1,0.013311563,0
38,109,2683.559,1,0.009704769,0
105,112,2683.685,1,0.013125452,0
104,114,2683.741,1,0.013124254,0
173,122,2684.022,1,0.005301316,0
277,124,2684.093,1,0.009456699,0
224,134,2684.456,1,0.009476399,0
36,142,2684.72,1,0.008955039,0
160,144,2684.787,1,0.012942038,0
111,144,2684.803,1,0.009638945,0
137,154,2685.142,1,0.008648719,0
137,156,2685.227,1,0.008073673,0
199,164,2685.508,1,0.010010603,0
168,168,2685.641,1,0.010896822,0
73,172,2685.781,1,0.008884693,0
303,173,2685.816,1,0.008203658,0
207,174,2685.851,1,0.007757632,0
192,178,2686.005,1,0.013109162,0
94,180,2686.064,1,0.014436212,0
15,182,2686.141,1,0.013467439,0
41,190,2686.422,1,0.013743491,0
32,48,2686.683,1,0.035128955,0
293,198,2686.7,1,0.010741059,0
239,198,2686.715,1,0.011152293,0
72,206,2686.984,1,0.013766072,0
8,255,2688.708,1,0.007967994,0
79,256,2688.744,1,0.007744932,0
58,259,2688.868,1,0.007830493,0
127,12,2689.681,1,0.009461032,0
146,14,2689.752,1,0.009501357,0
16,24,2690.114,1,0.045525301,0
30,28,2690.245,1,0.047239896,0
105,32,2690.395,1,0.046949364,0
31,38,2690.598,1,0.045157265,0
39,38,2690.612,1,0.047587138,0
105,42,2690.755,1,0.048308037,0
45,44,2690.807,1,0.047297165,0
181,45,2690.851,1,0.049373712,0
298,46,2690.891,1,0.010601604,0
48,48,2690.966,1,0.044095796,0
315,52,2691.094,1,0.007186976,0
60,61,2691.414,1,0.008922719,0
334,65,2691.551,1,0.006649218,0
52,69,2691.69,1,0.005569442,0
75,88,2692.37,1,0.012533549,0
328,93,2692.538,1,0.007430820,0
145,112,2693.22,1,0.015820574,0
329,116,2693.346,1,0.007707641,0
335,118,2693.422,1,0.007653993,0
34,124,2693.637,1,0.009320438,0
15,142,2694.264,1,0.013783607,0
329,166,2695.115,1,0.007857131,0
106,168,2695.187,1,0.008604811,0
104,170,2695.269,1,0.008782280,0
153,184,2695.754,1,0.009369216,0
227,188,2695.89,1,0.006602889,0
309,211,2696.722,1,0.007548456,0
254,221,2697.053,1,0.007171444,0
244,239,2697.684,1,0.005103013,0
47,246,2697.948,1,0.008254705,0
199,70,2708.481,0,0.806823909,0
204,69,2716.254,1,0.902921855,1
203,69,2716.487,1,0.835099399,0
23,3,2719.839,1,0.008800912,0
210,4,2719.854,1,0.006612620,0
64,10,2720.064,1,0.009355859,0
279,12,2720.141,1,0.007156996,0
274,13,2720.17,1,0.007314474,0
92,22,2720.491,1,0.009436517,0
44,36,2720.981,1,0.009042087,0
180,47,2721.385,1,0.009296899,0
8,54,2721.616,1,0.010622035,0
187,56,2721.692,1,0.009150419,0
222,61,2721.868,1,0.009332796,0
324,62,2721.904,1,0.007328212,0
283,63,2721.952,1,0.008515803,0
205,68,2722.111,1,0.048422806,0
201,70,2722.186,1,0.049132124,0
204,71,2722.22,1,0.048650105,0
49,77,2722.428,1,0.018974554,0
144,81,2722.592,1,0.057726346,0
112,86,2722.757,1,0.049202103,0
50,90,2722.888,1,0.017170567,0
72,94,2723.029,1,0.012015561,0
199,95,2723.07,1,0.008943155,0
121,110,2723.592,1,0.015246580,0
219,110,2723.607,1,0.009403462,0
4,111,2723.624,1,0.009223142,0
336,111,2723.648,1,0.007365051,0
92,113,2723.713,1,0.011603797,0
199,118,2723.877,1,0.008951020,0
137,120,2723.942,1,0.016220987,0
113,124,2724.101,1,0.012161179,0
123,126,2724.159,1,0.012565073,0
211,127,2724.193,1,0.009073304,0
227,141,2724.678,1,0.009217640,0
336,151,2725.044,1,0.007577915,0
4,157,2725.242,1,0.008511198,0
7,159,2725.322,1,0.008690059,0
76,167,2725.607,1,0.008722983,0
271,179,2726.039,1,0.011673792,0
89,184,2726.212,1,0.024384543,0
90,185,2726.243,1,0.035457186,0
72,215,2727.302,1,0.009015324,0
32,48,2727.654,1,0.009014923,0
186,229,2727.793,1,0.008916380,0
279,240,2728.199,1,0.006742217,0
114,243,2728.287,1,0.010337075,0
178,248,2728.463,1,0.009993863,0
229,252,2728.616,1,0.004893027,0
80,255,2728.699,1,0.009633265,0
272,6,2729.466,1,0.007223187,0
144,7,2729.508,1,0.009540997,0
316,15,2729.789,1,0.006921632,0
323,16,2729.824,1,0.007475227,0
73,22,2730.037,1,0.042413320,0
327,23,2730.068,1,0.010115151,0
24,27,2730.219,1,0.046829324,0
69,32,2730.389,1,0.048348781,0
104,33,2730.422,1,0.047704820,0
178,37,2730.56,1,0.045031637,0
228,37,2730.57,1,0.011859098,0
190,38,2730.594,1,0.031975161,0
157,40,2730.673,1,0.049384110,0
266,47,2730.919,1,0.011457864,0
307,54,2731.175,1,0.007293761,0
92,60,2731.376,1,0.009023958,0
132,62,2731.441,1,0.009251136,0
280,64,2731.52,1,0.008400623,0
285,65,2731.552,1,0.008179546,0
283,66,2731.597,1,0.008837137,0
281,70,2731.726,1,0.008458151,0
327,72,2731.798,1,0.007020871,0
291,78,2732.021,1,0.008242561,0
10,83,2732.199,1,0.009718545,0
319,84,2732.234,1,0.007167826,0
206,87,2732.33,1,0.008768162,0
315,88,2732.359,1,0.007620251,0
320,92,2732.505,1,0.007773229,0
224,100,2732.792,1,0.009284455,0
102,109,2733.109,1,0.012066420,0
109,112,2733.208,1,0.012226627,0
110,115,2733.326,1,0.012567617,0
109,118,2733.439,1,0.012332173,0
148,120,2733.491,1,0.016646726,0
120,120,2733.497,1,0.012529082,0
252,128,2733.772,1,0.009259763,0
66,136,2734.058,1,0.014986940,0
134,143,2734.299,1,0.025881348,0
169,152,2734.619,1,0.030549247,0
326,158,2734.83,1,0.010839917,0
223,160,2734.904,1,0.030285679,0
223,178,2735.543,1,0.007782690,0
303,182,2735.677,1,0.007963302,0
73,192,2736.034,1,0.008396958,0
124,216,2736.876,1,0.008732851,0
94,216,2736.89,1,0.008338960,0
327,222,2737.086,1,0.007325378,0
187,226,2737.239,1,0.009211254,0
202,70,2740.623,1,0.912668467,1
199,69,2759.31,0,0.265169770,0
216,2,2759.781,1,0.006687075,0
158,5,2759.889,1,0.009599083,0
158,11,2760.1,1,0.010744327,0
157,13,2760.169,1,0.010961955,0
46,21,2760.446,1,0.006007473,0
47,21,2760.461,1,0.008749912,0
258,24,2760.579,1,0.007328268,0
287,28,2760.705,1,0.007444045,0
45,36,2760.979,1,0.006079864,0
46,36,2760.988,1,0.010219144,0
248,43,2761.237,1,0.008768927,0
48,44,2761.28,1,0.009072395,0
56,48,2761.415,1,0.009035261,0
3,50,2761.493,1,0.010086320,0
98,52,2761.562,1,0.009010197,0
62,55,2761.653,1,0.009178040,0
32,48,2762.129,1,0.035424780,0
144,72,2762.251,1,0.053250026,0
246,85,2762.715,1,0.044415925,0
32,90,2762.895,1,0.015483479,0
247,93,2763.005,1,0.009353309,0
33,94,2763.047,1,0.009545112,0
56,98,2763.174,1,0.010251030,0
305,100,2763.237,1,0.008367149,0
45,101,2763.289,1,0.009864978,0
60,104,2763.393,1,0.010551923,0
74,106,2763.442,1,0.010750046,0
59,107,2763.489,1,0.010249120,0
110,109,2763.557,1,0.013458217,0
14,109,2763.571,1,0.009166166,0
10,111,2763.627,1,0.009306658,0
103,114,2763.731,1,0.012021914,0
151,119,2763.912,1,0.018945953,0
123,119,2763.931,1,0.012343254,0
147,120,2763.965,1,0.018398367,0
283,122,2763.987,1,0.010107638,0
279,121,2763.991,1,0.009642897,0
53,125,2764.124,1,0.008956541,0
88,132,2764.375,1,0.009856430,0
30,134,2764.44,1,0.008607882,0
175,135,2764.487,1,0.011023344,0
138,141,2764.698,1,0.012130502,0
184,149,2764.973,1,0.013587140,0
61,159,2765.321,1,0.008705552,0
91,159,2765.33,1,0.009002939,0
176,174,2765.846,1,0.010420688,0
166,127,2765.97,1,0.015611242,0
247,183,2766.168,1,0.012753309,0
74,185,2766.241,1,0.014168895,0
197,70,2766.283,0,0.585410595,0
184,188,2766.343,1,0.013869692,0
191,189,2766.372,1,0.012348347,0
262,189,2766.394,1,0.011468407,0
96,193,2766.517,1,0.014237114,0
101,230,2767.82,1,0.008150471,0
32,48,2768.882,1,0.008689595,0
95,3,2769.363,1,0.007831357,0
140,5,2769.446,1,0.009454546,0
95,6,2769.468,1,0.007344422,0
189,12,2769.693,1,0.007727838,0
251,13,2769.721,1,0.007033173,0
116,15,2769.788,1,0.009867600,0
242,15,2769.814,1,0.006723279,0
213,16,2769.82,1,0.006610682,0
114,16,2769.837,1,0.009598644,0
265,19,2769.927,1,0.007318648,0
225,21,2769.998,1,0.006989013,0
71,21,2770.011,1,0.042049959,0
213,22,2770.039,1,0.010131445,0
68,23,2770.065,1,0.043299794,0
201,30,2770.316,1,0.011746372,0
214,35,2770.502,1,0.011761377,0
265,41,2770.723,1,0.010996454,0
143,46,2770.906,1,0.048325818,0
169,56,2771.232,1,0.008775275,0
232,61,2771.41,1,0.009262287,0
239,67,2771.617,1,0.008964053,0
238,69,2771.696,1,0.009769815,0
234,71,2771.766,1,0.009582800,0
64,78,2772.011,1,0.005528137,0
65,79,2772.041,1,0.008732909,0
80,80,2772.09,1,0.005059050,0
70,84,2772.223,1,0.014286400,0
24,111,2773.179,1,0.009163313,0
133,132,2773.914,1,0.012811948,0
337,143,2774.326,1,0.010632574,0
161,145,2774.396,1,0.037113890,0
216,149,2774.512,1,0.043877121,0
281,149,2774.52,1,0.013904738,0
144,160,2774.898,1,0.021029560,0
163,168,2775.184,1,0.010998540,0
70,168,2775.201,1,0.008973039,0
192,205,2776.485,1,0.008904122,0
254,222,2777.111,1,0.007076941,0
26,231,2777.43,1,0.008090373,0
207,233,2777.478,1,0.006702479,0
204,240,2777.729,1,0.006880388,0
263,247,2777.982,1,0.006083300,0
199,70,2780.974,1,0.912726700,1
196,70,2797.146,0,0.673640311,0
199,70,2797.502,1,0.977456629,1
258,16,2800.279,1,0.007169923,0
263,19,2800.385,1,0.007268584,0
140,30,2800.793,1,0.009173418,0
165,32,2800.847,1,0.009337338,0
259,43,2801.238,1,0.008191624,0
242,45,2801.306,1,0.008805925,0
265,55,2801.661,1,0.008782703,0
63,60,2801.828,1,0.010106198,0
60,60,2801.849,1,0.009290461,0
112,61,2801.881,1,0.009129381,0
18,62,2801.895,1,0.011720389,0
237,68,2802.123,1,0.041508414,0
332,70,2802.191,1,0.010023990,0
206,71,2802.224,1,0.048421741,0
266,76,2802.415,1,0.020862542,0
165,88,2802.827,1,0.075719215,0
164,92,2802.963,1,0.084990457,0
272,93,2802.994,1,0.020267388,0
264,94,2803.032,1,0.010163391,0
183,101,2803.276,1,0.009607773,0
32,48,2803.293,1,0.008846423,0
185,102,2803.304,1,0.009389640,0
7,103,2803.369,1,0.009067789,0
88,110,2803.594,1,0.011971607,0
96,110,2803.595,1,0.012916570,0
95,119,2803.918,1,0.011569154,0
166,127,2804.193,1,0.018841030,0
161,128,2804.226,1,0.015792474,0
168,134,2804.45,1,0.015619379,0
111,136,2804.512,1,0.010199523,0
40,140,2804.651,1,0.009080084,0
197,147,2804.917,1,0.004079393,0
275,160,2805.379,1,0.009553649,0
142,163,2805.46,1,0.009618415,0
154,164,2805.508,1,0.010719157,0
148,167,2805.608,1,0.009631164,0
151,172,2805.774,1,0.009779378,0
214,174,2805.85,1,0.004290768,0
134,181,2806.094,1,0.014485734,0
343,184,2806.197,1,0.010651400,0
80,191,2806.451,1,0.014130803,0
123,197,2806.658,1,0.014076446,0
56,199,2806.726,1,0.013738037,0
26,208,2807.044,1,0.008338328,0
24,216,2807.333,1,0.008162292,0
144,220,2807.466,1,0.009074368,0
39,231,2807.857,1,0.009747297,0
144,244,2808.335,1,0.009258893,0
153,255,2808.707,1,0.008209025,0
164,8,2809.541,1,0.009648705,0
115,11,2809.646,1,0.009854169,0
275,14,2809.759,1,0.007895681,0
247,16,2809.82,1,0.007765630,0
241,18,2809.907,1,0.007764933,0
114,19,2809.925,1,0.010113069,0
209,20,2809.962,1,0.007403624,0
200,20,2809.973,1,0.007055309,0
327,21,2809.995,1,0.007452961,0
332,23,2810.069,1,0.010028927,0
28,28,2810.244,1,0.047126856,0
306,30,2810.32,1,0.010414028,0
67,30,2810.33,1,0.047386810,0
191,32,2810.385,1,0.029879166,0
189,34,2810.48,1,0.010366068,0
22,39,2810.637,1,0.039713915,0
228,40,2810.666,1,0.018863821,0
80,40,2810.676,1,0.048721604,0
230,42,2810.75,1,0.010036760,0
119,45,2810.853,1,0.048306938,0
270,47,2810.917,1,0.011224051,0
93,47,2810.928,1,0.048328578,0
153,51,2811.064,1,0.008585121,0
63,62,2811.446,1,0.008371416,0
243,62,2811.463,1,0.009328352,0
39,86,2812.294,1,0.010113704,0
111,96,2812.647,1,0.006119207,0
92,104,2812.929,1,0.012338976,0
91,108,2813.065,1,0.012062839,0
79,110,2813.137,1,0.011094173,0
27,114,2813.275,1,0.009306235,0
339,123,2813.596,1,0.007391205,0
108,128,2813.79,1,0.011437020,0
195,70,2814.234,0,0.587585986,0
137,157,2814.795,1,0.020143775,0
90,176,2815.476,1,0.008786776,0
313,200,2816.327,1,0.007548967,0
61,159,2817.045,1,0.008708741,0
327,228,2817.301,1,0.007349266,0
10,233,2817.494,1,0.007691457,0
198,70,2818.203,1,0.049617942,0
81,256,2835.18,0,0.043455150,0
223,32,2836.483,1,0.007734221,0
197,70,2838.424,1,0.049809366,0
106,2,2839.788,1,0.009395470,0
343,7,2839.96,1,0.006818999,0
209,8,2840.013,1,0.006386084,0
104,14,2840.211,1,0.009432056,0
181,19,2840.39,1,0.008880978,0
161,20,2840.436,1,0.008999843,0
190,36,2840.985,1,0.010905836,0
56,47,2841.371,1,0.009170134,0
132,64,2841.973,1,0.009074980,0
156,68,2842.106,1,0.054780953,0
14,69,2842.153,1,0.015821643,0
112,70,2842.18,1,0.049451344,0
55,78,2842.463,1,0.020607863,0
63,86,2842.741,1,0.020260742,0
61,88,2842.82,1,0.013352565,0
55,89,2842.86,1,0.017919846,0
66,92,2842.952,1,0.020173816,0
183,94,2843.039,1,0.009843562,0
336,107,2843.491,1,0.007306221,0
288,118,2843.873,1,0.009760408,0
264,120,2843.945,1,0.009666633,0
211,123,2844.065,1,0.008819276,0
265,126,2844.178,1,0.012478871,0
172,141,2844.699,1,0.014689479,0
12,144,2844.789,1,0.009155164,0
164,148,2844.934,1,0.013123630,0
71,149,2844.972,1,0.009202972,0
39,154,2845.149,1,0.008914737,0
315,158,2845.278,1,0.008689119,0
215,163,2845.456,1,0.007744107,0
32,166,2845.568,1,0.009368056,0
215,167,2845.604,1,0.005371226,0
300,181,2846.107,1,0.011272790,0
79,182,2846.144,1,0.014260556,0
110,186,2846.281,1,0.014331365,0
10,191,2846.451,1,0.013271241,0
208,191,2846.466,1,0.011296043,0
160,204,2846.916,1,0.015130209,0
47,206,2846.98,1,0.013502913,0
248,216,2847.335,1,0.007020423,0
279,220,2847.471,1,0.007393318,0
121,223,2847.58,1,0.009040164,0
296,223,2847.59,1,0.007031430,0
182,225,2847.657,1,0.009254210,0
328,232,2847.895,1,0.007003152,0
234,236,2848.029,1,0.004681898,0
240,239,2848.144,1,0.005158204,0
160,242,2848.269,1,0.009976286,0
164,243,2848.283,1,0.008834047,0
93,247,2848.42,1,0.007981106,0
13,248,2848.462,1,0.007815272,0
255,251,2848.568,1,0.005242222,0
22,253,2848.649,1,0.007874784,0
64,256,2848.741,1,0.008466060,0
220,8,2849.553,1,0.006858816,0
189,13,2849.718,1,0.007750338,0
291,14,2849.758,1,0.007809081,0
196,16,2849.82,1,0.007357571,0
279,17,2849.856,1,0.007364260,0
114,21,2850.013,1,0.044413406,0
344,22,2850.035,1,0.009789356,0
220,24,2850.121,1,0.009093554,0
223,27,2850.229,1,0.009346733,0
71,49,2850.989,1,0.014291255,0
67,49,2851.004,1,0.008555838,0
71,50,2851.019,1,0.012087099,0
73,51,2851.056,1,0.008876115,0
334,52,2851.111,1,0.006913755,0
332,53,2851.131,1,0.006842238,0
307,68,2851.667,1,0.007617089,0
103,69,2851.689,1,0.008767954,0
32,48,2851.878,1,0.008827853,0
204,76,2851.941,1,0.008850851,0
95,90,2852.439,1,0.006455747,0
263,96,2852.641,1,0.012129365,0
96,96,2852.651,1,0.015796203,0
258,97,2852.681,1,0.009566978,0
281,100,2852.788,1,0.009799790,0
311,106,2852.999,1,0.008097030,0
130,116,2853.372,1,0.014832932,0
278,126,2853.722,1,0.010605946,0
194,70,2853.802,0,0.296811223,0
3,130,2853.848,1,0.008819737,0
197,70,2854.06,1,0.049820252,0
262,141,2854.258,1,0.019283056,0
109,207,2856.568,1,0.008550295,0
244,214,2856.826,1,0.006973844,0
139,242,2857.793,1,0.009256151,0
159,255,2858.265,1,0.013852694,0
193,70,2872.586,0,0.513987243,0
196,70,2875.982,1,0.898826063,0
291,4,2879.865,1,0.007017449,0
39,7,2879.956,1,0.008867096,0
29,18,2880.347,1,0.008898329,0
56,24,2880.553,1,0.009108338,0
47,24,2880.563,1,0.008837939,0
51,32,2880.84,1,0.008685222,0
328,55,2881.655,1,0.006877775,0
197,69,2882.14,1,0.049644887,0
331,71,2882.21,1,0.010043504,0
32,82,2882.626,1,0.016485337,0
62,85,2882.711,1,0.019984853,0
275,92,2882.953,1,0.021473723,0
51,93,2883.011,1,0.010116335,0
47,98,2883.181,1,0.010053915,0
306,109,2883.572,1,0.008286397,0
95,117,2883.838,1,0.012016847,0
139,119,2883.909,1,0.015139770,0
197,120,2883.95,1,0.008621227,0
2,126,2884.157,1,0.008783284,0
129,127,2884.214,1,0.012169116,0
284,133,2884.406,1,0.010447437,0
65,134,2884.451,1,0.009192100,0
283,135,2884.476,1,0.009942688,0
216,141,2884.689,1,0.009564999,0
1,146,2884.865,1,0.008216785,0
5,152,2885.075,1,0.008680235,0
248,154,2885.147,1,0.009685371,0
145,158,2885.285,1,0.010540081,0
38,159,2885.316,1,0.008450679,0
227,160,2885.358,1,0.009837252,0
118,160,2885.374,1,0.007713477,0
141,164,2885.49,1,0.009798994,0
118,164,2885.501,1,0.007032310,0
230,164,2885.517,1,0.011422903,0
4,165,2885.54,1,0.008117891,0
246,167,2885.603,1,0.009756823,0
163,168,2885.634,1,0.011500563,0
204,174,2885.842,1,0.008936659,0
314,176,2885.924,1,0.007945433,0
77,182,2886.126,1,0.014244800,0
248,184,2886.199,1,0.012514560,0
10,189,2886.383,1,0.013303185,0
110,199,2886.73,1,0.014087788,0
47,211,2887.156,1,0.008989200,0
132,212,2887.192,1,0.008838842,0
56,214,2887.254,1,0.008498613,0
125,231,2887.852,1,0.009855616,0
159,241,2888.214,1,0.008417283,0
119,2,2889.325,1,0.009680671,0
80,4,2889.399,1,0.009673405,0
143,8,2889.54,1,0.009995648,0
142,10,2889.609,1,0.009982128,0
203,16,2889.824,1,0.007671324,0
206,20,2889.96,1,0.007315631,0
104,25,2890.138,1,0.044402063,0
263,26,2890.187,1,0.009783830,0
126,27,2890.209,1,0.044484749,0
263,28,2890.252,1,0.008506645,0
146,28,2890.252,1,0.045274749,0
263,30,2890.314,1,0.011654274,0
308,32,2890.396,1,0.010398883,0
32,41,2890.706,1,0.043182891,0
98,45,2890.851,1,0.048509680,0
280,46,2890.877,1,0.010832046,0
287,48,2890.961,1,0.010734661,0
182,55,2891.194,1,0.008908221,0
193,55,2891.207,1,0.008656842,0
62,67,2891.62,1,0.008475412,0
93,69,2891.696,1,0.008704362,0
87,80,2892.079,1,0.004154325,0
168,88,2892.362,1,0.009985541,0
336,92,2892.523,1,0.007382926,0
267,93,2892.548,1,0.011652275,0
332,95,2892.616,1,0.007379487,0
309,106,2892.999,1,0.008084979,0
94,110,2893.146,1,0.012359099,0
93,112,2893.218,1,0.012274940,0
135,126,2893.702,1,0.012769716,0
337,135,2894.025,1,0.010581995,0
196,70,2894.033,1,0.050018340,0
207,150,2894.556,1,0.019358251,0
265,159,2894.867,1,0.013907806,0
129,160,2894.912,1,0.016541583,0
130,162,2894.968,1,0.016052667,0
187,165,2895.076,1,0.010114701,0
166,168,2895.197,1,0.011067379,0
308,182,2895.699,1,0.007855068,0
179,206,2896.528,1,0.009100199,0
256,206,2896.551,1,0.008032952,0
120,207,2896.568,1,0.008563713,0
59,236,2897.601,1,0.008287313,0
82,251,2898.117,1,0.013077701,0
190,254,2898.223,1,0.012701440,0
192,69,2902.257,0,0.582844257,0
193,70,2910.308,0,0.589131236,0
192,70,2919.103,0,0.378435045,0
198,29,2920.745,1,0.008694086,0
298,37,2921.017,1,0.007348925,0
330,38,2921.068,1,0.007125391,0
314,40,2921.127,1,0.007257895,0
338,55,2921.665,1,0.006735292,0
17,56,2921.695,1,0.011113856,0
237,63,2921.956,1,0.009114631,0
279,80,2922.545,1,0.013929094,0
210,85,2922.715,1,0.047765944,0
182,87,2922.784,1,0.061084535,0
252,108,2923.515,1,0.008132798,0
252,111,2923.633,1,0.007650196,0
105,120,2923.951,1,0.011844032,0
215,127,2924.186,1,0.009376396,0
302,127,2924.196,1,0.008652566,0
98,135,2924.482,1,0.010066443,0
148,139,2924.614,1,0.010676011,0
150,141,2924.684,1,0.009376157,0
133,144,2924.794,1,0.011240453,0
207,144,2924.809,1,0.008629646,0
155,154,2925.156,1,0.012133925,0
253,158,2925.301,1,0.010038324,0
297,160,2925.358,1,0.008518855,0
188,163,2925.461,1,0.009744567,0
26,166,2925.563,1,0.008809268,0
167,166,2925.58,1,0.007676979,0
166,167,2925.597,1,0.009970137,0
71,174,2925.855,1,0.008905220,0
90,182,2926.138,1,0.014372599,0
179,187,2926.304,1,0.014662855,0
110,189,2926.371,1,0.014269345,0
299,192,2926.49,1,0.010923322,0
164,207,2927.015,1,0.009566400,0
32,244,2928.319,1,0.008262379,0
73,2,2929.341,1,0.009503664,0
179,9,2929.573,1,0.008032083,0
113,13,2929.719,1,0.009868275,0
161,15,2929.791,1,0.010198657,0
99,18,2929.892,1,0.009553888,0
293,20,2929.976,1,0.007336910,0
46,21,2929.995,1,0.009346075,0
278,28,2930.261,1,0.010588583,0
223,30,2930.319,1,0.010782411,0
141,32,2930.386,1,0.047021266,0
7,36,2930.531,1,0.034150817,0
135,37,2930.568,1,0.048909448,0
236,46,2930.888,1,0.013903281,0
70,48,2930.948,1,0.047823150,0
260,48,2930.957,1,0.011951262,0
143,63,2931.479,1,0.008884529,0
183,64,2931.526,1,0.008582981,0
293,69,2931.689,1,0.008134337,0
156,71,2931.761,1,0.009557368,0
296,71,2931.787,1,0.007814731,0
208,75,2931.931,1,0.009376446,0
237,77,2931.986,1,0.009409562,0
45,80,2932.084,1,0.011414137,0
268,93,2932.536,1,0.011535509,0
266,94,2932.582,1,0.014071781,0
250,104,2932.921,1,0.009173947,0
78,108,2933.076,1,0.011293727,0
18,114,2933.286,1,0.009081952,0
18,120,2933.501,1,0.009084744,0
179,122,2933.56,1,0.005261958,0
137,123,2933.596,1,0.014101377,0
55,136,2934.063,1,0.014683614,0
219,138,2934.128,1,0.044488359,0
47,152,2934.624,1,0.014326293,0
21,155,2934.725,1,0.013911501,0
274,159,2934.864,1,0.013475043,0
152,167,2935.169,1,0.011102835,0
216,168,2935.191,1,0.008096613,0
319,172,2935.332,1,0.008058484,0
128,185,2935.787,1,0.009896046,0
31,190,2935.969,1,0.008531200,0
190,207,2936.558,1,0.008849713,0
221,231,2937.405,1,0.005067489,0
94,254,2938.237,1,0.013115171,0
194,70,2944.763,1,0.265376598,0
191,70,2957.189,0,0.625866473,0
311,4,2959.857,1,0.007043066,0
235,7,2959.961,1,0.006739596,0
278,8,2959.993,1,0.006904780,0
131,8,2960.004,1,0.009060272,0
276,15,2960.241,1,0.008738806,0
275,16,2960.28,1,0.007430433,0
115,21,2960.45,1,0.009527816,0
112,22,2960.493,1,0.009582439,0
278,23,2960.526,1,0.007377029,0
256,26,2960.647,1,0.007018784,0
247,27,2960.663,1,0.006973246,0
139,29,2960.732,1,0.009359775,0
65,29,2960.74,1,0.008697761,0
25,46,2961.358,1,0.009070827,0
148,48,2961.407,1,0.008999583,0
252,52,2961.549,1,0.009698090,0
8,54,2961.615,1,0.009900442,0
94,57,2961.715,1,0.008118682,0
72,57,2961.744,1,0.008928148,0
127,60,2961.831,1,0.009149512,0
90,61,2961.867,1,0.007700244,0
193,63,2961.936,1,0.008745612,0
68,64,2961.992,1,0.008661008,0
283,68,2962.111,1,0.011852143,0
211,70,2962.186,1,0.047841359,0
32,48,2962.192,1,0.036155168,0
286,70,2962.2,1,0.011766827,0
119,71,2962.22,1,0.050164014,0
278,85,2962.71,1,0.051806394,0
277,86,2962.745,1,0.020601876,0
295,88,2962.816,1,0.012112020,0
38,95,2963.069,1,0.009911297,0
72,97,2963.147,1,0.011611456,0
130,99,2963.222,1,0.005810256,0
108,107,2963.491,1,0.013915426,0
233,107,2963.495,1,0.009353817,0
29,110,2963.591,1,0.009293552,0
327,115,2963.782,1,0.007554223,0
105,116,2963.811,1,0.012113086,0
84,116,2963.824,1,0.011326653,0
85,118,2963.874,1,0.010471873,0
200,120,2963.952,1,0.009072657,0
281,121,2963.99,1,0.009584810,0
103,126,2964.158,1,0.011057775,0
166,127,2964.183,1,0.017836723,0
136,127,2964.2,1,0.012793024,0
159,132,2964.369,1,0.014387785,0
255,132,2964.369,1,0.010532971,0
331,134,2964.431,1,0.007478319,0
23,134,2964.443,1,0.008478245,0
26,136,2964.521,1,0.008727236,0
29,143,2964.775,1,0.008397812,0
2,147,2964.903,1,0.008360509,0
218,148,2964.95,1,0.009487358,0
96,154,2965.146,1,0.009567715,0
231,166,2965.565,1,0.010376149,0
20,187,2966.303,1,0.013498397,0
222,189,2966.373,1,0.006670634,0
256,190,2966.432,1,0.011649985,0
15,193,2966.52,1,0.013332047,0
71,200,2966.776,1,0.013892185,0
200,202,2966.845,1,0.010701898,0
56,206,2966.975,1,0.013608656,0
200,208,2967.042,1,0.007669202,0
294,214,2967.253,1,0.007157887,0
82,214,2967.257,1,0.008531385,0
71,215,2967.289,1,0.009924946,0
14,216,2967.338,1,0.008138451,0
215,247,2968.436,1,0.008604098,0
150,248,2968.477,1,0.009159937,0
82,250,2968.53,1,0.009078754,0
80,252,2968.596,1,0.008588749,0
81,256,2968.739,1,0.007773314,0
3,19,2969.931,1,0.008813675,0
29,24,2970.111,1,0.045095637,0
118,31,2970.368,1,0.045765597,0
98,48,2970.952,1,0.048264515,0
247,48,2970.962,1,0.013113297,0
64,54,2971.179,1,0.004995914,0
33,55,2971.199,1,0.004076750,0
66,56,2971.245,1,0.006893381,0
64,58,2971.305,1,0.005393708,0
309,84,2972.218,1,0.007933234,0
189,70,2972.455,0,0.795510888,0
89,112,2973.205,1,0.012156339,0
263,113,2973.264,1,0.010987254,0
108,136,2974.059,1,0.020632414,0
128,144,2974.338,1,0.023337854,0
301,144,2974.358,1,0.012001395,0
60,151,2974.582,1,0.014549916,0
76,152,2974.615,1,0.014862330,0
16,162,2974.979,1,0.013766273,0
136,176,2975.467,1,0.009647533,0
193,70,2976.683,1,0.941224635,1
82,255,2994.508,0,0.329987943,0
188,69,2999.652,0,0.314169765,0
147,7,2999.977,1,0.012442831,0
192,70,3000.147,1,0.948321581,1
256,15,3000.26,1,0.007286842,0
254,29,3000.736,1,0.007608109,0
272,29,3000.749,1,0.007790577,0
248,30,3000.784,1,0.007129363,0
203,34,3000.907,1,0.008655459,0
42,37,3001.024,1,0.009116665,0
231,44,3001.288,1,0.010022348,0
49,48,3001.405,1,0.009384333,0
238,51,3001.511,1,0.009582715,0
239,54,3001.618,1,0.010990176,0
238,56,3001.685,1,0.010264997,0
215,61,3001.88,1,0.008743697,0
199,62,3001.9,1,0.009364782,0
220,63,3001.937,1,0.014157903,0
240,64,3001.976,1,0.009384165,0
136,69,3002.147,1,0.050915550,0
112,71,3002.216,1,0.049602129,0
308,75,3002.362,1,0.010767646,0
237,76,3002.388,1,0.044523738,0
96,76,3002.405,1,0.040369917,0
320,79,3002.5,1,0.010477427,0
40,79,3002.5,1,0.019570209,0
36,79,3002.501,1,0.016525937,0
336,80,3002.535,1,0.010000174,0
231,87,3002.802,1,0.044590518,0
254,91,3002.925,1,0.036446825,0
71,92,3002.962,1,0.022340840,0
44,94,3003.046,1,0.009913880,0
253,96,3003.092,1,0.009103419,0
223,96,3003.101,1,0.009087741,0
168,97,3003.147,1,0.004397699,0
164,101,3003.273,1,0.004299022,0
81,113,3003.706,1,0.010919134,0
43,115,3003.764,1,0.009492099,0
86,117,3003.857,1,0.010746355,0
222,147,3004.898,1,0.009666400,0
131,148,3004.938,1,0.010275268,0
45,152,3005.069,1,0.008804395,0
267,158,3005.295,1,0.009879916,0
232,161,3005.39,1,0.011605459,0
96,163,3005.456,1,0.008899898,0
278,172,3005.778,1,0.008231557,0
301,181,3006.092,1,0.011288962,0
96,184,3006.204,1,0.014400977,0
200,185,3006.242,1,0.011090032,0
291,191,3006.447,1,0.011020907,0
47,192,3006.491,1,0.024737014,0
143,192,3006.508,1,0.014429802,0
48,193,3006.544,1,0.023681141,0
44,197,3006.656,1,0.007122349,0
136,200,3006.763,1,0.014149560,0
42,208,3007.049,1,0.008446018,0
72,209,3007.094,1,0.008861851,0
205,212,3007.215,1,0.007669808,0
24,215,3007.316,1,0.008408810,0
271,243,3008.294,1,0.006692176,0
280,244,3008.326,1,0.006356401,0
196,259,3008.87,1,0.008143055,0
167,14,3009.767,1,0.010023005,0
22,16,3009.82,1,0.009226048,0
155,19,3009.954,1,0.009524387,0
160,20,3009.961,1,0.009461010,0
15,23,3010.067,1,0.044586457,0
298,27,3010.209,1,0.010471650,0
161,28,3010.254,1,0.044531371,0
208,30,3010.32,1,0.011118186,0
325,31,3010.348,1,0.010152531,0
181,32,3010.394,1,0.027041122,0
330,35,3010.491,1,0.010068382,0
92,38,3010.606,1,0.048941195,0
288,42,3010.749,1,0.026510550,0
288,43,3010.775,1,0.015095035,0
216,44,3010.837,1,0.016704030,0
222,46,3010.886,1,0.021678889,0
209,46,3010.907,1,0.023546938,0
215,48,3010.95,1,0.023106564,0
247,52,3011.104,1,0.009785031,0
216,53,3011.126,1,0.009182039,0
25,55,3011.195,1,0.004588854,0
75,69,3011.691,1,0.008517221,0
191,70,3011.724,1,0.930511415,1
220,72,3011.808,1,0.008795248,0
43,80,3012.078,1,0.011191627,0
303,91,3012.466,1,0.008097433,0
103,95,3012.613,1,0.008016975,0
272,96,3012.652,1,0.010942332,0
26,101,3012.826,1,0.009774013,0
231,108,3013.075,1,0.009455980,0
49,120,3013.509,1,0.009551831,0
195,124,3013.642,1,0.009273824,0
194,128,3013.773,1,0.009451366,0
194,134,3013.997,1,0.009351905,0
313,136,3014.062,1,0.011506148,0
216,138,3014.152,1,0.044508222,0
23,140,3014.211,1,0.013964269,0
136,145,3014.37,1,0.026488561,0
40,151,3014.586,1,0.014233381,0
37,152,3014.632,1,0.014180042,0
70,166,3015.138,1,0.009073167,0
50,190,3015.984,1,0.008722262,0
17,228,3017.317,1,0.008368499,0
230,247,3017.972,1,0.004830732,0
191,70,3032.779,1,0.836797357,0
190,70,3033.435,1,0.954705417,1
187,70,3037.328,0,0.809241772,0
73,51,3039.257,1,0.008704836,0
44,7,3039.956,1,0.009185544,0
283,7,3039.969,1,0.007456584,0
46,34,3040.924,1,0.008937071,0
151,53,3041.596,1,0.008857203,0
136,64,3041.988,1,0.009505011,0
156,70,3042.182,1,0.055883091,0
108,77,3042.441,1,0.045600791,0
242,78,3042.459,1,0.044472486,0
254,88,3042.81,1,0.037016254,0
72,96,3043.097,1,0.011810148,0
18,96,3043.105,1,0.010274326,0
19,100,3043.246,1,0.009540384,0
96,103,3043.345,1,0.013531028,0
109,103,3043.36,1,0.016092286,0
137,104,3043.381,1,0.006898704,0
127,109,3043.557,1,0.017401394,0
2,110,3043.596,1,0.009093635,0
291,112,3043.667,1,0.009451046,0
160,116,3043.803,1,0.013549684,0
161,118,3043.888,1,0.009592581,0
190,122,3044.015,1,0.009335856,0
94,127,3044.197,1,0.010813806,0
191,139,3044.618,1,0.003845798,0
127,141,3044.688,1,0.011146526,0
227,142,3044.737,1,0.009107236,0
256,150,3045.011,1,0.009805279,0
19,151,3045.036,1,0.008399503,0
82,163,3045.483,1,0.008740376,0
79,186,3046.276,1,0.014207559,0
336,197,3046.665,1,0.010608974,0
62,205,3046.965,1,0.013698313,0
72,206,3046.97,1,0.013787569,0
125,229,3047.798,1,0.009436063,0
283,246,3048.396,1,0.006608994,0
65,7,3049.501,1,0.009407806,0
138,20,3049.964,1,0.010575717,0
135,20,3049.974,1,0.009448693,0
139,23,3050.077,1,0.044468757,0
183,23,3050.095,1,0.013415032,0
95,30,3050.314,1,0.045949567,0
161,31,3050.358,1,0.044567466,0
185,36,3050.528,1,0.033613924,0
38,40,3050.669,1,0.047917623,0
36,43,3050.781,1,0.043802388,0
24,52,3051.092,1,0.003576287,0
107,56,3051.237,1,0.008574363,0
101,59,3051.341,1,0.008662118,0
190,70,3051.724,1,0.928921103,1
32,48,3051.731,1,0.008798898,0
233,84,3052.223,1,0.009432841,0
119,94,3052.577,1,0.005533257,0
147,109,3053.101,1,0.009027869,0
237,121,3053.526,1,0.009950055,0
16,125,3053.676,1,0.008628084,0
24,127,3053.755,1,0.008672332,0
149,130,3053.846,1,0.013616570,0
19,156,3054.773,1,0.013880314,0
95,175,3055.438,1,0.009076267,0
208,215,3056.852,1,0.007781850,0
187,70,3062.984,0,0.254796088,0
186,69,3063.427,0,0.779664755,0
197,19,3080.387,1,0.007404465,0
169,23,3080.528,1,0.009657867,0
236,34,3080.919,1,0.008103823,0
137,36,3080.983,1,0.008970931,0
288,36,3080.994,1,0.007507212,0
285,56,3081.692,1,0.010517134,0
216,62,3081.897,1,0.009040203,0
184,66,3082.037,1,0.051462136,0
248,68,3082.126,1,0.028372210,0
224,74,3082.324,1,0.049186509,0
53,82,3082.619,1,0.018750573,0
50,88,3082.834,1,0.017601281,0
312,93,3082.993,1,0.011212944,0
105,104,3083.395,1,0.014216564,0
104,108,3083.514,1,0.012992497,0
254,108,3083.52,1,0.009289194,0
63,110,3083.592,1,0.009892809,0
221,110,3083.602,1,0.009765812,0
218,111,3083.622,1,0.009400655,0
141,119,3083.905,1,0.016954660,0
314,120,3083.97,1,0.007958825,0
15,122,3084.009,1,0.008669902,0
259,122,3084.024,1,0.008898615,0
319,124,3084.084,1,0.007940390,0
261,125,3084.13,1,0.013011706,0
55,128,3084.244,1,0.009039536,0
265,135,3084.481,1,0.010197286,0
223,144,3084.81,1,0.009228977,0
39,145,3084.84,1,0.008654686,0
136,148,3084.934,1,0.011133888,0
322,151,3085.054,1,0.007776047,0
15,156,3085.214,1,0.008647206,0
243,159,3085.319,1,0.010000646,0
248,160,3085.351,1,0.010093916,0
327,165,3085.535,1,0.007801230,0
153,166,3085.573,1,0.010263757,0
223,167,3085.601,1,0.008162492,0
252,167,3085.613,1,0.009362760,0
264,167,3085.626,1,0.008886322,0
159,168,3085.637,1,0.010665228,0
290,171,3085.752,1,0.008274755,0
164,176,3085.918,1,0.010517241,0
271,184,3086.203,1,0.011541698,0
40,190,3086.425,1,0.013756475,0
138,191,3086.445,1,0.014318901,0
176,195,3086.585,1,0.014706521,0
76,197,3086.657,1,0.014005187,0
25,198,3086.717,1,0.013430618,0
26,200,3086.777,1,0.013404756,0
272,216,3087.331,1,0.007407999,0
185,69,3087.48,0,0.747644961,0
45,220,3087.484,1,0.008045672,0
112,230,3087.824,1,0.008438713,0
308,241,3088.222,1,0.006813692,0
255,5,3089.437,1,0.006961346,0
162,8,3089.538,1,0.009571141,0
152,12,3089.681,1,0.009499267,0
217,16,3089.824,1,0.006647760,0
100,22,3090.038,1,0.044391643,0
248,23,3090.083,1,0.010503498,0
117,27,3090.211,1,0.044446368,0
111,27,3090.224,1,0.044421624,0
235,28,3090.24,1,0.010545059,0
28,30,3090.319,1,0.047296662,0
242,31,3090.353,1,0.010652606,0
272,43,3090.783,1,0.010895867,0
340,46,3090.878,1,0.009903772,0
188,70,3090.885,1,0.051861621,0
76,46,3090.892,1,0.048177566,0
319,48,3090.951,1,0.010268699,0
128,55,3091.204,1,0.009013563,0
112,59,3091.343,1,0.009001943,0
72,63,3091.478,1,0.008874261,0
96,72,3091.818,1,0.009035479,0
36,95,3092.607,1,0.010328806,0
124,101,3092.83,1,0.007672518,0
119,104,3092.946,1,0.013224009,0
165,133,3093.953,1,0.015624987,0
120,135,3094.023,1,0.025172846,0
103,136,3094.066,1,0.020084778,0
101,141,3094.238,1,0.017772673,0
118,142,3094.275,1,0.020949477,0
168,146,3094.433,1,0.037049431,0
271,150,3094.546,1,0.016136164,0
207,151,3094.585,1,0.018695338,0
160,153,3094.657,1,0.029545018,0
20,167,3095.147,1,0.009138603,0
243,191,3095.995,1,0.008984426,0
90,207,3096.56,1,0.009598267,0
128,221,3097.068,1,0.008703696,0
84,239,3097.687,1,0.008228167,0
91,256,3098.286,1,0.013097459,0
188,69,3115.305,1,0.995959580,1
187,70,3116.818,1,0.972522199,1
183,69,3117.171,0,0.770811260,0
184,70,3118.668,0,0.965530932,1
184,69,3118.849,0,0.969885349,1
50,4,3119.869,1,0.009249380,0
207,6,3119.938,1,0.006594115,0
204,8,3119.998,1,0.007078784,0
206,9,3120.032,1,0.006803941,0
266,15,3120.249,1,0.007150256,0
102,20,3120.418,1,0.009350425,0
152,24,3120.563,1,0.010180070,0
286,28,3120.712,1,0.007407382,0
270,30,3120.778,1,0.007362504,0
153,31,3120.805,1,0.009341622,0
147,32,3120.856,1,0.009441729,0
191,35,3120.945,1,0.010036192,0
56,40,3121.129,1,0.008994468,0
31,46,3121.334,1,0.008849513,0
41,55,3121.649,1,0.008941960,0
166,60,3121.828,1,0.008804087,0
187,69,3122.143,1,0.051744621,0
257,71,3122.219,1,0.022325249,0
288,80,3122.532,1,0.012359635,0
250,90,3122.906,1,0.041383136,0
68,99,3123.221,1,0.011249269,0
122,102,3123.307,1,0.009973885,0
103,103,3123.351,1,0.014313607,0
271,104,3123.393,1,0.010286558,0
142,108,3123.519,1,0.010836595,0
88,116,3123.806,1,0.011134791,0
34,126,3124.173,1,0.009068208,0
166,127,3124.184,1,0.016578883,0
286,141,3124.687,1,0.009951644,0
64,143,3124.758,1,0.009242448,0
263,145,3124.826,1,0.008814787,0
255,147,3124.896,1,0.009804381,0
80,149,3124.98,1,0.009332293,0
85,150,3125.001,1,0.010151286,0
45,152,3125.066,1,0.009054720,0
98,152,3125.077,1,0.009657475,0
61,156,3125.214,1,0.008915470,0
102,157,3125.245,1,0.008690635,0
101,157,3125.252,1,0.006699505,0
185,158,3125.304,1,0.011067687,0
174,189,3126.375,1,0.015164169,0
59,196,3126.626,1,0.013850070,0
121,200,3126.775,1,0.014034084,0
226,202,3126.852,1,0.009549644,0
229,204,3126.91,1,0.011404584,0
344,254,3128.664,1,0.006566687,0
93,255,3128.707,1,0.008088365,0
149,256,3128.74,1,0.006936037,0
146,259,3128.844,1,0.007687364,0
175,8,3129.538,1,0.008959758,0
192,12,3129.697,1,0.006938116,0
76,14,3129.749,1,0.009518106,0
293,18,3129.913,1,0.007991577,0
256,21,3130.001,1,0.010463259,0
244,27,3130.212,1,0.010576474,0
217,27,3130.224,1,0.009916943,0
217,29,3130.281,1,0.011072824,0
177,32,3130.408,1,0.034019429,0
52,34,3130.47,1,0.048154898,0
178,35,3130.492,1,0.042557217,0
24,36,3130.533,1,0.043880697,0
179,38,3130.613,1,0.045726322,0
222,44,3130.813,1,0.012083138,0
317,45,3130.857,1,0.010297686,0
218,48,3130.963,1,0.013348112,0
27,55,3131.204,1,0.003871592,0
295,67,3131.623,1,0.007905821,0
183,70,3131.639,0,0.617941558,0
188,70,3131.724,1,0.836898386,0
220,70,3131.735,1,0.009109293,0
199,71,3131.771,1,0.008743512,0
165,81,3132.117,1,0.011048090,0
134,87,3132.337,1,0.010696108,0
74,88,3132.375,1,0.013266870,0
31,93,3132.552,1,0.009479931,0
186,95,3132.612,1,0.009721992,0
36,96,3132.649,1,0.009971559,0
234,107,3133.036,1,0.009668021,0
233,109,3133.105,1,0.009707532,0
40,112,3133.216,1,0.009849058,0
127,116,3133.348,1,0.014794997,0
254,116,3133.354,1,0.009169167,0
57,118,3133.419,1,0.009481372,0
126,120,3133.515,1,0.013515214,0
283,122,3133.563,1,0.010033041,0
55,131,3133.88,1,0.012310645,0
55,132,3133.92,1,0.009232795,0
319,134,3133.995,1,0.008302899,0
217,137,3134.097,1,0.044512928,0
217,143,3134.303,1,0.044464339,0
10,151,3134.587,1,0.013723848,0
203,157,3134.794,1,0.015044945,0
174,159,3134.869,1,0.024951087,0
20,200,3136.312,1,0.009738836,0
18,200,3136.331,1,0.009317100,0
80,205,3136.491,1,0.008420336,0
72,205,3136.504,1,0.008375925,0
78,248,3138.015,1,0.013097192,0
8,255,3138.248,1,0.012297183,0
84,256,3138.287,1,0.013028269,0
186,69,3146.672,1,0.965802968,1
182,69,3150.638,0,0.569861352,0
97,6,3159.93,1,0.009424556,0
29,23,3160.518,1,0.008752029,0
268,32,3160.847,1,0.009413011,0
130,38,3161.053,1,0.009296823,0
192,45,3161.305,1,0.009352784,0
32,48,3161.402,1,0.008824090,0
90,48,3161.411,1,0.009052779,0
160,59,3161.791,1,0.009211337,0
108,79,3162.5,1,0.044697013,0
66,96,3163.099,1,0.011723135,0
193,99,3163.205,1,0.008855278,0
72,101,3163.266,1,0.011639481,0
268,108,3163.518,1,0.010360352,0
107,109,3163.561,1,0.013955624,0
77,120,3163.949,1,0.010053133,0
339,123,3164.047,1,0.007288735,0
71,125,3164.125,1,0.009390036,0
256,125,3164.142,1,0.009567660,0
207,131,3164.336,1,0.008756863,0
304,132,3164.37,1,0.008674116,0
301,134,3164.448,1,0.008881520,0
204,80,3164.493,1,0.009132987,0
98,137,3164.551,1,0.006089868,0
99,138,3164.587,1,0.013041833,0
209,146,3164.873,1,0.006301029,0
210,147,3164.907,1,0.006788530,0
128,150,3164.996,1,0.010399301,0
261,150,3165.007,1,0.010165219,0
7,158,3165.286,1,0.008828195,0
27,158,3165.298,1,0.009152327,0
264,166,3165.561,1,0.009261558,0
73,167,3165.612,1,0.008862496,0
111,170,3165.708,1,0.009453483,0
129,173,3165.813,1,0.009603731,0
131,176,3165.923,1,0.009730253,0
312,177,3165.977,1,0.007910737,0
132,180,3166.069,1,0.014532458,0
135,181,3166.098,1,0.014612485,0
89,184,3166.203,1,0.014338850,0
55,189,3166.387,1,0.013949431,0
191,194,3166.562,1,0.011839518,0
34,200,3166.768,1,0.013497685,0
241,208,3167.053,1,0.007091615,0
248,214,3167.257,1,0.007370251,0
151,236,3168.04,1,0.008078435,0
111,242,3168.271,1,0.008032640,0
103,243,3168.283,1,0.008139316,0
68,251,3168.586,1,0.008766557,0
295,259,3168.843,1,0.006542828,0
168,3,3169.367,1,0.008655045,0
224,5,3169.432,1,0.006298128,0
282,8,3169.546,1,0.007225858,0
171,8,3169.557,1,0.008978412,0
183,13,3169.72,1,0.007912683,0
190,14,3169.749,1,0.007176345,0
77,17,3169.872,1,0.009385551,0
144,20,3169.968,1,0.009755663,0
191,22,3170.033,1,0.011486683,0
40,22,3170.053,1,0.042718414,0
147,24,3170.107,1,0.044488054,0
45,24,3170.128,1,0.043948803,0
112,30,3170.335,1,0.044926059,0
64,38,3170.615,1,0.048239030,0
220,39,3170.632,1,0.012568204,0
25,39,3170.641,1,0.042018369,0
192,40,3170.664,1,0.034253653,0
180,42,3170.744,1,0.048925105,0
6,46,3170.878,1,0.020093409,0
242,49,3170.99,1,0.014073714,0
76,50,3171.017,1,0.008967731,0
239,52,3171.103,1,0.006736118,0
27,52,3171.111,1,0.006813073,0
240,53,3171.138,1,0.007437653,0
163,56,3171.257,1,0.008679870,0
311,60,3171.373,1,0.007339129,0
135,61,3171.409,1,0.008887343,0
69,64,3171.536,1,0.008470857,0
178,65,3171.555,1,0.011429437,0
192,66,3171.589,1,0.008937803,0
188,67,3171.625,1,0.075198963,0
122,68,3171.672,1,0.008104019,0
293,69,3171.689,1,0.008004729,0
124,70,3171.738,1,0.008814932,0
188,71,3171.764,1,0.067436114,0
190,71,3171.771,1,0.009732114,0
243,72,3171.797,1,0.009024488,0
280,75,3171.913,1,0.009143285,0
186,79,3172.044,1,0.009509084,0
243,80,3172.079,1,0.009461984,0
45,84,3172.234,1,0.011236458,0
295,86,3172.29,1,0.008746141,0
58,87,3172.324,1,0.011929115,0
3,87,3172.345,1,0.009327788,0
62,88,3172.371,1,0.012115176,0
6,88,3172.382,1,0.009715241,0
0,94,3172.577,1,0.009570531,0
114,95,3172.609,1,0.005821833,0
264,44,3172.632,0,0.126833275,0
337,102,3172.862,1,0.007240091,0
18,103,3172.889,1,0.009580669,0
254,104,3172.923,1,0.009282636,0
319,110,3173.138,1,0.008609900,0
248,111,3173.178,1,0.009641103,0
32,113,3173.243,1,0.009442541,0
127,127,3173.735,1,0.012387337,0
80,127,3173.752,1,0.009727525,0
240,128,3173.785,1,0.009842098,0
56,133,3173.957,1,0.009012816,0
149,136,3174.055,1,0.045227181,0
132,141,3174.259,1,0.026848974,0
41,159,3174.87,1,0.014187998,0
40,166,3175.117,1,0.008820022,0
295,168,3175.18,1,0.008539283,0
84,174,3175.393,1,0.009176162,0
149,175,3175.45,1,0.010414829,0
129,176,3175.463,1,0.008966189,0
152,176,3175.473,1,0.009607283,0
115,179,3175.573,1,0.010406286,0
117,180,3175.605,1,0.009475136,0
28,180,3175.616,1,0.008779059,0
148,188,3175.907,1,0.009571954,0
0,191,3175.992,1,0.008688667,0
129,206,3176.522,1,0.008622503,0
134,206,3176.529,1,0.008902347,0
139,208,3176.594,1,0.008611057,0
81,252,3178.15,1,0.013064886,0
200,252,3178.173,1,0.010447373,0
181,70,3187.234,0,0.767620146,0
111,4,3199.866,1,0.009251984,0
113,10,3200.073,1,0.009738744,0
115,13,3200.171,1,0.009518703,0
180,29,3200.753,1,0.011030729,0
256,38,3201.056,1,0.008329226,0
98,53,3201.591,1,0.009081573,0
113,60,3201.833,1,0.009188326,0
166,69,3202.153,1,0.055742983,0
76,78,3202.474,1,0.033008091,0
46,79,3202.524,1,0.018117925,0
180,70,3202.743,0,0.594529152,0
298,104,3203.373,1,0.008613776,0
200,114,3203.734,1,0.008997096,0
313,116,3203.802,1,0.008095781,0
183,70,3203.831,1,0.870648086,0
169,120,3203.951,1,0.005566408,0
232,127,3204.194,1,0.009856694,0
59,131,3204.334,1,0.009026692,0
330,133,3204.424,1,0.005756135,0
331,134,3204.437,1,0.004980188,0
250,135,3204.475,1,0.009369583,0
298,137,3204.544,1,0.008896222,0
119,143,3204.772,1,0.010115031,0
256,148,3204.929,1,0.009855211,0
168,150,3205.019,1,0.012756048,0
197,158,3205.284,1,0.009795321,0
6,175,3205.887,1,0.008091754,0
106,176,3205.919,1,0.009165469,0
321,187,3206.314,1,0.010878074,0
8,190,3206.41,1,0.013281954,0
106,191,3206.466,1,0.014265912,0
136,199,3206.737,1,0.014174871,0
123,200,3206.777,1,0.014039918,0
247,208,3206.988,1,0.010884335,0
87,212,3207.198,1,0.008650927,0
47,214,3207.254,1,0.008436559,0
56,214,3207.273,1,0.009080939,0
93,216,3207.344,1,0.008263783,0
156,221,3207.51,1,0.009583081,0
179,226,3207.698,1,0.010832317,0
76,246,3208.392,1,0.009166365,0
141,255,3208.706,1,0.008233107,0
152,7,3209.512,1,0.010439104,0
200,224,3209.725,1,0.007274067,0
97,15,3209.801,1,0.009443932,0
145,16,3209.83,1,0.008607280,0
148,19,3209.937,1,0.010314072,0
309,26,3210.171,1,0.010318307,0
128,26,3210.183,1,0.044489186,0
201,30,3210.325,1,0.011671918,0
310,31,3210.356,1,0.010344313,0
172,46,3210.9,1,0.048604779,0
73,51,3211.069,1,0.008664379,0
337,52,3211.11,1,0.006893855,0
279,53,3211.131,1,0.005897584,0
277,53,3211.145,1,0.007902822,0
87,76,3211.942,1,0.009351710,0
194,86,3212.296,1,0.009051657,0
200,90,3212.449,1,0.008848659,0
292,92,3212.521,1,0.009036905,0
196,100,3212.789,1,0.008804182,0
129,103,3212.908,1,0.006060341,0
271,111,3213.179,1,0.010537252,0
56,122,3213.557,1,0.009648209,0
20,136,3214.056,1,0.013958021,0
136,144,3214.344,1,0.027453009,0
106,151,3214.587,1,0.015480542,0
24,172,3215.328,1,0.008498332,0
306,200,3216.309,1,0.007490547,0
337,205,3216.491,1,0.007221912,0
184,69,3216.726,1,0.919860303,1
183,69,3218.735,1,0.052428365,0
180,70,3234.168,0,0.594051123,0
154,31,3240.818,1,0.009613856,0
176,38,3241.054,1,0.009492947,0
103,47,3241.368,1,0.008791221,0
87,48,3241.398,1,0.009336743,0
107,52,3241.543,1,0.009237464,0
216,59,3241.786,1,0.009204928,0
336,60,3241.85,1,0.007266168,0
222,63,3241.949,1,0.009273431,0
145,79,3242.517,1,0.056868784,0
88,88,3242.826,1,0.031094782,0
204,92,3242.976,1,0.048000824,0
279,93,3242.994,1,0.018465964,0
231,109,3243.559,1,0.009272988,0
96,112,3243.66,1,0.012185612,0
187,112,3243.683,1,0.009020416,0
183,117,3243.848,1,0.007674320,0
111,128,3244.247,1,0.011631717,0
158,132,3244.366,1,0.014865144,0
307,145,3244.833,1,0.008118506,0
120,153,3245.108,1,0.009550109,0
182,160,3245.359,1,0.011051045,0
215,162,3245.442,1,0.008346538,0
332,165,3245.529,1,0.007588380,0
103,176,3245.943,1,0.008973331,0
120,182,3246.15,1,0.014301381,0
8,252,3246.318,1,0.012320152,0
299,189,3246.38,1,0.011045835,0
243,189,3246.401,1,0.013012134,0
216,207,3247.021,1,0.007834399,0
238,208,3247.055,1,0.006820924,0
189,210,3247.121,1,0.008236846,0
327,211,3247.146,1,0.007362235,0
31,222,3247.54,1,0.007913096,0
35,224,3247.608,1,0.007909203,0
38,228,3247.748,1,0.008117991,0
215,247,3248.418,1,0.008690931,0
306,4,3249.399,1,0.006798063,0
200,5,3249.432,1,0.006423969,0
167,22,3250.044,1,0.027489295,0
215,24,3250.114,1,0.010349869,0
223,32,3250.384,1,0.011123965,0
269,38,3250.605,1,0.010795292,0
88,43,3250.787,1,0.048286896,0
82,44,3250.813,1,0.048308879,0
280,55,3251.197,1,0.008031106,0
276,56,3251.245,1,0.008749018,0
140,68,3251.659,1,0.009637233,0
182,69,3251.686,1,0.899223328,0
138,72,3251.797,1,0.009383956,0
60,73,3251.837,1,0.004836997,0
141,93,3252.562,1,0.020126963,0
156,96,3252.648,1,0.005466192,0
69,103,3252.89,1,0.010574713,0
110,118,3253.418,1,0.012629730,0
20,127,3253.749,1,0.007536705,0
74,130,3253.843,1,0.009858059,0
214,131,3253.876,1,0.009806279,0
16,131,3253.883,1,0.008493989,0
128,147,3254.444,1,0.022541374,0
207,164,3255.049,1,0.005742125,0
112,190,3255.96,1,0.008895420,0
46,197,3256.232,1,0.011456898,0
192,216,3256.898,1,0.009304662,0
182,70,3261.24,1,0.813499928,0
177,70,3275.998,0,0.854392707,0
136,145,3278.08,1,0.027064318,0
340,8,3280.001,1,0.006927365,0
180,70,3280.424,1,0.997335494,1
36,31,3280.812,1,0.009151211,0
180,69,3281.135,1,0.996073127,1
320,51,3281.51,1,0.007039666,0
181,70,3282.178,1,0.988682687,1
78,72,3282.264,1,0.036894992,0
290,106,3283.468,1,0.009849466,0
291,109,3283.55,1,0.009297767,0
176,112,3283.674,1,0.005716586,0
136,115,3283.777,1,0.017129183,0
177,116,3283.802,1,0.005855962,0
175,116,3283.808,1,0.004815977,0
170,116,3283.818,1,0.005770765,0
336,119,3283.901,1,0.007167877,0
256,120,3283.956,1,0.009315128,0
116,128,3284.225,1,0.012721918,0
208,128,3284.231,1,0.009043112,0
85,133,3284.406,1,0.009514335,0
336,133,3284.427,1,0.007438963,0
104,135,3284.478,1,0.010768667,0
153,136,3284.513,1,0.012735040,0
228,137,3284.547,1,0.008833630,0
231,137,3284.553,1,0.008697996,0
158,139,3284.635,1,0.013599768,0
114,142,3284.74,1,0.010249743,0
12,149,3284.981,1,0.008550682,0
168,153,3285.121,1,0.011970186,0
310,157,3285.265,1,0.008062785,0
57,160,3285.353,1,0.008751909,0
183,163,3285.47,1,0.010490655,0
71,166,3285.567,1,0.008824871,0
220,167,3285.597,1,0.008406484,0
71,167,3285.624,1,0.007327002,0
55,168,3285.648,1,0.008668168,0
36,173,3285.815,1,0.008332397,0
138,174,3285.847,1,0.007889998,0
139,175,3285.89,1,0.007622768,0
133,182,3286.136,1,0.014498932,0
283,184,3286.215,1,0.011374355,0
333,190,3286.415,1,0.010671665,0
318,196,3286.624,1,0.010727690,0
160,199,3286.727,1,0.015619619,0
103,207,3287.024,1,0.009514789,0
87,210,3287.119,1,0.008791088,0
310,223,3287.571,1,0.007052727,0
286,235,3288.006,1,0.006958825,0
215,252,3288.605,1,0.008064661,0
53,255,3288.724,1,0.008030262,0
280,6,3289.487,1,0.007218510,0
215,7,3289.502,1,0.007139867,0
171,12,3289.705,1,0.009836964,0
277,13,3289.718,1,0.007521245,0
128,15,3289.785,1,0.009792371,0
189,15,3289.797,1,0.008014644,0
143,19,3289.932,1,0.009218721,0
158,24,3290.103,1,0.044479802,0
153,27,3290.214,1,0.044523124,0
183,32,3290.395,1,0.023102056,0
309,35,3290.511,1,0.010380366,0
170,37,3290.573,1,0.047493257,0
200,42,3290.755,1,0.025074875,0
248,43,3290.774,1,0.011878134,0
239,45,3290.85,1,0.013130900,0
32,48,3290.946,1,0.037330750,0
33,50,3291.02,1,0.008652391,0
85,52,3291.095,1,0.008783289,0
295,56,3291.246,1,0.007839520,0
98,60,3291.397,1,0.009117940,0
299,62,3291.458,1,0.007850610,0
165,72,3291.804,1,0.009524415,0
318,76,3291.938,1,0.007227151,0
139,80,3292.083,1,0.011028831,0
202,81,3292.121,1,0.009128527,0
160,86,3292.29,1,0.023753820,0
16,96,3292.645,1,0.011263955,0
16,97,3292.686,1,0.010179988,0
310,120,3293.489,1,0.008500474,0
328,120,3293.49,1,0.006420694,0
331,120,3293.498,1,0.006627371,0
336,121,3293.532,1,0.007346852,0
8,126,3293.703,1,0.009142446,0
41,138,3294.126,1,0.014320100,0
46,143,3294.322,1,0.014413218,0
32,144,3294.346,1,0.012720355,0
36,144,3294.363,1,0.013170375,0
129,167,3295.157,1,0.009650664,0
59,184,3295.765,1,0.008442556,0
142,204,3296.45,1,0.008917947,0
319,215,3296.85,1,0.007346403,0
134,227,3297.271,1,0.008265560,0
328,231,3297.404,1,0.007003524,0
179,70,3301.98,1,0.954229951,1
180,69,3302.865,1,0.933352590,1
177,70,3317.317,0,0.905502737,1
179,69,3318.001,1,0.053212475,0
335,3,3319.816,1,0.006724049,0
137,29,3320.747,1,0.009386953,0
250,35,3320.95,1,0.007939545,0
40,49,3321.456,1,0.007958696,0
40,51,3321.518,1,0.008105434,0
328,53,3321.592,1,0.006813017,0
175,69,3321.7,0,0.855772138,0
228,57,3321.732,1,0.009412851,0
226,60,3321.826,1,0.009530547,0
207,66,3322.039,1,0.048340391,0
252,66,3322.059,1,0.012976107,0
253,67,3322.071,1,0.013353621,0
314,68,3322.108,1,0.010370291,0
208,69,3322.16,1,0.048339941,0
183,70,3322.188,1,0.052642338,0
128,72,3322.245,1,0.051202100,0
65,76,3322.389,1,0.024191448,0
198,76,3322.394,1,0.050844856,0
136,76,3322.403,1,0.045509536,0
137,78,3322.456,1,0.135674998,0
138,78,3322.47,1,0.094777167,0
142,78,3322.47,1,0.069953226,0
34,79,3322.502,1,0.017082885,0
7,79,3322.523,1,0.014515839,0
170,86,3322.762,1,0.063824639,0
172,87,3322.779,1,0.064380147,0
149,87,3322.789,1,0.061773945,0
101,88,3322.837,1,0.046540905,0
112,92,3322.964,1,0.049475722,0
8,93,3323.003,1,0.008215166,0
247,94,3323.023,1,0.009176435,0
163,94,3323.031,1,0.009995214,0
6,95,3323.06,1,0.008095403,0
97,95,3323.076,1,0.011979212,0
22,96,3323.115,1,0.009647287,0
43,103,3323.345,1,0.009655455,0
136,104,3323.387,1,0.006812956,0
230,109,3323.563,1,0.009724287,0
178,110,3323.602,1,0.010111909,0
284,111,3323.645,1,0.009795025,0
182,115,3323.772,1,0.010122077,0
160,116,3323.809,1,0.007549752,0
238,117,3323.846,1,0.009597913,0
146,118,3323.876,1,0.017873162,0
271,120,3323.946,1,0.010293809,0
16,123,3324.056,1,0.009094116,0
124,128,3324.241,1,0.012920055,0
206,130,3324.314,1,0.008925368,0
38,139,3324.619,1,0.008776632,0
201,140,3324.662,1,0.008631022,0
157,151,3325.042,1,0.012111968,0
265,151,3325.056,1,0.010113532,0
136,159,3325.338,1,0.009854201,0
204,160,3325.366,1,0.004865935,0
329,165,3325.532,1,0.007748744,0
208,168,3325.632,1,0.005367461,0
131,172,3325.774,1,0.009368636,0
209,174,3325.867,1,0.006957985,0
99,175,3325.898,1,0.008777222,0
67,182,3326.138,1,0.016980192,0
67,183,3326.162,1,0.028199030,0
192,190,3326.416,1,0.011958364,0
80,199,3326.756,1,0.014018935,0
198,205,3326.958,1,0.010668796,0
45,214,3327.26,1,0.007993902,0
183,224,3327.609,1,0.008660477,0
96,245,3328.348,1,0.008648294,0
62,255,3328.704,1,0.007882138,0
193,258,3328.827,1,0.007441839,0
1,12,3329.677,1,0.009042992,0
181,16,3329.829,1,0.008460406,0
171,22,3330.036,1,0.020480944,0
282,23,3330.069,1,0.010459897,0
337,24,3330.114,1,0.009875220,0
342,29,3330.285,1,0.009785276,0
68,32,3330.389,1,0.047292694,0
287,36,3330.532,1,0.010610771,0
212,56,3331.231,1,0.009057318,0
90,100,3332.794,1,0.013059718,0
89,112,3333.203,1,0.011746493,0
22,115,3333.33,1,0.009059886,0
327,118,3333.422,1,0.007808588,0
289,119,3333.458,1,0.009751555,0
262,124,3333.658,1,0.010901428,0
158,127,3333.735,1,0.016890889,0
192,141,3334.228,1,0.034240376,0
56,159,3334.867,1,0.014406373,0
131,168,3335.183,1,0.010012461,0
261,192,3336.049,1,0.008203697,0
274,207,3336.559,1,0.007856945,0
179,212,3336.752,1,0.009082672,0
146,229,3337.334,1,0.009223185,0
271,239,3337.706,1,0.007513948,0
286,251,3338.117,1,0.009860838,0
4,253,3338.19,1,0.012311253,0
174,69,3346.478,0,0.587882817,0
48,58,3355.969,1,0.009035440,0
221,3,3359.821,1,0.006359692,0
191,6,3359.941,1,0.006890571,0
216,13,3360.166,1,0.006699045,0
115,24,3360.559,1,0.009259594,0
112,28,3360.708,1,0.009440235,0
152,32,3360.854,1,0.009329587,0
235,47,3361.374,1,0.010337949,0
139,47,3361.391,1,0.009032998,0
40,55,3361.661,1,0.009238681,0
3,72,3362.254,1,0.014752796,0
231,96,3363.107,1,0.009252373,0
200,224,3363.204,1,0.007285955,0
252,108,3363.517,1,0.009352576,0
177,69,3363.579,1,0.955195606,1
173,69,3363.836,0,0.380093426,0
82,117,3363.845,1,0.010653913,0
307,117,3363.859,1,0.008319881,0
332,119,3363.922,1,0.007493287,0
122,120,3363.947,1,0.012899042,0
282,120,3363.966,1,0.010003762,0
239,124,3364.095,1,0.009288184,0
164,128,3364.224,1,0.017487219,0
125,128,3364.23,1,0.012870071,0
224,128,3364.246,1,0.009522701,0
147,130,3364.305,1,0.013419698,0
147,132,3364.378,1,0.013671186,0
160,134,3364.462,1,0.015682392,0
184,141,3364.691,1,0.008719541,0
190,142,3364.726,1,0.004463591,0
230,142,3364.746,1,0.009632278,0
232,143,3364.75,1,0.009613033,0
342,143,3364.762,1,0.007460220,0
267,148,3364.932,1,0.009636933,0
128,150,3364.998,1,0.011011789,0
58,150,3365.011,1,0.009354471,0
96,151,3365.045,1,0.010264779,0
100,152,3365.095,1,0.009955379,0
53,154,3365.147,1,0.009154918,0
192,155,3365.184,1,0.011949027,0
294,156,3365.223,1,0.008809173,0
273,159,3365.315,1,0.009911498,0
175,159,3365.323,1,0.011607024,0
29,159,3365.338,1,0.008846418,0
198,160,3365.359,1,0.011399504,0
81,165,3365.539,1,0.008808394,0
96,171,3365.744,1,0.008814394,0
88,178,3366.006,1,0.014441893,0
15,181,3366.091,1,0.013535522,0
81,182,3366.148,1,0.014303356,0
87,183,3366.164,1,0.014345294,0
118,186,3366.291,1,0.014238037,0
89,195,3366.593,1,0.014169536,0
106,196,3366.634,1,0.014170367,0
111,200,3366.762,1,0.014047846,0
67,208,3367.046,1,0.007662658,0
70,211,3367.17,1,0.006821936,0
106,216,3367.33,1,0.008469651,0
36,219,3367.441,1,0.008883413,0
103,220,3367.486,1,0.008231312,0
66,223,3367.591,1,0.009258508,0
261,226,3367.682,1,0.007815940,0
100,228,3367.769,1,0.008459423,0
126,231,3367.88,1,0.008637459,0
205,234,3367.985,1,0.007244363,0
127,235,3368.001,1,0.008460378,0
87,254,3368.678,1,0.007875060,0
55,254,3368.689,1,0.007812462,0
8,256,3368.746,1,0.008888864,0
135,2,3369.335,1,0.009442973,0
219,3,3369.383,1,0.006410175,0
342,4,3369.405,1,0.007139408,0
41,6,3369.466,1,0.009470940,0
130,6,3369.474,1,0.009594760,0
141,6,3369.475,1,0.009585815,0
96,7,3369.519,1,0.009795747,0
341,8,3369.552,1,0.007100175,0
278,13,3369.732,1,0.007296972,0
159,14,3369.761,1,0.012610596,0
43,15,3369.787,1,0.009083789,0
116,16,3369.827,1,0.009676977,0
135,24,3370.102,1,0.030370936,0
136,25,3370.137,1,0.037330709,0
144,32,3370.387,1,0.047004364,0
282,32,3370.387,1,0.010605200,0
232,35,3370.49,1,0.011459988,0
239,35,3370.514,1,0.011179387,0
190,44,3370.81,1,0.048888825,0
183,44,3370.82,1,0.049166422,0
30,47,3370.916,1,0.037371591,0
148,51,3371.077,1,0.008903141,0
24,52,3371.099,1,0.004364412,0
192,55,3371.2,1,0.009005836,0
277,71,3371.764,1,0.008962710,0
138,86,3372.289,1,0.015298004,0
113,93,3372.547,1,0.005507957,0
47,95,3372.606,1,0.009823889,0
193,95,3372.617,1,0.007831950,0
192,96,3372.647,1,0.017321493,0
53,102,3372.857,1,0.009952738,0
130,110,3373.159,1,0.016845625,0
147,111,3373.176,1,0.011432244,0
111,117,3373.383,1,0.012266941,0
310,118,3373.421,1,0.008018887,0
63,127,3373.736,1,0.009298690,0
96,131,3373.875,1,0.009598940,0
98,133,3373.949,1,0.008208564,0
200,142,3374.266,1,0.033793785,0
268,143,3374.313,1,0.021295007,0
322,144,3374.353,1,0.011093384,0
212,147,3374.442,1,0.016805349,0
215,150,3374.547,1,0.016752893,0
236,150,3374.559,1,0.027242782,0
201,165,3375.079,1,0.008820859,0
297,173,3375.362,1,0.008181991,0
136,180,3375.608,1,0.009218211,0
159,186,3375.823,1,0.009385610,0
227,191,3376.004,1,0.008611480,0
232,200,3376.311,1,0.007240616,0
120,206,3376.539,1,0.008856676,0
280,211,3376.703,1,0.007562160,0
201,220,3377.018,1,0.007115918,0
158,223,3377.14,1,0.008307379,0
220,227,3377.286,1,0.004674369,0
160,238,3377.66,1,0.008547332,0
138,238,3377.67,1,0.008421957,0
283,244,3377.87,1,0.007027187,0
278,247,3377.971,1,0.006621308,0
35,248,3378.012,1,0.012635248,0
264,253,3378.203,1,0.008219335,0
36,256,3378.305,1,0.012515739,0
176,70,3386.859,1,0.054390881,0
175,70,3399.331,1,0.219841823,0
55,2,3399.805,1,0.009258999,0
102,9,3400.03,1,0.009936199,0
104,10,3400.071,1,0.009683451,0
93,12,3400.159,1,0.009343360,0
280,15,3400.251,1,0.007372303,0
12,16,3400.276,1,0.009029265,0
87,22,3400.5,1,0.009834739,0
80,23,3400.527,1,0.009710063,0
139,30,3400.78,1,0.009356146,0
104,35,3400.947,1,0.009373943,0
342,44,3401.269,1,0.006885876,0
231,45,3401.299,1,0.009693964,0
74,45,3401.318,1,0.009177528,0
200,46,3401.344,1,0.009253724,0
225,47,3401.37,1,0.009631901,0
240,48,3401.405,1,0.009695653,0
283,0,3401.42,1,0.007620759,0
42,53,3401.598,1,0.008822582,0
220,58,3401.751,1,0.009268976,0
216,59,3401.804,1,0.009248951,0
31,60,3401.84,1,0.005757208,0
255,63,3401.945,1,0.010699142,0
272,66,3402.038,1,0.012839678,0
166,67,3402.087,1,0.054549243,0
30,72,3402.264,1,0.016977493,0
32,48,3402.264,1,0.037599798,0
184,75,3402.373,1,0.054792088,0
174,85,3402.707,1,0.062448662,0
243,86,3402.754,1,0.044469811,0
50,95,3403.054,1,0.010341198,0
315,98,3403.171,1,0.007919986,0
21,101,3403.293,1,0.009447849,0
232,102,3403.323,1,0.009445618,0
129,118,3403.879,1,0.014202891,0
97,120,3403.945,1,0.011382848,0
112,123,3404.055,1,0.012767479,0
192,125,3404.131,1,0.009350111,0
166,127,3404.184,1,0.014876901,0
57,127,3404.194,1,0.009039173,0
38,131,3404.354,1,0.008892451,0
163,142,3404.719,1,0.013186678,0
138,143,3404.764,1,0.012208075,0
258,147,3404.894,1,0.010262799,0
207,157,3405.251,1,0.003551338,0
140,165,3405.545,1,0.009648281,0
93,167,3405.605,1,0.008850997,0
23,168,3405.646,1,0.008730061,0
20,169,3405.674,1,0.008504935,0
305,174,3405.857,1,0.020062516,0
304,175,3405.896,1,0.007862994,0
336,180,3406.067,1,0.010684288,0
263,183,3406.172,1,0.011817502,0
64,187,3406.309,1,0.014077076,0
172,204,3406.907,1,0.015178383,0
171,69,3406.966,0,0.588176787,0
111,206,3406.982,1,0.013934362,0
287,206,3406.996,1,0.010672591,0
115,211,3407.162,1,0.009183189,0
84,255,3407.551,1,0.008286444,0
270,224,3407.617,1,0.007222431,0
222,228,3407.766,1,0.004011345,0
88,246,3408.384,1,0.008401398,0
165,8,3409.537,1,0.009254467,0
194,22,3410.046,1,0.011024545,0
290,23,3410.077,1,0.010418318,0
293,24,3410.101,1,0.010423988,0
259,24,3410.112,1,0.010529533,0
38,24,3410.12,1,0.044016372,0
244,27,3410.208,1,0.010583607,0
191,40,3410.672,1,0.035353787,0
93,56,3411.235,1,0.006898929,0
91,58,3411.309,1,0.006347686,0
154,64,3411.538,1,0.010632116,0
76,71,3411.764,1,0.009000127,0
252,78,3412.006,1,0.009048583,0
223,79,3412.044,1,0.008647770,0
313,88,3412.36,1,0.007441350,0
35,88,3412.366,1,0.009920880,0
319,89,3412.401,1,0.007466211,0
92,102,3412.865,1,0.013340260,0
329,103,3412.891,1,0.007297967,0
287,105,3412.967,1,0.009265115,0
186,108,3413.093,1,0.008957778,0
69,115,3413.319,1,0.010022560,0
197,122,3413.561,1,0.009275740,0
199,125,3413.673,1,0.009140723,0
184,134,3413.987,1,0.004835964,0
19,152,3414.618,1,0.013924912,0
128,158,3414.84,1,0.017917328,0
48,159,3414.871,1,0.014293646,0
8,164,3415.069,1,0.009034928,0
66,165,3415.08,1,0.008786506,0
90,171,3415.288,1,0.010939737,0
67,173,3415.373,1,0.010574560,0
274,231,3417.426,1,0.006977943,0
57,236,3417.58,1,0.009082633,0
192,243,3417.825,1,0.008093909,0
174,69,3421.65,1,0.917317390,1
171,69,3423.2,0,0.856780350,0
174,70,3433.029,1,0.915641069,1
63,6,3439.929,1,0.009204188,0
164,18,3440.348,1,0.013333694,0
167,20,3440.425,1,0.012386076,0
112,27,3440.668,1,0.009796972,0
105,30,3440.788,1,0.009318038,0
215,32,3440.837,1,0.007958828,0
87,38,3441.062,1,0.008998613,0
313,39,3441.1,1,0.007387547,0
236,46,3441.335,1,0.009475987,0
8,54,3441.611,1,0.008755219,0
99,62,3441.902,1,0.008876379,0
335,63,3441.949,1,0.006947848,0
7,64,3441.972,1,0.010697441,0
171,66,3442.062,1,0.053111210,0
275,68,3442.122,1,0.020962084,0
275,69,3442.152,1,0.017105756,0
319,71,3442.218,1,0.010294562,0
252,71,3442.218,1,0.028121067,0
170,76,3442.395,1,0.058345798,0
171,78,3442.468,1,0.059182353,0
170,69,3442.492,0,0.588040173,0
86,79,3442.502,1,0.036873743,0
338,82,3442.599,1,0.009993024,0
264,84,3442.676,1,0.023728477,0
6,250,3442.753,1,0.012330936,0
272,87,3442.786,1,0.019680608,0
120,90,3442.887,1,0.055002574,0
36,92,3442.956,1,0.015988946,0
267,94,3443.023,1,0.009823253,0
35,100,3443.237,1,0.009540212,0
286,103,3443.353,1,0.009763100,0
329,105,3443.408,1,0.007498293,0
152,108,3443.52,1,0.007858085,0
159,108,3443.53,1,0.005518137,0
153,109,3443.559,1,0.017358560,0
168,111,3443.631,1,0.004939914,0
29,114,3443.745,1,0.009219787,0
81,119,3443.908,1,0.010531913,0
47,121,3443.997,1,0.009270500,0
219,125,3444.123,1,0.009509146,0
152,133,3444.408,1,0.012493381,0
150,135,3444.483,1,0.009962745,0
49,139,3444.636,1,0.008737162,0
169,143,3444.762,1,0.013059312,0
317,144,3444.801,1,0.007869869,0
184,145,3444.833,1,0.011180297,0
315,158,3445.284,1,0.008243228,0
26,158,3445.284,1,0.008864528,0
35,160,3445.368,1,0.008898699,0
130,162,3445.415,1,0.009846383,0
171,163,3445.467,1,0.011359551,0
131,165,3445.526,1,0.009414474,0
61,167,3445.615,1,0.008656588,0
213,171,3445.752,1,0.003210358,0
37,176,3445.922,1,0.008430690,0
126,183,3446.179,1,0.014312153,0
36,184,3446.215,1,0.013841162,0
184,187,3446.3,1,0.013764305,0
31,190,3446.417,1,0.013671675,0
24,191,3446.45,1,0.013543592,0
67,197,3446.662,1,0.013937172,0
173,69,3446.921,1,0.054418463,0
317,214,3447.28,1,0.007372488,0
63,216,3447.336,1,0.008405128,0
264,219,3447.448,1,0.007459079,0
200,224,3447.615,1,0.007168071,0
81,232,3447.907,1,0.008095177,0
217,245,3448.353,1,0.005858772,0
81,254,3448.667,1,0.007983031,0
241,9,3449.573,1,0.007192113,0
39,24,3450.109,1,0.043833364,0
81,24,3450.115,1,0.042258792,0
214,28,3450.249,1,0.010689163,0
40,29,3450.284,1,0.046840202,0
99,31,3450.357,1,0.045633093,0
116,38,3450.618,1,0.049140289,0
172,40,3450.67,1,0.049011439,0
243,47,3450.914,1,0.013363112,0
93,48,3450.95,1,0.048286054,0
35,49,3450.996,1,0.038572196,0
96,52,3451.089,1,0.008987998,0
212,53,3451.128,1,0.008957862,0
25,53,3451.15,1,0.004141940,0
256,55,3451.204,1,0.009643748,0
193,67,3451.63,1,0.008639610,0
255,68,3451.653,1,0.011605247,0
183,68,3451.66,1,0.012434497,0
336,68,3451.66,1,0.006742709,0
1,68,3451.674,1,0.009678901,0
144,69,3451.69,1,0.009390239,0
183,69,3451.699,1,0.020755427,0
340,70,3451.727,1,0.006482856,0
56,73,3451.837,1,0.005433600,0
121,76,3451.935,1,0.009364866,0
116,78,3452.014,1,0.009303449,0
82,79,3452.05,1,0.004697333,0
196,81,3452.115,1,0.009147447,0
207,83,3452.189,1,0.008526753,0
55,88,3452.366,1,0.011270887,0
89,112,3453.205,1,0.011751703,0
277,135,3454.018,1,0.020932809,0
311,135,3454.047,1,0.011594187,0
180,142,3454.266,1,0.032626979,0
7,143,3454.304,1,0.013697688,0
94,151,3454.579,1,0.015193402,0
4,153,3454.664,1,0.013628167,0
305,157,3454.796,1,0.009966326,0
308,160,3454.902,1,0.010378118,0
220,162,3454.976,1,0.034809634,0
139,205,3456.5,1,0.008531781,0
93,235,3457.544,1,0.008070068,0
18,236,3457.593,1,0.008054940,0
215,247,3457.969,1,0.008903146,0
18,248,3458.003,1,0.012453107,0
73,255,3458.266,1,0.012940546,0
186,256,3458.289,1,0.013104616,0
172,69,3465.612,1,0.413509041,0
173,69,3466.4,1,0.226266697,0
169,70,3477.877,0,0.872925580,0
55,8,3480.014,1,0.005162987,0
56,9,3480.045,1,0.012208668,0
260,14,3480.202,1,0.007455253,0
304,16,3480.273,1,0.007211266,0
309,17,3480.313,1,0.007006031,0
317,30,3480.769,1,0.008194127,0
137,36,3480.975,1,0.009513607,0
140,37,3481.027,1,0.009488245,0
222,38,3481.054,1,0.008772531,0
102,47,3481.379,1,0.009152504,0
188,59,3481.795,1,0.010608043,0
187,60,3481.843,1,0.010082616,0
177,62,3481.899,1,0.009961369,0
189,64,3481.971,1,0.011832351,0
239,67,3482.075,1,0.039742980,0
132,71,3482.213,1,0.051185399,0
79,76,3482.405,1,0.034755632,0
176,97,3483.141,1,0.007100344,0
180,101,3483.278,1,0.005418333,0
312,104,3483.392,1,0.008107968,0
17,116,3483.827,1,0.009231097,0
273,126,3484.165,1,0.009853801,0
276,127,3484.187,1,0.009523227,0
106,133,3484.402,1,0.011161567,0
29,135,3484.48,1,0.008698332,0
222,136,3484.517,1,0.010300893,0
271,140,3484.665,1,0.009612179,0
222,141,3484.686,1,0.010339594,0
258,142,3484.717,1,0.011954102,0
222,152,3485.085,1,0.009510386,0
245,155,3485.182,1,0.009580167,0
247,160,3485.36,1,0.010629363,0
82,164,3485.518,1,0.009768634,0
248,166,3485.568,1,0.009950558,0
227,168,3485.646,1,0.010380998,0
224,170,3485.733,1,0.008614379,0
40,173,3485.816,1,0.008526777,0
48,176,3485.928,1,0.006977504,0
48,178,3485.995,1,0.007547609,0
29,180,3486.069,1,0.013787634,0
315,181,3486.1,1,0.011077692,0
136,195,3486.605,1,0.014248650,0
35,196,3486.645,1,0.013606205,0
136,200,3486.772,1,0.014175218,0
141,200,3486.79,1,0.014249962,0
142,216,3487.336,1,0.008618453,0
137,219,3487.444,1,0.009383556,0
31,224,3487.624,1,0.007923141,0
154,236,3488.042,1,0.008914985,0
60,246,3488.383,1,0.008668037,0
120,255,3488.703,1,0.009084608,0
185,12,3489.689,1,0.008258021,0
188,23,3490.067,1,0.011950565,0
200,27,3490.209,1,0.010645598,0
200,29,3490.296,1,0.011690728,0
94,40,3490.68,1,0.048689216,0
172,70,3491.028,1,0.962768555,1
122,61,3491.422,1,0.008996135,0
242,64,3491.519,1,0.009188700,0
240,67,3491.628,1,0.009422126,0
223,69,3491.695,1,0.008907358,0
242,71,3491.76,1,0.009717857,0
271,72,3491.799,1,0.009950167,0
95,78,3492.02,1,0.009326360,0
32,48,3492.055,1,0.008729450,0
288,87,3492.327,1,0.009428150,0
170,107,3493.036,1,0.005417842,0
322,108,3493.073,1,0.007696338,0
65,115,3493.31,1,0.010165445,0
236,119,3493.463,1,0.009734021,0
335,126,3493.719,1,0.008235229,0
199,136,3494.055,1,0.046452116,0
184,136,3494.065,1,0.032199658,0
181,147,3494.446,1,0.029303623,0
8,174,3495.416,1,0.008484486,0
171,181,3495.644,1,0.010887627,0
22,212,3496.758,1,0.008710742,0
197,216,3496.905,1,0.007144936,0
191,218,3496.95,1,0.007551075,0
183,224,3497.156,1,0.009398986,0
168,228,3497.311,1,0.009580678,0
51,256,3498.296,1,0.012685143,0
171,70,3500.721,1,0.941260934,1
76,5,3519.908,1,0.009459906,0
148,15,3520.248,1,0.009489110,0
223,32,3520.833,1,0.007840410,0
251,41,3521.154,1,0.008336523,0
335,45,3521.301,1,0.006885104,0
336,47,3521.375,1,0.007074968,0
314,57,3521.727,1,0.007092028,0
222,58,3521.77,1,0.009029930,0
206,66,3522.04,1,0.048387870,0
49,70,3522.199,1,0.021563761,0
263,80,3522.54,1,0.023608416,0
178,91,3522.922,1,0.060373910,0
45,96,3523.102,1,0.010003030,0
167,70,3523.322,0,0.902881026,1
311,109,3523.55,1,0.008132244,0
115,116,3523.804,1,0.012674809,0
80,122,3524.034,1,0.010333730,0
120,136,3524.511,1,0.012079228,0
166,69,3525.155,0,0.810376227,0
240,160,3525.358,1,0.009500495,0
21,171,3525.753,1,0.008384960,0
273,174,3525.853,1,0.008582945,0
335,175,3525.889,1,0.007654012,0
280,199,3526.728,1,0.010929717,0
200,208,3527.051,1,0.007434728,0
91,217,3527.374,1,0.009688669,0
110,228,3527.759,1,0.008287529,0
109,230,3527.827,1,0.008366595,0
335,240,3528.191,1,0.006799963,0
215,247,3528.416,1,0.007860759,0
178,253,3528.649,1,0.011133966,0
344,4,3529.397,1,0.007080990,0
57,6,3529.483,1,0.009650144,0
320,12,3529.684,1,0.007066481,0
317,22,3530.032,1,0.010184775,0
181,48,3530.978,1,0.048671514,0
12,56,3531.233,1,0.009105316,0
5,58,3531.324,1,0.011497761,0
232,61,3531.409,1,0.009291831,0
94,64,3531.519,1,0.009020876,0
246,65,3531.554,1,0.009194084,0
93,66,3531.595,1,0.008752831,0
208,87,3532.326,1,0.009145151,0
32,48,3532.936,1,0.008607988,0
75,106,3532.999,1,0.010974312,0
208,108,3533.065,1,0.008961415,0
240,108,3533.09,1,0.009654238,0
125,109,3533.104,1,0.016811077,0
201,111,3533.185,1,0.008955661,0
59,123,3533.6,1,0.009292126,0
148,126,3533.703,1,0.015379480,0
304,133,3533.951,1,0.008444496,0
243,134,3533.99,1,0.009310017,0
135,139,3534.166,1,0.030455068,0
192,142,3534.284,1,0.030947154,0
142,143,3534.301,1,0.031919047,0
245,145,3534.383,1,0.026631515,0
131,150,3534.559,1,0.023028493,0
282,156,3534.759,1,0.013294869,0
214,156,3534.767,1,0.035896312,0
241,164,3535.043,1,0.010020068,0
118,175,3535.435,1,0.008975833,0
223,176,3535.469,1,0.007894867,0
108,188,3535.889,1,0.008786319,0
168,0,3538.49,1,0.011620857,0
165,69,3550.728,0,0.587170184,0
27,6,3559.945,1,0.009031564,0
216,18,3560.345,1,0.006684009,0
258,27,3560.679,1,0.007946342,0
12,30,3560.771,1,0.008715083,0
287,45,3561.302,1,0.008310959,0
35,53,3561.581,1,0.008852048,0
131,74,3562.345,1,0.051881861,0
134,75,3562.363,1,0.052360930,0
293,76,3562.397,1,0.011701724,0
136,78,3562.465,1,0.053780593,0
175,79,3562.503,1,0.058760028,0
42,80,3562.538,1,0.012756912,0
40,82,3562.609,1,0.011223825,0
46,84,3562.672,1,0.014148695,0
0,84,3562.694,1,0.013666968,0
78,87,3562.789,1,0.027217682,0
131,87,3562.804,1,0.055686630,0
158,88,3562.811,1,0.069589302,0
133,88,3562.831,1,0.056238562,0
119,93,3563.01,1,0.005491566,0
111,97,3563.133,1,0.006157009,0
216,101,3563.274,1,0.009097499,0
50,101,3563.288,1,0.010085911,0
21,102,3563.318,1,0.009537824,0
65,103,3563.355,1,0.011047294,0
333,104,3563.381,1,0.007404097,0
112,104,3563.391,1,0.016497077,0
288,105,3563.433,1,0.009653914,0
331,107,3563.493,1,0.021937367,0
330,108,3563.522,1,0.008901093,0
119,109,3563.566,1,0.016401187,0
290,111,3563.631,1,0.009378660,0
164,112,3563.66,1,0.005662142,0
51,115,3563.773,1,0.009782375,0
50,118,3563.876,1,0.009404767,0
121,120,3563.948,1,0.012571043,0
244,127,3564.207,1,0.009424258,0
163,128,3564.23,1,0.010779843,0
142,129,3564.27,1,0.013757607,0
159,132,3564.363,1,0.009806126,0
137,133,3564.411,1,0.008174514,0
73,134,3564.433,1,0.009415617,0
140,136,3564.51,1,0.008494793,0
219,141,3564.686,1,0.009480217,0
150,149,3564.973,1,0.012606269,0
220,151,3565.057,1,0.009851592,0
26,155,3565.187,1,0.008375663,0
48,158,3565.289,1,0.009194975,0
245,168,3565.643,1,0.009981303,0
6,171,3565.742,1,0.008123049,0
296,176,3565.915,1,0.008060183,0
196,178,3565.994,1,0.008491925,0
104,182,3566.144,1,0.014465591,0
183,188,3566.346,1,0.013840277,0
69,192,3566.491,1,0.014050191,0
116,195,3566.594,1,0.014104559,0
118,198,3566.703,1,0.014064930,0
111,204,3566.904,1,0.013970574,0
263,214,3567.261,1,0.007577621,0
128,215,3567.309,1,0.008739443,0
71,216,3567.327,1,0.006960469,0
68,219,3567.436,1,0.007461092,0
65,221,3567.511,1,0.007981159,0
122,222,3567.54,1,0.008273570,0
166,228,3567.749,1,0.008894709,0
205,230,3567.838,1,0.006981668,0
111,238,3568.119,1,0.007955245,0
96,2,3569.328,1,0.009614632,0
102,5,3569.444,1,0.009831605,0
182,6,3569.474,1,0.007481158,0
181,8,3569.542,1,0.007675180,0
170,12,3569.689,1,0.009226245,0
198,13,3569.719,1,0.006624076,0
76,50,3569.723,1,0.008940337,0
322,14,3569.758,1,0.006968502,0
111,16,3569.825,1,0.009412442,0
293,24,3570.102,1,0.010410937,0
328,26,3570.173,1,0.010028988,0
280,29,3570.286,1,0.010553282,0
51,32,3570.386,1,0.047495089,0
67,32,3570.404,1,0.034378503,0
69,34,3570.458,1,0.039978180,0
23,35,3570.495,1,0.045112602,0
50,39,3570.632,1,0.047802787,0
207,40,3570.668,1,0.014038466,0
65,46,3570.881,1,0.048114296,0
250,48,3570.947,1,0.012865273,0
215,49,3570.991,1,0.025276653,0
255,50,3571.03,1,0.009165790,0
168,69,3571.207,1,0.986355126,1
168,70,3571.725,1,0.984086573,1
47,77,3571.981,1,0.012413364,0
160,84,3572.231,1,0.010528400,0
227,94,3572.599,1,0.009384656,0
251,95,3572.609,1,0.009321071,0
67,101,3572.818,1,0.010697165,0
113,102,3572.861,1,0.011121289,0
301,105,3572.961,1,0.008212303,0
228,116,3573.348,1,0.009635814,0
5,117,3573.383,1,0.008777076,0
136,118,3573.435,1,0.015948843,0
191,119,3573.455,1,0.008803375,0
321,121,3573.547,1,0.007933064,0
30,134,3573.981,1,0.008955970,0
192,148,3574.481,1,0.021042101,0
39,148,3574.495,1,0.014273599,0
117,150,3574.549,1,0.018561449,0
115,164,3575.045,1,0.009727300,0
190,168,3575.184,1,0.009529076,0
56,174,3575.397,1,0.009048732,0
82,250,3578.075,1,0.013132100,0
167,70,3584.935,1,0.961816072,1
164,69,3585.349,0,0.872560561,0
164,70,3586.751,0,0.933402658,1
163,69,3593.698,0,0.711636007,0
150,4,3599.856,1,0.009882309,0
168,6,3599.92,1,0.008472199,0
200,10,3600.059,1,0.006257570,0
18,11,3600.121,1,0.009067227,0
103,17,3600.312,1,0.009516052,0
237,24,3600.581,1,0.007140739,0
15,30,3600.775,1,0.008537168,0
115,39,3601.098,1,0.008976015,0
32,48,3601.406,1,0.008871074,0
1,52,3601.543,1,0.008736919,0
271,62,3601.903,1,0.008959197,0
288,77,3602.432,1,0.012159456,0
294,79,3602.496,1,0.011830472,0
70,83,3602.646,1,0.023885427,0
120,93,3602.988,1,0.066308580,0
232,103,3603.346,1,0.009500249,0
44,106,3603.45,1,0.009735999,0
205,118,3603.885,1,0.008784127,0
9,119,3603.915,1,0.008924094,0
82,123,3604.059,1,0.010405760,0
192,137,3604.557,1,0.005933670,0
39,142,3604.724,1,0.008595179,0
102,143,3604.757,1,0.009799535,0
40,144,3604.792,1,0.009074201,0
45,152,3605.067,1,0.008812371,0
202,154,3605.14,1,0.004314471,0
218,157,3605.252,1,0.009120986,0
45,159,3605.332,1,0.008893675,0
326,164,3605.496,1,0.007404590,0
231,166,3605.56,1,0.010400974,0
264,166,3605.583,1,0.009764336,0
262,167,3605.619,1,0.009315719,0
33,169,3605.679,1,0.008463278,0
198,171,3605.754,1,0.008943600,0
259,198,3606.702,1,0.011346181,0
98,200,3606.763,1,0.014170807,0
137,203,3606.893,1,0.014148721,0
254,206,3606.98,1,0.011339134,0
240,214,3607.279,1,0.006819164,0
39,223,3607.58,1,0.009469232,0
116,224,3607.615,1,0.008725635,0
341,256,3608.761,1,0.006494721,0
115,14,3609.758,1,0.009677370,0
222,16,3609.821,1,0.006313461,0
223,17,3609.865,1,0.007042013,0
36,24,3610.104,1,0.043715775,0
2,31,3610.348,1,0.037566695,0
26,32,3610.385,1,0.047159348,0
238,37,3610.586,1,0.011529665,0
48,40,3610.682,1,0.047604959,0
310,46,3610.881,1,0.010378866,0
82,47,3610.932,1,0.048259564,0
36,51,3611.064,1,0.008778540,0
311,53,3611.13,1,0.007389834,0
166,53,3611.135,1,0.008941470,0
23,54,3611.169,1,0.003479770,0
248,55,3611.206,1,0.009975877,0
72,62,3611.472,1,0.009015579,0
175,63,3611.507,1,0.008516448,0
329,64,3611.519,1,0.007034280,0
330,66,3611.586,1,0.006577746,0
176,69,3611.708,1,0.009614659,0
66,71,3611.766,1,0.009271460,0
30,77,3611.975,1,0.011001839,0
103,80,3612.084,1,0.009110248,0
217,81,3612.114,1,0.008592209,0
102,83,3612.188,1,0.010040139,0
203,86,3612.292,1,0.008504814,0
220,87,3612.34,1,0.009326524,0
104,88,3612.362,1,0.004925929,0
43,93,3612.549,1,0.009894107,0
197,95,3612.62,1,0.008552870,0
257,97,3612.687,1,0.008656060,0
7,99,3612.753,1,0.009318950,0
22,104,3612.939,1,0.010073226,0
255,105,3612.99,1,0.008712636,0
151,50,3613.092,1,0.008858049,0
317,115,3613.314,1,0.008122081,0
191,118,3613.432,1,0.009160958,0
186,126,3613.727,1,0.006461050,0
172,135,3614.025,1,0.043004215,0
269,141,3614.241,1,0.019892344,0
166,142,3614.275,1,0.041843507,0
148,158,3614.855,1,0.026585814,0
327,174,3615.408,1,0.008022700,0
166,69,3615.536,1,0.982182324,1
327,184,3615.746,1,0.007786679,0
202,196,3616.193,1,0.008291982,0
190,207,3616.559,1,0.008376749,0
257,211,3616.703,1,0.007527028,0
113,246,3617.954,1,0.008476762,0
162,70,3621.315,0,0.459424794,0
32,48,3628.827,1,0.008585302,0
165,70,3629.8,1,0.946148694,1
162,70,3640.444,0,0.908879042,1
196,29,3640.757,1,0.009570349,0
199,30,3640.786,1,0.008410396,0
111,32,3640.865,1,0.009161459,0
260,48,3641.407,1,0.011148144,0
144,50,3641.479,1,0.009047702,0
223,57,3641.729,1,0.009224763,0
217,60,3641.837,1,0.009398368,0
207,70,3642.174,1,0.048411820,0
53,70,3642.183,1,0.023852225,0
18,76,3642.389,1,0.015982030,0
117,80,3642.545,1,0.050657544,0
252,95,3643.063,1,0.009274588,0
73,109,3643.557,1,0.010735967,0
50,112,3643.673,1,0.009659231,0
19,116,3643.81,1,0.008992799,0
233,118,3643.891,1,0.009257017,0
267,119,3643.926,1,0.011865111,0
195,124,3644.095,1,0.008528269,0
168,126,3644.157,1,0.016497009,0
166,127,3644.189,1,0.012709233,0
133,133,3644.411,1,0.012197011,0
179,135,3644.489,1,0.006091944,0
165,69,3644.55,1,0.989118934,1
214,141,3644.71,1,0.009702913,0
218,142,3644.725,1,0.009372916,0
110,151,3645.042,1,0.009499953,0
44,152,3645.069,1,0.009071667,0
176,156,3645.22,1,0.011926137,0
172,164,3645.516,1,0.011299526,0
168,165,3645.531,1,0.011093410,0
277,167,3645.607,1,0.009051927,0
161,69,3645.982,0,0.910343945,1
298,179,3646.03,1,0.011422968,0
305,183,3646.169,1,0.011268570,0
162,69,3646.254,0,0.850237548,0
95,198,3646.703,1,0.014185923,0
262,208,3647.059,1,0.007681212,0
105,214,3647.273,1,0.008241186,0
143,223,3647.592,1,0.009390744,0
159,224,3647.609,1,0.008342998,0
255,224,3647.618,1,0.007216225,0
309,226,3647.694,1,0.005824591,0
306,229,3647.795,1,0.006714016,0
196,238,3648.105,1,0.007635491,0
66,240,3648.183,1,0.008041274,0
211,4,3649.398,1,0.006681844,0
90,6,3649.468,1,0.009635986,0
4,12,3649.685,1,0.009179853,0
20,12,3649.709,1,0.009186039,0
262,16,3649.843,1,0.007080749,0
37,20,3649.963,1,0.009231664,0
182,21,3650.002,1,0.012502592,0
15,24,3650.12,1,0.044184256,0
231,27,3650.222,1,0.010527502,0
27,28,3650.247,1,0.046123136,0
224,28,3650.256,1,0.010619654,0
138,31,3650.353,1,0.046258889,0
145,32,3650.39,1,0.046884481,0
40,35,3650.49,1,0.047537446,0
136,35,3650.499,1,0.047721121,0
144,36,3650.527,1,0.048233476,0
76,38,3650.596,1,0.048259690,0
18,39,3650.634,1,0.039507195,0
282,45,3650.841,1,0.010697235,0
151,47,3650.936,1,0.047995988,0
251,48,3650.958,1,0.012734255,0
314,48,3650.978,1,0.010305032,0
335,50,3651.019,1,0.006815225,0
319,50,3651.029,1,0.007258014,0
186,50,3651.043,1,0.006780330,0
315,51,3651.063,1,0.007255545,0
122,52,3651.1,1,0.008984830,0
333,54,3651.164,1,0.006937436,0
190,54,3651.171,1,0.005138838,0
161,56,3651.252,1,0.008543107,0
54,67,3651.618,1,0.005354461,0
191,68,3651.66,1,0.008589683,0
184,71,3651.776,1,0.008878892,0
54,72,3651.824,1,0.005246324,0
144,73,3651.843,1,0.009888087,0
176,78,3652.032,1,0.009745340,0
51,80,3652.095,1,0.012097524,0
244,92,3652.503,1,0.009514640,0
233,95,3652.61,1,0.009534623,0
268,112,3653.221,1,0.011901585,0
186,156,3654.759,1,0.018952539,0
133,167,3655.151,1,0.010743521,0
255,168,3655.179,1,0.009622317,0
328,173,3655.359,1,0.007508587,0
327,176,3655.478,1,0.007673448,0
328,183,3655.724,1,0.007348114,0
42,215,3656.864,1,0.009205681,0
205,216,3656.877,1,0.007272872,0
164,70,3658.87,1,0.055846155,0
131,2,3679.788,1,0.004648012,0
132,3,3679.826,1,0.009495000,0
259,16,3680.301,1,0.007218756,0
261,20,3680.437,1,0.007208430,0
311,24,3680.56,1,0.007117445,0
48,63,3681.944,1,0.008385360,0
32,64,3681.973,1,0.006868112,0
164,69,3682.15,1,0.404834807,0
163,70,3682.174,1,0.429037064,0
204,71,3682.219,1,0.048919708,0
224,72,3682.25,1,0.049266428,0
314,72,3682.26,1,0.010483633,0
253,87,3682.787,1,0.038912605,0
153,96,3683.101,1,0.005750151,0
159,70,3683.178,0,0.843824506,0
267,107,3683.488,1,0.011417214,0
270,109,3683.572,1,0.011142385,0
24,112,3683.675,1,0.009778057,0
31,115,3683.79,1,0.009597266,0
103,119,3683.91,1,0.012715019,0
196,126,3684.16,1,0.009103493,0
191,127,3684.197,1,0.009359046,0
259,128,3684.23,1,0.008758196,0
226,140,3684.658,1,0.009564372,0
189,142,3684.733,1,0.004345822,0
131,143,3684.751,1,0.011367671,0
184,149,3684.964,1,0.015043018,0
248,153,3685.111,1,0.011034209,0
38,160,3685.378,1,0.009401055,0
327,169,3685.676,1,0.007846925,0
296,174,3685.842,1,0.008381468,0
157,174,3685.853,1,0.010752424,0
186,174,3685.869,1,0.009552120,0
183,176,3685.928,1,0.009853833,0
162,188,3686.345,1,0.016622944,0
52,213,3687.219,1,0.008999779,0
84,229,3687.79,1,0.008980726,0
59,230,3687.82,1,0.008160042,0
87,230,3687.831,1,0.008206390,0
276,246,3688.39,1,0.021269282,0
275,246,3688.406,1,0.028495524,0
8,252,3688.601,1,0.010236903,0
138,3,3689.37,1,0.010035235,0
18,6,3689.469,1,0.009269432,0
263,8,3689.545,1,0.007708162,0
187,10,3689.61,1,0.008423446,0
205,11,3689.649,1,0.006814369,0
112,14,3689.756,1,0.009637302,0
166,16,3689.833,1,0.009813629,0
16,19,3689.926,1,0.009324859,0
19,21,3690.012,1,0.042242069,0
94,23,3690.072,1,0.044074897,0
337,24,3690.1,1,0.009835929,0
186,24,3690.117,1,0.012414709,0
154,24,3690.13,1,0.044476267,0
183,26,3690.179,1,0.011388693,0
179,30,3690.322,1,0.015495950,0
252,30,3690.332,1,0.010680564,0
55,40,3690.669,1,0.047869027,0
120,40,3690.68,1,0.049387082,0
236,93,3692.542,1,0.009737098,0
194,98,3692.727,1,0.008659142,0
197,100,3692.784,1,0.008436895,0
8,103,3692.906,1,0.009676713,0
213,120,3693.494,1,0.009503768,0
209,125,3693.676,1,0.009016571,0
224,134,3693.983,1,0.009647724,0
165,138,3694.131,1,0.045704730,0
280,140,3694.205,1,0.016763572,0
319,144,3694.343,1,0.009102478,0
317,146,3694.433,1,0.009522220,0
33,148,3694.476,1,0.014189698,0
38,148,3694.49,1,0.014265168,0
40,151,3694.589,1,0.014270915,0
273,159,3694.871,1,0.013957942,0
87,163,3695.01,1,0.009317268,0
231,165,3695.082,1,0.010169418,0
168,171,3695.301,1,0.010798515,0
159,69,3695.435,0,0.902671456,1
92,179,3695.586,1,0.009100104,0
168,218,3696.95,1,0.009108763,0
98,222,3697.089,1,0.008588441,0
160,229,3697.339,1,0.008426039,0
163,229,3697.35,1,0.008764175,0
168,230,3697.374,1,0.008687139,0
12,238,3697.651,1,0.008089229,0
223,239,3697.694,1,0.004202371,0
216,239,3697.714,1,0.006598428,0
100,253,3698.195,1,0.013108848,0
162,70,3699.519,1,0.917833567,1
159,70,3700.308,0,0.928827167,1
32,48,3711.761,1,0.008739901,0
133,24,3720.563,1,0.009448951,0
116,32,3720.851,1,0.009267296,0
89,43,3721.225,1,0.008887432,0
75,49,3721.442,1,0.008948876,0
260,54,3721.619,1,0.009551565,0
206,62,3721.903,1,0.008921884,0
166,63,3721.938,1,0.062298279,0
109,63,3721.955,1,0.009080403,0
168,69,3722.159,1,0.055058330,0
28,71,3722.218,1,0.017032770,0
158,70,3722.37,0,0.593363106,0
105,77,3722.451,1,0.045685347,0
7,78,3722.469,1,0.014834387,0
73,83,3722.642,1,0.025106872,0
175,86,3722.751,1,0.061378065,0
150,91,3722.938,1,0.069622934,0
144,92,3722.957,1,0.061526828,0
48,93,3722.999,1,0.017065423,0
247,96,3723.1,1,0.009218002,0
148,96,3723.119,1,0.007775167,0
122,109,3723.565,1,0.016489172,0
122,116,3723.825,1,0.014447105,0
13,126,3724.153,1,0.008683839,0
329,163,3725.469,1,0.007691108,0
241,167,3725.621,1,0.010245043,0
69,174,3725.859,1,0.008800829,0
203,176,3725.936,1,0.010214110,0
126,179,3726.042,1,0.014467414,0
206,183,3726.163,1,0.011463316,0
112,207,3727.018,1,0.008930476,0
327,211,3727.152,1,0.007359410,0
40,212,3727.186,1,0.008310216,0
117,14,3729.757,1,0.009520402,0
246,15,3729.784,1,0.006870887,0
263,20,3729.961,1,0.007546274,0
208,20,3729.99,1,0.006704892,0
275,22,3730.034,1,0.010439055,0
135,24,3730.1,1,0.044477221,0
131,27,3730.215,1,0.044509098,0
128,28,3730.258,1,0.044540305,0
106,38,3730.595,1,0.049161654,0
15,44,3730.816,1,0.031865738,0
128,47,3730.918,1,0.045841064,0
132,47,3730.927,1,0.042838287,0
64,47,3730.927,1,0.048063204,0
203,55,3731.2,1,0.008650538,0
120,56,3731.235,1,0.009120202,0
126,59,3731.341,1,0.008965629,0
123,63,3731.482,1,0.009028842,0
153,67,3731.626,1,0.009924478,0
21,79,3732.052,1,0.009884018,0
343,82,3732.156,1,0.006575413,0
32,48,3732.575,1,0.008638504,0
60,117,3733.383,1,0.009483048,0
186,132,3733.913,1,0.004018859,0
91,136,3734.056,1,0.018375646,0
23,149,3734.522,1,0.014024349,0
259,156,3734.766,1,0.020322368,0
187,158,3734.846,1,0.016921949,0
262,165,3735.084,1,0.009669221,0
179,187,3735.864,1,0.010398265,0
14,192,3736.039,1,0.009615917,0
323,229,3737.339,1,0.007777710,0
215,247,3737.972,1,0.009536644,0
5,256,3738.293,1,0.012254151,0
160,69,3759.729,1,0.962240219,1
157,4,3759.876,1,0.009846769,0
133,21,3760.462,1,0.009421334,0
46,22,3760.486,1,0.008931976,0
130,23,3760.529,1,0.009688207,0
169,32,3760.84,1,0.009368919,0
85,36,3760.977,1,0.008737881,0
340,36,3760.985,1,0.006410327,0
336,40,3761.124,1,0.007311013,0
340,44,3761.283,1,0.006874262,0
171,48,3761.4,1,0.008909725,0
73,51,3761.506,1,0.008872314,0
247,51,3761.529,1,0.010173691,0
80,52,3761.54,1,0.009026120,0
137,56,3761.692,1,0.009133768,0
161,70,3762.176,1,0.055928666,0
133,70,3762.191,1,0.050882816,0
218,70,3762.201,1,0.048545901,0
63,71,3762.215,1,0.031048400,0
142,71,3762.225,1,0.051916458,0
92,72,3762.265,1,0.043184061,0
171,81,3762.57,1,0.059897162,0
119,88,3762.809,1,0.055092357,0
91,90,3762.906,1,0.033320766,0
15,91,3762.919,1,0.014286970,0
14,94,3763.029,1,0.009644080,0
66,95,3763.065,1,0.012226719,0
64,96,3763.108,1,0.013395691,0
72,101,3763.271,1,0.011915095,0
290,106,3763.452,1,0.009491355,0
325,116,3763.747,1,0.007732476,0
56,121,3763.977,1,0.009573658,0
217,125,3764.123,1,0.009520228,0
155,128,3764.221,1,0.015479824,0
219,128,3764.228,1,0.007833580,0
221,128,3764.235,1,0.007943275,0
208,137,3764.567,1,0.009202759,0
283,139,3764.617,1,0.009142027,0
9,142,3764.735,1,0.008285836,0
120,146,3764.87,1,0.010359403,0
124,147,3764.893,1,0.010649672,0
116,150,3765.005,1,0.009961392,0
55,151,3765.048,1,0.008788995,0
103,152,3765.08,1,0.009740119,0
215,152,3765.095,1,0.008977009,0
130,0,3765.158,1,0.009184619,0
319,156,3765.213,1,0.008103701,0
30,157,3765.254,1,0.008416519,0
196,158,3765.311,1,0.009881535,0
79,163,3765.456,1,0.008824920,0
127,163,3765.465,1,0.009824808,0
35,163,3765.481,1,0.008694962,0
55,164,3765.512,1,0.008818896,0
131,165,3765.541,1,0.009809169,0
54,167,3765.614,1,0.008491155,0
136,167,3765.619,1,0.009473240,0
339,170,3765.722,1,0.007559828,0
176,171,3765.747,1,0.010349924,0
29,172,3765.782,1,0.008414855,0
12,184,3766.214,1,0.013475855,0
23,189,3766.391,1,0.013581556,0
56,189,3766.391,1,0.013991550,0
224,191,3766.462,1,0.016479703,0
235,197,3766.662,1,0.012455272,0
30,203,3766.874,1,0.013429991,0
177,204,3766.924,1,0.014469507,0
222,205,3766.948,1,0.005765052,0
152,207,3767.032,1,0.009889493,0
247,210,3767.118,1,0.007918357,0
103,211,3767.158,1,0.010066002,0
283,215,3767.314,1,0.007454241,0
52,216,3767.356,1,0.008095563,0
214,227,3767.73,1,0.009122455,0
179,230,3767.832,1,0.010676524,0
247,235,3768.009,1,0.005684764,0
280,240,3768.188,1,0.006883282,0
203,249,3768.518,1,0.006578637,0
195,6,3769.47,1,0.006701790,0
110,6,3769.47,1,0.009756601,0
120,8,3769.543,1,0.010179988,0
73,10,3769.612,1,0.009700310,0
294,11,3769.659,1,0.006875656,0
191,12,3769.68,1,0.007508844,0
189,14,3769.75,1,0.007001322,0
122,14,3769.756,1,0.010081931,0
17,14,3769.766,1,0.009327788,0
120,15,3769.81,1,0.011930841,0
159,18,3769.893,1,0.009933262,0
159,70,3769.93,1,0.974721253,1
235,21,3770.011,1,0.010254107,0
151,22,3770.033,1,0.044449281,0
208,22,3770.053,1,0.010231831,0
113,23,3770.075,1,0.044413693,0
210,23,3770.09,1,0.010322340,0
220,29,3770.296,1,0.010732160,0
83,31,3770.357,1,0.045998380,0
264,32,3770.386,1,0.010662697,0
71,32,3770.398,1,0.046278872,0
18,37,3770.569,1,0.041411929,0
158,38,3770.597,1,0.049199391,0
230,39,3770.641,1,0.012292399,0
14,40,3770.669,1,0.036181509,0
106,40,3770.697,1,0.049262609,0
27,43,3770.785,1,0.040675282,0
31,48,3770.966,1,0.037933368,0
71,52,3771.09,1,0.008636425,0
27,52,3771.096,1,0.008759061,0
254,64,3771.516,1,0.009942880,0
201,64,3771.529,1,0.008612664,0
156,70,3771.573,0,0.876882255,0
307,68,3771.655,1,0.007481739,0
159,69,3771.688,1,0.965762377,1
200,69,3771.718,1,0.009148984,0
24,72,3771.796,1,0.011466936,0
47,72,3771.811,1,0.006256165,0
144,77,3771.974,1,0.010042252,0
196,87,3772.345,1,0.009134769,0
103,88,3772.363,1,0.004742167,0
76,102,3772.866,1,0.012118200,0
175,103,3772.91,1,0.010159775,0
266,104,3772.929,1,0.012077362,0
207,111,3773.17,1,0.008997890,0
15,114,3773.279,1,0.009450451,0
307,114,3773.294,1,0.008683235,0
305,117,3773.389,1,0.008824103,0
338,120,3773.494,1,0.007333052,0
289,124,3773.63,1,0.009921260,0
140,132,3773.908,1,0.012682228,0
75,134,3773.986,1,0.009730313,0
208,136,3774.054,1,0.047449227,0
34,139,3774.158,1,0.014194574,0
31,141,3774.233,1,0.014158189,0
6,142,3774.286,1,0.027707789,0
5,143,3774.312,1,0.017497471,0
134,143,3774.312,1,0.028217182,0
113,148,3774.486,1,0.018663226,0
128,150,3774.552,1,0.022315193,0
115,151,3774.586,1,0.017953360,0
275,152,3774.622,1,0.014857640,0
144,163,3775.005,1,0.010219019,0
216,164,3775.061,1,0.008235451,0
208,165,3775.082,1,0.004094736,0
14,166,3775.127,1,0.008394683,0
146,167,3775.149,1,0.010047544,0
335,168,3775.187,1,0.007622340,0
95,175,3775.428,1,0.009166980,0
40,180,3775.625,1,0.008610588,0
249,183,3775.732,1,0.008657587,0
242,198,3776.243,1,0.008604936,0
47,211,3776.705,1,0.008036646,0
155,232,3777.441,1,0.008517816,0
308,244,3777.881,1,0.006619690,0
203,4,3799.849,1,0.006442533,0
279,6,3799.922,1,0.007070805,0
115,13,3800.168,1,0.009421450,0
146,13,3800.181,1,0.009650532,0
154,69,3800.274,0,0.942169607,1
158,69,3800.432,1,0.997974455,1
267,23,3800.518,1,0.007354277,0
317,30,3800.772,1,0.007025833,0
311,32,3800.844,1,0.007133901,0
311,68,3802.109,1,0.010472362,0
119,70,3802.18,1,0.049920447,0
143,72,3802.269,1,0.052540638,0
103,85,3802.718,1,0.044463906,0
7,86,3802.744,1,0.014033061,0
284,94,3803.04,1,0.010183818,0
52,95,3803.072,1,0.010713804,0
79,97,3803.134,1,0.013110168,0
257,98,3803.174,1,0.009374289,0
44,117,3803.834,1,0.009788903,0
268,119,3803.932,1,0.010488903,0
70,123,3804.061,1,0.010013240,0
173,125,3804.12,1,0.005118367,0
328,125,3804.137,1,0.007786380,0
278,127,3804.21,1,0.010249569,0
144,136,3804.52,1,0.013232027,0
156,142,3804.72,1,0.013709528,0
85,147,3804.895,1,0.009244154,0
74,148,3804.939,1,0.009669134,0
56,151,3805.048,1,0.008804731,0
195,162,3805.428,1,0.006108913,0
191,166,3805.588,1,0.007871656,0
302,182,3806.145,1,0.011332576,0
279,188,3806.348,1,0.011389546,0
343,191,3806.447,1,0.010624320,0
56,197,3806.67,1,0.013837784,0
9,199,3806.74,1,0.013215924,0
91,200,3806.771,1,0.014126764,0
77,206,3806.989,1,0.013886809,0
16,209,3807.091,1,0.008875649,0
108,211,3807.15,1,0.008914332,0
63,231,3807.864,1,0.009041356,0
180,248,3808.468,1,0.009226521,0
177,253,3808.646,1,0.008911998,0
337,5,3809.446,1,0.006955702,0
36,8,3809.538,1,0.009583860,0
184,8,3809.544,1,0.007354235,0
320,10,3809.613,1,0.007370976,0
319,12,3809.682,1,0.007279236,0
144,14,3809.754,1,0.010020333,0
14,16,3809.841,1,0.009350747,0
127,18,3809.906,1,0.009712012,0
66,19,3809.928,1,0.007124676,0
7,20,3809.964,1,0.009478861,0
64,21,3809.997,1,0.007997586,0
51,23,3810.072,1,0.041164652,0
208,24,3810.103,1,0.010435135,0
157,32,3810.389,1,0.044715717,0
100,38,3810.597,1,0.049040403,0
191,38,3810.605,1,0.025973465,0
341,40,3810.677,1,0.009825449,0
255,46,3810.886,1,0.011989391,0
343,53,3811.13,1,0.006768779,0
96,58,3811.332,1,0.008836101,0
93,60,3811.389,1,0.008851633,0
75,63,3811.498,1,0.008566447,0
306,66,3811.596,1,0.007431081,0
159,69,3811.699,1,0.978469074,1
134,80,3812.083,1,0.025537582,0
112,84,3812.241,1,0.009854829,0
173,88,3812.362,1,0.010137764,0
10,101,3812.826,1,0.009774581,0
213,102,3812.859,1,0.008814665,0
15,102,3812.874,1,0.009469933,0
157,70,3812.932,1,0.980209589,1
55,106,3813.012,1,0.010143450,0
46,118,3813.418,1,0.009779664,0
192,132,3813.917,1,0.009703985,0
8,141,3814.232,1,0.013735529,0
319,143,3814.298,1,0.011219311,0
15,144,3814.338,1,0.013861464,0
127,148,3814.483,1,0.034927525,0
126,149,3814.515,1,0.038844775,0
79,168,3815.192,1,0.008999039,0
135,232,3817.439,1,0.008799394,0
237,240,3817.721,1,0.005352663,0
196,247,3817.974,1,0.007431668,0
157,69,3822.932,1,0.055432364,0
154,69,3833.075,0,0.969774425,1
153,70,3834.27,0,0.901390612,1
156,70,3834.985,1,0.999339163,1
156,69,3835.779,1,0.986734748,1
154,70,3836.723,0,0.990726709,1
152,69,3837.994,0,0.864889503,0
184,13,3840.175,1,0.007866165,0
54,14,3840.202,1,0.009126211,0
158,24,3840.553,1,0.009422488,0
261,26,3840.631,1,0.007489742,0
51,40,3841.128,1,0.008225444,0
47,44,3841.268,1,0.007594684,0
46,47,3841.369,1,0.009476828,0
47,56,3841.69,1,0.008729430,0
185,62,3841.893,1,0.008816428,0
272,72,3842.252,1,0.014062218,0
272,85,3842.715,1,0.019187719,0
275,88,3842.819,1,0.014430915,0
279,90,3842.885,1,0.017682116,0
136,101,3843.277,1,0.005728060,0
144,107,3843.506,1,0.006457745,0
136,108,3843.53,1,0.010598794,0
114,113,3843.722,1,0.014144108,0
136,118,3843.875,1,0.016683022,0
105,120,3843.959,1,0.012811157,0
34,126,3844.15,1,0.009214036,0
204,131,3844.331,1,0.009168964,0
328,134,3844.439,1,0.007591505,0
74,138,3844.584,1,0.009393806,0
138,242,3844.656,1,0.008184917,0
318,142,3844.724,1,0.008065561,0
75,143,3844.762,1,0.009200564,0
183,143,3844.776,1,0.008011531,0
282,144,3844.799,1,0.009817718,0
216,147,3844.9,1,0.009647223,0
271,160,3845.365,1,0.010090610,0
304,164,3845.499,1,0.008111185,0
101,168,3845.648,1,0.009111057,0
272,169,3845.696,1,0.008677782,0
321,172,3845.789,1,0.007821489,0
204,174,3845.846,1,0.008385499,0
152,188,3846.348,1,0.015702633,0
145,190,3846.426,1,0.014792883,0
29,192,3846.49,1,0.013640511,0
64,196,3846.626,1,0.013948304,0
342,198,3846.712,1,0.010601403,0
300,208,3847.047,1,0.007434341,0
116,214,3847.264,1,0.008945345,0
89,227,3847.74,1,0.010590577,0
132,232,3847.908,1,0.009004981,0
271,15,3849.786,1,0.007609030,0
315,16,3849.845,1,0.007708446,0
329,24,3850.118,1,0.009974017,0
169,29,3850.285,1,0.037063431,0
333,29,3850.293,1,0.008243634,0
186,30,3850.331,1,0.016164737,0
331,31,3850.353,1,0.008908803,0
248,32,3850.409,1,0.010706952,0
288,36,3850.536,1,0.010571695,0
98,37,3850.572,1,0.048574239,0
125,38,3850.599,1,0.049115255,0
341,44,3850.815,1,0.009848726,0
132,46,3850.887,1,0.048306797,0
58,55,3851.198,1,0.008896214,0
244,56,3851.233,1,0.010112936,0
114,56,3851.242,1,0.009011866,0
120,58,3851.308,1,0.009111871,0
19,60,3851.402,1,0.007706710,0
199,61,3851.417,1,0.008611443,0
162,64,3851.519,1,0.010672883,0
158,70,3851.728,1,0.847255945,0
313,71,3851.765,1,0.007387689,0
178,75,3851.915,1,0.009915744,0
81,84,3852.235,1,0.005247028,0
32,88,3852.362,1,0.010239063,0
14,103,3852.908,1,0.009506735,0
267,104,3852.931,1,0.012198700,0
271,108,3853.068,1,0.011507237,0
155,70,3853.25,1,0.941942692,1
73,119,3853.456,1,0.009901831,0
306,119,3853.479,1,0.008225724,0
102,121,3853.537,1,0.011989918,0
113,122,3853.561,1,0.012435686,0
152,69,3853.57,0,0.714193642,0
31,144,3854.342,1,0.014181316,0
117,152,3854.622,1,0.018186402,0
152,70,3854.792,0,0.910130680,1
88,184,3855.776,1,0.008773604,0
44,188,3855.904,1,0.008349420,0
41,236,3857.584,1,0.008247942,0
153,70,3858.123,0,0.591722906,0
155,70,3866.958,1,0.055344645,0
154,70,3872.433,1,0.894063473,0
151,70,3873.405,0,0.728951514,0
104,24,3880.565,1,0.009479743,0
24,44,3881.28,1,0.008880122,0
175,46,3881.348,1,0.009332443,0
238,56,3881.689,1,0.012219570,0
79,61,3881.888,1,0.008836790,0
51,64,3881.972,1,0.009876261,0
129,65,3882.006,1,0.049567375,0
151,66,3882.062,1,0.051941562,0
147,69,3882.171,1,0.052276492,0
154,70,3882.18,1,0.055014398,0
135,71,3882.212,1,0.051233727,0
51,71,3882.218,1,0.022947976,0
272,77,3882.434,1,0.018098602,0
125,84,3882.676,1,0.054000825,0
73,85,3882.715,1,0.025272239,0
169,93,3882.985,1,0.062634975,0
157,103,3883.359,1,0.005377855,0
122,105,3883.422,1,0.012434636,0
118,111,3883.639,1,0.015662106,0
160,112,3883.667,1,0.004981811,0
164,114,3883.738,1,0.005760164,0
118,116,3883.801,1,0.013727592,0
160,116,3883.816,1,0.004070640,0
50,117,3883.844,1,0.010134468,0
49,119,3883.915,1,0.009565921,0
341,122,3884.025,1,0.007205318,0
166,127,3884.187,1,0.012099701,0
88,131,3884.349,1,0.010648251,0
252,135,3884.473,1,0.009400145,0
126,136,3884.511,1,0.013013391,0
121,140,3884.662,1,0.011291581,0
126,143,3884.774,1,0.011391506,0
122,144,3884.792,1,0.010836415,0
6,149,3884.982,1,0.008483170,0
127,151,3885.062,1,0.010252167,0
231,157,3885.257,1,0.009551822,0
204,158,3885.282,1,0.004035593,0
61,174,3885.86,1,0.008739892,0
167,177,3885.979,1,0.010252481,0
83,200,3886.762,1,0.014057070,0
166,228,3887.756,1,0.008785829,0
112,228,3887.774,1,0.008610625,0
41,230,3887.845,1,0.007894098,0
116,232,3887.902,1,0.007420754,0
334,6,3889.497,1,0.006773981,0
163,8,3889.54,1,0.009291361,0
59,8,3889.552,1,0.009393753,0
163,12,3889.679,1,0.010588353,0
47,14,3889.754,1,0.009075259,0
226,17,3889.858,1,0.006673760,0
53,21,3890.011,1,0.040339798,0
178,22,3890.046,1,0.013892112,0
129,24,3890.102,1,0.008828896,0
129,25,3890.14,1,0.025593376,0
110,29,3890.288,1,0.044426251,0
16,30,3890.322,1,0.046672367,0
219,37,3890.561,1,0.012117117,0
54,37,3890.582,1,0.047835235,0
127,38,3890.597,1,0.065423489,0
126,39,3890.631,1,0.065321892,0
48,39,3890.645,1,0.047794919,0
173,41,3890.717,1,0.049129806,0
216,46,3890.88,1,0.019903976,0
236,47,3890.938,1,0.014827324,0
32,48,3890.946,1,0.038808648,0
76,50,3891.016,1,0.008970774,0
231,56,3891.242,1,0.009021724,0
82,57,3891.288,1,0.008893705,0
252,59,3891.364,1,0.009674213,0
187,63,3891.48,1,0.008725120,0
89,64,3891.523,1,0.008561334,0
154,69,3891.689,1,0.916963041,1
272,74,3891.882,1,0.009955924,0
259,75,3891.905,1,0.012390272,0
287,78,3892.012,1,0.018029178,0
286,78,3892.026,1,0.021175766,0
271,87,3892.336,1,0.009859861,0
5,92,3892.513,1,0.009487922,0
178,96,3892.642,1,0.010023682,0
283,124,3893.635,1,0.009811211,0
339,127,3893.764,1,0.007382139,0
149,136,3894.051,1,0.046968609,0
152,160,3894.908,1,0.025302278,0
343,172,3895.327,1,0.007702203,0
329,184,3895.752,1,0.007715985,0
75,204,3896.455,1,0.008427401,0
237,212,3896.736,1,0.006580551,0
326,217,3896.91,1,0.007456542,0
224,238,3897.655,1,0.005053027,0
162,240,3897.734,1,0.009306191,0
164,246,3897.94,1,0.009086303,0
48,248,3898.011,1,0.012806473,0
152,252,3898.147,1,0.013617890,0
255,254,3898.216,1,0.007598469,0
149,69,3906.327,0,0.583478808,0
116,7,3919.958,1,0.009455279,0
288,9,3920.029,1,0.007053472,0
229,12,3920.14,1,0.006613951,0
330,24,3920.56,1,0.007011115,0
36,25,3920.595,1,0.009232576,0
32,27,3920.668,1,0.009133889,0
40,31,3920.817,1,0.009176045,0
79,39,3921.091,1,0.008914375,0
60,45,3921.302,1,0.009131813,0
42,46,3921.337,1,0.008863008,0
148,48,3921.406,1,0.008914791,0
330,48,3921.417,1,0.006724862,0
8,54,3921.617,1,0.007270176,0
16,54,3921.636,1,0.004413366,0
227,55,3921.674,1,0.009177380,0
62,58,3921.764,1,0.008829668,0
134,60,3921.849,1,0.008847129,0
28,61,3921.884,1,0.005207893,0
21,64,3921.981,1,0.011292630,0
177,69,3922.143,1,0.052579671,0
185,69,3922.161,1,0.051215574,0
153,72,3922.265,1,0.055821959,0
312,74,3922.332,1,0.010580657,0
157,75,3922.358,1,0.058391899,0
41,77,3922.433,1,0.018443968,0
287,83,3922.645,1,0.013009452,0
120,85,3922.717,1,0.050228443,0
96,85,3922.729,1,0.046168391,0
89,86,3922.745,1,0.035721589,0
179,86,3922.759,1,0.058936179,0
241,88,3922.835,1,0.044491384,0
244,90,3922.889,1,0.044457443,0
209,92,3922.97,1,0.048086423,0
327,92,3922.978,1,0.010533613,0
187,93,3922.988,1,0.052863721,0
229,96,3923.124,1,0.009266586,0
288,99,3923.206,1,0.009663337,0
70,101,3923.281,1,0.011487403,0
181,102,3923.314,1,0.009500038,0
333,103,3923.363,1,0.007384575,0
28,106,3923.454,1,0.009545382,0
254,107,3923.503,1,0.009221570,0
143,117,3923.842,1,0.019639114,0
112,129,3924.264,1,0.012590762,0
149,70,3924.536,0,0.920188308,1
263,137,3924.549,1,0.012988712,0
176,144,3924.804,1,0.014754674,0
157,151,3925.042,1,0.012101719,0
79,158,3925.306,1,0.008975757,0
137,159,3925.32,1,0.010081118,0
117,159,3925.337,1,0.009411535,0
0,164,3925.519,1,0.008920641,0
237,167,3925.604,1,0.009966645,0
280,167,3925.625,1,0.008892696,0
67,174,3925.851,1,0.008617405,0
37,174,3925.865,1,0.008818012,0
258,181,3926.099,1,0.012149768,0
39,184,3926.214,1,0.013911710,0
119,186,3926.274,1,0.017136216,0
117,186,3926.281,1,0.017208688,0
112,188,3926.356,1,0.014242463,0
75,193,3926.522,1,0.014100808,0
147,225,3927.653,1,0.010342707,0
114,243,3928.297,1,0.009341264,0
255,246,3928.39,1,0.005604913,0
155,247,3928.426,1,0.008438589,0
83,256,3928.524,0,0.011316666,0
82,256,3928.74,1,0.032286812,0
152,69,3928.964,1,0.947004676,1
343,90,3929.084,1,0.007750544,0
247,14,3929.756,1,0.007734132,0
231,15,3929.789,1,0.007193137,0
323,18,3929.901,1,0.007301028,0
218,20,3929.964,1,0.006602561,0
326,20,3929.982,1,0.007187644,0
219,22,3930.043,1,0.010139463,0
84,256,3930.066,0,0.121128291,0
140,24,3930.104,1,0.044478342,0
140,29,3930.291,1,0.045271866,0
193,31,3930.36,1,0.013090624,0
135,31,3930.374,1,0.046071887,0
204,35,3930.507,1,0.012218372,0
273,37,3930.565,1,0.010680902,0
143,40,3930.688,1,0.049217675,0
20,45,3930.851,1,0.034648221,0
250,46,3930.876,1,0.012261852,0
343,49,3930.993,1,0.009826028,0
191,50,3931.033,1,0.008929447,0
73,51,3931.061,1,0.008712628,0
75,52,3931.095,1,0.009004471,0
26,55,3931.206,1,0.004300543,0
128,64,3931.516,1,0.009636291,0
132,70,3931.737,1,0.009160282,0
128,72,3931.799,1,0.009842953,0
247,79,3932.049,1,0.009563938,0
32,48,3932.157,1,0.008787465,0
193,84,3932.222,1,0.009205999,0
326,88,3932.364,1,0.007781968,0
130,97,3932.693,1,0.005183038,0
23,102,3932.86,1,0.009603786,0
252,103,3932.896,1,0.009600761,0
12,104,3932.933,1,0.009902542,0
89,112,3933.205,1,0.005718975,0
145,112,3933.219,1,0.011645028,0
90,113,3933.244,1,0.010348843,0
188,126,3933.71,1,0.009836871,0
95,126,3933.725,1,0.011341405,0
175,130,3933.846,1,0.006214869,0
320,135,3934.019,1,0.011137542,0
223,143,3934.3,1,0.044459552,0
172,165,3935.081,1,0.011505084,0
132,184,3935.746,1,0.009907943,0
134,187,3935.858,1,0.008893238,0
204,217,3936.921,1,0.008320152,0
206,224,3937.169,1,0.006946858,0
159,248,3938.016,1,0.014108134,0
151,70,3939.954,1,0.973730922,1
147,69,3946.755,0,0.583098054,0
151,70,3954.865,1,0.053921238,0
47,6,3959.925,1,0.009096674,0
180,7,3959.961,1,0.008340336,0
181,7,3959.971,1,0.017759424,0
50,15,3960.251,1,0.009367507,0
317,30,3960.764,1,0.006985348,0
189,32,3960.857,1,0.009825146,0
106,37,3961.027,1,0.009292998,0
263,37,3961.042,1,0.008723202,0
182,47,3961.37,1,0.009176319,0
103,52,3961.568,1,0.009338974,0
100,54,3961.618,1,0.011179348,0
97,55,3961.648,1,0.008932043,0
93,58,3961.765,1,0.009304943,0
55,59,3961.795,1,0.008778648,0
54,62,3961.896,1,0.009099752,0
83,70,3962.18,1,0.041564014,0
168,80,3962.528,1,0.059557337,0
240,88,3962.819,1,0.044501822,0
72,92,3962.961,1,0.024537651,0
176,96,3963.094,1,0.010158053,0
53,101,3963.282,1,0.006761365,0
52,102,3963.313,1,0.011703269,0
167,105,3963.411,1,0.005787968,0
305,106,3963.469,1,0.008838165,0
307,107,3963.496,1,0.008076605,0
269,108,3963.521,1,0.010984906,0
163,112,3963.662,1,0.005226652,0
191,112,3963.673,1,0.008574696,0
160,117,3963.842,1,0.006428179,0
300,118,3963.876,1,0.008585705,0
238,119,3963.918,1,0.009482510,0
84,120,3963.945,1,0.010695059,0
25,120,3963.965,1,0.009000221,0
88,122,3964.024,1,0.011332522,0
147,70,3964.059,0,0.971120417,1
112,126,3964.182,1,0.012946539,0
252,127,3964.194,1,0.009434168,0
268,128,3964.229,1,0.012641354,0
202,132,3964.382,1,0.009038157,0
268,134,3964.453,1,0.011521951,0
201,134,3964.463,1,0.008790573,0
47,135,3964.476,1,0.008790914,0
301,139,3964.616,1,0.008158405,0
40,140,3964.647,1,0.009220855,0
32,141,3964.682,1,0.008746624,0
239,150,3964.999,1,0.008718177,0
44,152,3965.065,1,0.008936704,0
48,156,3965.227,1,0.007524450,0
43,158,3965.281,1,0.009223024,0
150,70,3965.612,1,0.999557674,1
32,170,3965.71,1,0.009318104,0
149,69,3965.834,0,0.995179653,1
163,184,3966.197,1,0.016925296,0
336,190,3966.422,1,0.010660303,0
256,190,3966.436,1,0.011826370,0
107,216,3967.335,1,0.008199880,0
97,217,3967.376,1,0.008469215,0
149,235,3968.005,1,0.008015083,0
90,248,3968.457,1,0.006330331,0
89,248,3968.466,1,0.008772169,0
46,249,3968.499,1,0.008103766,0
13,250,3968.535,1,0.007791938,0
344,254,3968.674,1,0.006531661,0
249,255,3968.707,1,0.004727555,0
251,2,3969.328,1,0.006922042,0
208,11,3969.655,1,0.006461678,0
232,14,3969.763,1,0.006747772,0
202,15,3969.784,1,0.006559624,0
40,16,3969.82,1,0.009219325,0
116,16,3969.821,1,0.009574635,0
205,16,3969.828,1,0.007041169,0
204,19,3969.93,1,0.006949611,0
176,21,3969.997,1,0.009574052,0
189,27,3970.215,1,0.012319786,0
261,58,3971.317,1,0.009720500,0
271,69,3971.709,1,0.009516536,0
145,75,3971.906,1,0.084544651,0
155,78,3972.013,1,0.010433309,0
47,81,3972.136,1,0.011481286,0
53,86,3972.3,1,0.011425936,0
185,93,3972.539,1,0.009588314,0
320,100,3972.783,1,0.007901018,0
115,101,3972.829,1,0.006192447,0
68,112,3973.219,1,0.010714698,0
141,119,3973.455,1,0.017058361,0
149,70,3973.585,1,0.961167872,1
48,132,3973.913,1,0.009135870,0
150,136,3974.082,1,0.047660958,0
147,141,3974.237,1,0.039392978,0
217,144,3974.357,1,0.044477846,0
128,150,3974.576,1,0.022750869,0
176,151,3974.584,1,0.029181696,0
98,166,3975.111,1,0.009550370,0
319,176,3975.478,1,0.008102528,0
318,179,3975.583,1,0.008013608,0
336,189,3975.949,1,0.007217294,0
344,190,3975.964,1,0.007299184,0
274,229,3977.334,1,0.007008490,0
206,229,3977.347,1,0.006978689,0
24,239,3977.69,1,0.007998407,0
67,240,3977.722,1,0.008569771,0
288,248,3978.01,1,0.009923954,0
41,256,3978.289,1,0.012602329,0
150,69,3982.285,1,0.999483705,1
148,69,3983.349,0,0.997753680,1
150,70,3983.513,1,0.992679477,1
146,69,3983.849,0,0.991869450,1
147,70,3987.99,0,0.990997434,1
146,70,3992.394,0,0.995491922,1
148,70,3995.989,1,0.979868114,1
316,9,4000.033,1,0.007092340,0
183,15,4000.241,1,0.007984390,0
37,21,4000.457,1,0.008726901,0
87,48,4001.409,1,0.009184823,0
60,63,4001.943,1,0.008844896,0
71,64,4001.989,1,0.009175347,0
146,70,4002.465,0,0.590339601,0
77,79,4002.497,1,0.040508404,0
200,79,4002.507,1,0.049428958,0
37,80,4002.529,1,0.017437141,0
85,86,4002.74,1,0.029371545,0
206,88,4002.819,1,0.047952529,0
200,93,4003.004,1,0.009184038,0
207,96,4003.11,1,0.008770751,0
295,104,4003.374,1,0.008961822,0
219,104,4003.381,1,0.008108689,0
332,104,4003.388,1,0.007375224,0
221,104,4003.401,1,0.007781159,0
49,105,4003.431,1,0.009945683,0
269,107,4003.483,1,0.012254827,0
292,108,4003.528,1,0.009598540,0
332,111,4003.648,1,0.007386207,0
158,115,4003.762,1,0.006791777,0
258,117,4003.852,1,0.009215202,0
109,119,4003.921,1,0.012773425,0
36,122,4004.027,1,0.009704259,0
161,124,4004.096,1,0.010499346,0
42,128,4004.229,1,0.009317704,0
22,128,4004.241,1,0.008926313,0
216,129,4004.264,1,0.009889942,0
191,134,4004.443,1,0.009184733,0
63,135,4004.473,1,0.009272717,0
309,144,4004.789,1,0.008111661,0
63,159,4005.328,1,0.008773662,0
303,160,4005.355,1,0.009209579,0
137,168,4005.643,1,0.010068833,0
102,176,4005.927,1,0.009932310,0
198,183,4006.166,1,0.011241571,0
216,191,4006.45,1,0.013622425,0
256,191,4006.459,1,0.011790420,0
249,197,4006.676,1,0.011885569,0
254,198,4006.694,1,0.011553171,0
107,206,4006.981,1,0.013962110,0
154,213,4007.235,1,0.011189452,0
62,214,4007.262,1,0.008592221,0
175,253,4008.632,1,0.009270290,0
145,258,4008.816,1,0.007900116,0
148,70,4008.898,1,0.999806345,1
251,10,4009.627,1,0.007759619,0
147,70,4009.628,1,0.999887705,1
145,70,4009.73,0,0.969711423,1
301,14,4009.749,1,0.007695644,0
260,14,4009.754,1,0.007206441,0
53,16,4009.82,1,0.009531344,0
154,21,4010.011,1,0.044391271,0
155,28,4010.24,1,0.044519804,0
216,30,4010.319,1,0.010978749,0
20,32,4010.394,1,0.046852536,0
243,32,4010.403,1,0.010729026,0
298,35,4010.493,1,0.010458215,0
328,38,4010.598,1,0.010012872,0
297,40,4010.672,1,0.010501130,0
76,54,4011.162,1,0.009012708,0
15,54,4011.175,1,0.004369923,0
200,64,4011.521,1,0.009224192,0
175,65,4011.549,1,0.010194113,0
149,69,4011.689,1,0.989752650,1
107,71,4011.767,1,0.008879018,0
150,71,4011.777,1,0.986098170,1
118,74,4011.887,1,0.009167859,0
88,94,4012.579,1,0.011327892,0
40,96,4012.646,1,0.010164580,0
40,103,4012.892,1,0.009979414,0
237,125,4013.665,1,0.010017405,0
73,127,4013.752,1,0.009573509,0
337,133,4013.953,1,0.007473394,0
14,144,4014.336,1,0.013854804,0
64,150,4014.552,1,0.014763253,0
247,152,4014.633,1,0.022708146,0
335,157,4014.808,1,0.010647019,0
196,160,4014.918,1,0.014173618,0
193,166,4015.128,1,0.009678801,0
88,173,4015.367,1,0.009044252,0
176,177,4015.506,1,0.010112879,0
47,187,4015.862,1,0.008876449,0
94,203,4016.433,1,0.008533035,0
266,214,4016.811,1,0.007427694,0
120,229,4017.343,1,0.008136299,0
223,246,4017.945,1,0.004909513,0
215,247,4017.965,1,0.006812569,0
147,70,4022.36,1,0.052678611,0
146,70,4036.589,1,0.948647261,1
143,70,4040.131,0,0.971474886,1
274,16,4040.298,1,0.007177681,0
144,70,4040.636,0,0.982257664,1
223,31,4040.812,1,0.007883089,0
15,38,4041.053,1,0.007074238,0
21,39,4041.087,1,0.008725453,0
14,39,4041.103,1,0.008050777,0
232,46,4041.336,1,0.009861754,0
32,48,4041.405,1,0.008885366,0
232,48,4041.42,1,0.007710707,0
280,54,4041.631,1,0.008863535,0
103,56,4041.698,1,0.009290418,0
91,61,4041.885,1,0.008939332,0
116,62,4041.904,1,0.009034608,0
208,63,4041.942,1,0.009090928,0
140,67,4042.076,1,0.050314348,0
241,77,4042.443,1,0.044481628,0
324,80,4042.535,1,0.010396235,0
282,93,4042.998,1,0.016054701,0
63,93,4043.012,1,0.012106042,0
297,94,4043.024,1,0.008721541,0
103,96,4043.104,1,0.005635935,0
280,100,4043.252,1,0.010190511,0
72,101,4043.269,1,0.011667633,0
252,101,4043.274,1,0.009258426,0
240,103,4043.359,1,0.009486847,0
208,109,4043.557,1,0.008975142,0
78,118,4043.885,1,0.010303008,0
185,126,4044.157,1,0.006623670,0
166,127,4044.185,1,0.010950024,0
43,128,4044.231,1,0.008918491,0
239,135,4044.477,1,0.009368449,0
325,136,4044.508,1,0.007606917,0
80,138,4044.581,1,0.009658305,0
335,140,4044.67,1,0.007345261,0
227,141,4044.679,1,0.009541159,0
55,150,4045.022,1,0.009405962,0
8,151,4045.038,1,0.008241992,0
197,158,4045.286,1,0.007965084,0
119,163,4045.477,1,0.009277015,0
80,166,4045.569,1,0.009420658,0
112,166,4045.577,1,0.009549436,0
230,167,4045.612,1,0.011549518,0
138,173,4045.813,1,0.007514581,0
59,175,4045.897,1,0.008566709,0
135,176,4045.928,1,0.008496109,0
15,183,4046.179,1,0.013560721,0
175,186,4046.279,1,0.015472224,0
167,200,4046.776,1,0.015550136,0
94,207,4047.035,1,0.008602674,0
146,214,4047.262,1,0.008703486,0
166,234,4047.985,1,0.009331428,0
168,236,4048.046,1,0.008905805,0
326,253,4048.64,1,0.006533679,0
32,255,4048.707,1,0.008729587,0
30,255,4048.709,1,0.008395695,0
125,1,4049.293,1,0.009141090,0
83,7,4049.515,1,0.009701676,0
79,8,4049.549,1,0.009421867,0
296,10,4049.612,1,0.006956957,0
33,13,4049.715,1,0.008943828,0
126,16,4049.83,1,0.009578887,0
30,24,4050.107,1,0.043198340,0
314,27,4050.208,1,0.009536762,0
23,28,4050.243,1,0.045626841,0
318,31,4050.353,1,0.009481203,0
18,32,4050.383,1,0.046709340,0
243,38,4050.611,1,0.011486454,0
301,40,4050.666,1,0.010456981,0
144,70,4050.707,0,0.589802563,0
47,42,4050.745,1,0.047890138,0
302,45,4050.847,1,0.010473483,0
177,50,4051.045,1,0.008697634,0
18,60,4051.395,1,0.009477446,0
231,62,4051.445,1,0.009224597,0
55,64,4051.515,1,0.008567204,0
273,67,4051.623,1,0.009116596,0
242,72,4051.8,1,0.009389622,0
138,79,4052.051,1,0.005497856,0
139,80,4052.086,1,0.016445184,0
235,92,4052.503,1,0.007830753,0
237,92,4052.522,1,0.008300405,0
232,95,4052.622,1,0.008530628,0
69,112,4053.223,1,0.010576420,0
64,115,4053.327,1,0.009799040,0
279,118,4053.431,1,0.010029088,0
240,126,4053.701,1,0.009604538,0
308,134,4053.996,1,0.008053599,0
164,150,4054.55,1,0.050843053,0
167,150,4054.568,1,0.033586457,0
14,152,4054.621,1,0.013867183,0
60,158,4054.832,1,0.010611822,0
60,160,4054.912,1,0.011742769,0
255,184,4055.75,1,0.008823848,0
94,184,4055.77,1,0.008831984,0
87,185,4055.799,1,0.009023911,0
40,189,4055.935,1,0.009253943,0
87,190,4055.978,1,0.009093340,0
191,192,4056.029,1,0.008100348,0
280,199,4056.274,1,0.008119787,0
169,200,4056.314,1,0.009574956,0
344,221,4057.059,1,0.006953061,0
183,224,4057.07,1,0.009131610,0
8,255,4058.255,1,0.012273801,0
143,70,4066.679,0,0.589698374,0
142,70,4068.286,0,0.922923207,1
145,70,4073.213,1,0.898167610,0
221,10,4080.068,1,0.006333584,0
340,24,4080.575,1,0.006803194,0
201,30,4080.77,1,0.007985603,0
204,34,4080.916,1,0.008658045,0
91,40,4081.145,1,0.009059489,0
60,47,4081.373,1,0.009195370,0
134,56,4081.691,1,0.008765538,0
142,70,4081.805,0,0.979653478,1
135,68,4082.109,1,0.050349247,0
155,77,4082.451,1,0.058971923,0
228,78,4082.473,1,0.048248012,0
32,48,4082.718,1,0.039237175,0
147,87,4082.781,1,0.060083099,0
18,93,4083.004,1,0.010596569,0
17,94,4083.032,1,0.009358834,0
32,99,4083.209,1,0.009844626,0
49,99,4083.223,1,0.010142861,0
7,112,4083.677,1,0.009021839,0
69,116,4083.809,1,0.010132688,0
7,117,4083.846,1,0.009004620,0
5,118,4083.87,1,0.008780611,0
64,119,4083.909,1,0.009715787,0
333,119,4083.927,1,0.007459196,0
93,120,4083.963,1,0.011608200,0
60,127,4084.207,1,0.009549922,0
231,128,4084.235,1,0.009313131,0
26,134,4084.434,1,0.008708169,0
161,135,4084.48,1,0.014691943,0
132,138,4084.573,1,0.012597452,0
50,140,4084.644,1,0.008955280,0
199,140,4084.67,1,0.008670119,0
258,142,4084.716,1,0.010832546,0
252,155,4085.196,1,0.010116096,0
269,157,4085.248,1,0.010282632,0
148,157,4085.261,1,0.011377826,0
131,165,4085.545,1,0.009518555,0
208,174,4085.853,1,0.006451024,0
97,186,4086.278,1,0.014424643,0
192,188,4086.345,1,0.011818337,0
202,193,4086.531,1,0.010819540,0
206,196,4086.631,1,0.010854739,0
32,201,4086.809,1,0.013510746,0
87,214,4087.271,1,0.008490889,0
53,224,4087.614,1,0.008586223,0
49,226,4087.694,1,0.008305922,0
137,246,4088.389,1,0.007999751,0
176,246,4088.401,1,0.009316031,0
32,7,4089.507,1,0.009399776,0
64,11,4089.652,1,0.009543583,0
32,15,4089.792,1,0.009097116,0
6,21,4090.006,1,0.041862056,0
131,21,4090.006,1,0.044426940,0
135,24,4090.1,1,0.044474602,0
293,24,4090.105,1,0.010368652,0
112,24,4090.113,1,0.044413898,0
59,24,4090.132,1,0.041297290,0
87,28,4090.247,1,0.043378383,0
254,34,4090.462,1,0.010767854,0
119,38,4090.599,1,0.049115207,0
141,39,4090.637,1,0.049162176,0
112,40,4090.671,1,0.049289215,0
42,45,4090.846,1,0.047942776,0
145,46,4090.887,1,0.048320785,0
200,48,4090.95,1,0.048999649,0
150,52,4091.099,1,0.008997436,0
223,55,4091.208,1,0.008854955,0
52,57,4091.268,1,0.008867406,0
4,82,4092.162,1,0.009062961,0
4,84,4092.231,1,0.009529040,0
14,92,4092.51,1,0.009728605,0
16,96,4092.655,1,0.009714975,0
176,102,4092.859,1,0.009858408,0
167,104,4092.929,1,0.007477937,0
251,136,4094.061,1,0.029919704,0
160,136,4094.071,1,0.049671080,0
168,137,4094.097,1,0.044545226,0
303,159,4094.862,1,0.011784854,0
111,159,4094.873,1,0.015245864,0
85,165,4095.08,1,0.009093395,0
127,190,4095.974,1,0.008519910,0
246,213,4096.774,1,0.007658149,0
144,223,4097.124,1,0.008364807,0
194,247,4097.969,1,0.007094530,0
281,250,4098.085,1,0.009928513,0
143,70,4098.24,1,0.051601198,0
145,69,4098.375,1,0.051772919,0
140,71,4114.482,0,0.773009300,0
140,70,4114.756,0,0.952605963,1
144,69,4115.884,1,0.970746517,1
142,70,4116.237,1,0.983218849,1
235,8,4120.001,1,0.007248747,0
232,9,4120.03,1,0.006817053,0
240,15,4120.252,1,0.006864516,0
201,21,4120.458,1,0.007275489,0
173,32,4120.841,1,0.009063736,0
142,69,4121.059,0,0.984925330,1
85,39,4121.101,1,0.008887502,0
72,41,4121.156,1,0.009089022,0
141,47,4121.378,1,0.008875456,0
136,60,4121.834,1,0.008985403,0
194,62,4121.921,1,0.009043043,0
152,63,4121.936,1,0.016895037,0
64,65,4122.025,1,0.038599119,0
60,72,4122.266,1,0.034461632,0
339,74,4122.341,1,0.009900598,0
59,76,4122.404,1,0.023565289,0
304,77,4122.438,1,0.011147740,0
144,79,4122.518,1,0.056076955,0
280,85,4122.717,1,0.014908766,0
296,94,4123.028,1,0.008844350,0
120,100,4123.239,1,0.006364457,0
44,102,4123.311,1,0.009912214,0
172,104,4123.38,1,0.009855555,0
183,110,4123.59,1,0.008993283,0
336,114,4123.737,1,0.007397000,0
64,114,4123.738,1,0.010903886,0
63,117,4123.852,1,0.010460835,0
160,118,4123.88,1,0.006744370,0
70,119,4123.907,1,0.009984904,0
56,120,4123.951,1,0.010008004,0
56,122,4124.01,1,0.009624703,0
308,128,4124.248,1,0.008497789,0
152,129,4124.268,1,0.016393058,0
227,141,4124.681,1,0.006739986,0
228,142,4124.724,1,0.007289678,0
44,152,4125.066,1,0.009573582,0
185,165,4125.54,1,0.009675743,0
134,170,4125.719,1,0.009828941,0
175,171,4125.743,1,0.010555378,0
59,181,4126.111,1,0.014152933,0
36,213,4127.231,1,0.008915377,0
18,214,4127.278,1,0.008196313,0
189,227,4127.72,1,0.008701561,0
3,232,4127.9,1,0.007824532,0
119,237,4128.087,1,0.008375065,0
125,240,4128.177,1,0.008068934,0
123,246,4128.395,1,0.007922868,0
88,6,4129.475,1,0.009821060,0
51,7,4129.509,1,0.009102279,0
167,8,4129.549,1,0.009154523,0
140,70,4129.6,0,0.987868845,1
200,10,4129.63,1,0.007143155,0
194,13,4129.715,1,0.006731184,0
232,13,4129.724,1,0.006535889,0
255,16,4129.827,1,0.007594483,0
75,18,4129.92,1,0.009500006,0
297,23,4130.069,1,0.010325097,0
112,26,4130.189,1,0.044422202,0
208,29,4130.29,1,0.010950438,0
152,30,4130.316,1,0.044545937,0
337,32,4130.389,1,0.009813828,0
40,38,4130.604,1,0.047426347,0
25,38,4130.62,1,0.044436552,0
263,39,4130.645,1,0.010874524,0
178,40,4130.675,1,0.047717154,0
174,48,4130.951,1,0.048535097,0
278,48,4130.96,1,0.010865864,0
38,51,4131.057,1,0.008870584,0
220,52,4131.094,1,0.007650865,0
172,53,4131.129,1,0.009043446,0
220,54,4131.161,1,0.007571191,0
279,56,4131.244,1,0.008175393,0
139,71,4131.26,0,0.976677537,1
16,63,4131.485,1,0.012147943,0
169,66,4131.59,1,0.009018383,0
215,79,4132.048,1,0.008670352,0
120,86,4132.3,1,0.009734923,0
28,86,4132.309,1,0.010556967,0
192,88,4132.367,1,0.009011823,0
219,91,4132.473,1,0.008956783,0
284,101,4132.826,1,0.010351847,0
109,103,4132.901,1,0.012231247,0
3,104,4132.947,1,0.009116238,0
97,106,4132.999,1,0.013179000,0
253,109,4133.108,1,0.009187355,0
125,124,4133.644,1,0.013073934,0
42,127,4133.745,1,0.008939407,0
141,128,4133.779,1,0.014643675,0
55,133,4133.963,1,0.009098986,0
181,134,4133.991,1,0.005543265,0
205,145,4134.379,1,0.038528241,0
184,146,4134.406,1,0.025169324,0
231,152,4134.634,1,0.033153862,0
326,160,4134.898,1,0.010798648,0
102,165,4135.077,1,0.009291511,0
321,175,4135.44,1,0.007776466,0
141,70,4142.613,1,0.051203515,0
138,70,4149.344,0,0.989400446,1
139,70,4150.18,0,0.899876773,0
259,75,4153.776,1,0.009642396,0
142,69,4154.269,1,0.050968617,0
224,4,4159.847,1,0.006545305,0
152,21,4160.455,1,0.009693726,0
130,23,4160.527,1,0.009787073,0
38,29,4160.741,1,0.009050927,0
128,34,4160.93,1,0.009085183,0
241,47,4161.385,1,0.009881601,0
127,53,4161.585,1,0.008815458,0
18,61,4161.867,1,0.008410988,0
201,63,4161.928,1,0.008884382,0
44,68,4162.124,1,0.022604845,0
75,72,4162.256,1,0.037596375,0
251,96,4163.097,1,0.009145769,0
253,100,4163.253,1,0.009241788,0
46,101,4163.29,1,0.010046634,0
119,103,4163.345,1,0.007692723,0
265,108,4163.532,1,0.009462654,0
163,125,4164.12,1,0.006846021,0
241,125,4164.147,1,0.009555734,0
2,128,4164.242,1,0.008679591,0
216,130,4164.298,1,0.009450443,0
123,134,4164.462,1,0.012316432,0
64,135,4164.48,1,0.009458516,0
203,140,4164.65,1,0.008627314,0
180,143,4164.758,1,0.011994499,0
128,159,4165.315,1,0.009630376,0
158,163,4165.482,1,0.011259533,0
24,175,4165.881,1,0.008265193,0
2,252,4168.599,1,0.008405240,0
82,253,4168.631,1,0.010678468,0
82,254,4168.667,1,0.013413941,0
171,5,4169.438,1,0.008226028,0
128,6,4169.473,1,0.009434364,0
46,10,4169.613,1,0.009366866,0
167,13,4169.726,1,0.009734284,0
136,29,4170.281,1,0.045064438,0
343,37,4170.565,1,0.009747641,0
48,38,4170.597,1,0.047715478,0
137,70,4170.656,0,0.592229843,0
284,53,4171.148,1,0.007709231,0
62,60,4171.375,1,0.008893157,0
141,69,4171.691,1,0.994434416,1
142,71,4171.76,1,0.986036420,1
16,80,4172.08,1,0.010158537,0
300,80,4172.103,1,0.008307186,0
297,86,4172.302,1,0.008383465,0
179,88,4172.366,1,0.010117314,0
55,93,4172.543,1,0.010979562,0
280,94,4172.578,1,0.010086049,0
109,95,4172.607,1,0.005720567,0
200,100,4172.789,1,0.008795880,0
151,50,4172.935,1,0.008535731,0
93,114,4173.281,1,0.012192645,0
204,80,4173.815,1,0.008831033,0
88,134,4173.986,1,0.010091154,0
74,135,4174.024,1,0.016299862,0
104,141,4174.246,1,0.019932989,0
128,150,4174.56,1,0.023194758,0
96,166,4175.116,1,0.009261308,0
160,171,4175.299,1,0.010649045,0
13,175,4175.432,1,0.008342426,0
331,187,4175.855,1,0.007613468,0
142,189,4175.921,1,0.009033917,0
166,197,4176.216,1,0.009690288,0
159,198,4176.247,1,0.009184198,0
304,204,4176.479,1,0.007478727,0
190,246,4177.937,1,0.007900651,0
140,71,4182.477,1,0.051415764,0
136,70,4190.533,0,0.768791258,0
136,71,4190.708,0,0.439834088,0
137,70,4192.326,0,0.984970331,1
282,50,4201.481,1,0.007720284,0
98,63,4201.93,1,0.074415982,0
125,68,4202.117,1,0.049964502,0
139,70,4202.176,1,0.117575772,0
139,71,4202.231,1,0.127927005,0
291,72,4202.254,1,0.011658169,0
317,72,4202.277,1,0.010400057,0
95,79,4202.517,1,0.041037168,0
218,80,4202.542,1,0.048554722,0
254,93,4203.014,1,0.009226053,0
240,101,4203.289,1,0.009499522,0
183,107,4203.491,1,0.009157884,0
186,109,4203.561,1,0.008935323,0
181,111,4203.637,1,0.009420484,0
237,112,4203.678,1,0.009222437,0
173,113,4203.699,1,0.004844407,0
49,116,4203.805,1,0.009413407,0
173,119,4203.912,1,0.004740333,0
287,123,4204.073,1,0.009220916,0
194,127,4204.19,1,0.008838056,0
166,127,4204.198,1,0.009658491,0
199,128,4204.226,1,0.008583971,0
305,128,4204.247,1,0.007919102,0
194,130,4204.309,1,0.004177621,0
139,132,4204.369,1,0.012576946,0
303,132,4204.379,1,0.008485544,0
47,134,4204.436,1,0.008864096,0
310,134,4204.444,1,0.008041829,0
312,136,4204.516,1,0.006328346,0
219,137,4204.567,1,0.009496198,0
33,141,4204.709,1,0.008500408,0
45,152,4205.07,1,0.008698324,0
190,152,4205.08,1,0.009315697,0
298,160,4205.355,1,0.008185560,0
146,162,4205.434,1,0.010622040,0
151,165,4205.533,1,0.010714875,0
198,172,4205.788,1,0.009790887,0
54,176,4205.925,1,0.008885395,0
153,182,4206.142,1,0.017814908,0
163,184,4206.199,1,0.016872877,0
126,192,4206.502,1,0.014206329,0
136,200,4206.76,1,0.014211725,0
321,200,4206.776,1,0.010690045,0
80,204,4206.908,1,0.013973010,0
88,205,4206.944,1,0.014029320,0
80,209,4207.096,1,0.008761098,0
136,215,4207.29,1,0.008455344,0
142,216,4207.329,1,0.008501627,0
141,218,4207.399,1,0.008391623,0
138,219,4207.439,1,0.008365748,0
247,222,4207.557,1,0.006806309,0
110,225,4207.651,1,0.008538888,0
59,240,4208.195,1,0.007861633,0
104,242,4208.245,1,0.008188340,0
18,242,4208.255,1,0.007823762,0
50,4,4209.404,1,0.009649817,0
16,7,4209.512,1,0.009205515,0
151,11,4209.643,1,0.012051071,0
51,12,4209.691,1,0.009065479,0
311,14,4209.754,1,0.007010404,0
236,14,4209.761,1,0.006790858,0
290,16,4209.842,1,0.007248545,0
294,17,4209.863,1,0.007052407,0
239,21,4209.996,1,0.007283379,0
216,24,4210.114,1,0.010377672,0
134,29,4210.282,1,0.044981435,0
272,33,4210.436,1,0.010603844,0
121,36,4210.537,1,0.048314296,0
264,40,4210.675,1,0.010891000,0
111,46,4210.888,1,0.048317071,0
312,51,4211.057,1,0.007057801,0
133,63,4211.481,1,0.009526912,0
87,65,4211.55,1,0.008585197,0
253,68,4211.663,1,0.010082711,0
40,78,4212.012,1,0.012026729,0
337,80,4212.086,1,0.006532339,0
344,81,4212.117,1,0.006564968,0
153,93,4212.552,1,0.008125039,0
152,95,4212.608,1,0.010228355,0
82,96,4212.641,1,0.012972003,0
224,102,4212.875,1,0.009530651,0
227,103,4212.898,1,0.009542885,0
279,109,4213.127,1,0.009926798,0
136,70,4213.221,0,0.965113997,1
191,114,4213.304,1,0.008693355,0
15,116,4213.359,1,0.009464151,0
200,119,4213.458,1,0.009258793,0
153,120,4213.495,1,0.015543181,0
231,166,4215.116,1,0.011336038,0
232,200,4216.313,1,0.007890872,0
318,207,4216.576,1,0.007736824,0
170,208,4216.597,1,0.010529846,0
43,214,4216.809,1,0.008098593,0
40,215,4216.87,1,0.009338948,0
72,233,4217.496,1,0.008243026,0
71,239,4217.689,1,0.008409175,0
111,247,4217.972,1,0.008433062,0
138,71,4232.728,1,0.979787230,1
137,70,4233.544,1,0.975523651,1
134,70,4239.569,0,0.980871677,1
239,6,4239.94,1,0.006544512,0
311,22,4240.493,1,0.006880052,0
34,50,4241.483,1,0.008703684,0
109,52,4241.549,1,0.008962707,0
106,58,4241.783,1,0.008751236,0
46,63,4241.927,1,0.009217967,0
338,63,4241.933,1,0.006576852,0
248,63,4241.944,1,0.010616574,0
16,66,4242.05,1,0.016273987,0
91,68,4242.134,1,0.048156712,0
23,69,4242.158,1,0.017074335,0
224,70,4242.196,1,0.049381290,0
68,72,4242.259,1,0.037098795,0
198,75,4242.352,1,0.050992407,0
71,79,4242.505,1,0.032712243,0
173,80,4242.534,1,0.057966605,0
63,86,4242.739,1,0.022768946,0
72,91,4242.924,1,0.025618318,0
184,103,4243.355,1,0.009085334,0
291,109,4243.551,1,0.009264756,0
167,133,4244.401,1,0.012081898,0
146,135,4244.48,1,0.012902606,0
82,137,4244.549,1,0.009725840,0
116,140,4244.665,1,0.011502931,0
88,141,4244.69,1,0.009966645,0
228,141,4244.708,1,0.009635668,0
289,142,4244.74,1,0.009304240,0
143,144,4244.814,1,0.012278542,0
102,150,4245.009,1,0.009888265,0
127,152,4245.071,1,0.009220541,0
147,152,4245.078,1,0.012574762,0
127,154,4245.159,1,0.008443290,0
121,155,4245.181,1,0.009710962,0
175,159,4245.32,1,0.014746185,0
174,159,4245.327,1,0.011168337,0
21,160,4245.353,1,0.008505795,0
24,162,4245.428,1,0.008818183,0
32,164,4245.493,1,0.009193406,0
300,166,4245.563,1,0.008082761,0
94,167,4245.617,1,0.008834147,0
206,168,4245.643,1,0.005094921,0
110,168,4245.653,1,0.009377952,0
296,174,4245.861,1,0.008068529,0
278,175,4245.896,1,0.008462271,0
3,187,4246.316,1,0.009945021,0
96,189,4246.38,1,0.014369877,0
3,191,4246.455,1,0.010292236,0
190,207,4247.016,1,0.008891297,0
140,222,4247.539,1,0.008880202,0
143,222,4247.545,1,0.010212033,0
329,224,4247.621,1,0.007827271,0
331,226,4247.692,1,0.005358772,0
176,230,4247.824,1,0.009715264,0
201,5,4249.438,1,0.006620314,0
281,7,4249.511,1,0.006111554,0
287,8,4249.539,1,0.007532383,0
281,10,4249.612,1,0.007197835,0
286,11,4249.65,1,0.006771762,0
137,71,4249.766,1,0.916958332,1
197,21,4250.001,1,0.010515528,0
295,26,4250.178,1,0.010384358,0
291,28,4250.256,1,0.010439374,0
61,30,4250.334,1,0.044384476,0
343,35,4250.493,1,0.009727708,0
239,36,4250.537,1,0.011416611,0
24,38,4250.604,1,0.044184711,0
277,38,4250.624,1,0.010658860,0
279,39,4250.635,1,0.010651492,0
79,40,4250.667,1,0.047983177,0
236,44,4250.835,1,0.013436590,0
6,46,4250.877,1,0.025176534,0
29,51,4251.062,1,0.008521087,0
200,57,4251.291,1,0.008976351,0
24,58,4251.316,1,0.004728268,0
127,62,4251.448,1,0.008629818,0
250,63,4251.479,1,0.010815586,0
290,86,4252.292,1,0.009242684,0
140,86,4252.292,1,0.023794906,0
139,88,4252.363,1,0.019312201,0
81,90,4252.429,1,0.007715912,0
103,91,4252.482,1,0.009703989,0
47,95,4252.605,1,0.010138606,0
20,96,4252.652,1,0.010103522,0
84,102,4252.857,1,0.013261977,0
253,108,4253.087,1,0.009444404,0
195,110,4253.135,1,0.009136699,0
141,115,4253.311,1,0.015686478,0
0,133,4253.952,1,0.008452834,0
72,144,4254.345,1,0.041511334,0
71,145,4254.391,1,0.019905563,0
257,150,4254.575,1,0.020420661,0
314,159,4254.872,1,0.011301763,0
182,170,4255.262,1,0.010366425,0
135,184,4255.749,1,0.008940236,0
87,196,4256.174,1,0.008531673,0
95,197,4256.23,1,0.008719029,0
117,214,4256.818,1,0.008487161,0
102,223,4257.124,1,0.008145277,0
157,229,4257.347,1,0.008488148,0
288,237,4257.631,1,0.006719153,0
37,243,4257.853,1,0.007962964,0
186,256,4258.296,1,0.013027539,0
132,64,4262.866,1,0.049439587,0
132,71,4270.512,0,0.602033198,0
136,71,4272.63,1,0.989104807,1
136,70,4274.629,1,0.050928131,0
97,3,4279.812,1,0.009462538,0
82,16,4280.278,1,0.009622536,0
267,23,4280.523,1,0.007285724,0
47,24,4280.557,1,0.008863376,0
127,24,4280.57,1,0.009574255,0
343,32,4280.842,1,0.006609749,0
162,64,4281.971,1,0.009002425,0
214,64,4281.992,1,0.009068170,0
178,74,4282.327,1,0.053671855,0
263,78,4282.467,1,0.023480516,0
175,78,4282.474,1,0.056342732,0
30,80,4282.534,1,0.016966904,0
191,88,4282.817,1,0.050973695,0
190,90,4282.885,1,0.050932519,0
197,93,4282.989,1,0.048440933,0
238,95,4283.073,1,0.009528640,0
184,95,4283.084,1,0.009251796,0
193,96,4283.093,1,0.008581541,0
274,99,4283.222,1,0.009937530,0
80,101,4283.28,1,0.012593182,0
121,101,4283.296,1,0.006035679,0
73,102,4283.32,1,0.011433383,0
68,103,4283.359,1,0.011320167,0
81,104,4283.382,1,0.011752125,0
140,104,4283.382,1,0.005788841,0
311,107,4283.51,1,0.008112079,0
27,108,4283.52,1,0.009537743,0
87,111,4283.649,1,0.012096225,0
215,112,4283.66,1,0.009068903,0
26,112,4283.679,1,0.009440401,0
92,114,4283.728,1,0.012122476,0
287,117,4283.84,1,0.009644723,0
163,119,4283.911,1,0.005852554,0
105,119,4283.919,1,0.012427589,0
119,123,4284.058,1,0.012212664,0
123,124,4284.088,1,0.012898659,0
118,128,4284.235,1,0.013173636,0
119,130,4284.301,1,0.012521232,0
263,136,4284.528,1,0.013068424,0
272,138,4284.589,1,0.009882123,0
4,138,4284.604,1,0.008948436,0
257,141,4284.685,1,0.006219394,0
258,142,4284.732,1,0.006304558,0
274,144,4284.801,1,0.009632356,0
44,152,4285.091,1,0.009031279,0
0,159,4285.314,1,0.008186368,0
6,192,4286.483,1,0.013306233,0
161,196,4286.627,1,0.008107960,0
73,51,4286.65,1,0.047728989,0
315,197,4286.657,1,0.010819377,0
161,199,4286.734,1,0.010895306,0
292,201,4286.798,1,0.010831948,0
201,204,4286.908,1,0.010542005,0
148,216,4287.335,1,0.008678204,0
139,219,4287.437,1,0.008941690,0
121,219,4287.463,1,0.009350257,0
138,224,4287.624,1,0.008243849,0
150,230,4287.821,1,0.008781072,0
135,71,4287.936,1,0.975620568,1
209,245,4288.361,1,0.007179733,0
48,256,4288.738,1,0.008560925,0
241,5,4289.435,1,0.006906098,0
242,8,4289.54,1,0.007063775,0
236,9,4289.574,1,0.006580513,0
181,17,4289.886,1,0.008455360,0
8,21,4289.997,1,0.009199068,0
13,22,4290.04,1,0.042135518,0
55,28,4290.248,1,0.043260384,0
297,29,4290.29,1,0.010408201,0
88,31,4290.369,1,0.045668293,0
49,32,4290.386,1,0.046179321,0
95,35,4290.495,1,0.047348242,0
203,36,4290.527,1,0.012689599,0
55,38,4290.601,1,0.047748350,0
82,41,4290.715,1,0.047994018,0
231,45,4290.847,1,0.015109555,0
154,49,4290.988,1,0.017110769,0
153,50,4291.031,1,0.009005794,0
146,52,4291.095,1,0.009129290,0
147,53,4291.126,1,0.019541843,0
182,56,4291.241,1,0.008969341,0
216,59,4291.335,1,0.008982036,0
288,59,4291.348,1,0.007886181,0
60,64,4291.516,1,0.008766450,0
309,64,4291.526,1,0.007357658,0
236,71,4291.766,1,0.009472317,0
136,72,4291.801,1,0.981203020,1
134,76,4291.938,1,0.009737911,0
344,87,4292.328,1,0.006776141,0
84,94,4292.584,1,0.012667174,0
246,103,4292.899,1,0.009542196,0
99,104,4292.927,1,0.013611414,0
221,107,4293.049,1,0.009741706,0
287,110,4293.151,1,0.010484791,0
31,121,4293.53,1,0.009171156,0
40,123,4293.612,1,0.009079703,0
149,125,4293.671,1,0.016369594,0
343,127,4293.739,1,0.007291572,0
266,138,4294.127,1,0.022732764,0
218,140,4294.196,1,0.044520557,0
247,168,4295.182,1,0.010333955,0
30,211,4296.715,1,0.008519850,0
132,70,4307.299,0,0.960520387,1
121,4,4319.871,1,0.009289421,0
21,7,4319.963,1,0.008732307,0
86,12,4320.134,1,0.009412407,0
39,18,4320.363,1,0.008826014,0
271,22,4320.495,1,0.007217181,0
21,28,4320.714,1,0.008701672,0
7,31,4320.825,1,0.008492840,0
200,32,4320.84,1,0.008635336,0
123,34,4320.931,1,0.009500729,0
120,35,4320.952,1,0.009879776,0
256,39,4321.085,1,0.007933819,0
55,47,4321.374,1,0.009016686,0
319,53,4321.595,1,0.007190700,0
184,55,4321.657,1,0.009489347,0
226,55,4321.676,1,0.009428550,0
238,56,4321.682,1,0.011484831,0
104,62,4321.913,1,0.009350146,0
37,63,4321.936,1,0.003684930,0
256,72,4322.27,1,0.026165185,0
126,76,4322.407,1,0.051763464,0
165,78,4322.479,1,0.058446296,0
169,93,4322.991,1,0.060964644,0
136,94,4323.025,1,0.005588510,0
167,94,4323.032,1,0.010586444,0
140,94,4323.043,1,0.007111304,0
257,96,4323.102,1,0.009273112,0
330,100,4323.242,1,0.007352401,0
254,102,4323.307,1,0.009623104,0
284,111,4323.645,1,0.010258556,0
262,117,4323.844,1,0.009107137,0
261,120,4323.949,1,0.009239706,0
230,135,4324.477,1,0.009758081,0
257,135,4324.494,1,0.008980989,0
77,136,4324.522,1,0.009891538,0
66,141,4324.684,1,0.007822884,0
66,142,4324.733,1,0.016580462,0
191,150,4325.01,1,0.005537291,0
182,151,4325.042,1,0.012982876,0
14,151,4325.061,1,0.008349400,0
299,155,4325.186,1,0.008623403,0
141,164,4325.492,1,0.009286627,0
32,166,4325.564,1,0.009077610,0
144,167,4325.607,1,0.008303393,0
109,168,4325.64,1,0.009503220,0
28,175,4325.884,1,0.008386835,0
200,175,4325.899,1,0.010343747,0
327,177,4325.961,1,0.007926013,0
214,178,4326.006,1,0.018221660,0
261,184,4326.206,1,0.012027431,0
80,187,4326.313,1,0.014250551,0
15,193,4326.524,1,0.013439636,0
271,193,4326.544,1,0.011443458,0
263,195,4326.615,1,0.011501283,0
75,196,4326.625,1,0.010329830,0
75,200,4326.793,1,0.010373394,0
175,201,4326.803,1,0.014556405,0
146,203,4326.878,1,0.014470052,0
247,208,4327.046,1,0.008459599,0
91,214,4327.265,1,0.008468375,0
98,224,4327.616,1,0.006864711,0
98,227,4327.714,1,0.007797945,0
110,236,4328.042,1,0.008999456,0
142,244,4328.314,1,0.010850874,0
71,244,4328.335,1,0.010005860,0
217,245,4328.349,1,0.005403616,0
94,252,4328.595,1,0.040456254,0
95,253,4328.644,1,0.007545770,0
134,8,4329.54,1,0.009253598,0
122,8,4329.56,1,0.009769519,0
135,12,4329.679,1,0.009704095,0
285,15,4329.785,1,0.007427870,0
320,16,4329.833,1,0.007212198,0
55,18,4329.893,1,0.006139570,0
56,19,4329.935,1,0.014475874,0
259,22,4330.044,1,0.010432324,0
232,24,4330.112,1,0.010416667,0
23,29,4330.286,1,0.045742378,0
108,30,4330.323,1,0.024096306,0
110,31,4330.363,1,0.045066446,0
117,32,4330.387,1,0.045807600,0
24,32,4330.387,1,0.046935238,0
271,32,4330.401,1,0.010586585,0
108,34,4330.463,1,0.023768004,0
264,34,4330.463,1,0.010689083,0
266,35,4330.492,1,0.010684702,0
217,38,4330.598,1,0.012492735,0
54,45,4330.848,1,0.048148941,0
32,48,4330.951,1,0.039771236,0
182,54,4331.165,1,0.009178408,0
182,55,4331.201,1,0.015717218,0
28,59,4331.342,1,0.003783998,0
31,61,4331.418,1,0.003860199,0
315,71,4331.771,1,0.007385470,0
56,75,4331.918,1,0.004947411,0
228,79,4332.053,1,0.009350649,0
204,80,4332.08,1,0.008776918,0
333,93,4332.561,1,0.007124106,0
186,95,4332.608,1,0.009206429,0
92,114,4333.291,1,0.012405755,0
84,119,4333.463,1,0.010806805,0
133,71,4333.674,1,0.956607938,1
242,137,4334.096,1,0.036821611,0
133,138,4334.141,1,0.031918034,0
202,145,4334.379,1,0.034562021,0
91,152,4334.623,1,0.015185163,0
279,162,4334.989,1,0.013313917,0
129,70,4335.29,0,0.975993693,1
177,174,4335.406,1,0.010025607,0
110,189,4335.926,1,0.008793033,0
129,71,4336.003,0,0.991721213,1
160,199,4336.299,1,0.009678513,0
199,229,4337.357,1,0.018757019,0
198,230,4337.368,1,0.006670306,0
83,247,4337.977,1,0.008075126,0
129,71,4347.562,0,0.936553240,1
133,70,4347.71,1,0.970813155,1
129,71,4358.5,0,0.986209810,1
128,71,4358.775,0,0.988726556,1
135,3,4359.826,1,0.009306240,0
204,3,4359.839,1,0.006365836,0
191,27,4360.663,1,0.008336843,0
26,30,4360.777,1,0.008928949,0
16,56,4361.695,1,0.004674753,0
271,62,4361.903,1,0.009602253,0
338,63,4361.932,1,0.006497858,0
280,64,4361.981,1,0.008433057,0
23,68,4362.127,1,0.025428798,0
23,70,4362.194,1,0.037692595,0
282,71,4362.217,1,0.012319821,0
128,70,4362.352,0,0.603117049,0
184,77,4362.448,1,0.052976187,0
323,92,4362.965,1,0.010705039,0
10,93,4363.01,1,0.009574405,0
14,94,4363.025,1,0.009593808,0
328,95,4363.084,1,0.007363476,0
34,96,4363.099,1,0.009739139,0
185,102,4363.307,1,0.008816420,0
69,102,4363.315,1,0.011596330,0
106,107,4363.488,1,0.014883549,0
249,110,4363.587,1,0.009186482,0
42,110,4363.594,1,0.009487264,0
46,110,4363.601,1,0.009976653,0
42,120,4363.947,1,0.009285017,0
136,124,4364.094,1,0.015350984,0
39,126,4364.155,1,0.008964447,0
127,126,4364.161,1,0.012809204,0
283,126,4364.171,1,0.009674423,0
51,127,4364.201,1,0.008987756,0
97,128,4364.245,1,0.010979790,0
132,71,4364.356,1,0.994475543,1
160,132,4364.363,1,0.016551632,0
187,132,4364.369,1,0.006559839,0
143,136,4364.527,1,0.012246708,0
40,140,4364.676,1,0.008817828,0
227,141,4364.679,1,0.009535505,0
54,143,4364.758,1,0.006561569,0
75,144,4364.798,1,0.009241029,0
54,146,4364.873,1,0.007886383,0
72,149,4364.969,1,0.009258430,0
60,151,4365.034,1,0.008980089,0
131,71,4365.094,1,0.996410310,1
130,157,4365.269,1,0.009882906,0
61,160,4365.375,1,0.009186612,0
57,162,4365.426,1,0.008705576,0
18,162,4365.441,1,0.008212198,0
20,164,4365.498,1,0.007674672,0
170,168,4365.652,1,0.011201758,0
8,179,4366.029,1,0.013530500,0
102,214,4367.26,1,0.008494977,0
64,221,4367.513,1,0.008595748,0
163,222,4367.544,1,0.008476285,0
182,231,4367.854,1,0.022195976,0
181,232,4367.913,1,0.006596402,0
160,233,4367.948,1,0.009524387,0
168,237,4368.089,1,0.009069919,0
80,254,4368.673,1,0.008226137,0
200,224,4369.071,1,0.006941711,0
176,14,4369.75,1,0.005689750,0
176,15,4369.796,1,0.012449026,0
255,22,4370.04,1,0.010471907,0
159,24,4370.109,1,0.041464090,0
280,26,4370.181,1,0.010440125,0
72,35,4370.495,1,0.046562176,0
32,42,4370.738,1,0.028659452,0
65,42,4370.745,1,0.047626041,0
30,44,4370.819,1,0.020946044,0
273,45,4370.846,1,0.010895126,0
22,48,4370.969,1,0.033475902,0
20,56,4371.231,1,0.004050019,0
151,56,4371.242,1,0.008526450,0
219,63,4371.478,1,0.008604354,0
324,63,4371.484,1,0.006151213,0
324,64,4371.515,1,0.010955345,0
245,64,4371.536,1,0.009218428,0
324,68,4371.658,1,0.006972731,0
154,72,4371.799,1,0.009758547,0
86,75,4371.911,1,0.008898926,0
206,78,4372.013,1,0.008840538,0
160,79,4372.05,1,0.011289820,0
159,80,4372.088,1,0.021774735,0
242,85,4372.262,1,0.008848668,0
245,85,4372.273,1,0.008720155,0
32,48,4372.297,1,0.008712475,0
186,88,4372.372,1,0.009396778,0
270,92,4372.514,1,0.011841961,0
21,95,4372.615,1,0.009376016,0
116,96,4372.647,1,0.005487799,0
170,99,4372.748,1,0.016168173,0
169,99,4372.763,1,0.007743452,0
83,101,4372.833,1,0.012332022,0
128,107,4373.037,1,0.008158285,0
98,108,4373.084,1,0.013356141,0
86,110,4373.136,1,0.012292399,0
128,71,4373.206,0,0.956416190,1
59,116,4373.365,1,0.009959426,0
255,119,4373.459,1,0.009127189,0
47,120,4373.493,1,0.009815020,0
46,123,4373.596,1,0.009142698,0
93,126,4373.711,1,0.011060185,0
80,142,4374.294,1,0.015574967,0
130,70,4374.918,0,0.599083483,0
189,174,4375.414,1,0.009947726,0
335,188,4375.906,1,0.007739228,0
26,206,4376.534,1,0.008776002,0
146,229,4377.331,1,0.008572665,0
143,239,4377.704,1,0.008384758,0
127,71,4385.413,0,0.972007990,1
130,71,4386.118,1,0.998521745,1
129,71,4387.078,1,0.992224813,1
223,32,4391.661,1,0.008127080,0
84,253,4396.604,0,0.041805301,0
127,71,4397.184,0,0.985023737,1
237,4,4399.876,1,0.006904531,0
233,7,4399.964,1,0.006601106,0
110,22,4400.486,1,0.007593642,0
110,24,4400.579,1,0.007577980,0
330,28,4400.707,1,0.006852203,0
255,30,4400.786,1,0.007507077,0
68,32,4400.836,1,0.009159768,0
129,71,4401.175,1,0.985144854,1
121,67,4402.082,1,0.049497601,0
255,78,4402.463,1,0.034494299,0
118,83,4402.663,1,0.051510897,0
159,92,4402.959,1,0.065542191,0
336,102,4403.309,1,0.006815932,0
329,103,4403.344,1,0.007424896,0
142,104,4403.391,1,0.005644745,0
130,110,4403.586,1,0.014404225,0
207,111,4403.628,1,0.008676338,0
254,118,4403.872,1,0.009300416,0
235,120,4403.946,1,0.009160714,0
175,123,4404.053,1,0.004794057,0
87,126,4404.157,1,0.010486370,0
183,126,4404.181,1,0.005275175,0
263,135,4404.487,1,0.012823942,0
288,140,4404.658,1,0.009784195,0
40,150,4405.006,1,0.009050575,0
243,157,4405.254,1,0.011921153,0
230,167,4405.603,1,0.012861369,0
36,171,4405.743,1,0.008431487,0
35,175,4405.897,1,0.008434621,0
72,182,4406.15,1,0.014261066,0
328,185,4406.24,1,0.010722035,0
334,186,4406.269,1,0.010685235,0
130,199,4406.739,1,0.014162243,0
7,207,4407.015,1,0.006273870,0
1,208,4407.055,1,0.008076131,0
7,211,4407.154,1,0.007059549,0
244,214,4407.258,1,0.007415923,0
142,224,4407.618,1,0.009254389,0
87,229,4407.789,1,0.009357348,0
123,240,4408.175,1,0.008485627,0
278,20,4409.973,1,0.007696099,0
87,30,4410.324,1,0.044707295,0
176,31,4410.351,1,0.026588252,0
155,31,4410.379,1,0.044549584,0
223,32,4410.387,1,0.011205920,0
224,37,4410.563,1,0.012072698,0
114,38,4410.598,1,0.049117349,0
236,46,4410.88,1,0.014095949,0
238,47,4410.911,1,0.014266247,0
22,50,4411.024,1,0.008077508,0
22,52,4411.102,1,0.008157691,0
337,56,4411.236,1,0.006731139,0
344,59,4411.358,1,0.006456035,0
212,60,4411.377,1,0.008967726,0
144,68,4411.656,1,0.007781269,0
208,71,4411.766,1,0.008972823,0
148,72,4411.802,1,0.005408397,0
330,74,4411.888,1,0.006677516,0
223,76,4411.957,1,0.008792680,0
43,77,4411.986,1,0.011494726,0
113,78,4412.014,1,0.009354281,0
68,79,4412.051,1,0.004183595,0
295,81,4412.119,1,0.008215504,0
304,84,4412.229,1,0.008301202,0
201,85,4412.265,1,0.008516334,0
79,89,4412.41,1,0.006605854,0
202,90,4412.431,1,0.008769955,0
183,95,4412.613,1,0.009407979,0
121,97,4412.679,1,0.005286905,0
127,98,4412.714,1,0.005129179,0
58,101,4412.838,1,0.010863390,0
37,103,4412.896,1,0.009483796,0
227,104,4412.927,1,0.014624538,0
226,104,4412.942,1,0.016721731,0
272,107,4413.029,1,0.010933693,0
46,108,4413.065,1,0.010318998,0
280,108,4413.095,1,0.009319129,0
239,109,4413.117,1,0.007255345,0
241,111,4413.173,1,0.010598303,0
278,112,4413.216,1,0.009558479,0
43,112,4413.216,1,0.010543492,0
44,114,4413.282,1,0.009569920,0
93,118,4413.426,1,0.012027341,0
12,120,4413.496,1,0.009220537,0
32,127,4413.751,1,0.008942788,0
302,132,4413.917,1,0.008195914,0
227,133,4413.958,1,0.009890712,0
159,137,4414.098,1,0.048703715,0
131,144,4414.341,1,0.027601749,0
194,148,4414.482,1,0.022546228,0
194,160,4414.907,1,0.014272619,0
44,168,4415.186,1,0.009643980,0
32,169,4415.238,1,0.008828996,0
46,171,4415.295,1,0.008734552,0
110,186,4415.835,1,0.008777433,0
304,198,4416.249,1,0.007718096,0
236,203,4416.414,1,0.008279225,0
256,205,4416.506,1,0.008219615,0
170,222,4417.098,1,0.008876371,0
200,224,4417.176,1,0.006944206,0
285,238,4417.654,1,0.007103807,0
50,238,4417.667,1,0.008104176,0
52,240,4417.722,1,0.007447365,0
16,253,4418.192,1,0.012402426,0
129,71,4420.444,1,0.990664959,1
127,71,4433.082,1,0.989288092,1
125,72,4434.034,0,0.622041762,0
128,71,4434.345,1,0.999863386,1
129,70,4435.779,1,0.988468349,1
29,23,4440.523,1,0.008799348,0
135,24,4440.556,1,0.009394059,0
265,30,4440.771,1,0.007473843,0
336,44,4441.265,1,0.007030322,0
156,48,4441.42,1,0.009058855,0
62,55,4441.655,1,0.009173136,0
270,56,4441.691,1,0.008099585,0
230,60,4441.853,1,0.010312397,0
228,63,4441.937,1,0.010109485,0
279,64,4441.996,1,0.009143168,0
31,73,4442.304,1,0.018027108,0
107,74,4442.324,1,0.023341127,0
107,77,4442.437,1,0.023994477,0
32,84,4442.696,1,0.016826957,0
228,86,4442.755,1,0.046546582,0
166,88,4442.821,1,0.060929473,0
144,88,4442.83,1,0.059025966,0
284,91,4442.932,1,0.014205073,0
145,93,4443.009,1,0.011649122,0
138,96,4443.095,1,0.008983145,0
165,96,4443.1,1,0.010602904,0
130,97,4443.136,1,0.004848715,0
81,99,4443.203,1,0.013109452,0
162,100,4443.245,1,0.010197453,0
294,104,4443.387,1,0.009297052,0
287,105,4443.412,1,0.009994620,0
140,107,4443.488,1,0.006405111,0
150,111,4443.627,1,0.007008898,0
155,111,4443.647,1,0.005709585,0
159,118,4443.883,1,0.005706070,0
290,119,4443.912,1,0.009528757,0
223,126,4444.16,1,0.009242238,0
166,127,4444.174,1,0.007790891,0
103,142,4444.734,1,0.009871989,0
231,143,4444.768,1,0.009556790,0
186,143,4444.781,1,0.004744675,0
227,144,4444.79,1,0.009280197,0
43,148,4444.933,1,0.008745174,0
55,149,4444.964,1,0.009073022,0
45,152,4445.068,1,0.009282268,0
128,70,4445.118,1,0.970510662,1
170,156,4445.227,1,0.012722408,0
23,160,4445.351,1,0.008858115,0
172,160,4445.377,1,0.011767807,0
32,168,4445.637,1,0.009606476,0
199,176,4445.917,1,0.009935218,0
179,181,4446.099,1,0.015595948,0
96,186,4446.278,1,0.014430867,0
82,194,4446.556,1,0.014166350,0
136,200,4446.767,1,0.014231106,0
191,205,4446.953,1,0.011210170,0
63,213,4447.23,1,0.009362720,0
305,230,4447.846,1,0.007198220,0
7,237,4448.078,1,0.007971673,0
230,238,4448.105,1,0.004977785,0
200,247,4448.432,1,0.007567849,0
0,6,4449.472,1,0.009500926,0
119,7,4449.523,1,0.009508158,0
62,12,4449.681,1,0.009570445,0
152,16,4449.83,1,0.009572505,0
159,18,4449.908,1,0.010191882,0
124,72,4449.948,0,0.940766275,1
46,21,4449.995,1,0.009289199,0
44,22,4450.031,1,0.039621156,0
225,23,4450.074,1,0.010235666,0
202,29,4450.282,1,0.011097296,0
154,30,4450.316,1,0.044537667,0
223,32,4450.388,1,0.011208450,0
48,36,4450.526,1,0.047631223,0
54,38,4450.597,1,0.047727659,0
123,40,4450.668,1,0.038448930,0
144,40,4450.677,1,0.049218040,0
121,42,4450.741,1,0.030702267,0
290,48,4450.956,1,0.010588358,0
295,54,4451.161,1,0.007569325,0
288,54,4451.174,1,0.007463356,0
106,55,4451.197,1,0.009062537,0
72,56,4451.233,1,0.008925595,0
216,59,4451.336,1,0.009052180,0
132,64,4451.514,1,0.010720907,0
128,71,4451.769,1,0.979180157,1
123,78,4452.014,1,0.016069749,0
135,78,4452.031,1,0.010098626,0
68,96,4452.652,1,0.013407455,0
120,101,4452.819,1,0.006600663,0
125,101,4452.83,1,0.005806467,0
121,102,4452.854,1,0.018028043,0
48,120,4453.504,1,0.010388726,0
80,122,4453.568,1,0.010692361,0
256,123,4453.595,1,0.009759174,0
72,127,4453.741,1,0.009582876,0
263,145,4454.37,1,0.020669859,0
268,155,4454.729,1,0.011207737,0
264,159,4454.87,1,0.012548813,0
97,160,4454.902,1,0.015044933,0
27,164,4455.044,1,0.008964969,0
232,166,4455.112,1,0.010916235,0
26,166,4455.119,1,0.008790607,0
93,172,4455.33,1,0.009209649,0
204,174,4455.396,1,0.008231662,0
157,176,4455.464,1,0.011042831,0
140,180,4455.609,1,0.009904159,0
207,181,4455.653,1,0.009056085,0
206,183,4455.715,1,0.010866110,0
190,189,4455.929,1,0.009947669,0
219,192,4456.041,1,0.004681665,0
275,196,4456.195,1,0.008060589,0
248,199,4456.296,1,0.008686540,0
132,204,4456.458,1,0.011817118,0
160,215,4456.841,1,0.010303203,0
288,216,4456.893,1,0.007537129,0
112,225,4457.212,1,0.008529059,0
137,228,4457.3,1,0.008711417,0
17,230,4457.372,1,0.008304307,0
144,232,4457.455,1,0.009462029,0
8,239,4457.687,1,0.007798812,0
147,240,4457.731,1,0.008670041,0
124,71,4461.525,0,0.960755289,1
127,71,4464.209,1,0.991825581,1
127,70,4464.71,1,0.993586123,1
125,71,4470.359,1,0.050505012,0
153,2,4479.792,1,0.009842791,0
303,8,4480.001,1,0.006785222,0
292,14,4480.207,1,0.007030262,0
13,21,4480.462,1,0.008654059,0
249,32,4480.851,1,0.007521010,0
94,35,4480.941,1,0.009226276,0
12,56,4481.699,1,0.005348669,0
209,61,4481.866,1,0.008855726,0
324,62,4481.9,1,0.006901805,0
198,64,4481.979,1,0.008809364,0
122,72,4482.128,0,0.822349191,0
90,69,4482.172,1,0.047351673,0
309,70,4482.18,1,0.010575308,0
125,71,4482.211,1,0.050503090,0
96,71,4482.217,1,0.048435818,0
172,72,4482.253,1,0.054242663,0
174,73,4482.282,1,0.054162588,0
184,78,4482.485,1,0.053012311,0
266,79,4482.514,1,0.036967088,0
265,80,4482.536,1,0.034484480,0
21,82,4482.626,1,0.015975274,0
32,48,4482.734,1,0.040064491,0
156,87,4482.788,1,0.067652032,0
152,88,4482.814,1,0.061503906,0
157,88,4482.825,1,0.153956875,0
139,96,4483.107,1,0.009373792,0
258,99,4483.213,1,0.009220924,0
1,100,4483.234,1,0.009505110,0
125,106,4483.449,1,0.006609783,0
105,111,4483.629,1,0.013512258,0
37,116,4483.823,1,0.009443803,0
171,117,4483.847,1,0.004634280,0
32,118,4483.882,1,0.009290888,0
123,71,4483.923,0,0.860718906,0
159,133,4484.405,1,0.015411509,0
222,136,4484.504,1,0.007509021,0
220,136,4484.518,1,0.008081019,0
15,136,4484.518,1,0.008437692,0
52,139,4484.622,1,0.009367405,0
26,141,4484.693,1,0.008831947,0
25,143,4484.758,1,0.008534613,0
288,144,4484.793,1,0.008934909,0
292,146,4484.876,1,0.009386868,0
290,147,4484.907,1,0.009101777,0
250,155,4485.178,1,0.012139414,0
141,164,4485.49,1,0.010167302,0
332,165,4485.533,1,0.007499294,0
195,175,4485.892,1,0.008787611,0
328,176,4485.926,1,0.007583221,0
95,184,4486.21,1,0.014457516,0
119,187,4486.325,1,0.014246359,0
39,188,4486.357,1,0.013870091,0
79,212,4487.207,1,0.008851511,0
24,216,4487.328,1,0.008000057,0
23,220,4487.469,1,0.008334761,0
183,224,4487.613,1,0.009369330,0
180,229,4487.79,1,0.009153022,0
208,235,4488.01,1,0.008742631,0
109,252,4488.597,1,0.008177709,0
91,6,4489.483,1,0.009727576,0
245,14,4489.764,1,0.007701129,0
277,15,4489.796,1,0.007300196,0
13,20,4489.966,1,0.009288395,0
197,28,4490.263,1,0.011375627,0
232,30,4490.314,1,0.010835070,0
89,30,4490.333,1,0.044242270,0
231,44,4490.808,1,0.014079968,0
95,50,4491.046,1,0.008678044,0
320,51,4491.058,1,0.006842867,0
309,52,4491.112,1,0.007200596,0
45,54,4491.16,1,0.008589110,0
177,56,4491.236,1,0.008552481,0
292,60,4491.386,1,0.007736669,0
301,64,4491.524,1,0.007662756,0
314,68,4491.655,1,0.006794171,0
316,72,4491.802,1,0.007393217,0
313,77,4491.976,1,0.007705036,0
204,87,4492.341,1,0.009022117,0
78,92,4492.516,1,0.011702999,0
235,93,4492.556,1,0.009543006,0
250,104,4492.929,1,0.009413095,0
312,105,4492.965,1,0.007888091,0
314,109,4493.106,1,0.007814550,0
310,112,4493.215,1,0.008105015,0
304,115,4493.331,1,0.008185939,0
23,124,4493.631,1,0.009043966,0
151,134,4493.982,1,0.014363509,0
234,135,4494.049,1,0.044443175,0
335,136,4494.053,1,0.010577833,0
167,144,4494.343,1,0.038564917,0
33,148,4494.477,1,0.014234114,0
329,163,4495.021,1,0.007558021,0
283,184,4495.751,1,0.008302765,0
125,71,4495.811,1,0.960141540,1
255,207,4496.561,1,0.007960733,0
45,224,4497.183,1,0.008347552,0
71,228,4497.301,1,0.008335073,0
296,245,4497.925,1,0.006613619,0
128,246,4497.948,1,0.008466449,0
69,253,4498.183,1,0.012986481,0
121,72,4504.731,0,0.888493180,0
88,1,4519.767,1,0.009511109,0
215,2,4519.785,1,0.006192650,0
45,4,4519.85,1,0.009154970,0
264,8,4520.009,1,0.006958465,0
79,30,4520.779,1,0.008917395,0
181,32,4520.845,1,0.011428905,0
212,37,4521.013,1,0.008551476,0
31,38,4521.048,1,0.009464357,0
310,52,4521.548,1,0.007111765,0
50,55,4521.654,1,0.003593379,0
52,55,4521.676,1,0.006134393,0
51,56,4521.691,1,0.023396235,0
46,60,4521.831,1,0.009065998,0
91,62,4521.896,1,0.009374226,0
40,62,4521.914,1,0.008509524,0
309,66,4522.038,1,0.010487754,0
125,71,4522.213,1,0.379051089,0
124,72,4522.253,1,0.335653096,0
128,76,4522.402,1,0.040358167,0
199,77,4522.433,1,0.050157495,0
118,84,4522.688,1,0.051317565,0
103,85,4522.708,1,0.046176359,0
139,86,4522.748,1,0.056643587,0
80,108,4523.53,1,0.011697705,0
328,112,4523.663,1,0.007578859,0
143,114,4523.734,1,0.010068624,0
94,115,4523.779,1,0.012254070,0
167,117,4523.839,1,0.005426403,0
113,127,4524.208,1,0.012060664,0
223,156,4525.224,1,0.009301554,0
48,157,4525.252,1,0.008610470,0
87,164,4525.506,1,0.009222593,0
103,166,4525.573,1,0.009241509,0
92,166,4525.583,1,0.009417040,0
287,170,4525.711,1,0.008827311,0
20,181,4526.108,1,0.013709252,0
58,191,4526.471,1,0.019980095,0
59,192,4526.495,1,0.019987164,0
62,198,4526.708,1,0.013927156,0
149,227,4527.734,1,0.008457042,0
168,231,4527.859,1,0.009081598,0
265,10,4529.611,1,0.007009352,0
244,12,4529.683,1,0.006802874,0
138,14,4529.75,1,0.009598857,0
104,16,4529.826,1,0.009611672,0
267,23,4530.066,1,0.010428997,0
167,24,4530.112,1,0.024709309,0
162,29,4530.283,1,0.044513952,0
168,29,4530.293,1,0.035110865,0
235,30,4530.315,1,0.010796198,0
48,30,4530.323,1,0.044561971,0
51,32,4530.383,1,0.045571052,0
33,35,4530.49,1,0.047332555,0
198,39,4530.634,1,0.022191340,0
39,40,4530.683,1,0.047235966,0
327,45,4530.852,1,0.009988751,0
304,46,4530.886,1,0.010398559,0
310,47,4530.915,1,0.010291156,0
32,48,4530.946,1,0.040158082,0
170,48,4530.957,1,0.048363354,0
76,52,4531.101,1,0.009006786,0
128,54,4531.168,1,0.009083848,0
128,72,4531.795,1,0.738683820,0
128,92,4532.503,1,0.010142311,0
171,94,4532.575,1,0.010411448,0
136,95,4532.628,1,0.010810195,0
333,102,4532.869,1,0.007213185,0
241,104,4532.933,1,0.009638603,0
223,107,4533.034,1,0.009845779,0
243,112,4533.237,1,0.009546915,0
200,117,4533.389,1,0.009285767,0
184,126,4533.71,1,0.009816860,0
266,133,4533.952,1,0.011541313,0
182,134,4533.988,1,0.004653818,0
240,136,4534.067,1,0.039769173,0
248,138,4534.142,1,0.032583024,0
41,140,4534.2,1,0.014423898,0
247,142,4534.265,1,0.030186305,0
156,142,4534.273,1,0.042398494,0
15,144,4534.344,1,0.013910181,0
112,148,4534.49,1,0.019749263,0
68,152,4534.621,1,0.014850402,0
330,167,4535.152,1,0.007544080,0
318,168,4535.188,1,0.007794630,0
121,72,4535.516,0,0.834584832,0
64,183,4535.722,1,0.009334326,0
200,189,4535.935,1,0.009219221,0
299,195,4536.137,1,0.007936503,0
164,228,4537.328,1,0.008979193,0
243,237,4537.625,1,0.006234685,0
157,248,4538.011,1,0.014104791,0
245,249,4538.049,1,0.007594099,0
326,253,4538.185,1,0.009902378,0
193,256,4538.3,1,0.011558906,0
119,71,4543.207,0,0.925462306,1
120,72,4555.873,0,0.997110605,1
121,72,4557.115,1,0.999547184,1
96,4,4559.855,1,0.009428252,0
182,4,4559.871,1,0.007025201,0
21,7,4559.972,1,0.008667889,0
127,22,4560.487,1,0.009310919,0
69,36,4560.986,1,0.008735093,0
208,44,4561.271,1,0.006937791,0
210,46,4561.338,1,0.013923574,0
186,61,4561.86,1,0.009103514,0
222,63,4561.933,1,0.009110472,0
284,70,4562.183,1,0.012101469,0
322,70,4562.195,1,0.010187529,0
155,80,4562.534,1,0.059544105,0
256,84,4562.69,1,0.036104739,0
33,102,4563.312,1,0.009524387,0
87,102,4563.331,1,0.012626192,0
221,103,4563.346,1,0.009055179,0
131,104,4563.381,1,0.006518589,0
332,104,4563.402,1,0.007365811,0
73,104,4563.402,1,0.011646691,0
128,105,4563.41,1,0.006866954,0
8,107,4563.482,1,0.009677069,0
3,108,4563.533,1,0.009014923,0
344,109,4563.561,1,0.006972319,0
119,72,4563.666,0,0.992957830,1
25,114,4563.734,1,0.009248336,0
207,115,4563.772,1,0.008684848,0
293,116,4563.808,1,0.009219853,0
166,119,4563.911,1,0.005476360,0
119,124,4564.094,1,0.012327330,0
34,126,4564.151,1,0.009034105,0
118,127,4564.194,1,0.012791092,0
294,128,4564.238,1,0.006978742,0
292,130,4564.307,1,0.007381339,0
292,136,4564.51,1,0.009372858,0
39,137,4564.553,1,0.008715824,0
79,138,4564.59,1,0.009491508,0
164,164,4565.501,1,0.011433339,0
273,174,4565.876,1,0.008756870,0
244,179,4566.023,1,0.013568874,0
322,179,4566.038,1,0.010878638,0
222,189,4566.373,1,0.017935595,0
67,189,4566.381,1,0.014117800,0
88,198,4566.711,1,0.014161677,0
42,210,4567.137,1,0.008079735,0
41,216,4567.328,1,0.008986554,0
46,224,4567.619,1,0.008680657,0
301,226,4567.681,1,0.009498512,0
301,227,4567.734,1,0.006234420,0
149,243,4568.282,1,0.008336587,0
142,244,4568.34,1,0.012987453,0
141,245,4568.36,1,0.006888411,0
110,246,4568.408,1,0.008561738,0
13,6,4569.479,1,0.009154957,0
87,7,4569.513,1,0.009413216,0
159,8,4569.537,1,0.010256562,0
14,13,4569.738,1,0.009231630,0
65,14,4569.759,1,0.009326113,0
261,14,4569.776,1,0.007804116,0
55,15,4569.791,1,0.009036504,0
215,16,4569.821,1,0.007463021,0
249,18,4569.9,1,0.008234135,0
169,23,4570.069,1,0.021033783,0
212,23,4570.077,1,0.010330698,0
116,24,4570.104,1,0.044430632,0
159,27,4570.208,1,0.044502445,0
244,27,4570.215,1,0.010621534,0
239,30,4570.314,1,0.007392894,0
88,30,4570.334,1,0.044254076,0
160,32,4570.388,1,0.044807468,0
241,32,4570.396,1,0.008764122,0
79,34,4570.468,1,0.045612473,0
243,37,4570.57,1,0.011414377,0
113,46,4570.886,1,0.048330612,0
338,47,4570.915,1,0.009842047,0
26,48,4570.95,1,0.036642849,0
320,52,4571.098,1,0.006909905,0
130,53,4571.13,1,0.008961081,0
267,55,4571.198,1,0.008668131,0
101,60,4571.377,1,0.008749383,0
11,61,4571.408,1,0.012475464,0
216,62,4571.443,1,0.006986972,0
212,62,4571.453,1,0.006772974,0
7,63,4571.501,1,0.013090909,0
209,64,4571.531,1,0.008892376,0
125,72,4571.803,1,0.773600757,0
204,80,4572.076,1,0.008977287,0
103,82,4572.152,1,0.011366289,0
99,83,4572.214,1,0.034798380,0
32,48,4572.227,1,0.008780648,0
1,85,4572.257,1,0.009207382,0
140,100,4572.785,1,0.004601718,0
184,117,4573.388,1,0.009672318,0
120,72,4573.39,1,0.994016171,1
173,118,4573.422,1,0.004919055,0
144,119,4573.459,1,0.018340988,0
8,125,4573.675,1,0.008975736,0
341,126,4573.706,1,0.007443605,0
220,131,4573.877,1,0.010004546,0
302,133,4573.957,1,0.008435977,0
166,138,4574.154,1,0.044347376,0
62,140,4574.207,1,0.011517852,0
62,142,4574.277,1,0.014280343,0
138,142,4574.293,1,0.033032645,0
47,157,4574.806,1,0.014370532,0
231,160,4574.901,1,0.025999282,0
336,165,4575.082,1,0.007562189,0
228,166,4575.124,1,0.010051330,0
109,173,4575.363,1,0.009188978,0
70,184,4575.75,1,0.008779827,0
67,191,4575.998,1,0.009646217,0
185,220,4577.031,1,0.008131837,0
185,222,4577.089,1,0.009394133,0
177,223,4577.138,1,0.008796836,0
136,224,4577.162,1,0.008885848,0
119,72,4577.394,0,0.989734411,1
329,242,4577.818,1,0.007408850,0
72,244,4577.879,1,0.008722579,0
140,250,4578.091,1,0.013448187,0
221,254,4578.219,1,0.012709992,0
120,72,4583.722,1,0.991679966,1
119,73,4597.658,0,0.985114694,1
316,7,4599.961,1,0.006673289,0
247,16,4600.284,1,0.006976188,0
239,21,4600.45,1,0.006930331,0
290,28,4600.701,1,0.007486336,0
31,32,4600.85,1,0.008710729,0
135,34,4600.914,1,0.009115001,0
139,35,4600.949,1,0.009821733,0
144,35,4600.957,1,0.009896041,0
92,52,4601.558,1,0.009013982,0
175,55,4601.675,1,0.008850504,0
165,60,4601.835,1,0.009512833,0
155,61,4601.864,1,0.009064777,0
282,65,4602.014,1,0.011920474,0
204,71,4602.213,1,0.048883811,0
120,72,4602.248,1,0.050239943,0
127,72,4602.263,1,0.050913308,0
16,77,4602.427,1,0.016026244,0
285,81,4602.579,1,0.013285134,0
143,92,4602.965,1,0.060578801,0
138,93,4603.012,1,0.010561875,0
142,94,4603.037,1,0.010989217,0
183,97,4603.136,1,0.009098638,0
184,100,4603.246,1,0.009119038,0
122,106,4603.464,1,0.009803914,0
151,109,4603.576,1,0.006001584,0
60,110,4603.602,1,0.010362870,0
300,110,4603.616,1,0.008609469,0
266,111,4603.63,1,0.009747692,0
3,112,4603.684,1,0.008892813,0
42,114,4603.742,1,0.009549920,0
104,118,4603.872,1,0.012679745,0
74,119,4603.912,1,0.010304472,0
192,119,4603.93,1,0.008967468,0
186,120,4603.947,1,0.009046129,0
96,126,4604.151,1,0.012107257,0
185,127,4604.19,1,0.009504005,0
154,131,4604.334,1,0.016737428,0
57,141,4604.686,1,0.008943222,0
233,142,4604.723,1,0.009450639,0
54,147,4604.898,1,0.009041975,0
44,149,4604.981,1,0.009190241,0
282,160,4605.362,1,0.009274499,0
308,166,4605.569,1,0.008116033,0
105,169,4605.674,1,0.008951900,0
64,169,4605.681,1,0.008575089,0
70,171,4605.764,1,0.008572479,0
250,172,4605.788,1,0.009441425,0
79,174,4605.875,1,0.008969753,0
203,175,4605.898,1,0.007907329,0
165,181,4606.098,1,0.014231620,0
144,181,4606.098,1,0.015924636,0
166,182,4606.128,1,0.013062962,0
327,182,4606.142,1,0.010765361,0
242,187,4606.311,1,0.013126848,0
158,187,4606.33,1,0.016829191,0
237,195,4606.586,1,0.013197585,0
36,196,4606.621,1,0.009337223,0
39,199,4606.727,1,0.009125383,0
48,199,4606.735,1,0.013757834,0
184,200,4606.761,1,0.012554504,0
189,200,4606.766,1,0.011619219,0
119,200,4606.772,1,0.014057023,0
135,204,4606.909,1,0.014158049,0
158,204,4606.917,1,0.015677728,0
221,206,4606.985,1,0.005592293,0
232,210,4607.134,1,0.006912069,0
153,212,4607.214,1,0.008684167,0
222,214,4607.26,1,0.005230494,0
31,214,4607.273,1,0.007959317,0
17,216,4607.345,1,0.007935298,0
192,220,4607.479,1,0.007571280,0
64,221,4607.502,1,0.008551807,0
220,223,4607.583,1,0.003707658,0
102,224,4607.61,1,0.009868472,0
53,224,4607.639,1,0.008008515,0
100,225,4607.643,1,0.008505277,0
278,232,4607.916,1,0.007036303,0
108,243,4608.288,1,0.008340368,0
178,248,4608.458,1,0.008876648,0
13,251,4608.58,1,0.007716729,0
184,15,4609.787,1,0.007393287,0
175,16,4609.821,1,0.008639786,0
309,16,4609.839,1,0.006964801,0
55,19,4609.953,1,0.009076134,0
55,21,4610.014,1,0.039611511,0
18,22,4610.035,1,0.041296799,0
31,23,4610.069,1,0.040962007,0
117,24,4610.105,1,0.052068532,0
115,25,4610.151,1,0.044430692,0
117,26,4610.18,1,0.051649384,0
282,30,4610.346,1,0.010487122,0
126,32,4610.391,1,0.046035439,0
150,39,4610.631,1,0.049205959,0
324,39,4610.641,1,0.041527491,0
324,40,4610.667,1,0.016371228,0
119,72,4610.675,1,0.992868960,1
180,46,4610.902,1,0.049409106,0
25,47,4610.922,1,0.037134066,0
291,51,4611.061,1,0.007424052,0
153,53,4611.137,1,0.008603476,0
260,55,4611.204,1,0.009174926,0
70,56,4611.235,1,0.008954214,0
224,59,4611.365,1,0.009184074,0
55,62,4611.444,1,0.008420678,0
225,63,4611.484,1,0.008756366,0
80,68,4611.671,1,0.008864448,0
116,73,4611.695,0,0.993166625,1
79,70,4611.726,1,0.008462231,0
118,73,4611.74,0,0.998932779,1
198,71,4611.764,1,0.009213478,0
195,72,4611.797,1,0.009082990,0
259,78,4612.013,1,0.008774864,0
122,84,4612.227,1,0.010376619,0
178,87,4612.33,1,0.009740518,0
27,93,4612.559,1,0.009531858,0
31,94,4612.573,1,0.009811698,0
2,95,4612.611,1,0.009430911,0
217,103,4612.893,1,0.008728473,0
151,50,4612.901,1,0.008505510,0
53,104,4612.93,1,0.010067085,0
56,107,4613.032,1,0.010098925,0
32,48,4613.118,1,0.008899604,0
243,109,4613.126,1,0.007666314,0
76,110,4613.136,1,0.011585060,0
58,110,4613.14,1,0.010356001,0
243,111,4613.173,1,0.007508819,0
126,115,4613.32,1,0.015944608,0
329,116,4613.353,1,0.007565986,0
100,119,4613.46,1,0.012149855,0
75,122,4613.566,1,0.009982797,0
62,132,4613.916,1,0.009700746,0
136,135,4614.023,1,0.068185940,0
137,135,4614.046,1,0.045284048,0
110,136,4614.075,1,0.024474900,0
149,140,4614.195,1,0.042762008,0
187,141,4614.237,1,0.033245005,0
263,145,4614.371,1,0.021409260,0
161,170,4615.273,1,0.011627748,0
20,175,4615.439,1,0.008810176,0
108,183,4615.727,1,0.009738601,0
0,188,4615.889,1,0.008111723,0
7,188,4615.899,1,0.008146368,0
79,192,4616.037,1,0.008511842,0
224,200,4616.326,1,0.007966742,0
239,208,4616.606,1,0.007634789,0
278,216,4616.887,1,0.007590200,0
85,255,4617.795,0,0.062796392,0
115,72,4626.825,0,0.641297042,0
116,73,4630.173,0,0.645786703,0
118,72,4630.506,1,0.050068937,0
65,79,4632.92,1,0.004372189,0
165,3,4639.82,1,0.008480427,0
9,5,4639.888,1,0.008684196,0
216,5,4639.902,1,0.006422833,0
298,7,4639.962,1,0.006766882,0
278,31,4640.809,1,0.007512863,0
221,34,4640.914,1,0.008392869,0
304,62,4641.904,1,0.007785769,0
312,64,4641.988,1,0.007394462,0
46,72,4642.258,1,0.021832513,0
99,75,4642.369,1,0.046744596,0
189,88,4642.812,1,0.051054947,0
303,88,4642.824,1,0.011677546,0
300,89,4642.859,1,0.011917700,0
56,93,4643.002,1,0.012001916,0
220,95,4643.066,1,0.009249848,0
93,102,4643.325,1,0.014447472,0
157,103,4643.368,1,0.005042370,0
4,111,4643.635,1,0.010204975,0
232,111,4643.654,1,0.009519652,0
72,114,4643.744,1,0.010734392,0
7,115,4643.768,1,0.008957037,0
88,116,4643.825,1,0.012131657,0
163,124,4644.08,1,0.005729027,0
168,127,4644.207,1,0.006714814,0
335,130,4644.297,1,0.007047656,0
255,132,4644.378,1,0.008969074,0
331,134,4644.433,1,0.007571317,0
153,135,4644.471,1,0.013915002,0
216,136,4644.504,1,0.009510179,0
343,144,4644.796,1,0.007500465,0
341,147,4644.909,1,0.007650514,0
248,150,4645.011,1,0.010844029,0
295,151,4645.049,1,0.008901689,0
103,157,4645.262,1,0.009316470,0
289,167,4645.603,1,0.008791321,0
83,172,4645.801,1,0.009127181,0
89,175,4645.884,1,0.008950407,0
94,176,4645.924,1,0.008874474,0
73,188,4646.343,1,0.014187443,0
74,191,4646.471,1,0.014150704,0
31,204,4646.918,1,0.013473846,0
178,216,4647.337,1,0.009476032,0
132,220,4647.478,1,0.008794126,0
118,72,4647.658,1,0.868430316,0
145,226,4647.689,1,0.009200720,0
343,3,4649.36,1,0.006919548,0
136,4,4649.416,1,0.009354888,0
114,72,4649.576,0,0.912633419,1
117,73,4649.627,1,0.989858568,1
168,14,4649.751,1,0.009537527,0
116,18,4649.899,1,0.009671856,0
258,20,4649.986,1,0.007133655,0
98,21,4649.998,1,0.009664391,0
100,24,4650.113,1,0.044386044,0
234,31,4650.349,1,0.010978919,0
135,31,4650.355,1,0.045856103,0
35,32,4650.385,1,0.046773236,0
306,40,4650.667,1,0.010346294,0
174,40,4650.678,1,0.048209414,0
308,41,4650.709,1,0.010310179,0
249,45,4650.846,1,0.012191284,0
250,47,4650.914,1,0.012611588,0
138,48,4650.949,1,0.047939666,0
111,48,4650.964,1,0.048104372,0
135,52,4651.104,1,0.008539222,0
103,53,4651.135,1,0.008617942,0
124,59,4651.34,1,0.009056145,0
117,72,4651.345,1,0.999114931,1
300,62,4651.452,1,0.007445279,0
212,71,4651.761,1,0.008902733,0
118,73,4651.846,1,0.999490261,1
127,77,4651.98,1,0.009706995,0
204,80,4652.083,1,0.008722846,0
160,80,4652.083,1,0.010375768,0
114,73,4652.15,0,0.981672764,1
205,82,4652.152,1,0.008492772,0
126,87,4652.328,1,0.010089453,0
331,88,4652.359,1,0.007225539,0
334,94,4652.576,1,0.007147413,0
282,101,4652.82,1,0.010147017,0
297,109,4653.113,1,0.008826084,0
15,120,4653.498,1,0.009031061,0
11,122,4653.563,1,0.008929776,0
280,132,4653.918,1,0.009829879,0
97,142,4654.28,1,0.018617563,0
128,145,4654.379,1,0.013796078,0
125,148,4654.479,1,0.008813395,0
131,151,4654.585,1,0.025167186,0
8,152,4654.619,1,0.013786927,0
344,160,4654.909,1,0.010530085,0
32,161,4654.943,1,0.014121431,0
239,166,4655.118,1,0.009441167,0
115,168,4655.184,1,0.008979138,0
224,173,4655.363,1,0.010871359,0
344,176,4655.476,1,0.007403547,0
223,183,4655.732,1,0.008563139,0
114,184,4655.752,1,0.008895752,0
184,187,4655.856,1,0.009363547,0
12,198,4656.242,1,0.008168590,0
47,214,4656.806,1,0.008066869,0
204,224,4657.168,1,0.006956581,0
175,228,4657.308,1,0.009200233,0
302,256,4658.316,1,0.009841759,0
114,73,4667.837,0,0.993540108,1
113,73,4668.058,0,0.994747341,1
117,72,4669.771,1,0.989750683,1
115,73,4676.288,1,0.999838114,1
115,74,4676.621,0,0.999322295,1
238,7,4679.961,1,0.006712547,0
124,8,4680.001,1,0.009469428,0
15,23,4680.52,1,0.008648993,0
299,35,4680.952,1,0.007229467,0
113,73,4681.07,0,0.985321999,1
207,52,4681.565,1,0.009083505,0
287,67,4682.077,1,0.011681739,0
120,71,4682.218,1,0.050047733,0
106,74,4682.343,1,0.049566731,0
215,78,4682.465,1,0.048290864,0
106,79,4682.502,1,0.047413222,0
32,48,4682.66,1,0.040459432,0
140,88,4682.83,1,0.057368554,0
19,88,4682.83,1,0.015316505,0
270,89,4682.854,1,0.022385433,0
22,92,4682.955,1,0.015076853,0
283,101,4683.271,1,0.009758841,0
288,101,4683.283,1,0.009610774,0
56,101,4683.301,1,0.010528346,0
254,102,4683.304,1,0.009260779,0
54,104,4683.396,1,0.011978174,0
56,105,4683.41,1,0.008662785,0
267,110,4683.593,1,0.011168874,0
199,111,4683.634,1,0.008683859,0
2,112,4683.672,1,0.008952704,0
92,114,4683.727,1,0.013101045,0
329,116,4683.818,1,0.007577148,0
93,117,4683.834,1,0.012417598,0
87,119,4683.928,1,0.011665505,0
91,120,4683.939,1,0.012988780,0
212,120,4683.952,1,0.009274386,0
209,126,4684.173,1,0.008837153,0
16,128,4684.226,1,0.008858572,0
232,134,4684.456,1,0.009535938,0
180,135,4684.479,1,0.005025015,0
119,140,4684.646,1,0.011412356,0
167,142,4684.719,1,0.014078451,0
309,143,4684.759,1,0.007944478,0
43,149,4684.975,1,0.008713501,0
45,152,4685.079,1,0.008887453,0
176,154,4685.141,1,0.011718666,0
169,156,4685.214,1,0.012009778,0
326,160,4685.364,1,0.007356254,0
239,160,4685.373,1,0.011819690,0
131,166,4685.584,1,0.009746095,0
295,167,4685.606,1,0.008572989,0
134,168,4685.636,1,0.010047619,0
133,171,4685.758,1,0.009454068,0
49,173,4685.814,1,0.008523468,0
184,174,4685.846,1,0.009264341,0
278,179,4686.036,1,0.011959712,0
318,182,4686.145,1,0.010958719,0
36,195,4686.586,1,0.013708902,0
248,197,4686.681,1,0.011943596,0
320,206,4686.984,1,0.010659563,0
183,207,4687.02,1,0.008762377,0
192,214,4687.268,1,0.007746874,0
188,216,4687.325,1,0.008153807,0
112,73,4687.448,0,0.897979677,0
74,231,4687.878,1,0.008090075,0
69,247,4688.432,1,0.007960500,0
116,247,4688.442,1,0.008429737,0
32,48,4689.223,1,0.008898140,0
191,7,4689.515,1,0.006577957,0
32,8,4689.539,1,0.009393686,0
223,8,4689.546,1,0.006570636,0
210,8,4689.559,1,0.006538822,0
242,12,4689.687,1,0.007145447,0
205,15,4689.792,1,0.006645232,0
8,16,4689.823,1,0.009222915,0
87,26,4690.18,1,0.041851223,0
80,27,4690.211,1,0.042594198,0
10,28,4690.253,1,0.044938471,0
79,31,4690.356,1,0.044324022,0
307,32,4690.387,1,0.010278517,0
242,37,4690.572,1,0.011471397,0
121,40,4690.696,1,0.049255487,0
317,42,4690.741,1,0.010146275,0
312,43,4690.775,1,0.010236083,0
227,55,4691.203,1,0.008784152,0
7,56,4691.241,1,0.006211560,0
130,59,4691.339,1,0.009017091,0
115,73,4691.411,1,0.970238686,1
2,62,4691.451,1,0.011612834,0
296,64,4691.541,1,0.007677960,0
78,66,4691.588,1,0.008887717,0
144,69,4691.69,1,0.009242697,0
98,70,4691.73,1,0.008812374,0
149,76,4691.955,1,0.010002313,0
39,88,4692.364,1,0.010628397,0
52,91,4692.49,1,0.011753958,0
12,94,4692.573,1,0.009618528,0
208,101,4692.82,1,0.009103110,0
179,102,4692.855,1,0.009475199,0
295,110,4693.148,1,0.009108566,0
296,112,4693.218,1,0.009741434,0
143,115,4693.322,1,0.014411409,0
141,116,4693.348,1,0.015239923,0
134,116,4693.357,1,0.016929263,0
260,127,4693.737,1,0.009487066,0
47,132,4693.921,1,0.009212477,0
304,133,4693.953,1,0.008415536,0
212,142,4694.269,1,0.051420663,0
215,142,4694.287,1,0.074006386,0
170,147,4694.454,1,0.034770008,0
322,152,4694.621,1,0.011007713,0
94,158,4694.827,1,0.015078951,0
114,74,4694.858,0,0.655866027,0
184,165,4695.104,1,0.009834610,0
192,167,4695.157,1,0.010005921,0
4,168,4695.184,1,0.008967455,0
40,181,4695.642,1,0.009249787,0
43,181,4695.667,1,0.009650518,0
182,211,4696.699,1,0.009203911,0
217,221,4697.051,1,0.004212624,0
219,222,4697.09,1,0.004434373,0
157,249,4698.065,1,0.014127487,0
111,74,4711.316,0,0.941060305,1
114,72,4718.864,1,0.049812008,0
77,14,4720.207,1,0.009110318,0
173,16,4720.278,1,0.008901126,0
175,17,4720.321,1,0.008126157,0
195,19,4720.402,1,0.006988650,0
115,74,4720.614,1,0.974025309,1
223,32,4720.838,1,0.007835318,0
273,32,4720.847,1,0.007332022,0
215,39,4721.1,1,0.009605106,0
217,40,4721.128,1,0.009912429,0
170,42,4721.189,1,0.009012325,0
161,46,4721.345,1,0.008993513,0
197,71,4722.218,1,0.090977192,0
194,71,4722.228,1,0.069734409,0
116,75,4722.362,1,0.050555091,0
260,77,4722.434,1,0.026949415,0
118,80,4722.543,1,0.051879756,0
84,84,4722.672,1,0.046614055,0
123,87,4722.799,1,0.053714395,0
128,88,4722.815,1,0.055409722,0
122,91,4722.919,1,0.052485641,0
208,93,4723.006,1,0.009053082,0
290,96,4723.104,1,0.009540924,0
56,100,4723.242,1,0.010698138,0
156,102,4723.326,1,0.004862142,0
295,104,4723.377,1,0.008877331,0
263,106,4723.462,1,0.009027029,0
77,112,4723.661,1,0.011299233,0
80,117,4723.84,1,0.010929355,0
309,118,4723.874,1,0.008180281,0
99,119,4723.924,1,0.012322774,0
135,123,4724.059,1,0.014881877,0
195,127,4724.201,1,0.008557473,0
333,128,4724.221,1,0.007167140,0
323,128,4724.229,1,0.007585047,0
157,132,4724.383,1,0.015621108,0
328,134,4724.46,1,0.007579594,0
80,136,4724.523,1,0.010849932,0
247,140,4724.649,1,0.008902262,0
71,141,4724.691,1,0.009174038,0
335,144,4724.797,1,0.007374408,0
79,144,4724.81,1,0.009286109,0
151,156,4725.211,1,0.012263088,0
269,157,4725.247,1,0.009740928,0
161,159,4725.317,1,0.011809670,0
135,165,4725.537,1,0.009782860,0
159,168,4725.644,1,0.010873991,0
157,170,4725.714,1,0.009546194,0
152,174,4725.855,1,0.010222546,0
154,175,4725.899,1,0.010114378,0
330,178,4725.993,1,0.007434728,0
340,190,4726.432,1,0.010644338,0
80,197,4726.668,1,0.014114231,0
124,199,4726.758,1,0.014106045,0
116,214,4727.256,1,0.008774803,0
200,214,4727.269,1,0.007399245,0
324,222,4727.539,1,0.007257183,0
334,222,4727.565,1,0.007192290,0
125,227,4727.721,1,0.010039574,0
182,240,4728.175,1,0.009914583,0
162,243,4728.289,1,0.010596598,0
94,252,4728.595,1,0.013003093,0
224,255,4728.703,1,0.005530434,0
296,259,4728.846,1,0.006588527,0
7,7,4729.51,1,0.008710593,0
96,8,4729.543,1,0.009713076,0
72,13,4729.723,1,0.009584529,0
243,18,4729.891,1,0.007888248,0
218,18,4729.907,1,0.006637924,0
199,19,4729.933,1,0.006957105,0
239,19,4729.938,1,0.007689859,0
203,21,4730.001,1,0.010214539,0
32,23,4730.069,1,0.040617485,0
224,23,4730.069,1,0.010255052,0
151,26,4730.178,1,0.044486582,0
84,27,4730.211,1,0.042115908,0
288,28,4730.25,1,0.010413324,0
294,29,4730.283,1,0.010405976,0
150,30,4730.32,1,0.044537243,0
303,35,4730.504,1,0.010349802,0
177,38,4730.599,1,0.045795586,0
183,39,4730.631,1,0.041455526,0
128,44,4730.808,1,0.043672793,0
132,44,4730.817,1,0.036877677,0
104,45,4730.854,1,0.048523221,0
234,47,4730.923,1,0.017306143,0
36,53,4731.13,1,0.008792040,0
282,53,4731.142,1,0.007648574,0
39,54,4731.167,1,0.008696343,0
119,56,4731.244,1,0.008443885,0
76,58,4731.32,1,0.009039860,0
313,59,4731.341,1,0.007029620,0
22,63,4731.485,1,0.007363776,0
313,64,4731.511,1,0.007260945,0
316,69,4731.703,1,0.007110927,0
255,87,4732.328,1,0.008972763,0
119,88,4732.38,1,0.010462720,0
198,96,4732.664,1,0.008837759,0
191,102,4732.858,1,0.008476866,0
203,107,4733.034,1,0.008974446,0
89,111,4733.18,1,0.012004031,0
328,111,4733.18,1,0.007269736,0
336,113,4733.257,1,0.007183534,0
96,117,4733.406,1,0.012268167,0
222,120,4733.49,1,0.009661019,0
87,120,4733.502,1,0.011405745,0
45,142,4734.274,1,0.014537717,0
144,152,4734.617,1,0.030189225,0
11,182,4735.677,1,0.008171924,0
69,206,4736.525,1,0.008294139,0
113,73,4736.835,1,0.998085380,1
95,239,4737.705,1,0.008037554,0
79,255,4738.269,1,0.013077049,0
111,75,4742.985,0,0.667757094,0
111,74,4744.214,0,0.991802990,1
112,74,4746.766,1,0.998857856,1
113,74,4747.053,1,0.999884963,1
112,75,4748.069,0,0.999237299,1
110,74,4757.542,0,0.980811954,1
297,18,4760.36,1,0.006320525,0
297,21,4760.459,1,0.007154753,0
121,36,4760.98,1,0.008975718,0
80,38,4761.057,1,0.009252230,0
176,39,4761.095,1,0.009480490,0
44,44,4761.276,1,0.009085196,0
41,46,4761.346,1,0.009233165,0
161,49,4761.441,1,0.008818375,0
215,59,4761.795,1,0.008921517,0
83,256,4761.814,1,0.009238348,0
149,66,4762.044,1,0.051364034,0
164,71,4762.231,1,0.055051185,0
199,75,4762.36,1,0.050297905,0
139,94,4763.028,1,0.010498672,0
267,97,4763.132,1,0.011582341,0
107,102,4763.327,1,0.009985301,0
270,103,4763.346,1,0.011188371,0
308,105,4763.434,1,0.008197274,0
47,109,4763.558,1,0.010049071,0
230,113,4763.703,1,0.009442037,0
320,114,4763.758,1,0.007832654,0
14,126,4764.167,1,0.008871208,0
166,127,4764.189,1,0.007120986,0
225,133,4764.4,1,0.009537537,0
243,136,4764.509,1,0.009156181,0
39,136,4764.522,1,0.008836498,0
299,139,4764.628,1,0.008540090,0
165,142,4764.733,1,0.013644272,0
219,144,4764.789,1,0.009218128,0
306,144,4764.813,1,0.008662351,0
311,148,4764.946,1,0.008159231,0
314,149,4764.978,1,0.008216797,0
156,149,4764.99,1,0.013047203,0
315,159,4765.048,1,0.008194953,0
311,156,4765.241,1,0.008756900,0
288,157,4765.244,1,0.009238100,0
128,159,4765.322,1,0.009854307,0
111,160,4765.371,1,0.009907096,0
151,162,4765.437,1,0.011993031,0
146,165,4765.532,1,0.010512526,0
304,174,4765.847,1,0.008293174,0
94,175,4765.891,1,0.008693017,0
129,181,4766.098,1,0.014721722,0
136,181,4766.098,1,0.015066209,0
204,192,4766.485,1,0.011059809,0
108,194,4766.549,1,0.014151921,0
187,199,4766.739,1,0.011953549,0
206,200,4766.763,1,0.010763568,0
94,200,4766.769,1,0.014182643,0
88,206,4766.995,1,0.014038980,0
83,207,4767.026,1,0.009385663,0
81,208,4767.05,1,0.008611512,0
161,211,4767.175,1,0.009283223,0
137,212,4767.19,1,0.012412984,0
138,212,4767.199,1,0.008821535,0
57,213,4767.22,1,0.008737769,0
191,214,4767.255,1,0.007651459,0
15,222,4767.544,1,0.006973831,0
16,223,4767.574,1,0.006254920,0
269,223,4767.578,1,0.007435759,0
38,229,4767.805,1,0.008222282,0
131,232,4767.903,1,0.008158861,0
103,234,4767.965,1,0.008001132,0
208,240,4768.196,1,0.008749117,0
215,241,4768.21,1,0.005129096,0
206,242,4768.248,1,0.006400533,0
289,248,4768.459,1,0.006655892,0
182,248,4768.468,1,0.009597103,0
0,252,4768.604,1,0.008086425,0
111,74,4768.804,1,0.975653946,1
229,4,4769.402,1,0.006679597,0
99,5,4769.432,1,0.009689237,0
108,5,4769.441,1,0.009871677,0
291,12,4769.687,1,0.007419862,0
336,12,4769.688,1,0.007079579,0
179,16,4769.828,1,0.008606397,0
8,18,4769.895,1,0.009506864,0
268,22,4770.045,1,0.021656955,0
267,23,4770.069,1,0.027440123,0
338,24,4770.114,1,0.009723103,0
76,30,4770.331,1,0.043515176,0
90,31,4770.36,1,0.044622745,0
97,37,4770.569,1,0.047729988,0
6,48,4770.967,1,0.025512379,0
256,51,4771.06,1,0.009108759,0
236,52,4771.116,1,0.010197401,0
111,53,4771.125,1,0.008593501,0
65,53,4771.134,1,0.008677261,0
80,55,4771.2,1,0.009048916,0
248,60,4771.389,1,0.009081076,0
246,62,4771.461,1,0.009149897,0
156,64,4771.535,1,0.009525418,0
153,69,4771.696,1,0.010718535,0
153,75,4771.911,1,0.010757985,0
156,76,4771.967,1,0.011412969,0
204,77,4771.977,1,0.009074269,0
202,80,4772.086,1,0.009298685,0
343,90,4772.434,1,0.007096351,0
169,93,4772.545,1,0.027544439,0
168,94,4772.577,1,0.035249978,0
170,94,4772.598,1,0.024325142,0
104,99,4772.754,1,0.007734890,0
32,48,4772.835,1,0.008916088,0
67,102,4772.863,1,0.011331663,0
28,105,4772.983,1,0.010203741,0
226,107,4773.038,1,0.009961575,0
20,112,4773.209,1,0.011094979,0
279,112,4773.219,1,0.010169077,0
108,74,4773.307,0,0.978917778,1
312,120,4773.492,1,0.008146584,0
136,136,4774.061,1,0.039219815,0
182,139,4774.17,1,0.029950432,0
33,148,4774.475,1,0.014249533,0
110,148,4774.486,1,0.019588098,0
112,73,4774.629,1,0.049823169,0
21,160,4774.901,1,0.013971146,0
147,162,4774.976,1,0.024907090,0
288,197,4776.206,1,0.008358920,0
245,204,4776.452,1,0.008394414,0
24,219,4776.997,1,0.008977589,0
113,226,4777.257,1,0.008562678,0
229,232,4777.449,1,0.005882677,0
233,244,4777.862,1,0.005334143,0
110,74,4778.633,1,0.049840484,0
112,75,4783.749,1,0.986340523,1
108,75,4783.913,0,0.987195492,1
109,75,4785.691,0,0.988575995,1
112,74,4786.373,1,0.049964018,0
108,76,4792.414,0,0.979194343,1
108,75,4799.526,0,0.997006953,1
185,7,4799.979,1,0.006977269,0
145,13,4800.184,1,0.008712784,0
257,14,4800.215,1,0.006879612,0
145,21,4800.478,1,0.009530201,0
107,75,4800.5,0,0.998788059,1
223,32,4800.842,1,0.007850264,0
151,50,4801.469,1,0.008724753,0
110,76,4801.472,0,0.990364015,1
116,50,4801.481,1,0.008914673,0
38,54,4801.618,1,0.008752514,0
67,64,4801.963,1,0.008875116,0
227,69,4802.157,1,0.048950665,0
235,74,4802.324,1,0.072089776,0
236,74,4802.343,1,0.088039316,0
57,82,4802.606,1,0.020747948,0
291,84,4802.685,1,0.012479065,0
192,86,4802.758,1,0.049749143,0
50,115,4803.772,1,0.009793383,0
27,136,4804.531,1,0.008503114,0
99,142,4804.725,1,0.009827559,0
157,147,4804.921,1,0.012500343,0
164,152,4805.087,1,0.012702204,0
186,162,4805.428,1,0.010050638,0
71,166,4805.562,1,0.008927835,0
129,167,4805.6,1,0.009507045,0
83,173,4805.813,1,0.008756440,0
111,75,4805.832,1,0.996458471,1
204,174,4805.851,1,0.006863592,0
87,183,4806.17,1,0.014409765,0
163,184,4806.199,1,0.016849400,0
37,184,4806.216,1,0.025910135,0
36,185,4806.235,1,0.019686911,0
320,186,4806.298,1,0.010879459,0
186,189,4806.384,1,0.012541944,0
111,74,4806.398,1,0.998242140,1
239,190,4806.429,1,0.013424155,0
83,192,4806.481,1,0.014219116,0
128,192,4806.496,1,0.014260829,0
80,193,4806.526,1,0.014178163,0
295,194,4806.569,1,0.011140972,0
107,76,4806.605,0,0.681250393,0
51,200,4806.789,1,0.013782674,0
72,206,4806.99,1,0.013892112,0
334,207,4807.015,1,0.007412495,0
77,208,4807.048,1,0.008674804,0
56,214,4807.254,1,0.008586728,0
119,216,4807.34,1,0.009734473,0
90,230,4807.842,1,0.009587319,0
125,231,4807.854,1,0.009912865,0
89,232,4807.912,1,0.009438309,0
108,76,4808.071,0,0.992651403,1
80,256,4808.754,1,0.008866614,0
88,259,4808.858,1,0.009646667,0
140,3,4809.364,1,0.013025951,0
117,4,4809.401,1,0.009738031,0
47,4,4809.417,1,0.009589129,0
134,14,4809.751,1,0.009972312,0
143,15,4809.786,1,0.009673669,0
155,20,4809.965,1,0.009871435,0
261,21,4810.013,1,0.010370819,0
311,24,4810.102,1,0.010160187,0
308,25,4810.14,1,0.010204392,0
207,25,4810.151,1,0.010547936,0
268,26,4810.181,1,0.010473439,0
168,26,4810.201,1,0.025683930,0
185,27,4810.231,1,0.012807781,0
48,28,4810.244,1,0.042501725,0
310,30,4810.321,1,0.010217625,0
257,35,4810.499,1,0.010740820,0
15,36,4810.547,1,0.042959131,0
149,40,4810.688,1,0.049365722,0
76,47,4810.923,1,0.047079366,0
234,48,4810.952,1,0.071474276,0
235,48,4810.964,1,0.083003215,0
257,51,4811.079,1,0.008712887,0
256,52,4811.099,1,0.010833599,0
319,54,4811.178,1,0.006996274,0
48,58,4811.305,1,0.008748985,0
99,61,4811.409,1,0.008646561,0
119,67,4811.626,1,0.009368021,0
66,69,4811.698,1,0.008799640,0
91,70,4811.727,1,0.008613996,0
201,78,4812.011,1,0.008603993,0
305,88,4812.365,1,0.008079208,0
1,90,4812.432,1,0.008139051,0
3,92,4812.513,1,0.007144263,0
191,93,4812.543,1,0.008678467,0
117,107,4813.034,1,0.013248998,0
94,122,4813.572,1,0.012000994,0
112,142,4814.269,1,0.022374729,0
48,147,4814.446,1,0.031549796,0
47,148,4814.482,1,0.019992854,0
51,150,4814.549,1,0.044506043,0
151,154,4814.689,1,0.029306045,0
278,157,4814.795,1,0.014036988,0
279,159,4814.887,1,0.013900471,0
316,172,4815.34,1,0.007712751,0
320,176,4815.475,1,0.007679820,0
65,180,4815.605,1,0.008556162,0
328,184,4815.747,1,0.007561706,0
108,76,4816.789,0,0.983932972,1
108,213,4816.789,1,0.008722134,0
237,218,4816.953,1,0.006486671,0
6,222,4817.1,1,0.008240317,0
107,76,4818.077,0,0.850623727,0
109,75,4818.601,1,0.049918137,0
106,75,4819.411,0,0.890159607,0
110,75,4822.828,1,0.049979370,0
106,76,4824.671,0,0.873358667,0
109,75,4831.403,1,0.995395601,1
6,3,4839.822,1,0.008913186,0
103,29,4840.743,1,0.009484441,0
166,48,4841.416,1,0.008908444,0
167,53,4841.599,1,0.008955178,0
176,66,4842.045,1,0.050740302,0
177,70,4842.187,1,0.051630180,0
168,70,4842.192,1,0.053440090,0
109,73,4842.284,1,0.049609624,0
110,76,4842.397,1,0.050186113,0
105,76,4842.563,0,0.684841990,0
197,83,4842.643,1,0.049088348,0
47,95,4843.061,1,0.010539608,0
161,95,4843.066,1,0.010405971,0
123,101,4843.289,1,0.006042253,0
139,102,4843.312,1,0.005005957,0
248,103,4843.352,1,0.009484553,0
269,107,4843.483,1,0.011858634,0
167,110,4843.603,1,0.005280687,0
163,111,4843.627,1,0.005108783,0
309,112,4843.662,1,0.008253702,0
173,112,4843.671,1,0.009329723,0
23,118,4843.881,1,0.009104960,0
291,119,4843.909,1,0.009312524,0
84,120,4843.943,1,0.011036318,0
82,126,4844.153,1,0.010385295,0
303,126,4844.164,1,0.008388874,0
160,127,4844.214,1,0.014420264,0
256,129,4844.286,1,0.009432118,0
186,144,4844.8,1,0.004396596,0
105,156,4845.227,1,0.009693282,0
108,157,4845.268,1,0.009365822,0
84,160,4845.373,1,0.009479452,0
177,169,4845.691,1,0.010325093,0
218,172,4845.786,1,0.008140283,0
93,175,4845.883,1,0.009038613,0
310,181,4846.106,1,0.011190239,0
319,183,4846.17,1,0.010922406,0
254,183,4846.171,1,0.012504329,0
95,198,4846.698,1,0.014207170,0
54,199,4846.737,1,0.013838019,0
103,206,4846.972,1,0.013981582,0
112,207,4847.01,1,0.008800928,0
292,208,4847.047,1,0.007645965,0
109,75,4847.625,1,0.999193370,1
118,231,4847.86,1,0.008614244,0
73,237,4848.084,1,0.007921499,0
104,239,4848.14,1,0.008516809,0
148,240,4848.181,1,0.008791653,0
108,77,4848.346,0,0.990502357,1
31,259,4848.841,1,0.007733779,0
294,5,4849.447,1,0.006669908,0
194,6,4849.476,1,0.006320588,0
89,8,4849.544,1,0.009663373,0
280,12,4849.693,1,0.006962503,0
332,14,4849.75,1,0.006788819,0
191,21,4850.002,1,0.010842280,0
142,32,4850.398,1,0.046030227,0
242,37,4850.565,1,0.011477747,0
150,44,4850.811,1,0.048487898,0
120,48,4850.961,1,0.047953237,0
46,53,4851.132,1,0.008929650,0
122,54,4851.162,1,0.008998563,0
107,77,4851.227,0,0.998380423,1
56,63,4851.488,1,0.008731366,0
309,66,4851.602,1,0.007343396,0
314,68,4851.656,1,0.007109382,0
249,69,4851.693,1,0.007248789,0
248,70,4851.727,1,0.013534237,0
55,70,4851.755,1,0.009072836,0
212,71,4851.761,1,0.008873309,0
157,72,4851.8,1,0.009619200,0
118,95,4852.631,1,0.005017621,0
279,104,4852.927,1,0.009478278,0
47,106,4853.003,1,0.009873048,0
52,107,4853.047,1,0.009985959,0
289,109,4853.101,1,0.009860298,0
141,119,4853.46,1,0.017721368,0
203,121,4853.524,1,0.008995187,0
144,132,4853.92,1,0.014039073,0
207,133,4853.95,1,0.009036154,0
149,134,4853.983,1,0.014405154,0
55,134,4853.993,1,0.009278926,0
192,140,4854.219,1,0.036544595,0
298,150,4854.556,1,0.012106806,0
108,76,4854.7,1,0.989013195,1
95,175,4855.429,1,0.009325387,0
106,77,4855.873,0,0.995512545,1
154,190,4855.96,1,0.018378049,0
155,190,4855.989,1,0.007997945,0
301,208,4856.601,1,0.007500859,0
316,208,4856.619,1,0.007716949,0
307,211,4856.71,1,0.007434074,0
133,213,4856.793,1,0.008729698,0
225,219,4856.991,1,0.005388346,0
200,224,4857.182,1,0.006879629,0
48,226,4857.245,1,0.009198220,0
201,232,4857.444,1,0.006885903,0
318,235,4857.554,1,0.006909875,0
338,240,4857.731,1,0.006862829,0
105,76,4857.79,0,0.988018155,1
135,243,4857.852,1,0.008531475,0
303,254,4858.23,1,0.009878419,0
107,77,4860.96,0,0.995972812,1
108,75,4865.431,1,0.998597205,1
105,77,4866.627,0,0.690829933,0
106,77,4868.232,0,0.994588137,1
105,77,4878.064,0,0.664476752,0
107,75,4879.182,1,0.999083400,1
106,75,4879.685,1,0.999842167,1
63,27,4880.667,1,0.008746029,0
58,30,4880.77,1,0.009101902,0
267,32,4880.855,1,0.007373929,0
145,38,4881.051,1,0.009049810,0
108,77,4881.605,1,0.998946846,1
216,59,4881.79,1,0.009173479,0
127,59,4881.8,1,0.008863062,0
15,62,4881.896,1,0.009662288,0
108,76,4882.201,1,0.999899864,1
311,71,4882.219,1,0.010549812,0
78,78,4882.466,1,0.039285287,0
118,90,4882.89,1,0.050785426,0
334,92,4882.962,1,0.010352301,0
122,108,4883.532,1,0.015227735,0
126,109,4883.565,1,0.013017972,0
239,112,4883.664,1,0.009400194,0
92,114,4883.727,1,0.012252824,0
15,117,4883.84,1,0.009248524,0
107,77,4884.237,1,0.998435080,1
167,128,4884.245,1,0.005686831,0
48,132,4884.382,1,0.009512277,0
207,134,4884.436,1,0.008771381,0
339,135,4884.485,1,0.007241164,0
227,141,4884.684,1,0.007520401,0
288,143,4884.763,1,0.009809441,0
169,144,4884.787,1,0.013843396,0
227,144,4884.803,1,0.007121716,0
307,148,4884.936,1,0.008150391,0
131,152,4885.08,1,0.006546549,0
132,153,4885.105,1,0.016146911,0
40,170,4885.711,1,0.008855349,0
36,173,4885.81,1,0.008383310,0
138,173,4885.821,1,0.009502098,0
136,174,4885.86,1,0.009873593,0
163,178,4886.0,1,0.018273959,0
105,76,4886.006,1,0.049761452,0
43,186,4886.277,1,0.013965162,0
167,195,4886.589,1,0.015494969,0
83,199,4886.732,1,0.014115749,0
24,204,4886.933,1,0.013411095,0
95,205,4886.945,1,0.014076970,0
188,216,4887.333,1,0.008239561,0
317,5,4889.441,1,0.006777406,0
107,7,4889.509,1,0.009548331,0
50,12,4889.709,1,0.009447635,0
295,14,4889.75,1,0.007645980,0
63,16,4889.824,1,0.009451773,0
269,21,4890.0,1,0.010358294,0
266,22,4890.04,1,0.010384629,0
55,23,4890.075,1,0.039833661,0
127,25,4890.142,1,0.044480097,0
134,25,4890.16,1,0.044483762,0
203,31,4890.352,1,0.011356696,0
207,32,4890.386,1,0.011489830,0
130,36,4890.53,1,0.048012149,0
191,39,4890.632,1,0.024778422,0
310,40,4890.672,1,0.010249700,0
32,40,4890.672,1,0.046835016,0
32,48,4890.678,1,0.040942952,0
248,45,4890.847,1,0.012267542,0
84,46,4890.886,1,0.047237799,0
310,48,4890.948,1,0.010257738,0
168,48,4890.972,1,0.048325434,0
133,54,4891.162,1,0.008537979,0
311,54,4891.167,1,0.007240382,0
207,56,4891.237,1,0.008851642,0
126,62,4891.45,1,0.008845477,0
163,63,4891.488,1,0.009083719,0
273,64,4891.519,1,0.008754462,0
271,71,4891.775,1,0.009728852,0
143,79,4892.043,1,0.014553403,0
179,80,4892.079,1,0.009484315,0
122,80,4892.087,1,0.009928917,0
275,85,4892.257,1,0.009618524,0
43,92,4892.505,1,0.010521268,0
185,93,4892.557,1,0.009106492,0
70,94,4892.586,1,0.012686995,0
73,95,4892.628,1,0.012320968,0
106,77,4893.215,1,0.999899507,1
233,112,4893.221,1,0.010108669,0
69,128,4893.777,1,0.009774908,0
104,77,4893.832,0,0.996254206,1
71,134,4893.987,1,0.009900434,0
261,138,4894.131,1,0.026485926,0
176,139,4894.161,1,0.033911612,0
152,152,4894.636,1,0.030616866,0
311,157,4894.823,1,0.011434896,0
34,160,4894.905,1,0.014172986,0
37,167,4895.146,1,0.009451902,0
89,183,4895.713,1,0.009128358,0
287,240,4897.736,1,0.007355513,0
8,246,4897.949,1,0.008442784,0
103,77,4902.701,0,0.963953853,1
104,78,4903.014,0,0.979567885,1
103,78,4912.015,0,0.991737902,1
97,71,4912.477,1,0.024900105,0
102,77,4912.479,0,0.987640202,1
106,77,4915.975,1,0.999933958,1
106,76,4916.366,1,0.999974966,1
161,14,4920.221,1,0.009784028,0
172,26,4920.633,1,0.010201854,0
50,29,4920.743,1,0.009212381,0
276,31,4920.814,1,0.008109597,0
279,32,4920.847,1,0.007503334,0
306,60,4921.831,1,0.007379243,0
280,67,4922.086,1,0.012249956,0
158,69,4922.145,1,0.054174520,0
67,71,4922.223,1,0.037036654,0
189,88,4922.823,1,0.050234515,0
15,91,4922.926,1,0.014569189,0
26,91,4922.926,1,0.015801653,0
7,93,4923.001,1,0.009487814,0
186,95,4923.068,1,0.009034326,0
223,100,4923.264,1,0.009171589,0
205,104,4923.381,1,0.008810301,0
208,111,4923.631,1,0.009045146,0
162,121,4923.987,1,0.005832037,0
344,124,4924.105,1,0.007179016,0
62,125,4924.126,1,0.009545160,0
55,126,4924.159,1,0.009194837,0
124,133,4924.402,1,0.013052762,0
101,136,4924.511,1,0.010049266,0
228,137,4924.539,1,0.009683934,0
101,140,4924.651,1,0.007883193,0
223,142,4924.723,1,0.009508405,0
48,151,4925.042,1,0.008697407,0
44,152,4925.082,1,0.009085925,0
97,152,4925.089,1,0.009581003,0
40,160,4925.352,1,0.009502259,0
106,168,4925.649,1,0.009469240,0
204,174,4925.852,1,0.007133776,0
95,175,4925.881,1,0.008798583,0
331,192,4926.489,1,0.010685205,0
335,193,4926.521,1,0.010661776,0
240,194,4926.553,1,0.012971296,0
72,201,4926.798,1,0.013987571,0
327,211,4927.148,1,0.007473458,0
200,212,4927.185,1,0.007527455,0
219,215,4927.291,1,0.003752953,0
24,216,4927.328,1,0.008260785,0
47,223,4927.585,1,0.008797202,0
216,235,4927.998,1,0.005134576,0
250,256,4928.745,1,0.005311590,0
97,5,4929.445,1,0.006035176,0
98,6,4929.495,1,0.012628171,0
103,8,4929.543,1,0.009488881,0
310,13,4929.716,1,0.006755706,0
99,23,4930.071,1,0.044380791,0
320,24,4930.106,1,0.010031208,0
302,24,4930.116,1,0.010247924,0
299,26,4930.183,1,0.010304468,0
184,29,4930.295,1,0.013999657,0
71,31,4930.352,1,0.043411251,0
68,32,4930.386,1,0.043694120,0
303,38,4930.597,1,0.010357746,0
43,40,4930.67,1,0.047449790,0
143,53,4931.134,1,0.008559443,0
272,61,4931.423,1,0.008880801,0
32,48,4931.666,1,0.008808494,0
32,70,4931.75,1,0.009089383,0
224,71,4931.763,1,0.009019201,0
25,71,4931.773,1,0.011941341,0
255,76,4931.944,1,0.009039408,0
107,77,4931.971,1,0.978635609,1
104,77,4931.991,1,0.995873749,1
188,86,4932.294,1,0.009043466,0
136,88,4932.367,1,0.011165483,0
133,94,4932.574,1,0.010704257,0
295,108,4933.066,1,0.009600598,0
292,109,4933.116,1,0.009656422,0
127,114,4933.306,1,0.016376980,0
309,115,4933.317,1,0.008430414,0
136,118,4933.425,1,0.017088128,0
27,125,4933.667,1,0.009025571,0
232,126,4933.708,1,0.009617870,0
238,128,4933.778,1,0.009632410,0
340,130,4933.868,1,0.007182078,0
52,131,4933.88,1,0.009064876,0
55,138,4934.125,1,0.014855817,0
5,140,4934.204,1,0.013837934,0
58,140,4934.221,1,0.014898614,0
43,144,4934.342,1,0.014477580,0
157,151,4934.581,1,0.032264069,0
311,152,4934.619,1,0.011472521,0
309,155,4934.752,1,0.011537157,0
141,165,4935.103,1,0.010957365,0
167,167,4935.149,1,0.011984671,0
294,173,4935.368,1,0.008389683,0
84,181,4935.664,1,0.009126427,0
311,184,4935.753,1,0.008127153,0
106,188,4935.911,1,0.009486816,0
110,189,4935.92,1,0.009112350,0
3,198,4936.244,1,0.008489015,0
49,213,4936.784,1,0.008284732,0
186,215,4936.863,1,0.009489598,0
103,77,4937.814,1,0.998823464,1
123,257,4938.344,1,0.013156904,0
202,15,4938.798,1,0.009863446,0
104,76,4939.327,1,0.986242652,1
104,78,4943.434,1,0.992462635,1
105,77,4945.124,1,0.983063281,1
103,79,4947.583,0,0.999669313,1
102,78,4948.532,0,0.999631524,1
103,78,4956.112,1,0.998726547,1
104,77,4956.891,1,0.999759376,1
243,7,4959.963,1,0.007226011,0
23,8,4959.998,1,0.008953156,0
184,16,4960.281,1,0.007856933,0
136,22,4960.488,1,0.009482699,0
261,24,4960.559,1,0.007216891,0
212,30,4960.776,1,0.006973447,0
213,31,4960.804,1,0.009035252,0
108,36,4960.985,1,0.009206634,0
130,38,4961.077,1,0.009242845,0
251,53,4961.595,1,0.010137912,0
155,56,4961.71,1,0.009806094,0
294,66,4962.038,1,0.011180250,0
293,69,4962.142,1,0.012553488,0
64,69,4962.153,1,0.037386637,0
295,71,4962.229,1,0.008233286,0
224,73,4962.297,1,0.025753140,0
194,75,4962.357,1,0.050630979,0
223,75,4962.365,1,0.049385723,0
224,77,4962.447,1,0.023938883,0
141,78,4962.47,1,0.054146051,0
257,78,4962.488,1,0.032333180,0
261,79,4962.503,1,0.027126547,0
198,84,4962.677,1,0.048656836,0
10,88,4962.831,1,0.014427627,0
61,92,4962.961,1,0.021497766,0
192,93,4963.011,1,0.009324053,0
14,94,4963.021,1,0.009585797,0
212,94,4963.039,1,0.009104440,0
57,94,4963.049,1,0.011692579,0
295,95,4963.073,1,0.008863100,0
143,104,4963.392,1,0.005229856,0
4,106,4963.452,1,0.009458904,0
288,111,4963.63,1,0.009825611,0
15,114,4963.752,1,0.009140308,0
335,115,4963.767,1,0.007418574,0
329,116,4963.8,1,0.007481742,0
102,79,4963.841,0,0.991791368,1
21,118,4963.873,1,0.009478489,0
152,119,4963.904,1,0.012988254,0
329,120,4963.949,1,0.008520905,0
72,124,4964.094,1,0.010552755,0
132,126,4964.164,1,0.015312996,0
159,127,4964.209,1,0.010835061,0
199,134,4964.452,1,0.008782121,0
66,135,4964.479,1,0.009505701,0
178,136,4964.504,1,0.005067023,0
68,136,4964.527,1,0.009878623,0
287,137,4964.554,1,0.009428381,0
69,142,4964.729,1,0.009373434,0
226,144,4964.792,1,0.009704209,0
229,145,4964.837,1,0.009544336,0
256,148,4964.931,1,0.010739645,0
300,149,4964.979,1,0.008664047,0
264,151,4965.04,1,0.010099359,0
56,156,4965.219,1,0.009774318,0
275,158,4965.284,1,0.010816438,0
165,158,4965.293,1,0.012088706,0
314,159,4965.317,1,0.007924896,0
232,159,4965.345,1,0.009540289,0
338,160,4965.354,1,0.007406042,0
184,161,4965.384,1,0.010490606,0
72,164,4965.505,1,0.009224768,0
256,166,4965.578,1,0.010326803,0
125,168,4965.638,1,0.009909580,0
202,179,4966.027,1,0.011770664,0
25,181,4966.101,1,0.013815938,0
80,184,4966.209,1,0.014330327,0
39,189,4966.375,1,0.013877044,0
46,190,4966.414,1,0.013932154,0
157,192,4966.486,1,0.016549435,0
304,195,4966.61,1,0.011071925,0
299,198,4966.701,1,0.010975730,0
337,204,4966.917,1,0.010605785,0
27,206,4966.99,1,0.013409298,0
15,212,4967.198,1,0.008479022,0
232,213,4967.23,1,0.006869498,0
202,223,4967.582,1,0.008735903,0
312,224,4967.61,1,0.007273647,0
134,231,4967.873,1,0.009968364,0
167,236,4968.036,1,0.008759823,0
182,254,4968.672,1,0.009669513,0
276,7,4969.506,1,0.006671696,0
278,8,4969.54,1,0.007366063,0
87,16,4969.845,1,0.009745230,0
104,78,4969.929,1,0.998288453,1
144,19,4969.93,1,0.009772361,0
83,21,4970.0,1,0.041977927,0
118,23,4970.071,1,0.044434741,0
103,78,4970.078,1,0.999572217,1
135,24,4970.108,1,0.044467948,0
65,27,4970.208,1,0.041480746,0
101,79,4970.236,0,0.709570289,0
91,30,4970.32,1,0.043245174,0
87,31,4970.353,1,0.044470482,0
19,51,4971.059,1,0.008564466,0
24,52,4971.089,1,0.008849286,0
54,61,4971.42,1,0.008760762,0
75,69,4971.689,1,0.008518030,0
243,75,4971.902,1,0.009391920,0
106,78,4972.009,1,0.988913715,1
34,86,4972.307,1,0.010772807,0
163,88,4972.366,1,0.010259462,0
164,95,4972.629,1,0.010764279,0
42,102,4972.856,1,0.009935204,0
32,48,4972.901,1,0.008855566,0
72,109,4973.102,1,0.011090151,0
208,120,4973.495,1,0.009061625,0
335,136,4974.084,1,0.010562358,0
144,137,4974.106,1,0.045768589,0
138,139,4974.168,1,0.038154367,0
327,144,4974.34,1,0.010854688,0
90,160,4974.916,1,0.014975004,0
233,167,4975.163,1,0.010145882,0
72,168,4975.185,1,0.009119526,0
134,175,4975.458,1,0.009428051,0
242,198,4976.243,1,0.008816091,0
203,230,4977.37,1,0.006900677,0
183,238,4977.674,1,0.008959806,0
32,48,4980.159,1,0.008848559,0
104,79,4980.159,1,0.994463742,1
102,77,4981.623,1,0.987032413,1
100,80,4985.906,0,0.992371917,1
103,78,4988.005,1,0.998038352,1
101,80,4988.115,0,0.995870769,1
99,79,4993.277,0,0.979569972,1
99,80,4997.775,0,0.993071139,1
101,80,4999.827,0,0.997578204,1
16,6,4999.92,1,0.009049729,0
175,7,4999.962,1,0.007506050,0
209,8,5000.0,1,0.006362850,0
326,34,5000.938,1,0.006981019,0
18,36,5000.983,1,0.008732290,0
210,46,5001.331,1,0.011045502,0
149,53,5001.585,1,0.008897224,0
199,54,5001.616,1,0.009140200,0
169,55,5001.665,1,0.008988083,0
207,61,5001.869,1,0.008978051,0
152,62,5001.902,1,0.009221313,0
119,63,5001.942,1,0.011674997,0
144,69,5002.143,1,0.051378544,0
232,74,5002.326,1,0.045743238,0
102,78,5002.46,1,0.115256086,0
102,79,5002.495,1,0.123561323,0
65,79,5002.5,1,0.030735608,0
199,88,5002.816,1,0.048403036,0
274,93,5002.994,1,0.019231053,0
177,94,5003.023,1,0.009534762,0
180,95,5003.087,1,0.009292076,0
155,96,5003.106,1,0.009992534,0
156,103,5003.354,1,0.004858782,0
18,109,5003.557,1,0.009703568,0
17,111,5003.622,1,0.009561462,0
204,118,5003.884,1,0.009137886,0
255,127,5004.194,1,0.008755050,0
136,131,5004.329,1,0.014021493,0
55,131,5004.343,1,0.009093605,0
205,136,5004.512,1,0.008760261,0
167,143,5004.752,1,0.014074403,0
235,151,5005.044,1,0.009169678,0
267,154,5005.151,1,0.009970312,0
268,175,5005.886,1,0.008932609,0
100,80,5006.597,0,0.716995358,0
65,199,5006.734,1,0.013961636,0
191,205,5006.945,1,0.011112736,0
98,242,5008.248,1,0.008015473,0
296,253,5008.638,1,0.006574675,0
42,6,5009.475,1,0.009172681,0
173,7,5009.514,1,0.007721796,0
61,7,5009.527,1,0.009594393,0
247,16,5009.818,1,0.007160080,0
317,17,5009.865,1,0.007092932,0
247,18,5009.89,1,0.006917966,0
315,21,5010.001,1,0.027646916,0
314,22,5010.042,1,0.017401990,0
154,23,5010.071,1,0.044392191,0
319,30,5010.316,1,0.010069052,0
32,32,5010.396,1,0.046270706,0
34,36,5010.528,1,0.047329877,0
77,36,5010.536,1,0.045607898,0
190,45,5010.864,1,0.049150329,0
5,47,5010.916,1,0.022939222,0
208,48,5010.951,1,0.027146026,0
257,50,5011.026,1,0.008874533,0
256,54,5011.162,1,0.009836179,0
71,56,5011.238,1,0.008632238,0
335,62,5011.461,1,0.006797461,0
127,69,5011.696,1,0.008974264,0
302,77,5011.999,1,0.007855662,0
198,79,5012.048,1,0.009058316,0
88,85,5012.253,1,0.005498275,0
240,93,5012.542,1,0.010120705,0
139,100,5012.796,1,0.004552653,0
241,101,5012.819,1,0.009548805,0
62,104,5012.929,1,0.010846003,0
308,108,5013.069,1,0.008146325,0
6,117,5013.382,1,0.008852043,0
329,119,5013.457,1,0.007798370,0
276,127,5013.737,1,0.010559971,0
32,131,5013.903,1,0.008748427,0
135,136,5014.065,1,0.039376732,0
83,138,5014.132,1,0.017703630,0
191,147,5014.459,1,0.024552293,0
15,177,5015.517,1,0.009134632,0
115,187,5015.872,1,0.009996205,0
114,190,5015.974,1,0.008829827,0
0,203,5016.42,1,0.008619218,0
257,238,5017.663,1,0.007598818,0
102,79,5019.843,1,0.994747341,1
102,80,5025.093,1,0.999546587,1
98,80,5027.0,0,0.988627613,1
101,80,5027.541,1,0.999464214,1
99,81,5033.453,0,0.984458923,1
249,16,5040.28,1,0.006940745,0
111,18,5040.354,1,0.009333478,0
104,22,5040.488,1,0.009444222,0
311,24,5040.579,1,0.006901687,0
30,35,5040.951,1,0.009027357,0
341,51,5041.529,1,0.006652967,0
221,59,5041.813,1,0.008975694,0
217,62,5041.913,1,0.009292529,0
100,80,5042.533,1,0.968518376,1
208,82,5042.618,1,0.047913395,0
99,81,5042.635,0,0.977771640,1
188,106,5043.474,1,0.009090903,0
295,117,5043.839,1,0.009043121,0
219,120,5043.961,1,0.009173569,0
16,136,5044.525,1,0.009043902,0
171,142,5044.724,1,0.013413097,0
16,146,5044.863,1,0.008484873,0
330,153,5045.115,1,0.007785533,0
331,156,5045.226,1,0.007810640,0
91,158,5045.306,1,0.009233785,0
131,165,5045.528,1,0.009714997,0
331,166,5045.572,1,0.009452786,0
276,168,5045.637,1,0.009317268,0
331,168,5045.65,1,0.007446125,0
298,183,5046.169,1,0.011552687,0
110,189,5046.373,1,0.014216189,0
164,192,5046.483,1,0.015818978,0
37,194,5046.551,1,0.013761580,0
84,198,5046.698,1,0.014146062,0
151,212,5047.192,1,0.009941941,0
30,215,5047.296,1,0.008962308,0
87,215,5047.305,1,0.009966603,0
12,222,5047.556,1,0.008088048,0
125,231,5047.856,1,0.010056669,0
60,232,5047.891,1,0.008385550,0
99,240,5048.193,1,0.008006228,0
101,243,5048.292,1,0.007977353,0
68,245,5048.37,1,0.013437646,0
273,16,5049.83,1,0.007825750,0
176,19,5049.936,1,0.008658479,0
180,23,5050.068,1,0.018593593,0
180,24,5050.109,1,0.026232524,0
17,26,5050.179,1,0.043240614,0
144,31,5050.35,1,0.045043152,0
19,39,5050.638,1,0.042641971,0
22,40,5050.671,1,0.043515477,0
99,79,5050.789,1,0.044818357,0
264,43,5050.799,1,0.011216001,0
252,45,5050.848,1,0.012039999,0
27,48,5050.954,1,0.038463682,0
24,52,5051.091,1,0.008785418,0
293,54,5051.166,1,0.007526889,0
29,56,5051.236,1,0.008846100,0
342,62,5051.45,1,0.006465775,0
79,64,5051.536,1,0.008504176,0
115,66,5051.592,1,0.008648322,0
7,67,5051.628,1,0.011460000,0
8,70,5051.741,1,0.010660510,0
276,71,5051.761,1,0.009230684,0
293,71,5051.773,1,0.008104659,0
16,72,5051.805,1,0.011502276,0
271,72,5051.819,1,0.005955618,0
272,73,5051.842,1,0.006623592,0
58,94,5052.584,1,0.011749721,0
37,103,5052.893,1,0.009502264,0
31,118,5053.43,1,0.009448265,0
122,135,5054.025,1,0.029218737,0
334,139,5054.169,1,0.010598659,0
100,80,5054.268,1,0.115606658,0
100,79,5054.777,1,0.108051494,0
211,156,5054.786,1,0.035038978,0
168,168,5055.198,1,0.011428506,0
112,188,5055.901,1,0.008869305,0
199,199,5056.277,1,0.007716602,0
97,82,5063.956,0,0.974129260,1
100,81,5064.215,1,0.999076724,1
99,82,5070.371,0,0.729832888,0
97,82,5074.013,0,0.733186126,0
100,80,5074.803,1,0.999567568,1
99,81,5075.149,1,0.996789396,1
67,7,5079.978,1,0.009509362,0
334,20,5080.439,1,0.006849289,0
215,22,5080.487,1,0.007001372,0
2,32,5080.843,1,0.008578385,0
160,40,5081.136,1,0.009041573,0
129,46,5081.339,1,0.009343157,0
127,64,5081.968,1,0.014994471,0
206,67,5082.074,1,0.048668943,0
40,72,5082.251,1,0.019871512,0
246,77,5082.435,1,0.044425558,0
143,85,5082.712,1,0.057189099,0
98,82,5082.745,0,0.731483042,0
162,87,5082.776,1,0.059936635,0
89,87,5082.784,1,0.050501287,0
100,87,5082.799,1,0.044731412,0
253,88,5082.823,1,0.039407309,0
56,91,5082.927,1,0.019940564,0
115,93,5083.005,1,0.004844908,0
48,96,5083.108,1,0.010665832,0
286,99,5083.205,1,0.009791262,0
47,100,5083.24,1,0.010222279,0
282,101,5083.278,1,0.010021785,0
285,102,5083.314,1,0.010261447,0
120,109,5083.567,1,0.011103709,0
276,112,5083.666,1,0.010278494,0
117,112,5083.666,1,0.009287650,0
56,115,5083.772,1,0.010068809,0
240,119,5083.925,1,0.009600548,0
162,123,5084.051,1,0.008979822,0
160,123,5084.057,1,0.006951582,0
212,125,5084.118,1,0.009752871,0
182,127,5084.188,1,0.009435621,0
56,127,5084.196,1,0.009679061,0
212,131,5084.334,1,0.009727244,0
35,133,5084.403,1,0.011399290,0
33,133,5084.415,1,0.010650978,0
0,136,5084.52,1,0.009107206,0
70,141,5084.687,1,0.009462538,0
91,142,5084.721,1,0.009628354,0
258,142,5084.737,1,0.009317907,0
60,151,5085.049,1,0.009580841,0
44,152,5085.069,1,0.009470067,0
113,157,5085.264,1,0.009638881,0
242,158,5085.298,1,0.007381572,0
242,159,5085.326,1,0.008717394,0
220,160,5085.377,1,0.009474223,0
6,162,5085.421,1,0.008929409,0
168,170,5085.722,1,0.010933355,0
179,174,5085.862,1,0.009644426,0
338,177,5085.958,1,0.007379547,0
343,181,5086.106,1,0.010574035,0
338,182,5086.133,1,0.010638519,0
44,192,5086.485,1,0.013882318,0
90,195,5086.596,1,0.014244657,0
96,196,5086.644,1,0.014227721,0
191,207,5087.012,1,0.008043163,0
105,246,5088.392,1,0.008035647,0
49,250,5088.528,1,0.007972069,0
39,5,5089.438,1,0.008879018,0
72,9,5089.584,1,0.010086316,0
335,16,5089.824,1,0.007020290,0
107,16,5089.824,1,0.009787356,0
341,16,5089.851,1,0.006799055,0
109,19,5089.931,1,0.009646600,0
293,24,5090.106,1,0.010281204,0
192,29,5090.295,1,0.011983327,0
23,32,5090.395,1,0.046220522,0
107,37,5090.565,1,0.049016789,0
128,40,5090.678,1,0.049199235,0
129,45,5090.849,1,0.048485387,0
160,46,5090.878,1,0.048029877,0
24,52,5091.101,1,0.008787735,0
320,56,5091.236,1,0.006924564,0
155,70,5091.735,1,0.014283841,0
131,72,5091.803,1,0.014065597,0
70,74,5091.87,1,0.010513810,0
67,74,5091.881,1,0.009850336,0
64,75,5091.906,1,0.009630127,0
207,80,5092.084,1,0.008508161,0
99,80,5092.097,1,0.999983907,1
100,81,5092.112,1,0.999990463,1
71,83,5092.187,1,0.004776741,0
238,85,5092.267,1,0.009854476,0
314,94,5092.574,1,0.008196902,0
311,110,5093.142,1,0.008861130,0
279,114,5093.282,1,0.010672878,0
320,124,5093.64,1,0.007676651,0
338,125,5093.673,1,0.007239741,0
322,127,5093.747,1,0.007665711,0
71,130,5093.849,1,0.009835158,0
70,134,5093.986,1,0.009640406,0
184,144,5094.338,1,0.026709741,0
261,152,5094.617,1,0.020835213,0
159,166,5095.124,1,0.011561708,0
99,167,5095.155,1,0.009908832,0
295,170,5095.281,1,0.008627155,0
252,172,5095.328,1,0.009956822,0
33,190,5095.963,1,0.008338277,0
98,81,5096.315,1,0.998656750,1
188,216,5096.903,1,0.009715232,0
327,228,5097.312,1,0.007928282,0
257,231,5097.43,1,0.007782591,0
7,236,5097.593,1,0.008391432,0
270,240,5097.726,1,0.007246307,0
265,243,5097.856,1,0.007251338,0
99,81,5098.021,1,0.043565471,0
188,256,5098.301,1,0.012477309,0
95,83,5110.297,0,0.572408080,0
95,82,5110.898,0,0.653989255,0
99,82,5110.993,1,0.938363135,1
98,82,5111.258,1,0.951589763,1
98,83,5114.202,0,0.999760926,1
97,83,5115.877,0,0.996276796,1
96,83,5116.669,0,0.998644531,1
95,83,5117.894,0,0.993409634,1
44,22,5120.483,1,0.008909636,0
87,48,5121.401,1,0.008918482,0
83,50,5121.473,1,0.008913999,0
295,64,5121.981,1,0.008050052,0
288,68,5122.137,1,0.011721123,0
104,73,5122.294,1,0.049218733,0
96,74,5122.323,1,0.047305126,0
319,75,5122.376,1,0.010433072,0
106,77,5122.433,1,0.049960773,0
240,78,5122.479,1,0.044497825,0
343,80,5122.546,1,0.009859436,0
127,94,5123.035,1,0.009299297,0
110,96,5123.103,1,0.005691061,0
18,99,5123.227,1,0.009645206,0
136,100,5123.247,1,0.004965019,0
73,109,5123.565,1,0.011781984,0
173,110,5123.595,1,0.009753147,0
278,111,5123.634,1,0.009643452,0
69,116,5123.811,1,0.011919446,0
44,117,5123.84,1,0.009554782,0
284,119,5123.91,1,0.009973202,0
319,125,5124.122,1,0.007919675,0
4,126,5124.162,1,0.008777391,0
166,127,5124.187,1,0.006560817,0
83,134,5124.462,1,0.009876965,0
87,135,5124.476,1,0.009800262,0
224,136,5124.514,1,0.009364073,0
227,141,5124.681,1,0.009517899,0
335,149,5124.993,1,0.007368238,0
40,151,5125.038,1,0.008614611,0
35,154,5125.155,1,0.008819200,0
299,156,5125.212,1,0.008959454,0
315,158,5125.286,1,0.008192848,0
175,159,5125.324,1,0.011210767,0
227,164,5125.499,1,0.009651060,0
230,167,5125.611,1,0.009857677,0
46,174,5125.851,1,0.008851437,0
325,175,5125.88,1,0.007739063,0
45,176,5125.926,1,0.008820146,0
320,184,5126.209,1,0.010883370,0
328,189,5126.378,1,0.010710857,0
327,192,5126.498,1,0.010706780,0
108,211,5127.147,1,0.008935421,0
196,221,5127.521,1,0.008572098,0
152,225,5127.645,1,0.008448962,0
285,231,5127.862,1,0.007246627,0
136,232,5127.899,1,0.008985470,0
221,244,5128.331,1,0.004355394,0
306,254,5128.683,1,0.006562993,0
140,5,5129.439,1,0.011137458,0
196,11,5129.662,1,0.006485034,0
35,15,5129.804,1,0.008905455,0
10,16,5129.82,1,0.009239431,0
97,82,5129.867,1,0.988501668,1
255,20,5129.98,1,0.008044225,0
15,23,5130.067,1,0.041235756,0
72,25,5130.138,1,0.041175142,0
249,26,5130.176,1,0.010588987,0
143,27,5130.216,1,0.044501502,0
69,30,5130.315,1,0.042426132,0
250,30,5130.322,1,0.010658825,0
108,40,5130.672,1,0.049361683,0
103,43,5130.777,1,0.048650630,0
254,44,5130.816,1,0.011840471,0
255,48,5130.956,1,0.012356281,0
24,52,5131.098,1,0.008808790,0
68,53,5131.136,1,0.008961749,0
25,70,5131.744,1,0.010250609,0
182,71,5131.775,1,0.009084187,0
60,71,5131.788,1,0.009157647,0
32,48,5131.946,1,0.008822209,0
92,77,5131.974,1,0.489843607,0
109,88,5132.367,1,0.009688440,0
176,94,5132.588,1,0.006371297,0
47,95,5132.607,1,0.010411674,0
178,96,5132.643,1,0.010501837,0
332,104,5132.924,1,0.007625561,0
39,111,5133.177,1,0.009788034,0
94,117,5133.386,1,0.014460377,0
266,119,5133.467,1,0.009552607,0
47,120,5133.492,1,0.009383242,0
149,120,5133.513,1,0.015696215,0
144,121,5133.544,1,0.017516719,0
275,122,5133.579,1,0.010252893,0
20,123,5133.597,1,0.008945328,0
200,127,5133.742,1,0.009249612,0
287,127,5133.743,1,0.010120308,0
344,143,5134.3,1,0.010407681,0
94,144,5134.338,1,0.017876519,0
272,150,5134.553,1,0.021629861,0
106,163,5135.015,1,0.009281925,0
231,166,5135.116,1,0.011739454,0
177,166,5135.116,1,0.010302372,0
58,182,5135.691,1,0.008688544,0
262,183,5135.726,1,0.008551670,0
151,223,5137.137,1,0.008377827,0
53,241,5137.769,1,0.007889262,0
178,249,5138.052,1,0.013785752,0
106,256,5138.303,1,0.013114999,0
96,81,5145.081,1,0.980304062,1
98,83,5145.424,1,0.932195365,1
95,82,5151.26,1,0.984368920,1
94,84,5151.323,0,0.972919226,1
93,83,5151.62,0,0.996291518,1
95,84,5154.884,0,0.984792113,1
96,84,5155.093,0,0.994669378,1
279,3,5159.823,1,0.006889083,0
46,5,5159.893,1,0.009160074,0
155,8,5159.995,1,0.009966998,0
63,15,5160.245,1,0.009146146,0
247,16,5160.272,1,0.007048678,0
242,20,5160.419,1,0.005689267,0
243,21,5160.454,1,0.007642250,0
77,22,5160.499,1,0.009031833,0
147,23,5160.539,1,0.009452260,0
191,24,5160.577,1,0.007875321,0
269,32,5160.843,1,0.007409864,0
104,38,5161.053,1,0.009194611,0
55,39,5161.092,1,0.008867553,0
120,40,5161.144,1,0.009217300,0
47,41,5161.161,1,0.008761205,0
40,42,5161.196,1,0.008950830,0
96,82,5161.497,1,0.991397023,1
135,56,5161.686,1,0.009598839,0
220,60,5161.834,1,0.009053690,0
65,70,5162.191,1,0.037618119,0
128,72,5162.247,1,0.050894525,0
93,83,5162.54,0,0.744997263,0
307,84,5162.67,1,0.011372420,0
103,85,5162.713,1,0.044435158,0
48,87,5162.797,1,0.018438699,0
331,88,5162.826,1,0.010397073,0
330,90,5162.9,1,0.010443264,0
270,92,5162.958,1,0.022722347,0
232,95,5163.06,1,0.009465099,0
176,102,5163.308,1,0.009441287,0
320,102,5163.323,1,0.007780677,0
228,104,5163.383,1,0.009464978,0
98,104,5163.403,1,0.015107205,0
48,111,5163.63,1,0.010107261,0
39,112,5163.66,1,0.009545833,0
96,115,5163.767,1,0.012366878,0
180,115,5163.794,1,0.009262038,0
241,118,5163.869,1,0.009293926,0
40,118,5163.88,1,0.009575685,0
72,118,5163.89,1,0.017998468,0
10,123,5164.068,1,0.008939754,0
28,124,5164.082,1,0.009314860,0
238,126,5164.157,1,0.009444280,0
193,134,5164.44,1,0.008726983,0
123,136,5164.518,1,0.012382128,0
20,140,5164.676,1,0.008791005,0
160,144,5164.797,1,0.013783174,0
322,151,5165.037,1,0.007754997,0
282,151,5165.046,1,0.009916497,0
75,160,5165.367,1,0.009207538,0
60,169,5165.672,1,0.008558929,0
141,171,5165.743,1,0.009813320,0
315,176,5165.922,1,0.007924180,0
103,184,5166.201,1,0.014387203,0
95,188,5166.365,1,0.014400347,0
105,190,5166.433,1,0.014245147,0
232,194,5166.565,1,0.011195004,0
95,84,5166.626,0,0.747094750,0
235,197,5166.67,1,0.012887893,0
81,205,5166.948,1,0.014011616,0
42,206,5166.998,1,0.013586392,0
311,213,5167.226,1,0.007507721,0
332,216,5167.341,1,0.007337500,0
18,216,5167.349,1,0.008215709,0
44,222,5167.554,1,0.008136576,0
103,238,5168.118,1,0.008021728,0
159,252,5168.61,1,0.008196948,0
36,5,5169.446,1,0.009229206,0
237,9,5169.584,1,0.006876476,0
55,10,5169.612,1,0.009120886,0
177,16,5169.826,1,0.008412533,0
184,18,5169.895,1,0.007711087,0
31,20,5169.993,1,0.009022104,0
176,22,5170.046,1,0.013261334,0
82,24,5170.105,1,0.041172884,0
182,24,5170.113,1,0.012302542,0
177,24,5170.13,1,0.013796015,0
186,29,5170.296,1,0.013240054,0
86,32,5170.41,1,0.044534370,0
111,34,5170.462,1,0.046993993,0
202,39,5170.639,1,0.013944408,0
72,44,5170.814,1,0.047033582,0
261,46,5170.905,1,0.011710286,0
339,47,5170.919,1,0.009797592,0
332,50,5171.023,1,0.006505693,0
251,50,5171.023,1,0.009646996,0
24,52,5171.089,1,0.008774471,0
250,53,5171.155,1,0.009908663,0
79,54,5171.17,1,0.008684536,0
252,56,5171.237,1,0.009528410,0
137,59,5171.338,1,0.007698542,0
250,60,5171.379,1,0.010744195,0
139,61,5171.431,1,0.008202867,0
32,63,5171.497,1,0.003615713,0
82,67,5171.638,1,0.008878347,0
119,70,5171.73,1,0.008990495,0
79,71,5171.766,1,0.008927081,0
255,72,5171.814,1,0.009051589,0
149,78,5172.009,1,0.010434377,0
97,82,5172.149,1,0.986811697,1
95,83,5172.183,1,0.997965455,1
295,84,5172.229,1,0.008438997,0
1,88,5172.363,1,0.009391060,0
5,90,5172.439,1,0.009409352,0
329,95,5172.615,1,0.007301219,0
23,100,5172.789,1,0.009429495,0
22,102,5172.87,1,0.009660239,0
194,109,5173.105,1,0.009172218,0
143,110,5173.137,1,0.006125669,0
32,48,5173.155,1,0.008789577,0
112,111,5173.19,1,0.014978185,0
216,115,5173.323,1,0.009471571,0
15,165,5175.079,1,0.009150825,0
316,167,5175.157,1,0.008034506,0
198,168,5175.188,1,0.008637230,0
177,181,5175.647,1,0.010566570,0
89,184,5175.751,1,0.009160958,0
220,187,5175.854,1,0.008342680,0
94,188,5175.916,1,0.008689945,0
219,191,5176.01,1,0.017029602,0
23,192,5176.029,1,0.008248266,0
218,192,5176.035,1,0.009442019,0
103,192,5176.06,1,0.008750007,0
53,198,5176.246,1,0.008410650,0
306,200,5176.312,1,0.007871971,0
17,200,5176.325,1,0.008306479,0
226,205,5176.492,1,0.007681182,0
324,213,5176.778,1,0.007502482,0
96,84,5181.781,1,0.975285292,1
93,84,5182.848,0,0.750273705,0
93,85,5189.483,0,0.993470192,1
95,85,5189.512,0,0.993632615,1
95,83,5189.875,1,0.996156394,1
92,85,5199.345,0,0.999029517,1
92,84,5200.144,0,0.999220014,1
175,12,5200.145,1,0.007868245,0
174,16,5200.282,1,0.008794030,0
239,21,5200.449,1,0.007126218,0
110,40,5201.122,1,0.009065629,0
286,53,5201.586,1,0.007604113,0
149,54,5201.634,1,0.008923537,0
280,55,5201.654,1,0.007910872,0
125,55,5201.675,1,0.008851578,0
94,83,5201.783,1,0.995662391,1
268,63,5201.938,1,0.009569744,0
132,64,5201.965,1,0.008958637,0
303,64,5201.975,1,0.007641841,0
94,84,5201.994,1,0.994419277,1
17,67,5202.078,1,0.017233424,0
313,68,5202.113,1,0.010431610,0
19,70,5202.194,1,0.016952228,0
24,71,5202.213,1,0.016270079,0
23,71,5202.222,1,0.017800245,0
259,75,5202.358,1,0.027378391,0
253,76,5202.401,1,0.037228871,0
168,80,5202.53,1,0.057019904,0
96,83,5202.643,1,0.042662233,0
239,84,5202.677,1,0.044512544,0
237,85,5202.735,1,0.044532403,0
142,86,5202.747,1,0.057030290,0
172,86,5202.758,1,0.057820052,0
16,88,5202.828,1,0.015230061,0
160,92,5202.977,1,0.060819797,0
220,102,5203.315,1,0.009274044,0
309,107,5203.5,1,0.008210691,0
169,108,5203.517,1,0.010092682,0
142,117,5203.84,1,0.016394865,0
136,118,5203.879,1,0.018854477,0
330,134,5204.436,1,0.007501989,0
82,144,5204.803,1,0.009505455,0
155,150,5205.015,1,0.012266081,0
56,159,5205.318,1,0.008677738,0
232,161,5205.389,1,0.009429922,0
83,167,5205.619,1,0.008840345,0
80,173,5205.811,1,0.008635180,0
158,176,5205.925,1,0.010688663,0
15,180,5206.063,1,0.013692632,0
336,191,5206.453,1,0.010664403,0
94,85,5206.565,0,0.753882825,0
117,200,5206.769,1,0.014063739,0
203,203,5206.88,1,0.010564342,0
68,213,5207.225,1,0.008833876,0
73,243,5208.291,1,0.008891695,0
205,4,5209.399,1,0.007069420,0
146,8,5209.555,1,0.010481284,0
177,13,5209.717,1,0.007813530,0
39,13,5209.73,1,0.008907215,0
98,15,5209.792,1,0.009808752,0
54,15,5209.813,1,0.009426008,0
222,19,5209.929,1,0.006473269,0
296,24,5210.129,1,0.010255066,0
46,25,5210.139,1,0.039708547,0
160,27,5210.209,1,0.043293968,0
96,32,5210.396,1,0.043917689,0
125,34,5210.465,1,0.046778060,0
293,35,5210.52,1,0.010431015,0
319,39,5210.637,1,0.010059185,0
248,43,5210.771,1,0.011972035,0
219,47,5210.924,1,0.020783756,0
273,54,5211.17,1,0.008447336,0
88,64,5211.525,1,0.009112693,0
10,71,5211.774,1,0.010866909,0
95,84,5212.221,1,0.988366306,1
232,87,5212.33,1,0.009832363,0
216,92,5212.515,1,0.009081163,0
176,101,5212.823,1,0.006069183,0
178,103,5212.895,1,0.009873207,0
298,104,5212.923,1,0.009113155,0
30,118,5213.422,1,0.009852884,0
96,119,5213.46,1,0.012796722,0
245,120,5213.494,1,0.009863888,0
154,125,5213.669,1,0.015174798,0
246,126,5213.713,1,0.009932709,0
65,127,5213.749,1,0.010182732,0
170,128,5213.772,1,0.005404239,0
160,128,5213.784,1,0.011142658,0
173,130,5213.847,1,0.005727034,0
264,148,5214.486,1,0.020520134,0
199,167,5215.147,1,0.007228742,0
0,180,5215.625,1,0.008528631,0
91,85,5216.009,0,0.985393465,1
168,199,5216.278,1,0.010681527,0
306,220,5217.03,1,0.007559663,0
103,231,5217.409,1,0.008098907,0
276,237,5217.64,1,0.006913784,0
92,84,5217.953,1,0.970183253,1
84,257,5218.32,1,0.013109965,0
93,84,5218.535,1,0.980934203,1
92,85,5220.125,0,0.991498530,1
92,86,5223.495,0,0.983967006,1
95,85,5227.475,1,0.999997377,1
94,86,5227.747,0,0.999955535,1
93,86,5232.008,0,0.994335115,1
91,86,5232.73,0,0.999975085,1
91,85,5233.878,0,0.996156156,1
92,86,5234.309,0,0.998352885,1
94,84,5234.855,1,0.163018718,0
97,3,5239.82,1,0.009539743,0
229,4,5239.857,1,0.007057494,0
277,4,5239.866,1,0.006845645,0
225,8,5239.999,1,0.006418554,0
24,29,5240.74,1,0.009040318,0
139,32,5240.857,1,0.009269283,0
159,45,5241.31,1,0.008896794,0
152,46,5241.341,1,0.009066100,0
212,56,5241.683,1,0.008876207,0
340,60,5241.846,1,0.007230196,0
211,61,5241.875,1,0.008820413,0
191,64,5241.985,1,0.009594157,0
98,70,5242.197,1,0.048426993,0
36,72,5242.249,1,0.018904837,0
141,72,5242.272,1,0.051564112,0
206,77,5242.43,1,0.048317146,0
112,78,5242.459,1,0.050800417,0
152,80,5242.539,1,0.058219291,0
95,84,5242.68,1,0.044240929,0
93,85,5242.706,1,0.042251948,0
229,92,5242.97,1,0.044619218,0
231,93,5242.989,1,0.044597108,0
72,93,5242.995,1,0.027184114,0
79,95,5243.065,1,0.016244600,0
90,85,5243.193,0,0.974645734,1
48,107,5243.481,1,0.010242495,0
194,108,5243.527,1,0.008956330,0
292,108,5243.54,1,0.009506421,0
179,109,5243.581,1,0.008984779,0
147,110,5243.592,1,0.005716598,0
152,112,5243.672,1,0.006172372,0
74,116,5243.809,1,0.013719376,0
88,118,5243.879,1,0.012952177,0
283,122,5244.014,1,0.009701845,0
117,124,5244.11,1,0.012759019,0
86,125,5244.135,1,0.011031167,0
34,126,5244.159,1,0.009064605,0
191,133,5244.417,1,0.008677585,0
56,147,5244.896,1,0.009267027,0
48,150,5245.001,1,0.009402631,0
80,151,5245.042,1,0.009140374,0
212,160,5245.353,1,0.008788225,0
12,167,5245.609,1,0.008254142,0
319,168,5245.638,1,0.007975098,0
287,173,5245.834,1,0.008721519,0
304,176,5245.928,1,0.007992375,0
305,183,5246.168,1,0.011335809,0
167,192,5246.485,1,0.015634099,0
333,207,5247.013,1,0.007371044,0
178,213,5247.243,1,0.008936747,0
247,230,5247.822,1,0.006382280,0
193,231,5247.861,1,0.007158084,0
240,231,5247.874,1,0.006112857,0
113,234,5247.966,1,0.008049828,0
298,240,5248.174,1,0.006862319,0
39,244,5248.327,1,0.007823831,0
301,245,5248.354,1,0.006630853,0
14,247,5248.437,1,0.007781846,0
44,254,5248.669,1,0.008116390,0
295,259,5248.861,1,0.006424927,0
106,0,5249.287,1,0.009481005,0
68,3,5249.367,1,0.009851438,0
343,4,5249.4,1,0.006083228,0
343,7,5249.508,1,0.007226522,0
195,10,5249.625,1,0.006632575,0
327,13,5249.721,1,0.006879309,0
24,16,5249.835,1,0.009293807,0
123,17,5249.879,1,0.009835241,0
282,19,5249.942,1,0.006920544,0
280,24,5250.107,1,0.010327802,0
62,27,5250.21,1,0.040946659,0
65,34,5250.466,1,0.044316467,0
337,36,5250.534,1,0.009775186,0
304,38,5250.601,1,0.010321137,0
288,39,5250.637,1,0.010509958,0
59,42,5250.742,1,0.047233067,0
183,45,5250.862,1,0.049237706,0
33,47,5250.916,1,0.043660481,0
271,48,5250.949,1,0.011298925,0
175,48,5250.961,1,0.048640516,0
290,49,5251.002,1,0.007083551,0
129,55,5251.203,1,0.008683666,0
298,56,5251.232,1,0.007211236,0
287,56,5251.237,1,0.007918207,0
281,62,5251.446,1,0.008413228,0
284,64,5251.535,1,0.008344261,0
4,76,5251.94,1,0.009958443,0
236,78,5252.008,1,0.009476985,0
126,80,5252.082,1,0.009647506,0
252,81,5252.118,1,0.009470157,0
119,84,5252.237,1,0.009709650,0
30,91,5252.48,1,0.010258434,0
32,105,5252.959,1,0.009994846,0
247,116,5253.366,1,0.009432021,0
152,118,5253.42,1,0.007912721,0
289,134,5253.987,1,0.010064286,0
93,85,5254.131,1,0.086411789,0
193,140,5254.207,1,0.044114523,0
93,84,5254.378,1,0.084633872,0
205,155,5254.737,1,0.036724914,0
43,158,5254.855,1,0.014342604,0
201,159,5254.872,1,0.011470099,0
120,163,5255.011,1,0.010190165,0
143,173,5255.359,1,0.010889732,0
22,176,5255.474,1,0.009588663,0
69,179,5255.572,1,0.011407573,0
71,179,5255.6,1,0.012369768,0
159,181,5255.648,1,0.011310878,0
94,85,5256.231,1,0.964435041,1
69,223,5257.135,1,0.008475316,0
0,243,5257.828,1,0.007678541,0
92,84,5258.97,1,0.042386379,0
91,85,5260.534,1,0.989752769,1
177,36,5264.999,1,0.009032238,0
90,86,5266.612,0,0.766543984,0
92,87,5267.023,0,0.976759315,1
91,87,5274.987,0,0.985070586,1
92,86,5275.401,1,0.998110175,1
89,86,5277.211,0,0.954005957,1
92,87,5277.6,0,0.994134605,1
92,85,5279.358,1,0.993068337,1
153,3,5279.832,1,0.009331790,0
53,32,5280.85,1,0.008795805,0
89,87,5280.918,0,0.997435510,1
90,87,5280.958,0,0.998271704,1
121,36,5280.987,1,0.008999469,0
48,44,5281.269,1,0.009338493,0
8,53,5281.584,1,0.003586890,0
201,63,5281.942,1,0.008938935,0
287,64,5281.974,1,0.008675067,0
192,84,5282.691,1,0.049556155,0
90,85,5282.714,1,0.968163371,1
93,86,5282.743,1,0.041915603,0
211,88,5282.822,1,0.048339777,0
103,94,5283.045,1,0.005251640,0
47,95,5283.058,1,0.010966800,0
32,48,5283.07,1,0.008800766,0
230,96,5283.102,1,0.009605624,0
141,96,5283.112,1,0.010419087,0
232,99,5283.209,1,0.007748187,0
17,100,5283.252,1,0.009669756,0
232,101,5283.297,1,0.007336316,0
155,102,5283.311,1,0.005290924,0
121,103,5283.361,1,0.006282994,0
69,109,5283.568,1,0.012494071,0
94,118,5283.889,1,0.013785455,0
58,119,5283.912,1,0.010052768,0
137,128,5284.231,1,0.014478261,0
250,135,5284.474,1,0.009532888,0
104,140,5284.651,1,0.011500096,0
204,158,5285.297,1,0.006635438,0
127,160,5285.356,1,0.010598493,0
336,176,5285.926,1,0.007682149,0
96,183,5286.174,1,0.014489335,0
78,192,5286.49,1,0.014194615,0
95,194,5286.56,1,0.014271418,0
161,196,5286.621,1,0.015816974,0
324,198,5286.696,1,0.010730708,0
123,199,5286.748,1,0.014122274,0
313,213,5287.22,1,0.007445687,0
126,216,5287.346,1,0.009166582,0
63,222,5287.569,1,0.008272756,0
88,224,5287.622,1,0.008493314,0
155,227,5287.73,1,0.010062718,0
148,229,5287.798,1,0.009718412,0
36,7,5289.512,1,0.009304473,0
46,17,5289.87,1,0.009277365,0
75,19,5289.929,1,0.009026313,0
104,28,5290.245,1,0.044382118,0
335,45,5290.86,1,0.009832196,0
45,47,5290.918,1,0.047983289,0
31,49,5290.984,1,0.040385686,0
37,49,5290.996,1,0.043799382,0
24,52,5291.089,1,0.008744619,0
72,52,5291.094,1,0.008989913,0
42,54,5291.166,1,0.008798528,0
11,54,5291.177,1,0.007508850,0
235,56,5291.234,1,0.009075341,0
192,58,5291.306,1,0.009019000,0
15,58,5291.317,1,0.003124642,0
197,60,5291.394,1,0.008526301,0
188,63,5291.48,1,0.009142222,0
144,71,5291.772,1,0.009224989,0
290,77,5291.983,1,0.008526922,0
323,78,5292.011,1,0.006292370,0
326,78,5292.011,1,0.005924242,0
96,84,5292.228,1,0.153351918,0
336,87,5292.326,1,0.007137971,0
121,88,5292.367,1,0.010178388,0
232,92,5292.505,1,0.009489046,0
100,93,5292.554,1,0.005369893,0
326,97,5292.707,1,0.007659841,0
176,102,5292.853,1,0.009389768,0
134,106,5292.997,1,0.005713688,0
114,118,5293.424,1,0.014111279,0
29,120,5293.493,1,0.009346022,0
338,124,5293.64,1,0.006217803,0
82,124,5293.646,1,0.012846302,0
336,126,5293.722,1,0.006652267,0
239,136,5294.058,1,0.042942751,0
276,140,5294.203,1,0.044521254,0
278,140,5294.224,1,0.045879181,0
144,143,5294.31,1,0.038307548,0
37,150,5294.55,1,0.014322254,0
299,155,5294.732,1,0.012023143,0
37,160,5294.904,1,0.014240555,0
224,163,5295.015,1,0.009056377,0
175,167,5295.15,1,0.010423083,0
58,216,5296.89,1,0.008250311,0
123,224,5297.167,1,0.008701742,0
95,232,5297.449,1,0.008419512,0
89,87,5304.607,0,0.987597287,1
91,85,5305.601,1,0.954765856,1
89,86,5306.806,1,0.042101607,0
91,86,5307.396,1,0.996648848,1
89,88,5309.293,0,0.995048225,1
90,88,5310.36,0,0.946307063,1
88,87,5311.467,0,0.986816704,1
89,88,5319.507,0,0.991948843,1
92,8,5319.997,1,0.009632228,0
90,10,5320.066,1,0.010133052,0
248,15,5320.246,1,0.007082643,0
211,16,5320.283,1,0.006826689,0
207,17,5320.314,1,0.006932201,0
258,23,5320.545,1,0.007345973,0
218,29,5320.746,1,0.008101232,0
109,40,5321.124,1,0.009424200,0
153,40,5321.142,1,0.009434173,0
239,56,5321.686,1,0.010804654,0
99,57,5321.726,1,0.008853935,0
100,64,5321.969,1,0.009484544,0
206,65,5322.018,1,0.048437942,0
202,66,5322.043,1,0.048846871,0
204,70,5322.184,1,0.048926625,0
97,71,5322.213,1,0.048499290,0
102,82,5322.599,1,0.045064040,0
224,83,5322.641,1,0.049163230,0
88,88,5322.678,0,0.995216727,1
92,86,5322.755,1,0.999811947,1
117,96,5323.101,1,0.004909643,0
277,103,5323.349,1,0.009396038,0
28,111,5323.63,1,0.009823300,0
254,124,5324.086,1,0.009115135,0
90,88,5324.14,0,0.996882558,1
140,132,5324.364,1,0.014596542,0
226,135,5324.484,1,0.009652413,0
91,87,5324.661,1,0.999085665,1
155,141,5324.69,1,0.006643255,0
261,142,5324.723,1,0.011530410,0
156,142,5324.732,1,0.019250223,0
157,151,5325.059,1,0.012497977,0
227,152,5325.077,1,0.009293105,0
335,156,5325.233,1,0.007547877,0
183,167,5325.616,1,0.009462490,0
264,169,5325.686,1,0.009785067,0
268,174,5325.858,1,0.009502520,0
168,175,5325.888,1,0.010229832,0
68,180,5326.069,1,0.014297020,0
144,183,5326.174,1,0.016352220,0
47,190,5326.421,1,0.013958604,0
23,207,5327.019,1,0.008408675,0
260,211,5327.181,1,0.007832216,0
24,216,5327.332,1,0.007977440,0
29,221,5327.505,1,0.008108761,0
31,224,5327.617,1,0.007949763,0
310,228,5327.773,1,0.007186334,0
84,239,5328.16,1,0.008516109,0
127,15,5329.784,1,0.009618983,0
76,20,5329.965,1,0.009304921,0
80,23,5330.072,1,0.040908907,0
340,23,5330.086,1,0.009649515,0
160,24,5330.103,1,0.034867726,0
270,28,5330.257,1,0.010460149,0
164,31,5330.349,1,0.044503327,0
83,32,5330.397,1,0.044026326,0
219,34,5330.464,1,0.014637215,0
217,34,5330.482,1,0.012954622,0
85,35,5330.499,1,0.045161296,0
218,36,5330.536,1,0.012019916,0
92,87,5330.617,1,0.977327943,1
184,42,5330.75,1,0.048603371,0
43,43,5330.785,1,0.047086112,0
189,48,5330.955,1,0.049313288,0
317,53,5331.128,1,0.006939901,0
188,53,5331.15,1,0.009057755,0
242,69,5331.697,1,0.009485678,0
89,87,5331.733,1,0.996890366,1
90,87,5332.329,1,0.993657649,1
263,93,5332.545,1,0.008765819,0
270,96,5332.652,1,0.006350396,0
271,97,5332.679,1,0.006620396,0
136,118,5333.421,1,0.017517507,0
16,121,5333.552,1,0.008988312,0
221,122,5333.561,1,0.009456444,0
68,122,5333.579,1,0.010119272,0
278,141,5334.244,1,0.020766135,0
69,158,5334.837,1,0.014743228,0
160,197,5336.211,1,0.010802784,0
256,202,5336.383,1,0.008169826,0
106,223,5337.142,1,0.008470745,0
284,237,5337.627,1,0.006977695,0
277,240,5337.73,1,0.007331518,0
271,245,5337.907,1,0.007094853,0
199,250,5338.076,1,0.009939388,0
173,250,5338.103,1,0.014242267,0
88,89,5338.353,0,0.999888062,1
87,88,5339.209,0,0.999948382,1
90,89,5340.128,0,0.997998059,1
88,88,5345.52,0,0.997264385,1
91,88,5347.385,1,0.997329712,1
89,89,5347.817,0,0.999434769,1
87,89,5349.41,0,0.999952555,1
88,89,5349.441,0,0.999982953,1
87,88,5349.715,0,0.999979138,1
90,87,5354.918,1,0.044963092,0
142,3,5359.841,1,0.009595390,0
84,12,5360.146,1,0.009449867,0
279,73,5362.286,1,0.013394777,0
296,79,5362.509,1,0.011874154,0
5,87,5362.799,1,0.014204813,0
109,94,5363.03,1,0.004927689,0
123,101,5363.279,1,0.005995562,0
158,118,5363.899,1,0.006079338,0
283,122,5364.014,1,0.009649388,0
56,122,5364.025,1,0.009552151,0
108,123,5364.062,1,0.012830137,0
272,125,5364.126,1,0.011695672,0
53,127,5364.203,1,0.009069845,0
88,88,5364.631,1,0.972683907,1
90,145,5364.829,1,0.009706804,0
223,156,5365.216,1,0.009136129,0
90,88,5365.753,1,0.975121677,1
62,175,5365.887,1,0.008501108,0
151,200,5366.774,1,0.015306131,0
149,202,5366.838,1,0.014714954,0
87,89,5367.027,0,0.948543012,1
240,211,5367.166,1,0.008015136,0
267,227,5367.721,1,0.007477877,0
311,237,5368.07,1,0.007222677,0
83,245,5368.357,1,0.008186152,0
101,8,5369.542,1,0.009700530,0
178,15,5369.791,1,0.008043951,0
294,24,5370.119,1,0.010251665,0
31,28,5370.249,1,0.042807128,0
23,31,5370.36,1,0.045478731,0
274,35,5370.494,1,0.010554397,0
264,36,5370.529,1,0.010692623,0
224,40,5370.682,1,0.013205704,0
26,44,5370.815,1,0.043347623,0
96,49,5371.003,1,0.009054918,0
272,51,5371.057,1,0.007852812,0
144,53,5371.135,1,0.008873795,0
273,58,5371.31,1,0.008389830,0
184,60,5371.375,1,0.009164191,0
280,60,5371.384,1,0.008342860,0
266,61,5371.417,1,0.009583610,0
225,72,5371.807,1,0.008912230,0
152,89,5372.409,1,0.011087020,0
94,93,5372.536,1,0.007865654,0
32,48,5372.585,1,0.008777735,0
72,98,5372.718,1,0.012472674,0
80,102,5372.878,1,0.013229400,0
73,103,5372.894,1,0.012132719,0
75,106,5372.996,1,0.012282962,0
307,114,5373.275,1,0.007385536,0
305,114,5373.283,1,0.007416404,0
255,118,5373.423,1,0.009167166,0
77,118,5373.44,1,0.011388123,0
152,122,5373.565,1,0.013674061,0
74,125,5373.667,1,0.009914531,0
192,126,5373.708,1,0.009011609,0
175,136,5374.069,1,0.035433061,0
129,157,5374.822,1,0.023154629,0
128,159,5374.884,1,0.021394080,0
285,181,5375.657,1,0.008347284,0
13,199,5376.28,1,0.008074333,0
326,207,5376.564,1,0.007656570,0
87,90,5377.152,0,0.994257808,1
211,237,5377.628,1,0.006615945,0
215,247,5377.989,1,0.004932344,0
96,253,5378.205,1,0.013143729,0
86,89,5387.23,0,0.999972463,1
88,90,5387.528,0,0.999460995,1
86,90,5387.971,0,0.999957085,1
88,88,5393.653,1,0.998528719,1
236,2,5399.801,1,0.006814122,0
285,18,5400.36,1,0.007016318,0
2,20,5400.434,1,0.008915639,0
345,31,5400.804,1,0.006584854,0
55,31,5400.815,1,0.008752137,0
217,35,5400.953,1,0.008238026,0
169,38,5401.052,1,0.009611672,0
106,40,5401.12,1,0.008379210,0
109,43,5401.244,1,0.009304526,0
121,48,5401.41,1,0.009346066,0
151,50,5401.455,1,0.012369744,0
150,50,5401.478,1,0.007398233,0
90,88,5401.733,1,0.265629888,0
130,59,5401.8,1,0.009300166,0
51,59,5401.814,1,0.008730124,0
14,60,5401.83,1,0.005293093,0
224,62,5401.913,1,0.009220109,0
8,68,5402.131,1,0.015419716,0
201,70,5402.187,1,0.049364168,0
186,72,5402.253,1,0.050175514,0
188,73,5402.29,1,0.050246786,0
79,82,5402.607,1,0.035934594,0
248,83,5402.656,1,0.044408526,0
89,88,5402.811,1,0.280825406,0
23,88,5402.841,1,0.015964394,0
342,90,5402.901,1,0.010098376,0
91,90,5402.902,1,0.100357369,0
334,91,5402.928,1,0.010341707,0
11,92,5402.965,1,0.014265912,0
263,95,5403.081,1,0.008903844,0
66,96,5403.096,1,0.014803785,0
144,96,5403.106,1,0.010771126,0
171,99,5403.205,1,0.009778907,0
345,102,5403.321,1,0.007092512,0
198,108,5403.522,1,0.009085329,0
135,112,5403.668,1,0.008977284,0
130,117,5403.853,1,0.017355746,0
156,119,5403.914,1,0.006685592,0
88,131,5404.331,1,0.011392451,0
132,132,5404.394,1,0.014363826,0
20,133,5404.425,1,0.010395674,0
333,134,5404.442,1,0.007447442,0
225,144,5404.791,1,0.009507656,0
72,150,5405.011,1,0.009723416,0
45,152,5405.084,1,0.009186951,0
258,157,5405.252,1,0.010822088,0
94,158,5405.279,1,0.009702995,0
344,164,5405.505,1,0.007426119,0
202,174,5405.856,1,0.006765331,0
67,175,5405.889,1,0.008641567,0
165,182,5406.135,1,0.020419661,0
163,184,5406.197,1,0.015401107,0
231,184,5406.229,1,0.017657790,0
157,188,5406.344,1,0.016622156,0
146,197,5406.659,1,0.015178675,0
206,200,5406.773,1,0.010840622,0
208,207,5407.024,1,0.009438514,0
30,241,5408.226,1,0.007921256,0
26,243,5408.281,1,0.008177821,0
108,7,5409.507,1,0.010292046,0
105,8,5409.541,1,0.009833314,0
15,8,5409.556,1,0.009321935,0
297,16,5409.829,1,0.007233829,0
223,22,5410.035,1,0.088254564,0
222,22,5410.051,1,0.075206824,0
292,23,5410.07,1,0.015648894,0
293,24,5410.104,1,0.015095574,0
155,24,5410.132,1,0.043154418,0
174,30,5410.321,1,0.023194434,0
257,31,5410.35,1,0.027924731,0
257,32,5410.39,1,0.016496150,0
194,36,5410.532,1,0.014708920,0
87,88,5410.535,1,0.988969564,1
103,38,5410.618,1,0.049103495,0
249,40,5410.682,1,0.011561855,0
285,44,5410.817,1,0.010557719,0
231,54,5411.164,1,0.009444106,0
143,60,5411.376,1,0.008699257,0
248,73,5411.836,1,0.009363999,0
288,80,5412.081,1,0.009236436,0
148,83,5412.188,1,0.010375630,0
86,89,5412.228,1,0.999990821,1
88,91,5412.317,0,0.991802275,1
87,89,5412.397,1,0.999289870,1
90,90,5412.43,1,0.935322583,1
89,93,5412.562,1,0.969645381,1
47,95,5412.614,1,0.010550728,0
85,90,5412.776,0,0.990521789,1
332,104,5412.924,1,0.007733983,0
1,110,5413.143,1,0.009736417,0
132,111,5413.177,1,0.008574538,0
196,115,5413.329,1,0.009267054,0
48,125,5413.665,1,0.009584026,0
169,127,5413.742,1,0.005389601,0
86,90,5413.793,0,0.999841928,1
12,135,5414.026,1,0.014155966,0
222,139,5414.165,1,0.044547133,0
110,148,5414.49,1,0.020386981,0
106,149,5414.512,1,0.019067030,0
24,160,5414.924,1,0.014050913,0
259,195,5416.137,1,0.008469387,0
132,207,5416.589,1,0.009525935,0
165,224,5417.174,1,0.010085635,0
85,91,5423.584,0,0.999422789,1
85,90,5424.991,0,0.999582946,1
87,90,5429.053,1,0.996467590,1
305,3,5439.823,1,0.006668982,0
141,8,5439.997,1,0.010056531,0
87,90,5440.99,1,0.986064434,1
210,38,5441.056,1,0.008816678,0
32,48,5441.4,1,0.008911358,0
214,48,5441.417,1,0.013622629,0
108,51,5441.52,1,0.009238200,0
309,56,5441.689,1,0.007543467,0
213,56,5441.705,1,0.008973021,0
307,59,5441.8,1,0.007641740,0
87,62,5441.909,1,0.009038677,0
112,64,5441.969,1,0.009719696,0
232,66,5442.047,1,0.044508591,0
317,67,5442.077,1,0.010279231,0
181,68,5442.119,1,0.049878102,0
311,69,5442.167,1,0.010511187,0
339,70,5442.194,1,0.009863869,0
295,72,5442.256,1,0.011496693,0
242,78,5442.458,1,0.044474248,0
300,79,5442.496,1,0.011581898,0
199,80,5442.537,1,0.048562836,0
58,80,5442.537,1,0.023692818,0
57,83,5442.644,1,0.021324683,0
145,83,5442.657,1,0.056838144,0
201,84,5442.684,1,0.048366766,0
167,85,5442.716,1,0.058182020,0
163,87,5442.784,1,0.059109591,0
147,87,5442.798,1,0.058502428,0
192,88,5442.822,1,0.048831474,0
85,90,5442.887,1,0.997748435,1
112,91,5442.921,1,0.053104248,0
331,100,5443.238,1,0.007424527,0
94,102,5443.324,1,0.016496522,0
42,107,5443.505,1,0.010065674,0
296,110,5443.597,1,0.008948566,0
135,125,5444.132,1,0.008808344,0
134,126,5444.177,1,0.014111012,0
166,127,5444.193,1,0.006167142,0
319,139,5444.642,1,0.007757266,0
128,152,5445.096,1,0.011546710,0
74,159,5445.321,1,0.008881146,0
22,167,5445.619,1,0.008331641,0
206,170,5445.705,1,0.003607817,0
303,181,5446.1,1,0.011407789,0
85,91,5446.352,0,0.999778330,1
111,188,5446.365,1,0.014231808,0
299,192,5446.484,1,0.011285482,0
95,198,5446.7,1,0.014192159,0
83,200,5446.772,1,0.014122128,0
81,203,5446.868,1,0.014058703,0
177,213,5447.232,1,0.009863855,0
58,215,5447.307,1,0.008548011,0
78,221,5447.511,1,0.008836453,0
84,91,5447.557,0,0.997639537,1
197,236,5448.053,1,0.006701796,0
87,89,5448.803,1,0.999484777,1
335,11,5449.648,1,0.007120640,0
78,12,5449.681,1,0.009617606,0
336,14,5449.767,1,0.006975888,0
137,15,5449.79,1,0.009449179,0
148,16,5449.823,1,0.009376512,0
128,20,5449.966,1,0.009789828,0
271,20,5449.983,1,0.007837562,0
46,21,5449.999,1,0.009295866,0
218,22,5450.033,1,0.010222675,0
206,22,5450.038,1,0.010295655,0
164,29,5450.281,1,0.038415033,0
303,30,5450.317,1,0.010256620,0
31,30,5450.325,1,0.044116493,0
87,92,5450.362,0,0.799916267,0
68,32,5450.399,1,0.042744417,0
41,34,5450.462,1,0.045724791,0
61,36,5450.555,1,0.045195691,0
256,37,5450.586,1,0.010929062,0
234,44,5450.812,1,0.013965529,0
54,52,5451.096,1,0.008987701,0
155,55,5451.209,1,0.008715453,0
54,62,5451.447,1,0.008714250,0
124,63,5451.499,1,0.009265960,0
67,67,5451.624,1,0.008366631,0
39,70,5451.73,1,0.004518421,0
99,71,5451.774,1,0.009069082,0
157,75,5451.903,1,0.009703165,0
143,77,5451.977,1,0.009697668,0
119,86,5452.292,1,0.010005987,0
86,89,5452.394,1,0.988107979,1
161,94,5452.578,1,0.010199691,0
246,95,5452.608,1,0.009864293,0
119,95,5452.638,1,0.004591775,0
152,108,5453.083,1,0.005502532,0
334,117,5453.386,1,0.007287669,0
32,120,5453.491,1,0.011890066,0
31,121,5453.551,1,0.009543949,0
158,125,5453.673,1,0.006787961,0
206,135,5454.022,1,0.048202589,0
151,147,5454.447,1,0.036091555,0
243,149,5454.516,1,0.021671772,0
243,150,5454.56,1,0.027173430,0
95,152,5454.632,1,0.015714960,0
335,160,5454.929,1,0.010600183,0
328,165,5455.082,1,0.006775200,0
331,165,5455.082,1,0.006455326,0
336,167,5455.151,1,0.007183653,0
168,168,5455.183,1,0.011289207,0
127,168,5455.201,1,0.009440078,0
51,169,5455.22,1,0.008991472,0
163,172,5455.323,1,0.010639202,0
54,173,5455.362,1,0.008937472,0
257,180,5455.631,1,0.009182498,0
48,188,5455.908,1,0.008589265,0
85,92,5456.73,0,0.993514538,1
302,240,5457.737,1,0.006801009,0
158,242,5457.812,1,0.008659117,0
198,256,5458.304,1,0.009923677,0
87,90,5459.828,1,0.996123374,1
88,91,5461.102,1,0.991927385,1
84,91,5463.354,0,0.999740064,1
85,92,5464.273,0,0.999482274,1
85,91,5474.575,1,0.999817073,1
86,90,5475.041,1,0.999032497,1
85,90,5476.484,1,0.999604404,1
86,91,5476.561,1,0.999830484,1
83,92,5477.587,0,0.947686791,1
87,91,5478.945,1,0.031384028,0
88,89,5479.023,1,0.947887778,1
249,8,5480.008,1,0.006696066,0
160,29,5480.761,1,0.009759635,0
184,43,5481.235,1,0.009296046,0
173,49,5481.452,1,0.004786436,0
174,50,5481.479,1,0.018252049,0
173,50,5481.497,1,0.009616720,0
169,52,5481.551,1,0.009422634,0
119,56,5481.686,1,0.009335917,0
112,58,5481.772,1,0.008965320,0
252,67,5482.081,1,0.027160680,0
128,72,5482.256,1,0.050824571,0
63,79,5482.496,1,0.033891615,0
128,80,5482.547,1,0.052857857,0
59,86,5482.75,1,0.022354916,0
88,90,5482.908,1,0.038576059,0
91,96,5483.108,1,0.014547989,0
40,106,5483.458,1,0.009804488,0
30,112,5483.664,1,0.009532416,0
176,114,5483.757,1,0.009611730,0
200,115,5483.778,1,0.007888741,0
200,118,5483.879,1,0.008119047,0
89,120,5483.947,1,0.011632386,0
56,130,5484.306,1,0.009689135,0
121,135,5484.478,1,0.012163712,0
335,136,5484.503,1,0.007304364,0
232,136,5484.51,1,0.009430577,0
128,136,5484.52,1,0.013009696,0
238,139,5484.623,1,0.009712315,0
136,142,5484.732,1,0.012703334,0
120,143,5484.758,1,0.011667573,0
112,149,5484.969,1,0.010659373,0
199,149,5484.982,1,0.008167810,0
338,158,5485.286,1,0.007166506,0
15,163,5485.459,1,0.008417331,0
69,168,5485.648,1,0.009182690,0
64,174,5485.861,1,0.008947015,0
174,179,5486.042,1,0.016467951,0
208,191,5486.453,1,0.011510790,0
102,201,5486.815,1,0.014066689,0
45,208,5487.062,1,0.008099470,0
144,216,5487.35,1,0.010237049,0
147,217,5487.368,1,0.009580208,0
167,217,5487.387,1,0.009411442,0
124,227,5487.735,1,0.009011055,0
175,237,5488.09,1,0.009077369,0
114,11,5489.656,1,0.009864707,0
208,12,5489.681,1,0.006428188,0
194,14,5489.76,1,0.006521097,0
192,22,5490.037,1,0.010683647,0
73,30,5490.318,1,0.042240035,0
199,36,5490.534,1,0.013017572,0
135,38,5490.6,1,0.048951264,0
141,39,5490.631,1,0.049159039,0
84,93,5490.923,0,0.894186139,0
87,92,5491.028,1,0.999996662,1
24,51,5491.06,1,0.005515558,0
24,52,5491.092,1,0.011771845,0
174,62,5491.462,1,0.009166759,0
33,64,5491.522,1,0.003574119,0
59,70,5491.736,1,0.008405510,0
162,71,5491.762,1,0.009243203,0
85,93,5492.16,0,0.999969602,1
215,85,5492.277,1,0.008561864,0
184,91,5492.471,1,0.009173886,0
86,91,5492.479,1,0.999721944,1
85,92,5492.5,1,0.999998331,1
86,92,5492.505,1,0.999998093,1
192,92,5492.523,1,0.008727265,0
186,95,5492.616,1,0.009174653,0
194,96,5492.667,1,0.008520490,0
83,92,5492.816,0,0.981024265,1
207,108,5493.081,1,0.008798691,0
229,125,5493.671,1,0.009997318,0
83,93,5493.788,0,0.995184958,1
224,132,5493.926,1,0.009798707,0
172,144,5494.343,1,0.033505920,0
186,144,5494.35,1,0.031935871,0
230,158,5494.837,1,0.033712864,0
171,159,5494.865,1,0.024465239,0
159,164,5495.054,1,0.011347411,0
165,164,5495.068,1,0.009999434,0
161,168,5495.185,1,0.010412253,0
95,175,5495.434,1,0.009695008,0
115,180,5495.607,1,0.009003535,0
7,198,5496.245,1,0.008349735,0
66,203,5496.425,1,0.009883019,0
164,245,5497.901,1,0.009442125,0
85,91,5505.317,1,0.962745965,1
84,92,5514.148,1,0.031789005,0
83,93,5516.037,0,0.988056660,1
85,94,5518.602,0,0.806003332,0
76,3,5519.825,1,0.009486726,0
216,16,5520.285,1,0.006422590,0
119,21,5520.459,1,0.009518146,0
221,32,5520.853,1,0.007928436,0
54,35,5520.948,1,0.009075460,0
129,39,5521.099,1,0.009025216,0
80,42,5521.204,1,0.009091750,0
86,46,5521.333,1,0.005183916,0
183,46,5521.342,1,0.008969193,0
86,47,5521.368,1,0.017300971,0
9,51,5521.514,1,0.008968540,0
327,55,5521.651,1,0.006934339,0
229,56,5521.7,1,0.009357132,0
265,60,5521.825,1,0.009871878,0
59,63,5521.937,1,0.008754632,0
125,64,5521.988,1,0.008928275,0
138,67,5522.098,1,0.050048970,0
46,68,5522.114,1,0.028412955,0
39,69,5522.168,1,0.023579804,0
36,78,5522.471,1,0.019067885,0
57,79,5522.5,1,0.024039686,0
270,79,5522.519,1,0.021040145,0
155,83,5522.651,1,0.088164389,0
313,84,5522.687,1,0.011096481,0
155,84,5522.7,1,0.087452635,0
207,85,5522.719,1,0.047864072,0
92,85,5522.726,1,0.020220039,0
312,86,5522.76,1,0.011175928,0
83,92,5522.76,1,0.050763581,0
92,88,5522.816,1,0.011110554,0
323,88,5522.837,1,0.010670618,0
131,90,5522.901,1,0.056303423,0
86,91,5522.919,1,0.079446144,0
86,92,5522.952,1,0.179204464,0
6,92,5522.979,1,0.013955224,0
123,95,5523.073,1,0.006235693,0
186,96,5523.11,1,0.009129100,0
34,99,5523.215,1,0.009959351,0
22,100,5523.246,1,0.009560782,0
72,101,5523.278,1,0.013647308,0
43,102,5523.306,1,0.009803377,0
68,102,5523.327,1,0.012360054,0
0,107,5523.487,1,0.009257581,0
70,110,5523.602,1,0.012055670,0
306,111,5523.625,1,0.007953604,0
225,111,5523.631,1,0.006446829,0
72,111,5523.641,1,0.011401075,0
224,112,5523.663,1,0.012370169,0
46,115,5523.79,1,0.009800211,0
314,117,5523.838,1,0.007908444,0
21,120,5523.945,1,0.009305783,0
336,125,5524.122,1,0.007390463,0
227,127,5524.2,1,0.009537473,0
147,140,5524.657,1,0.012626994,0
178,141,5524.689,1,0.005570807,0
338,144,5524.789,1,0.007209249,0
278,144,5524.798,1,0.009950684,0
157,151,5525.034,1,0.012637373,0
74,152,5525.074,1,0.009513934,0
79,154,5525.139,1,0.009138871,0
128,154,5525.15,1,0.011086931,0
2,156,5525.214,1,0.008673157,0
207,162,5525.424,1,0.008623962,0
199,162,5525.431,1,0.003897808,0
237,168,5525.659,1,0.010418520,0
325,173,5525.837,1,0.009633452,0
325,175,5525.885,1,0.008096077,0
148,175,5525.895,1,0.010009525,0
136,176,5525.928,1,0.010233615,0
137,180,5526.07,1,0.015581462,0
163,184,5526.196,1,0.057220079,0
19,184,5526.213,1,0.013727161,0
164,184,5526.224,1,0.030711504,0
23,187,5526.308,1,0.013751365,0
91,189,5526.385,1,0.014377653,0
40,191,5526.448,1,0.013880353,0
95,192,5526.51,1,0.014305913,0
88,194,5526.558,1,0.014261823,0
120,197,5526.662,1,0.014129015,0
94,198,5526.705,1,0.014200201,0
280,199,5526.728,1,0.011310133,0
103,200,5526.786,1,0.014073866,0
72,206,5526.984,1,0.013928001,0
182,211,5527.154,1,0.009590515,0
207,224,5527.622,1,0.008596248,0
85,94,5527.743,0,0.995381474,1
55,230,5527.834,1,0.008115284,0
152,241,5528.23,1,0.010386432,0
84,254,5528.675,1,0.009589723,0
39,4,5529.401,1,0.009417210,0
12,7,5529.51,1,0.009120758,0
188,13,5529.722,1,0.006970995,0
208,15,5529.797,1,0.006496017,0
172,16,5529.823,1,0.008464631,0
194,18,5529.899,1,0.007082009,0
268,20,5529.963,1,0.007107238,0
231,22,5530.047,1,0.010269344,0
267,23,5530.074,1,0.010363926,0
215,36,5530.527,1,0.012081078,0
334,37,5530.569,1,0.009816058,0
317,38,5530.599,1,0.010063307,0
209,39,5530.638,1,0.013333055,0
313,40,5530.682,1,0.010135696,0
316,47,5530.931,1,0.010089749,0
32,48,5530.949,1,0.042680573,0
2,48,5530.963,1,0.023235496,0
151,50,5531.031,1,0.008683190,0
283,54,5531.167,1,0.008064951,0
144,56,5531.24,1,0.009179176,0
285,69,5531.691,1,0.008793104,0
192,72,5531.804,1,0.009340382,0
111,78,5532.028,1,0.012049652,0
164,80,5532.098,1,0.009809284,0
230,82,5532.153,1,0.009401459,0
161,82,5532.164,1,0.010214973,0
83,94,5532.287,0,0.992317796,1
291,86,5532.308,1,0.009070652,0
86,93,5532.442,1,0.995432019,1
95,91,5532.468,1,0.005062930,0
69,96,5532.643,1,0.012448246,0
275,96,5532.652,1,0.009501694,0
288,104,5532.931,1,0.010065036,0
222,107,5533.034,1,0.010050870,0
239,110,5533.145,1,0.009719849,0
155,113,5533.251,1,0.005958125,0
93,114,5533.28,1,0.012112636,0
78,119,5533.464,1,0.011219300,0
77,122,5533.569,1,0.013133559,0
108,126,5533.707,1,0.012660944,0
47,128,5533.779,1,0.009828214,0
227,136,5534.058,1,0.039158687,0
231,136,5534.071,1,0.029427243,0
134,140,5534.207,1,0.035378050,0
197,148,5534.486,1,0.022831310,0
1,172,5535.335,1,0.008281700,0
116,228,5537.309,1,0.009173626,0
84,94,5537.331,0,0.996897936,1
84,93,5538.262,1,0.997371435,1
85,92,5541.77,1,0.966778994,1
85,93,5543.259,1,0.990804791,1
84,92,5553.406,1,0.946363628,1
85,94,5553.999,1,0.974080622,1
83,93,5555.306,1,0.971576810,1
103,2,5559.809,1,0.008241042,0
102,3,5559.819,1,0.008033157,0
318,3,5559.829,1,0.006367199,0
58,6,5559.93,1,0.009371021,0
268,28,5560.712,1,0.007328923,0
151,40,5561.136,1,0.009294334,0
145,45,5561.311,1,0.008867091,0
234,47,5561.37,1,0.010283597,0
28,48,5561.407,1,0.008919258,0
285,60,5561.836,1,0.008882699,0
235,62,5561.916,1,0.009653253,0
167,78,5562.466,1,0.055584669,0
234,85,5562.713,1,0.044560026,0
83,92,5562.95,1,0.031486835,0
66,92,5562.957,1,0.025279347,0
40,99,5563.211,1,0.010185294,0
47,99,5563.223,1,0.010633562,0
52,102,5563.312,1,0.010455462,0
193,108,5563.547,1,0.009418735,0
191,109,5563.567,1,0.008623093,0
204,111,5563.641,1,0.009006892,0
222,112,5563.686,1,0.009361438,0
9,116,5563.8,1,0.008978684,0
82,95,5563.907,0,0.984220624,1
109,132,5564.366,1,0.012018188,0
227,141,5564.681,1,0.009265517,0
226,143,5564.758,1,0.009683440,0
241,143,5564.766,1,0.009090413,0
85,93,5564.987,1,0.979688466,1
232,157,5565.251,1,0.009630682,0
232,161,5565.405,1,0.010411979,0
97,175,5565.895,1,0.011102077,0
95,175,5565.911,1,0.012132240,0
85,182,5566.157,1,0.014441390,0
122,183,5566.17,1,0.014040670,0
123,184,5566.229,1,0.017319895,0
82,94,5566.277,0,0.979162812,1
120,190,5566.415,1,0.014234209,0
73,195,5566.6,1,0.014117191,0
320,198,5566.699,1,0.010839753,0
184,200,5566.765,1,0.012102488,0
200,200,5566.783,1,0.010633823,0
59,207,5567.02,1,0.008908659,0
152,213,5567.226,1,0.008587020,0
155,216,5567.353,1,0.007921882,0
22,219,5567.435,1,0.008017093,0
15,220,5567.476,1,0.007898745,0
183,224,5567.608,1,0.008267827,0
83,95,5567.806,0,0.996229231,1
317,4,5569.41,1,0.006702653,0
112,8,5569.541,1,0.009860395,0
323,8,5569.569,1,0.006991784,0
171,12,5569.697,1,0.008576232,0
110,14,5569.755,1,0.009617475,0
167,15,5569.785,1,0.009355554,0
40,16,5569.824,1,0.009338008,0
258,20,5569.964,1,0.007066609,0
64,20,5569.992,1,0.009300184,0
61,22,5570.039,1,0.039455123,0
128,26,5570.189,1,0.044491265,0
176,28,5570.253,1,0.020196304,0
203,38,5570.599,1,0.013187908,0
290,38,5570.609,1,0.010460509,0
247,39,5570.635,1,0.011521528,0
16,40,5570.673,1,0.041875612,0
24,40,5570.682,1,0.045937765,0
248,43,5570.771,1,0.011983660,0
254,47,5570.921,1,0.012274357,0
25,48,5570.949,1,0.038634956,0
24,52,5571.091,1,0.008657182,0
114,74,5571.876,1,0.010143704,0
32,48,5572.231,1,0.008812212,0
88,92,5572.513,1,0.778892338,0
82,93,5572.542,1,0.956227303,1
49,94,5572.571,1,0.011171318,0
303,96,5572.651,1,0.007871022,0
303,99,5572.761,1,0.008392738,0
66,106,5573.009,1,0.011267890,0
49,108,5573.069,1,0.010030863,0
225,112,5573.211,1,0.009570575,0
224,114,5573.29,1,0.009801359,0
248,119,5573.461,1,0.009808641,0
292,124,5573.651,1,0.009233980,0
84,93,5574.132,1,0.999907613,1
312,144,5574.337,1,0.011486103,0
144,151,5574.597,1,0.031185770,0
42,159,5574.874,1,0.014337004,0
26,160,5574.924,1,0.014089714,0
197,188,5575.9,1,0.009131934,0
91,191,5576.004,1,0.008799302,0
83,94,5576.089,1,0.999821484,1
9,197,5576.218,1,0.008302400,0
82,95,5576.599,0,0.999992609,1
83,95,5576.768,0,0.999996901,1
116,214,5576.808,1,0.009738413,0
197,223,5577.147,1,0.007100818,0
325,229,5577.343,1,0.007401977,0
166,232,5577.444,1,0.009305163,0
137,245,5577.923,1,0.008452562,0
82,94,5586.115,1,0.031183761,0
84,96,5593.289,0,0.988049448,1
82,96,5594.773,0,0.812096357,0
81,96,5599.022,0,0.996827424,1
259,6,5599.93,1,0.006768718,0
61,8,5599.991,1,0.009250188,0
138,14,5600.229,1,0.009431936,0
304,16,5600.288,1,0.007067764,0
309,20,5600.428,1,0.006872837,0
55,48,5601.421,1,0.009376703,0
220,59,5601.801,1,0.009314411,0
179,77,5602.437,1,0.051827457,0
38,79,5602.496,1,0.019341454,0
85,94,5603.022,1,0.999758422,1
84,94,5603.032,1,0.999617934,1
82,96,5603.042,0,0.999720871,1
16,96,5603.099,1,0.010002355,0
61,103,5603.347,1,0.011468375,0
126,111,5603.63,1,0.012744493,0
27,112,5603.667,1,0.009625108,0
142,118,5603.883,1,0.017866150,0
342,124,5604.081,1,0.007293865,0
331,134,5604.432,1,0.007643461,0
80,95,5604.453,0,0.996514261,1
132,138,5604.58,1,0.013972761,0
128,150,5605.0,1,0.011819496,0
36,150,5605.029,1,0.009502847,0
47,151,5605.044,1,0.008951269,0
81,95,5605.064,0,0.999645352,1
40,152,5605.099,1,0.008925659,0
59,167,5605.626,1,0.009570874,0
58,168,5605.64,1,0.012487117,0
208,176,5605.921,1,0.004016450,0
52,190,5606.432,1,0.014013843,0
71,191,5606.453,1,0.014161931,0
240,194,5606.551,1,0.012945760,0
322,200,5606.772,1,0.010784404,0
323,207,5607.015,1,0.007683916,0
121,223,5607.579,1,0.009234417,0
286,228,5607.754,1,0.007360873,0
72,240,5608.179,1,0.009564521,0
8,255,5608.702,1,0.008584601,0
30,2,5609.334,1,0.009287860,0
197,5,5609.443,1,0.006906895,0
256,15,5609.791,1,0.006850782,0
203,18,5609.892,1,0.007432343,0
81,96,5609.966,0,0.999633074,1
64,22,5610.034,1,0.039816696,0
149,25,5610.152,1,0.044462368,0
232,28,5610.253,1,0.010708306,0
239,30,5610.314,1,0.010801811,0
32,37,5610.573,1,0.047176033,0
213,38,5610.602,1,0.012739142,0
15,39,5610.638,1,0.041862190,0
72,40,5610.673,1,0.046347581,0
83,96,5611.019,0,0.998493671,1
104,52,5611.099,1,0.009239073,0
102,53,5611.133,1,0.009612635,0
34,58,5611.319,1,0.008707794,0
130,59,5611.337,1,0.008879164,0
97,60,5611.384,1,0.008557631,0
22,67,5611.631,1,0.009237044,0
67,70,5611.745,1,0.008601459,0
204,80,5612.076,1,0.008896441,0
253,94,5612.576,1,0.009099614,0
252,108,5613.072,1,0.009495404,0
47,115,5613.317,1,0.009738712,0
171,167,5615.152,1,0.011126120,0
159,190,5615.959,1,0.009770498,0
336,190,5615.976,1,0.007542678,0
80,96,5616.031,0,0.997529685,1
47,211,5616.701,1,0.008135521,0
125,222,5617.095,1,0.008717291,0
83,94,5617.147,1,0.996337056,1
177,224,5617.184,1,0.008852889,0
147,241,5617.776,1,0.008096900,0
82,95,5618.813,1,0.999203265,1
81,95,5622.934,1,0.998727977,1
82,94,5623.386,1,0.994001925,1
81,94,5625.195,1,0.954410851,1
80,96,5638.247,0,0.998694003,1
83,95,5639.729,1,0.981979132,1
79,96,5639.989,0,0.996920228,1
204,22,5640.491,1,0.007489431,0
47,24,5640.565,1,0.008756266,0
201,35,5640.963,1,0.008544440,0
303,54,5641.62,1,0.007925151,0
301,64,5641.97,1,0.008360604,0
124,64,5641.983,1,0.009734618,0
238,69,5642.15,1,0.044465758,0
84,96,5642.473,1,0.954598963,1
136,79,5642.503,1,0.053629171,0
311,84,5642.685,1,0.011195548,0
298,85,5642.715,1,0.012018449,0
51,93,5642.989,1,0.018679760,0
202,93,5643.013,1,0.008855420,0
114,94,5643.022,1,0.004695748,0
244,96,5643.098,1,0.009422312,0
7,101,5643.278,1,0.009422206,0
297,102,5643.315,1,0.008757152,0
37,103,5643.353,1,0.009643315,0
80,97,5643.515,0,0.996922076,1
54,110,5643.597,1,0.010183755,0
268,111,5643.627,1,0.010487458,0
76,119,5643.918,1,0.010744119,0
148,122,5644.022,1,0.016157465,0
1,125,5644.116,1,0.008576009,0
64,125,5644.132,1,0.009854211,0
111,126,5644.168,1,0.012160487,0
112,128,5644.232,1,0.012529555,0
144,128,5644.245,1,0.016210871,0
221,128,5644.245,1,0.009599334,0
63,134,5644.443,1,0.009288628,0
222,135,5644.498,1,0.009790758,0
64,136,5644.518,1,0.009420996,0
313,139,5644.627,1,0.007876633,0
269,142,5644.733,1,0.010790919,0
178,152,5645.083,1,0.012895119,0
96,155,5645.18,1,0.009311706,0
81,97,5645.204,0,0.996639252,1
177,156,5645.213,1,0.012274038,0
177,160,5645.362,1,0.009529094,0
225,161,5645.403,1,0.009008774,0
186,167,5645.612,1,0.009311939,0
208,168,5645.647,1,0.003705985,0
317,171,5645.754,1,0.008038596,0
320,180,5646.08,1,0.010903073,0
327,184,5646.196,1,0.010749752,0
108,187,5646.315,1,0.014257927,0
184,189,5646.395,1,0.012425411,0
104,196,5646.624,1,0.014133572,0
238,208,5647.047,1,0.008231530,0
2,215,5647.303,1,0.008111024,0
153,216,5647.355,1,0.008944106,0
41,225,5647.656,1,0.008437827,0
190,229,5647.804,1,0.007587786,0
69,238,5648.104,1,0.007989937,0
88,246,5648.385,1,0.008342809,0
83,254,5648.675,1,0.007794301,0
84,256,5648.74,1,0.008434545,0
320,259,5648.85,1,0.006632754,0
104,2,5649.357,1,0.009589334,0
184,6,5649.469,1,0.006686923,0
200,10,5649.609,1,0.006437303,0
206,14,5649.752,1,0.006281298,0
158,16,5649.822,1,0.009836546,0
84,22,5650.037,1,0.041817494,0
62,24,5650.11,1,0.039659686,0
57,25,5650.139,1,0.039635818,0
67,26,5650.179,1,0.040510774,0
330,29,5650.283,1,0.009814778,0
174,34,5650.47,1,0.035434127,0
147,38,5650.602,1,0.055933505,0
75,39,5650.633,1,0.045794994,0
147,40,5650.671,1,0.060809217,0
280,40,5650.671,1,0.010568194,0
223,49,5650.996,1,0.023694390,0
220,50,5651.024,1,0.009305391,0
236,59,5651.366,1,0.009257650,0
171,60,5651.385,1,0.008555616,0
286,62,5651.452,1,0.008137768,0
217,64,5651.531,1,0.006141063,0
217,68,5651.657,1,0.006272949,0
99,77,5651.984,1,0.008935838,0
102,79,5652.046,1,0.009024086,0
105,86,5652.297,1,0.009618774,0
152,93,5652.538,1,0.011164273,0
163,101,5652.826,1,0.010448661,0
65,104,5652.932,1,0.011452438,0
150,108,5653.081,1,0.005558213,0
17,111,5653.172,1,0.009389720,0
243,115,5653.329,1,0.006182894,0
242,116,5653.355,1,0.010913049,0
215,118,5653.421,1,0.009441831,0
62,120,5653.493,1,0.010225609,0
46,120,5653.517,1,0.009819165,0
292,125,5653.697,1,0.009401628,0
218,128,5653.772,1,0.009547926,0
324,128,5653.782,1,0.007642004,0
79,97,5653.822,0,0.991212904,1
7,131,5653.883,1,0.008610902,0
80,134,5653.985,1,0.010243157,0
328,134,5654.005,1,0.010712869,0
320,135,5654.023,1,0.011074954,0
323,144,5654.341,1,0.010999872,0
87,147,5654.455,1,0.016125213,0
322,149,5654.543,1,0.011011577,0
79,157,5654.794,1,0.014941083,0
73,158,5654.849,1,0.014825325,0
30,163,5655.018,1,0.009102543,0
111,222,5657.09,1,0.009036575,0
81,95,5657.34,1,0.999127924,1
74,235,5657.564,1,0.008228113,0
162,237,5657.638,1,0.009242806,0
80,95,5658.06,1,0.999999762,1
80,96,5659.736,1,0.999692678,1
83,96,5664.153,1,0.995051920,1
82,98,5664.242,0,0.990012765,1
81,98,5674.821,0,0.992323279,1
82,98,5676.438,0,0.999612510,1
79,98,5676.71,0,0.994113982,1
255,7,5679.965,1,0.006791228,0
242,19,5680.393,1,0.007030668,0
85,36,5680.991,1,0.008745681,0
211,48,5681.412,1,0.013348620,0
38,64,5681.981,1,0.009031927,0
82,72,5682.253,1,0.043135673,0
96,72,5682.254,1,0.048539765,0
85,77,5682.431,1,0.040840037,0
255,80,5682.537,1,0.037241966,0
251,83,5682.654,1,0.042836916,0
332,84,5682.683,1,0.010278469,0
103,86,5682.764,1,0.044857606,0
33,88,5682.834,1,0.016983168,0
248,93,5683.0,1,0.009427228,0
152,94,5683.04,1,0.010863302,0
32,48,5683.074,1,0.008818767,0
32,95,5683.085,1,0.010408108,0
6,96,5683.095,1,0.009422006,0
232,96,5683.1,1,0.009414359,0
336,96,5683.124,1,0.007108931,0
81,97,5683.131,1,0.999999881,1
294,100,5683.24,1,0.008993394,0
88,103,5683.36,1,0.014424603,0
295,104,5683.375,1,0.009113180,0
336,107,5683.498,1,0.007227400,0
292,109,5683.559,1,0.009422091,0
40,111,5683.633,1,0.009918876,0
239,111,5683.654,1,0.009515530,0
144,114,5683.743,1,0.009568378,0
89,117,5683.836,1,0.011925485,0
74,118,5683.88,1,0.010644267,0
141,119,5683.925,1,0.017602196,0
112,120,5683.947,1,0.013637349,0
176,120,5683.966,1,0.008888956,0
122,126,5684.164,1,0.011569301,0
173,127,5684.216,1,0.004749647,0
118,130,5684.297,1,0.009154601,0
176,131,5684.331,1,0.004834757,0
81,98,5684.351,0,0.999999285,1
171,136,5684.513,1,0.006333707,0
249,136,5684.527,1,0.008962587,0
308,150,5685.01,1,0.008015508,0
145,151,5685.041,1,0.012439017,0
167,151,5685.042,1,0.012463930,0
209,156,5685.21,1,0.008684511,0
166,167,5685.603,1,0.010018233,0
167,167,5685.617,1,0.009145458,0
195,172,5685.799,1,0.009486578,0
174,173,5685.818,1,0.009890973,0
264,178,5685.995,1,0.008910992,0
168,184,5686.205,1,0.016532945,0
335,187,5686.312,1,0.010668664,0
289,191,5686.467,1,0.011515875,0
152,197,5686.657,1,0.016207637,0
253,208,5687.053,1,0.008403079,0
80,98,5687.295,0,0.998894155,1
168,218,5687.398,1,0.009834428,0
150,220,5687.485,1,0.009381128,0
183,224,5687.619,1,0.008709642,0
125,231,5687.856,1,0.009764778,0
100,239,5688.151,1,0.009501833,0
47,254,5688.68,1,0.007858126,0
287,256,5688.768,1,0.006658481,0
31,259,5688.843,1,0.007951482,0
82,96,5688.885,1,0.999214053,1
112,6,5689.468,1,0.009690179,0
237,6,5689.472,1,0.007643672,0
47,7,5689.506,1,0.008985590,0
231,8,5689.554,1,0.007430292,0
132,13,5689.716,1,0.010193272,0
140,14,5689.749,1,0.009644646,0
156,14,5689.758,1,0.009711577,0
199,14,5689.765,1,0.007360465,0
179,23,5690.071,1,0.012353100,0
130,23,5690.079,1,0.044444285,0
45,31,5690.366,1,0.042728186,0
140,38,5690.598,1,0.048991378,0
68,38,5690.612,1,0.045393825,0
116,38,5690.612,1,0.049057528,0
312,42,5690.747,1,0.010140252,0
246,45,5690.857,1,0.012574027,0
260,48,5690.949,1,0.012083086,0
59,48,5690.979,1,0.047611382,0
271,56,5691.234,1,0.008377094,0
262,56,5691.254,1,0.009183722,0
338,63,5691.48,1,0.006535320,0
63,69,5691.693,1,0.011767241,0
135,70,5691.733,1,0.009099016,0
200,77,5691.977,1,0.008917361,0
204,80,5692.077,1,0.009044706,0
176,87,5692.328,1,0.009622435,0
300,88,5692.361,1,0.008628216,0
172,92,5692.506,1,0.009850940,0
297,93,5692.542,1,0.008437533,0
130,95,5692.623,1,0.011087605,0
117,98,5692.73,1,0.005095410,0
31,99,5692.777,1,0.009539158,0
34,108,5693.067,1,0.010087467,0
226,108,5693.078,1,0.009742046,0
187,109,5693.107,1,0.008792381,0
47,111,5693.17,1,0.010048844,0
202,111,5693.185,1,0.009186747,0
228,112,5693.212,1,0.009587498,0
63,119,5693.458,1,0.012073607,0
65,120,5693.494,1,0.010913203,0
61,126,5693.71,1,0.009534005,0
271,133,5693.955,1,0.012143617,0
5,143,5694.309,1,0.013787129,0
150,150,5694.562,1,0.032899030,0
130,165,5695.091,1,0.009955915,0
46,186,5695.817,1,0.008512205,0
72,199,5696.281,1,0.009388057,0
125,220,5697.03,1,0.008522025,0
12,238,5697.664,1,0.008180367,0
82,98,5698.235,1,0.997694790,1
79,98,5701.831,0,0.998747349,1
80,97,5702.432,1,0.999789298,1
82,97,5702.818,1,0.919582069,1
81,99,5702.897,0,0.816201806,0
79,97,5703.99,1,0.997383893,1
78,98,5707.974,0,0.999569476,1
262,73,5714.206,1,0.023565592,0
80,99,5716.209,0,0.999094367,1
79,99,5717.167,0,0.999740541,1
96,9,5720.035,1,0.009749008,0
80,98,5720.082,1,0.973311305,1
136,12,5720.137,1,0.009244221,0
42,15,5720.246,1,0.009329014,0
48,16,5720.304,1,0.009065273,0
303,28,5720.707,1,0.007034222,0
242,37,5721.012,1,0.008150260,0
81,39,5721.091,1,0.008875905,0
39,45,5721.313,1,0.008343725,0
42,48,5721.408,1,0.009466566,0
170,55,5721.659,1,0.009012960,0
96,58,5721.769,1,0.008888389,0
95,63,5721.948,1,0.009363335,0
212,71,5722.213,1,0.047940623,0
157,71,5722.226,1,0.054079391,0
104,72,5722.256,1,0.049024805,0
104,77,5722.438,1,0.049818553,0
195,78,5722.466,1,0.049378119,0
102,82,5722.612,1,0.046171200,0
236,83,5722.639,1,0.044538338,0
231,85,5722.722,1,0.044589948,0
32,92,5722.954,1,0.016535977,0
151,99,5723.206,1,0.006724445,0
146,99,5723.219,1,0.005637063,0
110,111,5723.648,1,0.015702169,0
123,116,5723.806,1,0.016376158,0
152,120,5723.954,1,0.009736835,0
49,124,5724.086,1,0.009487031,0
7,124,5724.108,1,0.008856881,0
43,125,5724.138,1,0.009087424,0
248,127,5724.206,1,0.009743090,0
32,129,5724.282,1,0.009507659,0
209,132,5724.365,1,0.009037161,0
17,132,5724.374,1,0.009049502,0
23,133,5724.408,1,0.008943904,0
38,133,5724.408,1,0.008121723,0
38,134,5724.452,1,0.013873117,0
200,135,5724.475,1,0.009229380,0
276,138,5724.605,1,0.009844152,0
220,143,5724.751,1,0.007007985,0
219,144,5724.789,1,0.008509175,0
152,147,5724.902,1,0.013263194,0
20,149,5724.974,1,0.008983463,0
131,151,5725.038,1,0.011528187,0
44,152,5725.082,1,0.008901929,0
221,152,5725.095,1,0.009701130,0
41,157,5725.252,1,0.008718230,0
314,159,5725.316,1,0.007956667,0
36,159,5725.339,1,0.008930253,0
9,164,5725.513,1,0.008824041,0
218,167,5725.603,1,0.008590418,0
223,168,5725.647,1,0.009211985,0
166,170,5725.707,1,0.011020726,0
216,171,5725.744,1,0.008630430,0
136,171,5725.768,1,0.010192046,0
321,173,5725.817,1,0.007925758,0
165,174,5725.861,1,0.010726821,0
144,182,5726.133,1,0.015923537,0
144,184,5726.206,1,0.015639164,0
62,189,5726.383,1,0.014119552,0
40,195,5726.598,1,0.013816179,0
158,198,5726.691,1,0.015919518,0
27,198,5726.706,1,0.013612336,0
145,198,5726.721,1,0.015193829,0
80,99,5726.838,0,0.816405118,0
40,212,5727.212,1,0.008560540,0
133,214,5727.267,1,0.008823319,0
56,215,5727.3,1,0.008775259,0
160,224,5727.616,1,0.009177797,0
168,231,5727.864,1,0.008924765,0
67,240,5728.195,1,0.007908287,0
79,98,5728.401,1,0.988311589,1
84,254,5728.681,1,0.008550975,0
74,4,5729.402,1,0.009804501,0
30,6,5729.472,1,0.009231416,0
107,10,5729.615,1,0.009568945,0
224,10,5729.616,1,0.007046279,0
19,13,5729.746,1,0.008705840,0
234,14,5729.757,1,0.006945068,0
304,15,5729.796,1,0.006841860,0
207,21,5730.008,1,0.010199403,0
202,21,5730.027,1,0.010255240,0
200,22,5730.035,1,0.010368622,0
333,22,5730.055,1,0.009722340,0
293,24,5730.133,1,0.010225740,0
244,27,5730.215,1,0.010618147,0
55,29,5730.282,1,0.040510155,0
63,30,5730.318,1,0.041234825,0
88,32,5730.39,1,0.021679310,0
113,35,5730.502,1,0.047488555,0
88,36,5730.527,1,0.023239123,0
281,40,5730.67,1,0.010554259,0
86,40,5730.678,1,0.046114903,0
282,45,5730.843,1,0.010573567,0
279,46,5730.885,1,0.010655954,0
299,48,5730.955,1,0.010405338,0
91,69,5731.695,1,0.011041027,0
176,71,5731.763,1,0.009179328,0
32,48,5731.781,1,0.009010089,0
103,76,5731.964,1,0.009626822,0
63,79,5732.047,1,0.003875559,0
5,88,5732.367,1,0.009538244,0
80,98,5732.713,1,0.994757056,1
3,100,5732.814,1,0.007977723,0
5,102,5732.859,1,0.007490501,0
282,106,5732.996,1,0.010518127,0
21,112,5733.213,1,0.009746845,0
24,120,5733.5,1,0.009725665,0
70,144,5734.338,1,0.015217306,0
84,156,5734.765,1,0.015060054,0
47,170,5735.256,1,0.008549075,0
52,175,5735.434,1,0.009055195,0
71,176,5735.491,1,0.009206577,0
71,177,5735.511,1,0.007931377,0
67,183,5735.722,1,0.009402307,0
45,188,5735.893,1,0.008959064,0
137,233,5737.499,1,0.008411128,0
79,100,5747.002,0,0.999658942,1
78,99,5747.415,0,0.999894500,1
80,100,5747.79,0,0.999903083,1
79,98,5747.873,1,0.999998093,1
78,98,5748.062,1,0.999997973,1
78,100,5749.183,0,0.994834423,1
77,99,5755.137,0,0.989096701,1
79,99,5758.984,1,0.030124178,0
31,5,5759.892,1,0.008731485,0
235,7,5759.968,1,0.006631984,0
40,10,5760.068,1,0.009050871,0
272,29,5760.737,1,0.007386546,0
150,38,5761.062,1,0.009085995,0
85,40,5761.127,1,0.009088322,0
82,44,5761.262,1,0.009054780,0
138,44,5761.289,1,0.008995867,0
226,47,5761.387,1,0.009885459,0
82,56,5761.684,1,0.006905718,0
216,59,5761.79,1,0.009222898,0
86,60,5761.834,1,0.005264364,0
240,194,5761.837,1,0.009037144,0
136,61,5761.869,1,0.009106466,0
171,62,5761.908,1,0.009138607,0
135,66,5762.037,1,0.049686648,0
130,70,5762.184,1,0.039340466,0
302,71,5762.242,1,0.011054408,0
128,72,5762.257,1,0.040883221,0
222,75,5762.365,1,0.049306523,0
167,76,5762.398,1,0.054147948,0
234,77,5762.433,1,0.044555902,0
331,78,5762.476,1,0.010142809,0
256,80,5762.542,1,0.036138557,0
261,84,5762.678,1,0.031351592,0
167,84,5762.698,1,0.057325944,0
143,85,5762.727,1,0.056448620,0
193,86,5762.75,1,0.048653051,0
186,91,5762.932,1,0.049464781,0
80,99,5762.965,1,0.030797744,0
126,92,5762.966,1,0.055875674,0
96,94,5763.042,1,0.005603608,0
181,95,5763.083,1,0.008978671,0
190,96,5763.103,1,0.008870462,0
80,97,5763.13,1,0.999370754,1
81,97,5763.144,1,0.997800887,1
82,98,5763.166,1,0.989135027,1
285,104,5763.389,1,0.009635140,0
240,107,5763.491,1,0.009577797,0
323,108,5763.523,1,0.007744507,0
200,112,5763.67,1,0.008989068,0
127,112,5763.687,1,0.009775625,0
192,120,5763.956,1,0.008863668,0
143,121,5763.987,1,0.019107247,0
198,130,5764.301,1,0.008856722,0
192,130,5764.314,1,0.008916400,0
170,134,5764.44,1,0.006246331,0
180,138,5764.591,1,0.004242024,0
179,140,5764.647,1,0.004636808,0
214,140,5764.654,1,0.009631868,0
127,140,5764.668,1,0.012320511,0
209,141,5764.701,1,0.008966867,0
197,142,5764.729,1,0.008699706,0
227,144,5764.793,1,0.009264879,0
257,150,5765.0,1,0.011224443,0
18,151,5765.05,1,0.008377161,0
45,152,5765.07,1,0.009056360,0
78,157,5765.256,1,0.008992220,0
48,158,5765.288,1,0.009103054,0
131,158,5765.301,1,0.010601969,0
174,159,5765.316,1,0.011007464,0
194,159,5765.335,1,0.004428328,0
169,164,5765.504,1,0.011345415,0
4,164,5765.511,1,0.008692221,0
305,167,5765.602,1,0.008322816,0
175,170,5765.73,1,0.010017551,0
167,174,5765.854,1,0.010754600,0
12,175,5765.882,1,0.008214955,0
180,175,5765.889,1,0.009429383,0
117,178,5765.997,1,0.008930621,0
32,48,5766.007,1,0.043369412,0
303,188,5766.352,1,0.011376871,0
113,191,5766.454,1,0.014197778,0
318,196,5766.639,1,0.010897645,0
95,197,5766.662,1,0.014202444,0
180,200,5766.773,1,0.012664444,0
255,212,5767.192,1,0.008058369,0
103,213,5767.245,1,0.009776312,0
24,216,5767.325,1,0.008490372,0
62,216,5767.348,1,0.009308196,0
27,222,5767.546,1,0.008177686,0
122,223,5767.577,1,0.009243972,0
306,228,5767.757,1,0.007142920,0
148,239,5768.145,1,0.009109254,0
221,242,5768.25,1,0.004846831,0
253,246,5768.387,1,0.006337042,0
256,247,5768.449,1,0.006352099,0
63,248,5768.46,1,0.007873327,0
78,99,5768.47,1,0.997705281,1
53,255,5768.706,1,0.008158618,0
226,256,5768.757,1,0.004752423,0
92,3,5769.367,1,0.009874712,0
36,4,5769.398,1,0.009249804,0
87,6,5769.47,1,0.009696793,0
267,6,5769.484,1,0.007546895,0
90,8,5769.54,1,0.009032460,0
91,8,5769.54,1,0.006390497,0
92,9,5769.586,1,0.009037307,0
8,14,5769.762,1,0.009225791,0
10,15,5769.793,1,0.009036952,0
88,18,5769.919,1,0.009734812,0
90,21,5770.022,1,0.043379571,0
291,22,5770.047,1,0.010192786,0
200,24,5770.121,1,0.010516719,0
264,27,5770.235,1,0.010468944,0
151,31,5770.359,1,0.044539921,0
303,35,5770.507,1,0.010270991,0
307,37,5770.562,1,0.010216391,0
192,37,5770.578,1,0.019753663,0
344,39,5770.64,1,0.009682070,0
6,39,5770.651,1,0.038015511,0
159,39,5770.652,1,0.049241498,0
183,42,5770.746,1,0.048750311,0
29,46,5770.892,1,0.044003554,0
224,51,5771.061,1,0.009332336,0
24,52,5771.094,1,0.008640235,0
71,54,5771.164,1,0.008693322,0
255,63,5771.479,1,0.010034315,0
321,68,5771.663,1,0.007032090,0
275,80,5772.093,1,0.009487892,0
168,86,5772.292,1,0.010073754,0
129,96,5772.658,1,0.009651151,0
136,98,5772.718,1,0.009967431,0
264,104,5772.928,1,0.009147403,0
271,111,5773.184,1,0.011799312,0
244,112,5773.222,1,0.009575779,0
245,114,5773.283,1,0.009720229,0
243,117,5773.387,1,0.009796347,0
313,155,5774.732,1,0.011355027,0
96,172,5775.337,1,0.009447269,0
95,175,5775.436,1,0.009459964,0
144,176,5775.47,1,0.010288403,0
191,185,5775.784,1,0.008345610,0
188,189,5775.945,1,0.008608009,0
67,195,5776.139,1,0.008503580,0
24,200,5776.327,1,0.008613626,0
304,203,5776.43,1,0.007908219,0
97,226,5777.23,1,0.008275503,0
159,227,5777.286,1,0.008519157,0
158,255,5778.268,1,0.014223308,0
330,256,5778.29,1,0.009914920,0
104,259,5778.397,1,0.013076519,0
79,99,5778.855,1,0.030180335,0
32,48,5780.082,1,0.008945564,0
79,101,5786.127,0,0.819167376,0
80,99,5786.205,1,0.030869372,0
77,100,5786.953,0,0.818294585,0
76,100,5789.423,0,0.986417890,1
79,100,5789.721,1,0.999193609,1
78,99,5798.395,1,0.029585069,0
319,1,5799.766,1,0.006391042,0
157,4,5799.855,1,0.008942467,0
113,5,5799.89,1,0.009451439,0
181,7,5799.956,1,0.007352822,0
223,11,5800.103,1,0.006317764,0
247,16,5800.274,1,0.006974434,0
2,19,5800.384,1,0.009087011,0
317,23,5800.531,1,0.006933081,0
275,31,5800.811,1,0.007458399,0
210,42,5801.205,1,0.009596569,0
97,43,5801.254,1,0.008884303,0
44,46,5801.354,1,0.008872910,0
245,49,5801.446,1,0.010284243,0
20,50,5801.497,1,0.008817212,0
75,51,5801.526,1,0.008851981,0
35,53,5801.578,1,0.008672447,0
69,58,5801.763,1,0.009165196,0
203,67,5802.093,1,0.049118157,0
248,69,5802.146,1,0.037425611,0
79,99,5802.368,1,0.993770540,1
169,82,5802.6,1,0.055750586,0
203,85,5802.726,1,0.048326410,0
199,86,5802.744,1,0.048347257,0
78,86,5802.762,1,0.039936319,0
240,90,5802.893,1,0.044503964,0
239,93,5802.997,1,0.044516437,0
161,95,5803.069,1,0.010708974,0
245,95,5803.077,1,0.009454233,0
80,100,5803.113,1,0.988363624,1
77,99,5803.201,1,0.997764468,1
77,100,5803.237,1,0.997717500,1
41,102,5803.313,1,0.009786136,0
226,109,5803.568,1,0.007639282,0
226,111,5803.63,1,0.007283400,0
203,118,5803.887,1,0.008749742,0
250,130,5804.293,1,0.009300754,0
276,131,5804.349,1,0.010248703,0
114,135,5804.477,1,0.012479117,0
212,136,5804.514,1,0.009257734,0
40,151,5805.056,1,0.008638223,0
33,151,5805.064,1,0.008657468,0
12,158,5805.297,1,0.008806574,0
1,162,5805.436,1,0.008425450,0
183,163,5805.46,1,0.010091468,0
319,166,5805.587,1,0.005434108,0
320,167,5805.604,1,0.004855460,0
58,169,5805.675,1,0.008551237,0
103,169,5805.698,1,0.008999222,0
116,181,5806.105,1,0.009510188,0
119,184,5806.208,1,0.009440052,0
68,187,5806.311,1,0.014204345,0
72,201,5806.798,1,0.014026372,0
252,209,5807.107,1,0.008105115,0
152,214,5807.265,1,0.008931954,0
128,221,5807.506,1,0.009262174,0
8,252,5808.627,1,0.008023398,0
95,12,5809.688,1,0.009384288,0
166,14,5809.76,1,0.008699435,0
296,23,5810.075,1,0.010183265,0
121,24,5810.115,1,0.044453047,0
124,26,5810.178,1,0.044477440,0
230,26,5810.186,1,0.010591730,0
108,28,5810.253,1,0.044415448,0
106,31,5810.366,1,0.044566274,0
134,38,5810.616,1,0.048929963,0
331,40,5810.671,1,0.009842410,0
173,60,5811.377,1,0.008545652,0
338,63,5811.479,1,0.006557284,0
174,64,5811.517,1,0.009332976,0
207,68,5811.659,1,0.008551447,0
339,74,5811.869,1,0.006666123,0
29,78,5812.014,1,0.011475231,0
87,82,5812.155,1,0.009356416,0
78,83,5812.187,1,0.007536690,0
36,83,5812.215,1,0.011697866,0
189,94,5812.595,1,0.008530152,0
72,101,5812.82,1,0.016639289,0
151,104,5812.941,1,0.004739830,0
144,118,5813.434,1,0.015391920,0
51,127,5813.743,1,0.009212025,0
189,132,5813.914,1,0.009005539,0
266,134,5813.992,1,0.011730004,0
56,135,5814.02,1,0.014971862,0
104,147,5814.447,1,0.020053213,0
144,148,5814.482,1,0.033861462,0
15,153,5814.653,1,0.013994571,0
41,158,5814.836,1,0.014346959,0
71,159,5814.87,1,0.014776811,0
32,166,5815.122,1,0.008715379,0
32,184,5815.767,1,0.008937119,0
36,185,5815.783,1,0.007855729,0
34,187,5815.858,1,0.008281253,0
244,193,5816.07,1,0.009051238,0
200,204,5816.467,1,0.008788920,0
186,252,5818.149,1,0.012575057,0
78,102,5823.403,0,0.992882967,1
79,100,5823.755,1,0.990872324,1
76,102,5824.778,0,0.986498117,1
80,101,5830.686,1,0.030296201,0
77,100,5831.945,1,0.977442145,1
78,102,5833.516,0,0.998372376,1
78,101,5834.902,1,0.999071360,1
77,102,5836.908,0,0.993213415,1
77,101,5838.241,1,0.028755825,0
104,20,5840.421,1,0.009479353,0
335,42,5841.195,1,0.006607563,0
32,48,5841.413,1,0.009307546,0
227,55,5841.655,1,0.009166144,0
77,55,5841.668,1,0.008915807,0
204,67,5842.102,1,0.049182542,0
120,70,5842.18,1,0.049788147,0
306,72,5842.248,1,0.010889896,0
298,72,5842.268,1,0.011329046,0
309,73,5842.29,1,0.010776960,0
88,78,5842.483,1,0.027676487,0
87,79,5842.514,1,0.089849196,0
158,84,5842.674,1,0.057868414,0
103,85,5842.707,1,0.045362305,0
254,92,5842.958,1,0.039137673,0
143,95,5843.067,1,0.010542174,0
2,103,5843.349,1,0.009362500,0
71,104,5843.39,1,0.012712531,0
47,108,5843.527,1,0.010021875,0
41,108,5843.541,1,0.007724347,0
41,109,5843.557,1,0.016191952,0
71,109,5843.569,1,0.011207770,0
279,111,5843.633,1,0.009366534,0
291,119,5843.924,1,0.009279299,0
175,120,5843.956,1,0.008273252,0
7,126,5844.158,1,0.008733277,0
58,132,5844.365,1,0.009352420,0
320,135,5844.47,1,0.007963535,0
267,135,5844.485,1,0.012989856,0
299,139,5844.631,1,0.008589817,0
263,140,5844.652,1,0.009457703,0
312,153,5845.128,1,0.008059997,0
166,156,5845.226,1,0.012332672,0
295,160,5845.375,1,0.008848529,0
95,175,5845.88,1,0.008819808,0
343,184,5846.202,1,0.010551435,0
113,184,5846.22,1,0.014314655,0
336,185,5846.241,1,0.010646833,0
153,197,5846.659,1,0.016364051,0
295,201,5846.81,1,0.011085989,0
26,205,5846.947,1,0.013470708,0
151,222,5847.545,1,0.009614963,0
146,229,5847.787,1,0.010728348,0
13,230,5847.839,1,0.007983133,0
185,237,5848.076,1,0.008408094,0
78,101,5848.894,1,0.981758296,1
52,15,5849.787,1,0.009563356,0
66,15,5849.8,1,0.009736325,0
59,16,5849.828,1,0.009346035,0
79,101,5849.904,1,0.997664094,1
219,19,5849.934,1,0.007414042,0
228,26,5850.174,1,0.010595543,0
199,34,5850.461,1,0.012068370,0
8,38,5850.603,1,0.039768659,0
35,39,5850.633,1,0.047035277,0
33,40,5850.674,1,0.046752419,0
247,41,5850.703,1,0.011770247,0
109,46,5850.887,1,0.048452072,0
344,48,5850.963,1,0.009758699,0
183,50,5851.025,1,0.008923710,0
76,102,5851.09,0,0.982599616,1
281,54,5851.162,1,0.008181620,0
179,56,5851.238,1,0.008629565,0
92,58,5851.31,1,0.009045368,0
154,61,5851.414,1,0.009215990,0
263,67,5851.631,1,0.009671651,0
81,69,5851.699,1,0.010450104,0
279,71,5851.77,1,0.009460013,0
332,77,5851.985,1,0.006913168,0
240,79,5852.051,1,0.009849875,0
208,106,5852.997,1,0.009141889,0
224,143,5854.307,1,0.051963884,0
225,143,5854.323,1,0.062864214,0
0,159,5854.865,1,0.013715699,0
24,199,5856.281,1,0.009112043,0
103,230,5857.38,1,0.008907304,0
118,240,5857.726,1,0.008781221,0
75,102,5859.235,0,0.982587993,1
79,102,5860.287,1,0.974767566,1
78,102,5865.826,1,0.992818236,1
76,101,5867.338,1,0.999917626,1
77,101,5868.894,1,0.999991298,1
76,103,5869.088,0,0.996702373,1
78,101,5870.571,1,0.029325403,0
77,103,5871.714,0,0.997892082,1
295,16,5880.278,1,0.006709772,0
217,16,5880.291,1,0.006288153,0
221,19,5880.388,1,0.006587537,0
75,101,5880.933,1,0.999143004,1
243,40,5881.129,1,0.009322445,0
76,102,5881.836,1,0.997326493,1
67,64,5881.966,1,0.018584877,0
69,68,5882.114,1,0.041916579,0
295,68,5882.124,1,0.011296342,0
257,71,5882.219,1,0.026523134,0
217,71,5882.236,1,0.048136584,0
226,80,5882.542,1,0.048793737,0
336,85,5882.709,1,0.010180661,0
126,93,5883.002,1,0.010407229,0
13,95,5883.077,1,0.009616462,0
207,95,5883.092,1,0.008657934,0
18,96,5883.106,1,0.009559364,0
74,98,5883.174,1,0.827850938,0
32,48,5883.22,1,0.008839355,0
78,100,5883.241,1,0.954360545,1
39,102,5883.322,1,0.009722616,0
182,103,5883.35,1,0.009029640,0
145,110,5883.607,1,0.005844774,0
280,111,5883.63,1,0.009927229,0
92,114,5883.757,1,0.014429607,0
329,117,5883.847,1,0.007570890,0
284,135,5884.47,1,0.010210332,0
78,135,5884.477,1,0.009951808,0
63,136,5884.522,1,0.009325074,0
204,139,5884.627,1,0.009316858,0
63,141,5884.705,1,0.009159494,0
341,142,5884.738,1,0.007066588,0
263,143,5884.783,1,0.012766643,0
147,147,5884.899,1,0.012095820,0
283,150,5885.001,1,0.009945702,0
44,152,5885.076,1,0.009288742,0
157,152,5885.086,1,0.012527979,0
23,162,5885.437,1,0.008873736,0
160,175,5885.886,1,0.010369144,0
163,176,5885.918,1,0.011014724,0
76,180,5886.066,1,0.014401104,0
200,182,5886.129,1,0.019308809,0
334,183,5886.169,1,0.010664765,0
202,183,5886.193,1,0.011128818,0
202,184,5886.2,1,0.016119352,0
163,184,5886.206,1,0.016799519,0
79,184,5886.213,1,0.014361531,0
75,186,5886.294,1,0.014287554,0
250,188,5886.348,1,0.012750944,0
12,189,5886.382,1,0.013571989,0
228,190,5886.413,1,0.019039458,0
79,196,5886.642,1,0.014165864,0
76,197,5886.655,1,0.014125070,0
143,207,5887.034,1,0.009062824,0
196,211,5887.152,1,0.007923674,0
64,216,5887.336,1,0.008432236,0
339,253,5888.634,1,0.006654949,0
206,2,5889.328,1,0.006181740,0
210,14,5889.754,1,0.006292421,0
129,24,5890.124,1,0.044457991,0
257,27,5890.223,1,0.010536655,0
200,28,5890.244,1,0.010910234,0
189,28,5890.255,1,0.011895838,0
93,29,5890.281,1,0.041578006,0
157,29,5890.297,1,0.044524085,0
152,30,5890.315,1,0.044523884,0
201,31,5890.381,1,0.011403778,0
223,32,5890.384,1,0.011316032,0
95,32,5890.391,1,0.043058544,0
215,40,5890.671,1,0.015713146,0
215,42,5890.749,1,0.016128952,0
112,47,5890.915,1,0.048327122,0
74,48,5890.975,1,0.046792161,0
39,49,5890.996,1,0.047168810,0
73,51,5891.056,1,0.008556231,0
27,52,5891.093,1,0.008374935,0
175,53,5891.127,1,0.008638304,0
17,54,5891.165,1,0.008582847,0
118,54,5891.179,1,0.009096580,0
338,61,5891.408,1,0.006448375,0
232,61,5891.421,1,0.009386221,0
48,62,5891.449,1,0.008636834,0
184,64,5891.525,1,0.009177728,0
77,104,5891.687,0,0.998842597,1
74,106,5891.948,1,0.911634266,1
158,81,5892.117,1,0.009926090,0
34,85,5892.258,1,0.011362881,0
42,90,5892.442,1,0.011246905,0
46,91,5892.475,1,0.011450885,0
76,104,5892.688,0,0.999666691,1
119,98,5892.722,1,0.004881087,0
222,102,5892.882,1,0.009425634,0
40,115,5893.319,1,0.009481843,0
64,116,5893.351,1,0.010480849,0
47,120,5893.497,1,0.009620659,0
39,125,5893.667,1,0.006597296,0
218,125,5893.679,1,0.009758514,0
40,126,5893.711,1,0.010626105,0
112,136,5894.057,1,0.027124196,0
75,104,5894.603,0,0.823281348,0
232,152,5894.633,1,0.040735543,0
135,164,5895.068,1,0.010660334,0
326,188,5895.908,1,0.007542471,0
327,211,5896.703,1,0.007601016,0
199,232,5897.442,1,0.007360845,0
72,238,5897.665,1,0.009223395,0
94,252,5898.165,1,0.013169255,0
77,104,5900.555,0,0.981510043,1
75,104,5902.699,0,0.993081748,1
74,103,5903.201,0,0.986376584,1
76,103,5906.237,1,0.999754250,1
77,103,5907.47,1,0.998256385,1
76,103,5915.038,1,0.998288929,1
76,102,5918.682,1,0.028101949,0
74,104,5919.869,0,0.990668356,1
292,47,5921.375,1,0.007370374,0
14,62,5921.903,1,0.005428527,0
241,71,5922.216,1,0.044446275,0
88,77,5922.432,1,0.042779960,0
271,78,5922.474,1,0.019324463,0
131,83,5922.65,1,0.054332554,0
100,86,5922.752,1,0.044236675,0
52,86,5922.767,1,0.020880038,0
307,88,5922.83,1,0.011506977,0
127,101,5923.298,1,0.005383589,0
78,103,5923.34,1,0.993348539,1
132,103,5923.371,1,0.005362513,0
24,110,5923.597,1,0.009849479,0
227,118,5923.885,1,0.009470890,0
77,105,5924.285,0,0.989917934,1
245,66,5924.349,1,0.009155098,0
255,141,5924.711,1,0.008688606,0
247,142,5924.727,1,0.009328322,0
44,147,5924.899,1,0.009349679,0
47,147,5924.905,1,0.009739691,0
343,150,5925.009,1,0.007768854,0
215,152,5925.071,1,0.009341586,0
179,158,5925.297,1,0.012370518,0
157,159,5925.316,1,0.011955165,0
128,159,5925.335,1,0.010531461,0
178,160,5925.371,1,0.011533329,0
301,167,5925.601,1,0.008590755,0
21,172,5925.784,1,0.008812412,0
51,173,5925.82,1,0.008582325,0
319,175,5925.911,1,0.007868174,0
18,176,5925.923,1,0.009044376,0
112,180,5926.087,1,0.014406873,0
57,197,5926.666,1,0.013962969,0
280,198,5926.701,1,0.011428381,0
111,200,5926.772,1,0.014063945,0
112,207,5927.012,1,0.008898758,0
238,208,5927.043,1,0.008729450,0
342,208,5927.057,1,0.007284573,0
240,209,5927.087,1,0.006958673,0
244,213,5927.222,1,0.007471347,0
97,213,5927.233,1,0.009231643,0
335,216,5927.355,1,0.007217417,0
303,221,5927.515,1,0.007538653,0
125,223,5927.58,1,0.008977161,0
8,226,5927.691,1,0.008345124,0
100,247,5928.426,1,0.010030470,0
303,2,5929.329,1,0.007324407,0
96,3,5929.372,1,0.009828436,0
2,4,5929.398,1,0.009195718,0
217,4,5929.405,1,0.007334223,0
295,4,5929.42,1,0.007133485,0
72,6,5929.479,1,0.009629117,0
316,9,5929.576,1,0.006428928,0
291,10,5929.617,1,0.007284103,0
43,16,5929.828,1,0.009295980,0
42,20,5929.965,1,0.009411126,0
313,22,5930.039,1,0.010039778,0
301,24,5930.118,1,0.010166870,0
12,28,5930.245,1,0.043088175,0
19,34,5930.466,1,0.063291907,0
85,36,5930.527,1,0.044648621,0
19,36,5930.534,1,0.062377531,0
6,38,5930.624,1,0.039028507,0
121,43,5930.787,1,0.048835162,0
90,46,5930.888,1,0.047655389,0
264,47,5930.922,1,0.011772771,0
239,48,5930.96,1,0.015795084,0
158,48,5930.978,1,0.047726382,0
276,54,5931.175,1,0.008180888,0
237,56,5931.235,1,0.008925937,0
225,56,5931.246,1,0.009098621,0
235,64,5931.541,1,0.009248104,0
236,68,5931.664,1,0.009467840,0
138,70,5931.74,1,0.009222292,0
179,70,5931.757,1,0.008740937,0
291,78,5932.038,1,0.008511886,0
230,79,5932.045,1,0.009376273,0
304,80,5932.107,1,0.008283599,0
199,82,5932.163,1,0.008472719,0
309,84,5932.219,1,0.007924607,0
75,85,5932.27,1,0.004140178,0
36,86,5932.291,1,0.005277067,0
177,86,5932.299,1,0.007085558,0
177,87,5932.328,1,0.018295420,0
37,87,5932.356,1,0.011430197,0
63,93,5932.548,1,0.013377648,0
298,104,5932.927,1,0.008699492,0
232,104,5932.933,1,0.009399456,0
231,106,5933.006,1,0.009242684,0
32,141,5934.232,1,0.014315295,0
132,158,5934.829,1,0.025284521,0
74,104,5934.854,0,0.823415399,0
175,164,5935.044,1,0.010501511,0
76,104,5935.055,1,0.996292233,1
94,179,5935.573,1,0.008817532,0
11,188,5935.9,1,0.008141129,0
106,192,5936.03,1,0.008371977,0
108,194,5936.102,1,0.007202021,0
247,197,5936.21,1,0.008379272,0
54,204,5936.453,1,0.008021386,0
50,204,5936.479,1,0.007783029,0
18,206,5936.525,1,0.008162165,0
271,206,5936.538,1,0.007976452,0
82,206,5936.554,1,0.008467549,0
103,211,5936.73,1,0.008351611,0
86,232,5937.463,1,0.008463459,0
75,103,5939.755,1,0.996613681,1
74,105,5942.11,0,0.998610139,1
76,104,5943.804,1,0.999999762,1
76,103,5944.442,1,1.000000000,1
75,105,5945.257,0,0.998592436,1
74,103,5946.819,1,0.999992251,1
73,104,5947.639,0,0.999484062,1
74,104,5953.435,1,0.991982639,1
180,1,5959.769,1,0.006754379,0
246,15,5960.246,1,0.006966177,0
225,39,5961.091,1,0.009602498,0
73,105,5961.593,0,0.997427285,1
163,54,5961.634,1,0.009343872,0
77,103,5961.641,1,0.896055460,0
15,59,5961.815,1,0.003783237,0
183,60,5961.832,1,0.009468507,0
103,72,5962.259,1,0.048944525,0
100,73,5962.312,1,0.048902318,0
258,75,5962.364,1,0.030717982,0
328,77,5962.424,1,0.012896972,0
329,78,5962.475,1,0.014896495,0
263,80,5962.554,1,0.027429862,0
210,86,5962.75,1,0.047927372,0
340,87,5962.779,1,0.010109704,0
104,87,5962.793,1,0.045352850,0
87,90,5962.899,1,0.045078687,0
59,93,5963.007,1,0.011852992,0
88,94,5963.029,1,0.007086144,0
68,95,5963.069,1,0.013199901,0
181,98,5963.174,1,0.008907325,0
176,102,5963.306,1,0.009455488,0
191,103,5963.362,1,0.008567896,0
223,104,5963.382,1,0.007546437,0
223,106,5963.454,1,0.007298420,0
218,111,5963.632,1,0.009373071,0
148,113,5963.714,1,0.006186185,0
220,120,5963.962,1,0.009416182,0
233,127,5964.198,1,0.009545797,0
14,128,5964.23,1,0.009103524,0
218,132,5964.37,1,0.009456225,0
112,132,5964.385,1,0.012709221,0
114,133,5964.427,1,0.012800547,0
9,134,5964.435,1,0.008664379,0
118,135,5964.487,1,0.012968530,0
127,139,5964.622,1,0.012200855,0
141,140,5964.662,1,0.012224514,0
119,140,5964.676,1,0.010487398,0
135,141,5964.69,1,0.012020929,0
117,142,5964.724,1,0.009413936,0
298,143,5964.754,1,0.007703771,0
295,143,5964.774,1,0.007795050,0
281,144,5964.799,1,0.009745501,0
87,151,5965.038,1,0.009399811,0
189,152,5965.087,1,0.004262153,0
140,154,5965.155,1,0.012359623,0
152,159,5965.323,1,0.011823244,0
340,159,5965.331,1,0.007342326,0
225,160,5965.361,1,0.009152101,0
189,164,5965.5,1,0.011489514,0
16,166,5965.574,1,0.009044057,0
277,167,5965.602,1,0.009706253,0
29,167,5965.617,1,0.008505281,0
224,171,5965.754,1,0.009853052,0
277,174,5965.876,1,0.008954688,0
131,183,5966.171,1,0.015029247,0
197,183,5966.189,1,0.011505101,0
247,187,5966.308,1,0.013102218,0
288,196,5966.631,1,0.011396694,0
71,198,5966.693,1,0.014069704,0
313,200,5966.766,1,0.010960855,0
132,202,5966.848,1,0.014268474,0
332,208,5967.044,1,0.007467921,0
244,214,5967.264,1,0.008197611,0
296,215,5967.3,1,0.007446843,0
32,231,5967.884,1,0.008506653,0
186,256,5968.743,1,0.008200213,0
159,6,5969.471,1,0.008707860,0
345,6,5969.479,1,0.006710296,0
88,8,5969.54,1,0.009698190,0
125,8,5969.564,1,0.009351679,0
49,9,5969.581,1,0.009095316,0
301,15,5969.79,1,0.006861945,0
245,15,5969.797,1,0.007017352,0
301,16,5969.824,1,0.009503493,0
28,16,5969.833,1,0.009197595,0
29,22,5970.035,1,0.037768681,0
231,24,5970.102,1,0.010426994,0
174,24,5970.133,1,0.013937965,0
83,26,5970.203,1,0.040859029,0
158,28,5970.253,1,0.044498745,0
175,30,5970.316,1,0.020799644,0
303,31,5970.362,1,0.010225971,0
289,34,5970.456,1,0.010416318,0
193,35,5970.494,1,0.013829003,0
336,37,5970.562,1,0.009756252,0
192,38,5970.605,1,0.021762231,0
211,38,5970.613,1,0.010802983,0
208,38,5970.625,1,0.011551227,0
312,39,5970.643,1,0.010110892,0
71,44,5970.819,1,0.022101078,0
64,45,5970.844,1,0.046823531,0
144,46,5970.888,1,0.048191454,0
75,104,5970.89,1,0.026909107,0
18,47,5970.921,1,0.036668431,0
24,48,5970.957,1,0.039089996,0
207,48,5970.958,1,0.028305745,0
71,48,5970.977,1,0.025403490,0
148,50,5971.033,1,0.009010928,0
180,52,5971.09,1,0.009016793,0
175,52,5971.097,1,0.008612074,0
120,52,5971.106,1,0.009384772,0
122,53,5971.133,1,0.008948092,0
22,54,5971.18,1,0.008766591,0
167,55,5971.205,1,0.008638492,0
45,56,5971.236,1,0.008576443,0
67,56,5971.245,1,0.008657959,0
42,64,5971.518,1,0.008891280,0
151,70,5971.733,1,0.009409295,0
32,48,5972.029,1,0.008701853,0
73,105,5972.071,0,0.997655511,1
143,83,5972.194,1,0.010798912,0
97,85,5972.258,1,0.009672139,0
2,86,5972.292,1,0.009510058,0
78,108,5973.073,1,0.833169580,0
64,108,5973.091,1,0.011353196,0
63,111,5973.176,1,0.010877771,0
296,119,5973.458,1,0.008982491,0
284,123,5973.6,1,0.009926648,0
274,128,5973.779,1,0.007440396,0
274,129,5973.816,1,0.008904130,0
149,132,5973.913,1,0.015585563,0
75,106,5973.984,0,0.998045444,1
186,135,5974.033,1,0.048118565,0
335,136,5974.055,1,0.009440280,0
335,139,5974.16,1,0.009770973,0
72,142,5974.292,1,0.015849199,0
313,152,5974.628,1,0.038745467,0
314,152,5974.637,1,0.046987437,0
215,157,5974.801,1,0.042982426,0
315,158,5974.833,1,0.011247572,0
53,165,5975.096,1,0.009570480,0
41,166,5975.117,1,0.009000647,0
48,168,5975.185,1,0.009450955,0
77,104,5977.146,1,0.964729965,1
82,252,5978.152,1,0.013217404,0
116,253,5978.205,1,0.013217758,0
74,104,5978.377,1,0.026369967,0
75,106,5980.326,0,0.999653101,1
75,105,5980.933,1,0.999885321,1
77,105,5986.395,1,0.027717404,0
94,57,5989.801,1,0.008925599,0
248,7,5999.974,1,0.006525108,0
62,13,6000.18,1,0.009246916,0
191,15,6000.254,1,0.006789334,0
30,16,6000.278,1,0.008878913,0
232,22,6000.488,1,0.006819151,0
236,24,6000.56,1,0.007244654,0
341,30,6000.775,1,0.006263254,0
24,37,6001.026,1,0.009074840,0
275,47,6001.374,1,0.007787899,0
267,48,6001.408,1,0.008309128,0
87,50,6001.477,1,0.008876975,0
320,51,6001.505,1,0.004974801,0
321,52,6001.553,1,0.006727340,0
266,54,6001.618,1,0.008377628,0
333,57,6001.731,1,0.006979846,0
120,60,6001.836,1,0.009248755,0
119,62,6001.906,1,0.008643696,0
242,67,6002.082,1,0.043423343,0
115,71,6002.216,1,0.049565692,0
159,71,6002.223,1,0.053585846,0
92,73,6002.297,1,0.048320740,0
201,79,6002.517,1,0.048375648,0
206,81,6002.586,1,0.048139490,0
264,83,6002.647,1,0.028034279,0
272,86,6002.754,1,0.020708868,0
112,87,6002.804,1,0.050052553,0
277,96,6003.102,1,0.009479792,0
181,104,6003.39,1,0.008783363,0
88,108,6003.528,1,0.014945204,0
151,115,6003.77,1,0.004779979,0
159,116,6003.805,1,0.005273759,0
151,117,6003.84,1,0.006687499,0
283,118,6003.879,1,0.009977742,0
235,122,6004.021,1,0.009392475,0
280,124,6004.088,1,0.009838962,0
293,128,6004.238,1,0.009231076,0
176,134,6004.452,1,0.004673247,0
242,135,6004.477,1,0.009639200,0
149,136,6004.522,1,0.014416274,0
132,140,6004.665,1,0.012957134,0
215,148,6004.932,1,0.008929722,0
329,150,6005.01,1,0.007678490,0
16,157,6005.256,1,0.008369250,0
138,158,6005.282,1,0.011653642,0
9,160,6005.36,1,0.008743342,0
131,165,6005.531,1,0.009962830,0
153,166,6005.567,1,0.011177672,0
106,166,6005.574,1,0.009536965,0
320,170,6005.713,1,0.007590958,0
16,190,6006.421,1,0.013631994,0
76,107,6006.682,0,0.922068954,1
34,199,6006.743,1,0.013686626,0
136,200,6006.762,1,0.014477355,0
11,200,6006.766,1,0.013407366,0
75,107,6006.957,0,0.996671140,1
12,206,6006.974,1,0.013306910,0
87,215,6007.293,1,0.009504068,0
279,215,6007.3,1,0.007303331,0
274,221,6007.506,1,0.007498325,0
279,222,6007.551,1,0.007269533,0
262,230,6007.821,1,0.007458910,0
74,107,6007.845,0,0.994858503,1
73,105,6008.409,1,0.941620588,1
258,252,6008.61,1,0.006354953,0
22,14,6009.758,1,0.009284311,0
11,23,6010.074,1,0.039874244,0
5,26,6010.195,1,0.041980490,0
149,32,6010.402,1,0.044558339,0
275,34,6010.475,1,0.010489339,0
39,36,6010.533,1,0.046060279,0
234,47,6010.913,1,0.018086858,0
128,48,6010.957,1,0.048030239,0
285,52,6011.11,1,0.007811164,0
134,53,6011.138,1,0.008840178,0
15,62,6011.447,1,0.004769753,0
312,65,6011.564,1,0.007188766,0
295,76,6011.945,1,0.008393417,0
248,92,6012.503,1,0.009494099,0
84,93,6012.556,1,0.005646688,0
211,96,6012.646,1,0.008594525,0
212,103,6012.909,1,0.009164577,0
79,106,6013.007,1,0.946370900,1
263,110,6013.141,1,0.009097937,0
43,115,6013.314,1,0.009729280,0
197,120,6013.494,1,0.008901169,0
145,133,6013.958,1,0.014694609,0
98,136,6014.064,1,0.023251930,0
152,138,6014.132,1,0.048294816,0
74,106,6014.458,1,0.999941349,1
128,150,6014.549,1,0.027361283,0
59,151,6014.59,1,0.014813866,0
260,152,6014.621,1,0.022662289,0
30,168,6015.185,1,0.008717711,0
24,175,6015.428,1,0.008489211,0
75,107,6015.655,0,0.999647856,1
77,182,6015.679,1,0.008568990,0
74,107,6015.868,0,0.999742806,1
108,189,6015.942,1,0.009203485,0
75,106,6016.226,1,0.999960423,1
64,199,6016.287,1,0.008491788,0
206,200,6016.329,1,0.009362787,0
73,107,6016.957,0,0.999156833,1
168,220,6017.018,1,0.009329486,0
103,224,6017.175,1,0.008482953,0
231,239,6017.7,1,0.005562772,0
157,247,6017.971,1,0.008289736,0
108,259,6018.392,1,0.013094420,0
74,105,6018.835,1,0.999667645,1
74,106,6019.763,1,0.994744778,1
74,107,6024.634,0,0.999960661,1
74,106,6025.767,1,0.999877691,1
76,106,6026.429,1,0.026804401,0
74,106,6036.711,1,0.976439893,1
101,24,6040.562,1,0.009452013,0
59,28,6040.72,1,0.008815017,0
207,38,6041.063,1,0.010018626,0
290,40,6041.124,1,0.007316050,0
23,47,6041.374,1,0.008637704,0
31,52,6041.561,1,0.009433963,0
55,61,6041.866,1,0.008752360,0
139,75,6042.368,1,0.052144647,0
335,80,6042.551,1,0.010075400,0
73,108,6042.636,0,0.827875793,0
76,93,6043.005,1,0.009635617,0
91,103,6043.352,1,0.026360437,0
63,110,6043.591,1,0.010686949,0
222,111,6043.64,1,0.009437074,0
251,116,6043.805,1,0.009537835,0
102,117,6043.843,1,0.013525843,0
136,126,6044.17,1,0.018856881,0
139,127,6044.204,1,0.015475404,0
153,144,6044.799,1,0.013396996,0
283,148,6044.955,1,0.010295242,0
281,150,6045.023,1,0.010544596,0
159,151,6045.061,1,0.012857544,0
248,166,6045.579,1,0.011112300,0
159,174,6045.862,1,0.010915617,0
278,180,6046.083,1,0.012250735,0
186,184,6046.207,1,0.012047813,0
104,189,6046.387,1,0.014251483,0
205,242,6048.256,1,0.007706542,0
71,6,6049.482,1,0.009591838,0
106,11,6049.65,1,0.009674502,0
267,23,6050.074,1,0.010328674,0
71,27,6050.229,1,0.040572513,0
39,32,6050.388,1,0.043101676,0
73,106,6050.458,1,0.988656521,1
40,36,6050.539,1,0.045866929,0
170,39,6050.652,1,0.047873542,0
176,40,6050.672,1,0.047786783,0
179,41,6050.706,1,0.018197935,0
179,44,6050.811,1,0.015342518,0
111,61,6051.422,1,0.008702462,0
67,64,6051.517,1,0.008935974,0
196,77,6051.988,1,0.009198364,0
199,78,6052.016,1,0.009473432,0
13,84,6052.222,1,0.010026238,0
73,108,6052.409,0,0.999627829,1
138,91,6052.469,1,0.010705625,0
74,108,6052.724,0,0.999794781,1
75,104,6052.95,1,0.985126376,1
75,106,6052.996,1,0.997177362,1
252,108,6053.072,1,0.009635536,0
144,110,6053.168,1,0.005781631,0
167,115,6053.325,1,0.004995866,0
57,122,6053.574,1,0.009635927,0
183,124,6053.633,1,0.009269852,0
128,128,6053.783,1,0.015006231,0
114,130,6053.844,1,0.012747421,0
135,130,6053.856,1,0.015152046,0
223,132,6053.929,1,0.009722125,0
226,133,6053.973,1,0.009659199,0
225,135,6054.023,1,0.044559464,0
86,139,6054.178,1,0.019394711,0
74,106,6054.27,1,0.998114228,1
120,142,6054.274,1,0.027389640,0
124,144,6054.342,1,0.028188515,0
119,149,6054.52,1,0.024074875,0
42,173,6055.368,1,0.009686180,0
16,176,6055.48,1,0.008589809,0
93,190,6055.96,1,0.008828863,0
72,108,6056.357,0,0.990781963,1
47,211,6056.719,1,0.008502522,0
75,107,6060.607,1,0.988443315,1
74,109,6079.908,0,0.987695217,1
240,17,6080.314,1,0.006748437,0
248,18,6080.365,1,0.007000304,0
71,108,6080.368,0,0.998576880,1
244,19,6080.39,1,0.007455702,0
216,59,6080.391,1,0.009042868,0
72,108,6080.774,0,0.998946130,1
336,32,6080.855,1,0.006627101,0
134,40,6081.131,1,0.009069091,0
133,44,6081.274,1,0.009029891,0
8,55,6081.672,1,0.003972906,0
240,57,6081.732,1,0.009688705,0
176,73,6082.286,1,0.050546508,0
73,109,6082.358,0,0.828950763,0
206,79,6082.51,1,0.048338998,0
32,48,6082.526,1,0.044388045,0
207,86,6082.759,1,0.035362981,0
208,87,6082.786,1,0.039392307,0
213,89,6082.873,1,0.048556689,0
123,92,6082.963,1,0.054926742,0
247,95,6083.071,1,0.009455881,0
239,96,6083.098,1,0.009291937,0
185,100,6083.246,1,0.008646467,0
192,100,6083.256,1,0.008727603,0
300,104,6083.384,1,0.008658602,0
170,106,6083.47,1,0.009396437,0
287,108,6083.539,1,0.009684607,0
127,123,6084.064,1,0.015087041,0
123,126,6084.168,1,0.013776641,0
103,128,6084.23,1,0.012097217,0
243,130,6084.308,1,0.009390173,0
304,132,6084.373,1,0.008499790,0
227,141,6084.69,1,0.009522787,0
212,148,6084.942,1,0.009359209,0
48,152,6085.077,1,0.009499347,0
101,152,6085.087,1,0.009993218,0
203,157,6085.253,1,0.008274896,0
103,158,6085.302,1,0.009636206,0
315,159,6085.324,1,0.008047556,0
112,165,6085.534,1,0.009332459,0
264,166,6085.563,1,0.009818584,0
301,166,6085.573,1,0.008484909,0
84,174,6085.843,1,0.009162724,0
203,176,6085.926,1,0.004852232,0
174,189,6086.383,1,0.014492325,0
285,199,6086.738,1,0.011350702,0
114,204,6086.92,1,0.014014943,0
50,207,6087.022,1,0.008608724,0
174,211,6087.163,1,0.010288753,0
72,109,6087.167,0,0.993666470,1
75,107,6087.238,1,0.987271965,1
225,216,6087.35,1,0.007355401,0
73,109,6088.505,0,0.999542713,1
200,224,6089.024,1,0.007364696,0
221,4,6089.404,1,0.007437417,0
208,8,6089.547,1,0.006550671,0
74,109,6089.616,0,0.992733359,1
110,15,6089.798,1,0.009787859,0
40,19,6089.936,1,0.009247649,0
244,30,6090.315,1,0.010688094,0
32,41,6090.707,1,0.046571851,0
334,45,6090.856,1,0.009809641,0
108,48,6090.955,1,0.048309393,0
110,49,6091.004,1,0.008960851,0
24,52,6091.097,1,0.008631287,0
183,53,6091.147,1,0.008577031,0
180,56,6091.254,1,0.008863263,0
310,62,6091.449,1,0.007097275,0
87,66,6091.592,1,0.008711553,0
66,67,6091.64,1,0.009072584,0
12,71,6091.774,1,0.011716723,0
84,80,6092.088,1,0.008887226,0
246,86,6092.303,1,0.009470604,0
11,88,6092.362,1,0.009595344,0
316,103,6092.91,1,0.008076525,0
74,108,6093.072,1,0.977628410,1
98,109,6093.111,1,0.014241390,0
291,118,6093.424,1,0.009610800,0
173,125,6093.678,1,0.004313164,0
215,128,6093.772,1,0.009428515,0
214,131,6093.876,1,0.009980338,0
331,134,6093.981,1,0.007775987,0
136,143,6094.324,1,0.036208272,0
163,148,6094.48,1,0.035237048,0
304,149,6094.512,1,0.011829307,0
309,151,6094.587,1,0.011574181,0
178,168,6095.192,1,0.010140841,0
73,108,6096.473,1,0.999386191,1
72,107,6096.763,1,0.999657989,1
73,107,6096.899,1,0.999861717,1
270,221,6097.057,1,0.007597956,0
309,239,6097.708,1,0.007193890,0
52,248,6098.012,1,0.012969427,0
72,108,6101.97,1,0.973478913,1
75,108,6103.312,1,0.969563246,1
74,108,6111.98,1,0.993317485,1
72,110,6112.162,0,0.990087450,1
344,6,6119.919,1,0.007659827,0
262,6,6119.928,1,0.006767952,0
345,7,6119.966,1,0.007617388,0
220,32,6120.85,1,0.008102999,0
47,43,6121.235,1,0.008732381,0
43,44,6121.266,1,0.009058953,0
130,59,6121.793,1,0.009097650,0
320,72,6122.255,1,0.010334194,0
72,110,6122.278,0,0.988653123,1
7,81,6122.587,1,0.015270188,0
71,110,6122.608,0,0.966612339,1
193,83,6122.656,1,0.048770115,0
263,84,6122.685,1,0.029459959,0
73,109,6122.862,1,0.999995589,1
15,91,6122.925,1,0.015169910,0
114,94,6123.027,1,0.012467946,0
116,94,6123.05,1,0.011875588,0
21,95,6123.062,1,0.009868508,0
317,96,6123.103,1,0.007737500,0
18,96,6123.116,1,0.011013701,0
246,97,6123.132,1,0.009417530,0
242,99,6123.209,1,0.009372230,0
326,104,6123.376,1,0.007436594,0
76,106,6123.461,1,0.959587216,1
74,107,6123.491,1,0.999985933,1
73,108,6123.52,1,0.999500871,1
75,109,6123.552,1,0.996554971,1
95,113,6123.713,1,0.013662309,0
161,116,6123.812,1,0.005023411,0
121,129,6124.268,1,0.012748891,0
119,132,6124.369,1,0.012206856,0
127,132,6124.382,1,0.012955085,0
39,140,6124.664,1,0.008751550,0
73,110,6125.0,0,0.993229508,1
125,150,6125.012,1,0.011483905,0
204,158,6125.281,1,0.008486018,0
195,162,6125.422,1,0.004319064,0
177,166,6125.563,1,0.009967657,0
92,178,6125.989,1,0.009264800,0
87,179,6126.033,1,0.014538954,0
102,194,6126.561,1,0.014178069,0
102,199,6126.729,1,0.014087079,0
313,208,6127.052,1,0.007821796,0
6,211,6127.162,1,0.008194220,0
272,215,6127.292,1,0.007726251,0
126,230,6127.827,1,0.008717567,0
90,248,6128.461,1,0.007956524,0
219,256,6128.748,1,0.004183663,0
61,8,6129.541,1,0.009348680,0
257,14,6129.762,1,0.007038856,0
41,19,6129.937,1,0.008882149,0
46,21,6129.997,1,0.009179067,0
159,23,6130.073,1,0.028909838,0
160,27,6130.209,1,0.037371915,0
32,48,6130.95,1,0.044541616,0
216,59,6131.343,1,0.008980352,0
8,61,6131.418,1,0.012294208,0
9,63,6131.484,1,0.009953165,0
56,79,6132.05,1,0.003821482,0
73,109,6133.107,1,0.999371469,1
282,115,6133.325,1,0.010146860,0
72,110,6133.549,0,0.998808384,1
96,158,6134.851,1,0.015259645,0
138,163,6135.011,1,0.011432310,0
83,178,6135.543,1,0.009481731,0
138,192,6136.046,1,0.010283141,0
179,199,6136.288,1,0.008479544,0
72,108,6137.257,1,0.996355176,1
88,230,6137.383,1,0.009319332,0
74,108,6137.387,1,0.999337852,1
273,243,6137.842,1,0.007618770,0
142,246,6137.962,1,0.009169514,0
86,254,6147.276,0,0.049355388,0
71,110,6149.967,0,0.989888012,1
72,111,6150.464,0,0.999705613,1
74,106,6151.131,1,0.794233382,0
74,111,6152.804,0,0.982683837,1
71,109,6154.043,1,0.039849758,0
71,111,6157.133,0,0.995335162,1
32,48,6158.921,1,0.044630572,0
72,111,6158.999,0,0.967311203,1
110,2,6159.789,1,0.009332244,0
236,21,6160.473,1,0.007167446,0
310,32,6160.84,1,0.007087991,0
223,32,6160.848,1,0.007971711,0
261,38,6161.063,1,0.007770632,0
119,43,6161.231,1,0.008957244,0
202,63,6161.935,1,0.009127690,0
92,80,6162.543,1,0.043445271,0
307,84,6162.685,1,0.011414211,0
173,88,6162.833,1,0.055209696,0
172,92,6162.954,1,0.054850064,0
256,94,6163.039,1,0.009310826,0
229,95,6163.063,1,0.009300005,0
152,101,6163.276,1,0.008621325,0
127,106,6163.451,1,0.005808402,0
125,112,6163.671,1,0.011811646,0
322,124,6164.111,1,0.007330364,0
216,126,6164.181,1,0.009434333,0
324,127,6164.202,1,0.007670705,0
159,150,6165.011,1,0.013090624,0
72,110,6165.195,1,0.999317288,1
102,162,6165.423,1,0.009548417,0
72,111,6165.458,0,0.998952985,1
95,163,6165.468,1,0.009230496,0
17,166,6165.573,1,0.008538745,0
200,168,6165.651,1,0.004161910,0
208,178,6165.987,1,0.003005511,0
215,180,6166.066,1,0.021605346,0
206,183,6166.17,1,0.012921344,0
195,184,6166.197,1,0.011394434,0
82,194,6166.551,1,0.014232778,0
202,198,6166.698,1,0.010939752,0
57,200,6166.769,1,0.013926469,0
45,221,6167.515,1,0.009645971,0
215,222,6167.546,1,0.004214429,0
227,231,6167.869,1,0.006193982,0
245,239,6168.152,1,0.006020433,0
88,256,6168.756,1,0.008758262,0
173,4,6169.409,1,0.012662648,0
45,4,6169.427,1,0.009710398,0
172,5,6169.433,1,0.010153749,0
159,5,6169.438,1,0.008727718,0
150,5,6169.447,1,0.009352254,0
46,6,6169.47,1,0.009699788,0
136,6,6169.476,1,0.011273810,0
55,6,6169.485,1,0.009430177,0
26,8,6169.554,1,0.009347585,0
213,14,6169.753,1,0.007315555,0
122,16,6169.824,1,0.009815622,0
203,19,6169.934,1,0.007129545,0
121,20,6169.983,1,0.009593233,0
15,23,6170.069,1,0.039247215,0
198,25,6170.144,1,0.010594519,0
221,29,6170.309,1,0.010878757,0
197,30,6170.321,1,0.011342078,0
258,31,6170.365,1,0.010612147,0
8,36,6170.548,1,0.043211773,0
310,38,6170.613,1,0.010126335,0
200,43,6170.779,1,0.019701021,0
337,48,6170.957,1,0.009802413,0
226,51,6171.058,1,0.009557580,0
48,53,6171.129,1,0.009095999,0
310,53,6171.139,1,0.007055419,0
50,53,6171.153,1,0.009129881,0
207,60,6171.375,1,0.008572856,0
118,64,6171.544,1,0.009178312,0
195,68,6171.664,1,0.008704350,0
284,85,6172.257,1,0.010296043,0
208,86,6172.301,1,0.008961969,0
32,48,6172.653,1,0.008940464,0
185,102,6172.798,1,0.008529035,0
295,104,6172.924,1,0.009110231,0
152,106,6173.006,1,0.004940755,0
229,108,6173.071,1,0.009889890,0
291,109,6173.118,1,0.009725885,0
72,110,6173.136,1,0.996615231,1
59,111,6173.182,1,0.010518495,0
16,112,6173.211,1,0.008770109,0
20,116,6173.352,1,0.008472127,0
331,117,6173.389,1,0.007619757,0
27,120,6173.492,1,0.010077602,0
287,126,6173.712,1,0.010441686,0
127,146,6174.412,1,0.028830100,0
32,154,6174.704,1,0.014263023,0
71,110,6174.705,1,0.996729136,1
31,158,6174.833,1,0.014214572,0
26,175,6175.46,1,0.008475319,0
110,189,6175.93,1,0.008904412,0
136,250,6178.08,1,0.013489155,0
74,106,6178.438,1,0.014084112,0
71,109,6178.827,1,0.007368762,0
74,110,6179.718,1,0.985857368,1
73,112,6181.451,0,0.993191421,1
72,112,6193.875,0,0.998645127,1
71,112,6197.998,0,0.999022603,1
72,112,6200.191,0,0.998539925,1
317,30,6200.766,1,0.006786164,0
87,48,6201.399,1,0.009195197,0
227,55,6201.654,1,0.009096596,0
203,65,6202.002,1,0.048628457,0
109,72,6202.253,1,0.049299493,0
214,75,6202.361,1,0.047829989,0
239,79,6202.501,1,0.044498764,0
78,104,6203.398,1,0.012884315,0
74,106,6203.465,1,0.064241536,0
73,109,6203.552,1,0.981460512,1
150,117,6203.838,1,0.006395134,0
166,127,6204.185,1,0.005387395,0
88,133,6204.42,1,0.010797995,0
341,134,6204.435,1,0.007061685,0
281,139,6204.617,1,0.009110382,0
31,146,6204.884,1,0.008698213,0
36,151,6205.039,1,0.008670951,0
234,155,6205.183,1,0.009489535,0
162,156,6205.214,1,0.012599860,0
58,159,6205.322,1,0.008786751,0
120,159,6205.345,1,0.009938746,0
311,160,6205.358,1,0.008505571,0
160,160,6205.372,1,0.012177075,0
100,162,6205.431,1,0.009648249,0
168,168,6205.644,1,0.011208208,0
178,179,6206.051,1,0.014071260,0
184,183,6206.174,1,0.012319623,0
261,189,6206.389,1,0.012232630,0
224,191,6206.445,1,0.018951302,0
70,110,6206.686,1,0.995660961,1
182,208,6207.046,1,0.008187588,0
151,208,6207.059,1,0.009044937,0
101,208,6207.075,1,0.008306142,0
48,249,6208.513,1,0.008905935,0
266,253,6208.646,1,0.006615506,0
14,254,6208.69,1,0.007825638,0
72,110,6208.764,1,0.984230220,1
207,12,6209.709,1,0.006692736,0
322,14,6209.75,1,0.006600306,0
329,18,6209.898,1,0.006649914,0
224,22,6210.039,1,0.010231759,0
136,23,6210.071,1,0.044437159,0
20,26,6210.184,1,0.040703937,0
0,32,6210.39,1,0.042637516,0
242,37,6210.561,1,0.011508767,0
231,43,6210.78,1,0.014020498,0
212,45,6210.857,1,0.020002859,0
71,112,6210.994,0,0.832380772,0
151,52,6211.1,1,0.008483426,0
190,61,6211.415,1,0.008950868,0
189,72,6211.797,1,0.008760837,0
329,74,6211.886,1,0.006659156,0
50,76,6211.943,1,0.003879244,0
327,78,6212.024,1,0.007147372,0
96,79,6212.049,1,0.009099803,0
296,80,6212.087,1,0.008659282,0
299,87,6212.332,1,0.008326277,0
184,88,6212.378,1,0.009008842,0
109,91,6212.469,1,0.009529644,0
189,91,6212.481,1,0.008552191,0
157,103,6212.891,1,0.009729565,0
71,111,6212.898,1,0.985447049,1
81,108,6213.069,1,0.012844597,0
265,119,6213.459,1,0.009127504,0
8,120,6213.492,1,0.009709187,0
131,128,6213.785,1,0.015130579,0
197,132,6213.915,1,0.008940793,0
58,134,6213.99,1,0.009894966,0
220,143,6214.315,1,0.044548932,0
40,164,6215.049,1,0.008873301,0
116,190,6215.969,1,0.009060910,0
72,111,6217.784,1,0.999645710,1
178,248,6218.019,1,0.013485513,0
71,113,6229.41,0,0.999720991,1
72,113,6229.77,0,0.999025941,1
70,113,6230.983,0,0.998388171,1
71,112,6236.543,1,0.995035529,1
345,5,6239.892,1,0.006878864,0
297,5,6239.9,1,0.006701529,0
253,7,6239.97,1,0.006726636,0
144,19,6240.381,1,0.009955247,0
135,24,6240.555,1,0.009212616,0
51,32,6240.846,1,0.008932667,0
162,38,6241.057,1,0.009298400,0
48,38,6241.066,1,0.009333033,0
54,46,6241.34,1,0.009051573,0
294,53,6241.589,1,0.007251551,0
97,55,6241.661,1,0.008891225,0
216,59,6241.791,1,0.009635795,0
274,61,6241.871,1,0.008851763,0
133,64,6241.972,1,0.009354993,0
259,75,6242.353,1,0.029995751,0
205,78,6242.478,1,0.025759488,0
16,79,6242.511,1,0.016384887,0
223,32,6242.512,1,0.011343635,0
205,82,6242.62,1,0.027928064,0
256,86,6242.755,1,0.037592329,0
145,104,6243.391,1,0.005624081,0
116,108,6243.542,1,0.009743504,0
274,110,6243.589,1,0.011028591,0
72,111,6243.623,1,0.999994159,1
71,112,6243.66,1,0.999831676,1
307,112,6243.688,1,0.008342178,0
93,117,6243.846,1,0.013728536,0
222,120,6243.939,1,0.009414901,0
279,120,6243.97,1,0.009533236,0
214,126,6244.164,1,0.009359094,0
166,127,6244.187,1,0.005393334,0
276,127,6244.194,1,0.010846213,0
128,131,6244.345,1,0.014654762,0
15,133,6244.409,1,0.008862634,0
295,135,6244.5,1,0.009065492,0
227,141,6244.692,1,0.009525287,0
45,152,6245.069,1,0.008902237,0
66,158,6245.307,1,0.010695494,0
44,159,6245.332,1,0.008652894,0
71,113,6245.396,0,0.995439589,1
167,164,6245.506,1,0.011435776,0
126,168,6245.636,1,0.009987078,0
161,172,6245.786,1,0.011100458,0
343,182,6246.133,1,0.010530885,0
262,184,6246.205,1,0.012661599,0
117,184,6246.214,1,0.014379681,0
258,187,6246.311,1,0.012561375,0
117,189,6246.382,1,0.014248188,0
101,213,6247.24,1,0.009648682,0
71,215,6247.303,1,0.010069056,0
190,229,6247.804,1,0.008888599,0
158,232,6247.914,1,0.009357291,0
148,247,6248.433,1,0.009335644,0
85,257,6248.78,1,0.008182111,0
245,4,6249.41,1,0.007279474,0
58,11,6249.652,1,0.009417223,0
102,14,6249.758,1,0.009594479,0
166,23,6250.081,1,0.021766433,0
289,24,6250.11,1,0.010201708,0
214,28,6250.246,1,0.010808982,0
127,30,6250.329,1,0.044662606,0
73,32,6250.403,1,0.030966025,0
71,34,6250.466,1,0.026294475,0
144,39,6250.636,1,0.049199101,0
240,42,6250.744,1,0.012384485,0
156,47,6250.919,1,0.047670130,0
115,52,6251.109,1,0.008926477,0
336,55,6251.198,1,0.006546598,0
111,55,6251.212,1,0.008647602,0
283,58,6251.308,1,0.008175129,0
200,72,6251.797,1,0.009117492,0
40,72,6251.802,1,0.004254084,0
204,80,6251.984,1,0.009080428,0
63,79,6252.047,1,0.006504205,0
128,96,6252.662,1,0.010518758,0
322,99,6252.758,1,0.007812875,0
151,116,6253.358,1,0.006091116,0
337,120,6253.493,1,0.007335052,0
1,133,6253.951,1,0.008545955,0
71,136,6254.058,1,0.017521791,0
312,139,6254.163,1,0.011564911,0
152,141,6254.236,1,0.045081377,0
282,146,6254.413,1,0.016277812,0
11,158,6254.851,1,0.013918653,0
157,159,6254.87,1,0.026716951,0
278,159,6254.883,1,0.014930070,0
103,160,6254.902,1,0.015445552,0
119,166,6255.117,1,0.009433576,0
84,184,6255.766,1,0.008900950,0
87,192,6256.033,1,0.008536308,0
149,200,6256.336,1,0.009200086,0
103,206,6256.531,1,0.008358410,0
170,208,6256.604,1,0.009438581,0
54,216,6256.893,1,0.008237032,0
73,112,6257.571,1,0.996598303,1
27,238,6257.664,1,0.008219152,0
59,239,6257.696,1,0.007937292,0
69,113,6264.854,0,0.999868512,1
70,114,6264.979,0,0.999623179,1
72,114,6267.856,0,0.997815251,1
72,112,6269.268,1,0.997589350,1
69,114,6269.646,0,0.994721770,1
71,114,6269.798,0,0.999121130,1
71,112,6271.635,1,0.995331347,1
71,114,6278.59,0,0.834477365,0
159,19,6280.392,1,0.010047088,0
151,21,6280.458,1,0.008890725,0
46,22,6280.496,1,0.008976923,0
153,24,6280.563,1,0.009462636,0
189,30,6280.78,1,0.008762725,0
231,35,6280.951,1,0.008005004,0
239,36,6280.984,1,0.007802204,0
6,37,6281.023,1,0.008899557,0
145,54,6281.619,1,0.009586250,0
34,55,6281.657,1,0.008860652,0
293,56,6281.687,1,0.008423147,0
14,56,6281.699,1,0.008462923,0
98,60,6281.829,1,0.008840646,0
204,70,6282.207,1,0.048459779,0
178,71,6282.221,1,0.049719900,0
176,72,6282.269,1,0.050132636,0
181,73,6282.289,1,0.049710698,0
62,75,6282.367,1,0.035355926,0
179,79,6282.517,1,0.051037140,0
17,80,6282.55,1,0.016453553,0
18,82,6282.611,1,0.016298173,0
126,84,6282.677,1,0.053911909,0
226,84,6282.687,1,0.048036255,0
225,86,6282.744,1,0.048301011,0
32,48,6282.758,1,0.045026418,0
39,88,6282.821,1,0.017578678,0
175,104,6283.382,1,0.008967367,0
40,109,6283.561,1,0.010067122,0
186,109,6283.58,1,0.008764962,0
69,111,6283.624,1,0.996992946,1
190,111,6283.641,1,0.008920307,0
69,112,6283.657,1,0.997433245,1
309,112,6283.669,1,0.008280420,0
41,116,6283.82,1,0.009482847,0
305,118,6283.883,1,0.008328876,0
34,126,6284.155,1,0.009218804,0
171,127,6284.195,1,0.004679163,0
195,128,6284.24,1,0.008683806,0
255,132,6284.373,1,0.008925777,0
239,140,6284.66,1,0.009306561,0
141,142,6284.723,1,0.012316188,0
184,149,6284.965,1,0.004406687,0
48,150,6285.004,1,0.009370131,0
54,150,6285.022,1,0.010044499,0
289,157,6285.259,1,0.009436543,0
304,158,6285.287,1,0.008140294,0
310,160,6285.351,1,0.007838441,0
72,114,6285.419,1,0.971645951,1
120,165,6285.529,1,0.009520421,0
64,173,6285.819,1,0.008568945,0
5,180,6286.067,1,0.013613778,0
158,181,6286.101,1,0.017874595,0
76,197,6286.658,1,0.014140444,0
244,214,6287.257,1,0.008260551,0
192,222,6287.546,1,0.007098522,0
196,238,6288.11,1,0.007130619,0
104,246,6288.394,1,0.008315543,0
175,247,6288.425,1,0.008705111,0
183,4,6289.42,1,0.006914419,0
345,6,6289.472,1,0.006847912,0
269,6,6289.5,1,0.006894174,0
216,7,6289.513,1,0.006342996,0
119,16,6289.844,1,0.009468064,0
64,17,6289.865,1,0.009336235,0
114,18,6289.896,1,0.009554552,0
343,22,6290.037,1,0.009615367,0
235,23,6290.067,1,0.010378750,0
76,23,6290.073,1,0.040139675,0
78,24,6290.117,1,0.040297370,0
51,31,6290.353,1,0.040844820,0
327,36,6290.527,1,0.009855522,0
210,36,6290.532,1,0.012201130,0
231,39,6290.642,1,0.012526322,0
248,43,6290.774,1,0.012042847,0
64,46,6290.886,1,0.046674464,0
144,50,6291.04,1,0.009007139,0
233,54,6291.17,1,0.009124365,0
184,58,6291.32,1,0.009018277,0
142,61,6291.412,1,0.009107562,0
218,62,6291.447,1,0.009049939,0
118,79,6292.059,1,0.009369963,0
56,88,6292.37,1,0.010441499,0
254,90,6292.43,1,0.009250507,0
304,105,6292.965,1,0.008476966,0
250,110,6293.144,1,0.009651853,0
70,113,6293.243,1,0.998799920,1
69,113,6293.253,1,0.998406231,1
64,114,6293.29,1,0.011523119,0
289,139,6294.173,1,0.013939086,0
69,114,6294.404,0,0.999963164,1
33,148,6294.478,1,0.014333506,0
3,151,6294.596,1,0.013795644,0
303,173,6295.362,1,0.008431702,0
273,174,6295.4,1,0.009740969,0
72,115,6295.599,0,0.997297585,1
77,208,6296.607,1,0.008431478,0
150,219,6297.0,1,0.009762445,0
258,223,6297.134,1,0.007739031,0
69,115,6297.706,0,0.996569991,1
29,243,6297.85,1,0.007850952,0
215,247,6297.97,1,0.004995248,0
71,115,6299.888,0,0.997793555,1
68,114,6301.093,0,0.993977666,1
72,113,6304.889,1,0.994506776,1
70,115,6305.125,0,0.997681141,1
71,115,6308.904,0,0.999540210,1
69,115,6308.919,0,0.997803748,1
71,114,6319.736,1,0.989691138,1
298,3,6319.829,1,0.006425414,0
157,4,6319.875,1,0.008648813,0
120,43,6321.232,1,0.008313722,0
116,47,6321.388,1,0.007408637,0
160,52,6321.558,1,0.008909017,0
284,62,6321.91,1,0.008228074,0
116,72,6322.253,1,0.049788255,0
203,80,6322.538,1,0.048308268,0
199,85,6322.718,1,0.048305273,0
119,92,6322.968,1,0.052609291,0
113,93,6323.005,1,0.008739715,0
25,95,6323.063,1,0.009892971,0
107,104,6323.393,1,0.005663822,0
48,107,6323.482,1,0.010351565,0
143,108,6323.522,1,0.005533407,0
5,112,6323.663,1,0.009369406,0
43,115,6323.781,1,0.009562817,0
293,116,6323.8,1,0.009111625,0
287,117,6323.84,1,0.009668864,0
142,119,6323.933,1,0.016157914,0
40,128,6324.223,1,0.009772777,0
177,128,6324.234,1,0.007570382,0
182,133,6324.402,1,0.009751067,0
156,134,6324.447,1,0.016773807,0
168,140,6324.659,1,0.010632824,0
317,145,6324.844,1,0.007782476,0
157,151,6325.036,1,0.013020766,0
263,151,6325.045,1,0.012242429,0
78,152,6325.082,1,0.009349219,0
317,156,6325.218,1,0.007967624,0
82,161,6325.417,1,0.008963189,0
203,166,6325.563,1,0.003854908,0
71,166,6325.57,1,0.008900924,0
129,167,6325.606,1,0.009826116,0
192,205,6325.661,1,0.007245317,0
277,173,6325.813,1,0.009587264,0
37,175,6325.891,1,0.008512993,0
122,176,6325.939,1,0.009726803,0
327,185,6326.242,1,0.010754032,0
118,189,6326.397,1,0.014267978,0
325,202,6326.845,1,0.010719809,0
239,208,6327.05,1,0.008712471,0
92,208,6327.063,1,0.009175773,0
330,210,6327.135,1,0.007782179,0
88,213,6327.238,1,0.008576171,0
153,227,6327.73,1,0.009665774,0
163,237,6328.068,1,0.009151003,0
87,240,6328.175,1,0.008167555,0
281,245,6328.357,1,0.007099933,0
70,114,6328.584,1,0.994032800,1
94,252,6328.596,1,0.010993566,0
149,252,6328.616,1,0.008729937,0
72,114,6328.885,1,0.998647392,1
98,3,6329.377,1,0.009797708,0
103,7,6329.504,1,0.009642760,0
176,7,6329.517,1,0.007081497,0
127,8,6329.562,1,0.009652747,0
30,12,6329.683,1,0.009331412,0
94,14,6329.752,1,0.010366660,0
326,19,6329.956,1,0.006476723,0
17,20,6329.979,1,0.009261825,0
184,21,6329.998,1,0.007713689,0
303,22,6330.042,1,0.025092203,0
302,23,6330.073,1,0.020357210,0
203,23,6330.073,1,0.030315289,0
202,24,6330.105,1,0.039634600,0
32,24,6330.134,1,0.038043406,0
176,28,6330.245,1,0.016457822,0
127,29,6330.285,1,0.044506844,0
247,30,6330.344,1,0.010641837,0
214,31,6330.361,1,0.032552991,0
215,32,6330.404,1,0.024362896,0
205,34,6330.478,1,0.011906807,0
302,35,6330.494,1,0.010242078,0
21,37,6330.564,1,0.046656806,0
93,39,6330.633,1,0.046921570,0
88,40,6330.675,1,0.045393277,0
56,41,6330.727,1,0.046671145,0
170,42,6330.739,1,0.049173601,0
64,42,6330.761,1,0.046447206,0
7,45,6330.846,1,0.032500234,0
89,45,6330.846,1,0.047519516,0
168,45,6330.856,1,0.049062703,0
242,50,6331.021,1,0.010142880,0
63,50,6331.043,1,0.008619304,0
32,53,6331.129,1,0.008740689,0
247,54,6331.162,1,0.009876014,0
36,55,6331.202,1,0.008737477,0
176,56,6331.237,1,0.009052963,0
114,60,6331.381,1,0.009017574,0
130,64,6331.545,1,0.009189169,0
73,69,6331.694,1,0.008569743,0
193,70,6331.733,1,0.008767158,0
155,71,6331.783,1,0.009288785,0
214,77,6331.975,1,0.008965430,0
69,96,6332.643,1,0.014120310,0
266,112,6333.222,1,0.009033053,0
70,113,6333.245,1,0.999559104,1
71,113,6333.257,1,0.999889970,1
215,114,6333.282,1,0.009214958,0
209,116,6333.349,1,0.009142092,0
259,124,6333.635,1,0.009165962,0
68,115,6333.947,0,0.997532368,1
329,144,6334.344,1,0.010707351,0
209,165,6335.086,1,0.008044336,0
337,167,6335.15,1,0.007380825,0
56,198,6336.249,1,0.008984660,0
327,205,6336.495,1,0.007718968,0
284,222,6337.095,1,0.007411579,0
64,224,6337.172,1,0.008581744,0
230,238,6337.659,1,0.005870927,0
271,254,6338.225,1,0.010185078,0
70,116,6342.683,0,0.836649120,0
71,114,6343.439,1,0.997229397,1
68,116,6345.449,0,0.995125473,1
70,115,6346.532,1,0.021775736,0
71,115,6349.636,1,0.997596800,1
72,115,6350.974,1,0.999298334,1
89,184,6351.993,1,0.008636756,0
32,48,6352.07,1,0.008829623,0
65,1,6359.757,1,0.009393171,0
154,14,6360.21,1,0.009938638,0
216,53,6361.591,1,0.009158050,0
69,114,6362.65,1,0.021634633,0
155,89,6362.858,1,0.058027804,0
51,94,6363.032,1,0.011481703,0
122,95,6363.063,1,0.010425671,0
66,96,6363.094,1,0.013819141,0
176,102,6363.31,1,0.009418304,0
291,109,6363.552,1,0.009511339,0
165,119,6363.915,1,0.004666266,0
150,119,6363.932,1,0.006772284,0
271,127,6364.19,1,0.011983755,0
255,128,6364.232,1,0.009234758,0
159,143,6364.777,1,0.013688498,0
214,151,6365.048,1,0.009385654,0
44,152,6365.071,1,0.009743568,0
233,171,6365.763,1,0.011655944,0
97,182,6366.136,1,0.014467284,0
296,191,6366.47,1,0.011552116,0
299,192,6366.485,1,0.011470144,0
73,195,6366.617,1,0.014147963,0
297,198,6366.7,1,0.011271886,0
208,203,6366.883,1,0.011441004,0
98,206,6367.0,1,0.008783849,0
120,212,6367.214,1,0.009057446,0
57,213,6367.228,1,0.008877949,0
304,215,6367.299,1,0.007506398,0
142,223,6367.588,1,0.008918849,0
89,226,6367.681,1,0.008495415,0
185,237,6368.073,1,0.007614297,0
113,247,6368.428,1,0.006725575,0
114,247,6368.448,1,0.006592787,0
127,255,6368.733,1,0.008180436,0
264,3,6369.372,1,0.006652711,0
23,7,6369.515,1,0.008881947,0
341,8,6369.556,1,0.006911908,0
123,14,6369.754,1,0.009705942,0
118,15,6369.806,1,0.009622512,0
148,20,6369.992,1,0.009601904,0
95,22,6370.038,1,0.043533381,0
299,23,6370.07,1,0.010119668,0
122,26,6370.177,1,0.044469576,0
222,32,6370.39,1,0.011363278,0
51,36,6370.557,1,0.043729398,0
221,37,6370.568,1,0.012251300,0
52,39,6370.644,1,0.045768015,0
210,46,6370.884,1,0.021050628,0
183,56,6371.239,1,0.008742879,0
180,59,6371.352,1,0.008792077,0
66,70,6371.728,1,0.008842870,0
113,80,6372.088,1,0.009462046,0
113,86,6372.297,1,0.009800915,0
151,50,6373.11,1,0.009485905,0
65,112,6373.217,1,0.047463916,0
68,114,6373.277,1,0.946198821,1
203,142,6374.27,1,0.045946285,0
69,117,6375.118,0,0.999841571,1
119,167,6375.156,1,0.010568888,0
159,168,6375.189,1,0.011939044,0
70,117,6375.254,0,0.999993443,1
56,173,6375.362,1,0.009535293,0
16,180,6375.635,1,0.008746422,0
12,182,6375.696,1,0.008603244,0
190,183,6375.74,1,0.009678307,0
213,195,6376.151,1,0.004250702,0
122,214,6376.817,1,0.009628735,0
15,220,6377.033,1,0.008568237,0
71,115,6377.116,1,0.999485254,1
207,227,6377.264,1,0.007602138,0
127,247,6377.995,1,0.008773309,0
70,116,6378.056,1,0.996639490,1
288,255,6378.256,1,0.009992572,0
278,256,6378.301,1,0.010042935,0
69,116,6381.393,1,0.999845743,1
68,117,6381.995,0,0.999159575,1
69,115,6383.879,1,0.999346316,1
70,117,6384.652,0,0.997334599,1
68,115,6385.68,1,0.999467671,1
70,115,6387.07,1,0.999999642,1
69,116,6388.341,1,0.999856830,1
69,117,6392.467,0,0.997663856,1
67,117,6396.979,0,0.985766888,1
207,16,6400.29,1,0.006493390,0
145,19,6400.396,1,0.009390065,0
206,21,6400.46,1,0.006987759,0
158,24,6400.556,1,0.009158253,0
229,35,6400.949,1,0.007883332,0
26,39,6401.099,1,0.009007863,0
47,40,6401.141,1,0.009136979,0
315,41,6401.169,1,0.007063213,0
36,52,6401.558,1,0.008982240,0
82,54,6401.641,1,0.008870767,0
341,55,6401.666,1,0.006730061,0
216,56,6401.702,1,0.008061401,0
219,57,6401.724,1,0.008820050,0
216,59,6401.799,1,0.008597869,0
220,70,6402.196,1,0.048599202,0
195,77,6402.436,1,0.048912253,0
242,78,6402.461,1,0.044463906,0
93,78,6402.471,1,0.046144687,0
70,87,6402.783,1,0.027458552,0
67,88,6402.827,1,0.025501875,0
99,102,6403.324,1,0.006107318,0
84,103,6403.353,1,0.014741704,0
331,104,6403.393,1,0.007469561,0
256,107,6403.488,1,0.009087618,0
306,107,6403.498,1,0.008264243,0
256,108,6403.531,1,0.009916212,0
68,116,6403.816,1,0.997224808,1
69,116,6403.827,1,0.996493161,1
35,120,6403.962,1,0.009263746,0
189,135,6404.482,1,0.008676191,0
70,135,6404.482,1,0.009745529,0
289,136,6404.519,1,0.009635213,0
112,144,6404.794,1,0.011840158,0
28,144,6404.811,1,0.009244929,0
153,149,6404.975,1,0.012634017,0
112,150,6405.006,1,0.010460924,0
245,155,6405.179,1,0.009246685,0
334,164,6405.504,1,0.007222762,0
203,170,6405.711,1,0.003288560,0
204,174,6405.848,1,0.004050458,0
320,176,6405.923,1,0.007707688,0
264,176,6405.937,1,0.009685540,0
88,179,6406.042,1,0.014560852,0
218,183,6406.163,1,0.023754720,0
327,184,6406.204,1,0.010747678,0
336,190,6406.428,1,0.010645262,0
43,191,6406.465,1,0.013951000,0
89,210,6407.116,1,0.008849521,0
298,212,6407.207,1,0.007719995,0
112,215,6407.295,1,0.009761247,0
119,218,6407.399,1,0.009037212,0
121,220,6407.494,1,0.007203664,0
160,224,6407.621,1,0.009643493,0
67,117,6407.684,0,0.995409906,1
166,228,6407.75,1,0.009931134,0
211,7,6409.52,1,0.006681740,0
291,11,6409.652,1,0.006999744,0
135,24,6410.106,1,0.044449158,0
120,24,6410.113,1,0.044449534,0
291,29,6410.294,1,0.010277149,0
215,33,6410.431,1,0.011611516,0
106,35,6410.492,1,0.047468469,0
76,36,6410.537,1,0.027963333,0
75,37,6410.572,1,0.078380801,0
8,43,6410.775,1,0.036417097,0
70,118,6410.865,0,0.922988832,1
250,47,6410.932,1,0.012916077,0
69,117,6410.956,1,0.494246870,0
313,51,6411.055,1,0.006979509,0
287,54,6411.175,1,0.007821275,0
21,59,6411.342,1,0.008663195,0
288,64,6411.521,1,0.008379225,0
287,68,6411.658,1,0.008232709,0
290,70,6411.732,1,0.008521046,0
295,75,6411.904,1,0.008452526,0
186,78,6412.015,1,0.008964156,0
204,80,6412.077,1,0.008788068,0
244,88,6412.367,1,0.009553776,0
237,93,6412.539,1,0.009316145,0
110,96,6412.646,1,0.004762355,0
236,96,6412.653,1,0.009887616,0
232,97,6412.686,1,0.009692201,0
255,104,6412.931,1,0.009209057,0
318,108,6413.066,1,0.007660370,0
142,110,6413.14,1,0.005908540,0
232,117,6413.393,1,0.009890922,0
96,122,6413.575,1,0.012578806,0
119,140,6414.195,1,0.028438201,0
277,144,6414.35,1,0.022322126,0
9,152,6414.631,1,0.013925925,0
207,163,6415.011,1,0.008191179,0
68,118,6415.189,0,0.994454443,1
217,176,6415.474,1,0.009832529,0
217,177,6415.503,1,0.007836197,0
203,178,6415.561,1,0.004580410,0
203,184,6415.751,1,0.007799994,0
201,186,6415.824,1,0.010760736,0
201,188,6415.896,1,0.008377984,0
69,118,6416.286,0,0.999033332,1
294,216,6416.88,1,0.007684534,0
172,224,6417.158,1,0.008964363,0
257,237,6417.615,1,0.007426488,0
335,244,6417.868,1,0.007061170,0
327,247,6417.971,1,0.007024187,0
69,117,6417.99,1,0.991585732,1
85,254,6418.22,1,0.013148627,0
67,118,6431.356,0,0.994044125,1
68,117,6432.693,1,0.995887935,1
315,23,6440.532,1,0.006827430,0
311,24,6440.555,1,0.007145599,0
134,31,6440.827,1,0.009635658,0
240,32,6440.851,1,0.008018436,0
190,47,6441.376,1,0.009184225,0
99,56,6441.707,1,0.009294040,0
102,63,6441.937,1,0.009015034,0
207,67,6442.079,1,0.048438787,0
32,48,6442.296,1,0.045541279,0
79,75,6442.368,1,0.041765541,0
68,119,6442.635,0,0.841899395,0
316,83,6442.646,1,0.010936255,0
228,88,6442.817,1,0.045588080,0
269,88,6442.824,1,0.023652647,0
82,103,6443.347,1,0.013355047,0
248,107,6443.492,1,0.009483079,0
101,111,6443.642,1,0.008382871,0
101,114,6443.742,1,0.008219152,0
69,116,6443.799,1,0.974096894,1
71,116,6443.809,1,0.975230277,1
67,117,6443.838,1,0.968614101,1
154,118,6443.872,1,0.005870120,0
174,119,6443.921,1,0.009735865,0
92,120,6443.961,1,0.013215028,0
89,121,6443.989,1,0.011813527,0
7,122,6444.02,1,0.008845632,0
83,125,6444.12,1,0.010978702,0
189,125,6444.127,1,0.008577088,0
88,126,6444.158,1,0.011530606,0
81,126,6444.184,1,0.010999068,0
241,131,6444.335,1,0.009554827,0
92,131,6444.358,1,0.011788831,0
344,133,6444.404,1,0.006366967,0
144,133,6444.411,1,0.015871909,0
223,133,6444.429,1,0.009526444,0
148,134,6444.444,1,0.015984768,0
342,135,6444.496,1,0.006492208,0
118,141,6444.713,1,0.012358516,0
112,142,6444.728,1,0.008354087,0
112,143,6444.758,1,0.016357895,0
308,143,6444.765,1,0.020523656,0
307,143,6444.781,1,0.019368786,0
176,146,6444.875,1,0.006767324,0
90,150,6445.016,1,0.009646568,0
212,151,6445.04,1,0.009420902,0
307,151,6445.047,1,0.007945011,0
176,152,6445.075,1,0.010865127,0
70,117,6445.161,1,0.994106174,1
230,155,6445.204,1,0.009933534,0
311,156,6445.213,1,0.007331380,0
315,158,6445.281,1,0.012194747,0
226,158,6445.293,1,0.017379368,0
225,158,6445.301,1,0.016418649,0
175,159,6445.318,1,0.011330525,0
314,159,6445.329,1,0.008330999,0
21,160,6445.369,1,0.008962571,0
183,163,6445.462,1,0.010210969,0
16,163,6445.475,1,0.008333808,0
150,168,6445.648,1,0.011339705,0
304,180,6446.067,1,0.011441091,0
89,184,6446.204,1,0.014485997,0
60,189,6446.384,1,0.014130098,0
24,191,6446.461,1,0.013760545,0
64,198,6446.702,1,0.014028113,0
67,119,6446.728,0,0.842121720,0
335,199,6446.757,1,0.010647913,0
69,119,6447.336,0,0.998502612,1
332,235,6448.004,1,0.007160947,0
160,237,6448.071,1,0.009356827,0
29,4,6449.407,1,0.009343038,0
27,7,6449.514,1,0.008943498,0
196,13,6449.716,1,0.006444316,0
2,13,6449.722,1,0.009016414,0
93,16,6449.823,1,0.009437689,0
77,18,6449.893,1,0.009528891,0
147,18,6449.907,1,0.009140166,0
72,19,6449.942,1,0.009475486,0
218,23,6450.077,1,0.010380738,0
56,23,6450.092,1,0.038280506,0
16,26,6450.181,1,0.040556349,0
77,35,6450.492,1,0.042987566,0
157,35,6450.5,1,0.047762826,0
254,36,6450.528,1,0.010902061,0
216,37,6450.562,1,0.012306748,0
296,37,6450.572,1,0.010324108,0
24,53,6451.126,1,0.008750226,0
224,56,6451.247,1,0.009342703,0
112,64,6451.526,1,0.009167881,0
69,118,6451.974,1,0.984458029,1
327,83,6452.188,1,0.007209634,0
94,93,6452.55,1,0.004731828,0
5,104,6452.929,1,0.009425701,0
311,109,6453.109,1,0.008248146,0
200,111,6453.198,1,0.009255811,0
0,112,6453.214,1,0.009675922,0
7,114,6453.289,1,0.009247130,0
70,118,6453.417,1,0.958414018,1
56,126,6453.704,1,0.009674565,0
39,136,6454.059,1,0.014558014,0
123,156,6454.772,1,0.023492163,0
157,183,6455.715,1,0.011450177,0
32,204,6456.468,1,0.009379475,0
100,214,6456.807,1,0.009140589,0
188,216,6456.878,1,0.008512869,0
191,223,6457.124,1,0.006925118,0
183,224,6457.171,1,0.008177863,0
40,228,6457.308,1,0.008360039,0
45,232,6457.442,1,0.008838612,0
68,118,6458.052,1,0.955124021,1
68,119,6458.317,0,0.994405627,1
69,117,6465.319,1,0.919261932,1
67,119,6472.479,0,0.984551132,1
68,120,6479.02,0,0.999091387,1
70,120,6479.499,0,0.999219060,1
39,2,6479.784,1,0.009137196,0
160,13,6480.174,1,0.009883098,0
57,15,6480.246,1,0.009016414,0
40,17,6480.315,1,0.009124559,0
144,19,6480.383,1,0.009979215,0
315,19,6480.388,1,0.006795015,0
143,21,6480.469,1,0.009541096,0
203,27,6480.663,1,0.007533578,0
85,36,6480.984,1,0.008980144,0
88,36,6481.004,1,0.009402613,0
66,119,6481.219,0,0.923799574,1
287,45,6481.31,1,0.007628791,0
258,48,6481.406,1,0.008630544,0
132,48,6481.416,1,0.009004395,0
68,118,6481.453,1,0.993186831,1
77,53,6481.595,1,0.008742078,0
75,54,6481.626,1,0.008614684,0
55,57,6481.734,1,0.008893359,0
110,61,6481.889,1,0.009070132,0
68,62,6481.905,1,0.009068950,0
82,62,6481.92,1,0.008803628,0
3,66,6482.039,1,0.015786199,0
239,66,6482.05,1,0.044412628,0
315,71,6482.219,1,0.010462652,0
306,72,6482.246,1,0.010941207,0
310,72,6482.258,1,0.009992793,0
260,76,6482.398,1,0.029935787,0
70,118,6482.406,1,0.999488831,1
133,77,6482.431,1,0.052281644,0
308,77,6482.44,1,0.011072855,0
7,80,6482.539,1,0.015428890,0
1,82,6482.603,1,0.014759875,0
226,86,6482.748,1,0.047620505,0
200,88,6482.82,1,0.048011307,0
124,89,6482.868,1,0.054821569,0
199,90,6482.887,1,0.047982000,0
128,93,6483.015,1,0.010242799,0
193,101,6483.285,1,0.008609131,0
80,103,6483.344,1,0.014682813,0
298,104,6483.376,1,0.008690951,0
279,105,6483.426,1,0.009488796,0
119,106,6483.451,1,0.005916830,0
172,111,6483.65,1,0.009266214,0
156,112,6483.665,1,0.005173736,0
68,116,6483.824,1,0.903254330,1
72,120,6483.961,1,0.638922811,0
80,122,6484.042,1,0.011643760,0
69,120,6484.095,0,0.997292936,1
68,125,6484.137,1,0.015119995,0
193,129,6484.263,1,0.008590272,0
203,129,6484.285,1,0.008696709,0
225,142,6484.733,1,0.009410660,0
195,142,6484.744,1,0.008680190,0
140,145,6484.834,1,0.013001006,0
68,120,6484.962,0,0.998035610,1
45,152,6485.069,1,0.009094298,0
238,160,6485.361,1,0.009156016,0
6,163,6485.466,1,0.008235611,0
207,165,6485.538,1,0.008161446,0
67,118,6485.578,1,0.930313170,1
319,167,6485.617,1,0.007913979,0
191,169,6485.671,1,0.008337012,0
190,174,6485.856,1,0.010272387,0
67,120,6485.961,0,0.997442126,1
119,180,6486.081,1,0.014761366,0
255,197,6486.668,1,0.012049140,0
88,222,6487.559,1,0.008576913,0
237,240,6488.177,1,0.006153721,0
69,118,6488.513,1,0.939546764,1
8,255,6488.708,1,0.009216312,0
33,3,6489.364,1,0.008844269,0
11,4,6489.425,1,0.009276174,0
104,6,6489.469,1,0.009720711,0
86,6,6489.477,1,0.009556881,0
99,8,6489.555,1,0.009676128,0
247,16,6489.82,1,0.007953017,0
136,16,6489.83,1,0.009851931,0
334,19,6489.94,1,0.006285049,0
241,20,6489.964,1,0.007350316,0
68,120,6490.041,0,0.843606412,0
129,26,6490.178,1,0.044484828,0
167,27,6490.213,1,0.022432342,0
86,29,6490.29,1,0.041028444,0
223,32,6490.386,1,0.011363108,0
223,37,6490.569,1,0.012249703,0
50,39,6490.644,1,0.045740604,0
151,50,6490.741,1,0.048130322,0
335,45,6490.846,1,0.009800609,0
341,46,6490.888,1,0.009774429,0
136,47,6490.916,1,0.048142429,0
27,52,6491.091,1,0.008519576,0
93,56,6491.233,1,0.008717877,0
305,58,6491.306,1,0.007396577,0
203,61,6491.413,1,0.008829134,0
263,67,6491.622,1,0.009469575,0
212,71,6491.763,1,0.008930236,0
234,76,6491.951,1,0.009390958,0
162,78,6492.01,1,0.009519473,0
65,79,6492.053,1,0.008639083,0
70,80,6492.087,1,0.009374585,0
65,81,6492.121,1,0.009021166,0
133,84,6492.222,1,0.011026215,0
72,84,6492.23,1,0.004660457,0
300,87,6492.328,1,0.008770395,0
58,94,6492.577,1,0.010236252,0
100,96,6492.645,1,0.005308870,0
56,96,6492.653,1,0.006595908,0
59,99,6492.761,1,0.009093365,0
121,107,6493.038,1,0.005055674,0
104,108,6493.067,1,0.014513847,0
138,108,6493.084,1,0.005724802,0
125,111,6493.182,1,0.003683580,0
143,112,6493.218,1,0.007162521,0
70,114,6493.288,1,0.019383192,0
323,116,6493.364,1,0.008111129,0
182,120,6493.497,1,0.009079411,0
48,127,6493.742,1,0.009448911,0
134,128,6493.776,1,0.016365264,0
83,140,6494.199,1,0.018871840,0
296,163,6495.018,1,0.008588912,0
270,167,6495.179,1,0.009963875,0
223,203,6496.44,1,0.007446941,0
135,212,6496.747,1,0.008442724,0
35,213,6496.795,1,0.009276156,0
34,215,6496.852,1,0.009169761,0
192,219,6496.984,1,0.008147940,0
200,224,6497.156,1,0.007450562,0
35,224,6497.172,1,0.008699870,0
106,227,6497.266,1,0.008154786,0
160,229,6497.336,1,0.009284113,0
79,230,6497.397,1,0.009007114,0
293,247,6497.987,1,0.007106128,0
67,119,6498.566,1,0.020385392,0
66,120,6505.378,0,0.629306436,0
69,119,6516.597,1,0.993055880,1
68,120,6517.196,1,0.991494060,1
70,120,6517.719,1,0.978065073,1
68,121,6518.065,0,0.945899785,1
308,6,6519.928,1,0.006799412,0
64,7,6519.973,1,0.009493221,0
218,15,6520.246,1,0.006658260,0
330,38,6521.05,1,0.006785045,0
236,39,6521.111,1,0.008374428,0
288,45,6521.3,1,0.007285542,0
304,45,6521.313,1,0.007128078,0
314,47,6521.372,1,0.006932543,0
239,49,6521.45,1,0.009785992,0
114,53,6521.594,1,0.009000085,0
312,54,6521.62,1,0.006803961,0
150,58,6521.759,1,0.008995290,0
92,69,6522.155,1,0.048196051,0
68,119,6522.629,1,0.999998569,1
247,83,6522.646,1,0.044417862,0
103,85,6522.71,1,0.046832792,0
63,86,6522.752,1,0.024802087,0
65,90,6522.909,1,0.025202833,0
47,93,6523.017,1,0.011574581,0
53,94,6523.023,1,0.011845795,0
173,103,6523.359,1,0.009124861,0
55,108,6523.527,1,0.010375611,0
207,110,6523.604,1,0.008789140,0
312,111,6523.645,1,0.008051188,0
66,114,6523.741,1,0.013957877,0
68,120,6523.942,1,0.999857664,1
159,124,6524.088,1,0.005396622,0
70,127,6524.191,1,0.017450193,0
166,127,6524.2,1,0.005267627,0
130,132,6524.372,1,0.009018438,0
129,132,6524.382,1,0.006744773,0
265,133,6524.405,1,0.009802714,0
160,134,6524.45,1,0.011262340,0
207,149,6524.974,1,0.008783923,0
68,121,6525.273,0,0.999510527,1
67,121,6525.496,0,0.999278247,1
267,167,6525.615,1,0.010257597,0
295,175,6525.888,1,0.008654255,0
338,182,6526.14,1,0.010586475,0
98,187,6526.308,1,0.014343811,0
67,120,6527.028,1,0.999917746,1
240,211,6527.161,1,0.008433333,0
244,212,6527.197,1,0.008603696,0
103,214,6527.26,1,0.008254096,0
148,214,6527.27,1,0.008857761,0
80,220,6527.471,1,0.008374627,0
69,120,6527.494,1,0.997208536,1
31,221,6527.51,1,0.008835617,0
30,224,6527.616,1,0.008187043,0
67,119,6527.657,1,0.999954462,1
50,230,6527.837,1,0.008252734,0
156,232,6527.893,1,0.008857865,0
103,237,6528.091,1,0.008173668,0
127,239,6528.164,1,0.008244448,0
31,259,6528.844,1,0.007776448,0
312,2,6529.341,1,0.006693966,0
283,4,6529.398,1,0.006869433,0
330,4,6529.409,1,0.006572408,0
213,6,6529.484,1,0.006490541,0
44,10,6529.608,1,0.009179853,0
54,11,6529.652,1,0.009336406,0
120,15,6529.788,1,0.009822317,0
245,16,6529.822,1,0.007044060,0
35,20,6529.964,1,0.009021251,0
120,22,6530.037,1,0.044416945,0
270,26,6530.188,1,0.010334867,0
263,32,6530.387,1,0.027279753,0
264,33,6530.421,1,0.021425344,0
260,39,6530.638,1,0.010989388,0
269,39,6530.66,1,0.010646844,0
63,40,6530.668,1,0.044969238,0
44,44,6530.836,1,0.046782337,0
296,45,6530.852,1,0.010424593,0
199,45,6530.861,1,0.024989642,0
123,46,6530.889,1,0.048427675,0
61,46,6530.905,1,0.046650346,0
134,48,6530.953,1,0.047909621,0
322,52,6531.102,1,0.006536867,0
135,53,6531.132,1,0.008590479,0
306,53,6531.146,1,0.006882816,0
322,54,6531.172,1,0.007269454,0
128,60,6531.397,1,0.008836440,0
315,62,6531.463,1,0.006914756,0
104,63,6531.487,1,0.008979490,0
271,64,6531.521,1,0.009719228,0
28,71,6531.766,1,0.006727678,0
91,73,6531.838,1,0.008728749,0
265,87,6532.332,1,0.009460531,0
287,105,6532.988,1,0.009082162,0
246,106,6533.014,1,0.009670394,0
36,118,6533.426,1,0.009842535,0
276,127,6533.736,1,0.011416595,0
226,127,6533.748,1,0.009931003,0
261,140,6534.204,1,0.028901959,0
232,151,6534.593,1,0.043980613,0
99,156,6534.77,1,0.016380183,0
95,158,6534.832,1,0.015321821,0
156,174,6535.398,1,0.011076010,0
208,174,6535.398,1,0.005297116,0
296,192,6536.03,1,0.008340730,0
184,201,6536.35,1,0.009298848,0
247,208,6536.595,1,0.008280157,0
36,215,6536.859,1,0.009048600,0
332,216,6536.878,1,0.007518800,0
193,237,6537.628,1,0.006632685,0
32,48,6546.206,1,0.045684010,0
67,122,6547.119,0,0.998892128,1
67,120,6547.757,1,0.994498312,1
68,122,6547.895,0,0.998593271,1
66,122,6548.945,0,0.999721110,1
66,121,6549.109,0,0.993861556,1
65,121,6554.281,0,0.977797747,1
66,120,6554.338,1,0.967035532,1
69,120,6554.976,1,0.469699740,0
68,122,6555.645,0,0.996479213,1
259,5,6559.901,1,0.006850584,0
266,8,6560.001,1,0.006846196,0
66,122,6560.082,0,0.992068648,1
68,121,6560.322,1,0.995974243,1
57,30,6560.785,1,0.008805959,0
184,42,6561.194,1,0.009569879,0
240,47,6561.378,1,0.010257883,0
37,51,6561.531,1,0.008817595,0
8,54,6561.618,1,0.009159577,0
238,56,6561.689,1,0.009698287,0
164,57,6561.722,1,0.009011345,0
67,121,6561.776,1,0.999337375,1
271,72,6562.276,1,0.020229328,0
206,76,6562.389,1,0.048307627,0
291,84,6562.685,1,0.012664366,0
191,85,6562.718,1,0.048494738,0
275,92,6562.96,1,0.019417519,0
118,95,6563.072,1,0.009956516,0
171,101,6563.284,1,0.009345289,0
338,103,6563.354,1,0.007282145,0
1,112,6563.669,1,0.007342295,0
1,115,6563.79,1,0.009110907,0
206,118,6563.873,1,0.009172383,0
130,122,6564.028,1,0.016787039,0
106,125,6564.14,1,0.013131371,0
263,126,6564.165,1,0.009090946,0
67,127,6564.197,1,0.022344971,0
85,130,6564.302,1,0.011313139,0
328,134,6564.448,1,0.007892574,0
134,135,6564.471,1,0.014004831,0
182,138,6564.607,1,0.009601732,0
322,143,6564.76,1,0.008099800,0
16,144,6564.794,1,0.009369450,0
87,144,6564.815,1,0.009774498,0
79,148,6564.934,1,0.011114207,0
158,148,6564.944,1,0.013427666,0
7,152,6565.081,1,0.008893985,0
33,154,6565.154,1,0.010470815,0
167,157,6565.256,1,0.011939540,0
332,158,6565.307,1,0.007517967,0
63,159,6565.338,1,0.009309287,0
79,164,6565.5,1,0.009216574,0
62,164,6565.519,1,0.010972661,0
171,166,6565.58,1,0.011217439,0
90,169,6565.676,1,0.008886301,0
40,173,6565.823,1,0.008605615,0
84,176,6565.93,1,0.009232153,0
126,189,6566.392,1,0.014590454,0
31,190,6566.42,1,0.013854543,0
31,208,6567.065,1,0.008414748,0
76,215,6567.304,1,0.009015557,0
216,226,6567.706,1,0.005116117,0
86,228,6567.761,1,0.008787245,0
56,244,6568.321,1,0.008540575,0
105,253,6568.634,1,0.008367172,0
186,256,6568.739,1,0.008934686,0
233,2,6569.342,1,0.007560113,0
38,6,6569.49,1,0.009333950,0
139,8,6569.543,1,0.012798939,0
278,12,6569.681,1,0.006823946,0
141,14,6569.756,1,0.009904294,0
342,19,6569.951,1,0.006792965,0
224,24,6570.112,1,0.010467653,0
280,25,6570.15,1,0.010237358,0
225,27,6570.214,1,0.010689905,0
216,32,6570.386,1,0.011441425,0
309,40,6570.669,1,0.010118904,0
114,40,6570.686,1,0.049167704,0
128,46,6570.884,1,0.048392508,0
113,47,6570.932,1,0.048393153,0
213,52,6571.093,1,0.008740484,0
102,61,6571.426,1,0.008971817,0
256,62,6571.447,1,0.010397039,0
276,63,6571.483,1,0.008827248,0
239,76,6571.943,1,0.009160836,0
291,79,6572.049,1,0.008460106,0
102,105,6572.97,1,0.011572360,0
337,109,6573.102,1,0.007279809,0
163,114,6573.289,1,0.005455441,0
232,120,6573.503,1,0.009638185,0
228,122,6573.564,1,0.009619709,0
114,138,6574.137,1,0.028050043,0
216,144,6574.339,1,0.044553224,0
223,151,6574.596,1,0.044458240,0
158,186,6575.84,1,0.010384266,0
323,200,6576.325,1,0.007602210,0
181,225,6577.204,1,0.007846162,0
69,121,6579.251,1,0.980566263,1
68,120,6582.198,1,0.020545557,0
67,123,6583.375,0,0.997340620,1
69,123,6584.326,0,0.995171487,1
65,122,6586.009,0,0.847852707,0
68,123,6586.07,0,0.848892391,0
67,122,6589.026,1,0.999812305,1
66,123,6589.673,0,0.999997973,1
67,123,6589.793,0,0.999997258,1
67,122,6596.919,1,0.999195993,1
65,121,6597.815,1,0.987416863,1
68,121,6597.951,1,0.999033689,1
66,122,6598.225,1,0.991883993,1
138,12,6600.144,1,0.009299337,0
60,40,6601.13,1,0.009166691,0
32,48,6601.401,1,0.008951959,0
59,53,6601.586,1,0.008861155,0
93,58,6601.758,1,0.009322837,0
87,62,6601.9,1,0.009280907,0
216,64,6601.979,1,0.009044569,0
307,68,6602.122,1,0.010676866,0
179,71,6602.222,1,0.049451131,0
304,78,6602.469,1,0.011357752,0
221,79,6602.509,1,0.049393691,0
179,80,6602.543,1,0.050790299,0
95,91,6602.94,1,0.044364437,0
339,93,6602.991,1,0.010217967,0
90,93,6602.998,1,0.048262510,0
114,101,6603.296,1,0.005656912,0
160,103,6603.369,1,0.010044438,0
118,104,6603.379,1,0.005952759,0
90,116,6603.824,1,0.012127058,0
5,125,6604.125,1,0.008677425,0
168,137,6604.562,1,0.009193433,0
32,141,6604.683,1,0.009193616,0
131,143,6604.761,1,0.012216295,0
258,145,6604.841,1,0.009429272,0
128,150,6605.006,1,0.012384186,0
119,151,6605.058,1,0.010959540,0
148,152,6605.084,1,0.012470542,0
256,155,6605.186,1,0.012850489,0
255,164,6605.519,1,0.010466913,0
48,167,6605.616,1,0.008549094,0
168,168,6605.635,1,0.011104370,0
269,170,6605.71,1,0.010314593,0
345,173,6605.832,1,0.007452996,0
121,174,6605.853,1,0.009363252,0
31,176,6605.932,1,0.008656220,0
11,182,6606.127,1,0.013701472,0
143,190,6606.415,1,0.016072283,0
256,190,6606.422,1,0.012537056,0
142,200,6606.779,1,0.015237119,0
211,203,6606.879,1,0.014362597,0
205,256,6608.743,1,0.007763661,0
46,4,6609.408,1,0.009271924,0
90,22,6610.035,1,0.035874553,0
235,22,6610.047,1,0.010297137,0
92,24,6610.123,1,0.037451826,0
223,26,6610.179,1,0.010629805,0
302,27,6610.213,1,0.021918558,0
335,27,6610.23,1,0.009658962,0
303,28,6610.247,1,0.019230068,0
6,30,6610.326,1,0.043307573,0
77,32,6610.386,1,0.041720830,0
229,34,6610.469,1,0.011615627,0
133,40,6610.668,1,0.049176969,0
162,43,6610.776,1,0.049176041,0
222,51,6611.064,1,0.009308302,0
124,62,6611.444,1,0.009142152,0
233,71,6611.761,1,0.009385042,0
131,90,6612.434,1,0.011097145,0
119,94,6612.581,1,0.010540433,0
87,110,6613.139,1,0.013289147,0
36,112,6613.22,1,0.010316500,0
67,124,6613.745,0,0.993348181,1
15,128,6613.778,1,0.009062943,0
328,135,6614.039,1,0.010714578,0
297,139,6614.18,1,0.012655800,0
20,144,6614.343,1,0.014139772,0
120,147,6614.445,1,0.026615236,0
111,165,6615.09,1,0.010739330,0
244,200,6616.333,1,0.008854692,0
200,224,6617.157,1,0.007712503,0
70,227,6617.265,1,0.009633020,0
222,234,6617.516,1,0.005936726,0
65,122,6618.443,1,0.017404314,0
66,122,6618.608,1,0.019714054,0
67,124,6621.959,0,0.998476207,1
67,122,6622.581,1,0.019908765,0
66,124,6623.967,0,0.998336792,1
67,123,6625.214,1,0.976951897,1
67,124,6628.55,0,0.997014403,1
32,48,6629.538,1,0.008977798,0
68,122,6630.369,1,0.020127490,0
66,124,6631.395,0,0.974268317,1
65,122,6639.356,1,0.943957627,1
124,1,6639.758,1,0.009253060,0
43,7,6639.969,1,0.008781768,0
66,14,6640.208,1,0.009147611,0
248,16,6640.282,1,0.006827631,0
341,30,6640.776,1,0.006304004,0
16,48,6641.42,1,0.008750210,0
320,53,6641.588,1,0.006792203,0
44,65,6642.01,1,0.036047116,0
136,70,6642.199,1,0.050454341,0
224,76,6642.395,1,0.049211863,0
210,80,6642.538,1,0.047691174,0
209,86,6642.752,1,0.048033420,0
195,88,6642.825,1,0.048316922,0
32,48,6642.977,1,0.045809373,0
77,102,6643.309,1,0.013037384,0
269,104,6643.407,1,0.006896193,0
304,105,6643.412,1,0.008347939,0
10,106,6643.476,1,0.009413269,0
272,107,6643.483,1,0.009729550,0
269,109,6643.573,1,0.010903042,0
151,50,6643.636,1,0.008524491,0
287,111,6643.649,1,0.009576792,0
140,119,6643.915,1,0.015818311,0
47,120,6643.956,1,0.009455635,0
40,122,6644.023,1,0.009372022,0
159,122,6644.033,1,0.005482188,0
68,123,6644.045,1,0.999616027,1
155,123,6644.067,1,0.005635029,0
328,128,6644.244,1,0.007567072,0
70,131,6644.338,1,0.010025906,0
34,135,6644.483,1,0.009010294,0
68,125,6644.564,0,0.996025324,1
79,141,6644.686,1,0.009483598,0
232,142,6644.74,1,0.009453935,0
164,143,6644.765,1,0.015832637,0
161,164,6645.505,1,0.011476476,0
131,165,6645.531,1,0.010190039,0
57,170,6645.717,1,0.008797806,0
34,171,6645.75,1,0.007904894,0
36,173,6645.81,1,0.007276659,0
22,176,6645.928,1,0.008778196,0
339,180,6646.07,1,0.010562801,0
29,189,6646.385,1,0.013854700,0
245,197,6646.668,1,0.012582365,0
315,207,6647.038,1,0.007748883,0
79,214,6647.268,1,0.008646200,0
183,224,6647.611,1,0.009116992,0
207,239,6648.164,1,0.007072245,0
15,255,6648.714,1,0.007911969,0
255,2,6649.344,1,0.007493170,0
146,10,6649.62,1,0.009723769,0
317,12,6649.697,1,0.007280077,0
53,14,6649.765,1,0.009510098,0
272,21,6650.001,1,0.010210342,0
246,23,6650.078,1,0.010475351,0
340,28,6650.257,1,0.009608636,0
72,31,6650.357,1,0.041046638,0
309,33,6650.424,1,0.010093836,0
285,37,6650.575,1,0.010434864,0
159,45,6650.845,1,0.048429605,0
126,46,6650.884,1,0.048392758,0
39,48,6650.952,1,0.047441188,0
206,50,6651.021,1,0.009046360,0
200,51,6651.058,1,0.008706868,0
160,54,6651.167,1,0.009048878,0
56,58,6651.309,1,0.008991188,0
161,60,6651.391,1,0.008567244,0
164,62,6651.45,1,0.008922461,0
84,63,6651.496,1,0.008888452,0
146,64,6651.54,1,0.009150065,0
111,68,6651.667,1,0.008687554,0
145,71,6651.792,1,0.009227240,0
26,79,6652.046,1,0.012009924,0
182,79,6652.071,1,0.009197113,0
168,80,6652.08,1,0.009389219,0
172,83,6652.191,1,0.009397157,0
120,93,6652.554,1,0.010190131,0
278,98,6652.718,1,0.009712686,0
213,104,6652.928,1,0.008784670,0
344,122,6653.565,1,0.007112463,0
66,125,6653.642,0,0.998975277,1
333,127,6653.743,1,0.007593854,0
179,128,6653.781,1,0.009713965,0
183,129,6653.827,1,0.009068877,0
86,131,6653.893,1,0.010924110,0
241,132,6653.924,1,0.009490840,0
301,133,6653.951,1,0.008764055,0
143,134,6653.996,1,0.015059014,0
241,136,6654.056,1,0.044425718,0
7,138,6654.139,1,0.014101172,0
256,147,6654.465,1,0.028826956,0
31,148,6654.507,1,0.014323237,0
97,152,6654.627,1,0.017542506,0
76,162,6654.973,1,0.014821216,0
262,165,6655.078,1,0.009708912,0
67,125,6655.258,0,0.999853611,1
89,180,6655.633,1,0.008687115,0
68,182,6655.687,1,0.007546156,0
69,183,6655.721,1,0.007999228,0
65,125,6655.977,0,0.999893069,1
315,223,6657.153,1,0.007567839,0
67,124,6660.801,1,0.999874711,1
65,123,6661.164,1,0.997568309,1
67,123,6661.706,1,0.999617338,1
66,124,6662.881,1,0.999997139,1
66,123,6665.581,1,0.993552327,1
32,48,6671.052,1,0.008912112,0
68,124,6672.126,1,0.986455083,1
66,124,6672.393,1,0.984182656,1
56,14,6680.228,1,0.009109955,0
61,15,6680.252,1,0.008851726,0
220,36,6680.992,1,0.008638504,0
286,41,6681.167,1,0.007146632,0
284,44,6681.272,1,0.007682894,0
119,66,6682.068,1,0.049039904,0
224,67,6682.076,1,0.049199596,0
122,67,6682.083,1,0.049312159,0
230,68,6682.116,1,0.017379737,0
230,71,6682.216,1,0.014228905,0
128,72,6682.248,1,0.050608341,0
65,126,6682.399,0,0.955259979,1
233,77,6682.435,1,0.044553336,0
191,78,6682.475,1,0.049347602,0
81,86,6682.75,1,0.039288096,0
69,91,6682.928,1,0.026780292,0
67,126,6682.929,0,0.966337323,1
163,93,6683.012,1,0.010016364,0
181,99,6683.214,1,0.009137325,0
56,107,6683.484,1,0.011003789,0
95,114,6683.735,1,0.013940384,0
26,120,6683.962,1,0.009306376,0
69,122,6684.027,1,0.933532774,1
156,140,6684.656,1,0.016843824,0
155,143,6684.762,1,0.013517427,0
220,143,6684.773,1,0.010117318,0
227,144,6684.793,1,0.009731146,0
151,148,6684.937,1,0.012966144,0
295,150,6685.008,1,0.009590407,0
230,152,6685.097,1,0.010123949,0
40,156,6685.213,1,0.011133110,0
245,157,6685.253,1,0.009123218,0
8,168,6685.644,1,0.008873715,0
36,171,6685.74,1,0.008585501,0
68,173,6685.823,1,0.008756784,0
15,174,6685.855,1,0.008742214,0
133,176,6685.926,1,0.010111456,0
54,179,6686.045,1,0.014239027,0
152,182,6686.144,1,0.017828712,0
47,183,6686.166,1,0.014118384,0
180,189,6686.401,1,0.012509205,0
93,190,6686.41,1,0.012186042,0
93,191,6686.456,1,0.025952041,0
166,199,6686.737,1,0.014979508,0
111,204,6686.917,1,0.014019470,0
106,207,6687.01,1,0.008650881,0
142,213,6687.237,1,0.009176856,0
188,218,6687.399,1,0.007631166,0
144,220,6687.472,1,0.009367251,0
89,248,6688.46,1,0.008067465,0
66,126,6688.476,0,0.992305100,1
275,1,6689.306,1,0.006745581,0
237,12,6689.685,1,0.006889298,0
261,20,6689.979,1,0.007337254,0
48,21,6690.005,1,0.037572727,0
20,27,6690.217,1,0.040428840,0
27,33,6690.431,1,0.043815084,0
25,36,6690.535,1,0.045854773,0
159,40,6690.669,1,0.049336508,0
152,40,6690.675,1,0.049413685,0
325,40,6690.689,1,0.009868225,0
343,45,6690.846,1,0.009778542,0
23,61,6691.424,1,0.008752679,0
175,71,6691.776,1,0.009060978,0
8,79,6692.05,1,0.011069252,0
217,80,6692.081,1,0.008730499,0
296,84,6692.224,1,0.008856446,0
159,101,6692.823,1,0.010746309,0
296,109,6693.106,1,0.008786822,0
302,110,6693.155,1,0.009059262,0
207,111,6693.185,1,0.008981230,0
37,120,6693.494,1,0.009548231,0
195,124,6693.632,1,0.009075886,0
96,126,6693.701,1,0.009650203,0
154,127,6693.75,1,0.008368253,0
98,128,6693.781,1,0.008825551,0
51,130,6693.848,1,0.009765876,0
50,133,6693.97,1,0.009464683,0
135,142,6694.272,1,0.039151609,0
127,142,6694.28,1,0.031881396,0
47,143,6694.307,1,0.014734691,0
137,144,6694.346,1,0.028028557,0
26,166,6695.114,1,0.008970431,0
67,126,6695.425,0,1.000000000,1
240,194,6696.113,1,0.009544666,0
242,195,6696.163,1,0.009343007,0
184,204,6696.456,1,0.009148937,0
319,213,6696.779,1,0.007534580,0
66,125,6696.899,1,0.999999523,1
181,228,6697.305,1,0.008882762,0
91,235,6697.55,1,0.008597536,0
208,238,6697.67,1,0.005635714,0
66,126,6699.9,0,0.999661565,1
64,126,6703.814,0,0.998502970,1
66,124,6704.691,1,1.000000000,1
65,124,6705.887,1,0.999997854,1
66,125,6706.88,1,0.999999642,1
65,125,6708.703,1,0.999073267,1
32,48,6711.705,1,0.008929076,0
64,124,6719.013,1,0.985904038,1
223,8,6719.992,1,0.006278941,0
175,14,6720.21,1,0.007765810,0
162,16,6720.274,1,0.009847355,0
199,28,6720.7,1,0.007673423,0
32,29,6720.745,1,0.009135595,0
120,40,6721.129,1,0.007940972,0
202,40,6721.13,1,0.009765008,0
120,43,6721.245,1,0.007915330,0
172,45,6721.304,1,0.007168376,0
172,47,6721.378,1,0.012403804,0
171,47,6721.379,1,0.006812159,0
143,48,6721.403,1,0.009163936,0
306,50,6721.486,1,0.006932067,0
175,54,6721.638,1,0.008724249,0
174,61,6721.882,1,0.008622332,0
247,63,6721.945,1,0.009198473,0
176,64,6721.978,1,0.009390447,0
52,68,6722.128,1,0.037633970,0
202,71,6722.227,1,0.048436046,0
28,76,6722.403,1,0.018558798,0
29,79,6722.523,1,0.018530892,0
311,96,6723.109,1,0.008182977,0
341,110,6723.596,1,0.007168759,0
4,111,6723.624,1,0.009305576,0
65,127,6723.836,0,0.998758435,1
110,118,6723.874,1,0.014702182,0
204,120,6723.955,1,0.009197078,0
68,124,6724.096,1,0.975542068,1
207,128,6724.23,1,0.008926257,0
80,135,6724.478,1,0.011164161,0
132,138,6724.578,1,0.012826967,0
127,138,6724.588,1,0.012206097,0
10,149,6724.967,1,0.008528550,0
66,127,6724.968,0,0.999998808,1
155,151,6725.05,1,0.013049549,0
45,152,6725.069,1,0.010425838,0
66,126,6725.159,1,0.999950051,1
41,155,6725.197,1,0.009750353,0
117,156,6725.232,1,0.010188174,0
73,160,6725.359,1,0.009122119,0
138,167,6725.604,1,0.010459502,0
55,171,6725.763,1,0.008653880,0
10,186,6726.299,1,0.013647712,0
195,192,6726.491,1,0.011166332,0
232,200,6726.763,1,0.013499483,0
98,200,6726.768,1,0.014093881,0
110,200,6726.793,1,0.014076546,0
72,201,6726.807,1,0.014062271,0
180,204,6726.915,1,0.012109298,0
75,208,6727.066,1,0.008515835,0
199,209,6727.087,1,0.008159860,0
109,212,6727.187,1,0.008647692,0
155,214,6727.261,1,0.012080395,0
272,215,6727.291,1,0.007830468,0
153,215,6727.294,1,0.010843865,0
106,218,6727.405,1,0.008615730,0
68,222,6727.547,1,0.008465440,0
152,228,6727.773,1,0.009475704,0
333,240,6728.177,1,0.007006343,0
30,246,6728.392,1,0.008717337,0
90,248,6728.456,1,0.008321907,0
64,125,6728.518,1,0.999704421,1
124,4,6729.418,1,0.009389068,0
67,8,6729.541,1,0.009555201,0
61,14,6729.754,1,0.007133439,0
60,14,6729.76,1,0.005160725,0
143,14,6729.781,1,0.009835501,0
248,15,6729.795,1,0.006728637,0
49,16,6729.821,1,0.009614150,0
69,16,6729.826,1,0.009372115,0
2,21,6729.999,1,0.009140956,0
54,21,6730.027,1,0.038187012,0
212,23,6730.069,1,0.031027405,0
213,24,6730.105,1,0.024207899,0
208,28,6730.254,1,0.010914084,0
168,30,6730.319,1,0.027264858,0
9,30,6730.335,1,0.043065492,0
128,32,6730.389,1,0.045461595,0
255,32,6730.396,1,0.010603915,0
208,36,6730.54,1,0.012256766,0
204,37,6730.588,1,0.012706140,0
123,38,6730.604,1,0.048921570,0
255,40,6730.674,1,0.011393096,0
200,40,6730.68,1,0.014062828,0
231,52,6731.092,1,0.010955417,0
93,58,6731.303,1,0.008659424,0
71,60,6731.387,1,0.008653956,0
232,61,6731.414,1,0.009562059,0
89,63,6731.487,1,0.008664666,0
272,64,6731.517,1,0.009759838,0
206,67,6731.624,1,0.008968660,0
166,70,6731.735,1,0.009221552,0
207,72,6731.806,1,0.008577960,0
204,80,6732.077,1,0.008772265,0
307,81,6732.127,1,0.008037886,0
321,83,6732.184,1,0.007338531,0
206,85,6732.262,1,0.009002229,0
65,126,6732.371,1,0.999998331,1
66,127,6732.405,0,0.999997973,1
66,126,6732.832,1,0.999993682,1
64,127,6732.865,0,0.999596775,1
313,108,6733.068,1,0.008145921,0
193,109,6733.109,1,0.008959373,0
66,125,6733.221,1,0.999983191,1
9,116,6733.356,1,0.009379932,0
68,125,6733.676,1,0.999209642,1
70,136,6734.064,1,0.017790753,0
72,141,6734.235,1,0.016777134,0
245,147,6734.449,1,0.037253127,0
292,168,6735.213,1,0.008793689,0
127,176,6735.466,1,0.009322679,0
104,182,6735.691,1,0.008930869,0
280,184,6735.751,1,0.008668143,0
136,184,6735.778,1,0.009457378,0
23,188,6735.914,1,0.008230401,0
322,196,6736.197,1,0.007651572,0
88,207,6736.577,1,0.008593082,0
89,184,6737.615,1,0.009052064,0
40,245,6737.921,1,0.007781111,0
94,252,6738.147,1,0.013192463,0
65,126,6740.735,1,0.996323109,1
67,126,6752.485,1,0.985982478,1
64,127,6756.086,0,0.999284923,1
63,127,6756.204,0,0.999918103,1
64,128,6756.791,0,0.999875784,1
217,32,6760.845,1,0.008113392,0
65,128,6761.804,0,0.999321818,1
193,76,6762.4,1,0.049132004,0
192,88,6762.816,1,0.074075155,0
273,88,6762.827,1,0.020523844,0
192,90,6762.893,1,0.065134965,0
197,92,6762.967,1,0.056948148,0
197,93,6763.0,1,0.023137445,0
59,94,6763.049,1,0.012315654,0
271,95,6763.091,1,0.012423973,0
194,100,6763.26,1,0.008974557,0
52,101,6763.278,1,0.011313621,0
47,101,6763.294,1,0.011223947,0
139,102,6763.311,1,0.004538783,0
104,111,6763.638,1,0.015959250,0
242,235,6763.639,1,0.006640868,0
126,112,6763.66,1,0.008889728,0
13,112,6763.669,1,0.009435835,0
166,115,6763.794,1,0.009671153,0
283,117,6763.843,1,0.009650882,0
127,118,6763.881,1,0.013841930,0
177,119,6763.912,1,0.008767817,0
190,120,6763.958,1,0.009056916,0
64,125,6764.118,1,0.989871681,1
60,126,6764.181,1,0.024755612,0
195,134,6764.451,1,0.008696030,0
143,139,6764.622,1,0.012977194,0
151,143,6764.76,1,0.013238111,0
112,147,6764.91,1,0.011449707,0
64,128,6765.205,0,0.998131931,1
291,182,6766.13,1,0.011931453,0
296,182,6766.139,1,0.011731452,0
107,191,6766.457,1,0.014203210,0
256,192,6766.501,1,0.012414592,0
232,197,6766.663,1,0.013962556,0
5,206,6766.981,1,0.013275610,0
327,210,6767.131,1,0.007509992,0
86,212,6767.194,1,0.008585331,0
335,212,6767.205,1,0.007576943,0
74,214,6767.287,1,0.008615119,0
189,220,6767.476,1,0.007522077,0
141,222,6767.543,1,0.008453249,0
159,223,6767.578,1,0.009453117,0
183,224,6767.609,1,0.008057550,0
217,224,6767.627,1,0.006125811,0
65,128,6768.119,0,0.997135520,1
64,126,6768.302,1,0.980672538,1
85,255,6768.72,1,0.007856892,0
342,5,6769.434,1,0.005999713,0
340,7,6769.51,1,0.006476198,0
270,20,6769.974,1,0.006856192,0
271,24,6770.111,1,0.010261185,0
320,32,6770.395,1,0.009900845,0
273,44,6770.811,1,0.011034012,0
231,44,6770.823,1,0.015149641,0
238,47,6770.916,1,0.015185048,0
122,47,6770.926,1,0.048353534,0
85,59,6771.34,1,0.008581314,0
49,59,6771.368,1,0.008549466,0
47,64,6771.519,1,0.008449937,0
112,78,6772.013,1,0.009199047,0
236,78,6772.027,1,0.009452174,0
120,87,6772.332,1,0.009832154,0
219,87,6772.345,1,0.008625568,0
34,111,6773.187,1,0.009616584,0
66,126,6773.217,1,0.999911904,1
159,112,6773.224,1,0.005458161,0
268,124,6773.637,1,0.009352571,0
66,127,6773.741,1,0.999685049,1
142,136,6774.073,1,0.050599732,0
143,143,6774.322,1,0.040895239,0
308,148,6774.484,1,0.011663559,0
208,155,6774.733,1,0.042910803,0
80,172,6775.334,1,0.009257927,0
213,183,6775.714,1,0.007800989,0
200,199,6776.276,1,0.009557508,0
79,200,6776.321,1,0.005629729,0
79,201,6776.358,1,0.006729204,0
18,230,6777.372,1,0.009256382,0
142,248,6778.019,1,0.013856309,0
309,254,6778.222,1,0.010020442,0
63,128,6778.776,0,0.858413339,0
63,128,6790.108,0,0.858405828,0
66,129,6790.368,0,0.998013258,1
67,129,6791.282,0,0.998668551,1
66,127,6795.468,1,0.999018431,1
65,129,6795.829,0,0.999591172,1
24,52,6795.849,1,0.008645252,0
65,127,6797.007,1,0.995121896,1
67,127,6797.359,1,0.995028436,1
65,128,6798.019,1,0.991729677,1
210,2,6799.785,1,0.006383148,0
11,8,6800.0,1,0.008452649,0
16,21,6800.457,1,0.009015562,0
304,35,6800.953,1,0.007074328,0
240,39,6801.091,1,0.008311399,0
165,45,6801.317,1,0.008906955,0
148,48,6801.41,1,0.008998103,0
78,51,6801.519,1,0.008993066,0
64,129,6801.753,0,0.997036338,1
69,68,6802.116,1,0.043774195,0
331,68,6802.124,1,0.009915964,0
43,71,6802.22,1,0.028427418,0
137,71,6802.241,1,0.072446667,0
306,72,6802.248,1,0.010944851,0
138,72,6802.256,1,0.072853923,0
135,75,6802.357,1,0.037202854,0
129,88,6802.821,1,0.055291768,0
205,88,6802.837,1,0.047823023,0
336,90,6802.897,1,0.010275025,0
178,96,6803.101,1,0.009163637,0
62,102,6803.324,1,0.012325298,0
254,104,6803.375,1,0.007565826,0
250,104,6803.401,1,0.006486349,0
206,105,6803.415,1,0.008974230,0
250,105,6803.428,1,0.008895634,0
126,116,6803.811,1,0.014019490,0
326,119,6803.932,1,0.007736922,0
80,120,6803.952,1,0.013802548,0
166,121,6803.988,1,0.004578310,0
39,124,6804.087,1,0.005950085,0
40,124,6804.104,1,0.007307059,0
232,127,6804.202,1,0.009885524,0
100,127,6804.219,1,0.012704010,0
183,132,6804.395,1,0.008741586,0
226,136,6804.525,1,0.009533478,0
94,137,6804.559,1,0.010995184,0
328,140,6804.672,1,0.007657377,0
132,151,6805.037,1,0.012133537,0
285,151,6805.048,1,0.010021567,0
29,153,6805.121,1,0.008623575,0
78,159,6805.329,1,0.009003373,0
39,160,6805.364,1,0.008736938,0
140,163,6805.467,1,0.011366680,0
40,164,6805.501,1,0.008927261,0
144,165,6805.538,1,0.011237470,0
44,168,6805.641,1,0.007430623,0
64,128,6805.724,1,0.995253801,1
128,172,6805.792,1,0.010006827,0
36,173,6805.81,1,0.008415448,0
310,175,6805.902,1,0.008009455,0
202,176,6805.934,1,0.004198440,0
328,184,6806.197,1,0.040533878,0
327,184,6806.215,1,0.036754109,0
314,196,6806.633,1,0.009882431,0
314,199,6806.73,1,0.010375381,0
22,203,6806.897,1,0.013523411,0
200,208,6807.06,1,0.008357291,0
65,128,6807.276,1,0.997892320,1
114,223,6807.604,1,0.010181497,0
63,127,6809.047,1,0.981242895,1
63,7,6809.51,1,0.009313079,0
342,11,6809.647,1,0.006492141,0
241,12,6809.68,1,0.007567169,0
156,21,6809.998,1,0.010235657,0
158,22,6810.038,1,0.024558289,0
336,23,6810.07,1,0.009604594,0
165,26,6810.173,1,0.021476522,0
250,29,6810.283,1,0.009099601,0
35,30,6810.318,1,0.040497757,0
208,31,6810.357,1,0.011397152,0
253,32,6810.391,1,0.009528739,0
100,33,6810.431,1,0.017436266,0
160,36,6810.528,1,0.047518943,0
100,36,6810.534,1,0.015066464,0
248,43,6810.776,1,0.012155527,0
210,46,6810.89,1,0.021905448,0
53,47,6810.922,1,0.046688896,0
100,48,6810.959,1,0.048425619,0
23,50,6811.028,1,0.008477720,0
84,72,6811.802,1,0.009209136,0
89,86,6812.296,1,0.009809813,0
167,93,6812.542,1,0.010102592,0
78,94,6812.584,1,0.005580418,0
279,97,6812.7,1,0.009784795,0
245,98,6812.725,1,0.009391285,0
126,107,6813.036,1,0.005788684,0
32,111,6813.175,1,0.009562533,0
67,128,6813.458,1,0.976047635,1
329,119,6813.466,1,0.007648950,0
264,124,6813.646,1,0.006991821,0
266,126,6813.718,1,0.008695319,0
72,133,6813.959,1,0.011641237,0
190,156,6814.766,1,0.018550796,0
189,167,6815.15,1,0.008469103,0
143,168,6815.188,1,0.011345902,0
322,180,6815.616,1,0.007792664,0
39,182,6815.706,1,0.008388509,0
90,211,6816.714,1,0.008685837,0
248,220,6817.021,1,0.008421554,0
181,227,6817.287,1,0.007783673,0
64,128,6824.6,1,0.986073852,1
66,128,6827.989,1,0.999174535,1
63,130,6828.916,0,0.999932766,1
64,130,6829.104,0,0.999999762,1
65,129,6829.663,1,0.999999285,1
65,130,6833.614,0,0.998543620,1
168,13,6840.177,1,0.008732381,0
247,15,6840.245,1,0.006816716,0
64,129,6840.536,1,0.994125366,1
68,32,6840.84,1,0.008983432,0
180,35,6840.954,1,0.011184136,0
264,40,6841.12,1,0.007749172,0
151,44,6841.267,1,0.009458060,0
263,44,6841.285,1,0.009216856,0
260,45,6841.315,1,0.009630777,0
121,53,6841.584,1,0.008937287,0
282,58,6841.784,1,0.008488449,0
159,66,6842.05,1,0.050848249,0
104,67,6842.102,1,0.048314687,0
106,71,6842.214,1,0.048918869,0
65,130,6842.292,0,0.993546426,1
311,77,6842.436,1,0.010927599,0
296,85,6842.722,1,0.012258480,0
96,86,6842.753,1,0.043612543,0
151,87,6842.782,1,0.056732561,0
282,87,6842.789,1,0.016757481,0
136,87,6842.801,1,0.055702616,0
151,50,6842.867,1,0.048120685,0
16,90,6842.903,1,0.015615741,0
32,48,6843.002,1,0.008923567,0
70,95,6843.061,1,0.016927319,0
160,96,6843.104,1,0.010149298,0
18,96,6843.126,1,0.008395116,0
20,98,6843.197,1,0.007126535,0
41,101,6843.278,1,0.010163247,0
256,102,6843.321,1,0.009312977,0
205,102,6843.333,1,0.008823678,0
162,103,6843.343,1,0.010062040,0
261,103,6843.363,1,0.008882111,0
248,104,6843.383,1,0.009418762,0
104,104,6843.391,1,0.006575739,0
161,109,6843.566,1,0.006095159,0
162,110,6843.611,1,0.016058655,0
327,112,6843.66,1,0.007760837,0
87,112,6843.673,1,0.013579645,0
326,114,6843.74,1,0.008200846,0
195,116,6843.824,1,0.008782960,0
279,117,6843.854,1,0.009167565,0
30,118,6843.872,1,0.009402432,0
322,119,6843.92,1,0.007687931,0
43,120,6843.961,1,0.009418487,0
64,130,6844.141,0,0.996253729,1
158,126,6844.163,1,0.005760913,0
166,127,6844.186,1,0.005260430,0
63,128,6844.203,1,0.992906570,1
307,127,6844.215,1,0.008135537,0
98,131,6844.357,1,0.012090790,0
90,133,6844.408,1,0.011586403,0
92,134,6844.445,1,0.011720240,0
7,136,6844.537,1,0.008526954,0
119,140,6844.652,1,0.012415814,0
226,141,6844.69,1,0.009623613,0
133,142,6844.724,1,0.012196787,0
248,142,6844.737,1,0.009239811,0
60,142,6844.737,1,0.009776229,0
286,144,6844.801,1,0.009881633,0
181,146,6844.864,1,0.003699192,0
56,147,6844.893,1,0.009668655,0
221,151,6845.038,1,0.009219317,0
219,152,6845.08,1,0.009093373,0
80,157,6845.274,1,0.009369237,0
69,158,6845.29,1,0.009020202,0
316,158,6845.307,1,0.006467113,0
96,160,6845.358,1,0.009729735,0
314,160,6845.367,1,0.006859892,0
102,162,6845.426,1,0.009775938,0
31,166,6845.568,1,0.008702239,0
95,175,6845.88,1,0.008611505,0
91,175,6845.912,1,0.009122455,0
224,183,6846.17,1,0.021629410,0
103,189,6846.386,1,0.014241492,0
168,192,6846.483,1,0.015037700,0
135,192,6846.489,1,0.014994057,0
10,192,6846.496,1,0.013572725,0
224,199,6846.755,1,0.017550340,0
136,200,6846.761,1,0.014727140,0
306,200,6846.768,1,0.011189870,0
287,209,6847.089,1,0.006361464,0
284,212,6847.195,1,0.007733251,0
99,217,6847.371,1,0.007046055,0
99,220,6847.485,1,0.007272545,0
78,221,6847.507,1,0.008479517,0
71,224,6847.625,1,0.008144095,0
169,228,6847.767,1,0.009053446,0
82,228,6847.782,1,0.008399840,0
273,230,6847.847,1,0.007580773,0
208,237,6848.091,1,0.007068342,0
65,239,6848.142,1,0.007938396,0
63,130,6848.624,0,0.991401255,1
72,253,6848.648,1,0.008738459,0
150,258,6848.813,1,0.008342608,0
307,5,6849.439,1,0.006614130,0
38,7,6849.511,1,0.009209509,0
48,12,6849.684,1,0.008015508,0
48,15,6849.787,1,0.007778545,0
126,15,6849.797,1,0.009817014,0
305,19,6849.951,1,0.006872407,0
24,24,6850.105,1,0.018908104,0
28,25,6850.141,1,0.019320704,0
28,28,6850.247,1,0.007119605,0
218,31,6850.358,1,0.011273523,0
248,35,6850.495,1,0.011031759,0
281,36,6850.535,1,0.010425716,0
319,40,6850.678,1,0.009944354,0
141,42,6850.754,1,0.049035579,0
277,45,6850.856,1,0.010888176,0
159,46,6850.894,1,0.048335478,0
139,48,6850.956,1,0.047760732,0
36,50,6851.026,1,0.008863983,0
140,51,6851.072,1,0.009069498,0
39,56,6851.234,1,0.008503097,0
95,60,6851.385,1,0.008512361,0
207,61,6851.412,1,0.008426446,0
335,61,6851.424,1,0.006718234,0
216,62,6851.447,1,0.008857366,0
203,64,6851.524,1,0.009275424,0
205,65,6851.571,1,0.006301202,0
205,69,6851.697,1,0.006231147,0
103,71,6851.774,1,0.008794998,0
230,72,6851.823,1,0.009274719,0
206,76,6851.944,1,0.008724274,0
168,96,6852.647,1,0.009684465,0
296,120,6853.506,1,0.009447738,0
280,123,6853.6,1,0.009747858,0
299,124,6853.648,1,0.008739070,0
70,130,6853.848,1,0.652051985,0
209,133,6853.955,1,0.009801535,0
162,142,6854.287,1,0.038923755,0
120,151,6854.589,1,0.025505418,0
250,157,6854.813,1,0.026720347,0
43,160,6854.903,1,0.014420983,0
66,131,6854.91,0,0.942618370,1
143,160,6854.914,1,0.026403898,0
65,164,6855.052,1,0.008803982,0
280,173,6855.361,1,0.009366888,0
252,182,6855.682,1,0.009781358,0
135,184,6855.755,1,0.010020834,0
126,186,6855.828,1,0.009332028,0
132,188,6855.9,1,0.009188322,0
290,214,6856.811,1,0.008111458,0
200,224,6857.16,1,0.008484742,0
63,131,6857.803,0,0.982934415,1
29,244,6857.885,1,0.008442449,0
215,247,6857.969,1,0.004450765,0
66,129,6858.209,1,1.000000000,1
186,256,6858.3,1,0.011699597,0
65,129,6859.815,1,0.999955773,1
64,129,6860.868,1,0.999986172,1
64,131,6865.232,0,0.999988914,1
65,131,6865.747,0,1.000000000,1
183,224,6865.9,1,0.008161593,0
63,131,6866.566,0,0.999998689,1
65,130,6866.79,1,1.000000000,1
64,130,6866.838,1,1.000000000,1
63,129,6868.468,1,0.996737659,1
64,130,6873.288,1,0.994514585,1
292,8,6879.991,1,0.011557942,0
293,8,6880.013,1,0.008311438,0
232,10,6880.077,1,0.006675950,0
308,14,6880.217,1,0.006965672,0
55,14,6880.229,1,0.007424457,0
55,16,6880.28,1,0.007147200,0
80,22,6880.493,1,0.009296406,0
300,48,6881.413,1,0.007504253,0
64,131,6881.54,0,0.998209476,1
112,59,6881.791,1,0.009229571,0
255,64,6881.975,1,0.009892328,0
166,65,6882.004,1,0.049410585,0
321,69,6882.165,1,0.010230278,0
248,70,6882.202,1,0.039646298,0
326,71,6882.225,1,0.010125569,0
239,71,6882.237,1,0.044462893,0
294,74,6882.323,1,0.011861172,0
245,77,6882.429,1,0.027072718,0
243,79,6882.5,1,0.009525881,0
65,130,6882.513,1,0.997365773,1
287,80,6882.54,1,0.013097224,0
173,83,6882.644,1,0.051649146,0
136,85,6882.731,1,0.055007186,0
324,86,6882.747,1,0.010624867,0
147,87,6882.803,1,0.056738429,0
170,88,6882.837,1,0.051214159,0
168,90,6882.884,1,0.042470388,0
299,92,6882.973,1,0.012258480,0
190,95,6883.065,1,0.005748815,0
272,95,6883.081,1,0.012145231,0
191,96,6883.106,1,0.012775481,0
37,111,6883.641,1,0.010011236,0
92,117,6883.842,1,0.014909822,0
25,118,6883.875,1,0.009446412,0
98,118,6883.888,1,0.013765703,0
228,119,6883.912,1,0.009449045,0
291,128,6884.227,1,0.009526107,0
65,129,6884.258,1,0.979391217,1
140,133,6884.417,1,0.009435433,0
144,134,6884.455,1,0.015933674,0
140,136,6884.519,1,0.008469484,0
192,141,6884.682,1,0.009255811,0
249,142,6884.73,1,0.009041163,0
260,143,6884.774,1,0.009468865,0
110,152,6885.082,1,0.010680765,0
300,154,6885.157,1,0.008436132,0
152,158,6885.302,1,0.012404026,0
209,159,6885.321,1,0.008949531,0
151,167,6885.602,1,0.011202813,0
104,167,6885.625,1,0.009124335,0
183,174,6885.848,1,0.009508495,0
192,174,6885.853,1,0.007920098,0
302,180,6886.064,1,0.011549681,0
115,183,6886.171,1,0.014499027,0
87,184,6886.23,1,0.014485903,0
65,188,6886.346,1,0.014205101,0
52,189,6886.386,1,0.014078592,0
71,192,6886.49,1,0.014196162,0
101,199,6886.739,1,0.014078188,0
113,200,6886.773,1,0.014086033,0
192,205,6886.945,1,0.010632694,0
120,214,6887.264,1,0.008816653,0
239,214,6887.275,1,0.008390389,0
18,5,6889.453,1,0.009137282,0
121,6,6889.482,1,0.009742239,0
183,7,6889.526,1,0.007007030,0
312,11,6889.646,1,0.006482665,0
317,11,6889.659,1,0.006527454,0
264,14,6889.76,1,0.006701759,0
247,16,6889.822,1,0.007779928,0
116,19,6889.928,1,0.009782712,0
123,21,6890.012,1,0.044399504,0
176,23,6890.081,1,0.012233506,0
48,23,6890.094,1,0.037296351,0
180,44,6890.815,1,0.049187470,0
236,46,6890.882,1,0.014965829,0
64,50,6891.025,1,0.008889304,0
50,55,6891.203,1,0.008957396,0
56,55,6891.218,1,0.008940464,0
94,71,6891.766,1,0.008994367,0
39,72,6891.799,1,0.003594545,0
152,76,6891.964,1,0.009553071,0
64,132,6892.051,0,0.999292016,1
180,94,6892.59,1,0.008970902,0
331,95,6892.611,1,0.007380085,0
63,132,6892.617,0,0.998283505,1
208,96,6892.657,1,0.008880453,0
288,97,6892.681,1,0.010003271,0
95,98,6892.744,1,0.005807084,0
182,117,6893.385,1,0.009139216,0
320,119,6893.465,1,0.007810454,0
112,119,6893.471,1,0.014586465,0
167,120,6893.496,1,0.004973453,0
204,80,6893.678,1,0.008875469,0
94,127,6893.747,1,0.012168732,0
10,134,6894.01,1,0.014308663,0
16,135,6894.025,1,0.014262352,0
56,143,6894.314,1,0.014968480,0
23,144,6894.343,1,0.014203318,0
84,158,6894.835,1,0.015106084,0
202,175,6895.434,1,0.004100104,0
278,221,6897.063,1,0.007625247,0
325,228,6897.318,1,0.007436685,0
234,236,6897.504,1,0.006633235,0
265,238,6897.678,1,0.007606511,0
92,239,6897.71,1,0.007997715,0
222,243,6897.832,1,0.005036651,0
88,247,6897.972,1,0.008067309,0
64,131,6898.772,1,0.999056280,1
63,132,6899.672,0,0.995363235,1
64,132,6903.56,0,0.999089360,1
64,131,6906.368,1,0.017901419,0
66,130,6907.672,1,0.998286426,1
65,132,6908.031,0,0.998448372,1
63,130,6910.086,1,0.999971032,1
64,132,6911.144,0,0.998070776,1
63,131,6916.263,1,0.975844800,1
38,5,6919.902,1,0.009057480,0
199,11,6920.104,1,0.006561041,0
242,17,6920.332,1,0.007230158,0
4,34,6920.917,1,0.008768890,0
263,48,6921.412,1,0.009389370,0
64,131,6921.534,1,0.996015966,1
184,53,6921.58,1,0.009069519,0
72,53,6921.589,1,0.009095273,0
67,64,6921.978,1,0.009332509,0
286,67,6922.086,1,0.012008929,0
145,72,6922.258,1,0.052108411,0
133,96,6923.097,1,0.010673377,0
333,97,6923.139,1,0.007313491,0
216,99,6923.232,1,0.009042770,0
127,100,6923.257,1,0.006182291,0
123,101,6923.28,1,0.005109808,0
127,107,6923.488,1,0.006007985,0
217,108,6923.523,1,0.008994851,0
294,110,6923.601,1,0.009163780,0
227,111,6923.628,1,0.009352947,0
184,115,6923.785,1,0.008903377,0
163,125,6924.122,1,0.005425875,0
290,127,6924.2,1,0.010093436,0
66,131,6924.331,1,0.999918222,1
65,131,6924.357,1,0.999612272,1
246,136,6924.515,1,0.009493965,0
32,141,6924.694,1,0.009120189,0
315,159,6925.324,1,0.008005527,0
151,180,6926.085,1,0.018363109,0
206,183,6926.168,1,0.016443186,0
167,216,6927.33,1,0.009210253,0
44,216,6927.339,1,0.008285774,0
100,216,6927.346,1,0.008472327,0
89,218,6927.401,1,0.008254830,0
11,232,6927.903,1,0.007835441,0
145,244,6928.328,1,0.008236459,0
215,247,6928.421,1,0.004276003,0
252,250,6928.538,1,0.005393559,0
250,252,6928.625,1,0.005754116,0
140,3,6929.362,1,0.010045107,0
128,8,6929.547,1,0.009518115,0
288,19,6929.94,1,0.006799757,0
106,23,6930.078,1,0.044384930,0
103,24,6930.11,1,0.044272646,0
191,31,6930.361,1,0.012022894,0
342,34,6930.458,1,0.009643275,0
267,38,6930.608,1,0.010643263,0
139,39,6930.64,1,0.049170222,0
64,133,6930.778,0,0.989691198,1
287,52,6931.1,1,0.007820087,0
154,54,6931.173,1,0.009056278,0
291,55,6931.2,1,0.007636491,0
65,133,6931.436,0,0.997600853,1
129,64,6931.525,1,0.008735482,0
63,133,6932.667,0,0.993369281,1
136,103,6932.899,1,0.004923270,0
144,108,6933.072,1,0.005624144,0
123,133,6933.956,1,0.013292280,0
132,152,6934.626,1,0.029728726,0
163,168,6935.21,1,0.011587806,0
55,179,6935.596,1,0.009498903,0
87,185,6935.784,1,0.009614832,0
76,200,6936.311,1,0.010081260,0
41,220,6937.027,1,0.009516946,0
94,224,6937.16,1,0.009694889,0
177,228,6937.315,1,0.009759123,0
64,132,6937.461,1,0.999984860,1
64,133,6937.612,0,0.999999523,1
201,247,6937.977,1,0.007362810,0
185,256,6938.29,1,0.011881683,0
63,132,6938.473,1,0.999998808,1
183,224,6939.142,1,0.007640771,0
63,133,6940.066,0,0.993912876,1
62,133,6943.358,0,0.994748294,1
64,131,6944.436,1,0.999954581,1
63,131,6944.712,1,0.999479592,1
64,133,6944.994,0,0.995693445,1
32,48,6953.003,1,0.008973675,0
64,132,6955.101,1,0.999468029,1
65,134,6956.012,0,0.998968482,1
277,13,6960.178,1,0.006767360,0
172,28,6960.718,1,0.009937962,0
62,133,6960.882,0,0.996429265,1
317,34,6960.929,1,0.006761484,0
340,36,6960.98,1,0.006590143,0
87,48,6961.406,1,0.008948055,0
236,55,6961.659,1,0.009662128,0
227,58,6961.775,1,0.009220101,0
100,64,6961.974,1,0.009114003,0
162,72,6962.262,1,0.051580366,0
61,133,6962.344,0,0.999977708,1
130,77,6962.428,1,0.052023776,0
162,77,6962.444,1,0.052893762,0
133,78,6962.461,1,0.052414652,0
152,79,6962.507,1,0.054570593,0
158,80,6962.537,1,0.054673936,0
156,84,6962.679,1,0.055670530,0
56,92,6962.96,1,0.023315877,0
169,93,6963.004,1,0.009596124,0
62,134,6963.043,0,0.999993086,1
51,101,6963.271,1,0.011121395,0
122,103,6963.374,1,0.005398941,0
87,104,6963.386,1,0.015299104,0
153,108,6963.523,1,0.004826883,0
86,115,6963.77,1,0.012653297,0
328,117,6963.854,1,0.007565164,0
124,121,6963.982,1,0.016551336,0
167,122,6964.026,1,0.004501223,0
82,123,6964.074,1,0.011712112,0
9,134,6964.441,1,0.008607544,0
320,135,6964.471,1,0.007969316,0
57,136,6964.516,1,0.011007687,0
18,136,6964.534,1,0.008658033,0
56,140,6964.649,1,0.009476793,0
227,141,6964.681,1,0.009408109,0
146,141,6964.694,1,0.013979859,0
210,142,6964.727,1,0.009405616,0
230,142,6964.739,1,0.009458356,0
135,144,6964.793,1,0.012202102,0
206,151,6965.036,1,0.009847703,0
235,151,6965.046,1,0.009906985,0
181,151,6965.061,1,0.004624655,0
255,152,6965.078,1,0.009164325,0
25,152,6965.085,1,0.008846887,0
45,152,6965.097,1,0.008959132,0
207,153,6965.114,1,0.009167075,0
45,158,6965.312,1,0.008856215,0
186,159,6965.332,1,0.006494543,0
64,134,6965.337,0,0.999761164,1
18,164,6965.493,1,0.008822436,0
5,164,6965.514,1,0.008412079,0
267,166,6965.573,1,0.009994289,0
64,167,6965.622,1,0.008674501,0
159,168,6965.637,1,0.011816349,0
247,171,6965.77,1,0.010101257,0
154,172,6965.786,1,0.010926712,0
36,173,6965.81,1,0.008451631,0
39,174,6965.864,1,0.008848002,0
231,176,6965.925,1,0.010322203,0
254,178,6965.999,1,0.009517778,0
112,188,6966.339,1,0.014266991,0
341,188,6966.349,1,0.010556000,0
308,188,6966.368,1,0.011229604,0
343,189,6966.382,1,0.010530388,0
52,191,6966.45,1,0.014051651,0
232,196,6966.636,1,0.014156726,0
12,212,6967.192,1,0.008297992,0
63,134,6967.316,0,0.998359501,1
150,221,6967.514,1,0.011276606,0
121,223,6967.606,1,0.010290384,0
319,230,6967.836,1,0.007453327,0
228,231,6967.878,1,0.006401058,0
316,232,6967.902,1,0.007806324,0
313,237,6968.077,1,0.007241144,0
269,240,6968.181,1,0.007233527,0
118,250,6968.528,1,0.009217113,0
179,253,6968.661,1,0.008528970,0
170,255,6968.704,1,0.008674185,0
200,2,6969.329,1,0.006742156,0
335,3,6969.363,1,0.006958380,0
31,5,6969.437,1,0.006532605,0
32,6,6969.48,1,0.012762588,0
149,10,6969.615,1,0.010962828,0
160,20,6969.963,1,0.009744171,0
228,22,6970.039,1,0.010257510,0
113,24,6970.108,1,0.044419374,0
110,28,6970.247,1,0.044427242,0
159,30,6970.323,1,0.044109557,0
163,31,6970.362,1,0.039166689,0
187,44,6970.825,1,0.046064105,0
308,45,6970.864,1,0.010211078,0
73,51,6971.055,1,0.008540102,0
179,78,6972.021,1,0.007684869,0
95,79,6972.047,1,0.008840997,0
177,80,6972.08,1,0.007152904,0
183,83,6972.193,1,0.009002233,0
125,87,6972.356,1,0.010355179,0
258,96,6972.662,1,0.009089047,0
65,101,6972.838,1,0.012791929,0
304,103,6972.895,1,0.008629892,0
125,110,6973.146,1,0.006454989,0
63,134,6973.414,0,0.999772012,1
61,129,6973.813,1,0.717847943,0
62,132,6973.929,1,0.999046028,1
154,136,6974.058,1,0.048567321,0
62,134,6974.09,0,0.999988079,1
139,140,6974.199,1,0.044048909,0
224,150,6974.553,1,0.044517230,0
129,152,6974.626,1,0.028746756,0
88,159,6974.879,1,0.015152097,0
63,133,6974.985,1,0.999999523,1
131,165,6975.083,1,0.010235483,0
48,165,6975.096,1,0.009157863,0
5,191,6976.012,1,0.008132848,0
154,251,6978.114,1,0.014373018,0
64,132,6979.65,1,0.988696933,1
64,133,6982.901,1,0.017453481,0
64,135,6995.263,0,0.999996543,1
63,135,6995.726,0,0.999912739,1
63,133,6997.2,1,0.995624363,1
61,134,6998.876,0,0.865126908,0
44,22,7000.493,1,0.009053254,0
184,32,7000.849,1,0.009879031,0
236,36,7001.003,1,0.008349380,0
179,39,7001.098,1,0.009291581,0
95,43,7001.234,1,0.008873745,0
231,45,7001.308,1,0.010495230,0
40,52,7001.547,1,0.008968672,0
63,135,7001.616,0,0.998440802,1
239,61,7001.871,1,0.009053266,0
286,68,7002.115,1,0.010979085,0
286,71,7002.222,1,0.013891597,0
128,72,7002.249,1,0.050546497,0
64,133,7002.263,1,0.999991059,1
24,76,7002.397,1,0.018333388,0
151,78,7002.468,1,0.054267496,0
289,86,7002.763,1,0.013266370,0
112,88,7002.837,1,0.052318335,0
342,90,7002.881,1,0.010099255,0
254,93,7002.996,1,0.040492911,0
323,93,7003.017,1,0.007889170,0
72,101,7003.271,1,0.020399068,0
62,135,7003.294,0,0.999534607,1
203,110,7003.603,1,0.008961181,0
303,112,7003.686,1,0.008695418,0
63,134,7003.693,1,0.999997973,1
112,115,7003.773,1,0.016947176,0
90,117,7003.847,1,0.015871193,0
116,118,7003.885,1,0.016160332,0
107,122,7004.014,1,0.013318091,0
232,128,7004.234,1,0.009433010,0
59,130,7004.3,1,0.632615864,0
62,133,7004.4,1,0.999987602,1
335,136,7004.526,1,0.007329253,0
64,135,7004.832,0,0.999679208,1
26,154,7005.151,1,0.009345399,0
332,165,7005.535,1,0.007415927,0
168,168,7005.64,1,0.011033371,0
178,169,7005.687,1,0.009677087,0
84,174,7005.875,1,0.009878116,0
48,175,7005.908,1,0.008600699,0
136,182,7006.137,1,0.016827155,0
108,194,7006.558,1,0.014165586,0
82,194,7006.574,1,0.014268595,0
48,196,7006.632,1,0.013942495,0
10,199,7006.749,1,0.013482386,0
63,135,7006.838,0,0.865881324,0
42,204,7006.933,1,0.013735640,0
66,208,7007.046,1,0.008559961,0
253,213,7007.227,1,0.008286891,0
24,216,7007.337,1,0.008270937,0
31,217,7007.365,1,0.008375078,0
318,224,7007.629,1,0.007596193,0
144,239,7008.143,1,0.009569327,0
70,243,7008.29,1,0.008250065,0
72,246,7008.386,1,0.005931580,0
72,247,7008.426,1,0.006630633,0
180,248,7008.457,1,0.009254590,0
92,253,7008.646,1,0.008835295,0
80,256,7008.746,1,0.008304806,0
223,256,7008.761,1,0.004588659,0
78,6,7009.471,1,0.009895550,0
147,7,7009.507,1,0.010192008,0
295,8,7009.547,1,0.007062157,0
113,9,7009.577,1,0.009492244,0
321,13,7009.719,1,0.006835415,0
178,13,7009.732,1,0.010341501,0
177,14,7009.752,1,0.009182702,0
267,20,7009.987,1,0.007249441,0
11,21,7010.021,1,0.036549632,0
39,22,7010.038,1,0.036478125,0
183,23,7010.079,1,0.011307104,0
5,30,7010.328,1,0.042730056,0
39,33,7010.42,1,0.041602880,0
288,36,7010.558,1,0.010378892,0
79,37,7010.584,1,0.042958148,0
204,39,7010.641,1,0.013583076,0
174,41,7010.702,1,0.034555580,0
170,41,7010.723,1,0.013879682,0
167,44,7010.819,1,0.014982154,0
3,51,7011.07,1,0.008500035,0
6,52,7011.101,1,0.008906284,0
7,54,7011.169,1,0.008565645,0
100,67,7011.646,1,0.009080827,0
63,134,7011.663,1,0.997733712,1
96,72,7011.804,1,0.009098776,0
70,77,7011.978,1,0.008818666,0
18,80,7012.084,1,0.011472657,0
300,81,7012.126,1,0.008514901,0
16,84,7012.247,1,0.011190296,0
68,87,7012.333,1,0.004649819,0
76,88,7012.364,1,0.007693444,0
80,92,7012.51,1,0.002637465,0
62,134,7013.005,1,0.998053789,1
168,112,7013.215,1,0.009322097,0
172,119,7013.467,1,0.009816350,0
144,149,7014.533,1,0.034106400,0
61,135,7014.971,0,0.978247225,1
120,165,7015.081,1,0.009997464,0
63,166,7015.142,1,0.009313382,0
116,167,7015.154,1,0.009627290,0
243,178,7015.54,1,0.010181430,0
315,197,7016.21,1,0.007871887,0
92,200,7016.329,1,0.009902182,0
16,207,7016.56,1,0.009753968,0
161,216,7016.898,1,0.009303058,0
70,227,7017.267,1,0.008718478,0
11,230,7017.393,1,0.008474571,0
155,232,7017.442,1,0.009337841,0
216,240,7017.736,1,0.005242846,0
178,248,7018.006,1,0.013166850,0
343,255,7018.276,1,0.009957681,0
48,256,7018.293,1,0.012840831,0
63,136,7026.227,0,0.866407275,0
63,136,7032.574,0,0.998701572,1
63,134,7037.858,1,0.969845951,1
63,136,7038.161,0,0.866416097,0
62,134,7039.679,1,0.999996424,1
100,0,7039.74,1,0.009379829,0
62,136,7040.346,0,0.999285996,1
267,21,7040.458,1,0.006975601,0
155,23,7040.537,1,0.008714762,0
164,46,7041.341,1,0.009632242,0
161,47,7041.374,1,0.009120822,0
26,53,7041.588,1,0.008692316,0
24,54,7041.645,1,0.008683395,0
183,61,7041.867,1,0.008799826,0
72,62,7041.915,1,0.008985921,0
223,71,7042.219,1,0.049399421,0
32,48,7042.377,1,0.046269525,0
310,84,7042.693,1,0.011284318,0
190,93,7043.004,1,0.008922816,0
167,94,7043.035,1,0.009869409,0
233,94,7043.055,1,0.009192169,0
55,96,7043.11,1,0.011682076,0
305,103,7043.355,1,0.008390315,0
240,108,7043.523,1,0.009392205,0
120,111,7043.637,1,0.009279399,0
4,117,7043.855,1,0.009207482,0
159,120,7043.949,1,0.005262811,0
135,120,7043.967,1,0.015858835,0
136,122,7044.031,1,0.017333461,0
144,124,7044.087,1,0.016056675,0
127,124,7044.113,1,0.015640249,0
256,132,7044.371,1,0.009212269,0
63,132,7044.379,1,0.998865962,1
63,133,7044.407,1,0.998906970,1
249,134,7044.435,1,0.009392851,0
57,134,7044.442,1,0.013896425,0
331,134,7044.447,1,0.007463748,0
64,135,7044.495,1,0.999903560,1
227,136,7044.513,1,0.009300369,0
195,136,7044.523,1,0.008735411,0
312,140,7044.663,1,0.008221722,0
183,147,7044.913,1,0.003488031,0
63,136,7044.92,0,0.999652505,1
56,159,7045.33,1,0.008785967,0
232,161,7045.396,1,0.009231778,0
231,166,7045.564,1,0.009257711,0
166,173,7045.826,1,0.010414623,0
47,176,7045.926,1,0.008883022,0
303,178,7046.0,1,0.011590668,0
301,182,7046.14,1,0.011541393,0
88,190,7046.416,1,0.014386141,0
31,190,7046.428,1,0.013877462,0
28,191,7046.453,1,0.013829893,0
207,197,7046.665,1,0.012809306,0
329,200,7046.772,1,0.010711662,0
287,210,7047.144,1,0.008146807,0
33,215,7047.296,1,0.009256141,0
114,217,7047.371,1,0.009564475,0
137,223,7047.585,1,0.010522168,0
49,234,7047.972,1,0.008547118,0
16,247,7048.438,1,0.008999527,0
325,251,7048.562,1,0.006960589,0
295,2,7049.358,1,0.007212379,0
111,8,7049.554,1,0.009639655,0
144,10,7049.615,1,0.009877524,0
137,14,7049.763,1,0.009725206,0
3,15,7049.795,1,0.008638961,0
217,16,7049.823,1,0.007428362,0
260,23,7050.07,1,0.010280661,0
168,32,7050.391,1,0.046152182,0
169,33,7050.433,1,0.054675970,0
330,43,7050.788,1,0.009840527,0
277,46,7050.884,1,0.011005741,0
335,46,7050.895,1,0.009811318,0
132,56,7051.245,1,0.008836615,0
130,59,7051.358,1,0.008991825,0
222,63,7051.49,1,0.009005437,0
213,83,7052.192,1,0.008560354,0
159,86,7052.305,1,0.010215141,0
80,88,7052.366,1,0.005180094,0
72,97,7052.695,1,0.015161926,0
288,100,7052.789,1,0.009832599,0
158,112,7053.217,1,0.005143824,0
63,118,7053.424,1,0.010567517,0
16,118,7053.436,1,0.009551913,0
317,151,7054.585,1,0.011218846,0
277,156,7054.775,1,0.019132284,0
297,158,7054.856,1,0.012184533,0
164,160,7054.922,1,0.024698915,0
312,187,7055.856,1,0.007781626,0
2,198,7056.262,1,0.008122166,0
183,200,7056.316,1,0.007700270,0
112,205,7056.499,1,0.006983740,0
118,206,7056.533,1,0.008716871,0
112,207,7056.559,1,0.006722938,0
331,213,7056.791,1,0.007519099,0
61,135,7064.416,1,0.994967878,1
63,136,7064.653,1,0.999999404,1
63,137,7065.331,0,0.999999881,1
61,136,7066.367,0,0.999876380,1
64,135,7068.294,1,0.999984860,1
62,137,7071.624,0,1.000000000,1
63,137,7073.09,0,1.000000000,1
63,135,7073.689,1,1.000000000,1
63,136,7074.465,1,1.000000000,1
62,136,7075.881,1,1.000000000,1
64,136,7076.121,1,0.999903440,1
86,255,7076.57,1,0.008122653,0
52,5,7079.894,1,0.009259225,0
159,12,7080.137,1,0.009047314,0
211,47,7081.375,1,0.012278375,0
216,48,7081.412,1,0.014713018,0
61,56,7081.698,1,0.009351975,0
258,63,7081.939,1,0.010749989,0
247,98,7083.173,1,0.009204010,0
22,99,7083.223,1,0.009561815,0
22,101,7083.281,1,0.009833537,0
268,103,7083.364,1,0.009404985,0
105,109,7083.566,1,0.012126222,0
61,135,7083.638,1,0.999913096,1
183,114,7083.736,1,0.008562309,0
338,128,7084.24,1,0.006980031,0
332,129,7084.277,1,0.007656990,0
188,132,7084.382,1,0.008887057,0
60,134,7084.448,1,0.999996543,1
330,136,7084.517,1,0.007228294,0
48,144,7084.813,1,0.009035752,0
175,148,7084.937,1,0.005880751,0
111,149,7084.992,1,0.010688815,0
34,151,7085.043,1,0.008631022,0
19,158,7085.309,1,0.006283810,0
20,159,7085.347,1,0.008679538,0
207,160,7085.372,1,0.006174868,0
208,161,7085.395,1,0.007004200,0
12,172,7085.783,1,0.008519202,0
7,173,7085.833,1,0.008287647,0
13,174,7085.849,1,0.008560633,0
1,176,7085.931,1,0.008351362,0
43,180,7086.065,1,0.014144712,0
255,186,7086.293,1,0.013235419,0
46,188,7086.353,1,0.014050080,0
79,198,7086.711,1,0.014181762,0
74,199,7086.729,1,0.014123920,0
175,207,7087.029,1,0.008587945,0
165,211,7087.152,1,0.009278825,0
312,211,7087.168,1,0.007634489,0
165,216,7087.328,1,0.009940922,0
168,220,7087.471,1,0.009173799,0
248,229,7087.798,1,0.007479812,0
43,5,7089.437,1,0.009082831,0
85,10,7089.615,1,0.007091041,0
83,12,7089.685,1,0.007270053,0
39,20,7089.973,1,0.008923723,0
330,22,7090.035,1,0.009675520,0
145,23,7090.072,1,0.044421818,0
248,24,7090.117,1,0.010441745,0
235,28,7090.249,1,0.010711867,0
45,30,7090.333,1,0.039148390,0
162,37,7090.568,1,0.047655843,0
230,40,7090.671,1,0.013141713,0
227,41,7090.705,1,0.013849366,0
50,44,7090.815,1,0.046840306,0
56,46,7090.887,1,0.046605758,0
310,49,7090.987,1,0.010192608,0
151,60,7091.378,1,0.008701597,0
142,64,7091.522,1,0.009212046,0
112,64,7091.528,1,0.009152171,0
63,67,7091.622,1,0.008530974,0
336,67,7091.63,1,0.006618069,0
235,70,7091.735,1,0.009220476,0
288,74,7091.882,1,0.008776301,0
100,82,7092.152,1,0.008997019,0
170,86,7092.298,1,0.009476663,0
280,92,7092.51,1,0.009977234,0
288,94,7092.58,1,0.009726652,0
8,95,7092.631,1,0.009899751,0
55,104,7092.931,1,0.010989559,0
165,116,7093.356,1,0.009049430,0
60,116,7093.372,1,0.010903171,0
323,118,7093.424,1,0.007980959,0
6,119,7093.482,1,0.008974022,0
188,125,7093.676,1,0.009364273,0
208,126,7093.709,1,0.009298739,0
342,128,7093.781,1,0.007301467,0
108,133,7093.951,1,0.012398893,0
63,136,7094.025,1,0.016682897,0
143,135,7094.025,1,0.052335680,0
191,140,7094.221,1,0.045018103,0
256,144,7094.341,1,0.032765329,0
18,148,7094.49,1,0.014143854,0
85,156,7094.761,1,0.015198939,0
120,157,7094.805,1,0.023206986,0
61,159,7094.864,1,0.014713965,0
145,161,7094.942,1,0.025830792,0
13,167,7095.158,1,0.008507807,0
84,168,7095.193,1,0.009215428,0
32,174,7095.417,1,0.008942775,0
86,176,7095.47,1,0.009094730,0
61,138,7095.559,0,0.980890751,1
83,183,7095.715,1,0.010028230,0
4,184,7095.753,1,0.008501016,0
165,190,7095.987,1,0.010255555,0
109,198,7096.251,1,0.008545219,0
53,200,7096.339,1,0.008364400,0
247,210,7096.685,1,0.008422219,0
56,238,7097.672,1,0.009142831,0
156,240,7097.737,1,0.009353571,0
62,138,7098.771,0,0.867346704,0
62,138,7104.093,0,0.999975324,1
61,136,7104.108,1,0.999970078,1
62,137,7105.434,1,0.999906301,1
64,136,7112.18,1,0.997241497,1
61,137,7112.874,1,0.996890008,1
63,137,7113.638,1,0.999995232,1
63,138,7113.915,0,1.000000000,1
62,137,7114.059,1,0.999999166,1
137,36,7120.991,1,0.008933718,0
232,54,7121.627,1,0.009045449,0
35,64,7121.977,1,0.008866744,0
31,67,7122.081,1,0.029255843,0
63,78,7122.473,1,0.036361612,0
204,80,7122.529,1,0.047943171,0
168,80,7122.537,1,0.051611576,0
8,82,7122.615,1,0.015560221,0
29,94,7123.037,1,0.010188779,0
96,95,7123.064,1,0.004737362,0
104,95,7123.071,1,0.004840421,0
16,96,7123.097,1,0.009696386,0
295,104,7123.382,1,0.008788554,0
74,104,7123.404,1,0.012751965,0
53,106,7123.453,1,0.010601008,0
332,108,7123.523,1,0.007460827,0
292,109,7123.556,1,0.005361811,0
293,110,7123.601,1,0.006162804,0
202,117,7123.857,1,0.009032503,0
71,118,7123.881,1,0.011388468,0
47,119,7123.91,1,0.009735039,0
66,120,7123.95,1,0.011979173,0
153,121,7123.991,1,0.005689823,0
100,128,7124.23,1,0.012606630,0
61,132,7124.38,1,0.011759343,0
166,134,7124.444,1,0.005537265,0
64,139,7124.501,0,0.988965929,1
62,136,7124.509,1,0.987005234,1
68,140,7124.655,1,0.010867791,0
131,142,7124.737,1,0.012154089,0
227,144,7124.789,1,0.009257187,0
155,150,7125.004,1,0.013392471,0
148,151,7125.054,1,0.012345592,0
61,139,7125.086,0,0.995613456,1
16,154,7125.171,1,0.008488894,0
97,159,7125.318,1,0.009482981,0
87,159,7125.33,1,0.009670426,0
11,160,7125.358,1,0.008617393,0
16,168,7125.648,1,0.008941360,0
95,175,7125.882,1,0.008853596,0
129,179,7126.032,1,0.016020944,0
87,180,7126.065,1,0.014416463,0
87,181,7126.101,1,0.027954968,0
289,184,7126.222,1,0.011978410,0
84,189,7126.382,1,0.014379957,0
258,192,7126.49,1,0.031782053,0
258,194,7126.552,1,0.025645601,0
263,197,7126.666,1,0.012016099,0
179,198,7126.701,1,0.012217555,0
43,204,7126.903,1,0.013753699,0
28,204,7126.911,1,0.013588598,0
80,214,7127.271,1,0.008739686,0
268,232,7127.907,1,0.007482185,0
321,238,7128.109,1,0.007189151,0
8,255,7128.702,1,0.009483818,0
129,5,7129.454,1,0.006180559,0
129,6,7129.483,1,0.011423109,0
152,8,7129.556,1,0.009359134,0
62,11,7129.655,1,0.009495019,0
63,137,7129.766,1,0.995266318,1
304,14,7129.779,1,0.006904387,0
135,24,7130.106,1,0.044437375,0
101,45,7130.861,1,0.048522510,0
312,48,7130.952,1,0.010154530,0
163,48,7130.957,1,0.048328675,0
62,139,7131.051,0,0.999396205,1
22,55,7131.202,1,0.008694838,0
136,56,7131.235,1,0.008434872,0
136,59,7131.34,1,0.008524060,0
188,62,7131.461,1,0.009180715,0
192,63,7131.483,1,0.008945924,0
230,67,7131.627,1,0.009270492,0
202,70,7131.728,1,0.009136501,0
303,70,7131.746,1,0.008020203,0
111,72,7131.803,1,0.008973047,0
164,73,7131.859,1,0.009331199,0
112,74,7131.875,1,0.009091238,0
107,78,7132.024,1,0.009099489,0
204,82,7132.156,1,0.008963634,0
32,86,7132.302,1,0.009933732,0
62,138,7132.303,1,0.999852896,1
59,87,7132.327,1,0.005095033,0
202,87,7132.336,1,0.009201903,0
55,88,7132.367,1,0.011037644,0
30,88,7132.372,1,0.008386784,0
61,139,7132.419,0,0.999550164,1
330,92,7132.504,1,0.007677372,0
32,48,7132.581,1,0.009024645,0
106,100,7132.801,1,0.005397157,0
119,102,7132.869,1,0.005113023,0
327,114,7133.286,1,0.008208485,0
279,116,7133.356,1,0.010149738,0
67,120,7133.512,1,0.011434454,0
168,125,7133.671,1,0.004512369,0
101,128,7133.779,1,0.013226593,0
95,132,7133.93,1,0.013625244,0
62,137,7134.09,1,0.016310249,0
56,137,7134.113,1,0.015192945,0
56,142,7134.289,1,0.015018437,0
192,144,7134.347,1,0.042298913,0
298,148,7134.48,1,0.012257463,0
198,149,7134.526,1,0.037473653,0
200,158,7134.84,1,0.033305712,0
112,161,7134.945,1,0.018423624,0
206,176,7135.474,1,0.004341739,0
271,182,7135.684,1,0.009262512,0
247,190,7135.969,1,0.009436329,0
12,194,7136.111,1,0.008925372,0
3,204,7136.459,1,0.008017506,0
139,208,7136.597,1,0.008742747,0
216,214,7136.823,1,0.007487013,0
62,138,7138.439,1,0.999889493,1
63,138,7139.334,1,0.997389257,1
62,139,7143.354,0,0.998454452,1
63,140,7149.787,0,0.997234166,1
60,139,7154.377,0,0.868067086,0
64,138,7154.801,1,0.016518421,0
223,32,7155.668,1,0.008086884,0
76,50,7158.823,1,0.046163578,0
99,2,7159.784,1,0.009394277,0
223,10,7160.092,1,0.006359471,0
106,13,7160.183,1,0.009723589,0
32,48,7160.424,1,0.009290383,0
118,26,7160.632,1,0.009894158,0
63,138,7160.678,1,0.947334349,1
234,44,7161.265,1,0.009936353,0
62,140,7161.342,0,0.998366177,1
34,48,7161.424,1,0.009468247,0
78,68,7162.115,1,0.047999639,0
45,71,7162.221,1,0.035466485,0
297,72,7162.267,1,0.011539833,0
94,75,7162.368,1,0.048721027,0
161,77,7162.426,1,0.052732252,0
176,77,7162.437,1,0.050235894,0
90,77,7162.452,1,0.047364686,0
189,88,7162.828,1,0.048404288,0
190,92,7162.979,1,0.048313044,0
298,93,7162.996,1,0.012352006,0
192,94,7163.028,1,0.009077378,0
96,98,7163.184,1,0.005876548,0
328,101,7163.283,1,0.007480571,0
237,103,7163.357,1,0.009380397,0
137,110,7163.61,1,0.005732293,0
284,113,7163.7,1,0.009870433,0
73,116,7163.801,1,0.008296744,0
72,116,7163.81,1,0.006917337,0
107,118,7163.871,1,0.014109952,0
14,119,7163.914,1,0.009279982,0
56,122,7164.013,1,0.010802988,0
51,122,7164.039,1,0.009624112,0
295,123,7164.055,1,0.008887377,0
53,123,7164.067,1,0.009595517,0
166,127,7164.189,1,0.005069246,0
254,132,7164.377,1,0.009181787,0
247,136,7164.512,1,0.007368943,0
39,137,7164.542,1,0.008822143,0
246,137,7164.562,1,0.016716888,0
218,139,7164.618,1,0.009770318,0
118,140,7164.658,1,0.012509659,0
58,143,7164.765,1,0.851247132,0
319,155,7165.186,1,0.008062674,0
212,158,7165.295,1,0.009235050,0
314,159,7165.346,1,0.008060542,0
48,160,7165.372,1,0.006265650,0
48,161,7165.407,1,0.012520501,0
177,166,7165.565,1,0.009877216,0
64,175,7165.883,1,0.008556955,0
308,175,7165.889,1,0.008087832,0
107,188,7166.36,1,0.014255134,0
180,189,7166.376,1,0.012238325,0
222,193,7166.527,1,0.019643404,0
235,195,7166.61,1,0.014078663,0
104,196,7166.63,1,0.014130323,0
237,196,7166.647,1,0.013665541,0
306,201,7166.821,1,0.011202813,0
192,205,7166.938,1,0.010654375,0
179,216,7167.348,1,0.008088881,0
191,217,7167.374,1,0.007520939,0
146,218,7167.41,1,0.008864188,0
145,220,7167.482,1,0.008507674,0
344,221,7167.52,1,0.007259173,0
306,223,7167.582,1,0.007409973,0
296,239,7168.145,1,0.007236712,0
62,139,7168.269,1,0.997645915,1
86,256,7168.741,1,0.008037923,0
140,5,7169.444,1,0.009880789,0
303,16,7169.824,1,0.006915362,0
63,18,7169.894,1,0.009178941,0
239,19,7169.93,1,0.007030442,0
211,21,7169.998,1,0.007086722,0
231,23,7170.074,1,0.010338667,0
8,34,7170.463,1,0.044679865,0
89,37,7170.566,1,0.043776512,0
216,38,7170.605,1,0.012941763,0
260,39,7170.631,1,0.031582434,0
9,39,7170.64,1,0.043590520,0
28,40,7170.679,1,0.046689056,0
261,40,7170.694,1,0.023670062,0
11,44,7170.812,1,0.038751796,0
119,44,7170.822,1,0.048463207,0
262,45,7170.849,1,0.011787137,0
195,48,7170.962,1,0.042480852,0
149,51,7171.058,1,0.008603244,0
330,54,7171.166,1,0.006626835,0
248,63,7171.484,1,0.009243439,0
180,63,7171.491,1,0.007681863,0
181,64,7171.52,1,0.015494298,0
289,76,7171.941,1,0.008777731,0
341,78,7172.014,1,0.006584988,0
197,80,7172.081,1,0.008443419,0
61,139,7172.094,1,0.999875188,1
279,87,7172.328,1,0.009477996,0
61,138,7172.371,1,0.997652709,1
174,101,7172.825,1,0.009126206,0
106,107,7173.039,1,0.006547085,0
60,108,7173.093,1,0.011469337,0
62,140,7173.333,0,0.999983430,1
212,122,7173.571,1,0.009597411,0
335,127,7173.76,1,0.007581363,0
211,128,7173.781,1,0.009697965,0
141,132,7173.915,1,0.015257087,0
213,132,7173.929,1,0.009464209,0
216,134,7173.986,1,0.009943284,0
109,134,7173.998,1,0.012410834,0
111,136,7174.074,1,0.029055599,0
17,139,7174.162,1,0.014098155,0
40,140,7174.206,1,0.014625872,0
263,156,7174.77,1,0.021413822,0
194,158,7174.836,1,0.021095168,0
66,168,7175.205,1,0.009265820,0
98,170,7175.278,1,0.009664784,0
96,187,7175.856,1,0.009298283,0
212,196,7176.189,1,0.006893035,0
28,207,7176.574,1,0.009337518,0
15,224,7177.17,1,0.008640305,0
62,139,7178.449,1,0.999975801,1
62,138,7179.01,1,0.996028543,1
60,138,7180.257,1,0.968524456,1
61,139,7187.94,1,0.983164787,1
63,139,7196.565,1,0.996273518,1
61,141,7197.317,0,0.999339044,1
62,140,7198.618,1,0.999276578,1
53,43,7201.244,1,0.008856923,0
205,45,7201.304,1,0.010452275,0
32,48,7201.4,1,0.009296420,0
254,56,7201.704,1,0.010454454,0
198,63,7201.942,1,0.008987544,0
276,68,7202.125,1,0.013754780,0
40,80,7202.537,1,0.019703116,0
117,85,7202.725,1,0.052403629,0
63,86,7202.741,1,0.026997726,0
6,95,7203.072,1,0.009607587,0
178,96,7203.094,1,0.009171086,0
104,96,7203.104,1,0.004811506,0
197,96,7203.113,1,0.008783961,0
111,98,7203.179,1,0.004820558,0
36,102,7203.336,1,0.010453493,0
111,104,7203.384,1,0.005839083,0
314,106,7203.456,1,0.008218946,0
144,110,7203.59,1,0.006058705,0
315,110,7203.596,1,0.008257989,0
35,112,7203.682,1,0.009633448,0
92,114,7203.734,1,0.013338959,0
40,118,7203.88,1,0.009677567,0
62,141,7203.939,0,0.999784887,1
222,120,7203.942,1,0.009433928,0
61,141,7204.184,0,0.999959230,1
63,136,7204.517,1,0.943275034,1
60,139,7204.598,1,0.999116957,1
64,139,7204.62,1,0.973219037,1
263,148,7204.949,1,0.010385863,0
196,149,7204.977,1,0.009090615,0
294,151,7205.044,1,0.009012206,0
71,152,7205.078,1,0.009342075,0
70,158,7205.294,1,0.011115570,0
132,160,7205.384,1,0.011654801,0
36,167,7205.605,1,0.007448091,0
37,167,7205.622,1,0.006836985,0
203,170,7205.705,1,0.004917886,0
325,175,7205.892,1,0.007840992,0
163,184,7206.209,1,0.016945690,0
67,188,7206.367,1,0.014234711,0
297,196,7206.64,1,0.011516793,0
211,229,7207.791,1,0.005069725,0
61,140,7207.85,1,0.996700943,1
237,240,7208.187,1,0.006314607,0
239,244,7208.331,1,0.006241659,0
15,255,7208.713,1,0.007867742,0
17,256,7208.742,1,0.008757086,0
16,7,7209.508,1,0.009067660,0
145,8,7209.54,1,0.010877755,0
239,11,7209.646,1,0.006902315,0
152,11,7209.656,1,0.010105840,0
60,141,7209.689,0,0.998471081,1
297,13,7209.718,1,0.007337008,0
216,14,7209.77,1,0.006665460,0
91,15,7209.792,1,0.009545711,0
304,16,7209.821,1,0.007065659,0
177,20,7209.984,1,0.008901470,0
136,21,7209.999,1,0.009845100,0
342,22,7210.042,1,0.009587354,0
2,32,7210.385,1,0.043690264,0
146,40,7210.669,1,0.049461473,0
163,40,7210.675,1,0.049150731,0
168,52,7211.1,1,0.008986702,0
176,54,7211.171,1,0.009005250,0
216,59,7211.34,1,0.008925891,0
218,62,7211.467,1,0.008788092,0
4,63,7211.49,1,0.007837432,0
62,141,7212.748,0,0.999145269,1
33,101,7212.828,1,0.009812499,0
248,103,7212.895,1,0.010018384,0
58,105,7212.969,1,0.011709674,0
240,109,7213.105,1,0.010120800,0
61,116,7213.354,1,0.010778063,0
107,128,7213.785,1,0.012488006,0
72,135,7214.048,1,0.019368533,0
61,139,7214.161,1,0.015779659,0
223,147,7214.457,1,0.025003497,0
225,149,7214.521,1,0.023123352,0
128,150,7214.554,1,0.029585309,0
248,153,7214.672,1,0.032192554,0
56,161,7214.948,1,0.014591050,0
48,163,7215.02,1,0.008906294,0
146,168,7215.192,1,0.011382483,0
145,175,7215.433,1,0.010734965,0
101,179,7215.574,1,0.008888843,0
319,191,7215.998,1,0.007779439,0
328,231,7217.404,1,0.007254130,0
128,232,7217.448,1,0.008777408,0
60,140,7217.854,1,0.994592369,1
60,141,7224.8,0,0.997237086,1
62,140,7228.104,1,0.983847916,1
60,142,7228.373,0,0.989684105,1
62,142,7230.387,0,0.998887479,1
61,141,7234.143,1,0.923406839,1
61,142,7234.717,0,0.993039310,1
60,140,7238.946,1,0.015413433,0
134,2,7239.78,1,0.008145124,0
130,2,7239.788,1,0.008578203,0
296,5,7239.911,1,0.006503253,0
60,142,7239.967,0,0.998229086,1
329,19,7240.409,1,0.006737186,0
49,20,7240.425,1,0.008812800,0
163,27,7240.67,1,0.011961007,0
134,32,7240.848,1,0.009558732,0
56,37,7241.019,1,0.012530870,0
92,38,7241.063,1,0.009322815,0
57,39,7241.1,1,0.008828075,0
279,49,7241.44,1,0.008375149,0
124,54,7241.612,1,0.007513112,0
61,142,7241.649,0,0.999168992,1
126,56,7241.689,1,0.007730818,0
63,141,7241.748,1,0.727456331,0
61,141,7241.774,1,0.999377549,1
267,65,7242.011,1,0.018300472,0
62,67,7242.075,1,0.066852294,0
62,69,7242.15,1,0.067679845,0
225,71,7242.218,1,0.049188059,0
167,72,7242.255,1,0.050080787,0
155,72,7242.264,1,0.052454039,0
216,74,7242.334,1,0.048301324,0
222,78,7242.476,1,0.049392138,0
249,80,7242.543,1,0.044362739,0
33,80,7242.56,1,0.018994909,0
119,83,7242.638,1,0.052283309,0
121,86,7242.747,1,0.053489666,0
152,86,7242.758,1,0.055679593,0
254,87,7242.801,1,0.040277489,0
32,48,7242.86,1,0.046491481,0
159,90,7242.885,1,0.056265585,0
150,94,7243.039,1,0.011020891,0
161,95,7243.065,1,0.010077445,0
46,95,7243.076,1,0.011652165,0
77,96,7243.101,1,0.006164261,0
207,101,7243.28,1,0.008655573,0
64,101,7243.289,1,0.012499179,0
260,102,7243.324,1,0.009486305,0
256,103,7243.343,1,0.009317440,0
205,104,7243.383,1,0.009038972,0
43,104,7243.388,1,0.010773813,0
46,104,7243.4,1,0.012894629,0
43,115,7243.789,1,0.009839458,0
294,118,7243.88,1,0.009446051,0
165,125,7244.134,1,0.004811885,0
166,127,7244.19,1,0.005177661,0
87,134,7244.448,1,0.010756787,0
257,135,7244.475,1,0.007736863,0
259,135,7244.482,1,0.008644415,0
104,135,7244.499,1,0.012459759,0
159,139,7244.618,1,0.012792247,0
227,141,7244.682,1,0.009531538,0
293,141,7244.688,1,0.008969609,0
48,150,7245.009,1,0.009384705,0
89,150,7245.021,1,0.009711861,0
341,151,7245.043,1,0.007392278,0
64,152,7245.076,1,0.009312454,0
266,153,7245.136,1,0.012501456,0
6,154,7245.162,1,0.008552216,0
6,155,7245.188,1,0.016713094,0
118,156,7245.217,1,0.010850291,0
7,165,7245.536,1,0.008337584,0
47,167,7245.608,1,0.008668331,0
2,167,7245.623,1,0.008218708,0
93,171,7245.744,1,0.008961216,0
69,175,7245.888,1,0.007454026,0
70,175,7245.904,1,0.007745078,0
60,141,7246.222,1,0.026748871,0
155,184,7246.226,1,0.017353313,0
32,189,7246.403,1,0.013914216,0
62,141,7246.704,1,0.025906160,0
22,200,7246.794,1,0.013608540,0
255,206,7246.985,1,0.011818672,0
241,214,7247.265,1,0.008338751,0
122,215,7247.304,1,0.008688556,0
199,216,7247.332,1,0.008147324,0
200,224,7247.341,1,0.007273825,0
200,223,7247.582,1,0.007243064,0
204,227,7247.735,1,0.004668263,0
224,232,7247.898,1,0.006279283,0
105,232,7247.911,1,0.008115008,0
239,240,7248.18,1,0.006344658,0
128,253,7248.642,1,0.008391790,0
327,253,7248.661,1,0.006879257,0
297,256,7248.746,1,0.006719497,0
335,3,7249.364,1,0.006670621,0
98,13,7249.722,1,0.009853549,0
298,24,7250.112,1,0.010069466,0
52,28,7250.257,1,0.038313564,0
51,32,7250.387,1,0.039572336,0
85,37,7250.566,1,0.043248046,0
78,40,7250.675,1,0.043108214,0
314,43,7250.781,1,0.010078120,0
313,47,7250.933,1,0.010131492,0
77,50,7251.038,1,0.008594073,0
181,52,7251.094,1,0.008750842,0
193,58,7251.307,1,0.008535541,0
72,79,7252.045,1,0.008866245,0
218,79,7252.056,1,0.009033955,0
220,91,7252.471,1,0.009176518,0
80,94,7252.596,1,0.005393528,0
235,98,7252.721,1,0.009271468,0
236,100,7252.789,1,0.009348464,0
151,50,7253.147,1,0.008887268,0
179,112,7253.213,1,0.008804598,0
91,115,7253.328,1,0.013236460,0
293,122,7253.565,1,0.009641412,0
79,123,7253.605,1,0.011588259,0
289,141,7254.241,1,0.013953592,0
290,143,7254.313,1,0.013745106,0
159,160,7254.906,1,0.025949882,0
297,170,7255.263,1,0.008707567,0
0,187,7255.879,1,0.009432408,0
14,189,7255.947,1,0.009807710,0
56,190,7255.982,1,0.008839188,0
289,195,7256.157,1,0.008284520,0
247,200,7256.324,1,0.008506455,0
246,204,7256.462,1,0.008908006,0
210,229,7257.346,1,0.004219365,0
284,232,7257.46,1,0.007516776,0
116,243,7257.832,1,0.008371174,0
6,250,7258.079,1,0.012492199,0
181,256,7258.303,1,0.012505306,0
62,141,7262.203,1,0.999888778,1
62,143,7264.31,0,0.999994755,1
61,141,7264.623,1,0.999984860,1
60,143,7265.366,0,0.999998569,1
61,143,7265.947,0,1.000000000,1
61,142,7266.231,1,1.000000000,1
63,141,7268.131,1,0.999799311,1
60,141,7269.001,1,0.999969602,1
62,142,7274.33,1,0.015425269,0
183,224,7278.575,1,0.011294920,0
223,32,7280.838,1,0.007828582,0
28,32,7280.853,1,0.009413176,0
25,33,7280.885,1,0.009491432,0
107,35,7280.954,1,0.009057499,0
31,36,7280.984,1,0.008676166,0
23,36,7281.002,1,0.009368787,0
218,37,7281.021,1,0.008759541,0
22,39,7281.087,1,0.009567253,0
45,47,7281.375,1,0.008828295,0
167,48,7281.41,1,0.007860216,0
167,50,7281.473,1,0.007521526,0
308,50,7281.5,1,0.007059242,0
110,52,7281.551,1,0.008877155,0
10,54,7281.637,1,0.008828629,0
23,56,7281.694,1,0.008653250,0
87,60,7281.851,1,0.008892179,0
338,63,7281.929,1,0.006497679,0
189,66,7282.046,1,0.048527628,0
69,71,7282.218,1,0.042880196,0
133,74,7282.322,1,0.051341064,0
286,76,7282.393,1,0.012851625,0
136,76,7282.406,1,0.051957298,0
80,80,7282.537,1,0.040571176,0
338,82,7282.612,1,0.010055895,0
14,84,7282.684,1,0.016059387,0
158,85,7282.709,1,0.055183873,0
245,87,7282.789,1,0.044434987,0
176,88,7282.824,1,0.051086519,0
55,90,7282.899,1,0.023035720,0
177,91,7282.924,1,0.050129309,0
223,92,7282.957,1,0.047947913,0
337,92,7282.979,1,0.010266790,0
14,94,7283.03,1,0.009739313,0
93,96,7283.109,1,0.005195311,0
215,96,7283.121,1,0.008832953,0
188,99,7283.208,1,0.008894255,0
24,104,7283.39,1,0.009076675,0
24,108,7283.526,1,0.007644167,0
48,115,7283.779,1,0.010405947,0
41,118,7283.881,1,0.009503072,0
192,133,7284.425,1,0.009078957,0
29,134,7284.448,1,0.008750515,0
63,140,7284.661,1,0.999585927,1
61,140,7284.679,1,0.999778092,1
117,141,7284.708,1,0.012164966,0
60,143,7284.727,0,0.997574985,1
158,148,7284.93,1,0.012783609,0
75,148,7284.939,1,0.009321696,0
36,149,7284.975,1,0.009119400,0
78,151,7285.046,1,0.009304601,0
40,152,7285.082,1,0.009028607,0
233,154,7285.163,1,0.009450263,0
151,158,7285.283,1,0.012138807,0
104,158,7285.298,1,0.010078220,0
326,160,7285.354,1,0.007406789,0
144,163,7285.462,1,0.011661768,0
32,166,7285.568,1,0.008908710,0
139,166,7285.574,1,0.011414033,0
119,170,7285.718,1,0.009590700,0
31,171,7285.751,1,0.008942568,0
36,173,7285.811,1,0.008500682,0
24,178,7286.006,1,0.013989307,0
290,181,7286.108,1,0.012086332,0
328,184,7286.197,1,0.010727816,0
144,187,7286.31,1,0.017716456,0
59,143,7286.521,0,0.875551462,0
322,200,7286.77,1,0.010820837,0
198,209,7287.107,1,0.009097640,0
323,211,7287.163,1,0.007762475,0
71,215,7287.298,1,0.009659988,0
130,221,7287.511,1,0.009439179,0
306,228,7287.766,1,0.007300752,0
311,246,7288.399,1,0.007157511,0
14,2,7289.336,1,0.009241479,0
182,6,7289.474,1,0.006562574,0
69,8,7289.565,1,0.009671573,0
319,13,7289.727,1,0.006566010,0
93,15,7289.789,1,0.009355660,0
315,15,7289.799,1,0.007381751,0
250,22,7290.036,1,0.010337403,0
39,24,7290.126,1,0.036670852,0
80,39,7290.647,1,0.043125685,0
79,51,7291.064,1,0.008563451,0
153,60,7291.402,1,0.008688577,0
129,68,7291.661,1,0.008811655,0
88,71,7291.775,1,0.009192995,0
85,72,7291.804,1,0.008861804,0
56,80,7292.083,1,0.006208878,0
206,83,7292.196,1,0.009054939,0
280,93,7292.559,1,0.010199206,0
47,95,7292.608,1,0.011424961,0
217,96,7292.647,1,0.008705852,0
186,101,7292.826,1,0.009063303,0
116,102,7292.861,1,0.005197654,0
190,102,7292.873,1,0.008864318,0
121,104,7292.927,1,0.005270281,0
314,109,7293.113,1,0.007952934,0
121,110,7293.14,1,0.006904692,0
62,142,7293.495,1,0.999895573,1
60,144,7293.603,0,0.999919891,1
18,124,7293.637,1,0.009504274,0
56,125,7293.673,1,0.009906040,0
52,125,7293.673,1,0.008948431,0
57,128,7293.786,1,0.010367359,0
86,136,7294.063,1,0.021884369,0
61,144,7294.181,0,0.999999881,1
111,141,7294.237,1,0.027146390,0
24,146,7294.414,1,0.014252743,0
184,151,7294.585,1,0.023531076,0
72,155,7294.733,1,0.015016496,0
54,157,7294.806,1,0.014677819,0
74,160,7294.91,1,0.014893513,0
107,161,7294.94,1,0.017380256,0
28,162,7294.989,1,0.014198231,0
62,144,7295.565,0,0.999746263,1
63,144,7295.907,0,0.999990940,1
229,191,7296.02,1,0.008867473,0
231,198,7296.256,1,0.009009452,0
233,210,7296.684,1,0.008231125,0
2,221,7297.053,1,0.007857684,0
321,254,7298.242,1,0.010087049,0
61,144,7300.51,0,0.999972224,1
61,143,7300.564,1,0.999994874,1
61,144,7307.138,0,0.998714328,1
61,143,7309.665,1,0.999999881,1
60,143,7309.824,1,0.999994040,1
269,16,7320.288,1,0.006817943,0
129,24,7320.581,1,0.009490665,0
223,32,7320.838,1,0.008036098,0
33,44,7321.271,1,0.009283586,0
285,51,7321.524,1,0.008206533,0
280,56,7321.701,1,0.008508965,0
201,80,7322.547,1,0.048109576,0
98,95,7323.078,1,0.004703966,0
66,96,7323.098,1,0.013792401,0
223,102,7323.319,1,0.009381438,0
296,122,7324.034,1,0.007926624,0
299,125,7324.129,1,0.008294017,0
309,127,7324.197,1,0.008057447,0
300,152,7325.082,1,0.009027302,0
299,155,7325.182,1,0.009006241,0
48,184,7326.211,1,0.014870403,0
48,185,7326.246,1,0.027834743,0
93,190,7326.43,1,0.014317232,0
23,192,7326.496,1,0.013775359,0
62,145,7326.712,0,0.999825299,1
138,204,7326.911,1,0.015020659,0
109,210,7327.125,1,0.008583286,0
61,145,7327.214,0,0.998987257,1
158,219,7327.446,1,0.009309442,0
171,220,7327.473,1,0.008697157,0
172,224,7327.614,1,0.009067887,0
63,145,7328.549,0,0.996071458,1
60,143,7329.261,1,0.995099604,1
186,8,7329.551,1,0.006806883,0
23,13,7329.722,1,0.008721622,0
208,16,7329.826,1,0.006896329,0
315,19,7329.955,1,0.006982676,0
252,24,7330.118,1,0.010368049,0
248,30,7330.317,1,0.010619881,0
109,30,7330.335,1,0.023241665,0
304,33,7330.438,1,0.010117954,0
113,34,7330.481,1,0.018762991,0
118,36,7330.541,1,0.047689747,0
173,39,7330.638,1,0.047434941,0
303,39,7330.652,1,0.010219768,0
184,40,7330.674,1,0.030245809,0
282,44,7330.829,1,0.010599153,0
283,46,7330.88,1,0.010655667,0
80,49,7330.991,1,0.046358343,0
73,51,7331.066,1,0.008597471,0
274,61,7331.416,1,0.008943126,0
329,62,7331.458,1,0.006861395,0
186,71,7331.786,1,0.009341882,0
113,76,7331.94,1,0.009705896,0
111,76,7331.952,1,0.010126692,0
263,78,7332.01,1,0.008909715,0
336,78,7332.015,1,0.007156189,0
32,48,7332.508,1,0.008763860,0
45,95,7332.617,1,0.011365138,0
61,143,7332.728,1,0.999942780,1
61,99,7332.759,1,0.012121546,0
110,101,7332.825,1,0.005599518,0
25,104,7332.928,1,0.009663378,0
30,109,7333.118,1,0.009656020,0
62,143,7333.156,1,0.999827623,1
263,112,7333.216,1,0.009600834,0
56,122,7333.561,1,0.010290098,0
130,125,7333.669,1,0.016458509,0
61,145,7333.683,0,0.996349216,1
154,132,7333.921,1,0.012228862,0
237,134,7333.996,1,0.009774527,0
99,136,7334.057,1,0.013748953,0
59,138,7334.13,1,0.015706282,0
95,140,7334.202,1,0.014775518,0
247,142,7334.265,1,0.040717892,0
138,144,7334.35,1,0.039036162,0
12,147,7334.456,1,0.014039726,0
55,148,7334.481,1,0.010728044,0
54,148,7334.506,1,0.015533866,0
95,150,7334.556,1,0.018822040,0
45,152,7334.625,1,0.014598690,0
39,155,7334.727,1,0.030512735,0
123,155,7334.733,1,0.026063835,0
38,156,7334.769,1,0.025004920,0
128,157,7334.797,1,0.027349586,0
175,159,7334.867,1,0.018067207,0
60,162,7334.985,1,0.014629280,0
214,163,7335.011,1,0.009076658,0
60,164,7335.042,1,0.009181974,0
191,166,7335.122,1,0.005818092,0
60,145,7335.149,0,0.999827504,1
118,167,7335.155,1,0.010938194,0
200,172,7335.33,1,0.003434054,0
22,176,7335.468,1,0.008910213,0
18,183,7335.722,1,0.008515593,0
88,200,7336.325,1,0.009588953,0
279,223,7337.133,1,0.008138073,0
8,255,7338.256,1,0.012438114,0
219,256,7338.3,1,0.007914062,0
61,144,7339.605,1,0.997369409,1
60,145,7344.036,0,0.999976039,1
60,144,7345.612,1,0.999971747,1
62,144,7358.063,1,0.043314643,0
61,144,7358.215,1,0.035380602,0
59,144,7358.96,1,0.114660762,0
32,48,7360.093,1,0.008850161,0
133,13,7360.175,1,0.009055495,0
200,21,7360.459,1,0.007015564,0
217,37,7361.019,1,0.008993899,0
256,45,7361.324,1,0.008422760,0
261,54,7361.625,1,0.009885315,0
223,59,7361.8,1,0.009047817,0
210,72,7362.267,1,0.047841348,0
250,84,7362.695,1,0.044361666,0
208,87,7362.791,1,0.048353214,0
173,88,7362.813,1,0.051854134,0
106,91,7362.926,1,0.047504798,0
85,91,7362.947,1,0.045586932,0
196,96,7363.104,1,0.009033562,0
60,112,7363.666,1,0.010925356,0
78,117,7363.841,1,0.012019116,0
73,119,7363.92,1,0.011365823,0
165,120,7363.961,1,0.004641678,0
327,127,7364.199,1,0.007654164,0
150,127,7364.209,1,0.013011773,0
246,128,7364.232,1,0.007071401,0
248,128,7364.242,1,0.007557756,0
248,130,7364.301,1,0.006835806,0
27,131,7364.341,1,0.008877700,0
192,141,7364.709,1,0.009135616,0
248,143,7364.78,1,0.009615141,0
290,159,7365.347,1,0.009110098,0
287,160,7365.354,1,0.009954711,0
285,165,7365.53,1,0.009558339,0
280,166,7365.565,1,0.010211271,0
311,171,7365.756,1,0.008151705,0
315,173,7365.814,1,0.007985679,0
304,173,7365.827,1,0.008069141,0
295,182,7366.134,1,0.011844473,0
41,182,7366.15,1,0.014108120,0
236,184,7366.224,1,0.016351467,0
112,188,7366.34,1,0.014293345,0
82,190,7366.42,1,0.014353575,0
37,192,7366.499,1,0.013920262,0
7,193,7366.532,1,0.013551105,0
13,194,7366.551,1,0.013634025,0
36,198,7366.713,1,0.013809327,0
127,200,7366.771,1,0.014393332,0
64,202,7366.86,1,0.014003133,0
55,204,7366.907,1,0.013895719,0
153,215,7367.304,1,0.010572693,0
180,218,7367.421,1,0.008108731,0
177,220,7367.474,1,0.008811279,0
53,224,7367.609,1,0.008211308,0
180,224,7367.617,1,0.008914758,0
15,229,7367.796,1,0.009522080,0
248,238,7368.121,1,0.007213085,0
174,245,7368.354,1,0.011120571,0
76,246,7368.396,1,0.009306912,0
40,248,7368.482,1,0.009519166,0
48,249,7368.497,1,0.008048275,0
51,254,7368.677,1,0.007874538,0
288,256,7368.752,1,0.006827385,0
3,4,7369.402,1,0.009075855,0
157,6,7369.471,1,0.009200559,0
8,6,7369.479,1,0.009197881,0
24,9,7369.596,1,0.009264958,0
200,10,7369.612,1,0.007742407,0
198,10,7369.628,1,0.006957955,0
290,12,7369.697,1,0.007102226,0
287,13,7369.742,1,0.007435489,0
122,15,7369.798,1,0.009824780,0
231,16,7369.824,1,0.007870527,0
261,16,7369.846,1,0.007662723,0
195,18,7369.892,1,0.007393658,0
343,18,7369.899,1,0.007349214,0
200,23,7370.075,1,0.010458817,0
337,24,7370.105,1,0.008817719,0
311,24,7370.129,1,0.009975260,0
338,26,7370.175,1,0.020903813,0
337,27,7370.229,1,0.013341087,0
27,28,7370.255,1,0.038990103,0
199,29,7370.281,1,0.011085435,0
20,30,7370.32,1,0.040975489,0
60,31,7370.378,1,0.039446153,0
29,32,7370.416,1,0.041357014,0
8,37,7370.581,1,0.044809937,0
126,38,7370.607,1,0.048758045,0
39,38,7370.621,1,0.044451997,0
225,46,7370.882,1,0.020121429,0
147,50,7371.024,1,0.008606046,0
325,52,7371.093,1,0.006837163,0
43,62,7371.462,1,0.008423346,0
98,64,7371.525,1,0.010836640,0
97,64,7371.543,1,0.005994500,0
61,145,7371.616,1,0.997435629,1
75,69,7371.695,1,0.008600573,0
313,70,7371.755,1,0.007477768,0
151,88,7372.368,1,0.011027457,0
23,94,7372.58,1,0.009956962,0
40,96,7372.65,1,0.011236315,0
44,101,7372.826,1,0.011043627,0
96,102,7372.876,1,0.005591012,0
201,110,7373.139,1,0.008935184,0
86,112,7373.215,1,0.013363350,0
143,113,7373.247,1,0.005866498,0
298,123,7373.614,1,0.008857249,0
183,128,7373.773,1,0.008760891,0
60,145,7374.372,1,0.999939084,1
183,152,7374.626,1,0.021769611,0
27,160,7374.912,1,0.014203859,0
7,164,7375.046,1,0.008293715,0
60,146,7375.145,0,0.999303579,1
74,167,7375.153,1,0.008927181,0
106,168,7375.196,1,0.009269888,0
169,170,7375.258,1,0.010427354,0
113,172,7375.339,1,0.009255652,0
199,174,7375.419,1,0.004145055,0
104,175,7375.461,1,0.009185236,0
59,146,7375.607,0,0.997727215,1
301,181,7375.673,1,0.008177496,0
330,182,7375.68,1,0.007436281,0
109,188,7375.904,1,0.008543705,0
240,200,7376.343,1,0.009431642,0
120,213,7376.801,1,0.008777325,0
59,144,7377.102,1,0.997714400,1
133,223,7377.143,1,0.008271469,0
61,146,7378.059,0,0.876978517,0
60,145,7386.804,1,0.015110832,0
62,147,7391.361,0,0.997214019,1
59,146,7391.622,0,0.997466922,1
60,147,7397.152,0,0.997991681,1
61,147,7399.055,0,0.998699188,1
150,2,7399.797,1,0.008668971,0
208,7,7399.973,1,0.006319636,0
3,8,7399.996,1,0.008952683,0
100,8,7400.002,1,0.009550347,0
77,14,7400.212,1,0.009248013,0
96,15,7400.238,1,0.009641772,0
247,16,7400.281,1,0.007072673,0
251,16,7400.287,1,0.006920318,0
184,17,7400.314,1,0.007385246,0
307,18,7400.367,1,0.006691139,0
243,20,7400.427,1,0.006625315,0
185,20,7400.437,1,0.007486098,0
31,23,7400.528,1,0.008655807,0
288,36,7400.984,1,0.007351569,0
340,40,7401.123,1,0.006717880,0
247,44,7401.281,1,0.009640279,0
24,52,7401.57,1,0.008829050,0
114,54,7401.627,1,0.008985059,0
282,62,7401.918,1,0.008397792,0
61,146,7402.158,1,0.015115081,0
83,70,7402.178,1,0.048098832,0
63,145,7402.181,1,0.015238880,0
204,71,7402.216,1,0.048310187,0
232,80,7402.54,1,0.044555061,0
184,87,7402.783,1,0.048821691,0
247,92,7402.962,1,0.044432070,0
120,93,7402.997,1,0.054941799,0
166,95,7403.065,1,0.008598589,0
165,96,7403.097,1,0.009675557,0
288,102,7403.307,1,0.010014970,0
154,104,7403.401,1,0.010352795,0
155,110,7403.594,1,0.006411949,0
92,110,7403.604,1,0.015167972,0
81,117,7403.837,1,0.011969035,0
254,118,7403.876,1,0.009293688,0
180,118,7403.888,1,0.009094658,0
166,127,7404.168,1,0.005881688,0
164,127,7404.192,1,0.005048213,0
192,127,7404.198,1,0.009201802,0
59,145,7404.309,1,0.986047506,1
218,131,7404.359,1,0.009723203,0
99,134,7404.457,1,0.011829391,0
204,135,7404.479,1,0.009446158,0
304,137,7404.555,1,0.008803499,0
71,140,7404.653,1,0.009568213,0
306,144,7404.794,1,0.008332724,0
304,148,7404.94,1,0.008481177,0
110,148,7404.947,1,0.011310143,0
321,149,7404.987,1,0.007574112,0
108,150,7405.017,1,0.010861003,0
115,151,7405.035,1,0.011046168,0
315,159,7405.318,1,0.008177283,0
337,160,7405.36,1,0.007307266,0
96,162,7405.448,1,0.009774687,0
143,165,7405.556,1,0.011431031,0
87,166,7405.586,1,0.009226734,0
73,168,7405.652,1,0.009027972,0
75,169,7405.687,1,0.008873125,0
303,172,7405.795,1,0.008346711,0
125,173,7405.831,1,0.009585901,0
73,174,7405.853,1,0.008840854,0
210,176,7405.925,1,0.008158629,0
16,177,7405.957,1,0.008290211,0
287,178,7405.991,1,0.008844093,0
206,183,7406.17,1,0.015301265,0
60,147,7406.198,0,0.994768023,1
316,188,7406.34,1,0.010997104,0
95,197,7406.685,1,0.014161491,0
188,200,7406.781,1,0.010818306,0
61,147,7406.913,0,0.998825967,1
24,216,7407.331,1,0.008501562,0
23,220,7407.483,1,0.007938921,0
192,221,7407.506,1,0.007734846,0
151,221,7407.528,1,0.009760708,0
149,230,7407.835,1,0.008494788,0
277,231,7407.863,1,0.007465253,0
343,236,7408.042,1,0.007046719,0
120,238,7408.113,1,0.008719681,0
277,245,7408.353,1,0.006953983,0
4,251,7408.574,1,0.007976097,0
238,4,7409.409,1,0.006535951,0
150,8,7409.55,1,0.009450786,0
43,8,7409.566,1,0.009307709,0
104,10,7409.616,1,0.009562127,0
263,15,7409.8,1,0.006938513,0
144,19,7409.939,1,0.009508882,0
240,21,7410.011,1,0.010268723,0
327,28,7410.248,1,0.009751499,0
287,32,7410.391,1,0.010268772,0
121,34,7410.464,1,0.046012215,0
106,39,7410.648,1,0.049101938,0
49,42,7410.741,1,0.045864824,0
44,44,7410.826,1,0.046762057,0
151,46,7410.894,1,0.047760893,0
238,47,7410.916,1,0.015523659,0
158,47,7410.921,1,0.048129115,0
158,54,7411.168,1,0.008978866,0
153,55,7411.199,1,0.008875834,0
77,56,7411.242,1,0.008681302,0
207,58,7411.305,1,0.008551423,0
199,60,7411.375,1,0.008498243,0
298,60,7411.388,1,0.007568343,0
113,62,7411.453,1,0.008609503,0
68,70,7411.746,1,0.008889065,0
196,71,7411.777,1,0.009048728,0
272,75,7411.903,1,0.009439499,0
178,76,7411.949,1,0.009207178,0
87,78,7412.024,1,0.008665329,0
37,82,7412.164,1,0.008589310,0
99,86,7412.299,1,0.009372173,0
228,92,7412.519,1,0.009523340,0
320,95,7412.614,1,0.007856454,0
111,96,7412.657,1,0.007535261,0
209,98,7412.718,1,0.008675751,0
293,101,7412.824,1,0.007661096,0
274,103,7412.893,1,0.011289889,0
290,104,7412.952,1,0.009014910,0
171,109,7413.105,1,0.009012773,0
63,110,7413.14,1,0.011335189,0
91,111,7413.192,1,0.014106953,0
81,118,7413.43,1,0.012240428,0
278,123,7413.6,1,0.010760552,0
30,127,7413.739,1,0.009030942,0
61,145,7414.374,1,0.972724319,1
62,146,7414.412,1,0.993819416,1
29,146,7414.432,1,0.014341392,0
60,147,7414.642,0,0.877040565,0
224,155,7414.727,1,0.044140831,0
273,159,7414.882,1,0.021260956,0
183,164,7415.062,1,0.011616586,0
13,168,7415.189,1,0.008661451,0
95,175,7415.43,1,0.009828612,0
232,232,7417.464,1,0.007018375,0
281,240,7417.741,1,0.007502400,0
59,146,7417.842,1,0.994289279,1
268,249,7418.048,1,0.010495325,0
190,253,7418.198,1,0.010308567,0
266,256,7418.291,1,0.009965126,0
62,148,7425.486,0,0.998352170,1
29,23,7434.938,1,0.036032572,0
61,148,7436.122,0,0.997597992,1
28,6,7439.947,1,0.009022691,0
218,8,7440.001,1,0.006272764,0
220,9,7440.034,1,0.006464405,0
195,19,7440.39,1,0.006757802,0
9,24,7440.565,1,0.008625234,0
24,52,7441.545,1,0.008798935,0
31,54,7441.627,1,0.008853587,0
343,56,7441.686,1,0.006773253,0
52,61,7441.876,1,0.008978892,0
60,148,7442.119,0,0.876845181,0
230,69,7442.167,1,0.046362467,0
199,79,7442.499,1,0.048330501,0
205,80,7442.538,1,0.047789536,0
59,146,7442.65,1,0.999980807,1
263,83,7442.657,1,0.030462166,0
32,48,7442.659,1,0.046560112,0
47,95,7443.065,1,0.011912799,0
266,99,7443.226,1,0.009177424,0
55,101,7443.286,1,0.012040816,0
58,147,7443.64,0,0.998912454,1
205,111,7443.654,1,0.007787522,0
204,112,7443.667,1,0.015924113,0
203,115,7443.774,1,0.008885663,0
141,119,7443.928,1,0.014131565,0
103,120,7443.952,1,0.013455976,0
28,127,7444.207,1,0.009269563,0
60,147,7444.583,1,0.999894381,1
144,139,7444.642,1,0.014716965,0
22,142,7444.732,1,0.008649867,0
127,143,7444.773,1,0.012193289,0
15,144,7444.79,1,0.008431515,0
217,156,7445.224,1,0.009163434,0
147,170,7445.713,1,0.011027437,0
65,176,7445.944,1,0.008582041,0
61,148,7446.354,0,0.877196908,0
6,192,7446.482,1,0.013555676,0
119,201,7446.809,1,0.014154689,0
167,203,7446.881,1,0.014269184,0
113,204,7446.933,1,0.014896431,0
192,205,7446.939,1,0.010676106,0
114,205,7446.953,1,0.016201168,0
47,211,7447.156,1,0.008569950,0
41,216,7447.343,1,0.008093477,0
143,221,7447.514,1,0.009338295,0
183,224,7447.602,1,0.007796902,0
178,226,7447.69,1,0.008717094,0
261,232,7447.914,1,0.008031113,0
260,234,7447.982,1,0.008217730,0
104,246,7448.389,1,0.008901197,0
58,256,7448.746,1,0.007337684,0
58,258,7448.831,1,0.006957570,0
266,10,7449.611,1,0.006672467,0
200,224,7449.621,1,0.008304850,0
31,12,7449.692,1,0.009532574,0
58,13,7449.719,1,0.009413519,0
282,23,7450.084,1,0.010107099,0
287,27,7450.211,1,0.010614014,0
228,30,7450.331,1,0.011026858,0
283,31,7450.358,1,0.008948368,0
73,33,7450.43,1,0.040737025,0
255,34,7450.466,1,0.010684918,0
74,37,7450.567,1,0.041938212,0
258,39,7450.65,1,0.011225248,0
37,53,7451.136,1,0.008568159,0
207,61,7451.425,1,0.008667500,0
206,63,7451.487,1,0.008978514,0
257,96,7452.656,1,0.009103983,0
109,97,7452.685,1,0.004700953,0
241,100,7452.79,1,0.009493704,0
216,111,7453.179,1,0.009554904,0
87,118,7453.438,1,0.012466584,0
45,119,7453.458,1,0.009732267,0
306,127,7453.737,1,0.008103276,0
307,134,7453.992,1,0.008434294,0
307,136,7454.065,1,0.011837427,0
157,165,7455.084,1,0.012248340,0
60,147,7456.62,1,0.999976039,1
159,216,7456.883,1,0.009133522,0
83,226,7457.256,1,0.008971656,0
59,147,7457.257,1,0.999971151,1
113,230,7457.376,1,0.008775620,0
223,32,7465.414,1,0.008920624,0
59,149,7466.569,0,0.998088539,1
60,149,7466.664,0,0.998734415,1
62,147,7468.629,1,0.992122054,1
60,148,7474.74,1,0.999989510,1
60,149,7474.9,0,0.999999523,1
59,149,7475.085,0,0.999717534,1
93,7,7479.985,1,0.009351861,0
151,14,7480.214,1,0.009872759,0
331,26,7480.632,1,0.006416562,0
122,32,7480.855,1,0.009372788,0
17,45,7481.326,1,0.008836924,0
21,47,7481.387,1,0.008771391,0
190,48,7481.408,1,0.009093154,0
71,59,7481.798,1,0.008905805,0
313,60,7481.833,1,0.007674032,0
132,64,7481.971,1,0.009071457,0
275,71,7482.232,1,0.015323059,0
216,72,7482.267,1,0.048176333,0
195,74,7482.339,1,0.060185142,0
60,148,7482.35,1,0.977208853,1
196,75,7482.364,1,0.073944405,0
341,79,7482.509,1,0.009893780,0
61,148,7482.729,1,0.981171846,1
14,92,7482.967,1,0.015478050,0
172,92,7482.974,1,0.051443242,0
53,94,7483.029,1,0.012230954,0
123,101,7483.27,1,0.004905638,0
60,146,7483.334,1,0.999982834,1
151,108,7483.526,1,0.005104938,0
73,111,7483.645,1,0.011874609,0
145,120,7483.973,1,0.006528370,0
218,121,7484.0,1,0.009583058,0
268,124,7484.084,1,0.008957824,0
70,128,7484.233,1,0.010268413,0
60,147,7484.273,1,0.999994874,1
247,135,7484.495,1,0.009550916,0
66,136,7484.511,1,0.009633088,0
61,146,7484.863,1,0.999988437,1
59,147,7484.898,1,0.999961376,1
43,184,7486.211,1,0.014099846,0
94,188,7486.347,1,0.014342132,0
48,190,7486.421,1,0.014052431,0
270,237,7488.075,1,0.007427361,0
161,240,7488.182,1,0.008578519,0
58,259,7488.851,1,0.007912848,0
168,3,7489.381,1,0.007413550,0
46,7,7489.517,1,0.009235791,0
289,8,7489.542,1,0.006556406,0
55,13,7489.724,1,0.008963104,0
296,15,7489.793,1,0.006588202,0
133,16,7489.829,1,0.006906065,0
135,18,7489.902,1,0.007847446,0
239,21,7490.001,1,0.010248945,0
146,22,7490.05,1,0.042328823,0
242,23,7490.073,1,0.010378902,0
135,24,7490.112,1,0.044430651,0
311,28,7490.247,1,0.009975472,0
281,28,7490.253,1,0.010205192,0
299,32,7490.397,1,0.010175429,0
207,35,7490.52,1,0.012115289,0
202,36,7490.549,1,0.012327882,0
241,39,7490.644,1,0.011986444,0
38,55,7491.199,1,0.008877571,0
311,61,7491.43,1,0.007264429,0
206,77,7491.978,1,0.008882531,0
71,78,7492.014,1,0.008420205,0
58,147,7492.156,1,0.999743044,1
295,88,7492.385,1,0.008641069,0
336,94,7492.575,1,0.007347426,0
59,148,7492.579,1,0.999821723,1
95,97,7492.685,1,0.005152122,0
291,109,7493.101,1,0.009825815,0
93,112,7493.211,1,0.005687751,0
94,113,7493.255,1,0.015837027,0
131,122,7493.57,1,0.018822538,0
104,127,7493.741,1,0.012174597,0
32,136,7494.067,1,0.014460738,0
37,140,7494.202,1,0.014571797,0
73,144,7494.339,1,0.016682709,0
256,148,7494.482,1,0.030848680,0
343,155,7494.733,1,0.010374064,0
331,162,7494.997,1,0.010613513,0
84,174,7495.398,1,0.009330416,0
202,192,7496.035,1,0.008820642,0
88,199,7496.285,1,0.010040745,0
135,200,7496.318,1,0.008917871,0
125,214,7496.837,1,0.008471222,0
98,215,7496.854,1,0.009725546,0
163,230,7497.392,1,0.010119845,0
306,231,7497.407,1,0.007295753,0
93,253,7498.191,1,0.013193711,0
60,148,7502.443,1,0.015044227,0
61,148,7504.395,1,0.998653650,1
58,149,7505.02,0,0.999978304,1
59,150,7506.418,0,0.999999046,1
60,150,7507.312,0,0.999991775,1
62,150,7507.906,0,0.998068750,1
60,149,7512.478,1,0.999921918,1
60,150,7513.498,0,0.999960184,1
59,150,7514.616,0,0.999891639,1
58,148,7519.734,1,0.999019146,1
188,3,7519.832,1,0.006289128,0
163,7,7519.966,1,0.008728513,0
165,8,7520.001,1,0.008653847,0
166,15,7520.249,1,0.008672689,0
322,23,7520.526,1,0.006752968,0
244,27,7520.663,1,0.007598117,0
136,44,7521.275,1,0.009439147,0
1,52,7521.549,1,0.009246972,0
315,53,7521.589,1,0.007194514,0
8,54,7521.622,1,0.009184771,0
232,56,7521.715,1,0.009556131,0
60,149,7521.789,1,0.999626279,1
234,62,7521.905,1,0.009910932,0
59,148,7521.911,1,0.999986529,1
316,74,7522.344,1,0.010544955,0
289,85,7522.709,1,0.013255889,0
86,86,7522.75,1,0.041578293,0
8,88,7522.816,1,0.015270970,0
7,93,7522.993,1,0.014664178,0
240,94,7523.047,1,0.009367994,0
128,95,7523.069,1,0.010330687,0
250,96,7523.102,1,0.009411447,0
325,99,7523.209,1,0.007746417,0
318,103,7523.353,1,0.007940157,0
39,108,7523.523,1,0.010057224,0
290,110,7523.596,1,0.009829327,0
148,117,7523.842,1,0.006333791,0
166,127,7524.193,1,0.004873859,0
331,134,7524.435,1,0.007672936,0
103,142,7524.732,1,0.011533019,0
198,143,7524.772,1,0.009403222,0
296,157,7525.255,1,0.008644860,0
168,157,7525.27,1,0.011934276,0
65,159,7525.332,1,0.010012077,0
208,160,7525.361,1,0.009285863,0
18,164,7525.501,1,0.009329040,0
159,168,7525.638,1,0.012195183,0
110,170,7525.729,1,0.009839269,0
111,173,7525.819,1,0.009215828,0
75,173,7525.84,1,0.008741991,0
166,182,7526.128,1,0.016418779,0
254,182,7526.139,1,0.014123695,0
318,184,7526.211,1,0.011055221,0
320,186,7526.292,1,0.007475885,0
1,187,7526.318,1,0.013553113,0
110,189,7526.374,1,0.014257003,0
32,48,7526.394,1,0.046588916,0
120,191,7526.461,1,0.014473600,0
316,192,7526.486,1,0.009636465,0
312,192,7526.494,1,0.010893991,0
34,192,7526.502,1,0.012980609,0
36,194,7526.572,1,0.011893081,0
96,200,7526.789,1,0.010506561,0
96,202,7526.844,1,0.010936827,0
24,208,7527.05,1,0.008558371,0
272,215,7527.292,1,0.007614400,0
280,216,7527.337,1,0.007812646,0
120,223,7527.584,1,0.009927144,0
144,227,7527.735,1,0.011284056,0
103,235,7528.009,1,0.008421757,0
32,242,7528.252,1,0.008682759,0
288,253,7528.633,1,0.007075635,0
334,6,7529.473,1,0.006692083,0
215,7,7529.519,1,0.006578254,0
168,10,7529.611,1,0.008496788,0
172,13,7529.72,1,0.007611238,0
261,18,7529.9,1,0.007688160,0
112,28,7530.254,1,0.044437721,0
304,30,7530.319,1,0.010092606,0
249,37,7530.587,1,0.011359042,0
139,38,7530.611,1,0.049090885,0
248,40,7530.672,1,0.021551872,0
248,41,7530.716,1,0.016543152,0
85,45,7530.848,1,0.046451032,0
81,46,7530.883,1,0.045513578,0
7,47,7530.919,1,0.033880480,0
166,48,7530.957,1,0.048430059,0
197,54,7531.172,1,0.008645384,0
184,56,7531.24,1,0.009019584,0
154,58,7531.311,1,0.009063976,0
84,62,7531.471,1,0.009032499,0
246,65,7531.558,1,0.009225085,0
181,74,7531.875,1,0.008794054,0
170,76,7531.944,1,0.009136263,0
207,88,7532.367,1,0.008636720,0
143,88,7532.383,1,0.011094090,0
248,96,7532.645,1,0.009461184,0
32,48,7532.801,1,0.008838795,0
284,111,7533.175,1,0.009964468,0
72,125,7533.677,1,0.010617987,0
123,127,7533.758,1,0.015477294,0
62,146,7534.408,1,0.015168242,0
16,158,7534.842,1,0.014063013,0
136,160,7534.911,1,0.027375082,0
263,168,7535.211,1,0.009763307,0
39,171,7535.294,1,0.008548941,0
11,182,7535.705,1,0.008244297,0
80,192,7536.053,1,0.009057280,0
18,216,7536.884,1,0.008115319,0
257,250,7538.081,1,0.009540645,0
40,254,7538.225,1,0.012814474,0
247,256,7538.296,1,0.008396974,0
59,151,7540.861,0,0.997047246,1
62,151,7541.83,0,0.996321797,1
62,149,7542.261,1,0.022608027,0
60,149,7542.462,1,0.022751871,0
60,151,7546.443,0,0.875634849,0
61,149,7547.422,1,0.998253644,1
60,150,7549.154,1,0.999622107,1
59,151,7550.086,0,0.992486238,1
60,151,7553.922,0,0.998578787,1
59,149,7558.318,1,0.087316804,0
59,150,7558.897,1,0.086558759,0
88,31,7560.81,1,0.009367525,0
194,53,7561.603,1,0.009115132,0
46,56,7561.713,1,0.008937322,0
126,58,7561.781,1,0.008949549,0
162,61,7561.868,1,0.009175663,0
168,62,7561.919,1,0.008945392,0
246,63,7561.949,1,0.009482053,0
313,64,7561.971,1,0.007918997,0
205,66,7562.046,1,0.048312072,0
314,68,7562.106,1,0.010432624,0
130,72,7562.252,1,0.036368076,0
132,74,7562.34,1,0.046652257,0
210,86,7562.744,1,0.048483752,0
70,88,7562.837,1,0.038839575,0
60,151,7563.274,0,0.999599755,1
309,103,7563.355,1,0.008347185,0
30,111,7563.635,1,0.009871794,0
89,112,7563.667,1,0.013438328,0
92,114,7563.729,1,0.013540592,0
109,114,7563.746,1,0.015204799,0
62,150,7565.003,1,0.991658390,1
42,160,7565.359,1,0.009146375,0
123,165,7565.546,1,0.010020494,0
335,166,7565.574,1,0.007633153,0
2,252,7565.929,1,0.008000216,0
253,176,7565.932,1,0.009938736,0
272,198,7566.698,1,0.011890061,0
184,200,7566.769,1,0.011142999,0
32,48,7567.06,1,0.008868789,0
150,222,7567.561,1,0.008876253,0
39,224,7567.61,1,0.007977546,0
19,255,7568.712,1,0.007768556,0
71,8,7569.559,1,0.007943558,0
71,10,7569.615,1,0.007557270,0
39,12,7569.687,1,0.009221029,0
36,16,7569.824,1,0.009212186,0
317,16,7569.846,1,0.006668283,0
58,151,7569.867,0,0.996943533,1
167,20,7569.962,1,0.009513170,0
316,21,7570.001,1,0.009872610,0
55,24,7570.106,1,0.037579354,0
51,32,7570.392,1,0.039073214,0
319,42,7570.771,1,0.009978811,0
211,44,7570.815,1,0.020252524,0
117,47,7570.923,1,0.048463415,0
310,58,7571.311,1,0.007037916,0
63,0,7571.352,1,0.009084304,0
81,61,7571.423,1,0.008589573,0
298,63,7571.486,1,0.007651973,0
119,88,7572.363,1,0.010048835,0
61,8,7572.445,1,0.009257690,0
143,103,7572.899,1,0.004552469,0
304,105,7572.972,1,0.008515107,0
154,106,7572.998,1,0.010164168,0
152,108,7573.07,1,0.007606780,0
239,108,7573.07,1,0.009414941,0
46,109,7573.104,1,0.010177792,0
231,111,7573.179,1,0.009722736,0
261,112,7573.213,1,0.009295397,0
15,116,7573.351,1,0.009498539,0
262,118,7573.428,1,0.009311759,0
28,141,7574.238,1,0.014351897,0
237,161,7574.938,1,0.035496518,0
230,167,7575.156,1,0.009068773,0
151,209,7576.636,1,0.009263014,0
193,214,7576.818,1,0.007659192,0
60,152,7579.358,0,0.998573422,1
60,152,7587.139,0,0.999968171,1
60,151,7587.146,1,0.999995470,1
58,150,7587.999,1,0.998863816,1
59,151,7592.577,1,0.999771774,1
60,152,7593.641,0,0.999953508,1
61,150,7599.74,1,0.992815375,1
190,24,7600.562,1,0.006633209,0
192,26,7600.637,1,0.008607788,0
184,47,7601.38,1,0.009105993,0
32,48,7601.402,1,0.009380570,0
177,55,7601.658,1,0.008918229,0
344,56,7601.69,1,0.006793480,0
128,72,7602.249,1,0.050431281,0
20,72,7602.254,1,0.017590854,0
137,78,7602.475,1,0.052341733,0
43,79,7602.497,1,0.023276709,0
89,80,7602.54,1,0.045928866,0
180,84,7602.684,1,0.050011460,0
174,86,7602.746,1,0.051599126,0
276,89,7602.864,1,0.019258237,0
236,92,7602.983,1,0.044525597,0
235,94,7603.053,1,0.009236507,0
173,95,7603.062,1,0.008986218,0
274,96,7603.101,1,0.010777077,0
87,96,7603.125,1,0.005327130,0
48,98,7603.18,1,0.012026129,0
81,99,7603.202,1,0.007774184,0
326,100,7603.242,1,0.007763643,0
57,103,7603.361,1,0.011763666,0
328,104,7603.377,1,0.007789372,0
41,104,7603.386,1,0.010397254,0
179,104,7603.407,1,0.008614566,0
330,105,7603.438,1,0.007519735,0
191,106,7603.465,1,0.008713419,0
124,108,7603.527,1,0.005973409,0
303,108,7603.544,1,0.008321718,0
175,109,7603.556,1,0.008840470,0
168,109,7603.562,1,0.007583128,0
48,110,7603.609,1,0.010352224,0
170,111,7603.64,1,0.009507943,0
31,115,7603.778,1,0.009783183,0
76,117,7603.847,1,0.012010282,0
121,118,7603.882,1,0.014819844,0
311,119,7603.917,1,0.008003063,0
45,125,7604.125,1,0.009275376,0
282,127,7604.206,1,0.009983801,0
188,129,7604.286,1,0.009060905,0
204,133,7604.403,1,0.009348906,0
185,134,7604.437,1,0.008800184,0
197,143,7604.772,1,0.008815795,0
143,148,7604.93,1,0.012435147,0
148,149,7604.981,1,0.013232268,0
163,150,7605.019,1,0.012915573,0
59,151,7605.036,1,0.999933362,1
6,160,7605.376,1,0.008687066,0
58,152,7605.421,0,0.999799430,1
1,163,7605.459,1,0.008331208,0
96,165,7605.542,1,0.009191751,0
204,174,7605.848,1,0.004460670,0
153,177,7605.956,1,0.010502452,0
119,182,7606.138,1,0.014948399,0
15,188,7606.358,1,0.013757619,0
90,189,7606.38,1,0.014365906,0
151,194,7606.553,1,0.016287932,0
168,199,7606.733,1,0.014187343,0
72,206,7606.978,1,0.014019581,0
141,207,7607.017,1,0.011187010,0
138,208,7607.072,1,0.011356418,0
53,212,7607.199,1,0.005601743,0
53,213,7607.224,1,0.006990924,0
47,214,7607.258,1,0.008105191,0
52,215,7607.319,1,0.008812941,0
137,216,7607.335,1,0.008565462,0
142,218,7607.405,1,0.009387582,0
114,218,7607.414,1,0.006292079,0
114,219,7607.439,1,0.006676953,0
135,221,7607.523,1,0.009783100,0
167,224,7607.612,1,0.010075094,0
160,226,7607.698,1,0.008994181,0
127,232,7607.906,1,0.008213033,0
198,234,7607.965,1,0.008190718,0
160,235,7608.004,1,0.008710173,0
133,240,7608.202,1,0.008150218,0
143,243,7608.304,1,0.008221691,0
139,248,7608.464,1,0.008212085,0
138,254,7608.67,1,0.008971542,0
137,254,7608.69,1,0.008312283,0
107,6,7609.475,1,0.009679546,0
253,7,7609.524,1,0.006517792,0
123,8,7609.543,1,0.009641249,0
36,8,7609.553,1,0.006952981,0
34,10,7609.633,1,0.007094420,0
239,12,7609.683,1,0.007204778,0
144,12,7609.699,1,0.010941718,0
255,13,7609.726,1,0.007151180,0
36,14,7609.753,1,0.009425269,0
237,15,7609.8,1,0.007617602,0
191,16,7609.823,1,0.007159584,0
41,17,7609.859,1,0.008736348,0
193,20,7609.964,1,0.007232452,0
202,20,7609.97,1,0.006636342,0
0,21,7610.0,1,0.035837036,0
199,21,7610.004,1,0.010250900,0
288,23,7610.079,1,0.010062258,0
278,23,7610.092,1,0.010107452,0
281,24,7610.108,1,0.010112616,0
305,24,7610.122,1,0.010003035,0
238,27,7610.228,1,0.010612928,0
103,28,7610.245,1,0.044120584,0
280,28,7610.268,1,0.010195804,0
272,29,7610.293,1,0.010254979,0
216,29,7610.297,1,0.011031769,0
10,30,7610.328,1,0.041150056,0
328,32,7610.386,1,0.009758911,0
188,32,7610.39,1,0.012562009,0
100,32,7610.405,1,0.043587588,0
104,33,7610.428,1,0.045476146,0
332,34,7610.482,1,0.009722414,0
106,38,7610.628,1,0.048955582,0
333,39,7610.646,1,0.009777572,0
48,44,7610.823,1,0.046619680,0
110,46,7610.889,1,0.048488334,0
85,47,7610.92,1,0.046990737,0
4,48,7610.956,1,0.030513350,0
57,50,7611.031,1,0.006989037,0
59,52,7611.107,1,0.007001620,0
143,54,7611.166,1,0.008513637,0
165,57,7611.272,1,0.008616570,0
167,62,7611.446,1,0.008559892,0
205,62,7611.459,1,0.008549098,0
123,63,7611.483,1,0.008806929,0
127,64,7611.521,1,0.008908411,0
215,67,7611.636,1,0.008641004,0
126,69,7611.704,1,0.009058045,0
201,86,7612.305,1,0.008602512,0
82,104,7612.937,1,0.014885457,0
268,117,7613.395,1,0.009528028,0
42,119,7613.457,1,0.009545833,0
144,120,7613.5,1,0.007606593,0
71,120,7613.52,1,0.011022888,0
120,121,7613.528,1,0.016339017,0
230,123,7613.604,1,0.009912126,0
114,123,7613.615,1,0.014544037,0
5,127,7613.749,1,0.008853240,0
191,136,7614.058,1,0.049219381,0
62,142,7614.274,1,0.015727548,0
214,150,7614.561,1,0.044526506,0
159,152,7614.626,1,0.031881042,0
163,168,7615.19,1,0.011066847,0
81,194,7616.108,1,0.008642536,0
76,200,7616.323,1,0.008584978,0
127,210,7616.682,1,0.008427721,0
334,214,7616.825,1,0.007473033,0
49,254,7618.224,1,0.012917743,0
60,151,7621.971,1,0.997668922,1
61,151,7622.512,1,0.999992847,1
60,152,7628.483,1,0.993139446,1
59,152,7631.638,1,0.996659279,1
59,151,7635.205,1,0.988845289,1
203,8,7640.003,1,0.006280060,0
161,11,7640.107,1,0.008411482,0
142,16,7640.287,1,0.009212259,0
288,21,7640.481,1,0.006925669,0
44,22,7640.486,1,0.009003263,0
200,26,7640.639,1,0.007612225,0
212,37,7641.015,1,0.009394942,0
211,39,7641.1,1,0.010179829,0
226,48,7641.414,1,0.011873668,0
204,58,7641.777,1,0.008988121,0
202,62,7641.913,1,0.008909329,0
337,69,7642.148,1,0.009841126,0
226,90,7642.891,1,0.046190619,0
204,93,7643.001,1,0.009057382,0
66,96,7643.096,1,0.011201261,0
67,101,7643.281,1,0.013323341,0
247,104,7643.389,1,0.009364853,0
35,104,7643.408,1,0.009897354,0
311,108,7643.532,1,0.008220097,0
322,108,7643.545,1,0.007749275,0
36,109,7643.571,1,0.010256053,0
59,152,7643.587,1,0.999898791,1
164,111,7643.627,1,0.009395377,0
196,111,7643.638,1,0.009054447,0
223,112,7643.664,1,0.009445342,0
219,114,7643.748,1,0.009498979,0
293,116,7643.805,1,0.009528095,0
177,119,7643.913,1,0.008656825,0
58,153,7643.931,0,0.999968052,1
168,121,7643.997,1,0.010044789,0
38,122,7644.016,1,0.009581411,0
173,125,7644.12,1,0.009173952,0
166,136,7644.51,1,0.005649103,0
108,140,7644.67,1,0.012878409,0
157,143,7644.758,1,0.014865980,0
66,144,7644.797,1,0.009658839,0
59,150,7645.001,1,0.972167313,1
315,158,7645.285,1,0.008469047,0
117,158,7645.293,1,0.010426783,0
61,159,7645.324,1,0.009549192,0
40,159,7645.336,1,0.008923280,0
184,161,7645.388,1,0.003793151,0
152,163,7645.463,1,0.011969779,0
180,165,7645.535,1,0.007481509,0
229,166,7645.575,1,0.009513576,0
34,167,7645.621,1,0.008575997,0
224,168,7645.644,1,0.008995438,0
223,176,7645.917,1,0.010681169,0
15,176,7645.943,1,0.009100324,0
333,181,7646.099,1,0.010637842,0
33,192,7646.489,1,0.013892956,0
271,197,7646.67,1,0.011968888,0
265,198,7646.701,1,0.012044203,0
297,212,7647.189,1,0.007947545,0
239,235,7648.012,1,0.006673172,0
217,245,7648.362,1,0.005051181,0
156,246,7648.399,1,0.010008377,0
111,248,7648.457,1,0.008015159,0
47,250,7648.539,1,0.007800867,0
264,6,7649.472,1,0.007272097,0
177,7,7649.523,1,0.007100468,0
287,14,7649.755,1,0.007000904,0
22,15,7649.79,1,0.009033105,0
155,17,7649.858,1,0.009715213,0
295,19,7649.944,1,0.006983598,0
264,21,7650.001,1,0.010130450,0
296,22,7650.044,1,0.010006521,0
119,23,7650.07,1,0.044423729,0
96,23,7650.09,1,0.042712118,0
303,26,7650.189,1,0.008700455,0
42,27,7650.223,1,0.037242148,0
45,28,7650.256,1,0.037603226,0
306,29,7650.305,1,0.009217958,0
223,30,7650.33,1,0.011075617,0
205,31,7650.354,1,0.011424622,0
216,34,7650.469,1,0.011932667,0
89,35,7650.502,1,0.042221647,0
110,36,7650.559,1,0.047772419,0
97,40,7650.674,1,0.049096584,0
96,44,7650.81,1,0.049109139,0
168,46,7650.893,1,0.034451447,0
188,46,7650.909,1,0.048620958,0
208,47,7650.924,1,0.025777858,0
12,48,7650.953,1,0.036465004,0
170,48,7650.959,1,0.040203840,0
76,50,7651.021,1,0.008869573,0
39,52,7651.099,1,0.008639610,0
222,53,7651.141,1,0.009228512,0
245,56,7651.234,1,0.011726234,0
131,60,7651.375,1,0.008597166,0
184,61,7651.42,1,0.009104706,0
296,63,7651.481,1,0.007967751,0
268,66,7651.588,1,0.008998800,0
272,66,7651.595,1,0.007832868,0
294,71,7651.777,1,0.008338542,0
327,73,7651.836,1,0.007110025,0
306,85,7652.267,1,0.008249538,0
304,88,7652.381,1,0.008048721,0
72,91,7652.476,1,0.005179823,0
153,92,7652.525,1,0.012279411,0
249,95,7652.629,1,0.009551646,0
312,96,7652.652,1,0.008160076,0
281,109,7653.103,1,0.010368470,0
336,136,7654.065,1,0.010500540,0
241,138,7654.13,1,0.044438418,0
340,142,7654.272,1,0.010418870,0
175,158,7654.835,1,0.018248634,0
130,159,7654.871,1,0.027936554,0
264,167,7655.152,1,0.009804266,0
287,190,7655.987,1,0.008690778,0
86,200,7656.333,1,0.009411139,0
158,213,7656.784,1,0.010920360,0
98,247,7657.973,1,0.008284982,0
58,153,7661.936,0,0.994686007,1
58,152,7669.816,1,0.987123370,1
59,154,7671.241,0,0.993676722,1
59,152,7672.416,1,0.965622604,1
279,10,7680.069,1,0.007433947,0
278,11,7680.097,1,0.009619200,0
242,21,7680.458,1,0.006970305,0
59,153,7680.687,1,0.997149169,1
240,29,7680.741,1,0.007560668,0
318,30,7680.788,1,0.006722696,0
60,153,7681.32,1,0.975396872,1
58,154,7681.653,0,0.997374177,1
280,64,7681.986,1,0.008907935,0
6,85,7682.714,1,0.012763874,0
7,85,7682.714,1,0.014386209,0
272,93,7682.989,1,0.022596003,0
22,95,7683.065,1,0.010213561,0
103,98,7683.169,1,0.004884163,0
192,99,7683.227,1,0.008952441,0
184,108,7683.538,1,0.008743718,0
186,111,7683.632,1,0.008900520,0
89,112,7683.66,1,0.013725003,0
307,114,7683.73,1,0.008327820,0
136,118,7683.782,1,0.011686167,0
176,118,7683.878,1,0.008992395,0
110,119,7683.908,1,0.015647115,0
238,120,7683.951,1,0.009369357,0
4,123,7684.069,1,0.009288338,0
0,125,7684.13,1,0.009377141,0
207,132,7684.371,1,0.009155617,0
250,134,7684.445,1,0.009460151,0
124,139,7684.631,1,0.013114844,0
52,143,7684.765,1,0.009569088,0
284,144,7684.809,1,0.010132128,0
4,151,7685.058,1,0.008296450,0
209,154,7685.154,1,0.009162503,0
110,155,7685.204,1,0.010068148,0
154,157,7685.259,1,0.012233068,0
174,159,7685.349,1,0.011499436,0
327,160,7685.368,1,0.007979803,0
255,166,7685.584,1,0.011867578,0
67,172,7685.795,1,0.008826498,0
273,174,7685.852,1,0.010066172,0
4,174,7685.877,1,0.008647108,0
219,175,7685.903,1,0.009392173,0
215,176,7685.936,1,0.008226276,0
8,184,7686.211,1,0.013704249,0
13,185,7686.247,1,0.013767898,0
331,188,7686.349,1,0.010693082,0
175,189,7686.385,1,0.012831582,0
279,196,7686.627,1,0.011887484,0
119,197,7686.659,1,0.015681626,0
122,197,7686.684,1,0.019124895,0
111,200,7686.769,1,0.014096478,0
194,212,7687.189,1,0.008115476,0
111,213,7687.237,1,0.010084054,0
143,214,7687.272,1,0.009198572,0
153,215,7687.296,1,0.010539821,0
124,224,7687.626,1,0.008813053,0
183,224,7687.639,1,0.007618668,0
202,228,7687.754,1,0.008216233,0
189,228,7687.761,1,0.007403964,0
190,230,7687.845,1,0.006716287,0
96,238,7688.114,1,0.008923955,0
229,239,7688.162,1,0.006007632,0
87,245,7688.356,1,0.008403984,0
76,50,7688.789,1,0.008849303,0
8,8,7689.539,1,0.009180320,0
56,12,7689.703,1,0.008397041,0
156,15,7689.796,1,0.009969648,0
59,15,7689.797,1,0.009953762,0
280,16,7689.832,1,0.006730129,0
15,23,7690.073,1,0.036463883,0
196,24,7690.109,1,0.010531009,0
286,31,7690.361,1,0.010233783,0
215,32,7690.393,1,0.011563162,0
220,34,7690.476,1,0.011847726,0
32,48,7690.76,1,0.046630789,0
224,45,7690.854,1,0.022585595,0
83,48,7690.969,1,0.046681821,0
134,49,7691.017,1,0.008953232,0
85,50,7691.025,1,0.008690331,0
304,59,7691.348,1,0.007340366,0
147,63,7691.485,1,0.008907417,0
314,68,7691.665,1,0.007256077,0
231,70,7691.737,1,0.009141781,0
236,71,7691.773,1,0.009541983,0
224,94,7692.59,1,0.009157937,0
291,101,7692.825,1,0.009098548,0
44,111,7693.197,1,0.010040238,0
154,116,7693.352,1,0.005194065,0
126,126,7693.733,1,0.016202310,0
206,135,7694.023,1,0.044972699,0
2,140,7694.198,1,0.014078042,0
192,141,7694.231,1,0.046717178,0
59,154,7695.095,0,0.993219316,1
62,184,7695.761,1,0.009170402,0
59,184,7695.779,1,0.008225937,0
313,195,7696.142,1,0.007651350,0
159,207,7696.564,1,0.009387011,0
216,210,7696.673,1,0.006963433,0
152,224,7697.165,1,0.009017594,0
144,248,7698.011,1,0.014201722,0
61,155,7700.282,0,0.988428175,1
58,154,7704.505,0,0.988121510,1
60,153,7707.794,1,0.996532917,1
45,4,7719.858,1,0.009111996,0
138,12,7720.153,1,0.007949455,0
138,14,7720.216,1,0.007725440,0
267,47,7721.381,1,0.008739529,0
113,52,7721.563,1,0.009481064,0
242,59,7721.801,1,0.009508324,0
72,63,7721.935,1,0.009085025,0
58,67,7722.089,1,0.042429280,0
101,72,7722.255,1,0.048683573,0
60,155,7722.666,0,0.999994040,1
162,95,7723.066,1,0.009779881,0
151,50,7723.141,1,0.008551492,0
130,100,7723.242,1,0.010847088,0
176,102,7723.337,1,0.009263268,0
229,104,7723.384,1,0.009408455,0
59,154,7723.426,1,0.996833622,1
226,106,7723.455,1,0.009445016,0
295,116,7723.807,1,0.008981756,0
44,117,7723.848,1,0.013030311,0
46,117,7723.866,1,0.015384117,0
296,125,7724.146,1,0.009257711,0
34,126,7724.152,1,0.009484033,0
110,136,7724.533,1,0.012462552,0
227,141,7724.68,1,0.009529782,0
305,144,7724.811,1,0.008293653,0
152,149,7724.983,1,0.013401068,0
60,151,7725.039,1,0.929912746,1
125,152,7725.086,1,0.012099701,0
88,154,7725.145,1,0.009919560,0
242,156,7725.241,1,0.009184100,0
154,159,7725.326,1,0.011884074,0
183,163,7725.469,1,0.007748615,0
163,168,7725.638,1,0.011152913,0
27,172,7725.794,1,0.008491973,0
40,174,7725.859,1,0.008927076,0
10,182,7726.153,1,0.013760467,0
90,183,7726.166,1,0.018971549,0
87,183,7726.181,1,0.015787674,0
82,186,7726.282,1,0.014439083,0
91,191,7726.461,1,0.014308339,0
112,195,7726.596,1,0.014175410,0
60,198,7726.722,1,0.014043602,0
29,199,7726.752,1,0.013734555,0
284,208,7727.052,1,0.007970025,0
291,1,7729.294,1,0.006621707,0
217,5,7729.441,1,0.006429288,0
185,6,7729.476,1,0.006502233,0
53,13,7729.727,1,0.009042291,0
232,15,7729.794,1,0.006488559,0
8,16,7729.823,1,0.009168686,0
127,16,7729.827,1,0.009473105,0
31,16,7729.84,1,0.009059270,0
272,22,7730.038,1,0.010103603,0
242,27,7730.222,1,0.010578321,0
31,40,7730.679,1,0.045846570,0
236,43,7730.78,1,0.013574613,0
339,45,7730.857,1,0.009850192,0
56,47,7730.921,1,0.046448685,0
88,48,7730.953,1,0.047384121,0
48,68,7731.668,1,0.008711878,0
281,69,7731.696,1,0.008917163,0
166,73,7731.853,1,0.009229807,0
173,74,7731.868,1,0.008954578,0
165,77,7731.977,1,0.007165410,0
169,77,7731.988,1,0.007021530,0
32,48,7732.01,1,0.008789692,0
102,84,7732.227,1,0.009063264,0
100,93,7732.545,1,0.010426325,0
190,93,7732.562,1,0.009001379,0
47,95,7732.61,1,0.011468273,0
254,96,7732.651,1,0.009360470,0
1,103,7732.907,1,0.009279789,0
122,111,7733.176,1,0.005809804,0
218,111,7733.187,1,0.009811054,0
88,116,7733.361,1,0.013010989,0
49,120,7733.492,1,0.010092459,0
290,124,7733.648,1,0.009288869,0
263,125,7733.668,1,0.009191092,0
35,125,7733.674,1,0.009265618,0
96,126,7733.704,1,0.012651422,0
127,128,7733.784,1,0.016412606,0
195,133,7733.981,1,0.009076915,0
46,138,7734.128,1,0.014851568,0
336,142,7734.274,1,0.010513201,0
203,145,7734.38,1,0.044550695,0
60,155,7734.514,0,0.990906000,1
185,149,7734.516,1,0.024723075,0
200,149,7734.527,1,0.043895252,0
191,150,7734.552,1,0.037466131,0
60,154,7734.694,1,0.879163504,0
278,156,7734.776,1,0.019272363,0
23,164,7735.062,1,0.008922429,0
58,155,7735.177,0,0.987310648,1
80,173,7735.38,1,0.009684050,0
324,184,7735.749,1,0.007719337,0
137,199,7736.296,1,0.009241181,0
291,200,7736.32,1,0.008215841,0
75,207,7736.567,1,0.008538088,0
0,219,7737.009,1,0.008377370,0
7,222,7737.093,1,0.008631985,0
262,230,7737.372,1,0.009562754,0
89,254,7738.236,1,0.013172049,0
59,153,7739.344,1,0.962979496,1
61,154,7751.727,1,0.962506711,1
59,154,7759.699,1,0.929455876,1
57,4,7759.86,1,0.009139380,0
269,8,7760.007,1,0.006357285,0
267,15,7760.249,1,0.006832958,0
198,17,7760.325,1,0.006625732,0
337,24,7760.566,1,0.006318946,0
215,29,7760.744,1,0.007724006,0
36,43,7761.256,1,0.009132867,0
103,51,7761.519,1,0.008961952,0
18,55,7761.653,1,0.008739095,0
216,59,7761.789,1,0.009278107,0
108,72,7762.257,1,0.049114574,0
155,75,7762.378,1,0.052303500,0
289,79,7762.504,1,0.025779726,0
288,80,7762.538,1,0.037210181,0
143,85,7762.712,1,0.055255167,0
213,86,7762.749,1,0.048472013,0
306,87,7762.783,1,0.011684124,0
255,107,7763.488,1,0.008174244,0
258,110,7763.598,1,0.009944387,0
141,110,7763.617,1,0.005654846,0
120,112,7763.689,1,0.007117687,0
166,127,7764.19,1,0.006016671,0
168,127,7764.201,1,0.006851920,0
140,131,7764.337,1,0.008016883,0
140,132,7764.374,1,0.015637754,0
23,132,7764.386,1,0.008785364,0
26,133,7764.411,1,0.009001187,0
54,135,7764.489,1,0.009697448,0
318,144,7764.803,1,0.007844220,0
63,146,7764.867,1,0.009362858,0
91,148,7764.951,1,0.009720844,0
80,150,7765.025,1,0.009885674,0
154,151,7765.036,1,0.012920595,0
94,151,7765.058,1,0.009705401,0
192,152,7765.081,1,0.008831046,0
211,157,7765.262,1,0.009475530,0
160,158,7765.291,1,0.019897204,0
162,158,7765.307,1,0.019414268,0
157,159,7765.323,1,0.013077381,0
34,159,7765.336,1,0.008530514,0
227,160,7765.353,1,0.009426666,0
234,160,7765.37,1,0.009502259,0
100,160,7765.38,1,0.009840221,0
254,162,7765.447,1,0.011636185,0
95,163,7765.484,1,0.009342102,0
137,166,7765.575,1,0.011807239,0
64,166,7765.588,1,0.009229807,0
129,167,7765.626,1,0.010488993,0
237,168,7765.634,1,0.008936231,0
180,168,7765.653,1,0.010077592,0
61,156,7765.747,0,0.984364450,1
60,172,7765.778,1,0.009043557,0
36,173,7765.81,1,0.008435159,0
237,174,7765.863,1,0.012593454,0
184,176,7765.94,1,0.009434359,0
69,177,7765.974,1,0.008694974,0
72,180,7766.071,1,0.014445774,0
83,182,7766.131,1,0.014520600,0
106,183,7766.192,1,0.014402161,0
127,186,7766.292,1,0.015171001,0
201,188,7766.347,1,0.012800566,0
8,190,7766.413,1,0.013639536,0
9,194,7766.571,1,0.013600933,0
58,195,7766.591,1,0.014073403,0
114,197,7766.662,1,0.014171040,0
99,201,7766.802,1,0.014057117,0
312,208,7767.052,1,0.008094523,0
39,222,7767.542,1,0.008237395,0
324,222,7767.562,1,0.007512952,0
31,224,7767.619,1,0.008315661,0
166,226,7767.683,1,0.009287118,0
58,155,7767.695,0,0.985939980,1
166,232,7767.908,1,0.008299467,0
36,233,7767.945,1,0.008875309,0
168,234,7767.974,1,0.009721344,0
59,156,7767.998,0,0.956031442,1
131,251,7768.58,1,0.008187402,0
168,255,7768.706,1,0.010091282,0
132,256,7768.746,1,0.009768024,0
327,256,7768.77,1,0.006809998,0
125,1,7769.307,1,0.009215158,0
66,4,7769.412,1,0.007380507,0
58,4,7769.425,1,0.009567904,0
68,6,7769.472,1,0.008419787,0
308,6,7769.478,1,0.006472029,0
209,8,7769.54,1,0.006063905,0
212,8,7769.567,1,0.005444535,0
3,14,7769.75,1,0.009113046,0
212,14,7769.761,1,0.007241534,0
83,14,7769.776,1,0.009667285,0
72,15,7769.787,1,0.009551443,0
118,16,7769.824,1,0.010039385,0
304,16,7769.83,1,0.006827359,0
112,16,7769.838,1,0.009998914,0
158,19,7769.94,1,0.009839839,0
263,21,7770.025,1,0.010130049,0
265,22,7770.042,1,0.010136161,0
82,23,7770.076,1,0.040515557,0
181,24,7770.112,1,0.011475415,0
219,27,7770.215,1,0.010740962,0
20,28,7770.27,1,0.039036851,0
279,29,7770.29,1,0.010201372,0
47,30,7770.317,1,0.038122687,0
144,30,7770.325,1,0.044509910,0
135,32,7770.412,1,0.044531327,0
177,34,7770.482,1,0.021221936,0
32,35,7770.496,1,0.042187758,0
71,36,7770.555,1,0.029374046,0
70,37,7770.572,1,0.067002386,0
178,38,7770.601,1,0.032506000,0
198,38,7770.615,1,0.013327078,0
208,40,7770.671,1,0.014073079,0
333,40,7770.696,1,0.009786514,0
74,44,7770.817,1,0.043817639,0
187,46,7770.886,1,0.049225852,0
245,50,7771.029,1,0.010002912,0
161,50,7771.045,1,0.008855496,0
232,55,7771.2,1,0.009248073,0
281,55,7771.21,1,0.008385832,0
117,66,7771.607,1,0.008922352,0
205,68,7771.682,1,0.008612623,0
279,70,7771.731,1,0.009622958,0
106,72,7771.805,1,0.009166019,0
130,76,7771.947,1,0.009769298,0
128,77,7771.977,1,0.009750063,0
198,78,7772.039,1,0.008933124,0
133,79,7772.052,1,0.009712264,0
266,85,7772.258,1,0.009630477,0
80,87,7772.33,1,0.009663620,0
86,88,7772.372,1,0.006754369,0
86,92,7772.528,1,0.005681080,0
9,94,7772.582,1,0.009620186,0
186,95,7772.618,1,0.009109860,0
109,103,7772.898,1,0.005455925,0
329,105,7772.964,1,0.007506495,0
259,105,7772.984,1,0.008934943,0
56,107,7773.045,1,0.011169785,0
312,110,7773.142,1,0.008296744,0
274,112,7773.21,1,0.014233915,0
105,112,7773.221,1,0.013935200,0
160,120,7773.505,1,0.004836501,0
70,123,7773.61,1,0.011002927,0
211,124,7773.659,1,0.009645529,0
64,128,7773.777,1,0.010127678,0
232,161,7774.938,1,0.039789267,0
191,164,7775.045,1,0.003873721,0
1,167,7775.148,1,0.008990797,0
299,168,7775.202,1,0.008353507,0
298,173,7775.365,1,0.008528728,0
133,196,7776.181,1,0.009046296,0
60,156,7786.106,0,0.865847170,0
58,154,7792.659,1,0.827328026,0
60,156,7799.013,0,0.994452178,1
61,159,7799.022,1,0.785026193,0
99,2,7799.792,1,0.009215546,0
98,8,7799.999,1,0.009164477,0
97,8,7800.014,1,0.007600944,0
101,11,7800.118,1,0.009527965,0
61,14,7800.224,1,0.005600639,0
62,15,7800.245,1,0.010695306,0
21,18,7800.351,1,0.008558342,0
293,24,7800.555,1,0.006744006,0
129,24,7800.562,1,0.009543425,0
40,28,7800.702,1,0.008782964,0
260,39,7801.099,1,0.007888050,0
149,40,7801.125,1,0.009135620,0
255,45,7801.303,1,0.009047086,0
122,46,7801.345,1,0.009086158,0
52,47,7801.374,1,0.009119408,0
148,48,7801.408,1,0.008909371,0
216,51,7801.52,1,0.009417441,0
32,55,7801.66,1,0.008935919,0
160,63,7801.95,1,0.009141086,0
71,76,7802.403,1,0.041406333,0
213,77,7802.444,1,0.048360795,0
112,79,7802.52,1,0.050632335,0
24,81,7802.58,1,0.017867271,0
78,84,7802.68,1,0.039542064,0
71,86,7802.773,1,0.035177466,0
66,92,7802.954,1,0.026782297,0
137,92,7802.964,1,0.056446321,0
59,95,7803.061,1,0.012146272,0
138,103,7803.366,1,0.004907410,0
97,109,7803.568,1,0.014052082,0
299,110,7803.614,1,0.008649021,0
205,113,7803.696,1,0.008774575,0
51,118,7803.876,1,0.010015996,0
304,119,7803.917,1,0.008445499,0
121,119,7803.938,1,0.015301597,0
222,120,7803.941,1,0.009393558,0
217,122,7804.026,1,0.009341957,0
165,126,7804.155,1,0.004530911,0
294,127,7804.202,1,0.009566825,0
119,128,7804.239,1,0.014195349,0
2,133,7804.415,1,0.008802725,0
61,134,7804.438,1,0.009880108,0
230,138,7804.606,1,0.009407384,0
122,140,7804.655,1,0.012658959,0
223,141,7804.694,1,0.009526758,0
249,143,7804.762,1,0.009295919,0
207,150,7805.009,1,0.009686135,0
201,151,7805.047,1,0.009077799,0
133,151,7805.058,1,0.012484520,0
40,155,7805.191,1,0.008686815,0
216,160,7805.36,1,0.009267431,0
127,160,7805.381,1,0.011532502,0
167,167,7805.607,1,0.006953627,0
168,168,7805.635,1,0.009985310,0
215,168,7805.648,1,0.008761984,0
208,168,7805.666,1,0.008932566,0
174,172,7805.779,1,0.009436129,0
85,184,7806.226,1,0.014507444,0
58,156,7807.092,0,0.992838919,1
116,214,7807.268,1,0.008577279,0
252,215,7807.305,1,0.008213876,0
103,215,7807.317,1,0.009195813,0
267,217,7807.372,1,0.007992095,0
164,222,7807.544,1,0.012538460,0
162,222,7807.555,1,0.010580857,0
183,225,7807.656,1,0.008455572,0
204,230,7807.836,1,0.005242759,0
139,247,7808.452,1,0.008248126,0
60,155,7808.955,1,0.956279397,1
83,2,7809.336,1,0.009754074,0
335,3,7809.374,1,0.006637814,0
87,4,7809.399,1,0.009559025,0
182,4,7809.408,1,0.007215999,0
212,6,7809.47,1,0.006465462,0
180,6,7809.484,1,0.006272657,0
64,8,7809.556,1,0.009517008,0
240,18,7809.908,1,0.006906101,0
345,24,7810.118,1,0.009571040,0
257,31,7810.354,1,0.010489126,0
2,32,7810.395,1,0.042896558,0
141,34,7810.458,1,0.046293560,0
103,35,7810.508,1,0.047211993,0
102,40,7810.675,1,0.049114447,0
59,155,7810.857,1,0.014827804,0
58,47,7810.92,1,0.046458222,0
319,47,7810.938,1,0.010013037,0
135,50,7811.021,1,0.008632813,0
210,55,7811.2,1,0.009000612,0
229,62,7811.459,1,0.009252378,0
168,63,7811.49,1,0.009112396,0
49,66,7811.59,1,0.008464151,0
119,68,7811.672,1,0.008738413,0
138,69,7811.694,1,0.009101420,0
113,70,7811.73,1,0.008745247,0
247,70,7811.752,1,0.009277256,0
191,72,7811.798,1,0.008661442,0
95,72,7811.803,1,0.008619344,0
48,79,7812.046,1,0.005393868,0
72,92,7812.507,1,0.005211879,0
79,103,7812.91,1,0.012355939,0
135,106,7813.003,1,0.005773979,0
145,112,7813.208,1,0.006131617,0
170,117,7813.39,1,0.009358374,0
131,151,7814.599,1,0.030909620,0
92,152,7814.63,1,0.018012252,0
128,159,7814.866,1,0.027533723,0
208,159,7814.888,1,0.043533828,0
21,160,7814.902,1,0.014137380,0
327,164,7815.065,1,0.007986294,0
169,168,7815.19,1,0.010745736,0
220,182,7815.695,1,0.010072746,0
44,186,7815.845,1,0.008813503,0
206,188,7815.911,1,0.004198990,0
95,191,7816.005,1,0.008773666,0
92,192,7816.057,1,0.009438991,0
59,156,7816.775,0,0.989423335,1
175,213,7816.787,1,0.008118466,0
28,227,7817.28,1,0.008338356,0
320,228,7817.302,1,0.007564498,0
187,235,7817.552,1,0.006832874,0
167,251,7818.113,1,0.014006200,0
48,7,7839.974,1,0.009166590,0
15,23,7840.522,1,0.008703753,0
94,24,7840.571,1,0.009320019,0
23,28,7840.727,1,0.008756742,0
303,33,7840.891,1,0.007012409,0
276,36,7840.988,1,0.007471863,0
261,47,7841.394,1,0.008848099,0
240,48,7841.428,1,0.010581028,0
310,49,7841.446,1,0.006856822,0
103,54,7841.625,1,0.009070287,0
72,55,7841.66,1,0.009358692,0
19,62,7841.925,1,0.009712884,0
148,64,7841.982,1,0.009258504,0
147,68,7842.121,1,0.051070072,0
223,68,7842.133,1,0.049354903,0
333,72,7842.259,1,0.009949201,0
184,74,7842.328,1,0.049397461,0
47,78,7842.475,1,0.032376055,0
23,85,7842.713,1,0.016921084,0
178,87,7842.796,1,0.049808357,0
295,90,7842.892,1,0.012629283,0
127,91,7842.929,1,0.055468101,0
136,92,7842.97,1,0.056355003,0
283,101,7843.274,1,0.009945561,0
255,103,7843.347,1,0.009124158,0
295,104,7843.376,1,0.008859417,0
113,109,7843.565,1,0.006294405,0
62,112,7843.684,1,0.011575333,0
160,116,7843.801,1,0.006744670,0
8,126,7844.162,1,0.009689900,0
32,127,7844.196,1,0.009844552,0
323,140,7844.654,1,0.007778358,0
192,141,7844.686,1,0.009225905,0
270,141,7844.699,1,0.010824686,0
188,144,7844.799,1,0.009396002,0
307,150,7845.013,1,0.009065834,0
145,151,7845.035,1,0.012595221,0
35,151,7845.046,1,0.010159804,0
326,160,7845.351,1,0.007551346,0
34,163,7845.471,1,0.008538237,0
210,167,7845.609,1,0.009160027,0
24,175,7845.889,1,0.008683071,0
70,176,7845.927,1,0.009814778,0
95,187,7846.315,1,0.014339995,0
125,191,7846.462,1,0.014770114,0
15,220,7847.487,1,0.008377966,0
277,248,7848.476,1,0.007206567,0
9,4,7849.407,1,0.009154091,0
247,12,7849.694,1,0.007403312,0
310,13,7849.736,1,0.006401385,0
58,22,7850.049,1,0.037998252,0
239,26,7850.176,1,0.010535054,0
130,26,7850.202,1,0.044457562,0
64,28,7850.249,1,0.038404107,0
234,31,7850.378,1,0.011123686,0
106,34,7850.466,1,0.046310756,0
332,40,7850.673,1,0.009797634,0
181,40,7850.677,1,0.034811895,0
318,40,7850.694,1,0.009971607,0
317,43,7850.784,1,0.010030465,0
76,44,7850.813,1,0.043509472,0
144,47,7850.937,1,0.047791403,0
27,52,7851.092,1,0.008433904,0
192,54,7851.171,1,0.008992925,0
233,56,7851.238,1,0.009117733,0
191,56,7851.259,1,0.008642666,0
132,64,7851.521,1,0.009264061,0
66,68,7851.668,1,0.008853680,0
71,70,7851.729,1,0.008457267,0
28,72,7851.81,1,0.004214375,0
160,75,7851.919,1,0.009143933,0
344,77,7851.979,1,0.006496802,0
240,78,7852.031,1,0.009682366,0
235,79,7852.059,1,0.009384181,0
35,80,7852.084,1,0.005722987,0
204,84,7852.232,1,0.008945831,0
208,85,7852.259,1,0.009258579,0
21,87,7852.344,1,0.010725298,0
216,88,7852.37,1,0.009057806,0
219,92,7852.508,1,0.008812224,0
33,94,7852.573,1,0.011007454,0
306,96,7852.659,1,0.008493318,0
72,99,7852.765,1,0.014096340,0
37,102,7852.861,1,0.010274506,0
280,103,7852.892,1,0.009804635,0
291,103,7852.899,1,0.009147619,0
57,104,7852.932,1,0.011705386,0
48,107,7853.033,1,0.010450253,0
95,110,7853.147,1,0.015607841,0
152,111,7853.187,1,0.005027262,0
148,114,7853.286,1,0.005609704,0
45,127,7853.737,1,0.009404621,0
61,159,7853.885,1,0.770070255,0
61,155,7853.918,1,0.975643814,1
59,157,7854.026,0,0.861472905,0
152,144,7854.349,1,0.041537866,0
60,155,7854.726,1,0.935831666,1
98,185,7855.786,1,0.008887229,0
95,198,7856.244,1,0.008429852,0
248,224,7857.173,1,0.008202614,0
32,48,7862.341,1,0.046661939,0
59,156,7866.014,1,0.014801392,0
58,155,7872.98,1,0.953516185,1
59,155,7873.877,1,0.954149127,1
140,1,7879.761,1,0.009649356,0
30,6,7879.927,1,0.009071792,0
168,8,7880.013,1,0.007684495,0
215,10,7880.084,1,0.006242901,0
7,22,7880.511,1,0.008574056,0
187,24,7880.563,1,0.009241531,0
185,26,7880.636,1,0.006160573,0
176,36,7880.989,1,0.009223826,0
304,39,7881.091,1,0.007090554,0
301,47,7881.371,1,0.007733145,0
63,48,7881.424,1,0.009228595,0
336,63,7881.945,1,0.006672145,0
152,68,7882.128,1,0.050906412,0
156,69,7882.158,1,0.079619057,0
157,70,7882.189,1,0.154894024,0
128,72,7882.253,1,0.050379179,0
327,74,7882.322,1,0.010194253,0
250,75,7882.361,1,0.023140369,0
250,76,7882.397,1,0.016156450,0
70,77,7882.435,1,0.040719375,0
63,79,7882.497,1,0.037146922,0
29,80,7882.535,1,0.018698437,0
8,80,7882.557,1,0.015888734,0
16,82,7882.611,1,0.016576737,0
87,84,7882.702,1,0.042750046,0
155,85,7882.71,1,0.054076593,0
10,85,7882.735,1,0.015762087,0
100,87,7882.792,1,0.047695890,0
328,90,7882.891,1,0.010521686,0
344,91,7882.926,1,0.010053479,0
32,48,7882.964,1,0.046665695,0
16,96,7883.101,1,0.009864009,0
135,101,7883.303,1,0.008799805,0
319,103,7883.364,1,0.007750576,0
326,104,7883.393,1,0.007187753,0
81,107,7883.503,1,0.013553260,0
256,110,7883.613,1,0.009180008,0
257,111,7883.651,1,0.010249202,0
285,112,7883.668,1,0.009878717,0
207,134,7884.451,1,0.009273751,0
174,140,7884.657,1,0.003894135,0
95,147,7884.906,1,0.010666013,0
299,154,7885.142,1,0.008583343,0
340,159,7885.334,1,0.007185024,0
28,167,7885.603,1,0.008450948,0
56,172,7885.795,1,0.008997674,0
23,185,7886.24,1,0.013919869,0
265,188,7886.342,1,0.012904489,0
20,190,7886.421,1,0.013804865,0
166,190,7886.433,1,0.015301496,0
263,191,7886.447,1,0.012702403,0
128,198,7886.701,1,0.014594629,0
60,157,7886.855,0,0.862706006,0
85,209,7887.081,1,0.008672578,0
48,212,7887.198,1,0.008409617,0
236,223,7887.587,1,0.007722607,0
315,228,7887.765,1,0.007589817,0
186,230,7887.847,1,0.007077605,0
80,240,7888.188,1,0.008711903,0
82,244,7888.326,1,0.008173293,0
143,249,7888.515,1,0.008300986,0
29,4,7889.406,1,0.008982240,0
335,5,7889.44,1,0.006544592,0
111,6,7889.481,1,0.009535874,0
103,12,7889.694,1,0.009599528,0
34,18,7889.896,1,0.009039493,0
29,23,7890.089,1,0.035571869,0
259,24,7890.105,1,0.010238961,0
304,24,7890.117,1,0.009984480,0
203,27,7890.211,1,0.010793647,0
59,30,7890.317,1,0.038576316,0
201,30,7890.323,1,0.011266997,0
51,32,7890.393,1,0.038728107,0
73,34,7890.481,1,0.040520538,0
76,35,7890.495,1,0.041006409,0
284,39,7890.648,1,0.010496403,0
146,46,7890.889,1,0.047922082,0
92,62,7891.448,1,0.009014672,0
229,64,7891.534,1,0.009198520,0
331,69,7891.702,1,0.006847098,0
319,70,7891.732,1,0.007358459,0
183,74,7891.879,1,0.008739021,0
188,76,7891.951,1,0.009285381,0
247,86,7892.307,1,0.009381545,0
215,87,7892.336,1,0.008597934,0
163,98,7892.73,1,0.009815053,0
215,100,7892.802,1,0.008855328,0
195,118,7893.435,1,0.008957173,0
160,119,7893.476,1,0.004761123,0
262,124,7893.632,1,0.009099055,0
263,128,7893.795,1,0.009356107,0
148,132,7893.921,1,0.015817871,0
255,136,7894.08,1,0.038018323,0
342,139,7894.181,1,0.010355893,0
338,142,7894.272,1,0.010467802,0
268,151,7894.587,1,0.022762604,0
158,188,7895.899,1,0.010553825,0
63,204,7896.459,1,0.008441383,0
239,208,7896.611,1,0.008835074,0
47,211,7896.719,1,0.008220097,0
311,226,7897.24,1,0.007985807,0
307,231,7897.43,1,0.007610640,0
175,252,7898.158,1,0.013115518,0
58,157,7911.4,0,0.541926026,0
192,6,7919.933,1,0.006480271,0
343,14,7920.206,1,0.006527223,0
184,42,7921.19,1,0.009244714,0
231,45,7921.308,1,0.010039186,0
222,57,7921.735,1,0.009293162,0
215,61,7921.874,1,0.008823632,0
224,78,7922.478,1,0.049116079,0
31,79,7922.509,1,0.018688342,0
103,85,7922.707,1,0.050746135,0
264,86,7922.751,1,0.029555758,0
236,93,7923.003,1,0.009444498,0
188,98,7923.189,1,0.008952517,0
72,101,7923.272,1,0.014608406,0
328,103,7923.344,1,0.018680420,0
329,103,7923.364,1,0.019294623,0
159,111,7923.642,1,0.009985012,0
216,112,7923.668,1,0.009366804,0
220,113,7923.697,1,0.009389365,0
139,119,7923.916,1,0.012822518,0
295,120,7923.952,1,0.009121909,0
290,121,7923.977,1,0.009874325,0
175,125,7924.12,1,0.008581184,0
224,127,7924.214,1,0.009786755,0
333,128,7924.225,1,0.007354305,0
273,128,7924.248,1,0.011779197,0
32,141,7924.691,1,0.010374338,0
26,142,7924.748,1,0.008715602,0
293,144,7924.796,1,0.008969418,0
291,149,7924.98,1,0.009157115,0
315,159,7925.316,1,0.008131506,0
15,159,7925.335,1,0.008485451,0
40,164,7925.497,1,0.009485762,0
33,180,7926.065,1,0.014088913,0
123,182,7926.143,1,0.015326663,0
55,182,7926.156,1,0.014250364,0
112,191,7926.455,1,0.014270459,0
72,194,7926.572,1,0.014214666,0
93,198,7926.706,1,0.014150311,0
3,200,7926.766,1,0.013430693,0
13,205,7926.941,1,0.013451870,0
200,208,7927.046,1,0.009393411,0
64,208,7927.07,1,0.008606344,0
18,216,7927.328,1,0.008800005,0
288,216,7927.342,1,0.007929527,0
19,217,7927.369,1,0.007478790,0
102,218,7927.411,1,0.008441914,0
296,218,7927.429,1,0.007641983,0
108,222,7927.549,1,0.009256256,0
105,222,7927.557,1,0.008657791,0
55,223,7927.592,1,0.010296511,0
183,224,7927.614,1,0.008544508,0
53,224,7927.621,1,0.008669234,0
106,245,7928.376,1,0.009444289,0
250,252,7928.598,1,0.006522119,0
42,1,7929.315,1,0.009330154,0
24,6,7929.48,1,0.009268573,0
56,10,7929.62,1,0.009462954,0
115,12,7929.698,1,0.009732988,0
175,22,7930.047,1,0.011821122,0
58,24,7930.107,1,0.037728440,0
77,37,7930.565,1,0.041562848,0
139,39,7930.634,1,0.049204890,0
82,39,7930.641,1,0.042601131,0
71,44,7930.813,1,0.043641310,0
272,47,7930.922,1,0.011474551,0
32,48,7930.95,1,0.046674401,0
151,50,7931.027,1,0.008610963,0
329,56,7931.237,1,0.006840587,0
140,62,7931.45,1,0.009292511,0
247,64,7931.516,1,0.009663036,0
119,64,7931.523,1,0.008626037,0
245,65,7931.554,1,0.009005344,0
111,67,7931.65,1,0.008786693,0
114,72,7931.805,1,0.009279355,0
302,82,7932.155,1,0.008481986,0
124,88,7932.37,1,0.009929343,0
228,91,7932.478,1,0.009674108,0
81,96,7932.648,1,0.005583848,0
131,101,7932.826,1,0.009525855,0
279,104,7932.93,1,0.009364224,0
264,115,7933.323,1,0.009497678,0
84,120,7933.494,1,0.012472919,0
143,124,7933.64,1,0.013336405,0
216,133,7933.963,1,0.009839230,0
177,134,7934.001,1,0.048674695,0
260,146,7934.416,1,0.030086190,0
339,150,7934.554,1,0.010450095,0
223,167,7935.154,1,0.008624285,0
15,182,7935.699,1,0.008268743,0
159,200,7936.324,1,0.009591956,0
143,230,7937.386,1,0.009016027,0
124,254,7938.245,1,0.013385252,0
32,48,7958.454,1,0.046679389,0
154,7,7959.965,1,0.008426286,0
227,8,7959.997,1,0.006312875,0
102,8,7960.012,1,0.009466874,0
286,14,7960.209,1,0.006947624,0
223,14,7960.224,1,0.006384920,0
135,22,7960.491,1,0.009511936,0
293,24,7960.558,1,0.006963825,0
200,33,7960.883,1,0.008564507,0
121,36,7960.983,1,0.009058799,0
184,60,7961.835,1,0.008962635,0
327,79,7962.501,1,0.010332921,0
181,84,7962.694,1,0.049353953,0
279,90,7962.886,1,0.023073828,0
66,92,7962.953,1,0.026838511,0
281,93,7963.0,1,0.009706212,0
66,96,7963.096,1,0.010559622,0
136,96,7963.121,1,0.010343800,0
149,101,7963.293,1,0.010425607,0
32,103,7963.358,1,0.010418707,0
327,104,7963.395,1,0.007887987,0
138,104,7963.406,1,0.004998548,0
227,110,7963.6,1,0.009412839,0
145,115,7963.781,1,0.006009939,0
127,116,7963.808,1,0.007095390,0
121,117,7963.837,1,0.012661616,0
283,119,7963.925,1,0.009799841,0
134,120,7963.947,1,0.015115445,0
178,125,7964.133,1,0.009261496,0
276,127,7964.188,1,0.012142892,0
127,133,7964.412,1,0.014097547,0
56,134,7964.439,1,0.010260203,0
199,139,7964.616,1,0.009102809,0
179,142,7964.728,1,0.009128432,0
55,149,7964.997,1,0.008983535,0
191,151,7965.048,1,0.008710672,0
58,152,7965.083,1,0.010961371,0
278,157,7965.262,1,0.009896975,0
157,158,7965.29,1,0.012661801,0
319,158,7965.29,1,0.008630022,0
287,165,7965.537,1,0.009632469,0
84,174,7965.875,1,0.009772925,0
85,176,7965.933,1,0.009559480,0
67,180,7966.072,1,0.014405087,0
344,187,7966.318,1,0.010489838,0
161,204,7966.917,1,0.014999635,0
233,213,7967.236,1,0.008319063,0
145,230,7967.835,1,0.008769106,0
312,235,7968.008,1,0.007568587,0
254,244,7968.318,1,0.007171387,0
188,246,7968.389,1,0.007878809,0
315,246,7968.408,1,0.007123904,0
245,7,7969.509,1,0.006601666,0
336,8,7969.551,1,0.006255192,0
344,12,7969.685,1,0.006894981,0
207,14,7969.752,1,0.006939400,0
294,14,7969.761,1,0.006841623,0
274,14,7969.78,1,0.006778362,0
336,15,7969.793,1,0.006603715,0
164,16,7969.849,1,0.008959958,0
146,18,7969.895,1,0.009295343,0
11,20,7969.978,1,0.009233383,0
164,22,7970.035,1,0.014410847,0
63,22,7970.047,1,0.038457006,0
215,27,7970.211,1,0.010770114,0
201,29,7970.284,1,0.011107642,0
217,31,7970.355,1,0.011380895,0
84,32,7970.403,1,0.040591821,0
90,33,7970.434,1,0.041420978,0
237,39,7970.637,1,0.012293222,0
246,39,7970.661,1,0.011858958,0
165,40,7970.674,1,0.048924021,0
151,40,7970.7,1,0.049377929,0
198,44,7970.818,1,0.021004802,0
244,46,7970.885,1,0.013523106,0
176,48,7970.953,1,0.048624221,0
219,48,7970.972,1,0.025219738,0
152,50,7971.029,1,0.008959074,0
153,52,7971.093,1,0.008581699,0
331,54,7971.168,1,0.006955689,0
19,55,7971.199,1,0.008397319,0
130,60,7971.402,1,0.008931005,0
137,62,7971.445,1,0.008678594,0
128,63,7971.484,1,0.009028190,0
151,64,7971.525,1,0.008855605,0
278,70,7971.749,1,0.009725320,0
65,79,7972.055,1,0.008390877,0
208,79,7972.068,1,0.009237214,0
33,86,7972.296,1,0.012085108,0
60,104,7972.929,1,0.013698056,0
57,106,7973.006,1,0.011725162,0
158,115,7973.323,1,0.007210078,0
69,117,7973.388,1,0.011541626,0
62,121,7973.529,1,0.010509814,0
269,151,7974.586,1,0.022383435,0
134,152,7974.623,1,0.030951627,0
287,154,7974.721,1,0.013888554,0
204,174,7975.397,1,0.006486506,0
118,215,7976.856,1,0.008891027,0
65,222,7977.104,1,0.008980139,0
155,230,7977.386,1,0.009618397,0
273,232,7977.442,1,0.008360556,0
56,232,7977.466,1,0.009125550,0
164,246,7977.945,1,0.009296415,0
8,255,7978.27,1,0.012471910,0
233,5,7999.893,1,0.006447715,0
