x,y,t,p,probability,label
101,42,0.0,0,0.976778030,1
100,41,1.724000000001979,0,0.988325715,1
100,41,11.148000000001048,0,0.949824929,1
90,248,11.420000000001892,1,0.007838614,0
28,28,11.96900000000096,1,0.008932908,0
165,32,12.095000000001164,1,0.009119551,0
311,52,12.802999999999884,1,0.007493904,0
84,88,14.066999999999098,1,0.023691209,0
100,42,15.262000000002445,1,0.923625588,1
304,177,17.207000000002154,1,0.007807004,0
244,193,17.773000000001048,1,0.007849261,0
60,12,22.05199999999968,1,0.042251080,0
210,14,22.117000000002008,1,0.010080570,0
134,25,22.492000000002008,1,0.044343833,0
136,31,22.720000000001164,1,0.046817668,0
130,38,22.96099999999933,1,0.049022473,0
136,39,22.979999999999563,1,0.049043931,0
77,64,23.867000000002008,1,0.040471509,0
77,68,24.001000000000204,1,0.033375323,0
296,71,24.114000000001397,1,0.008407994,0
306,72,24.144000000000233,1,0.007979108,0
216,78,24.37199999999939,1,0.008999634,0
154,90,24.808000000000902,1,0.029825937,0
283,94,24.937000000001717,1,0.009497713,0
45,102,25.20300000000134,1,0.009880140,0
287,111,25.547999999998865,1,0.009922065,0
242,118,25.78900000000067,1,0.009275017,0
183,124,25.980999999999767,1,0.006473026,0
264,129,26.168000000001484,1,0.020156972,0
257,133,26.318999999999505,1,0.018689767,0
335,136,26.39900000000125,1,0.010695433,0
185,148,26.83100000000195,1,0.027193593,0
170,163,27.360000000000582,1,0.010642741,0
263,164,27.405000000002474,1,0.008674452,0
187,167,27.498999999999796,1,0.011302643,0
269,168,27.530000000002474,1,0.008299396,0
168,173,27.715000000000146,1,0.010078557,0
193,180,27.958000000002357,1,0.009655241,0
59,184,28.10699999999997,1,0.007449346,0
189,186,28.18500000000131,1,0.008865894,0
62,187,28.195999999999913,1,0.006508326,0
183,207,28.934000000001106,1,0.008673972,0
224,255,30.600000000002183,1,0.010316875,0
99,42,42.6830000000009,1,0.048196081,0
57,6,51.171000000002095,1,0.009040203,0
152,16,51.51900000000023,1,0.009330949,0
263,16,51.54200000000128,1,0.007252986,0
261,20,51.66700000000128,1,0.007496562,0
68,23,51.775000000001455,1,0.009137995,0
154,31,52.05400000000009,1,0.009258647,0
6,32,52.11200000000099,1,0.007974818,0
304,33,52.11700000000201,1,0.017386911,0
303,33,52.129000000000815,1,0.018774442,0
253,39,52.35000000000218,1,0.007479459,0
161,46,52.602999999999156,1,0.008615153,0
183,49,52.699000000000524,1,0.008516564,0
61,8,52.70400000000154,1,0.009341097,0
105,54,52.8650000000016,1,0.008416363,0
235,66,53.29899999999907,1,0.009170949,0
4,68,53.366000000001804,1,0.009349338,0
248,94,54.28399999999965,1,0.039548405,0
32,96,54.35399999999936,1,0.015002179,0
287,105,54.668000000001484,1,0.013488146,0
30,118,55.126000000000204,1,0.008871401,0
101,39,55.22200000000157,0,0.894970059,0
287,142,55.97600000000239,1,0.009453103,0
48,168,56.89300000000003,1,0.009874054,0
32,170,56.95899999999892,1,0.009423497,0
116,214,58.507000000001426,1,0.013689884,0
183,224,58.861000000000786,1,0.014072954,0
207,224,58.879000000000815,1,0.010436976,0
73,246,59.638999999999214,1,0.007562507,0
342,128,66.12299999999959,1,0.010566888,0
335,135,66.3739999999998,1,0.010689360,0
21,165,67.44800000000032,1,0.008404433,0
189,200,68.66500000000087,1,0.008398388,0
5,207,68.90400000000227,1,0.006520071,0
4,208,68.95600000000195,1,0.008607418,0
160,259,70.75400000000081,1,0.013571383,0
120,207,70.9910000000018,1,0.013825506,0
101,38,71.25700000000143,0,0.890527248,0
101,40,71.96800000000076,1,0.908353984,1
18,103,77.08399999999892,1,0.008686306,0
32,48,91.56200000000172,1,0.004825028,0
83,20,91.66700000000128,1,0.009326736,0
288,23,91.77000000000044,1,0.007577116,0
118,31,92.05500000000029,1,0.009780329,0
182,37,92.26699999999983,1,0.009715306,0
268,37,92.28099999999904,1,0.008042635,0
110,45,92.54899999999907,1,0.008809835,0
102,46,92.58699999999953,1,0.009041617,0
37,50,92.72600000000239,1,0.004119928,0
168,51,92.76499999999942,1,0.009168969,0
312,54,92.86700000000201,1,0.007742349,0
170,56,92.93900000000212,1,0.009142247,0
51,59,93.04899999999907,1,0.004897489,0
47,61,93.1140000000014,1,0.014393499,0
287,63,93.18000000000029,1,0.008424541,0
101,71,93.47300000000178,1,0.011050884,0
103,85,93.95500000000175,1,0.010435322,0
207,111,94.87800000000061,1,0.048130412,0
10,151,96.28000000000247,1,0.008334182,0
101,39,96.83799999999974,1,0.966547549,1
276,168,96.88799999999901,1,0.008453744,0
110,228,97.25400000000081,1,0.008703716,0
6,192,97.7410000000018,1,0.008271473,0
101,37,98.92599999999948,0,0.924669087,1
244,2,101.67900000000009,1,0.007257591,0
242,3,101.71600000000035,1,0.006852171,0
255,25,102.5,1,0.010534702,0
176,31,102.72100000000137,1,0.044339534,0
267,39,102.98099999999977,1,0.011141524,0
147,47,103.28600000000006,1,0.008578880,0
68,87,104.67499999999927,1,0.018234612,0
32,48,105.15100000000166,1,0.004239574,0
115,110,105.50700000000143,1,0.012776811,0
161,111,105.54500000000189,1,0.016682686,0
293,112,105.57600000000093,1,0.009810864,0
291,115,105.68700000000172,1,0.010136399,0
287,118,105.78800000000047,1,0.009976197,0
261,150,106.89300000000003,1,0.013198765,0
4,158,107.1939999999995,1,0.007820394,0
10,193,108.41200000000026,1,0.007841678,0
74,202,108.73300000000017,1,0.007973543,0
125,224,109.51100000000224,1,0.008282753,0
304,105,124.2410000000018,1,0.008525641,0
81,97,124.33300000000236,1,0.939861536,1
101,37,125.61200000000099,1,0.991658866,1
101,36,126.74799999999959,0,0.986938596,1
101,35,131.33899999999994,0,0.984724045,1
114,23,131.7940000000017,1,0.010620041,0
101,37,133.43800000000192,1,0.990030885,1
63,79,133.7390000000014,1,0.011132244,0
47,95,134.3080000000009,1,0.015794350,0
172,113,134.95600000000195,1,0.066433869,0
312,148,136.1830000000009,1,0.008461802,0
81,95,138.86900000000242,0,0.815890729,0
32,48,139.53800000000047,1,0.004775472,0
259,75,144.26100000000224,1,0.009982754,0
37,183,148.0689999999995,1,0.007882000,0
253,184,148.11000000000058,1,0.008614810,0
328,200,148.65699999999924,1,0.007367632,0
304,204,148.79899999999907,1,0.007333983,0
101,36,149.9910000000018,1,0.960499644,1
7,256,150.64500000000044,1,0.012270547,0
101,35,172.1959999999999,1,0.995583475,1
176,48,172.65699999999924,1,0.008894272,0
96,58,173.01699999999983,1,0.009114373,0
102,36,173.44700000000012,1,0.994439960,1
79,86,174.00400000000081,1,0.022030635,0
176,102,174.54999999999927,1,0.088172764,0
102,34,174.6820000000007,0,0.446671069,0
175,159,176.56400000000212,1,0.010851380,0
81,95,179.89600000000064,1,0.977876604,1
130,20,182.31400000000212,1,0.044288699,0
296,24,182.45899999999892,1,0.010679415,0
101,35,182.84200000000055,1,0.049005281,0
129,41,183.07500000000073,1,0.008596345,0
159,47,183.28099999999904,1,0.008608439,0
7,75,184.27200000000084,1,0.009040339,0
248,80,184.4320000000007,1,0.009302565,0
12,80,184.45100000000093,1,0.009147623,0
8,84,184.59200000000055,1,0.008703119,0
130,100,185.15300000000207,1,0.016308650,0
216,114,185.64300000000003,1,0.009320309,0
2,133,186.3199999999997,1,0.013295890,0
37,139,186.52100000000064,1,0.013731138,0
104,148,186.84400000000096,1,0.014888184,0
286,157,187.1389999999992,1,0.008328446,0
145,158,187.1909999999989,1,0.009612498,0
64,175,187.78000000000247,1,0.008642629,0
44,183,188.0659999999989,1,0.008647022,0
16,190,188.3040000000001,1,0.008191446,0
224,192,188.39300000000003,1,0.002947447,0
208,238,190.01100000000224,1,0.010294285,0
102,33,192.6150000000016,0,0.977315068,1
102,34,206.02300000000105,1,0.048954062,0
104,6,211.1820000000007,1,0.009202198,0
216,16,211.52800000000207,1,0.006684972,0
267,23,211.76800000000003,1,0.007451430,0
249,45,212.56200000000172,1,0.008021629,0
82,95,212.5659999999989,1,0.932221293,1
320,67,213.33899999999994,1,0.007357967,0
107,70,213.42799999999988,1,0.009198686,0
137,82,213.8510000000024,1,0.010220379,0
84,94,214.63200000000143,0,0.999743760,1
289,109,214.81200000000172,1,0.013262320,0
259,117,215.08100000000195,1,0.011653088,0
102,34,215.20100000000093,1,0.979123950,1
83,95,215.6949999999997,1,0.997331500,1
312,140,215.89800000000105,1,0.008220015,0
248,253,219.887999999999,1,0.004864963,0
126,10,221.98500000000058,1,0.010531669,0
101,36,222.89700000000084,1,0.049021881,0
26,46,223.2469999999994,1,0.004725496,0
328,63,223.83300000000236,1,0.007185629,0
136,102,225.22899999999936,1,0.016742984,0
303,103,225.24400000000242,1,0.008663797,0
119,186,228.16400000000067,1,0.008372504,0
102,33,229.16800000000148,1,0.977084756,1
200,224,229.51900000000023,1,0.007124473,0
103,32,236.7940000000017,0,0.986794174,1
84,95,239.3729999999996,1,0.997078180,1
83,94,239.58599999999933,1,0.993105471,1
102,33,252.117000000002,1,0.980754375,1
215,40,252.38100000000122,1,0.009352814,0
93,117,255.08699999999953,1,0.009634503,0
211,181,257.349000000002,1,0.007657635,0
86,94,260.59000000000015,0,0.925422728,1
85,93,262.58000000000175,0,0.812332451,0
237,51,263.41300000000047,1,0.009536465,0
116,72,264.16200000000026,1,0.012678917,0
303,112,265.5730000000003,1,0.009241618,0
125,124,265.97999999999956,1,0.012456121,0
159,132,266.28499999999985,1,0.045287974,0
183,142,266.6140000000014,1,0.034009114,0
230,150,266.9200000000019,1,0.024696443,0
45,152,266.96199999999953,1,0.013841351,0
288,157,267.15799999999945,1,0.008374812,0
67,183,268.0610000000015,1,0.008069484,0
11,184,268.1010000000024,1,0.007266509,0
15,184,268.117000000002,1,0.007574591,0
212,242,268.4959999999992,1,0.007557348,0
95,206,268.88400000000183,1,0.007923029,0
86,93,270.26100000000224,0,0.812014937,0
94,57,277.9220000000023,1,0.009082427,0
103,31,286.8780000000006,1,0.047680188,0
86,94,287.4910000000018,1,0.976418078,1
87,93,292.27800000000207,0,0.987966716,1
212,47,292.617000000002,1,0.009306161,0
7,54,292.8690000000024,1,0.010169269,0
324,60,293.08300000000236,1,0.007533706,0
75,69,293.40000000000146,1,0.004275485,0
242,78,293.70400000000154,1,0.009679902,0
81,90,294.1419999999998,1,0.021865407,0
83,95,294.3220000000001,1,0.021402922,0
72,100,294.4840000000004,1,0.017992314,0
23,106,294.70200000000114,1,0.014526293,0
87,92,294.83000000000175,0,0.809051394,0
136,118,295.1150000000016,1,0.012004121,0
179,187,297.54799999999886,1,0.009216156,0
86,93,300.3100000000013,1,0.978719175,1
77,255,301.27900000000227,1,0.007533549,0
104,29,301.78099999999904,0,0.952839792,1
279,32,302.75800000000163,1,0.010988637,0
271,36,302.8919999999998,1,0.011069733,0
184,42,303.08599999999933,1,0.009246994,0
191,52,303.45800000000236,1,0.008766503,0
88,92,308.8159999999989,0,0.977399886,1
58,223,309.47000000000116,1,0.007657293,0
87,93,313.7570000000014,1,0.981772065,1
315,159,320.50800000000163,1,0.007935865,0
88,91,323.1870000000017,0,0.981318414,1
87,93,324.9409999999989,1,0.977282405,1
89,93,325.8889999999992,0,0.987530589,1
87,91,326.9190000000017,0,0.988478601,1
32,48,330.58899999999994,1,0.023681417,0
295,104,334.40300000000207,1,0.012567783,0
156,103,334.5970000000016,1,0.079301335,0
291,109,334.8009999999995,1,0.013020257,0
96,119,335.16200000000026,1,0.009992006,0
104,28,335.33699999999953,0,0.978606045,1
131,165,336.78399999999965,1,0.008764755,0
159,168,336.90200000000186,1,0.009466793,0
135,184,337.4720000000016,1,0.008920654,0
128,186,337.52300000000105,1,0.008681146,0
120,241,339.45600000000195,1,0.008340711,0
181,250,339.78199999999924,1,0.008030212,0
200,224,340.2489999999998,1,0.007567709,0
104,30,340.3140000000021,1,0.956448138,1
204,80,340.3209999999999,1,0.008865445,0
191,16,342.1690000000017,1,0.011257451,0
306,23,342.41400000000067,1,0.010541557,0
87,91,342.50800000000163,1,0.024985442,0
9,28,342.619999999999,1,0.035609990,0
288,39,343.005000000001,1,0.007573265,0
144,119,345.82900000000154,1,0.013008008,0
127,140,346.5630000000019,1,0.019353338,0
104,27,348.9150000000009,0,0.976659119,1
164,246,350.28700000000026,1,0.013732888,0
176,246,350.78700000000026,1,0.014097850,0
89,92,356.22699999999895,1,0.948714733,1
91,92,360.82900000000154,0,0.991680086,1
104,28,367.33699999999953,1,0.995990217,1
91,91,367.52500000000146,0,0.981172979,1
105,27,369.38300000000163,0,0.962517858,1
103,28,370.46299999999974,1,0.045491312,0
103,32,372.09300000000076,1,0.134073228,0
166,39,372.349000000002,1,0.009154813,0
144,69,373.38700000000244,1,0.009592631,0
231,164,376.76100000000224,1,0.007185738,0
231,166,376.8169999999991,1,0.006771236,0
89,91,376.9419999999991,1,0.995540082,1
88,91,377.3500000000022,1,0.964785695,1
63,181,377.362000000001,1,0.008072034,0
56,183,377.40899999999965,1,0.008155068,0
213,217,378.6180000000022,1,0.010468721,0
72,232,379.1389999999992,1,0.007773107,0
76,240,379.4310000000005,1,0.007671119,0
90,90,379.4429999999993,0,0.996822119,1
80,240,381.14500000000044,1,0.008049833,0
244,14,382.1219999999994,1,0.010095488,0
90,92,382.369999999999,1,0.026502883,0
337,22,382.38300000000163,1,0.010159093,0
299,23,382.4370000000017,1,0.010611261,0
130,28,382.6110000000008,1,0.045169700,0
127,41,383.04799999999886,1,0.008829518,0
230,47,383.27700000000186,1,0.009644924,0
92,91,383.71500000000015,0,0.988637388,1
24,83,384.5300000000025,1,0.009769303,0
114,87,384.6970000000001,1,0.005811779,0
32,48,384.83599999999933,1,0.003771956,0
48,118,385.7900000000009,1,0.009220472,0
16,134,386.3470000000016,1,0.013426170,0
258,142,386.630000000001,1,0.016949495,0
171,148,386.82700000000114,1,0.030462081,0
48,150,386.89400000000023,1,0.013911220,0
89,157,387.15300000000207,1,0.008954392,0
191,166,387.4830000000002,1,0.010321132,0
227,231,388.39800000000105,1,0.004443751,0
80,198,388.60199999999895,1,0.008063582,0
230,205,388.85399999999936,1,0.003875755,0
152,206,388.8729999999996,1,0.008546177,0
236,213,389.1280000000006,1,0.005652986,0
178,221,389.39700000000084,1,0.008314669,0
316,251,390.46399999999994,1,0.009735236,0
8,255,390.60399999999936,1,0.012262136,0
87,91,396.737000000001,1,0.755728662,0
105,26,396.9400000000023,0,0.949389815,1
76,197,397.0669999999991,1,0.007922362,0
90,90,397.3810000000012,1,0.967501462,1
92,90,402.6080000000002,0,0.959486365,1
93,90,403.3739999999998,0,0.972974062,1
92,89,410.34300000000076,0,0.921925843,1
93,90,411.32600000000093,0,0.982161939,1
211,14,411.47000000000116,1,0.006884807,0
284,24,411.8140000000021,1,0.007569514,0
239,30,412.02100000000064,1,0.007381640,0
129,39,412.3349999999991,1,0.009445332,0
271,48,412.65699999999924,1,0.007997511,0
51,247,412.7350000000006,1,0.007614664,0
104,63,413.1850000000013,1,0.028150214,0
91,92,414.20100000000093,1,0.036287654,0
91,94,414.27500000000146,1,0.042159684,0
184,96,414.3650000000016,1,0.057528090,0
183,224,414.5020000000004,1,0.014013427,0
93,89,414.7560000000012,0,0.793371022,0
329,116,415.04899999999907,1,0.007794640,0
177,159,416.5620000000017,1,0.010904252,0
326,164,416.7390000000014,1,0.007973634,0
92,164,416.7520000000004,1,0.009072973,0
129,171,417.0040000000008,1,0.008609664,0
321,200,418.01000000000204,1,0.010594149,0
325,201,418.0529999999999,1,0.010554746,0
190,210,418.3790000000008,1,0.013266527,0
200,224,418.8650000000016,1,0.011071988,0
94,90,418.96500000000015,0,0.796580136,0
216,248,419.7000000000007,1,0.007266120,0
92,90,419.96299999999974,1,0.988263190,1
27,9,421.9459999999999,1,0.009014680,0
111,10,421.95700000000215,1,0.017615857,0
200,21,422.3650000000016,1,0.010812694,0
278,25,422.4890000000014,1,0.010736004,0
202,38,422.9730000000018,1,0.019462980,0
169,39,422.987000000001,1,0.048708346,0
247,46,423.2479999999996,1,0.008803608,0
276,58,423.6700000000019,1,0.008546985,0
207,61,423.755000000001,1,0.008570785,0
203,62,423.7940000000017,1,0.009717682,0
201,63,423.84300000000076,1,0.008737769,0
246,63,423.85399999999936,1,0.012189728,0
239,67,423.96299999999974,1,0.008721590,0
246,72,424.1690000000017,1,0.008867598,0
72,111,425.52500000000146,1,0.009792505,0
31,114,425.630000000001,1,0.009618910,0
284,128,426.1190000000024,1,0.014091291,0
174,128,426.14500000000044,1,0.050824080,0
229,142,426.6290000000008,1,0.031907421,0
155,175,427.7940000000017,1,0.009288009,0
88,188,428.2489999999998,1,0.008439124,0
94,192,428.39700000000084,1,0.008406667,0
90,91,428.7220000000016,1,0.970594645,1
343,202,428.737000000001,1,0.007139124,0
57,213,429.1209999999992,1,0.007786369,0
101,216,429.22899999999936,1,0.008173150,0
93,88,429.3709999999992,0,0.994121611,1
57,223,429.47100000000137,1,0.007727607,0
328,224,429.5139999999992,1,0.006877063,0
215,247,430.1860000000015,1,0.009846016,0
217,245,430.2540000000008,1,0.009148184,0
136,200,430.7920000000013,1,0.014080511,0
93,90,430.88600000000224,1,0.999474585,1
95,90,431.3480000000018,0,0.993013322,1
92,89,431.9400000000023,1,0.991048276,1
93,91,432.15100000000166,1,0.987601340,1
93,90,440.7649999999994,1,0.961575210,1
95,89,445.25800000000163,0,0.997308493,1
94,88,446.2560000000012,0,0.995003283,1
94,90,450.45400000000154,1,0.029719986,0
96,89,451.1990000000005,0,0.988223016,1
32,18,451.599000000002,1,0.009090563,0
130,26,451.8760000000002,1,0.009277226,0
168,30,452.02300000000105,1,0.009244322,0
215,34,452.1800000000003,1,0.008014836,0
107,25,452.6150000000016,0,0.978734255,1
234,47,452.6209999999992,1,0.009958514,0
34,48,452.65799999999945,1,0.003571629,0
172,54,452.8709999999992,1,0.008712344,0
54,55,452.89500000000044,1,0.009345554,0
147,56,452.9370000000017,1,0.008447607,0
48,61,453.112000000001,1,0.008842819,0
104,62,453.14900000000125,1,0.009276652,0
247,65,453.27000000000044,1,0.011478315,0
242,72,453.5020000000004,1,0.009232205,0
114,78,453.71299999999974,1,0.010207147,0
305,79,453.7459999999992,1,0.008030562,0
254,90,454.13300000000163,1,0.033824731,0
92,90,454.14800000000105,1,0.028553540,0
41,96,454.35499999999956,1,0.015362130,0
63,79,454.744999999999,1,0.018732714,0
116,112,454.9170000000013,1,0.031155789,0
141,115,455.00900000000183,1,0.006283251,0
142,116,455.0519999999997,1,0.005286278,0
287,117,455.0849999999991,1,0.009455608,0
7,126,455.40999999999985,1,0.008457499,0
98,127,455.4419999999991,1,0.009955443,0
255,128,455.47899999999936,1,0.009103949,0
145,135,455.71600000000035,1,0.012904823,0
287,139,455.8650000000016,1,0.009260621,0
105,146,456.130000000001,1,0.009062053,0
192,147,456.14900000000125,1,0.011917341,0
205,171,456.992000000002,1,0.007403449,0
10,136,457.03700000000026,1,0.009113908,0
208,174,457.099000000002,1,0.010227771,0
200,199,457.974000000002,1,0.007261355,0
40,246,459.65000000000146,1,0.007779045,0
8,252,459.8470000000016,1,0.007701333,0
61,15,462.14400000000023,1,0.042519011,0
96,88,463.3709999999992,0,0.980924249,1
24,52,463.46399999999994,1,0.011588068,0
287,56,463.60699999999997,1,0.008078435,0
279,58,463.6749999999993,1,0.008428649,0
97,89,464.3510000000024,0,0.999092221,1
95,87,464.88500000000204,0,0.999496818,1
94,88,465.89900000000125,1,0.999280751,1
201,128,466.14300000000003,1,0.046157230,0
107,24,466.7440000000024,0,0.941939294,1
258,163,467.380000000001,1,0.008661062,0
107,25,467.96900000000096,0,0.971517861,1
227,199,468.64500000000044,1,0.002975431,0
225,203,468.7649999999994,1,0.004039788,0
95,89,469.14300000000003,1,0.965052485,1
32,48,480.5730000000003,1,0.007888371,0
97,87,480.96500000000015,0,0.994202912,1
98,88,480.97899999999936,0,0.975160003,1
95,88,482.6660000000011,1,0.031546250,0
153,16,491.5430000000015,1,0.009156791,0
281,22,491.7360000000008,1,0.007574982,0
71,30,492.03199999999924,1,0.008679436,0
96,87,493.52000000000044,1,0.983160317,1
32,48,493.7950000000019,1,0.003620049,0
77,95,494.3209999999999,1,0.019735413,0
99,88,495.3090000000011,0,0.984598637,1
92,125,495.3820000000014,1,0.009455863,0
40,164,496.7510000000002,1,0.008580429,0
93,171,496.987000000001,1,0.008316266,0
152,213,498.46900000000096,1,0.014034902,0
305,219,498.6830000000009,1,0.010297705,0
97,89,498.89600000000064,1,0.032525416,0
160,209,500.0,1,0.008869984,0
285,14,502.1229999999996,1,0.010518104,0
307,18,502.2410000000018,1,0.010508226,0
72,27,502.5669999999991,1,0.048801251,0
243,49,503.3339999999989,1,0.009199972,0
216,52,503.4589999999989,1,0.009298225,0
264,61,503.77800000000207,1,0.009227082,0
193,63,503.82800000000134,1,0.008507630,0
233,65,503.90400000000227,1,0.009180854,0
238,69,504.03600000000006,1,0.009423644,0
107,23,504.15899999999965,0,0.979954422,1
108,24,504.3250000000007,0,0.987335205,1
116,77,504.32800000000134,1,0.014434624,0
261,86,504.65999999999985,1,0.011381908,0
107,25,504.90999999999985,1,0.987497985,1
53,94,504.9210000000021,1,0.009543975,0
21,96,505.0139999999992,1,0.010011553,0
91,102,505.2260000000024,1,0.011926676,0
179,128,506.1209999999992,1,0.045529369,0
322,133,506.3179999999993,1,0.011162414,0
216,135,506.3739999999998,1,0.044341508,0
280,135,506.39500000000044,1,0.014345457,0
227,141,506.59200000000055,1,0.035750609,0
74,143,506.65899999999965,1,0.014472138,0
328,149,506.8780000000006,1,0.010913693,0
31,152,506.97000000000116,1,0.013648257,0
240,194,508.4429999999993,1,0.007248356,0
200,220,509.369999999999,1,0.007153649,0
200,224,509.5010000000002,1,0.005614949,0
208,226,509.57900000000154,1,0.006776041,0
201,232,509.79799999999886,1,0.006818411,0
91,258,510.70500000000175,1,0.012741379,0
98,88,512.4360000000015,1,0.999618649,1
97,88,513.1569999999992,1,0.998981535,1
32,48,514.1360000000022,1,0.025659446,0
100,87,517.4279999999999,0,0.990503967,1
98,87,517.768,1,0.994958341,1
99,86,519.0339999999997,0,0.993448675,1
100,86,520.7299999999996,0,0.998032033,1
99,88,521.648000000001,1,0.971594155,1
101,87,522.982,0,0.773416579,0
32,48,527.6039999999994,1,0.004166333,0
101,86,527.9249999999993,0,0.989319801,1
17,18,531.5950000000012,1,0.008724728,0
100,87,532.5889999999999,1,0.999723971,1
160,51,532.7669999999998,1,0.009023306,0
99,86,533.9670000000006,1,0.999309540,1
134,91,534.1739999999991,1,0.061994854,0
72,97,534.3820000000014,1,0.018289264,0
18,103,534.6010000000024,1,0.014586216,0
102,86,535.3369999999995,0,0.991883039,1
109,23,535.5030000000006,0,0.852596223,0
100,85,536.9500000000007,0,0.964036942,1
66,172,537.023000000001,1,0.009271398,0
103,174,537.1010000000024,1,0.009121684,0
24,204,538.1650000000009,1,0.012876082,0
102,87,538.8189999999995,0,0.997464776,1
45,152,539.8300000000017,1,0.008492463,0
100,87,540.5950000000012,1,0.996499896,1
111,20,542.3320000000022,1,0.044260513,0
264,27,542.5640000000021,1,0.010664825,0
159,31,542.7099999999991,1,0.046780948,0
143,48,543.3169999999991,1,0.008676883,0
123,63,543.8280000000013,1,0.009027157,0
101,85,544.3280000000013,0,0.992479801,1
328,84,544.5650000000023,1,0.007295294,0
95,84,544.5800000000017,1,0.797670066,0
80,98,545.0620000000017,1,0.010926078,0
223,120,545.8349999999991,1,0.009629405,0
274,128,546.1399999999994,1,0.020624947,0
107,132,546.2839999999997,1,0.018502215,0
32,48,547.7620000000024,1,0.004742662,0
11,177,547.8580000000002,1,0.008651213,0
107,23,548.6140000000014,1,0.884818792,0
102,86,549.4340000000011,0,0.993816018,1
200,224,549.5090000000018,1,0.007038289,0
48,227,549.6150000000016,1,0.007696597,0
320,230,549.7220000000016,1,0.009792653,0
319,231,549.755000000001,1,0.004955848,0
89,237,549.9720000000016,1,0.007706801,0
309,256,550.643,1,0.009664383,0
125,257,550.6720000000023,1,0.013165686,0
100,85,550.8150000000023,1,0.033075240,0
103,86,551.4850000000006,0,0.996514022,1
108,23,554.0070000000014,1,0.044253703,0
102,87,557.4809999999998,1,0.998529792,1
101,86,558.3950000000004,1,0.999941826,1
104,86,559.4210000000021,0,0.997391224,1
102,86,561.976999999999,1,0.997276485,1
103,85,563.1160000000018,0,0.994692028,1
205,11,571.3480000000018,1,0.006853131,0
317,30,572.0190000000002,1,0.007225819,0
327,40,572.3680000000022,1,0.007083156,0
320,47,572.6219999999994,1,0.007276167,0
144,55,572.8990000000013,1,0.008942475,0
314,79,572.9840000000004,1,0.007658330,0
10,62,573.1520000000019,1,0.009970307,0
36,67,573.3359999999993,1,0.010792227,0
19,72,573.512999999999,1,0.009445230,0
73,74,573.5669999999991,1,0.008196902,0
287,80,573.7839999999997,1,0.007625998,0
283,84,573.9279999999999,1,0.009175343,0
102,86,573.9880000000012,1,0.999027133,1
100,86,573.9969999999994,1,0.995081782,1
49,112,574.9249999999993,1,0.015632220,0
268,158,576.5280000000021,1,0.008779578,0
191,163,576.7099999999991,1,0.010097596,0
167,169,576.9210000000021,1,0.009807803,0
101,231,579.112000000001,1,0.008037756,0
103,251,579.8300000000017,1,0.007659331,0
137,253,579.887999999999,1,0.008489649,0
110,22,580.7360000000008,0,0.453793049,0
104,84,581.9799999999996,0,0.988927603,1
167,12,582.0470000000023,1,0.019794701,0
223,16,582.1680000000015,1,0.009943383,0
154,16,582.1939999999995,1,0.043048095,0
216,24,582.4570000000022,1,0.010198846,0
223,32,582.7289999999994,1,0.010891530,0
109,21,582.8050000000003,0,0.407198101,0
32,49,583.3430000000008,1,0.004609889,0
67,64,583.8709999999992,1,0.009181661,0
239,83,584.5540000000001,1,0.009431481,0
56,121,585.8810000000012,1,0.009239388,0
104,86,586.0010000000002,1,0.035373475,0
182,135,586.3940000000002,1,0.038387373,0
340,141,586.5849999999991,1,0.010664382,0
9,143,586.6550000000025,1,0.013305319,0
314,159,587.2119999999995,1,0.007950798,0
231,176,587.8300000000017,1,0.008436543,0
89,184,588.1039999999994,1,0.008177279,0
256,186,588.1779999999999,1,0.008669005,0
93,190,588.3029999999999,1,0.008181466,0
288,198,588.5900000000001,1,0.007530334,0
305,253,590.5380000000005,1,0.009701424,0
106,85,590.8940000000002,0,0.751228154,0
104,85,591.5400000000009,1,0.969140649,1
104,84,599.0950000000012,1,0.999803364,1
107,84,600.0169999999998,0,0.984137833,1
109,22,600.2119999999995,1,0.788768232,0
105,85,600.5190000000002,1,0.999940038,1
107,85,600.7469999999994,0,0.984576762,1
32,48,602.9670000000006,1,0.026984675,0
106,85,604.2030000000013,1,0.966535032,1
105,84,606.0889999999999,1,0.034425173,0
106,85,610.7620000000024,1,0.914382458,1
314,4,611.1130000000012,1,0.007054898,0
107,83,612.3940000000002,0,0.975284815,1
108,84,613.3709999999992,0,0.991541088,1
96,74,613.5849999999991,1,0.007192906,0
103,85,613.9609999999993,1,0.932646632,1
107,85,614.9930000000022,1,0.982924044,1
32,141,615.9370000000017,1,0.008940122,0
15,142,615.974000000002,1,0.008762800,0
71,144,616.0450000000019,1,0.008763268,0
106,84,616.5400000000009,1,0.987762451,1
18,164,616.7469999999994,1,0.010112324,0
111,22,617.5470000000023,0,0.438505441,0
84,189,617.6270000000004,1,0.008604871,0
160,199,617.974000000002,1,0.008893582,0
79,208,618.3189999999995,1,0.013394537,0
111,213,618.4760000000024,1,0.013617985,0
116,214,618.5090000000018,1,0.013614252,0
228,247,619.6759999999995,1,0.003910308,0
240,211,621.7690000000002,0,0.285426438,0
107,84,621.9150000000009,1,0.996186078,1
24,17,622.2250000000022,1,0.044748951,0
107,85,622.5820000000022,1,0.999557674,1
65,35,622.862000000001,1,0.048018217,0
108,83,623.635000000002,0,0.990693629,1
137,78,624.3539999999994,1,0.010240441,0
109,83,624.4580000000024,0,0.997348189,1
311,112,625.5640000000021,1,0.008444278,0
166,127,626.0869999999995,1,0.056530543,0
106,83,626.393,1,0.036117449,0
11,144,626.6860000000015,1,0.013318347,0
160,144,626.6990000000005,1,0.032930087,0
8,252,627.9170000000013,1,0.007702197,0
97,181,628.012999999999,1,0.008163122,0
196,184,628.112000000001,1,0.008729496,0
39,224,629.5290000000023,1,0.007942250,0
110,22,630.6100000000006,1,0.044258229,0
108,84,631.2489999999998,1,0.917301059,1
109,83,635.2279999999992,0,0.996914387,1
110,83,635.3349999999991,0,0.998927295,1
111,84,638.3810000000012,0,0.737802088,0
108,83,639.1990000000005,1,0.965013564,1
109,84,642.4190000000017,1,0.038816344,0
32,48,643.8660000000018,1,0.003731031,0
110,82,649.0020000000004,0,0.892724216,0
61,8,649.1660000000011,1,0.009537811,0
111,83,650.1000000000022,0,0.927803159,1
110,84,650.8660000000018,1,0.900379419,1
112,83,651.0859999999993,0,0.983645558,1
135,24,651.8019999999997,1,0.009110017,0
112,21,651.8349999999991,0,0.913736165,1
223,32,652.0830000000024,1,0.007648103,0
304,33,652.137999999999,1,0.007567512,0
170,70,653.4390000000021,1,0.009257791,0
254,112,654.9150000000009,1,0.031031191,0
13,126,655.4020000000019,1,0.008066168,0
109,21,656.119999999999,1,0.959778070,1
32,151,656.2920000000013,1,0.008557440,0
110,83,657.9310000000005,1,0.982403874,1
111,22,660.5200000000004,1,0.884569705,0
235,7,661.862000000001,1,0.006736743,0
201,13,662.0669999999991,1,0.010349430,0
108,22,662.380000000001,1,0.044253353,0
230,32,662.7390000000014,1,0.010730925,0
242,37,662.9099999999999,1,0.011022752,0
335,45,663.2139999999999,1,0.006996733,0
45,61,663.7819999999992,1,0.008441683,0
112,64,663.862000000001,1,0.016771739,0
340,69,664.0620000000017,1,0.007134742,0
36,70,664.0960000000014,1,0.011200474,0
111,84,664.5640000000021,1,0.926213980,1
32,48,664.8739999999998,1,0.003606943,0
31,94,664.9459999999999,1,0.009593428,0
23,96,664.9979999999996,1,0.009185110,0
123,101,665.1850000000013,1,0.015939230,0
268,108,665.4130000000005,1,0.010322130,0
177,117,665.7520000000004,1,0.005564210,0
240,121,665.8860000000022,1,0.009474125,0
220,126,666.0610000000015,1,0.044395570,0
312,132,666.2860000000001,1,0.011624543,0
310,135,666.3729999999996,1,0.011749277,0
112,142,666.6160000000018,1,0.016147811,0
159,143,666.6530000000021,1,0.033304472,0
108,184,668.1110000000008,1,0.006675163,0
107,185,668.1500000000015,1,0.008146973,0
254,196,668.5290000000023,1,0.008802730,0
111,83,668.8860000000022,1,0.996643662,1
320,206,668.8960000000006,1,0.007466967,0
110,82,668.9229999999989,1,0.995721817,1
47,211,669.0509999999995,1,0.007784392,0
200,212,669.0960000000014,1,0.007277954,0
335,221,669.4140000000007,1,0.007049792,0
183,224,669.5040000000008,1,0.008912162,0
114,82,671.6980000000003,0,0.986212254,1
111,82,672.885000000002,1,0.992142200,1
112,81,673.0400000000009,0,0.992905498,1
114,81,677.393,0,0.987599969,1
115,82,681.4079999999994,0,0.990644336,1
112,82,682.5090000000018,1,0.056657378,0
112,81,689.1569999999992,1,0.992952764,1
113,82,690.617000000002,1,0.999560297,1
114,81,690.7030000000013,0,0.888349295,0
116,81,691.7790000000023,0,0.998713732,1
315,31,692.0590000000011,1,0.007416337,0
116,82,692.2050000000017,0,0.999283612,1
210,46,692.5790000000015,1,0.009196922,0
30,55,692.9089999999997,1,0.011911957,0
46,109,694.8070000000007,1,0.015436809,0
127,119,695.1530000000021,1,0.013229249,0
213,131,695.5889999999999,1,0.009084165,0
209,156,696.4639999999999,1,0.003589985,0
208,160,696.607,1,0.004833136,0
18,103,696.7170000000006,1,0.009946688,0
231,166,696.8100000000013,1,0.010618683,0
228,166,696.8199999999997,1,0.011220951,0
113,81,697.0159999999996,1,0.991452575,1
117,82,697.0190000000002,0,0.990047693,1
32,183,697.4079999999994,1,0.008203037,0
212,189,697.6280000000006,1,0.006059274,0
214,191,697.7000000000007,1,0.009093184,0
42,201,698.0440000000017,1,0.013150374,0
123,215,698.5440000000017,1,0.013663472,0
122,223,698.8320000000022,1,0.013545604,0
110,224,698.8640000000014,1,0.013421528,0
212,258,700.0540000000001,1,0.007230508,0
15,6,701.8189999999995,1,0.008896995,0
231,6,701.8379999999997,1,0.006719332,0
114,81,702.1900000000023,1,0.999611318,1
267,23,702.4360000000015,1,0.010612693,0
115,80,702.4989999999998,0,0.833662808,0
114,82,703.0800000000017,1,0.996858954,1
229,44,703.1759999999995,1,0.009609820,0
188,48,703.3150000000023,1,0.009115531,0
191,56,703.6059999999998,1,0.008806242,0
184,60,703.724000000002,1,0.009703577,0
176,60,703.7360000000008,1,0.008824341,0
187,61,703.7819999999992,1,0.008477901,0
209,68,704.0200000000004,1,0.007976742,0
212,71,704.1090000000004,1,0.009059942,0
37,78,704.362000000001,1,0.009700242,0
38,80,704.4279999999999,1,0.009713195,0
78,116,705.7099999999991,1,0.009497019,0
117,81,706.2390000000014,0,0.719951689,0
330,147,706.8040000000001,1,0.010836548,0
16,157,707.1450000000004,1,0.008592348,0
320,158,707.1870000000017,1,0.007824202,0
115,82,708.2530000000006,1,0.990216851,1
256,190,708.3230000000003,1,0.008546771,0
48,201,708.7099999999991,1,0.008588988,0
223,204,708.8209999999999,1,0.004406200,0
247,252,710.5020000000004,1,0.009140796,0
115,81,713.0910000000003,1,0.994141161,1
118,82,713.4470000000001,0,0.992453635,1
116,80,713.4979999999996,0,0.999400616,1
116,82,715.5400000000009,1,0.980410755,1
116,81,719.4629999999997,1,0.972468317,1
119,80,719.5830000000024,0,0.957549334,1
117,81,728.7390000000014,1,0.990240812,1
120,80,730.0889999999999,0,0.930413067,1
114,19,731.1399999999994,0,0.921729445,1
111,21,731.6980000000003,1,0.874434114,0
342,24,731.8120000000017,1,0.013005963,0
342,25,731.8379999999997,1,0.007696623,0
339,29,731.9809999999998,1,0.007245851,0
166,31,732.0570000000007,1,0.009748838,0
175,35,732.2040000000015,1,0.009410291,0
295,41,732.4099999999999,1,0.007530548,0
177,43,732.4789999999994,1,0.008655082,0
297,44,732.505000000001,1,0.007491703,0
258,44,732.5280000000021,1,0.008334230,0
98,47,732.6140000000014,1,0.009990690,0
3,47,732.6280000000006,1,0.010795006,0
301,48,732.6599999999999,1,0.007228338,0
116,80,733.0020000000004,1,0.996299446,1
14,62,733.1550000000025,1,0.010195009,0
208,63,733.1890000000021,1,0.009182199,0
104,258,733.260000000002,1,0.008442141,0
112,20,733.3300000000017,1,0.899416327,0
24,69,733.387999999999,1,0.009862151,0
144,69,733.3919999999998,1,0.014301711,0
339,72,733.5020000000004,1,0.007486088,0
117,80,733.7740000000013,1,0.978313208,1
115,80,733.7839999999997,1,0.997336447,1
114,81,733.8110000000015,1,0.985856771,1
117,82,733.8460000000014,1,0.966765285,1
21,93,734.2479999999996,1,0.014474860,0
119,80,734.3389999999999,0,0.713763833,0
72,107,734.7479999999996,1,0.017711535,0
11,141,735.9429999999993,1,0.008850813,0
222,143,736.0010000000002,1,0.009758994,0
268,144,736.0420000000013,1,0.009731550,0
263,145,736.0760000000009,1,0.009605025,0
98,151,736.2979999999989,1,0.009202094,0
316,156,736.4650000000001,1,0.008189052,0
47,173,737.0699999999997,1,0.008172601,0
258,184,737.4480000000003,1,0.008564328,0
291,259,740.1090000000004,1,0.006461763,0
155,21,742.3690000000024,1,0.044306695,0
247,62,743.8060000000005,1,0.011235964,0
148,79,744.3919999999998,1,0.070550881,0
115,81,744.4619999999995,1,0.980971634,1
118,82,744.510000000002,1,0.930064321,1
70,112,745.5630000000019,1,0.009977506,0
119,81,746.3539999999994,1,0.048507497,0
39,158,747.1810000000005,1,0.008115756,0
225,167,747.494999999999,1,0.007665091,0
88,208,748.9500000000007,1,0.008229521,0
119,80,750.081000000002,1,0.915735126,1
120,79,751.4660000000003,0,0.984424055,1
115,19,753.4520000000011,0,0.908694983,1
121,79,754.2580000000016,0,0.707608342,0
119,80,762.1739999999991,1,0.922712803,1
120,80,762.6800000000003,1,0.999807298,1
121,79,762.7200000000012,0,0.998113155,1
122,79,763.7350000000006,0,0.997768283,1
120,79,763.7780000000021,1,0.999027133,1
120,81,764.2170000000006,1,0.975286305,1
123,79,764.7129999999997,0,0.979289532,1
124,80,765.7870000000003,0,0.977051437,1
113,19,767.7580000000016,1,0.944131136,1
121,80,769.1219999999994,1,0.993730187,1
115,18,769.1589999999997,0,0.940988541,1
121,79,770.2380000000012,1,0.998970509,1
85,88,774.0669999999991,1,0.025700545,0
250,104,774.6209999999992,1,0.037658270,0
290,106,774.6929999999993,1,0.013247488,0
96,112,774.9099999999999,1,0.023220431,0
44,117,775.0889999999999,1,0.009577566,0
136,118,775.1219999999994,1,0.012744187,0
248,119,775.1579999999994,1,0.009183118,0
320,135,775.732,1,0.007946741,0
122,80,775.7800000000025,1,0.998148561,1
301,139,775.8640000000014,1,0.008530893,0
103,151,776.2819999999992,1,0.009006331,0
153,159,776.581000000002,1,0.009684813,0
121,79,777.2250000000022,1,0.996577799,1
120,183,777.4229999999989,1,0.008591580,0
11,186,777.518,1,0.008313078,0
224,191,777.7200000000012,1,0.003601831,0
16,192,777.7330000000002,1,0.008967511,0
303,199,777.9840000000004,1,0.007924708,0
236,214,778.510000000002,1,0.011836198,0
328,216,778.5950000000012,1,0.010372709,0
329,222,778.7900000000009,1,0.010290327,0
125,78,778.8029999999999,0,0.701155663,0
166,228,778.9979999999996,1,0.014114118,0
167,0,779.0090000000018,1,0.009238606,0
215,232,779.1389999999992,1,0.006988180,0
214,238,779.3580000000002,1,0.006918398,0
122,79,780.1029999999992,1,0.994728148,1
125,79,780.742000000002,0,0.986067235,1
123,78,781.4110000000001,0,0.995551348,1
172,3,781.7380000000012,1,0.008740542,0
221,6,781.8379999999997,1,0.006309346,0
229,7,781.880000000001,1,0.006525386,0
189,11,782.0040000000008,1,0.010991389,0
183,12,782.0460000000021,1,0.011717534,0
15,19,782.273000000001,1,0.045294560,0
75,20,782.3130000000019,1,0.021967687,0
24,20,782.3250000000007,1,0.021169715,0
76,21,782.344000000001,1,0.023975573,0
319,21,782.357,1,0.010388034,0
24,24,782.4520000000011,1,0.024403896,0
256,42,783.1059999999998,1,0.007899365,0
19,43,783.1370000000024,1,0.003581121,0
69,68,784.0070000000014,1,0.004500329,0
18,71,784.137999999999,1,0.009865783,0
187,75,784.2720000000008,1,0.009041441,0
81,84,784.5830000000024,1,0.012972493,0
73,106,785.344000000001,1,0.010245878,0
258,113,785.6160000000018,1,0.009489011,0
145,117,785.742000000002,1,0.014211446,0
47,133,786.3199999999997,1,0.013947721,0
81,151,786.9530000000013,1,0.014477634,0
124,78,788.8810000000012,0,0.987652659,1
89,184,789.6980000000003,1,0.008612599,0
281,244,790.2089999999989,1,0.010098243,0
116,19,790.3300000000017,0,0.401051611,0
199,250,790.4419999999991,1,0.011296043,0
304,251,790.4670000000006,1,0.009736270,0
74,106,797.1280000000006,1,0.010254060,0
127,78,797.1790000000001,0,0.942762673,1
125,78,798.206000000002,0,0.989135146,1
124,79,798.2819999999992,1,0.999950767,1
123,80,798.3179999999993,1,0.997033477,1
123,78,799.1850000000013,1,0.984122872,1
128,78,803.9320000000007,0,0.928361356,1
125,79,804.0600000000013,1,0.999889851,1
126,78,804.4670000000006,0,0.992578447,1
124,78,805.1939999999995,1,0.995118260,1
124,80,806.1729999999989,1,0.992122352,1
125,78,810.3770000000004,1,0.049444765,0
127,79,811.0869999999995,0,0.994186401,1
252,27,811.9180000000015,1,0.007321725,0
51,37,812.2710000000006,1,0.008518931,0
114,94,814.2790000000023,1,0.042717751,0
303,114,814.9830000000002,1,0.011931875,0
126,79,815.6219999999994,1,0.993314564,1
129,77,816.4130000000005,0,0.985456645,1
23,162,816.6749999999993,1,0.008019933,0
188,220,818.7260000000024,1,0.013494726,0
172,221,818.7590000000018,1,0.014507301,0
183,224,818.8539999999994,1,0.008629909,0
183,227,818.976999999999,1,0.010960011,0
228,240,819.4269999999997,1,0.004091434,0
116,19,822.2610000000022,1,0.044266611,0
127,24,822.4720000000016,1,0.044311903,0
202,28,822.5910000000003,1,0.011558994,0
36,28,822.6140000000014,1,0.047493547,0
246,37,822.9089999999997,1,0.010865285,0
262,48,823.2989999999991,1,0.008333339,0
8,54,823.5080000000016,1,0.010712747,0
288,54,823.5139999999992,1,0.009135900,0
290,56,823.6039999999994,1,0.007005341,0
49,60,823.7210000000014,1,0.005322719,0
199,68,824.0030000000006,1,0.008372959,0
193,69,824.0610000000015,1,0.008521965,0
175,71,824.1140000000014,1,0.009240413,0
127,79,824.3870000000024,1,0.995367765,1
238,79,824.4099999999999,1,0.009564222,0
117,80,824.4439999999995,1,0.012903194,0
111,85,824.6049999999996,1,0.006748111,0
306,86,824.637999999999,1,0.008226805,0
108,99,825.1010000000024,1,0.013677353,0
260,101,825.1729999999989,1,0.008840467,0
163,104,825.2750000000015,1,0.006611831,0
263,104,825.2900000000009,1,0.010191858,0
311,106,825.3650000000016,1,0.009004471,0
13,134,826.3590000000004,1,0.013412281,0
198,135,826.3709999999992,1,0.028938506,0
298,140,826.5479999999989,1,0.012307554,0
316,160,827.2520000000004,1,0.007896335,0
10,136,827.5869999999995,1,0.008044107,0
128,78,827.862000000001,0,0.999986291,1
206,184,828.1059999999998,1,0.008541774,0
118,194,828.4680000000008,1,0.008305101,0
216,199,828.6280000000006,1,0.009064866,0
127,78,828.7469999999994,1,0.999953985,1
126,78,829.8050000000003,1,0.999950767,1
276,237,829.987000000001,1,0.007099275,0
279,240,830.0689999999995,1,0.010191146,0
151,253,830.5240000000013,1,0.013397984,0
117,18,831.0790000000015,0,0.972290993,1
127,77,832.5659999999989,1,0.993892908,1
131,77,833.0190000000002,0,0.988623738,1
128,78,833.7150000000001,1,0.998863697,1
129,77,834.8159999999989,0,0.991582811,1
131,76,835.8539999999994,0,0.991473556,1
128,78,839.3780000000006,1,0.992708802,1
131,77,844.1419999999998,0,0.997727931,1
132,76,845.5190000000002,0,0.998874485,1
128,77,846.143,1,0.052377213,0
131,78,846.7530000000006,0,0.991103172,1
129,77,848.6490000000013,1,0.999954462,1
129,78,848.8330000000024,1,0.999444067,1
130,76,850.8009999999995,0,0.687938631,0
117,19,851.6239999999998,1,0.995463669,1
118,18,852.0440000000017,0,0.992983460,1
29,56,852.9370000000017,1,0.009315916,0
127,78,853.7139999999999,1,0.999962449,1
126,79,853.744999999999,1,0.999412775,1
122,80,853.7839999999997,1,0.840672433,0
130,78,854.6990000000005,1,0.999997735,1
133,76,855.0550000000003,0,0.994484842,1
129,77,855.4510000000009,1,0.999102712,1
116,19,856.9350000000013,1,0.967802584,1
12,206,858.2210000000014,1,0.012695849,0
53,213,858.4789999999994,1,0.013047401,0
134,76,859.9439999999995,0,0.947038233,1
200,224,860.6310000000012,1,0.007451235,0
132,78,861.5499999999993,0,0.983385980,1
281,8,861.9079999999994,1,0.007645404,0
74,12,862.030999999999,1,0.016838085,0
73,13,862.0889999999999,1,0.011076912,0
76,16,862.1880000000019,1,0.036371954,0
41,29,862.6270000000004,1,0.047672059,0
118,30,862.6870000000017,1,0.045481313,0
137,36,862.8739999999998,1,0.048509032,0
134,38,862.9680000000008,1,0.049014058,0
55,65,863.9010000000017,1,0.006767388,0
160,70,864.094000000001,1,0.009517414,0
122,79,864.393,1,0.068136044,0
115,84,864.5839999999989,1,0.008949535,0
207,111,865.518,1,0.008938284,0
276,127,866.0980000000018,1,0.019899491,0
39,134,866.3450000000012,1,0.013773291,0
75,139,866.5110000000022,1,0.014617098,0
133,77,867.8529999999992,0,0.996170223,1
201,190,868.3070000000007,1,0.007521081,0
345,192,868.3909999999996,1,0.007391684,0
130,76,868.6080000000002,1,0.998544455,1
131,77,869.2819999999992,1,0.999290943,1
341,224,869.505000000001,1,0.007096714,0
39,231,869.7530000000006,1,0.007640200,0
119,18,869.8680000000022,0,0.949261844,1
131,78,870.7900000000009,1,0.997144997,1
285,229,870.9930000000022,1,0.010162907,0
135,76,872.3729999999996,0,0.999541879,1
135,75,873.5339999999997,0,0.999808729,1
132,78,873.8379999999997,1,0.959606111,1
133,76,877.7380000000012,0,0.994654894,1
131,76,878.005000000001,1,0.052598737,0
134,77,878.6800000000003,0,0.999210715,1
119,18,879.3199999999997,0,0.950763166,1
132,76,880.1180000000022,1,0.998881161,1
118,18,880.4880000000012,1,0.993379116,1
136,75,884.2400000000016,0,0.973265588,1
133,76,884.8690000000024,1,0.994911015,1
231,73,893.5450000000019,1,0.009703091,0
66,96,894.3500000000022,1,0.017567556,0
135,76,894.7309999999998,0,0.973244250,1
134,76,895.625,1,0.994757831,1
136,77,897.0630000000019,0,0.969032347,1
216,243,899.5250000000015,1,0.007592161,0
200,224,900.7489999999998,1,0.007541222,0
202,8,901.9130000000005,1,0.006568946,0
138,74,902.4200000000019,0,0.674493670,0
135,76,902.7910000000011,1,0.997814059,1
120,17,902.9520000000011,0,0.395673215,0
18,55,903.5650000000023,1,0.012111266,0
53,57,903.6409999999996,1,0.005787120,0
134,76,903.6620000000003,1,0.987394691,1
130,77,904.3189999999995,1,0.886664331,0
292,87,904.6929999999993,1,0.008879853,0
275,92,904.8529999999992,1,0.009863640,0
119,18,906.0040000000008,1,0.044263851,0
333,134,906.3290000000015,1,0.010728313,0
176,151,906.9459999999999,1,0.028813081,0
142,152,906.987000000001,1,0.020293020,0
15,156,907.119999999999,1,0.007935546,0
313,195,908.482,1,0.007654899,0
311,199,908.6310000000012,1,0.007779034,0
15,220,909.3630000000012,1,0.008020688,0
103,220,909.3680000000022,1,0.008252797,0
310,223,909.4710000000014,1,0.006983281,0
276,229,909.5820000000022,1,0.007145894,0
56,236,909.9350000000013,1,0.007946729,0
139,75,912.2200000000012,0,0.952468693,1
139,74,912.9680000000008,0,0.965465128,1
135,75,914.7760000000017,1,0.998030245,1
136,76,916.135000000002,1,0.999692440,1
137,75,916.255000000001,0,0.999533772,1
136,77,916.6970000000001,1,0.998720586,1
138,75,920.4750000000022,0,0.987669766,1
140,74,921.0460000000021,0,0.981805503,1
120,18,923.5640000000021,1,0.955249131,1
137,76,924.5910000000003,1,0.992769539,1
137,75,925.4840000000004,1,0.995049179,1
97,3,925.6280000000006,1,0.009213547,0
141,74,929.7940000000017,0,0.977448106,1
137,75,931.3539999999994,1,0.964649200,1
120,24,931.8080000000009,1,0.017286569,0
116,38,932.3080000000009,1,0.008850613,0
303,39,932.3430000000008,1,0.007542117,0
140,75,932.5070000000014,0,0.996968210,1
139,75,932.5080000000016,0,0.995952129,1
304,105,934.6670000000013,1,0.011857276,0
226,110,934.8320000000022,1,0.044443894,0
160,116,935.0550000000003,1,0.019690596,0
138,76,935.4639999999999,1,0.957467377,1
150,140,935.9000000000015,1,0.012508073,0
183,152,936.3330000000024,1,0.011674537,0
31,190,937.6690000000017,1,0.008569643,0
241,216,938.5910000000003,1,0.013670973,0
66,251,939.8179999999993,1,0.007835533,0
138,75,941.9180000000015,1,0.969139516,1
122,17,942.0849999999991,0,0.395298839,0
142,73,942.1690000000017,0,0.665362120,0
147,16,942.1720000000023,1,0.044226013,0
311,24,942.456000000002,1,0.010456078,0
3,28,942.6150000000016,1,0.033661235,0
190,37,942.9290000000001,1,0.032554682,0
304,39,942.982,1,0.010596617,0
140,75,943.1100000000006,0,0.993196130,1
292,45,943.2129999999997,1,0.007648607,0
35,53,943.4880000000012,1,0.004677922,0
139,75,943.5010000000002,1,0.997466207,1
139,76,943.7430000000022,1,0.992800593,1
32,48,943.9959999999992,1,0.003631809,0
275,67,943.9969999999994,1,0.008807074,0
15,93,944.9120000000003,1,0.009018779,0
328,100,945.1500000000015,1,0.007473716,0
6,103,945.2620000000024,1,0.008550663,0
162,110,945.482,1,0.009557016,0
159,112,945.5560000000005,1,0.019636935,0
160,114,945.6340000000018,1,0.018275144,0
283,115,945.6620000000003,1,0.010129236,0
178,119,945.8019999999997,1,0.005306199,0
12,132,946.262999999999,1,0.013433745,0
108,154,947.0620000000017,1,0.007407430,0
108,158,947.1939999999995,1,0.006864379,0
123,175,947.7989999999991,1,0.008598199,0
90,177,947.851999999999,1,0.008476875,0
139,75,948.5349999999999,1,0.981038690,1
210,203,948.7659999999996,1,0.007716017,0
11,203,948.7819999999992,1,0.007704628,0
44,204,948.8270000000011,1,0.008088578,0
207,213,949.130000000001,1,0.006977764,0
190,255,950.6039999999994,1,0.012669923,0
186,256,950.6470000000008,1,0.013102570,0
143,74,953.6870000000017,0,0.996434927,1
143,73,954.9570000000022,0,0.998912573,1
139,74,956.0800000000017,1,0.970115125,1
142,75,959.6550000000025,0,0.963564754,1
138,74,960.3019999999997,1,0.901202202,1
144,73,961.4380000000019,0,0.878693640,0
121,17,965.0790000000015,1,0.988688648,1
141,75,966.8320000000022,1,0.997063339,1
123,17,967.3019999999997,0,0.989069164,1
141,74,967.3379999999997,1,0.976120412,1
144,73,968.8240000000005,0,0.955895603,1
143,75,968.9380000000019,0,0.994750559,1
143,76,969.6929999999993,0,0.996115327,1
144,72,970.3460000000014,0,0.654951930,0
144,74,971.7690000000002,0,0.975620568,1
15,23,971.7700000000004,1,0.008513279,0
28,55,972.8960000000006,1,0.011701548,0
218,86,974.0040000000008,1,0.049145773,0
143,74,974.2380000000012,0,0.672904134,0
176,102,974.5560000000005,1,0.077340037,0
184,103,974.5920000000006,1,0.057353560,0
183,107,974.737000000001,1,0.063518122,0
178,108,974.7740000000013,1,0.083262049,0
140,73,977.4190000000017,1,0.945043325,1
142,74,978.7299999999996,1,0.054701287,0
144,75,979.5390000000007,0,0.980172217,1
145,72,981.5370000000003,0,0.937378764,1
307,23,982.4239999999991,1,0.010485646,0
207,40,983.0319999999992,1,0.010146950,0
201,44,983.1620000000003,1,0.009383646,0
146,73,985.9340000000011,0,0.891590536,0
218,123,985.9660000000003,1,0.009610260,0
121,165,987.4480000000003,1,0.009420297,0
42,174,987.7590000000018,1,0.008279338,0
143,75,987.9010000000017,1,0.998580098,1
143,74,988.4599999999991,1,0.999996424,1
124,17,988.6769999999997,0,0.951472402,1
142,73,989.8050000000003,1,0.997623742,1
57,252,990.4940000000024,1,0.012447841,0
146,72,992.1840000000011,0,0.913480461,1
145,75,992.357,0,0.981957555,1
147,72,996.3290000000015,0,0.884587169,0
143,73,996.8460000000014,1,0.997285962,1
144,74,997.3349999999991,1,0.995022535,1
124,16,1000.6670000000013,0,0.950675964,1
144,73,1001.1150000000016,1,0.981701493,1
144,75,1002.8500000000022,1,0.055746745,0
144,74,1005.0560000000005,1,0.971171021,1
146,75,1005.1909999999989,0,0.986963928,1
147,73,1010.8199999999997,0,0.934545219,1
148,72,1011.6039999999994,0,0.990978599,1
145,74,1011.7839999999997,1,0.992784142,1
145,75,1012.1340000000018,1,0.997477353,1
159,45,1012.5440000000017,1,0.008503134,0
143,76,1013.1219999999994,1,0.993753135,1
144,72,1013.5070000000014,1,0.952924430,1
332,77,1013.6749999999993,1,0.006996126,0
113,93,1014.2489999999998,1,0.041779645,0
147,74,1016.143,0,0.987491012,1
149,72,1017.8130000000019,0,0.977619171,1
241,213,1018.4760000000024,1,0.012741025,0
122,16,1018.9760000000024,1,0.044229198,0
145,73,1019.3430000000008,1,0.992488146,1
15,240,1019.4220000000023,1,0.007545655,0
124,17,1020.5740000000005,1,0.982914150,1
146,74,1023.2210000000014,1,0.998532414,1
146,75,1023.7440000000024,1,0.999711931,1
145,72,1024.1399999999994,1,0.990018070,1
144,73,1024.1749999999993,1,0.994845748,1
149,71,1024.4320000000007,0,0.949428618,1
122,17,1024.9830000000002,1,0.987786412,1
9,134,1026.3539999999994,1,0.013381299,0
10,136,1026.403000000002,1,0.013376867,0
227,144,1026.6850000000013,1,0.034154095,0
310,160,1027.2489999999998,1,0.007997056,0
149,72,1028.5519999999997,0,0.996176124,1
148,74,1028.6690000000017,0,0.999392152,1
244,214,1029.170000000002,1,0.006135998,0
195,223,1029.4850000000006,1,0.007482373,0
146,72,1029.530999999999,1,0.970892012,1
148,73,1029.5499999999993,0,0.999699950,1
146,73,1030.7849999999999,1,0.983950019,1
147,73,1035.5319999999992,1,0.987821162,1
149,73,1036.5820000000022,0,0.980148852,1
149,74,1038.476999999999,0,0.668328762,0
126,17,1038.6049999999996,0,0.394461304,0
145,74,1043.4860000000008,1,0.974161267,1
148,74,1044.190999999999,1,0.985420406,1
151,72,1045.679,0,0.985108674,1
123,17,1046.0,1,0.044239618,0
148,73,1046.0020000000004,1,0.995401859,1
149,73,1046.8270000000011,0,0.976522207,1
151,71,1046.9660000000003,0,0.951728702,1
105,2,1051.0499999999993,1,0.009511176,0
134,32,1052.0910000000003,1,0.009472040,0
55,36,1052.2289999999994,1,0.008709408,0
135,39,1052.3400000000001,1,0.008639990,0
32,48,1052.6490000000013,1,0.004267164,0
63,51,1052.7610000000022,1,0.008514337,0
31,54,1052.867000000002,1,0.005843272,0
148,72,1052.8709999999992,1,0.913560033,1
150,74,1053.2590000000018,0,0.967385709,1
135,77,1053.6870000000017,1,0.010043774,0
155,97,1054.385000000002,1,0.094057947,0
148,73,1054.9910000000018,1,0.986199021,1
328,140,1055.9050000000025,1,0.007793612,0
149,73,1056.5370000000003,1,0.994858146,1
150,73,1056.791000000001,0,0.960950613,1
120,174,1057.0910000000003,1,0.009390815,0
148,71,1057.2150000000001,1,0.961131871,1
58,180,1057.3150000000023,1,0.008742992,0
184,187,1057.576000000001,1,0.009116686,0
301,208,1058.296000000002,1,0.010521970,0
151,73,1058.3019999999997,0,0.971249938,1
302,212,1058.440999999999,1,0.010451728,0
152,71,1059.2979999999989,0,0.971951842,1
149,74,1060.0010000000002,1,0.994890809,1
186,256,1060.880000000001,1,0.008550687,0
149,73,1061.1690000000017,1,0.996139109,1
21,7,1061.8709999999992,1,0.008935311,0
7,8,1061.887999999999,1,0.007565597,0
3,8,1061.8970000000008,1,0.006933774,0
4,29,1062.635000000002,1,0.033597115,0
215,37,1062.9310000000005,1,0.012120061,0
208,40,1063.0200000000004,1,0.010223109,0
39,47,1063.268,1,0.008671762,0
148,48,1063.298999999999,1,0.009025118,0
296,52,1063.438000000002,1,0.007577911,0
24,52,1063.4619999999995,1,0.010212220,0
152,72,1063.5560000000005,0,0.916833878,1
201,63,1063.8359999999993,1,0.008594277,0
314,68,1064.0030000000006,1,0.007570266,0
144,69,1064.0370000000003,1,0.013285190,0
148,78,1064.3690000000024,1,0.011298712,0
196,80,1064.4320000000007,1,0.009075564,0
204,84,1064.5699999999997,1,0.009000344,0
192,86,1064.6490000000013,1,0.009236127,0
119,88,1064.7129999999997,1,0.005445554,0
96,94,1064.9249999999993,1,0.013787673,0
244,104,1065.2930000000015,1,0.008742474,0
240,108,1065.411,1,0.007118470,0
151,73,1065.5550000000003,0,0.974881291,1
151,74,1065.5879999999997,0,0.988516212,1
28,114,1065.6460000000006,1,0.009655673,0
280,124,1066.0020000000004,1,0.016849976,0
126,17,1068.5380000000005,1,0.933780134,1
150,74,1070.1939999999995,1,0.093312316,0
149,73,1070.8899999999994,1,0.058911841,0
152,74,1076.7250000000022,0,0.909695208,1
152,73,1078.5390000000007,0,0.658908725,0
130,23,1079.4220000000023,1,0.012963916,0
210,4,1091.099000000002,1,0.006400967,0
16,7,1091.2129999999997,1,0.008982987,0
293,24,1091.8009999999995,1,0.007499798,0
153,73,1093.0319999999992,0,0.961961925,1
151,74,1093.237000000001,1,0.964982688,1
150,72,1093.4989999999998,1,0.928963900,1
47,95,1094.3029999999999,1,0.015812470,0
151,158,1096.5560000000005,1,0.009778800,0
0,159,1096.5640000000021,1,0.009275993,0
151,73,1098.7440000000024,1,0.056540303,0
153,72,1102.6460000000006,0,0.650163829,0
165,48,1103.3189999999995,1,0.008673258,0
172,92,1104.8709999999992,1,0.009875980,0
65,115,1105.6640000000007,1,0.009122198,0
284,120,1105.8369999999995,1,0.009921452,0
327,124,1105.9799999999996,1,0.008020120,0
281,125,1106.041000000001,1,0.016320581,0
140,133,1106.3220000000001,1,0.030526172,0
118,152,1106.9830000000002,1,0.014978002,0
139,192,1108.3760000000002,1,0.008294147,0
154,72,1108.4120000000003,0,0.983093381,1
155,70,1108.8539999999994,0,0.863263369,0
155,72,1109.0960000000014,0,0.998721659,1
30,219,1109.3359999999993,1,0.007620157,0
154,73,1110.6759999999995,0,0.911854386,1
154,74,1112.3100000000013,0,0.991400778,1
152,72,1112.786,1,0.999111593,1
152,71,1113.8719999999994,1,0.989181578,1
127,16,1114.351999999999,1,0.044220753,0
153,72,1119.7040000000015,1,0.968558848,1
153,73,1120.9040000000023,1,0.994943559,1
130,15,1125.9789999999994,0,0.786732912,0
155,72,1126.7890000000007,0,0.970139623,1
155,74,1128.4599999999991,0,0.974491477,1
153,71,1128.5730000000003,1,0.995385110,1
153,72,1129.1820000000007,1,0.989652455,1
241,5,1131.135000000002,1,0.006769642,0
176,28,1131.9530000000013,1,0.009287987,0
156,72,1133.1209999999992,0,0.952362180,1
157,71,1133.492000000002,0,0.993258953,1
153,74,1133.571,1,0.969286740,1
152,74,1133.5830000000024,1,0.970843911,1
39,189,1137.6419999999998,1,0.007972140,0
317,197,1137.933000000001,1,0.007776730,0
157,70,1137.9350000000013,0,0.965568364,1
153,234,1139.2220000000016,1,0.007899219,0
177,40,1143.023000000001,1,0.009262047,0
214,54,1143.5329999999994,1,0.009169388,0
156,88,1144.7340000000004,1,0.018866165,0
88,94,1144.9360000000015,1,0.012949732,0
104,96,1144.992000000002,1,0.014808772,0
252,108,1145.4140000000007,1,0.009357950,0
279,112,1145.5529999999999,1,0.010827964,0
53,114,1145.6389999999992,1,0.010062918,0
246,121,1145.8940000000002,1,0.009404331,0
328,134,1146.3529999999992,1,0.010906921,0
157,71,1147.349000000002,0,0.934261620,1
89,184,1148.0930000000008,1,0.008220552,0
156,72,1149.2299999999996,0,0.979644060,1
30,220,1149.3729999999996,1,0.007959535,0
32,48,1160.3270000000011,1,0.005826770,0
155,71,1161.809000000001,1,0.965421379,1
155,74,1163.559000000001,1,0.923186481,1
132,15,1164.3950000000004,0,0.995028317,1
132,16,1165.0240000000013,0,0.998279929,1
151,48,1170.9850000000006,1,0.047696762,0
119,56,1172.941999999999,1,0.008536756,0
119,58,1173.0080000000016,1,0.008649949,0
207,61,1173.1260000000002,1,0.008949637,0
135,76,1173.6399999999994,1,0.011042819,0
330,90,1174.130000000001,1,0.010444879,0
254,104,1174.630000000001,1,0.033238415,0
106,104,1174.6389999999992,1,0.033548914,0
131,15,1175.0220000000008,1,0.948195934,1
157,72,1175.5750000000007,0,0.875260949,0
280,132,1175.619999999999,1,0.010209730,0
94,158,1176.530999999999,1,0.011877838,0
327,4,1181.755000000001,1,0.007453984,0
158,72,1181.8270000000011,0,0.980539680,1
335,6,1181.8400000000001,1,0.007177232,0
133,15,1182.4150000000009,0,0.388192832,0
132,16,1184.4880000000012,1,0.965357363,1
310,88,1184.7360000000008,1,0.008101957,0
311,110,1185.5020000000004,1,0.008630414,0
0,243,1190.1729999999989,1,0.012343952,0
320,258,1190.7080000000024,1,0.009680903,0
156,71,1191.9370000000017,1,0.956362545,1
133,15,1192.655999999999,0,0.974623978,1
160,70,1193.5159999999996,0,0.347836226,0
134,15,1197.5620000000017,0,0.976772726,1
158,72,1198.0499999999993,0,0.647056520,0
157,72,1204.183000000001,1,0.961945117,1
134,15,1206.7430000000022,0,0.387774438,0
159,72,1208.2440000000024,0,0.983122051,1
134,14,1208.296000000002,0,0.979151487,1
157,71,1213.0149999999994,1,0.953580201,1
144,142,1215.9940000000024,1,0.011380047,0
275,149,1216.224000000002,1,0.009128370,0
313,150,1216.244999999999,1,0.007983368,0
135,150,1216.2669999999998,1,0.009442643,0
247,156,1216.464,1,0.009729560,0
167,167,1216.8480000000018,1,0.009958148,0
239,184,1217.4710000000014,1,0.009250647,0
248,187,1217.5529999999999,1,0.008973856,0
45,188,1217.6039999999994,1,0.008296623,0
251,192,1217.7340000000004,1,0.008843112,0
327,228,1218.9989999999998,1,0.010197824,0
178,248,1219.7150000000001,1,0.008446544,0
135,15,1220.9079999999994,0,0.968893945,1
159,73,1221.5400000000009,0,0.972556233,1
135,6,1221.815999999999,1,0.006556583,0
136,6,1221.8369999999995,1,0.015572775,0
27,10,1221.9660000000003,1,0.009086114,0
248,14,1222.1090000000004,1,0.010174276,0
133,15,1222.1330000000016,1,0.973108053,1
247,16,1222.1870000000017,1,0.010208616,0
73,22,1222.4079999999994,1,0.044461869,0
41,24,1222.4550000000017,1,0.047452074,0
258,24,1222.4670000000006,1,0.010550478,0
256,31,1222.6939999999995,1,0.010655462,0
273,32,1222.7299999999996,1,0.010890133,0
231,45,1223.1990000000005,1,0.009500012,0
239,63,1223.8510000000024,1,0.008780835,0
279,85,1224.6280000000006,1,0.009410948,0
133,107,1225.3830000000016,1,0.016124101,0
304,108,1225.4180000000015,1,0.008318330,0
160,116,1225.7080000000024,1,0.018101439,0
63,119,1225.8140000000021,1,0.009040903,0
298,126,1226.048999999999,1,0.012437085,0
53,134,1226.3349999999991,1,0.014136457,0
289,136,1226.403000000002,1,0.013562258,0
295,141,1226.5879999999997,1,0.012636511,0
286,142,1226.6409999999996,1,0.013706291,0
325,152,1226.9890000000014,1,0.010992473,0
200,158,1227.184000000001,1,0.008453149,0
57,158,1227.201000000001,1,0.008251204,0
247,166,1227.4809999999998,1,0.009723585,0
96,166,1227.4809999999998,1,0.008520425,0
31,175,1227.7800000000025,1,0.008321927,0
315,176,1227.8410000000003,1,0.007371685,0
313,178,1227.898000000001,1,0.007524687,0
246,180,1227.9670000000006,1,0.009477039,0
129,206,1228.8760000000002,1,0.008135410,0
280,222,1229.4400000000023,1,0.007025750,0
175,228,1229.6510000000017,1,0.008471974,0
88,246,1230.2800000000025,1,0.012872355,0
89,248,1230.3480000000018,1,0.012850076,0
87,252,1230.5139999999992,1,0.012763844,0
157,71,1244.867000000002,1,0.950778365,1
136,14,1248.4540000000015,0,0.902053714,1
184,32,1252.1029999999992,1,0.009437311,0
34,56,1252.9320000000007,1,0.006366191,0
40,61,1253.117000000002,1,0.009233156,0
159,70,1253.4220000000023,1,0.678518951,0
200,70,1253.441999999999,1,0.009288324,0
154,72,1253.5040000000008,1,0.604304075,0
119,83,1253.898000000001,1,0.005171719,0
94,93,1254.2440000000024,1,0.030680075,0
140,139,1255.8650000000016,1,0.011595717,0
91,191,1257.6949999999997,1,0.008276662,0
276,199,1257.9789999999994,1,0.007489363,0
210,216,1258.5750000000007,1,0.010438282,0
316,45,1263.1980000000003,1,0.007270149,0
50,55,1263.5430000000015,1,0.009163965,0
206,63,1263.8480000000018,1,0.008927068,0
92,88,1264.7260000000024,1,0.013411719,0
69,96,1265.018,1,0.010338222,0
69,102,1265.2070000000022,1,0.010074272,0
135,15,1266.4619999999995,1,0.044204790,0
246,142,1266.6330000000016,1,0.020334499,0
72,167,1267.5240000000013,1,0.008619047,0
303,173,1267.732,1,0.008138581,0
333,178,1267.885000000002,1,0.007664783,0
256,185,1268.1280000000006,1,0.008523609,0
280,199,1269.1729999999989,1,0.007614311,0
136,15,1290.1049999999996,1,0.044204641,0
138,14,1291.1690000000017,0,0.951089561,1
125,73,1293.5400000000009,1,0.009123778,0
247,135,1295.7200000000012,1,0.009665514,0
278,173,1297.0620000000017,1,0.008191772,0
162,177,1297.2030000000013,1,0.009241050,0
180,189,1297.6190000000024,1,0.008993576,0
47,190,1297.655999999999,1,0.008339969,0
344,230,1299.0720000000001,1,0.006759941,0
46,186,1299.0790000000015,1,0.008146056,0
271,3,1301.7099999999991,1,0.010566001,0
272,4,1301.75,1,0.003003219,0
270,4,1301.7750000000015,1,0.008350494,0
88,8,1301.905999999999,1,0.009471772,0
310,10,1301.9570000000022,1,0.007163087,0
168,14,1302.119999999999,1,0.019047588,0
295,20,1302.3320000000022,1,0.010503264,0
177,30,1302.6820000000007,1,0.036194175,0
254,37,1302.9320000000007,1,0.010854928,0
256,38,1302.9619999999995,1,0.010919572,0
84,42,1303.1080000000002,1,0.009154281,0
192,51,1303.411,1,0.008958387,0
174,55,1303.5470000000023,1,0.008832252,0
20,66,1303.933000000001,1,0.010289569,0
282,71,1304.1080000000002,1,0.008931899,0
32,48,1304.1450000000004,1,0.007727582,0
312,80,1304.4429999999993,1,0.007714149,0
253,90,1304.7930000000015,1,0.008964175,0
114,91,1304.8359999999993,1,0.006453014,0
175,110,1305.505000000001,1,0.006048863,0
91,117,1305.732,1,0.010145787,0
89,154,1307.0400000000009,1,0.009014723,0
59,158,1307.1929999999993,1,0.008281441,0
48,160,1307.2700000000004,1,0.008241182,0
312,167,1307.4940000000024,1,0.008066282,0
206,213,1309.1190000000024,1,0.006944107,0
183,224,1310.831000000002,1,0.013912410,0
137,15,1324.041000000001,1,0.996737301,1
73,51,1328.5900000000001,1,0.008524890,0
140,14,1329.4010000000017,0,0.956234694,1
32,48,1331.9599999999991,1,0.005884032,0
30,76,1333.6370000000024,1,0.010150203,0
272,93,1334.2400000000016,1,0.019825496,0
295,104,1334.6440000000002,1,0.012679125,0
304,105,1334.6620000000003,1,0.011869647,0
250,135,1335.7170000000006,1,0.011041059,0
155,150,1336.2510000000002,1,0.011522581,0
3,167,1336.8719999999994,1,0.008102160,0
191,199,1337.9789999999994,1,0.008243014,0
184,204,1338.153000000002,1,0.013964408,0
216,213,1338.476999999999,1,0.010480982,0
137,14,1339.0139999999992,1,0.963526726,1
195,236,1339.296000000002,1,0.007426735,0
82,5,1341.8050000000003,1,0.009726739,0
278,11,1342.0070000000014,1,0.010412858,0
312,12,1342.0370000000003,1,0.010310378,0
313,14,1342.1229999999996,1,0.010349030,0
253,20,1342.3379999999997,1,0.010419459,0
18,24,1342.451000000001,1,0.046830930,0
156,27,1342.5610000000015,1,0.044924185,0
39,27,1342.583999999999,1,0.047788128,0
311,31,1342.7000000000007,1,0.010449739,0
20,32,1342.7330000000002,1,0.040380318,0
168,36,1342.8760000000002,1,0.047624342,0
165,39,1343.005000000001,1,0.008663023,0
161,54,1343.510000000002,1,0.008403798,0
259,56,1343.5820000000022,1,0.009424032,0
129,65,1343.9020000000019,1,0.012372744,0
51,86,1344.6389999999992,1,0.010007390,0
51,94,1344.9439999999995,1,0.009456480,0
151,98,1345.0820000000022,1,0.005755748,0
32,48,1345.1990000000005,1,0.007540130,0
53,112,1345.5600000000013,1,0.009217422,0
67,120,1345.844000000001,1,0.009274347,0
211,123,1345.9629999999997,1,0.008972207,0
10,127,1346.1010000000024,1,0.013622123,0
9,143,1346.6759999999995,1,0.013329730,0
299,167,1347.4930000000022,1,0.007958026,0
306,167,1347.5030000000006,1,0.007771585,0
230,172,1347.6860000000015,1,0.009086819,0
327,184,1348.1090000000004,1,0.007287032,0
334,185,1348.1290000000008,1,0.007575137,0
233,191,1348.3529999999992,1,0.008710067,0
130,193,1348.411,1,0.008726003,0
24,193,1348.4390000000021,1,0.008480743,0
136,200,1348.6690000000017,1,0.008936819,0
4,253,1348.673999999999,1,0.007911591,0
50,207,1348.9140000000007,1,0.008027562,0
161,215,1349.1890000000021,1,0.008127114,0
5,222,1349.438000000002,1,0.007936683,0
12,238,1350.0110000000022,1,0.012362774,0
300,34,1350.1190000000024,1,0.010580327,0
2,252,1350.4940000000024,1,0.012240947,0
142,14,1370.6749999999993,0,0.869024992,0
139,14,1371.4480000000003,1,0.962870955,1
142,15,1371.5900000000001,0,0.951303542,1
80,23,1371.7690000000002,1,0.009247471,0
282,59,1373.045000000002,1,0.008171248,0
255,127,1375.4429999999993,1,0.011873977,0
127,141,1375.933000000001,1,0.010282437,0
32,141,1375.941999999999,1,0.008749966,0
140,14,1382.0950000000012,1,0.076626584,0
138,14,1382.1039999999994,1,0.069934376,0
83,72,1384.1690000000017,1,0.005959947,0
87,125,1386.0370000000003,1,0.018006278,0
261,142,1386.6399999999994,1,0.021215128,0
314,156,1387.112000000001,1,0.007920413,0
32,48,1393.3070000000007,1,0.007973540,0
141,14,1400.7510000000002,1,0.930244088,1
141,15,1401.446,1,0.980745673,1
142,14,1408.826000000001,1,0.907437682,1
34,45,1412.5529999999999,1,0.008919043,0
83,48,1412.671000000002,1,0.008551435,0
223,64,1413.237000000001,1,0.009097765,0
65,66,1413.2870000000003,1,0.003870867,0
32,48,1413.8349999999991,1,0.007309034,0
286,106,1414.3610000000008,1,0.013978820,0
31,106,1414.7050000000017,1,0.014730358,0
77,118,1415.1260000000002,1,0.009618918,0
260,127,1415.4470000000001,1,0.010532033,0
136,148,1416.1939999999995,1,0.010392241,0
298,168,1416.887999999999,1,0.008439495,0
170,172,1417.036,1,0.010463832,0
164,175,1417.148000000001,1,0.010082993,0
248,178,1417.2610000000022,1,0.009333523,0
130,181,1417.367000000002,1,0.008688811,0
159,198,1417.9439999999995,1,0.009383566,0
18,203,1418.1320000000014,1,0.012863749,0
231,24,1422.4730000000018,1,0.010247871,0
154,27,1422.5600000000013,1,0.045156453,0
117,39,1422.9900000000016,1,0.049041223,0
280,44,1423.1589999999997,1,0.007730420,0
14,45,1423.1980000000003,1,0.004972769,0
1,66,1423.9350000000013,1,0.006600653,0
0,67,1423.9969999999994,1,0.007379694,0
162,71,1424.135000000002,1,0.118354619,0
160,87,1424.6870000000017,1,0.014578530,0
18,96,1424.9900000000016,1,0.009137808,0
168,104,1425.2890000000007,1,0.005074771,0
240,112,1425.5800000000017,1,0.009575245,0
236,114,1425.6239999999998,1,0.009458280,0
158,115,1425.6729999999989,1,0.018207205,0
281,117,1425.7360000000008,1,0.010059612,0
11,133,1426.316999999999,1,0.013439181,0
74,134,1426.3359999999993,1,0.014787041,0
10,136,1426.4000000000015,1,0.013389788,0
168,137,1426.4619999999995,1,0.045356393,0
80,149,1426.8590000000004,1,0.014561002,0
11,151,1426.9360000000015,1,0.013322395,0
14,152,1426.9850000000006,1,0.013381966,0
318,154,1427.0499999999993,1,0.007794518,0
130,156,1427.1140000000014,1,0.009259594,0
136,160,1427.2590000000018,1,0.009191774,0
45,168,1427.5470000000023,1,0.008508652,0
41,175,1427.7740000000013,1,0.008387585,0
344,176,1427.8150000000023,1,0.007526714,0
284,213,1429.125,1,0.007268552,0
327,216,1429.224000000002,1,0.007417780,0
8,223,1429.4860000000008,1,0.007543021,0
104,245,1430.268,1,0.012977230,0
136,246,1430.2870000000003,1,0.013288635,0
105,253,1430.5430000000015,1,0.012854596,0
47,207,1430.7890000000007,1,0.013129559,0
158,72,1446.5720000000001,1,0.057675000,0
156,71,1446.688000000002,0,0.634473443,0
235,6,1451.1749999999993,1,0.006525540,0
158,12,1451.4079999999994,1,0.009882483,0
39,18,1451.599000000002,1,0.008941161,0
135,29,1451.9830000000002,1,0.009399523,0
207,60,1453.0849999999991,1,0.008831024,0
158,73,1453.5300000000025,1,0.923382401,1
39,155,1456.4310000000005,1,0.008149544,0
85,13,1462.066999999999,1,0.044190601,0
318,16,1462.190999999999,1,0.010293153,0
311,24,1462.4730000000018,1,0.010418073,0
303,28,1462.601999999999,1,0.010506373,0
306,29,1462.655999999999,1,0.010482119,0
219,31,1462.719000000001,1,0.010872642,0
32,35,1462.857,1,0.044916421,0
234,47,1463.262999999999,1,0.009822109,0
310,52,1463.4390000000021,1,0.007446300,0
223,32,1464.7710000000006,1,0.007743617,0
83,98,1465.0640000000021,1,0.012175732,0
205,117,1465.7580000000016,1,0.008895314,0
158,71,1465.8110000000015,0,0.921849966,1
69,133,1466.308000000001,1,0.014617002,0
215,150,1466.9099999999999,1,0.036711894,0
245,164,1467.4130000000005,1,0.009733778,0
271,191,1468.3660000000018,1,0.007804866,0
247,198,1468.5930000000008,1,0.008012634,0
316,205,1468.8410000000003,1,0.006872671,0
316,208,1468.9400000000023,1,0.006870910,0
114,247,1470.3359999999993,1,0.013030187,0
157,71,1471.0770000000011,0,0.919470191,1
155,71,1472.8140000000021,0,0.960461020,1
159,71,1473.2970000000023,1,0.967806041,1
159,70,1473.541000000001,1,0.967747450,1
155,72,1473.5920000000006,0,0.989791989,1
157,73,1477.0640000000021,1,0.949175477,1
155,72,1483.5080000000016,0,0.923877060,1
293,7,1491.2080000000024,1,0.007180474,0
115,21,1491.6990000000005,1,0.009238767,0
239,35,1492.1900000000023,1,0.007739427,0
242,37,1492.2700000000004,1,0.007959476,0
46,38,1492.298999999999,1,0.008912912,0
96,58,1493.028000000002,1,0.008701827,0
92,114,1494.976999999999,1,0.022491753,0
139,148,1496.1810000000005,1,0.010057048,0
61,150,1496.255000000001,1,0.008517767,0
157,72,1504.1470000000008,1,0.955070615,1
156,73,1504.1800000000003,1,0.966580272,1
152,78,1504.3810000000012,1,0.011547776,0
33,82,1504.5250000000015,1,0.009595381,0
190,86,1504.661,1,0.009499392,0
254,104,1505.2710000000006,1,0.009495221,0
154,72,1506.3650000000016,0,0.723020136,0
156,72,1506.813000000002,1,0.969782054,1
128,150,1506.8950000000004,1,0.017599773,0
314,159,1507.2220000000016,1,0.008088299,0
102,164,1507.4040000000023,1,0.008857157,0
30,170,1507.6229999999996,1,0.008223475,0
60,206,1508.8739999999998,1,0.008227249,0
255,207,1508.929,1,0.007992417,0
40,212,1509.0800000000017,1,0.008548363,0
205,256,1510.643,1,0.009991529,0
160,70,1516.2440000000024,1,0.863498032,0
159,71,1517.7260000000024,1,0.965808749,1
76,50,1523.5260000000017,1,0.008888238,0
153,71,1523.9099999999999,0,0.908188760,1
155,71,1526.3529999999992,0,0.985658944,1
155,72,1526.4700000000012,1,0.974282563,1
198,23,1531.7740000000013,1,0.007760580,0
179,75,1533.617000000002,1,0.009367369,0
127,96,1534.351999999999,1,0.051687077,0
283,122,1535.2690000000002,1,0.009895124,0
229,164,1536.75,1,0.011641532,0
128,257,1540.0250000000015,1,0.008688491,0
148,15,1540.333999999999,0,0.173697546,0
97,8,1541.8889999999992,1,0.009276613,0
146,14,1542.0980000000018,1,0.043478448,0
223,48,1543.3199999999997,1,0.009719187,0
158,71,1543.3549999999996,1,0.995306075,1
72,49,1543.3600000000006,1,0.008963727,0
157,70,1543.4249999999993,1,0.993876278,1
315,54,1543.5110000000022,1,0.007593196,0
41,62,1543.8140000000021,1,0.010779187,0
191,64,1543.8840000000018,1,0.011590800,0
84,70,1544.076000000001,1,0.009005999,0
138,72,1544.1490000000013,1,0.016593101,0
135,80,1544.4439999999995,1,0.025418902,0
275,91,1544.8199999999997,1,0.009448389,0
123,93,1544.898000000001,1,0.005620026,0
152,72,1545.3950000000004,0,0.593692839,0
75,160,1547.2479999999996,1,0.008365412,0
71,166,1547.458999999999,1,0.008332062,0
154,72,1550.8559999999998,1,0.056868352,0
155,71,1555.7410000000018,1,0.944192231,1
157,71,1556.4470000000001,1,0.973653257,1
149,15,1566.831000000002,0,0.368483752,0
150,8,1571.244999999999,1,0.009280281,0
90,10,1571.308000000001,1,0.009353795,0
145,10,1571.3379999999997,1,0.013697972,0
193,11,1571.3610000000008,1,0.007426474,0
145,15,1571.492000000002,1,0.012558489,0
164,29,1571.982,1,0.009322819,0
240,57,1572.9890000000014,1,0.010544259,0
255,107,1574.742000000002,1,0.031792294,0
29,117,1575.0879999999997,1,0.009097354,0
204,80,1575.518,1,0.009113800,0
26,114,1576.3709999999992,1,0.011295820,0
151,72,1576.4540000000015,0,0.910185695,1
264,166,1576.809000000001,1,0.008822582,0
168,168,1576.8840000000018,1,0.010710564,0
155,72,1577.173999999999,1,0.983768642,1
11,182,1577.3860000000022,1,0.008538852,0
156,71,1577.6520000000019,1,0.995130777,1
64,215,1578.554,1,0.013161534,0
288,231,1579.1090000000004,1,0.006794448,0
147,14,1580.9959999999992,1,0.084130399,0
152,72,1581.7030000000013,1,0.968765378,1
23,4,1581.7540000000008,1,0.008985921,0
16,6,1581.8140000000021,1,0.009125508,0
123,6,1581.8199999999997,1,0.009277611,0
151,10,1581.9799999999996,1,0.009366799,0
153,23,1582.4360000000015,1,0.044330608,0
129,24,1582.4530000000013,1,0.044320598,0
111,24,1582.469000000001,1,0.044259228,0
221,29,1582.6550000000025,1,0.010624104,0
181,31,1582.6980000000003,1,0.027126588,0
55,31,1582.7040000000015,1,0.048472270,0
220,37,1582.9140000000007,1,0.011909101,0
154,71,1583.0390000000007,1,0.972965300,1
192,47,1583.286,1,0.009086432,0
12,48,1583.2970000000023,1,0.009119280,0
207,48,1583.3009999999995,1,0.009199690,0
32,48,1583.313000000002,1,0.004553523,0
35,51,1583.4040000000023,1,0.008785318,0
183,51,1583.4249999999993,1,0.008559921,0
276,54,1583.5070000000014,1,0.008120767,0
59,54,1583.5250000000015,1,0.008386458,0
177,60,1583.724000000002,1,0.008551536,0
88,61,1583.7839999999997,1,0.007775256,0
87,62,1583.7979999999989,1,0.008305214,0
270,70,1584.0950000000012,1,0.009788076,0
239,72,1584.1500000000015,1,0.009165317,0
324,95,1584.964,1,0.007775186,0
295,104,1585.2770000000019,1,0.009176336,0
190,104,1585.3019999999997,1,0.008893612,0
240,108,1585.4130000000005,1,0.009454081,0
212,115,1585.670000000002,1,0.009265216,0
238,128,1586.1460000000006,1,0.039228085,0
71,139,1586.5110000000022,1,0.014597694,0
68,144,1586.7040000000015,1,0.014421342,0
71,149,1586.867000000002,1,0.014378037,0
41,149,1586.8870000000024,1,0.013877435,0
295,158,1587.2020000000011,1,0.008566933,0
194,159,1587.2119999999995,1,0.010365320,0
166,167,1587.5040000000008,1,0.010397618,0
96,168,1587.5519999999997,1,0.008562742,0
6,179,1587.923999999999,1,0.008046113,0
291,182,1588.030999999999,1,0.007881887,0
166,200,1588.6589999999997,1,0.008722389,0
200,226,1589.5900000000001,1,0.006816607,0
149,72,1609.0020000000004,0,0.319930851,0
221,42,1612.4629999999997,1,0.009306561,0
185,48,1612.6510000000017,1,0.008625548,0
157,72,1613.4979999999996,1,0.165446311,0
151,73,1614.885000000002,1,0.056906637,0
320,135,1615.7160000000003,1,0.007898662,0
122,142,1615.9720000000016,1,0.009583109,0
48,152,1616.326000000001,1,0.008952119,0
89,232,1619.1510000000017,1,0.007857461,0
152,72,1619.3640000000014,1,0.930282354,1
119,14,1622.1209999999992,1,0.044199113,0
135,24,1622.4550000000017,1,0.044332132,0
60,26,1622.5240000000013,1,0.047686744,0
5,46,1623.2360000000008,1,0.009326519,0
215,61,1623.7620000000024,1,0.008583959,0
228,72,1624.171000000002,1,0.009311817,0
63,86,1624.643,1,0.011091642,0
119,112,1625.554,1,0.013124835,0
113,116,1625.7200000000012,1,0.012344033,0
15,164,1627.3970000000008,1,0.007944824,0
298,183,1628.0750000000007,1,0.008087095,0
126,228,1629.655999999999,1,0.008804465,0
147,71,1636.7250000000022,0,0.782595336,0
148,73,1636.8739999999998,0,0.965479612,1
151,72,1641.9320000000007,1,0.936584592,1
149,71,1642.464,0,0.632333457,0
147,72,1647.9150000000009,0,0.918732464,1
239,30,1652.0190000000002,1,0.007377399,0
89,55,1652.903000000002,1,0.008494350,0
128,56,1652.9609999999993,1,0.008587426,0
154,71,1653.4730000000018,1,0.930449903,1
141,112,1654.9150000000009,1,0.061015937,0
289,117,1655.0920000000006,1,0.009351692,0
104,127,1655.440999999999,1,0.010558292,0
224,174,1657.0980000000018,1,0.008315110,0
125,175,1657.1370000000024,1,0.008793585,0
164,184,1657.4670000000006,1,0.010118890,0
166,206,1658.2230000000018,1,0.014775533,0
200,224,1658.8739999999998,1,0.010864261,0
146,71,1660.5190000000002,0,0.963640928,1
23,31,1662.706000000002,1,0.043514773,0
151,71,1664.1049999999996,1,0.986797631,1
316,76,1664.309000000001,1,0.007563238,0
68,87,1664.673999999999,1,0.011639843,0
149,72,1664.9799999999996,1,0.969702244,1
242,98,1665.083999999999,1,0.009453840,0
222,125,1666.0390000000007,1,0.044404898,0
203,142,1666.6209999999992,1,0.033437561,0
157,151,1666.9470000000001,1,0.029315487,0
248,153,1667.0070000000014,1,0.009914232,0
109,156,1667.1239999999998,1,0.009053108,0
254,158,1667.206000000002,1,0.010579105,0
251,159,1667.2119999999995,1,0.009480154,0
132,175,1667.8060000000005,1,0.008620563,0
259,182,1668.036,1,0.008248789,0
201,188,1668.2400000000016,1,0.007640680,0
293,189,1668.2930000000015,1,0.007481257,0
163,194,1668.4530000000013,1,0.008760746,0
148,71,1669.416000000001,0,0.987088978,1
320,229,1669.688000000002,1,0.006938031,0
96,245,1670.2510000000002,1,0.012995891,0
2,245,1670.2750000000015,1,0.012287850,0
150,71,1670.9180000000015,1,0.055496115,0
146,72,1670.9490000000005,0,0.640583217,0
32,48,1671.7590000000018,1,0.008850215,0
146,73,1674.1219999999994,0,0.648655117,0
145,72,1677.6980000000003,0,0.930291831,1
148,71,1687.5139999999992,1,0.951693475,1
147,73,1687.7350000000006,1,0.972781718,1
336,1,1690.9959999999992,1,0.009876628,0
111,5,1691.1440000000002,1,0.009058422,0
270,8,1691.2430000000022,1,0.006937134,0
175,12,1691.3870000000024,1,0.009289233,0
77,14,1691.458999999999,1,0.009267532,0
240,22,1691.7560000000012,1,0.007111425,0
46,40,1692.3830000000016,1,0.009121636,0
250,47,1692.4880000000012,1,0.008943232,0
32,48,1692.565999999999,1,0.009070830,0
258,56,1692.9370000000017,1,0.009866859,0
184,60,1693.0740000000005,1,0.008981548,0
294,66,1693.3100000000013,1,0.007896765,0
145,73,1693.6229999999996,0,0.988288105,1
144,71,1693.6310000000012,0,0.990443051,1
149,78,1693.7129999999997,1,0.091377333,0
150,72,1694.4650000000001,1,0.056068286,0
279,104,1694.6500000000015,1,0.018533450,0
26,135,1695.7250000000022,1,0.008320912,0
287,142,1695.9779999999992,1,0.009686963,0
296,174,1697.0960000000014,1,0.008456060,0
144,72,1697.1239999999998,0,0.986521602,1
145,74,1697.2170000000006,0,0.988389134,1
118,212,1698.4439999999995,1,0.013516970,0
271,214,1698.518,1,0.010595768,0
98,242,1699.4900000000016,1,0.007820465,0
146,4,1701.7479999999996,1,0.019427571,0
144,72,1704.6680000000015,0,0.930220246,1
13,96,1705.0,1,0.009694957,0
149,72,1705.1520000000019,1,0.978974700,1
147,72,1706.1810000000005,1,0.055323210,0
144,73,1706.3889999999992,0,0.648504734,0
19,162,1707.3199999999997,1,0.007948906,0
32,222,1709.4530000000013,1,0.008138392,0
147,71,1711.2150000000001,1,0.993488789,1
143,72,1711.326000000001,0,0.962928116,1
151,15,1712.331000000002,1,0.010473434,0
151,50,1713.2659999999996,1,0.008738137,0
161,7,1731.2119999999995,1,0.009543354,0
231,45,1732.5499999999993,1,0.009098281,0
37,49,1732.691999999999,1,0.008704387,0
146,72,1733.331000000002,1,0.998098314,1
148,71,1733.458999999999,1,0.992007494,1
147,72,1733.5030000000006,1,0.998412609,1
295,86,1733.9959999999992,1,0.008729178,0
329,103,1734.5930000000008,1,0.010586450,0
204,80,1735.0440000000017,1,0.009206221,0
32,127,1735.4449999999997,1,0.008949362,0
283,150,1736.2530000000006,1,0.009388996,0
204,158,1736.5370000000003,1,0.005403141,0
166,169,1736.9220000000023,1,0.011192301,0
208,182,1737.3840000000018,1,0.009160694,0
39,231,1739.1130000000012,1,0.007978799,0
145,74,1740.5620000000017,1,0.953207910,1
203,4,1741.7620000000024,1,0.006752709,0
166,11,1742.0200000000004,1,0.017527267,0
178,24,1742.4619999999995,1,0.020239523,0
64,53,1743.5,1,0.008854081,0
221,59,1743.6890000000021,1,0.008763550,0
72,64,1743.8810000000012,1,0.008838415,0
204,99,1745.1260000000002,1,0.008977984,0
142,73,1745.1890000000021,0,0.938333213,1
205,104,1745.2720000000008,1,0.008962707,0
43,110,1745.5120000000024,1,0.009292907,0
145,71,1745.7220000000016,1,0.971828043,1
198,118,1745.7760000000017,1,0.008888192,0
42,147,1746.798999999999,1,0.013914844,0
196,151,1746.9449999999997,1,0.018084664,0
16,155,1747.0960000000014,1,0.008241678,0
319,177,1747.8680000000022,1,0.007866265,0
39,185,1748.1399999999994,1,0.007925293,0
88,230,1749.726999999999,1,0.008097168,0
153,15,1753.6520000000019,0,0.186295927,0
32,48,1759.9760000000024,1,0.008931596,0
176,102,1774.5529999999999,1,0.073667645,0
263,21,1774.6080000000002,1,0.010513579,0
292,109,1774.7999999999993,1,0.013124927,0
203,170,1776.951000000001,1,0.008429674,0
101,180,1777.3140000000021,1,0.008631613,0
222,182,1777.4050000000025,1,0.005447879,0
281,190,1777.670000000002,1,0.008132901,0
143,208,1778.291000000001,1,0.013905673,0
327,211,1778.4000000000015,1,0.010482758,0
304,244,1779.5849999999991,1,0.006626680,0
140,73,1781.081000000002,0,0.992588222,1
19,3,1781.7380000000012,1,0.008765099,0
328,6,1781.816999999999,1,0.007045481,0
265,6,1781.8410000000003,1,0.005604058,0
266,7,1781.851999999999,1,0.004213662,0
153,16,1782.0479999999989,0,0.364729702,0
255,15,1782.1630000000005,1,0.010325058,0
140,72,1782.273000000001,0,0.996929824,1
295,19,1782.2770000000019,1,0.010451653,0
169,19,1782.296000000002,1,0.024172628,0
24,29,1782.6320000000014,1,0.046722069,0
11,36,1782.8760000000002,1,0.032269675,0
189,38,1782.951000000001,1,0.036221746,0
16,38,1782.964,1,0.032797597,0
8,40,1783.0380000000005,1,0.008649585,0
173,41,1783.0689999999995,1,0.008667107,0
8,43,1783.1510000000017,1,0.009972332,0
205,54,1783.5290000000023,1,0.009026462,0
95,55,1783.5730000000003,1,0.008548225,0
87,59,1783.6900000000023,1,0.008465123,0
206,67,1783.9680000000008,1,0.008773741,0
243,102,1785.2279999999992,1,0.009587856,0
96,103,1785.2410000000018,1,0.012028717,0
135,122,1785.9069999999992,1,0.013107953,0
36,124,1785.9750000000022,1,0.009492126,0
144,71,1786.7109999999993,1,0.053871404,0
44,181,1788.0040000000008,1,0.008488377,0
185,188,1788.2400000000016,1,0.008831400,0
226,192,1788.3990000000013,1,0.005978783,0
63,227,1789.630000000001,1,0.007720269,0
1,237,1789.9760000000024,1,0.007595267,0
203,213,1790.8120000000017,1,0.010433279,0
139,72,1793.3220000000001,0,0.930735230,1
143,71,1798.315999999999,1,0.053481109,0
140,73,1801.0550000000003,0,0.971365213,1
140,74,1802.1690000000017,0,0.971372843,1
113,20,1811.666000000001,1,0.009201298,0
232,30,1812.0200000000004,1,0.007367451,0
290,54,1812.8820000000014,1,0.007685407,0
128,72,1813.494999999999,1,0.010189265,0
131,87,1814.0329999999994,1,0.059589285,0
320,135,1815.7180000000008,1,0.007943761,0
181,143,1816.005000000001,1,0.013368858,0
181,232,1819.1460000000006,1,0.008828166,0
178,234,1819.2129999999997,1,0.009134295,0
311,6,1821.8359999999993,1,0.007379373,0
138,73,1822.166000000001,0,0.653385043,0
314,22,1822.3990000000013,1,0.010352503,0
248,30,1822.6680000000015,1,0.010611962,0
303,34,1822.826000000001,1,0.010522957,0
71,52,1823.456000000002,1,0.008734226,0
142,72,1824.1450000000004,1,0.950300097,1
175,109,1825.4609999999993,1,0.004677070,0
246,110,1825.487000000001,1,0.009695099,0
11,143,1826.6520000000019,1,0.013363848,0
44,154,1827.0499999999993,1,0.008423378,0
32,48,1829.2050000000017,1,0.009470627,0
138,73,1832.3539999999994,0,0.974283695,1
141,73,1833.8379999999997,1,0.948579609,1
56,159,1843.3810000000012,1,0.008584174,0
137,73,1847.1949999999997,0,0.760908186,0
214,70,1853.4350000000013,1,0.009200929,0
341,202,1858.1029999999992,1,0.010505357,0
15,235,1859.2479999999996,1,0.007596151,0
140,73,1859.6850000000013,1,0.978248239,1
295,191,1859.688000000002,1,0.007650800,0
28,55,1860.1779999999999,1,0.006767530,0
265,18,1862.2410000000018,1,0.010450253,0
160,46,1863.2260000000024,1,0.009066529,0
221,63,1863.839,1,0.008807590,0
333,64,1863.8780000000006,1,0.007111442,0
30,70,1864.099000000002,1,0.011500948,0
140,74,1864.2129999999997,1,0.972502232,1
163,102,1865.2080000000024,1,0.006748373,0
65,109,1865.4570000000022,1,0.009686487,0
191,140,1866.546000000002,1,0.026771337,0
301,158,1867.1870000000017,1,0.008459491,0
164,174,1867.7620000000024,1,0.009850312,0
142,245,1870.2530000000006,1,0.013315395,0
224,245,1870.2649999999994,1,0.011309770,0
141,247,1870.3460000000014,1,0.013274319,0
255,256,1870.6540000000023,1,0.007370356,0
137,74,1873.3529999999992,0,0.983928561,1
138,73,1874.0430000000015,1,0.966697991,1
240,194,1875.5770000000011,1,0.007962458,0
137,75,1880.5149999999994,0,0.983236492,1
139,73,1885.260000000002,1,0.975970387,1
136,73,1886.0339999999997,0,0.653735280,0
139,74,1890.732,1,0.053666402,0
234,54,1892.8729999999996,1,0.010604445,0
63,86,1893.992000000002,1,0.011541530,0
264,103,1894.5900000000001,1,0.022769095,0
254,104,1894.6219999999994,1,0.034043420,0
151,118,1895.1310000000012,1,0.018638458,0
19,122,1895.2659999999996,1,0.008399610,0
306,127,1895.4490000000005,1,0.008356711,0
192,136,1895.7560000000012,1,0.004652499,0
325,175,1897.1270000000004,1,0.008269447,0
202,179,1897.2800000000025,1,0.008575900,0
157,196,1897.8690000000024,1,0.009211664,0
137,219,1898.6890000000021,1,0.013613925,0
152,225,1898.8909999999996,1,0.013730957,0
137,73,1900.1330000000016,1,0.990191817,1
319,18,1902.2410000000018,1,0.010256876,0
76,50,1902.3019999999997,1,0.047123771,0
175,32,1902.737000000001,1,0.043859463,0
48,40,1903.0240000000013,1,0.009081462,0
32,53,1903.5020000000004,1,0.004323532,0
78,54,1903.528000000002,1,0.008842782,0
226,62,1903.795000000002,1,0.009275745,0
138,74,1903.8179999999993,1,0.964468420,1
309,66,1903.9480000000003,1,0.007463204,0
320,79,1904.3919999999998,1,0.007469084,0
335,91,1904.815999999999,1,0.007015246,0
328,93,1904.8870000000024,1,0.007488296,0
66,96,1904.9969999999994,1,0.010434515,0
6,109,1905.4570000000022,1,0.008455631,0
40,110,1905.5020000000004,1,0.009460022,0
42,115,1905.688000000002,1,0.008898598,0
254,131,1906.2430000000022,1,0.023477159,0
10,136,1906.423999999999,1,0.013405310,0
340,140,1906.5479999999989,1,0.010607743,0
149,160,1907.262999999999,1,0.009913174,0
295,175,1907.778000000002,1,0.008026051,0
223,181,1907.9969999999994,1,0.007292411,0
343,184,1908.094000000001,1,0.007420375,0
163,184,1908.1059999999998,1,0.009077494,0
71,198,1908.5930000000008,1,0.007951414,0
139,210,1909.0210000000006,1,0.008165617,0
213,215,1910.8860000000022,1,0.010442439,0
2,252,1912.2750000000015,1,0.007888341,0
135,75,1920.8580000000002,0,0.968665600,1
137,74,1921.8420000000006,1,0.947172105,1
139,72,1926.1650000000009,1,0.052421167,0
136,74,1929.1569999999992,1,0.955439508,1
337,27,1931.9150000000009,1,0.006916505,0
207,61,1933.1110000000008,1,0.008911602,0
343,90,1934.1290000000008,1,0.007760246,0
340,93,1934.2489999999998,1,0.009099227,0
100,104,1934.6510000000017,1,0.031349581,0
309,107,1934.737000000001,1,0.011594044,0
135,75,1938.3950000000004,0,0.665497363,0
155,17,1941.6779999999999,0,0.172105744,0
137,7,1941.8690000000024,1,0.009536130,0
151,66,1943.9390000000021,1,0.059389591,0
281,70,1944.0750000000007,1,0.008602586,0
135,76,1944.5800000000017,0,0.667571604,0
136,76,1946.6540000000023,0,0.671447694,0
272,215,1949.1890000000021,1,0.007341666,0
134,74,1970.8840000000018,0,0.658879042,0
134,76,1971.940999999999,0,0.921145856,1
155,18,1972.375,0,0.215734124,0
126,82,1973.8590000000004,1,0.010281725,0
323,122,1975.2710000000006,1,0.008049755,0
164,190,1977.6690000000017,1,0.009899793,0
322,198,1977.9520000000011,1,0.007622209,0
221,206,1978.2360000000008,1,0.011983270,0
200,212,1978.4320000000007,1,0.010539246,0
33,237,1979.3300000000017,1,0.008242101,0
146,12,1982.030999999999,1,0.036821146,0
42,23,1982.4350000000013,1,0.045944978,0
23,28,1982.6100000000006,1,0.046935987,0
215,32,1982.737000000001,1,0.011149296,0
284,36,1982.8830000000016,1,0.010781348,0
86,47,1983.262999999999,1,0.008918348,0
301,54,1983.5319999999992,1,0.007664693,0
118,55,1983.5640000000021,1,0.008821289,0
143,60,1983.7380000000012,1,0.008644513,0
15,64,1983.8909999999996,1,0.010118943,0
32,48,1983.9940000000024,1,0.008974942,0
220,71,1984.1330000000016,1,0.009091646,0
103,72,1984.1460000000006,1,0.008764465,0
101,78,1984.3610000000008,1,0.008928110,0
145,84,1984.5950000000012,1,0.010151295,0
267,86,1984.6620000000003,1,0.010363613,0
308,87,1984.6759999999995,1,0.008200319,0
57,93,1984.885000000002,1,0.012472286,0
56,93,1984.9050000000025,1,0.004494734,0
127,100,1985.1589999999997,1,0.018255770,0
123,101,1985.184000000001,1,0.018054638,0
99,104,1985.2750000000015,1,0.011797956,0
136,77,1986.1239999999998,0,0.676965117,0
206,135,1986.367000000002,1,0.046364509,0
231,136,1986.4050000000025,1,0.038626924,0
216,149,1986.862000000001,1,0.041795414,0
208,151,1986.9599999999991,1,0.018741217,0
2,168,1987.559000000001,1,0.008038037,0
10,136,1987.887999999999,1,0.008204069,0
291,190,1988.3050000000003,1,0.007720097,0
262,230,1989.7200000000012,1,0.006937446,0
134,77,2003.617000000002,0,0.872677505,0
236,46,2006.5060000000012,1,0.013797661,0
33,62,2013.1550000000025,1,0.012172143,0
67,134,2015.6870000000017,1,0.008795785,0
39,223,2018.8460000000014,1,0.012784500,0
183,224,2018.8820000000014,1,0.013824212,0
128,249,2019.7540000000008,1,0.008608313,0
135,75,2020.4750000000022,1,0.818020821,0
181,4,2021.7520000000004,1,0.008056955,0
134,75,2022.2920000000013,1,0.052860711,0
35,32,2022.7400000000016,1,0.047065694,0
240,32,2022.762999999999,1,0.010662355,0
246,37,2022.933000000001,1,0.011015675,0
254,54,2023.5149999999994,1,0.009779392,0
31,56,2023.6010000000024,1,0.006049546,0
336,61,2023.7790000000023,1,0.006934742,0
217,62,2023.7920000000013,1,0.009098268,0
65,64,2023.8770000000004,1,0.008887847,0
23,72,2024.1670000000013,1,0.009978412,0
175,75,2024.2489999999998,1,0.040607981,0
119,87,2024.6759999999995,1,0.004815467,0
125,87,2024.683000000001,1,0.004749217,0
137,93,2024.9150000000009,1,0.006029420,0
32,48,2025.0149999999994,1,0.008963295,0
125,109,2025.4550000000017,1,0.014843220,0
200,115,2025.6630000000005,1,0.009054768,0
87,126,2026.0740000000005,1,0.018430123,0
169,127,2026.1130000000012,1,0.018760895,0
170,128,2026.1460000000006,1,0.025690949,0
301,134,2026.3280000000013,1,0.012225850,0
169,134,2026.3349999999991,1,0.048499972,0
72,143,2026.6510000000017,1,0.014573900,0
3,144,2026.7070000000022,1,0.013288903,0
167,146,2026.7590000000018,1,0.034841225,0
345,147,2026.8110000000015,1,0.010592809,0
215,168,2027.5529999999999,1,0.003564703,0
14,217,2029.2570000000014,1,0.007617626,0
202,229,2029.6800000000003,1,0.006350182,0
64,231,2029.7659999999996,1,0.007638598,0
273,231,2029.7750000000015,1,0.007302359,0
147,234,2029.869999999999,1,0.008095913,0
119,243,2030.1769999999997,1,0.013054697,0
128,251,2030.4599999999991,1,0.013045651,0
50,256,2030.648000000001,1,0.012366039,0
32,48,2046.3400000000001,1,0.030169137,0
207,7,2051.2210000000014,1,0.006404705,0
328,23,2051.7740000000013,1,0.007032746,0
32,48,2052.6620000000003,1,0.008931744,0
92,71,2053.4809999999998,1,0.009001081,0
243,72,2053.506000000001,1,0.009099903,0
237,93,2054.241000000002,1,0.044361860,0
135,76,2055.5920000000006,1,0.364759266,0
223,144,2056.053,1,0.009232433,0
4,13,2062.0910000000003,1,0.039047282,0
2,20,2062.3290000000015,1,0.042750657,0
175,56,2063.581000000002,1,0.008301536,0
279,72,2064.1690000000017,1,0.008879757,0
160,79,2064.398000000001,1,0.010494046,0
171,111,2065.545000000002,1,0.005143843,0
300,112,2065.572,1,0.008506238,0
338,125,2066.040000000001,1,0.010527203,0
127,126,2066.0519999999997,1,0.030270295,0
13,139,2066.5159999999996,1,0.013417886,0
76,150,2066.9140000000007,1,0.014511965,0
44,152,2066.964,1,0.013923929,0
4,157,2067.1720000000023,1,0.008064711,0
0,159,2067.220000000001,1,0.008079923,0
308,178,2067.887999999999,1,0.007891671,0
246,179,2067.9429999999993,1,0.009245081,0
224,197,2068.554,1,0.002951591,0
233,198,2068.5920000000006,1,0.007060779,0
206,200,2068.6759999999995,1,0.007556365,0
56,221,2069.398000000001,1,0.007683577,0
64,221,2069.4130000000005,1,0.007695014,0
232,230,2069.719000000001,1,0.005293871,0
129,232,2069.8110000000015,1,0.008082476,0
109,238,2070.0250000000015,1,0.013049850,0
121,246,2070.2800000000025,1,0.013029569,0
135,31,2070.5149999999994,1,0.046374854,0
69,257,2070.6870000000017,1,0.012539233,0
32,48,2079.620999999999,1,0.009077524,0
280,211,2090.7930000000015,1,0.010580294,0
220,8,2091.262999999999,1,0.006694094,0
249,45,2092.548999999999,1,0.008132621,0
260,53,2092.832000000002,1,0.009167747,0
180,54,2092.867000000002,1,0.008601354,0
72,63,2093.184000000001,1,0.008753932,0
227,68,2093.3690000000024,1,0.009340240,0
230,70,2093.4300000000003,1,0.009487470,0
166,76,2093.643,1,0.010939903,0
51,93,2094.238000000001,1,0.016400324,0
142,99,2094.4540000000015,1,0.071325853,0
78,104,2094.6440000000002,1,0.020491794,0
251,109,2094.816999999999,1,0.037100662,0
301,181,2094.8510000000024,1,0.011266313,0
148,110,2094.863000000001,1,0.076903068,0
145,112,2094.921000000002,1,0.069321997,0
165,125,2095.3770000000004,1,0.017889066,0
76,125,2095.3860000000022,1,0.009341904,0
322,127,2095.4449999999997,1,0.007783784,0
149,132,2095.6150000000016,1,0.012119238,0
45,135,2095.744999999999,1,0.008561365,0
251,143,2095.999,1,0.010182794,0
31,162,2096.6769999999997,1,0.008053561,0
26,166,2096.8100000000013,1,0.008314139,0
207,182,2097.3780000000006,1,0.009263298,0
274,197,2097.9120000000003,1,0.007722936,0
280,199,2097.986000000001,1,0.007637308,0
223,212,2098.464,1,0.012989318,0
160,248,2099.733,1,0.008454461,0
121,223,2100.225000000002,1,0.007836726,0
89,248,2101.470000000001,1,0.007962549,0
215,7,2101.879000000001,1,0.006428298,0
207,12,2102.030999999999,1,0.009791696,0
79,19,2102.2870000000003,1,0.042161990,0
64,28,2102.6100000000006,1,0.047556330,0
176,61,2103.785,1,0.016831912,0
315,64,2103.8899999999994,1,0.007345844,0
311,65,2103.902000000002,1,0.007487442,0
174,70,2104.0740000000005,1,0.011476048,0
55,71,2104.131000000001,1,0.007712645,0
204,80,2104.4490000000005,1,0.009108953,0
138,86,2104.635000000002,1,0.033247370,0
270,86,2104.647000000001,1,0.009689469,0
102,88,2104.7129999999997,1,0.006011184,0
339,88,2104.736000000001,1,0.006899024,0
200,199,2104.8189999999995,1,0.008159312,0
95,91,2104.831000000002,1,0.005521747,0
98,92,2104.8719999999994,1,0.011145711,0
250,95,2104.9540000000015,1,0.009555734,0
99,95,2104.959999999999,1,0.008033757,0
325,99,2105.113000000001,1,0.008029468,0
197,102,2105.2260000000024,1,0.009473458,0
159,103,2105.2400000000016,1,0.005335889,0
262,107,2105.3820000000014,1,0.011109754,0
158,109,2105.4500000000007,1,0.006681436,0
109,116,2105.6949999999997,1,0.013009385,0
194,116,2105.7050000000017,1,0.008986621,0
180,118,2105.7880000000005,1,0.004788643,0
104,120,2105.8600000000006,1,0.011010241,0
87,124,2105.994999999999,1,0.010144388,0
196,125,2106.030999999999,1,0.048567671,0
274,126,2106.054,1,0.019697994,0
59,129,2106.1769999999997,1,0.014425565,0
322,151,2106.3960000000006,1,0.011112352,0
42,105,2107.0620000000017,1,0.009539509,0
39,166,2107.470000000001,1,0.008082598,0
153,168,2107.5570000000007,1,0.009345210,0
142,176,2107.832000000002,1,0.008716043,0
136,182,2108.0440000000017,1,0.006896097,0
135,183,2108.0610000000015,1,0.008497528,0
132,198,2108.6039999999994,1,0.008459930,0
136,200,2108.6589999999997,1,0.008452573,0
182,208,2108.9400000000023,1,0.008955132,0
67,217,2109.272000000001,1,0.007809638,0
59,230,2109.7299999999996,1,0.007987655,0
96,237,2109.974000000002,1,0.007667968,0
283,249,2110.3860000000022,1,0.013292542,0
284,250,2110.422999999999,1,0.018143684,0
172,92,2134.207000000002,1,0.087616980,0
326,253,2135.5210000000006,1,0.006446823,0
230,167,2136.848000000002,1,0.011753420,0
125,231,2139.6579999999994,1,0.008562681,0
32,48,2140.797999999999,1,0.009001276,0
223,8,2141.9050000000025,1,0.007097567,0
152,12,2142.0290000000023,1,0.029598488,0
204,15,2142.1399999999994,1,0.009950774,0
58,63,2142.4069999999992,1,0.031514607,0
60,23,2142.4300000000003,1,0.044262901,0
135,79,2142.689000000002,1,0.054220792,0
216,36,2142.897000000001,1,0.011851065,0
41,37,2142.934000000001,1,0.047588922,0
114,38,2142.969000000001,1,0.049005695,0
52,48,2143.3280000000013,1,0.008899074,0
317,52,2143.4580000000024,1,0.007382443,0
39,53,2143.4979999999996,1,0.008250869,0
238,54,2143.5380000000005,1,0.010171953,0
136,76,2144.2880000000005,1,0.595722675,0
142,79,2144.411,1,0.027939100,0
132,86,2144.6440000000002,1,0.010949389,0
176,102,2145.233,1,0.010746451,0
64,104,2145.295000000002,1,0.010229872,0
227,119,2145.8280000000013,1,0.009399598,0
40,145,2146.719000000001,1,0.013919300,0
33,148,2146.8250000000007,1,0.013793750,0
155,150,2146.9040000000023,1,0.030312130,0
84,159,2147.2260000000024,1,0.008698020,0
79,164,2147.388999999999,1,0.008491351,0
301,165,2147.4249999999993,1,0.017898049,0
300,165,2147.446,1,0.019818081,0
143,176,2147.8230000000003,1,0.008677909,0
115,189,2148.298999999999,1,0.008253866,0
158,194,2148.456000000002,1,0.009213322,0
231,195,2148.501,1,0.008155739,0
105,199,2148.642,1,0.008279225,0
6,200,2148.6670000000013,1,0.007943437,0
209,207,2148.9050000000025,1,0.007292677,0
271,240,2150.0800000000017,1,0.010323646,0
19,247,2150.3179999999993,1,0.012199504,0
256,256,2150.643,1,0.007407055,0
32,48,2154.411,1,0.032198600,0
136,81,2174.3019999999997,0,0.698133230,0
135,79,2175.6229999999996,1,0.838726997,0
283,145,2176.0869999999995,1,0.009062931,0
157,200,2178.0159999999996,1,0.014560833,0
255,231,2179.102999999999,1,0.006254766,0
189,32,2182.7390000000014,1,0.019895863,0
204,60,2182.8290000000015,1,0.047720581,0
33,56,2183.5930000000008,1,0.005041688,0
19,61,2183.759000000002,1,0.011157012,0
26,69,2184.041000000001,1,0.010860674,0
175,72,2184.1460000000006,1,0.016518274,0
92,78,2184.379000000001,1,0.005039366,0
11,93,2184.9079999999994,1,0.009070908,0
115,176,2187.822,1,0.008316253,0
155,18,2193.5080000000016,1,0.013246808,0
223,32,2211.6589999999997,1,0.007954834,0
168,29,2211.9900000000016,1,0.009463544,0
195,52,2212.8060000000005,1,0.008626857,0
319,71,2213.4609999999993,1,0.007327445,0
134,78,2213.708999999999,1,0.107431553,0
162,110,2214.833999999999,1,0.077932015,0
224,134,2215.688000000002,1,0.009306609,0
229,135,2215.7260000000024,1,0.009071481,0
19,149,2216.242000000002,1,0.008137726,0
16,150,2216.256000000001,1,0.009114571,0
36,173,2217.0859999999993,1,0.008351500,0
88,174,2217.1190000000024,1,0.009519981,0
263,184,2217.4500000000007,1,0.009166711,0
152,191,2217.702000000001,1,0.008910524,0
125,231,2219.624,1,0.008091736,0
136,82,2221.684000000001,0,0.292259485,0
239,3,2221.7210000000014,1,0.006611637,0
225,6,2221.8379999999997,1,0.006475633,0
29,23,2222.438000000002,1,0.045310754,0
291,29,2222.648000000001,1,0.010586025,0
34,48,2223.2970000000023,1,0.008827577,0
31,52,2223.4680000000008,1,0.003467931,0
140,67,2223.9900000000016,1,0.010269373,0
66,92,2224.858,1,0.010885768,0
69,96,2224.9979999999996,1,0.010592659,0
66,96,2225.017,1,0.010904014,0
279,102,2225.2129999999997,1,0.009965940,0
159,117,2225.760000000002,1,0.017023424,0
49,128,2226.143,1,0.014171586,0
328,184,2228.118000000002,1,0.007661501,0
333,190,2228.3110000000015,1,0.007423378,0
256,190,2228.3359999999993,1,0.008416228,0
184,200,2228.6640000000007,1,0.009303747,0
32,48,2242.099000000002,1,0.035081811,0
183,224,2247.4799999999996,1,0.009900672,0
183,29,2251.9890000000014,1,0.009572442,0
63,36,2252.2340000000004,1,0.008595581,0
238,47,2252.6150000000016,1,0.009991331,0
345,53,2252.8369999999995,1,0.006641817,0
18,55,2252.9220000000023,1,0.011549426,0
41,65,2253.255000000001,1,0.009990383,0
2,252,2255.1370000000024,1,0.007643762,0
249,134,2255.6939999999995,1,0.008995417,0
175,148,2256.1759999999995,1,0.012022917,0
64,248,2259.714,1,0.007788270,0
157,21,2262.8359999999993,0,0.375154585,0
40,48,2263.308000000001,1,0.008645134,0
39,66,2263.9619999999995,1,0.012892178,0
225,70,2264.0830000000024,1,0.008906584,0
168,80,2264.4320000000007,1,0.031609189,0
54,86,2264.6460000000006,1,0.011288877,0
343,86,2264.6540000000023,1,0.006684199,0
334,96,2265.0159999999996,1,0.007495394,0
295,105,2265.313000000002,1,0.009574776,0
84,128,2266.131000000001,1,0.017495733,0
10,136,2266.415000000001,1,0.013417513,0
246,139,2266.513999999999,1,0.026916863,0
184,149,2266.8650000000016,1,0.027323738,0
227,160,2267.256000000001,1,0.009588419,0
336,183,2268.0869999999995,1,0.007784775,0
190,225,2269.5380000000005,1,0.007889801,0
177,255,2270.598000000002,1,0.013986407,0
76,50,2281.148000000001,1,0.009027754,0
220,64,2293.2160000000003,1,0.009037178,0
204,80,2293.785,1,0.008780059,0
5,82,2293.875,1,0.009150157,0
92,114,2294.9840000000004,1,0.023470039,0
88,116,2295.059000000001,1,0.010552893,0
193,127,2295.446,1,0.009432725,0
344,167,2296.8650000000016,1,0.007646851,0
280,199,2297.975000000002,1,0.007489196,0
180,215,2298.559000000001,1,0.014237067,0
18,216,2298.5780000000013,1,0.012715247,0
23,220,2298.7210000000014,1,0.012692432,0
183,56,2303.5869999999995,1,0.008607414,0
215,73,2304.1929999999993,1,0.008539573,0
204,80,2304.4249999999993,1,0.008762428,0
161,115,2305.6870000000017,1,0.010604255,0
323,190,2308.3280000000013,1,0.007554799,0
137,82,2326.8050000000003,1,0.541848242,0
136,82,2327.589,1,0.886441588,0
32,48,2330.1949999999997,1,0.034645453,0
62,11,2331.3640000000014,1,0.009120408,0
78,69,2333.403000000002,1,0.008907981,0
197,78,2333.727999999999,1,0.009343969,0
257,88,2334.0689999999995,1,0.033648204,0
80,231,2339.113000000001,1,0.008439651,0
1,238,2339.3600000000006,1,0.007617591,0
177,248,2340.227999999999,1,0.008350944,0
31,5,2341.8070000000007,1,0.008915588,0
329,15,2342.1630000000005,1,0.010039030,0
311,24,2342.4490000000005,1,0.010341945,0
340,34,2342.8250000000007,1,0.009921316,0
108,36,2342.898000000001,1,0.048932765,0
220,47,2343.2930000000015,1,0.009560013,0
55,52,2343.464,1,0.008785962,0
8,54,2343.527000000002,1,0.011939297,0
313,17,2344.064000000002,1,0.007433536,0
238,73,2344.183000000001,1,0.009611663,0
143,79,2344.392,1,0.123698749,0
139,80,2344.4320000000007,1,0.792017877,0
305,86,2344.6440000000002,1,0.008318169,0
193,92,2344.879000000001,1,0.009632833,0
198,93,2344.885000000002,1,0.007444342,0
196,95,2344.9629999999997,1,0.008794109,0
332,104,2345.2700000000004,1,0.006301259,0
329,104,2345.285,1,0.007386019,0
128,108,2345.421000000002,1,0.015824249,0
291,109,2345.4500000000007,1,0.009734045,0
222,115,2345.6620000000003,1,0.009677581,0
295,119,2345.808000000001,1,0.009556100,0
215,119,2345.827000000001,1,0.008986163,0
12,125,2346.0149999999994,1,0.013834043,0
88,128,2346.143,1,0.018289188,0
55,130,2346.215,1,0.014327470,0
48,132,2346.2620000000024,1,0.014126471,0
9,141,2346.6059999999998,1,0.013375678,0
40,142,2346.616000000002,1,0.013910376,0
299,144,2346.6929999999993,1,0.012171523,0
45,152,2346.9680000000008,1,0.013952935,0
95,164,2347.388999999999,1,0.008464303,0
162,181,2347.9900000000016,1,0.009417352,0
294,183,2348.0600000000013,1,0.008068923,0
23,197,2348.554,1,0.007848299,0
160,199,2348.6219999999994,1,0.009109236,0
247,200,2348.6620000000003,1,0.008025368,0
240,202,2348.727999999999,1,0.007315635,0
199,210,2349.0390000000007,1,0.007027121,0
91,212,2349.0879999999997,1,0.008270002,0
31,240,2350.0570000000007,1,0.012431287,0
231,254,2350.5699999999997,1,0.004412589,0
200,224,2361.9050000000025,1,0.006963175,0
188,36,2372.2260000000024,1,0.008785020,0
72,37,2372.2710000000006,1,0.008985743,0
248,44,2372.5159999999996,1,0.008625914,0
280,55,2372.9220000000023,1,0.008204449,0
212,56,2372.934000000001,1,0.008882161,0
255,63,2373.1860000000015,1,0.009333496,0
251,64,2373.227999999999,1,0.011520392,0
219,69,2373.4180000000015,1,0.008903191,0
119,72,2373.5149999999994,1,0.009330014,0
43,75,2373.6270000000004,1,0.011178911,0
24,104,2374.6490000000013,1,0.014422848,0
53,111,2374.880000000001,1,0.016085599,0
288,126,2375.4079999999994,1,0.009937943,0
239,135,2375.727999999999,1,0.008885655,0
237,136,2375.767,1,0.009409842,0
273,141,2375.940999999999,1,0.009798837,0
257,157,2376.495999999999,1,0.009375768,0
276,158,2376.5339999999997,1,0.009537613,0
326,160,2376.607,1,0.007901757,0
227,141,2377.921000000002,1,0.009027665,0
136,200,2378.0159999999996,1,0.013823594,0
39,224,2378.8820000000014,1,0.012785859,0
273,207,2380.1440000000002,1,0.007384120,0
104,77,2384.3290000000015,1,0.009163603,0
215,80,2384.457000000002,1,0.008662175,0
238,108,2385.4180000000015,1,0.009423614,0
325,116,2385.696,1,0.007927041,0
286,126,2386.076000000001,1,0.014363077,0
112,144,2386.708999999999,1,0.017464006,0
111,146,2386.7580000000016,1,0.016552828,0
132,151,2386.9480000000003,1,0.019917270,0
208,160,2387.251,1,0.004230334,0
197,178,2387.8960000000006,1,0.008277686,0
9,222,2389.4449999999997,1,0.007820487,0
72,256,2390.6460000000006,1,0.012602008,0
142,84,2392.798999999999,0,0.384333193,0
138,83,2393.881000000001,1,0.045301054,0
111,16,2411.5210000000006,1,0.009168959,0
151,16,2411.536,1,0.009151885,0
159,18,2411.594000000001,1,0.009446113,0
135,43,2412.487000000001,1,0.008496090,0
175,79,2413.754000000001,1,0.009892038,0
66,89,2414.1010000000024,1,0.019508703,0
260,127,2415.447,1,0.009776012,0
44,152,2416.3199999999997,1,0.008877209,0
338,175,2417.138999999999,1,0.007549549,0
220,187,2417.5560000000005,1,0.003225730,0
235,197,2417.9050000000025,1,0.007228051,0
130,238,2419.351999999999,1,0.008227207,0
43,244,2419.5689999999995,1,0.007529539,0
143,85,2420.572,0,0.355195016,0
9,24,2422.469000000001,1,0.044760615,0
112,37,2422.934000000001,1,0.048967019,0
18,96,2425.022000000001,1,0.010411861,0
71,104,2425.280999999999,1,0.010667070,0
64,105,2425.3150000000023,1,0.009700590,0
160,109,2425.4540000000015,1,0.006021318,0
32,48,2425.5070000000014,1,0.008970164,0
158,121,2425.874,1,0.017330011,0
1,123,2425.970000000001,1,0.008558071,0
146,140,2426.566999999999,1,0.033206265,0
276,144,2426.709999999999,1,0.016093411,0
221,154,2427.0390000000007,1,0.009057489,0
222,160,2427.25,1,0.008531111,0
40,164,2427.392,1,0.008337083,0
338,177,2427.869999999999,1,0.007586046,0
47,223,2429.473000000002,1,0.007723063,0
132,248,2430.3510000000024,1,0.013074826,0
133,251,2430.4670000000006,1,0.013048424,0
308,105,2435.41,1,0.008266584,0
183,224,2450.0620000000017,1,0.013770772,0
107,178,2457.2620000000024,1,0.009158673,0
158,24,2460.4580000000024,0,0.308194339,0
159,24,2461.738000000001,0,0.651232898,0
59,13,2462.0879999999997,1,0.040766783,0
296,14,2462.1010000000024,1,0.010307518,0
3,35,2462.849000000002,1,0.032054290,0
198,38,2462.9710000000014,1,0.020470023,0
25,53,2463.4799999999996,1,0.004668950,0
148,96,2465.0159999999996,1,0.004505911,0
11,98,2465.064000000002,1,0.009532380,0
150,99,2465.1039999999994,1,0.005055343,0
73,109,2465.456000000002,1,0.009993016,0
48,156,2467.112000000001,1,0.008444309,0
143,186,2468.184000000001,1,0.008461691,0
219,194,2468.446,1,0.004632738,0
130,23,2472.6219999999994,1,0.009973763,0
60,13,2491.4249999999993,1,0.009117642,0
15,16,2491.540000000001,1,0.008824578,0
28,55,2492.9069999999992,1,0.004894831,0
88,83,2493.9089999999997,1,0.005209902,0
143,86,2493.995999999999,1,0.886971354,0
32,48,2494.2790000000023,1,0.033384729,0
17,102,2494.577000000001,1,0.014253687,0
10,166,2496.8379999999997,1,0.007993078,0
82,206,2498.2350000000006,1,0.013566284,0
198,222,2498.804,1,0.010935429,0
254,21,2502.366000000002,1,0.010450618,0
289,36,2502.9010000000017,1,0.010633471,0
295,54,2503.5110000000022,1,0.007866678,0
120,93,2504.8830000000016,1,0.005988406,0
335,136,2506.4000000000015,1,0.010643549,0
245,148,2506.8430000000008,1,0.020689489,0
52,151,2506.9350000000013,1,0.014068197,0
309,164,2507.3960000000006,1,0.008207201,0
225,165,2507.4300000000003,1,0.008771435,0
335,168,2507.5329999999994,1,0.007722216,0
5,179,2507.923999999999,1,0.008092069,0
7,184,2508.119999999999,1,0.007922684,0
3,187,2508.201000000001,1,0.007756171,0
155,252,2510.504000000001,1,0.013350191,0
311,60,2533.081000000002,1,0.008043419,0
54,63,2533.1850000000013,1,0.005618683,0
294,68,2533.3549999999996,1,0.007900287,0
202,71,2533.4710000000014,1,0.009184022,0
325,93,2534.2440000000024,1,0.010631570,0
63,95,2534.326000000001,1,0.018199272,0
139,119,2535.1569999999992,1,0.014801219,0
17,132,2535.616000000002,1,0.008295947,0
280,166,2536.827000000001,1,0.008746005,0
5,172,2537.0430000000015,1,0.008743657,0
127,175,2537.1330000000016,1,0.008569538,0
215,176,2537.171000000002,1,0.005031246,0
106,181,2537.368000000002,1,0.008722657,0
210,182,2537.3990000000013,1,0.009572307,0
96,186,2537.5290000000023,1,0.009238824,0
306,228,2539.0030000000006,1,0.006935504,0
46,238,2539.3590000000004,1,0.008073946,0
233,244,2541.4310000000005,1,0.004889445,0
30,4,2541.768,1,0.009097142,0
167,8,2541.9140000000007,1,0.009087261,0
183,9,2541.933000000001,1,0.007811792,0
270,29,2542.6409999999996,1,0.010653058,0
45,31,2542.6980000000003,1,0.047768615,0
265,32,2542.7479999999996,1,0.010721939,0
269,35,2542.861000000001,1,0.010824835,0
115,45,2543.2000000000007,1,0.008711293,0
116,47,2543.2610000000022,1,0.006790591,0
112,47,2543.2839999999997,1,0.006625566,0
81,47,2543.2870000000003,1,0.008565381,0
119,59,2543.689000000002,1,0.008628165,0
310,61,2543.767,1,0.007238275,0
280,64,2543.866000000002,1,0.008433815,0
284,76,2544.2999999999993,1,0.008931423,0
174,76,2544.313000000002,1,0.010017499,0
224,88,2544.725000000002,1,0.009165586,0
269,94,2544.920000000002,1,0.011103663,0
148,102,2545.2030000000013,1,0.005632315,0
296,115,2545.6759999999995,1,0.008875989,0
114,120,2545.8379999999997,1,0.012339476,0
117,122,2545.9079999999994,1,0.012171575,0
108,124,2546.0,1,0.024901442,0
147,125,2546.041000000001,1,0.055846944,0
237,144,2546.6860000000015,1,0.029119680,0
254,144,2546.707000000002,1,0.019831343,0
287,148,2546.8460000000014,1,0.013489453,0
289,149,2546.8830000000016,1,0.013126372,0
175,159,2547.2129999999997,1,0.011457784,0
147,87,2547.7999999999993,0,0.909229219,1
239,189,2548.2790000000023,1,0.008425776,0
324,224,2549.5159999999996,1,0.007060522,0
215,247,2550.3230000000003,1,0.009780942,0
282,51,2572.763999999999,1,0.007961762,0
146,86,2573.987000000001,1,0.940886378,1
56,107,2574.7440000000024,1,0.016274674,0
148,87,2574.9799999999996,0,0.725948393,0
148,168,2576.887999999999,1,0.009575653,0
142,183,2577.416000000001,1,0.008428581,0
3,207,2578.2750000000015,1,0.012670974,0
337,208,2578.3009999999995,1,0.010469640,0
150,86,2579.7760000000017,0,0.904750824,1
140,255,2579.957000000002,1,0.008617580,0
107,3,2581.7180000000008,1,0.004847320,0
107,4,2581.7649999999994,1,0.009559038,0
178,7,2581.8770000000004,1,0.008010701,0
106,8,2581.8950000000004,1,0.009439592,0
256,13,2582.0730000000003,1,0.010256398,0
61,14,2582.107,1,0.040784229,0
261,16,2582.173999999999,1,0.010356685,0
70,21,2582.3650000000016,1,0.041739680,0
24,22,2582.3820000000014,1,0.044174131,0
15,23,2582.4269999999997,1,0.044978343,0
137,27,2582.563000000002,1,0.044419203,0
243,31,2582.6990000000005,1,0.010633371,0
223,32,2582.736000000001,1,0.011077650,0
40,32,2582.754000000001,1,0.047549360,0
45,35,2582.8410000000003,1,0.047566395,0
41,38,2582.9530000000013,1,0.047468055,0
152,40,2583.046000000002,1,0.009172422,0
259,43,2583.1490000000013,1,0.008333580,0
309,44,2583.179,1,0.007429856,0
121,45,2583.2030000000013,1,0.008626889,0
8,48,2583.321,1,0.006635000,0
36,52,2583.4540000000015,1,0.008913973,0
214,57,2583.6150000000016,1,0.008923963,0
210,58,2583.6569999999992,1,0.009165416,0
303,60,2583.7210000000014,1,0.007710835,0
182,67,2583.9979999999996,1,0.015742265,0
120,68,2584.0070000000014,1,0.009122680,0
242,70,2584.0800000000017,1,0.009342120,0
199,71,2584.129000000001,1,0.008590743,0
298,72,2584.1500000000015,1,0.008125354,0
71,74,2584.2390000000014,1,0.003853481,0
8,77,2584.3189999999995,1,0.010178374,0
311,78,2584.3690000000024,1,0.007596830,0
204,78,2584.379000000001,1,0.009019085,0
63,79,2584.4190000000017,1,0.013354651,0
204,80,2584.422999999999,1,0.008591348,0
300,80,2584.4370000000017,1,0.008269886,0
63,83,2584.5570000000007,1,0.005795354,0
341,87,2584.6749999999993,1,0.007180491,0
179,87,2584.6850000000013,1,0.034727361,0
16,88,2584.7170000000006,1,0.012716618,0
260,88,2584.733,1,0.009246278,0
16,89,2584.754000000001,1,0.009684730,0
71,90,2584.796000000002,1,0.011576201,0
338,94,2584.9429999999993,1,0.007362716,0
131,95,2584.982,1,0.005474851,0
64,109,2585.474000000002,1,0.006485580,0
63,110,2585.4850000000006,1,0.009931442,0
237,110,2585.509000000002,1,0.009655747,0
65,114,2585.642,1,0.009536644,0
71,115,2585.671000000002,1,0.009762920,0
271,126,2586.0499999999993,1,0.020109842,0
145,134,2586.339,1,0.039747413,0
170,134,2586.352999999999,1,0.047834586,0
134,141,2586.589,1,0.026386891,0
68,143,2586.6500000000015,1,0.014539137,0
136,144,2586.7030000000013,1,0.025783779,0
16,149,2586.8830000000016,1,0.013488323,0
259,150,2586.923999999999,1,0.020444289,0
120,152,2586.970000000001,1,0.016471868,0
260,152,2586.988000000001,1,0.017491037,0
176,153,2587.023000000001,1,0.012073481,0
17,158,2587.188000000002,1,0.008358872,0
193,162,2587.3179999999993,1,0.010111194,0
317,181,2588.0080000000016,1,0.007618723,0
12,192,2588.388999999999,1,0.008358422,0
163,216,2589.2350000000006,1,0.008792235,0
244,224,2589.5120000000024,1,0.006285016,0
308,204,2589.839,1,0.007601990,0
319,252,2590.5110000000022,1,0.009824445,0
147,87,2599.433000000001,1,0.709745944,0
311,24,2611.8100000000013,1,0.007198544,0
260,38,2612.3150000000023,1,0.007708636,0
145,53,2612.8300000000017,1,0.008399384,0
328,113,2614.9540000000015,1,0.010745422,0
308,122,2615.2760000000017,1,0.008191500,0
127,152,2616.333999999999,1,0.009430319,0
199,209,2618.3539999999994,1,0.010525730,0
192,222,2618.8150000000023,1,0.012316676,0
151,87,2619.190999999999,0,0.889285028,0
152,28,2622.5910000000003,1,0.044660348,0
272,29,2622.634000000002,1,0.010639388,0
47,46,2623.2350000000006,1,0.008587207,0
34,139,2626.5070000000014,1,0.013807916,0
315,155,2627.0920000000006,1,0.007986808,0
288,157,2627.1409999999996,1,0.008795864,0
311,160,2627.2750000000015,1,0.008216066,0
183,168,2627.5600000000013,1,0.009840122,0
149,86,2634.8830000000016,1,0.065083794,0
98,6,2651.183000000001,1,0.009335618,0
153,87,2652.398000000001,0,0.962380946,1
24,52,2652.8070000000007,1,0.003738882,0
62,52,2652.8189999999995,1,0.009046378,0
12,67,2653.332000000002,1,0.009945152,0
254,80,2653.780999999999,1,0.009611536,0
15,101,2654.5300000000025,1,0.014189399,0
158,115,2655.0120000000024,1,0.015294896,0
339,123,2655.2970000000023,1,0.007590962,0
73,125,2655.374,1,0.009636228,0
314,150,2656.2649999999994,1,0.008266119,0
227,162,2656.6749999999993,1,0.011171238,0
112,163,2656.7119999999995,1,0.009618970,0
277,167,2656.876,1,0.008062254,0
61,174,2657.100000000002,1,0.008700265,0
255,177,2657.1990000000005,1,0.008976419,0
11,182,2657.3870000000024,1,0.008577238,0
301,199,2657.9940000000024,1,0.007832972,0
319,205,2658.1870000000017,1,0.010623689,0
233,215,2658.554,1,0.008875515,0
155,226,2658.9300000000003,1,0.013741216,0
255,7,2661.8770000000004,1,0.006924961,0
293,14,2662.120999999999,1,0.010295951,0
21,22,2662.387999999999,1,0.044074398,0
158,24,2662.459999999999,1,0.044327822,0
253,42,2663.09,1,0.008431905,0
320,51,2663.421000000002,1,0.006727327,0
318,53,2663.488000000001,1,0.006615277,0
159,28,2663.653000000002,0,0.294901907,0
312,71,2664.1399999999994,1,0.007495402,0
8,74,2664.2299999999996,1,0.009844347,0
7,76,2664.3009999999995,1,0.009193685,0
311,101,2665.171000000002,1,0.008476458,0
71,123,2665.9619999999995,1,0.009291261,0
30,157,2667.166000000001,1,0.008560718,0
39,179,2667.922999999999,1,0.008203445,0
341,183,2668.0689999999995,1,0.007361441,0
13,184,2668.094000000001,1,0.007890126,0
112,188,2668.238000000001,1,0.008384071,0
328,190,2668.308000000001,1,0.007554716,0
204,191,2668.363000000001,1,0.008068014,0
344,221,2669.398000000001,1,0.007019665,0
151,87,2674.315999999999,1,0.071241587,0
151,87,2687.6490000000013,1,0.933317780,1
159,28,2689.3019999999997,0,0.159812555,0
120,37,2692.2710000000006,1,0.009100251,0
217,68,2693.369999999999,1,0.008863795,0
151,88,2694.0879999999997,1,0.073255844,0
152,95,2694.313000000002,1,0.104136012,0
150,125,2695.3780000000006,1,0.014671463,0
286,141,2695.938000000002,1,0.009828231,0
300,143,2696.004000000001,1,0.008936160,0
48,150,2696.268,1,0.009029093,0
179,152,2696.3240000000005,1,0.011565758,0
128,159,2696.564000000002,1,0.010326398,0
22,223,2698.821,1,0.012649391,0
264,239,2699.3860000000022,1,0.006613970,0
91,244,2699.564000000002,1,0.007773544,0
90,248,2699.7309999999998,1,0.007648806,0
7,255,2699.956000000002,1,0.007687531,0
218,16,2702.1980000000003,1,0.009854001,0
144,19,2702.303,1,0.044252563,0
194,21,2702.351999999999,1,0.011039945,0
235,23,2702.4130000000005,1,0.010297429,0
226,45,2703.2170000000006,1,0.009828204,0
164,57,2703.616000000002,1,0.009718742,0
167,63,2703.849000000002,1,0.009030177,0
141,87,2704.679,1,0.010481590,0
75,107,2705.4069999999992,1,0.010335120,0
150,110,2705.4890000000014,1,0.013846937,0
219,136,2706.402000000002,1,0.044348136,0
217,137,2706.438000000002,1,0.044352531,0
154,88,2708.1759999999995,0,0.974034011,1
110,189,2708.272000000001,1,0.008350813,0
240,194,2708.4720000000016,1,0.008480807,0
40,212,2709.082000000002,1,0.008125328,0
280,242,2710.1630000000005,1,0.010006567,0
39,246,2710.2819999999992,1,0.012438050,0
287,247,2710.326000000001,1,0.009877524,0
103,255,2710.613000000001,1,0.012777833,0
156,87,2717.869999999999,0,0.923207223,1
260,76,2733.638999999999,1,0.011539044,0
129,157,2736.4969999999994,1,0.009059009,0
166,167,2736.8460000000014,1,0.011000942,0
163,168,2736.880000000001,1,0.010548876,0
269,207,2738.268,1,0.010742208,0
311,252,2739.8729999999996,1,0.006530974,0
140,5,2741.152000000002,1,0.009254463,0
155,88,2741.172999999999,0,0.985441804,1
267,5,2741.8070000000007,1,0.006950941,0
182,6,2741.833999999999,1,0.007154130,0
88,6,2741.8430000000008,1,0.009379999,0
316,12,2742.0290000000023,1,0.010131990,0
309,13,2742.064000000002,1,0.010206752,0
311,14,2742.120999999999,1,0.010214603,0
153,86,2742.2289999999994,1,0.071166426,0
231,20,2742.309000000001,1,0.010082221,0
296,23,2742.4449999999997,1,0.010435879,0
251,24,2742.457000000002,1,0.010525991,0
279,24,2742.475000000002,1,0.010519890,0
271,25,2742.509000000002,1,0.010568444,0
223,29,2742.634000000002,1,0.010653883,0
95,29,2742.6370000000024,1,0.044836946,0
293,36,2742.8960000000006,1,0.010579704,0
32,48,2743.0780000000013,1,0.008912483,0
103,43,2743.1219999999994,1,0.008570717,0
100,44,2743.1670000000013,1,0.006600866,0
101,44,2743.184000000001,1,0.011742554,0
131,49,2743.3470000000016,1,0.008544427,0
241,54,2743.5329999999994,1,0.009729399,0
5,61,2743.762999999999,1,0.010026142,0
92,64,2743.8650000000016,1,0.007216836,0
301,64,2743.880000000001,1,0.007936473,0
90,66,2743.9530000000013,1,0.006938678,0
94,71,2744.1100000000006,1,0.008872328,0
6,71,2744.135000000002,1,0.010034671,0
153,87,2744.165000000001,1,0.986878574,1
224,76,2744.304,1,0.006606302,0
149,78,2744.358,1,0.062104244,0
0,80,2744.4249999999993,1,0.009208913,0
224,80,2744.456000000002,1,0.006324416,0
7,84,2744.594000000001,1,0.009143216,0
1,86,2744.6409999999996,1,0.009126283,0
192,92,2744.8510000000024,1,0.009150217,0
39,93,2744.905999999999,1,0.009237113,0
134,102,2745.2080000000024,1,0.006637141,0
342,107,2745.380000000001,1,0.007029078,0
338,128,2746.126,1,0.010522654,0
337,133,2746.316999999999,1,0.010574115,0
185,148,2746.826000000001,1,0.025919788,0
68,153,2747.004000000001,1,0.008853549,0
317,156,2747.1090000000004,1,0.008080186,0
342,167,2747.5210000000006,1,0.007414831,0
184,188,2748.244999999999,1,0.009253711,0
166,199,2748.6229999999996,1,0.009103033,0
62,215,2749.2119999999995,1,0.007753075,0
60,238,2750.012999999999,1,0.012786980,0
154,88,2757.5030000000006,1,0.967036366,1
176,32,2772.1150000000016,1,0.009014016,0
319,48,2772.6550000000025,1,0.006996762,0
31,50,2772.724000000002,1,0.008614371,0
232,54,2772.866000000002,1,0.011207384,0
287,56,2772.947,1,0.007672360,0
288,61,2773.120999999999,1,0.008037981,0
239,67,2773.327000000001,1,0.009335997,0
18,96,2774.344000000001,1,0.014180568,0
287,105,2774.666000000001,1,0.013997999,0
210,157,2776.504000000001,1,0.004217532,0
258,167,2776.849000000002,1,0.009631496,0
109,252,2776.928,1,0.007653113,0
232,174,2777.100000000002,1,0.009805515,0
10,175,2777.135000000002,1,0.008218087,0
61,188,2777.607,1,0.008772070,0
130,214,2778.5080000000016,1,0.013542484,0
158,87,2778.5730000000003,0,0.722472787,0
3,223,2778.826000000001,1,0.012547331,0
76,224,2778.862000000001,1,0.013189931,0
313,253,2779.8940000000002,1,0.006608312,0
155,88,2780.2050000000017,1,0.941966712,1
159,30,2781.7930000000015,0,0.168348804,0
77,14,2782.125,1,0.042990163,0
114,18,2782.2440000000024,1,0.044242673,0
147,22,2782.3990000000013,1,0.044300962,0
100,64,2783.8909999999996,1,0.009120912,0
308,228,2784.888999999999,1,0.007119069,0
94,158,2787.190999999999,1,0.008768567,0
158,88,2789.612000000001,0,0.805473506,0
271,227,2789.6229999999996,1,0.007267489,0
157,89,2789.759000000002,0,0.963017523,1
225,234,2789.861000000001,1,0.004350304,0
159,87,2790.376,0,0.900856197,1
155,87,2791.8430000000008,1,0.932724893,1
171,220,2803.6589999999997,1,0.008211887,0
120,43,2812.504000000001,1,0.009085703,0
37,50,2812.732,1,0.008436008,0
51,59,2813.045000000002,1,0.008855775,0
50,95,2814.3120000000017,1,0.016380038,0
139,39,2822.9979999999996,1,0.049025562,0
233,72,2824.1690000000017,1,0.009190484,0
110,88,2824.7340000000004,1,0.005119407,0
239,103,2825.256000000001,1,0.009450375,0
71,109,2825.457000000002,1,0.010346192,0
281,118,2825.777000000002,1,0.010515671,0
285,120,2825.84,1,0.010720846,0
160,87,2825.857,0,0.568146706,0
214,136,2826.405999999999,1,0.044380937,0
162,141,2826.598000000002,1,0.041959006,0
159,29,2826.6440000000002,1,0.044388533,0
228,143,2826.6510000000017,1,0.038155761,0
135,144,2826.7050000000017,1,0.025812829,0
335,150,2826.9040000000023,1,0.010670165,0
109,151,2826.9320000000007,1,0.015114649,0
264,152,2826.973000000002,1,0.018230157,0
269,155,2827.0800000000017,1,0.009583053,0
272,156,2827.120999999999,1,0.010338495,0
136,158,2827.202000000001,1,0.009410908,0
304,164,2827.3899999999994,1,0.008219086,0
231,166,2827.4580000000024,1,0.010304551,0
299,167,2827.499,1,0.008328895,0
242,176,2827.816999999999,1,0.009533816,0
245,178,2827.885000000002,1,0.006815583,0
246,179,2827.9190000000017,1,0.004891102,0
0,189,2828.2710000000006,1,0.008059425,0
238,209,2828.991000000002,1,0.006630398,0
323,212,2829.083999999999,1,0.007676837,0
111,223,2829.470000000001,1,0.007872717,0
27,227,2829.6140000000014,1,0.007664268,0
176,232,2829.7999999999993,1,0.008445147,0
239,238,2830.004000000001,1,0.008406281,0
158,87,2834.528000000002,1,0.081512578,0
32,48,2839.9720000000016,1,0.008904845,0
23,5,2851.134000000002,1,0.008630022,0
91,13,2851.416000000001,1,0.009202363,0
8,19,2851.6330000000016,1,0.008996148,0
157,20,2851.665000000001,1,0.009378493,0
69,21,2851.7040000000015,1,0.009028732,0
95,32,2852.0920000000006,1,0.008858886,0
245,32,2852.1010000000024,1,0.007558493,0
183,36,2852.2350000000006,1,0.008867745,0
278,40,2852.381000000001,1,0.007756344,0
121,54,2852.881000000001,1,0.008442054,0
150,71,2853.465,1,0.010419381,0
88,78,2853.708999999999,1,0.006560780,0
176,80,2853.791000000001,1,0.009987223,0
247,94,2854.2760000000017,1,0.044238936,0
29,94,2854.296000000002,1,0.014665067,0
42,114,2854.9890000000014,1,0.015261416,0
215,117,2855.0930000000008,1,0.008820526,0
65,128,2855.482,1,0.009335661,0
232,131,2855.5869999999995,1,0.009476717,0
320,135,2855.7210000000014,1,0.007783301,0
312,144,2856.065999999999,1,0.008000503,0
158,148,2856.178,1,0.013081117,0
159,89,2856.316999999999,0,0.276190221,0
261,158,2856.5390000000007,1,0.009614296,0
212,176,2857.1720000000023,1,0.006787659,0
11,191,2857.702000000001,1,0.007991429,0
209,194,2857.8060000000005,1,0.008727698,0
221,233,2860.397000000001,1,0.004704600,0
229,13,2862.063000000002,1,0.009881134,0
152,39,2863.009000000002,1,0.009050815,0
288,41,2863.0750000000007,1,0.007483697,0
268,44,2863.178,1,0.007831490,0
156,54,2863.5120000000024,1,0.009032137,0
57,81,2864.4619999999995,1,0.011618533,0
165,175,2867.7819999999992,1,0.010141961,0
88,213,2869.131000000001,1,0.007857811,0
59,239,2870.0370000000003,1,0.012766320,0
20,252,2870.5110000000022,1,0.012164795,0
32,48,2892.661,1,0.008598202,0
223,32,2893.259000000002,1,0.008006038,0
301,182,2893.5149999999994,1,0.008094962,0
31,114,2894.976999999999,1,0.014640689,0
160,116,2895.0509999999995,1,0.012987202,0
25,116,2895.071,1,0.008856964,0
44,152,2896.3230000000003,1,0.008769060,0
46,218,2898.661,1,0.012993977,0
248,220,2898.719000000001,1,0.009515319,0
87,220,2898.7400000000016,1,0.013382847,0
237,240,2899.4220000000023,1,0.004601336,0
159,30,2902.6620000000003,1,0.044399615,0
106,71,2904.137999999999,1,0.009203855,0
306,72,2904.165000000001,1,0.007725676,0
309,79,2904.420000000002,1,0.007807798,0
158,88,2904.7109999999993,1,0.363449574,0
331,88,2904.7260000000024,1,0.007188807,0
268,103,2905.260000000002,1,0.011173447,0
160,90,2905.4010000000017,0,0.521398902,0
193,118,2905.780999999999,1,0.009528383,0
36,136,2906.4069999999992,1,0.013839301,0
33,142,2906.6219999999994,1,0.013823718,0
163,149,2906.8860000000022,1,0.032727621,0
316,167,2907.5,1,0.007952438,0
23,195,2908.499,1,0.007903728,0
32,197,2908.5570000000007,1,0.008065652,0
314,199,2908.635000000002,1,0.007914982,0
56,256,2910.652000000002,1,0.012463965,0
61,253,2912.1360000000022,1,0.007650568,0
206,9,2931.277000000002,1,0.006318142,0
328,39,2932.358,1,0.006995212,0
47,44,2932.5210000000006,1,0.008572422,0
173,57,2932.982,1,0.008354163,0
32,48,2933.6100000000006,1,0.008877923,0
115,96,2934.350000000002,1,0.045578651,0
160,91,2934.361000000001,0,0.742109478,0
314,103,2934.4979999999996,1,0.011327528,0
72,101,2934.528000000002,1,0.020163553,0
163,106,2934.7080000000024,1,0.085509323,0
27,110,2934.8590000000004,1,0.014500949,0
96,112,2934.923999999999,1,0.026506711,0
43,121,2935.226999999999,1,0.009368206,0
105,122,2935.267,1,0.011847090,0
136,145,2936.084999999999,1,0.011605367,0
336,166,2936.8150000000023,1,0.007641960,0
223,176,2937.171000000002,1,0.008163813,0
238,192,2937.7350000000006,1,0.008718683,0
231,194,2937.798999999999,1,0.007959559,0
215,204,2938.1670000000013,1,0.010969360,0
119,205,2938.190999999999,1,0.013628576,0
275,207,2938.2620000000024,1,0.010707322,0
184,208,2938.296000000002,1,0.013447340,0
24,214,2938.5149999999994,1,0.012846557,0
189,215,2938.5509999999995,1,0.012643192,0
323,220,2938.7289999999994,1,0.010443524,0
258,224,2938.8549999999996,1,0.010328124,0
47,240,2939.421000000002,1,0.007586624,0
23,244,2939.5930000000008,1,0.007505191,0
215,247,2939.6690000000017,1,0.008519914,0
263,218,2940.135000000002,1,0.007525681,0
203,31,2942.725000000002,1,0.011696481,0
64,62,2943.8120000000017,1,0.008664809,0
170,100,2945.143,1,0.009402746,0
303,136,2946.4120000000003,1,0.012093718,0
160,32,2952.3330000000024,1,0.139991850,0
135,3,2971.0699999999997,1,0.008983658,0
296,5,2971.1399999999994,1,0.006887149,0
129,9,2971.2839999999997,1,0.009048472,0
224,27,2971.929,1,0.007324542,0
210,32,2972.0879999999997,1,0.008320612,0
234,50,2972.732,1,0.009860671,0
26,52,2972.814000000002,1,0.004789500,0
32,48,2973.688000000002,1,0.009302398,0
155,88,2974.0699999999997,1,0.077853382,0
129,93,2974.251,1,0.069374591,0
150,103,2974.616000000002,1,0.082395211,0
121,104,2974.6219999999994,1,0.052432563,0
66,118,2975.1219999999994,1,0.009515715,0
227,136,2975.777000000002,1,0.009328239,0
182,211,2978.3990000000013,1,0.013956661,0
50,216,2978.576000000001,1,0.013076711,0
27,246,2979.6460000000006,1,0.007690344,0
159,32,2981.438000000002,1,0.894484520,0
160,34,2981.6320000000014,0,0.384188592,0
71,2,2981.701000000001,1,0.009704783,0
307,17,2982.2080000000024,1,0.010266495,0
302,32,2982.7400000000016,1,0.010451668,0
304,33,2982.7700000000004,1,0.010437144,0
87,38,2982.9660000000003,1,0.048604064,0
336,44,2983.1620000000003,1,0.007285990,0
333,45,2983.197,1,0.006840427,0
120,47,2983.2700000000004,1,0.008869221,0
119,56,2983.599000000002,1,0.008729975,0
219,57,2983.6190000000024,1,0.008533604,0
215,60,2983.733,1,0.009323282,0
143,61,2983.7829999999994,1,0.008740127,0
138,64,2983.8820000000014,1,0.028058242,0
290,80,2984.4269999999997,1,0.008868885,0
236,84,2984.5679999999993,1,0.009352081,0
84,86,2984.6370000000024,1,0.007135549,0
210,89,2984.7700000000004,1,0.007107834,0
214,93,2984.9120000000003,1,0.005158932,0
202,94,2984.9269999999997,1,0.009045129,0
253,172,2987.691999999999,1,0.009156954,0
23,243,2990.178,1,0.012333149,0
275,213,2990.8870000000024,1,0.010608008,0
83,12,3011.3899999999994,1,0.009120141,0
44,19,3011.642,1,0.009107929,0
268,24,3011.814000000002,1,0.007331490,0
231,36,3012.232,1,0.008100500,0
180,37,3012.268,1,0.009781248,0
74,106,3012.5650000000023,1,0.010522307,0
197,47,3012.625,1,0.008598661,0
215,247,3013.5689999999995,1,0.007907287,0
54,104,3014.6409999999996,1,0.016244182,0
118,111,3014.885000000002,1,0.044696238,0
291,116,3015.063000000002,1,0.009667691,0
160,89,3016.1579999999994,1,0.428963333,0
151,152,3016.345000000001,1,0.011517619,0
16,157,3016.505000000001,1,0.009368113,0
275,221,3018.760000000002,1,0.010474991,0
94,254,3019.9249999999993,1,0.007933282,0
329,103,3025.237000000001,1,0.007732981,0
309,112,3025.5780000000013,1,0.008440721,0
335,124,3025.982,1,0.007730357,0
160,35,3029.619999999999,0,0.767266810,0
160,92,3039.6670000000013,0,0.621245444,0
84,7,3051.220000000001,1,0.009310132,0
135,24,3051.804,1,0.009589079,0
248,37,3052.2710000000006,1,0.007958245,0
159,88,3054.0730000000003,1,0.191178441,0
159,90,3054.1440000000002,1,0.191300660,0
186,95,3054.326000000001,1,0.056107368,0
156,102,3054.553,1,0.089717388,0
26,114,3054.9840000000004,1,0.014643868,0
295,175,3057.130000000001,1,0.008407922,0
202,82,3064.505000000001,1,0.008769222,0
160,36,3064.618000000002,0,0.238439038,0
192,141,3066.5830000000024,1,0.028640740,0
36,173,3067.707000000002,1,0.008629059,0
189,189,3068.2800000000025,1,0.008036049,0
264,238,3070.005000000001,1,0.009700269,0
32,48,3075.233,1,0.008670434,0
159,92,3075.863000000001,0,0.874603510,0
285,97,3089.295000000002,1,0.010112697,0
15,14,3091.459999999999,1,0.008796337,0
304,31,3092.0610000000015,1,0.007338820,0
159,34,3092.1579999999994,1,0.635494471,0
63,48,3092.6579999999994,1,0.008560168,0
143,49,3092.6900000000023,1,0.008516878,0
87,50,3092.733,1,0.008573143,0
75,104,3094.6399999999994,1,0.020782048,0
93,112,3094.9069999999992,1,0.025508739,0
217,132,3095.6140000000014,1,0.009348265,0
264,180,3097.3120000000017,1,0.008497182,0
91,189,3097.6500000000015,1,0.008603887,0
144,69,3104.0390000000007,1,0.011151457,0
237,91,3104.8359999999993,1,0.009422687,0
207,111,3105.522000000001,1,0.008934728,0
200,111,3105.5329999999994,1,0.009049469,0
24,52,3124.4069999999992,1,0.004018335,0
160,91,3125.4259999999995,1,0.929018438,1
157,92,3126.608,0,0.745166123,0
160,37,3128.991000000002,0,0.208647802,0
160,36,3130.9720000000016,1,0.047959942,0
160,32,3132.095000000001,1,0.028968791,0
236,38,3132.316999999999,1,0.008443431,0
210,46,3132.5790000000015,1,0.011786138,0
166,88,3134.0790000000015,1,0.074097343,0
228,95,3134.3150000000023,1,0.044461831,0
18,104,3134.634000000002,1,0.014236566,0
306,107,3134.743000000002,1,0.011791387,0
68,125,3135.379000000001,1,0.009357702,0
165,26,3135.563000000002,1,0.009240727,0
181,133,3135.661,1,0.006391778,0
335,136,3135.756000000001,1,0.007624103,0
0,159,3135.7710000000006,1,0.008473701,0
56,155,3136.4360000000015,1,0.008739847,0
304,204,3138.152000000002,1,0.010662546,0
223,3,3141.7390000000014,1,0.006376298,0
138,14,3142.1280000000006,1,0.044170685,0
115,21,3142.349000000002,1,0.044251446,0
276,37,3142.9180000000015,1,0.010773865,0
215,57,3143.638999999999,1,0.008529148,0
160,157,3147.1510000000017,1,0.011503669,0
225,167,3147.494999999999,1,0.009434716,0
273,175,3147.803,1,0.008383216,0
197,176,3147.8120000000017,1,0.008533839,0
200,178,3147.888999999999,1,0.008456008,0
202,183,3148.0800000000017,1,0.008116313,0
235,203,3148.777000000002,1,0.006651354,0
160,38,3149.7999999999993,0,0.735825956,0
311,24,3171.751,1,0.007224103,0
49,24,3171.8120000000017,1,0.009014970,0
190,30,3172.0319999999992,1,0.008974849,0
183,31,3172.0550000000003,1,0.011158136,0
23,53,3172.839,1,0.003642585,0
160,92,3174.206000000002,1,0.086762533,0
165,94,3174.2880000000005,1,0.086473912,0
23,151,3176.2829999999994,1,0.008307890,0
63,165,3176.7890000000007,1,0.008534198,0
77,180,3177.3060000000005,1,0.009001778,0
320,188,3177.5879999999997,1,0.007776408,0
15,221,3178.7659999999996,1,0.012641354,0
183,224,3182.376,1,0.013694810,0
44,41,3183.0610000000015,1,0.008914307,0
32,48,3183.2970000000023,1,0.008659323,0
161,70,3184.0960000000014,1,0.009705084,0
193,72,3184.147000000001,1,0.008677750,0
177,74,3184.227999999999,1,0.009281749,0
183,76,3184.3050000000003,1,0.009342406,0
193,77,3184.333999999999,1,0.009047194,0
100,84,3184.59,1,0.004342168,0
331,88,3184.707000000002,1,0.007180471,0
311,109,3185.4550000000017,1,0.008348175,0
201,110,3185.492000000002,1,0.008911544,0
291,110,3185.5120000000024,1,0.009786787,0
39,111,3185.5240000000013,1,0.009231861,0
105,114,3185.631000000001,1,0.013960574,0
64,116,3185.725000000002,1,0.009668773,0
88,120,3185.850000000002,1,0.010601434,0
231,125,3186.0210000000006,1,0.044336941,0
36,126,3186.059000000001,1,0.014208459,0
142,127,3186.108,1,0.050082136,0
143,134,3186.3470000000016,1,0.040734064,0
230,155,3187.0750000000007,1,0.009058431,0
177,166,3187.4760000000024,1,0.010495329,0
238,171,3187.6510000000017,1,0.009880453,0
7,189,3188.2930000000015,1,0.007793803,0
24,192,3188.3830000000016,1,0.008486058,0
184,200,3188.66,1,0.009327726,0
254,211,3189.047999999999,1,0.007955392,0
155,94,3193.066999999999,0,0.501981497,0
160,39,3196.5830000000024,0,0.695143044,0
159,92,3204.7530000000006,1,0.725098610,0
314,68,3213.375,1,0.007069858,0
157,93,3214.236000000001,1,0.092361838,0
181,111,3214.8780000000006,1,0.058610108,0
87,194,3217.8009999999995,1,0.008594374,0
232,161,3218.238000000001,1,0.021787263,0
167,10,3221.9760000000024,1,0.009428862,0
158,24,3222.4530000000013,1,0.044320457,0
47,35,3222.844000000001,1,0.047505338,0
151,50,3223.381000000001,1,0.008723214,0
182,60,3223.7340000000004,1,0.011970237,0
66,70,3224.081000000002,1,0.009143475,0
128,72,3224.142,1,0.056821581,0
63,72,3224.1680000000015,1,0.003705807,0
55,74,3224.241000000002,1,0.006507000,0
239,76,3224.296000000002,1,0.009259908,0
68,78,3224.374,1,0.004991668,0
160,90,3224.7920000000013,1,0.029673818,0
158,94,3224.9220000000023,1,0.788414180,0
185,101,3225.188000000002,1,0.009508841,0
336,104,3225.280999999999,1,0.007435052,0
242,137,3226.4490000000005,1,0.035369206,0
117,138,3226.4840000000004,1,0.022408895,0
162,150,3226.921000000002,1,0.032095749,0
47,158,3227.1800000000003,1,0.008257145,0
200,175,3227.8070000000007,1,0.009046586,0
111,222,3229.4490000000005,1,0.008502576,0
81,256,3230.635000000002,1,0.012737289,0
153,94,3239.791000000001,0,0.894556701,0
153,95,3244.803,0,0.671578825,0
155,95,3245.6360000000022,1,0.833449066,0
261,23,3251.773000000001,1,0.007338434,0
303,31,3252.0550000000003,1,0.007244504,0
169,38,3252.3100000000013,1,0.009081093,0
105,40,3252.3820000000014,1,0.008631454,0
194,71,3253.4840000000004,1,0.009222536,0
278,87,3254.041000000001,1,0.017750002,0
130,140,3255.903000000002,1,0.011543445,0
153,96,3255.958999999999,0,0.923490703,1
152,94,3255.9789999999994,0,0.557148159,0
236,151,3256.290000000001,1,0.009361062,0
115,158,3256.5430000000015,1,0.008981774,0
194,214,3258.5329999999994,1,0.011269878,0
9,231,3259.112000000001,1,0.007887711,0
155,94,3261.441999999999,1,0.871075988,0
32,48,3263.9629999999997,1,0.008665354,0
156,94,3264.9190000000017,1,0.555488706,0
159,95,3264.9670000000006,1,0.096273601,0
156,93,3266.405999999999,1,0.092761666,0
247,154,3267.047999999999,1,0.009505846,0
168,206,3268.892,1,0.008968841,0
320,221,3269.4220000000023,1,0.007202256,0
151,95,3281.652000000002,0,0.628551960,0
161,38,3287.045000000002,1,0.146538496,0
224,4,3291.099000000002,1,0.006631997,0
308,77,3293.690999999999,1,0.007709222,0
58,93,3294.236000000001,1,0.019861231,0
56,95,3294.326000000001,1,0.013293018,0
165,236,3299.2819999999992,1,0.008116605,0
28,242,3299.5200000000004,1,0.007677327,0
156,245,3299.6039999999994,1,0.008783437,0
23,246,3300.1810000000005,1,0.007596643,0
31,15,3302.155999999999,1,0.038237318,0
140,42,3303.111000000001,1,0.009082526,0
152,96,3303.5730000000003,1,0.835171998,0
176,67,3303.977999999999,1,0.013534095,0
160,93,3304.888999999999,1,0.016219862,0
342,95,3304.956000000002,1,0.007142332,0
48,107,3305.3820000000014,1,0.009306522,0
290,108,3305.439000000002,1,0.009660317,0
135,110,3305.488000000001,1,0.019785441,0
55,111,3305.548999999999,1,0.009570965,0
75,117,3305.756000000001,1,0.010926330,0
259,118,3305.7890000000007,1,0.009515868,0
64,119,3305.809000000001,1,0.010127347,0
299,127,3306.09,1,0.012331407,0
263,141,3306.6039999999994,1,0.011707400,0
261,143,3306.661,1,0.011216529,0
310,150,3306.915000000001,1,0.011613405,0
258,154,3307.0620000000017,1,0.009953156,0
216,159,3307.2180000000008,1,0.008766715,0
176,164,3307.3909999999996,1,0.011059726,0
237,172,3307.697,1,0.009951816,0
159,192,3308.3870000000024,1,0.008785871,0
86,208,3308.957000000002,1,0.008210120,0
31,224,3309.5110000000022,1,0.008078378,0
151,230,3309.7289999999994,1,0.007990693,0
32,48,3312.238000000001,1,0.008626209,0
160,42,3313.5030000000006,0,0.856566370,0
152,95,3320.173999999999,1,0.841541290,0
149,96,3328.2940000000017,0,0.658817768,0
118,27,3331.9120000000003,1,0.009256274,0
32,48,3332.3899999999994,1,0.008603794,0
282,101,3334.5210000000006,1,0.016932946,0
136,118,3335.138999999999,1,0.016036926,0
300,143,3336.0,1,0.008910184,0
71,166,3336.8150000000023,1,0.008574700,0
76,167,3336.8719999999994,1,0.008575519,0
169,172,3337.0300000000025,1,0.010967912,0
93,62,3343.8150000000023,1,0.008499967,0
72,67,3343.9809999999998,1,0.008725449,0
331,68,3344.0110000000022,1,0.006789385,0
122,86,3344.6630000000005,1,0.010587513,0
152,94,3344.9220000000023,1,0.875498295,0
152,95,3344.9680000000008,1,0.774525166,0
342,180,3347.9680000000008,1,0.007441808,0
160,43,3351.4140000000007,0,0.267928064,0
154,215,3355.1360000000022,1,0.008742425,0
148,98,3356.911,0,0.946221530,1
147,97,3358.9130000000005,0,0.773730040,0
160,40,3372.381000000001,1,0.847822189,0
180,58,3373.0120000000024,1,0.008877352,0
32,48,3374.254000000001,1,0.036320005,0
152,96,3374.3559999999998,1,0.109887943,0
150,97,3374.380000000001,1,0.677165031,0
151,50,3374.458999999999,1,0.047469955,0
146,97,3374.5730000000003,0,0.859305143,0
308,108,3374.7790000000023,1,0.011670971,0
100,156,3376.469000000001,1,0.009303427,0
76,157,3376.506000000001,1,0.009200815,0
248,190,3377.672999999999,1,0.008701614,0
244,197,3377.915000000001,1,0.008501490,0
184,204,3378.161,1,0.013077277,0
247,204,3378.172999999999,1,0.011586075,0
167,205,3378.206000000002,1,0.015408369,0
280,51,3383.433000000001,1,0.007878756,0
209,52,3383.459999999999,1,0.008830803,0
227,69,3384.048999999999,1,0.008750821,0
66,77,3384.3510000000024,1,0.005064162,0
185,93,3384.911,1,0.014739149,0
187,95,3384.958999999999,1,0.012133988,0
154,95,3384.973000000002,1,0.350205988,0
148,98,3385.063000000002,1,0.868262172,0
194,106,3385.3460000000014,1,0.008930326,0
210,112,3385.5600000000013,1,0.009037640,0
0,120,3385.8470000000016,1,0.009385476,0
5,127,3386.101999999999,1,0.013776052,0
331,134,3386.331000000002,1,0.010715719,0
107,135,3386.368000000002,1,0.021062685,0
56,147,3386.7940000000017,1,0.014263607,0
79,171,3387.637999999999,1,0.008780864,0
235,178,3387.888999999999,1,0.009943809,0
166,182,3388.035,1,0.009698488,0
279,199,3388.637999999999,1,0.007673304,0
4,250,3390.4320000000007,1,0.012121465,0
145,97,3393.107,0,0.922741115,1
145,98,3402.504000000001,0,0.779774427,0
206,8,3411.2469999999994,1,0.006390001,0
222,63,3413.201000000001,1,0.009221321,0
148,96,3414.34,1,0.097246297,0
144,98,3414.798999999999,0,0.779773772,0
299,184,3417.4490000000005,1,0.008830904,0
66,14,3422.1039999999994,1,0.040579110,0
151,50,3423.370999999999,1,0.008507171,0
309,68,3424.022000000001,1,0.007362810,0
146,98,3424.486000000001,1,0.980102122,1
147,97,3425.0370000000003,1,0.977142930,1
7,102,3425.214,1,0.009554534,0
206,198,3428.6039999999994,1,0.008042137,0
136,200,3428.6630000000005,1,0.008702120,0
2,224,3429.512999999999,1,0.008143340,0
143,98,3431.9900000000016,0,0.935963154,1
143,99,3432.940999999999,0,0.981597185,1
145,97,3450.7030000000013,1,0.097399592,0
198,40,3452.380000000001,1,0.012073078,0
24,52,3452.795000000002,1,0.004348181,0
27,52,3452.8110000000015,1,0.003788861,0
45,58,3453.0120000000024,1,0.009079986,0
18,103,3454.5910000000003,1,0.014178797,0
300,120,3455.209999999999,1,0.008680773,0
335,127,3455.4429999999993,1,0.007422457,0
17,135,3455.7180000000008,1,0.008379716,0
330,165,3456.7819999999992,1,0.007647560,0
296,245,3459.624,1,0.006595777,0
160,44,3461.189000000002,1,0.902446449,1
160,46,3461.9809999999998,0,0.934355378,1
277,19,3462.2800000000025,1,0.010379602,0
311,24,3462.456000000002,1,0.010244206,0
251,31,3462.701000000001,1,0.010687544,0
139,32,3462.754000000001,1,0.046572950,0
137,36,3462.875,1,0.047989875,0
288,36,3462.8950000000004,1,0.010586505,0
296,36,3462.9050000000025,1,0.010507816,0
199,38,3462.947,1,0.020806577,0
96,40,3463.0200000000004,1,0.008985628,0
181,44,3463.184000000001,1,0.023435738,0
59,53,3463.4799999999996,1,0.008509654,0
57,56,3463.577000000001,1,0.008911430,0
240,57,3463.6190000000024,1,0.011366460,0
63,58,3463.652000000002,1,0.008767813,0
133,68,3464.0190000000002,1,0.014843561,0
319,78,3464.3640000000014,1,0.007341982,0
159,80,3464.4360000000015,1,0.016354773,0
67,110,3465.5120000000024,1,0.010613213,0
11,112,3465.5620000000017,1,0.009223823,0
10,120,3465.8369999999995,1,0.008818854,0
335,128,3466.137999999999,1,0.010563255,0
282,132,3466.2760000000017,1,0.018350754,0
327,95,3466.959999999999,1,0.010588706,0
214,166,3467.491000000002,1,0.005233794,0
105,167,3467.4969999999994,1,0.008922748,0
296,211,3469.059000000001,1,0.007360441,0
44,231,3469.7620000000024,1,0.007616790,0
144,99,3475.8179999999993,1,0.973365724,1
144,98,3488.626,1,0.979485869,1
161,44,3490.178,1,0.048142154,0
314,42,3492.4480000000003,1,0.007435918,0
282,45,3492.5519999999997,1,0.007838285,0
87,48,3492.678,1,0.008548315,0
268,56,3492.9449999999997,1,0.008809622,0
20,64,3493.226999999999,1,0.011736633,0
109,79,3493.7440000000024,1,0.009117000,0
57,80,3493.7880000000005,1,0.012491453,0
223,32,3494.0420000000013,1,0.011146630,0
163,125,3495.384000000002,1,0.017213268,0
157,208,3498.316999999999,1,0.008618880,0
157,211,3498.4120000000003,1,0.009992015,0
143,98,3503.0859999999993,1,0.997156143,1
216,59,3503.689000000002,1,0.008869465,0
142,99,3504.5620000000017,1,0.998666406,1
138,100,3504.630000000001,0,0.942130983,1
144,96,3505.017,1,0.940036774,1
142,100,3505.1450000000004,1,0.992895186,1
90,133,3506.3100000000013,1,0.018481115,0
160,161,3507.3110000000015,1,0.011166004,0
249,254,3510.564000000002,1,0.007311106,0
140,100,3512.6810000000005,1,0.892887652,0
138,101,3512.952000000001,0,0.985352695,1
137,100,3514.0149999999994,0,0.791841388,0
142,98,3515.3830000000016,1,0.946962535,1
160,47,3515.540000000001,0,0.903473318,1
140,99,3518.6460000000006,1,0.082465850,0
161,48,3528.3870000000024,0,0.798073351,0
253,44,3532.5200000000004,1,0.008236133,0
295,48,3532.6640000000007,1,0.007391761,0
9,116,3535.0550000000003,1,0.008491275,0
59,125,3535.3719999999994,1,0.009357623,0
62,125,3535.384000000002,1,0.009834355,0
136,101,3535.4710000000014,0,0.973704934,1
141,136,3535.7710000000006,1,0.011869568,0
139,99,3536.018,1,0.991569340,1
198,188,3537.594000000001,1,0.007740840,0
192,205,3538.1860000000015,1,0.011236823,0
79,206,3538.2289999999994,1,0.013592663,0
60,211,3538.403000000002,1,0.013303923,0
136,102,3539.581000000002,0,0.993053138,1
83,6,3541.8379999999997,1,0.009253921,0
161,7,3541.8640000000014,1,0.009667345,0
238,10,3541.9789999999994,1,0.006485580,0
68,22,3542.387999999999,1,0.041391540,0
7,27,3542.571,1,0.043837171,0
22,29,3542.6370000000024,1,0.046556525,0
234,31,3542.701000000001,1,0.010819892,0
143,52,3543.439000000002,1,0.009277318,0
142,54,3543.517,1,0.009860307,0
152,55,3543.554,1,0.009378089,0
257,61,3543.7649999999994,1,0.009556447,0
338,63,3543.8330000000024,1,0.006633574,0
62,67,3543.975000000002,1,0.009003446,0
239,67,3543.988000000001,1,0.009136190,0
233,69,3544.0470000000023,1,0.009217670,0
304,71,3544.1140000000014,1,0.007969238,0
260,79,3544.420000000002,1,0.009449077,0
103,80,3544.434000000001,1,0.009415403,0
18,86,3544.642,1,0.009773127,0
269,91,3544.8230000000003,1,0.011808869,0
252,93,3544.892,1,0.009621740,0
47,95,3544.986000000001,1,0.006658916,0
46,96,3545.013999999999,1,0.001592514,0
139,100,3545.1550000000025,1,0.972781241,1
208,102,3545.215,1,0.008895545,0
254,104,3545.2710000000006,1,0.006915896,0
211,104,3545.2790000000023,1,0.009126211,0
256,106,3545.3650000000016,1,0.009738225,0
281,109,3545.452000000001,1,0.010330155,0
250,111,3545.547999999999,1,0.009597040,0
117,112,3545.5550000000003,1,0.022460598,0
115,118,3545.7920000000013,1,0.013334002,0
135,101,3546.2920000000013,0,0.797675669,0
222,135,3546.3960000000006,1,0.044374645,0
130,139,3546.513999999999,1,0.027481183,0
114,149,3546.8870000000024,1,0.017595015,0
344,159,3547.2170000000006,1,0.007400685,0
17,172,3547.6759999999995,1,0.008062537,0
20,176,3547.8330000000024,1,0.008069992,0
315,181,3547.995999999999,1,0.008165484,0
316,184,3548.112000000001,1,0.008144796,0
227,192,3548.3870000000024,1,0.006416437,0
229,193,3548.4249999999993,1,0.007298638,0
50,206,3548.8909999999996,1,0.007927749,0
160,224,3549.5110000000022,1,0.008527310,0
160,48,3553.5290000000023,0,0.950442255,1
136,100,3553.666000000001,0,0.978844464,1
32,48,3566.381000000001,1,0.036872745,0
135,100,3566.6850000000013,0,0.791466236,0
137,100,3574.493000000002,1,0.072696581,0
104,205,3578.1900000000023,1,0.013689388,0
313,233,3579.183000000001,1,0.007021035,0
136,101,3579.233,1,0.965106368,1
56,240,3579.434000000001,1,0.007945959,0
16,6,3581.815999999999,1,0.009074522,0
97,8,3581.9089999999997,1,0.009322370,0
204,12,3582.036,1,0.009705360,0
161,48,3582.1929999999993,1,0.047489915,0
309,24,3582.4580000000024,1,0.011317200,0
311,26,3582.546000000002,1,0.007247790,0
303,28,3582.6049999999996,1,0.010368275,0
72,30,3582.684000000001,1,0.045010593,0
223,32,3582.7390000000014,1,0.011153370,0
201,63,3583.8430000000008,1,0.008548318,0
271,64,3583.893,1,0.009191743,0
179,80,3584.4370000000017,1,0.009626762,0
206,82,3584.523000000001,1,0.008642605,0
180,84,3584.5679999999993,1,0.010338520,0
236,92,3584.870999999999,1,0.009316511,0
136,100,3585.129000000001,1,0.985740125,1
126,111,3585.5210000000006,1,0.015575677,0
9,111,3585.530999999999,1,0.008707041,0
160,113,3585.6140000000014,1,0.005603116,0
138,125,3586.0420000000013,1,0.050445773,0
314,126,3586.0509999999995,1,0.011403514,0
119,134,3586.339,1,0.025705783,0
179,158,3587.1949999999997,1,0.011079217,0
29,176,3587.8359999999993,1,0.008211150,0
170,183,3588.0650000000023,1,0.009898948,0
190,186,3588.183000000001,1,0.008440162,0
161,196,3588.5159999999996,1,0.008906192,0
309,216,3589.232,1,0.007409955,0
79,228,3589.6579999999994,1,0.007960123,0
16,252,3590.493000000002,1,0.012152481,0
132,103,3593.464,0,0.967472732,1
32,48,3593.5370000000003,1,0.008763765,0
134,102,3596.111000000001,1,0.998213172,1
76,50,3596.715,1,0.008916473,0
135,100,3599.4140000000007,1,0.990087330,1
136,102,3600.2109999999993,1,0.991966009,1
131,103,3602.6280000000006,0,0.806758106,0
161,49,3603.1370000000024,1,0.943809807,1
16,56,3612.9449999999997,1,0.011369832,0
15,59,3613.041000000001,1,0.012674016,0
22,59,3613.063000000002,1,0.006144055,0
52,62,3613.152000000002,1,0.009045929,0
127,99,3614.469000000001,1,0.055478223,0
328,104,3614.6399999999994,1,0.010687359,0
208,106,3614.7050000000017,1,0.048416920,0
130,103,3614.768,0,0.966283321,1
32,141,3615.940999999999,1,0.008791121,0
134,101,3616.5110000000022,1,0.981601238,1
132,103,3616.6630000000005,1,0.937167525,1
56,162,3616.688000000002,1,0.008961813,0
161,48,3617.3250000000007,1,0.978642344,1
313,206,3618.25,1,0.010655652,0
127,208,3618.3070000000007,1,0.013646492,0
125,240,3619.4360000000015,1,0.007750624,0
242,246,3619.6589999999997,1,0.005084830,0
117,248,3619.714,1,0.007822455,0
32,48,3620.905999999999,1,0.008678574,0
136,28,3622.617000000002,1,0.044517919,0
161,47,3623.2610000000022,1,0.965182960,1
161,49,3623.331000000002,1,0.950884283,1
250,53,3623.476999999999,1,0.009849257,0
129,103,3623.738000000001,0,0.868420899,0
311,159,3627.2210000000014,1,0.008103766,0
206,170,3627.6100000000006,1,0.008093496,0
127,206,3628.8820000000014,1,0.008016615,0
39,254,3630.577000000001,1,0.012357836,0
132,101,3636.9809999999998,1,0.999296308,1
161,50,3639.5650000000023,1,0.917317569,1
32,48,3641.188000000002,1,0.008750821,0
131,103,3649.476999999999,1,0.950745285,1
96,58,3653.0020000000004,1,0.008710914,0
179,72,3653.509000000002,1,0.009374173,0
136,118,3655.1219999999994,1,0.022506233,0
236,161,3656.647000000001,1,0.010686702,0
150,181,3657.363000000001,1,0.009420191,0
145,182,3657.4010000000017,1,0.009676530,0
220,187,3657.565999999999,1,0.005802169,0
192,195,3657.84,1,0.008069068,0
304,204,3658.155999999999,1,0.010681934,0
212,247,3659.671000000002,1,0.007755254,0
120,6,3661.8410000000003,1,0.009432475,0
2,12,3662.0300000000025,1,0.035998181,0
189,26,3662.5430000000015,1,0.012207545,0
63,28,3662.5920000000006,1,0.043946870,0
341,31,3662.708999999999,1,0.009750661,0
302,36,3662.887999999999,1,0.010436745,0
38,42,3663.1140000000014,1,0.008924018,0
80,44,3663.1850000000013,1,0.008965455,0
239,47,3663.2710000000006,1,0.009631146,0
17,52,3663.4609999999993,1,0.003679650,0
18,55,3663.5730000000003,1,0.005039314,0
135,76,3664.285,1,0.013073111,0
119,78,3664.380000000001,1,0.009511886,0
68,87,3664.672999999999,1,0.013081904,0
39,88,3664.7160000000003,1,0.007958470,0
36,91,3664.84,1,0.007470452,0
275,92,3664.870999999999,1,0.009336654,0
53,94,3664.9190000000017,1,0.010135395,0
248,103,3665.255000000001,1,0.009669650,0
22,104,3665.2790000000023,1,0.009393509,0
7,111,3665.545000000002,1,0.008630202,0
13,112,3665.5790000000015,1,0.008885629,0
63,118,3665.7890000000007,1,0.009331591,0
82,124,3666.0020000000004,1,0.019893752,0
222,125,3666.012999999999,1,0.044436499,0
9,137,3666.4439999999995,1,0.013530341,0
128,140,3666.564000000002,1,0.026295345,0
286,144,3666.6900000000023,1,0.014002784,0
281,144,3666.709999999999,1,0.016076371,0
96,154,3667.0610000000015,1,0.009158811,0
102,160,3667.260000000002,1,0.009038758,0
135,168,3667.5519999999997,1,0.008974324,0
261,179,3667.939000000002,1,0.008527450,0
271,183,3668.063000000002,1,0.008165442,0
4,189,3668.286,1,0.008130594,0
161,51,3668.326000000001,1,0.983399034,1
103,194,3668.452000000001,1,0.008258653,0
103,199,3668.635000000002,1,0.008207849,0
111,203,3668.7649999999994,1,0.007967277,0
198,206,3668.869999999999,1,0.007126512,0
145,209,3668.9799999999996,1,0.007959540,0
233,243,3670.1810000000005,1,0.010068301,0
126,105,3674.84,0,0.816491246,0
129,103,3681.7690000000002,1,0.872451246,0
126,105,3687.8940000000002,1,0.805520475,0
128,105,3689.6939999999995,1,0.913639963,1
133,5,3691.142,1,0.008739247,0
144,8,3691.256000000001,1,0.009248978,0
216,32,3692.1010000000024,1,0.008103037,0
141,39,3692.349000000002,1,0.008608581,0
120,43,3692.4850000000006,1,0.009085372,0
161,49,3692.6860000000015,1,0.902744293,1
32,48,3694.1440000000002,1,0.037250575,0
224,109,3694.814000000002,1,0.044497337,0
296,137,3695.791000000001,1,0.008882510,0
47,95,3696.030999999999,1,0.009581415,0
322,144,3696.0380000000005,1,0.008000750,0
206,148,3696.201000000001,1,0.008421399,0
199,152,3696.3280000000013,1,0.004436451,0
120,165,3696.791000000001,1,0.009181092,0
192,192,3697.7570000000014,1,0.007863838,0
237,196,3697.869999999999,1,0.008611284,0
262,208,3698.3110000000015,1,0.010961877,0
71,5,3701.809000000001,1,0.009767711,0
343,11,3702.0020000000004,1,0.009720813,0
159,18,3702.2400000000016,1,0.028179418,0
146,32,3702.7390000000014,1,0.046425831,0
305,38,3702.947,1,0.010413708,0
242,80,3704.4350000000013,1,0.009665919,0
243,83,3704.5430000000015,1,0.009426485,0
162,87,3704.673999999999,1,0.011141082,0
292,87,3704.683000000001,1,0.009187211,0
250,96,3704.991000000002,1,0.009295612,0
271,208,3705.0120000000024,1,0.008342596,0
320,98,3705.0679999999993,1,0.008000375,0
268,98,3705.0689999999995,1,0.011862161,0
326,101,3705.171000000002,1,0.007567663,0
240,101,3705.1939999999995,1,0.009670586,0
295,104,3705.2829999999994,1,0.009612354,0
302,110,3705.491000000002,1,0.008567070,0
95,114,3705.634000000002,1,0.013485399,0
87,116,3705.697,1,0.013927393,0
48,120,3705.8549999999996,1,0.009956328,0
333,128,3706.118000000002,1,0.010598388,0
105,131,3706.2440000000024,1,0.023055896,0
299,132,3706.285,1,0.012419720,0
327,134,3706.333999999999,1,0.010871616,0
203,139,3706.5339999999997,1,0.042696320,0
130,143,3706.6569999999992,1,0.025945311,0
71,166,3706.849000000002,1,0.014165340,0
284,152,3706.9840000000004,1,0.013858961,0
131,153,3707.022000000001,1,0.009814691,0
215,170,3707.6049999999996,1,0.006411223,0
216,174,3707.7479999999996,1,0.004613216,0
312,177,3707.866000000002,1,0.007857454,0
220,193,3708.441999999999,1,0.002900575,0
42,198,3708.6049999999996,1,0.007953875,0
296,198,3708.6150000000016,1,0.007724817,0
144,206,3708.875,1,0.008357449,0
161,54,3709.2109999999993,0,0.894548416,0
14,137,3712.0509999999995,1,0.008463735,0
122,106,3713.1409999999996,0,0.988275766,1
121,106,3720.870999999999,0,0.973565698,1
126,104,3720.9660000000003,1,0.951537371,1
121,106,3727.4619999999995,0,0.973752737,1
125,104,3728.1280000000006,1,0.968487322,1
127,105,3729.4269999999997,1,0.896295190,0
102,6,3731.1949999999997,1,0.009313192,0
168,14,3731.469000000001,1,0.009838631,0
247,16,3731.5190000000002,1,0.007027274,0
311,24,3731.816999999999,1,0.007026921,0
294,27,3731.9140000000007,1,0.007201748,0
290,29,3731.988000000001,1,0.007351339,0
122,32,3732.1150000000016,1,0.009033929,0
284,39,3732.3359999999993,1,0.007690765,0
310,39,3732.350000000002,1,0.008727932,0
309,40,3732.379000000001,1,0.008106982,0
24,52,3732.791000000001,1,0.008069889,0
70,69,3733.4120000000003,1,0.008842777,0
133,72,3733.5070000000014,1,0.009234941,0
127,79,3733.7520000000004,1,0.009589923,0
337,80,3733.786,1,0.006780812,0
221,85,3733.975000000002,1,0.008909194,0
34,86,3734.0110000000022,1,0.016305009,0
282,95,3734.316999999999,1,0.017096492,0
180,107,3734.743000000002,1,0.056068335,0
32,48,3734.8600000000006,1,0.037376694,0
189,125,3735.370999999999,1,0.009633330,0
192,132,3735.6150000000016,1,0.009561034,0
49,136,3735.760000000002,1,0.008984117,0
287,140,3735.9000000000015,1,0.010046695,0
83,141,3735.9429999999993,1,0.009528842,0
47,149,3736.243000000002,1,0.008632927,0
124,105,3736.5790000000015,1,0.947688758,1
7,168,3736.9000000000015,1,0.008036885,0
262,183,3737.4300000000003,1,0.008363384,0
36,184,3737.452000000001,1,0.009132551,0
36,185,3737.938000000002,1,0.007883115,0
253,214,3738.506000000001,1,0.011270818,0
224,215,3738.541000000001,1,0.005513040,0
208,227,3738.9629999999997,1,0.010047075,0
201,230,3739.0750000000007,1,0.007055760,0
176,234,3739.2180000000008,1,0.009061411,0
295,11,3742.005000000001,1,0.010128758,0
120,107,3742.6280000000006,0,0.842970848,0
119,106,3742.7710000000006,0,0.792117715,0
238,38,3742.974000000002,1,0.011733011,0
161,53,3743.501,1,0.976929009,1
330,90,3744.7800000000025,1,0.007611115,0
118,95,3744.9840000000004,1,0.005849021,0
123,106,3745.344000000001,1,0.975531518,1
159,196,3748.5200000000004,1,0.008742764,0
119,107,3748.629000000001,0,0.985267997,1
288,216,3749.227999999999,1,0.007373657,0
122,105,3749.278000000002,1,0.988722682,1
123,105,3754.1100000000006,1,0.054125495,0
166,48,3761.8369999999995,1,0.008616986,0
120,106,3768.2750000000015,1,0.996608973,1
120,107,3768.392,1,0.996454835,1
342,90,3774.1460000000006,1,0.010096394,0
118,106,3774.370999999999,0,0.840680480,0
121,106,3774.715,1,0.890866816,0
328,128,3775.499,1,0.007440871,0
335,136,3775.762999999999,1,0.007523050,0
106,215,3778.5470000000023,1,0.013476102,0
119,107,3781.439000000002,1,0.947085261,1
234,11,3782.0,1,0.009903117,0
239,12,3782.048999999999,1,0.009991948,0
313,15,3782.153000000002,1,0.010107519,0
157,24,3782.4580000000024,1,0.044315185,0
152,26,3782.5240000000013,1,0.044341799,0
223,32,3782.7400000000016,1,0.011168581,0
336,40,3783.0420000000013,1,0.006892748,0
32,48,3783.1589999999997,1,0.008633499,0
218,58,3783.653000000002,1,0.009030985,0
211,63,3783.8280000000013,1,0.008515187,0
161,56,3783.969000000001,0,0.316933304,0
76,70,3784.0740000000005,1,0.008638818,0
72,75,3784.2700000000004,1,0.006461237,0
224,84,3784.572,1,0.009128734,0
255,94,3784.9269999999997,1,0.009029200,0
283,101,3785.1759999999995,1,0.010484648,0
142,111,3785.528000000002,1,0.032988764,0
295,136,3786.4180000000015,1,0.012923854,0
222,144,3786.6860000000015,1,0.044298075,0
218,145,3786.725000000002,1,0.044307970,0
126,156,3787.130000000001,1,0.009412771,0
224,158,3787.1810000000005,1,0.009274158,0
143,166,3787.469000000001,1,0.009314020,0
159,168,3787.536,1,0.010018039,0
322,212,3789.098000000002,1,0.007221880,0
275,228,3789.6460000000006,1,0.006502541,0
272,228,3789.655999999999,1,0.006456863,0
265,230,3789.7340000000004,1,0.007351833,0
119,106,3792.5260000000017,1,0.973835468,1
118,106,3801.683000000001,1,0.976715028,1
114,107,3802.2109999999993,0,0.823903024,0
73,8,3811.245999999999,1,0.009257954,0
29,23,3811.7880000000005,1,0.008732283,0
135,24,3811.8070000000007,1,0.009177393,0
47,24,3811.815999999999,1,0.008879122,0
242,26,3811.884000000002,1,0.007381929,0
50,61,3813.1150000000016,1,0.009101420,0
49,63,3813.1980000000003,1,0.009003714,0
135,79,3813.7690000000002,1,0.010652365,0
173,93,3814.2400000000016,1,0.061743826,0
242,96,3814.3410000000003,1,0.044317611,0
331,104,3814.635000000002,1,0.010546343,0
39,105,3814.6690000000017,1,0.014982358,0
34,108,3814.772000000001,1,0.014767011,0
118,108,3814.7800000000025,1,0.050406408,0
207,111,3814.880000000001,1,0.048228111,0
164,126,3815.4130000000005,1,0.016707469,0
34,139,3815.867000000002,1,0.008672545,0
248,141,3815.9310000000005,1,0.008943468,0
255,143,3816.0020000000004,1,0.011763494,0
113,108,3816.351999999999,0,0.983715594,1
260,162,3816.6900000000023,1,0.010005874,0
31,165,3816.7940000000017,1,0.008399849,0
44,240,3819.4249999999993,1,0.007914447,0
197,70,3824.0930000000008,1,0.008588891,0
315,72,3824.143,1,0.007326585,0
107,80,3824.438000000002,1,0.009444498,0
277,88,3824.7350000000006,1,0.009643720,0
120,93,3824.8830000000016,1,0.005036744,0
205,104,3825.2920000000013,1,0.008967434,0
116,107,3825.3770000000004,1,0.958748877,1
78,109,3825.457000000002,1,0.010825283,0
40,128,3826.125,1,0.014194161,0
247,150,3826.8990000000013,1,0.023174074,0
246,152,3826.970000000001,1,0.022237521,0
112,108,3827.202000000001,0,0.975837231,1
74,160,3827.260000000002,1,0.008727623,0
112,109,3827.756000000001,0,0.964585662,1
115,108,3827.9449999999997,1,0.978492677,1
46,181,3827.988000000001,1,0.008315998,0
241,182,3828.0420000000013,1,0.009503947,0
143,199,3828.6320000000014,1,0.008126965,0
168,203,3828.7690000000002,1,0.009323295,0
165,222,3829.438000000002,1,0.008262176,0
200,224,3829.527000000002,1,0.006910969,0
204,231,3829.7649999999994,1,0.006371038,0
161,56,3829.887999999999,1,0.939236879,1
200,240,3830.0699999999997,1,0.009985238,0
76,246,3830.280999999999,1,0.012878669,0
178,248,3830.876,1,0.013873168,0
111,108,3836.331000000002,0,0.986634910,1
335,7,3851.214,1,0.006712960,0
252,27,3851.9220000000023,1,0.007429323,0
26,102,3854.566999999999,1,0.014424813,0
144,110,3854.858,1,0.076973461,0
112,108,3855.874,1,0.958321750,1
216,144,3856.0430000000015,1,0.009215964,0
157,151,3856.2890000000007,1,0.011425828,0
46,189,3857.629000000001,1,0.007942129,0
122,194,3857.7999999999993,1,0.008589747,0
121,206,3858.25,1,0.013635727,0
229,5,3861.808000000001,1,0.006684113,0
66,24,3862.339,1,0.041572798,0
315,25,3862.487000000001,1,0.010171765,0
168,41,3863.058000000001,1,0.041033849,0
150,48,3863.3100000000013,1,0.009078519,0
160,57,3863.6460000000006,1,0.805634797,0
262,63,3863.851999999999,1,0.009800372,0
143,72,3864.1670000000013,1,0.011662405,0
82,86,3864.6409999999996,1,0.009588509,0
84,86,3864.6680000000015,1,0.004740639,0
35,88,3864.736000000001,1,0.007495015,0
69,90,3864.8019999999997,1,0.012021205,0
38,91,3864.8430000000008,1,0.007401203,0
34,93,3864.902000000002,1,0.009995771,0
129,95,3864.9660000000003,1,0.029597968,0
254,104,3865.2760000000017,1,0.009433745,0
249,108,3865.4269999999997,1,0.009539762,0
161,57,3865.7210000000014,1,0.841502249,0
249,118,3865.768,1,0.009672884,0
29,118,3865.7880000000005,1,0.009532480,0
310,120,3865.858,1,0.008156356,0
130,127,3866.0910000000003,1,0.039630301,0
162,128,3866.1280000000006,1,0.057331536,0
227,141,3866.577000000001,1,0.044305068,0
232,168,3867.558000000001,1,0.009847156,0
111,108,3867.6270000000004,1,0.976350486,1
109,110,3869.6510000000017,0,0.993889093,1
108,109,3870.804,0,0.975288987,1
160,241,3870.8379999999997,1,0.013947248,0
166,59,3879.358,1,0.416364551,0
107,110,3883.897000000001,0,0.981282234,1
200,224,3887.6620000000003,1,0.006688202,0
109,109,3889.754000000001,1,0.957304657,1
106,109,3890.7220000000016,0,0.827913642,0
161,60,3892.6540000000023,0,0.941392899,1
89,49,3892.708999999999,1,0.008466356,0
48,58,3893.0200000000004,1,0.008591020,0
148,69,3893.4050000000025,1,0.009309872,0
144,77,3893.679,1,0.016165890,0
123,84,3893.9249999999993,1,0.010628572,0
22,115,3895.0200000000004,1,0.008937942,0
15,116,3895.063000000002,1,0.008606401,0
183,224,3896.227999999999,1,0.008304873,0
186,151,3896.2930000000015,1,0.014239918,0
104,172,3897.0329999999994,1,0.009553405,0
155,213,3898.4809999999998,1,0.014176197,0
160,60,3900.7309999999998,0,0.951719642,1
161,59,3902.3019999999997,1,0.049813643,0
47,40,3903.041000000001,1,0.008703679,0
202,77,3904.344000000001,1,0.008999583,0
32,48,3904.5970000000016,1,0.008646878,0
37,167,3907.495999999999,1,0.008388862,0
182,231,3909.7570000000014,1,0.007989397,0
109,110,3909.991000000002,1,0.905832112,1
186,256,3910.512999999999,1,0.012927492,0
103,110,3932.4360000000015,0,0.959029853,1
160,60,3933.072,1,0.965998471,1
104,108,3934.7700000000004,1,0.039114431,0
105,110,3934.8369999999995,1,0.957424641,1
184,120,3935.190999999999,1,0.008940349,0
103,111,3935.696,0,0.967283428,1
318,189,3937.626,1,0.007657072,0
251,195,3937.8430000000008,1,0.008658331,0
133,199,3937.982,1,0.008175454,0
99,200,3938.0190000000002,1,0.013820240,0
200,232,3939.1510000000017,1,0.006657102,0
258,13,3942.076000000001,1,0.010228273,0
300,34,3942.803,1,0.010427020,0
304,39,3943.0070000000014,1,0.007233490,0
232,62,3943.8060000000005,1,0.009366157,0
290,70,3944.0790000000015,1,0.008521393,0
202,71,3944.1320000000014,1,0.009142040,0
0,84,3944.5689999999995,1,0.009615149,0
295,104,3945.2999999999993,1,0.009801026,0
50,112,3945.558000000001,1,0.009956380,0
43,115,3945.683000000001,1,0.009080213,0
284,118,3945.772000000001,1,0.010006567,0
47,120,3945.839,1,0.010020371,0
151,120,3945.8539999999994,1,0.023485728,0
152,123,3945.970000000001,1,0.024515850,0
40,124,3945.988000000001,1,0.009807247,0
136,125,3946.0210000000006,1,0.049923491,0
72,133,3946.322,1,0.015649054,0
163,135,3946.369999999999,1,0.049377516,0
183,224,3946.3780000000006,1,0.013559597,0
202,144,3946.6939999999995,1,0.029158005,0
130,150,3946.9180000000015,1,0.023299297,0
91,168,3947.554,1,0.008431352,0
36,173,3947.7080000000024,1,0.008482648,0
29,191,3948.367000000002,1,0.007850973,0
142,248,3949.631000000001,1,0.007964646,0
10,231,3949.759000000002,1,0.007458769,0
97,256,3950.643,1,0.012776769,0
161,60,3951.134000000002,1,0.953530252,1
102,111,3953.2210000000014,0,0.960793257,1
24,52,3961.625,1,0.008867854,0
161,64,3966.7690000000002,0,0.539018154,0
15,16,3971.523000000001,1,0.008684713,0
293,20,3971.671000000002,1,0.007109425,0
139,27,3971.9310000000005,1,0.009217122,0
135,31,3972.048999999999,1,0.009035923,0
203,40,3972.3780000000006,1,0.009507243,0
160,56,3972.947,1,0.009634543,0
7,112,3974.9220000000023,1,0.014376118,0
100,111,3975.898000000001,0,0.985823750,1
101,111,3983.2839999999997,1,0.988481760,1
101,110,3984.523000000001,1,0.986714065,1
63,103,3985.267,1,0.010254621,0
74,104,3985.277000000002,1,0.011388247,0
219,144,3986.7000000000007,1,0.044316590,0
47,148,3986.839,1,0.014101027,0
60,151,3986.9310000000005,1,0.014321918,0
317,156,3987.131000000001,1,0.008081187,0
224,160,3987.2700000000004,1,0.009242482,0
225,174,3987.767,1,0.008773919,0
177,176,3987.8150000000023,1,0.009783239,0
296,182,3988.028000000002,1,0.008198636,0
39,182,3988.0420000000013,1,0.007977203,0
320,184,3988.1039999999994,1,0.007821871,0
242,185,3988.1280000000006,1,0.008024468,0
245,188,3988.2479999999996,1,0.008425349,0
326,196,3988.5260000000017,1,0.007489636,0
227,205,3988.8379999999997,1,0.006080176,0
26,208,3988.9429999999993,1,0.007802761,0
24,216,3989.2260000000024,1,0.008299958,0
36,256,3990.661,1,0.012313456,0
125,231,3991.2610000000022,1,0.009568478,0
32,48,4008.2129999999997,1,0.008676326,0
161,66,4009.285,0,0.335453331,0
70,4,4011.112000000001,1,0.009293148,0
135,24,4011.8179999999993,1,0.009246627,0
204,62,4013.152000000002,1,0.008743086,0
88,63,4013.190999999999,1,0.009043192,0
97,112,4016.3120000000017,0,0.707615912,0
159,4,4021.7580000000016,1,0.009068923,0
166,5,4021.808000000001,1,0.008233800,0
189,7,4021.8830000000016,1,0.006869648,0
318,16,4022.179,1,0.010053939,0
132,16,4022.190999999999,1,0.044190511,0
224,30,4022.684000000001,1,0.010838695,0
326,43,4023.126,1,0.006790257,0
147,67,4023.9969999999994,1,0.017951181,0
199,73,4024.184000000001,1,0.008714238,0
206,77,4024.3330000000024,1,0.009058316,0
76,86,4024.6409999999996,1,0.007105509,0
80,108,4025.4220000000023,1,0.014993711,0
320,116,4025.6980000000003,1,0.007972235,0
91,119,4025.8060000000005,1,0.011080778,0
183,224,4026.0699999999997,1,0.013542197,0
145,128,4026.143,1,0.057064392,0
293,142,4026.6370000000024,1,0.013031924,0
10,167,4027.4940000000024,1,0.008181233,0
240,167,4027.5240000000013,1,0.009900537,0
132,206,4028.8960000000006,1,0.008412545,0
176,222,4029.4370000000017,1,0.008677851,0
161,65,4030.118000000002,1,0.053190131,0
306,235,4031.8230000000003,1,0.006837830,0
161,66,4045.5390000000007,1,0.979477525,1
161,68,4047.290000000001,0,0.989785910,1
117,14,4051.4550000000017,1,0.009189360,0
286,105,4052.2610000000022,1,0.010107314,0
114,40,4052.398000000001,1,0.008820104,0
304,42,4052.451000000001,1,0.007340346,0
320,45,4052.5570000000007,1,0.007018196,0
232,46,4052.5930000000008,1,0.010101967,0
334,72,4053.5020000000004,1,0.005971547,0
334,75,4053.613000000001,1,0.006472600,0
336,80,4053.7940000000017,1,0.006881372,0
130,100,4054.4890000000014,1,0.063570060,0
274,111,4054.8950000000004,1,0.019951815,0
327,118,4055.129000000001,1,0.007752628,0
202,124,4055.334999999999,1,0.009131365,0
247,142,4055.969000000001,1,0.009323348,0
7,143,4056.010000000002,1,0.008125350,0
86,147,4056.1500000000015,1,0.009799785,0
133,155,4056.447,1,0.009777812,0
71,166,4056.814000000002,1,0.008472623,0
161,66,4057.1399999999994,1,0.982169926,1
77,181,4057.345000000001,1,0.008368910,0
128,183,4057.415000000001,1,0.008589914,0
104,191,4057.701000000001,1,0.008426294,0
135,192,4057.733,1,0.009086574,0
80,203,4058.124,1,0.013678053,0
162,68,4058.4050000000025,0,0.561786771,0
248,212,4058.446,1,0.011133667,0
318,236,4059.2880000000005,1,0.006933472,0
344,254,4059.3650000000016,1,0.006654032,0
219,239,4059.3940000000002,1,0.006213641,0
51,254,4059.9170000000013,1,0.007501111,0
147,7,4061.8539999999994,1,0.011285791,0
211,13,4062.0859999999993,1,0.009751503,0
56,14,4062.112000000001,1,0.039795224,0
267,23,4062.4400000000023,1,0.010444983,0
256,36,4062.8940000000002,1,0.010863154,0
236,37,4062.9170000000013,1,0.011720567,0
175,49,4063.3590000000004,1,0.013470329,0
201,64,4063.8729999999996,1,0.008567058,0
85,69,4064.0620000000017,1,0.008393759,0
81,78,4064.368000000002,1,0.008629660,0
173,86,4064.6640000000007,1,0.010442927,0
167,87,4064.679,1,0.010283782,0
119,94,4064.938000000002,1,0.005087847,0
138,96,4065.0110000000022,1,0.012230279,0
109,100,4065.1550000000025,1,0.009633330,0
236,107,4065.3909999999996,1,0.009826042,0
57,120,4065.857,1,0.009436949,0
188,147,4066.813000000002,1,0.021937411,0
44,152,4066.9629999999997,1,0.014028424,0
239,152,4066.983,1,0.026460718,0
144,157,4067.1510000000017,1,0.010791142,0
95,112,4067.2040000000015,1,0.982704818,1
94,113,4067.880000000001,0,0.903594494,1
77,182,4068.0260000000017,1,0.008286142,0
296,187,4068.209999999999,1,0.008174824,0
100,189,4068.2800000000025,1,0.009069785,0
161,69,4068.3369999999995,0,0.979906917,1
93,112,4069.4300000000003,0,0.762251616,0
72,247,4072.973000000002,1,0.008885584,0
161,67,4079.3430000000008,1,0.974606395,1
141,39,4092.332000000002,1,0.008614733,0
73,49,4092.7000000000007,1,0.008490677,0
30,56,4092.9439999999995,1,0.007609196,0
93,58,4093.0149999999994,1,0.009709274,0
96,58,4093.027000000002,1,0.010047018,0
215,63,4093.197,1,0.008887099,0
242,37,4093.869999999999,1,0.007987054,0
167,88,4094.0750000000007,1,0.063055873,0
18,96,4094.367000000002,1,0.014055941,0
18,103,4094.563000000002,1,0.014080795,0
240,108,4094.795000000002,1,0.044320326,0
73,109,4094.808000000001,1,0.020591184,0
75,148,4096.190999999999,1,0.008789917,0
47,168,4096.893,1,0.008221851,0
53,185,4097.488000000001,1,0.008103781,0
224,194,4097.799999999999,1,0.006398262,0
322,38,4102.952000000001,1,0.010096562,0
71,64,4103.869000000002,1,0.008493996,0
162,64,4103.879000000001,1,0.839260042,0
162,68,4104.010000000002,1,0.904696047,1
161,69,4104.915000000001,1,0.960115314,1
246,117,4105.732,1,0.009856351,0
254,118,4105.774000000001,1,0.009471011,0
123,125,4106.012999999999,1,0.036431678,0
104,126,4106.064000000002,1,0.025505485,0
231,133,4106.296000000002,1,0.044326015,0
122,141,4106.583000000002,1,0.024716299,0
161,71,4106.843000000001,0,0.501915991,0
22,181,4108.008000000002,1,0.008116723,0
91,191,4108.351000000002,1,0.008157780,0
299,192,4108.379000000001,1,0.007679500,0
324,193,4108.421000000002,1,0.007785065,0
297,198,4108.598000000002,1,0.007554882,0
232,200,4108.664000000001,1,0.007701541,0
216,213,4109.130000000001,1,0.005359085,0
238,193,4109.673999999999,1,0.009260507,0
16,239,4110.046000000002,1,0.012383039,0
10,136,4110.7930000000015,1,0.013633615,0
161,71,4115.465,0,0.975160003,1
90,113,4125.171000000002,0,0.646542847,0
52,8,4131.25,1,0.009138119,0
299,92,4134.2119999999995,1,0.012117687,0
204,80,4135.292000000001,1,0.009172503,0
72,148,4136.190000000002,1,0.009902987,0
128,150,4136.246999999999,1,0.010795520,0
208,160,4136.605,1,0.003320764,0
198,163,4136.728999999999,1,0.012060635,0
295,175,4138.672000000002,1,0.011742326,0
139,238,4139.370999999999,1,0.007708333,0
144,239,4139.391,1,0.008555891,0
76,250,4139.799999999999,1,0.007907048,0
161,71,4141.457000000002,1,0.947783947,1
309,2,4141.6990000000005,1,0.006675783,0
207,5,4141.782999999999,1,0.006305387,0
84,13,4142.09,1,0.044181406,0
260,14,4142.103999999999,1,0.010232422,0
210,18,4142.262999999999,1,0.009861639,0
1,24,4142.4619999999995,1,0.042889755,0
31,38,4142.971000000001,1,0.046471097,0
232,42,4143.09,1,0.009472175,0
32,48,4143.297999999999,1,0.008725618,0
166,55,4143.557000000001,1,0.008881918,0
115,56,4143.582000000002,1,0.008498199,0
250,57,4143.618000000002,1,0.009580674,0
340,87,4144.6810000000005,1,0.007022846,0
292,108,4145.417000000001,1,0.009357084,0
90,110,4145.496999999999,1,0.013926378,0
93,112,4145.567999999999,1,0.827730894,0
88,116,4145.710999999999,1,0.879043937,0
175,126,4146.065000000002,1,0.043539207,0
283,128,4146.127,1,0.018622236,0
175,148,4146.8290000000015,1,0.032097906,0
330,180,4147.964,1,0.007542286,0
75,223,4149.493000000002,1,0.007829490,0
89,114,4149.828000000001,0,0.726727247,0
50,59,4150.981,1,0.036659546,0
145,226,4164.672999999999,1,0.007808442,0
161,72,4168.192999999999,1,0.134296581,0
162,72,4170.195,1,0.056588415,0
240,5,4171.141,1,0.006582593,0
65,38,4172.3060000000005,1,0.008617694,0
167,56,4172.9310000000005,1,0.008344490,0
67,64,4173.213,1,0.008645220,0
211,77,4173.674999999999,1,0.009261006,0
213,77,4173.683000000001,1,0.008504183,0
122,83,4173.892,1,0.009799337,0
55,96,4174.365000000002,1,0.017847685,0
53,100,4174.494999999999,1,0.017246364,0
263,106,4174.718000000001,1,0.028439116,0
333,128,4175.471000000001,1,0.007588936,0
273,128,4175.484,1,0.011059997,0
6,149,4176.213,1,0.008114843,0
290,162,4176.684000000001,1,0.008878750,0
91,174,4177.097000000002,1,0.008837647,0
161,73,4178.096000000001,1,0.057093624,0
69,218,4178.66,1,0.013299280,0
64,221,4178.756000000001,1,0.013192178,0
344,240,4179.4310000000005,1,0.006782530,0
304,16,4182.177,1,0.010133855,0
253,39,4183.009000000002,1,0.008041197,0
256,53,4183.495999999999,1,0.009567809,0
80,80,4184.440000000002,1,0.004539929,0
311,86,4184.665000000001,1,0.007902620,0
268,103,4185.241000000002,1,0.012017327,0
113,120,4185.864000000001,1,0.012794596,0
343,151,4186.947,1,0.010534269,0
138,158,4187.205000000002,1,0.010087591,0
121,159,4187.243000000002,1,0.009545797,0
231,166,4187.485000000001,1,0.011453739,0
113,208,4188.947,1,0.008182928,0
155,240,4190.089,1,0.013732151,0
32,48,4191.9439999999995,1,0.008732690,0
162,73,4195.512999999999,1,0.997160196,1
162,74,4196.325000000001,1,0.985419035,1
161,74,4197.423999999999,1,0.985720515,1
89,114,4198.782999999999,1,0.025262959,0
327,7,4211.23,1,0.006673760,0
190,49,4212.692999999999,1,0.008988150,0
16,62,4213.151000000002,1,0.010855788,0
26,80,4213.784,1,0.010333369,0
57,142,4215.976999999999,1,0.009011133,0
161,77,4216.732,0,0.986566007,1
301,182,4217.387000000002,1,0.009030323,0
162,78,4218.067999999999,0,0.634860814,0
19,38,4222.957000000002,1,0.041416008,0
67,51,4223.403000000002,1,0.008615808,0
161,73,4224.18,1,0.961407244,1
144,80,4224.439000000002,1,0.010318497,0
87,115,4224.5250000000015,1,0.471789092,0
32,48,4224.901000000002,1,0.008946232,0
176,95,4224.986000000001,1,0.010054827,0
15,98,4225.065999999999,1,0.009531619,0
103,134,4226.359,1,0.021912554,0
132,138,4226.473000000002,1,0.030606836,0
7,141,4226.582000000002,1,0.013425311,0
114,148,4226.841,1,0.019224875,0
203,168,4227.534,1,0.008333236,0
252,170,4227.607,1,0.009782865,0
202,172,4227.682000000001,1,0.010661882,0
279,176,4227.833999999999,1,0.008540014,0
154,182,4228.031999999999,1,0.009775661,0
104,182,4228.052,1,0.008449177,0
20,183,4228.062000000002,1,0.008209433,0
89,184,4228.119999999999,1,0.008292140,0
162,76,4228.161,1,0.996657848,1
161,76,4229.072,1,0.994511604,1
303,218,4229.295000000002,1,0.007399413,0
183,224,4229.518,1,0.008204252,0
58,232,4229.803,1,0.008004799,0
66,234,4229.864000000001,1,0.008007262,0
161,78,4230.742000000002,0,0.634855270,0
161,77,4250.363000000001,1,0.058779586,0
239,30,4252.023000000001,1,0.007625583,0
58,80,4253.7880000000005,1,0.008756179,0
254,102,4254.5560000000005,1,0.037676986,0
183,224,4255.308000000001,1,0.008025052,0
293,135,4255.731,1,0.009243540,0
162,80,4255.827000000001,0,0.951485932,1
162,78,4256.262000000002,1,0.910433710,1
44,152,4256.317999999999,1,0.008686199,0
26,166,4256.815999999999,1,0.008333142,0
294,169,4256.922000000002,1,0.008668291,0
199,192,4257.742000000002,1,0.008013968,0
10,254,4259.9439999999995,1,0.007692993,0
60,56,4263.598000000002,1,0.008972029,0
159,66,4263.952000000001,1,0.012716127,0
160,76,4264.309000000001,1,0.356344581,0
120,93,4264.887000000002,1,0.004940605,0
138,102,4265.208000000002,1,0.005343852,0
162,80,4265.583000000002,0,0.990182579,1
77,114,4265.6500000000015,1,0.018680491,0
13,126,4266.049999999999,1,0.014025146,0
110,129,4266.174999999999,1,0.026259379,0
55,149,4266.864000000001,1,0.014282142,0
300,157,4267.146000000001,1,0.008382260,0
120,172,4267.698,1,0.008810763,0
215,173,4267.73,1,0.006351717,0
184,187,4268.214,1,0.008994919,0
159,200,4268.664000000001,1,0.009281829,0
156,200,4268.673999999999,1,0.008606328,0
154,201,4268.706000000002,1,0.008630496,0
151,203,4268.773000000001,1,0.008431837,0
84,116,4274.276000000002,0,0.838373125,0
162,79,4276.762000000002,1,0.955067039,1
162,78,4278.786,1,0.059109762,0
32,48,4287.335999999999,1,0.008648755,0
162,82,4290.905999999999,0,0.665605426,0
126,13,4291.428,1,0.009321216,0
29,23,4291.774000000001,1,0.008746103,0
28,28,4291.946,1,0.009165023,0
27,28,4291.955000000002,1,0.005887102,0
48,56,4292.941999999999,1,0.008619084,0
222,62,4293.166000000001,1,0.009042591,0
32,48,4293.779000000002,1,0.009384514,0
36,185,4297.484,1,0.008321293,0
8,199,4298.003000000001,1,0.012977756,0
151,50,4299.440000000002,1,0.008531689,0
287,246,4299.656999999999,1,0.006821687,0
32,48,4300.315000000002,1,0.008721322,0
162,83,4301.527000000002,0,0.967784822,1
180,11,4301.994999999999,1,0.007647608,0
231,23,4302.447,1,0.010326750,0
17,111,4305.521000000001,1,0.008881045,0
159,166,4307.466,1,0.010507761,0
36,173,4307.7119999999995,1,0.008786112,0
201,188,4308.263999999999,1,0.008006300,0
162,83,4310.057000000001,0,0.673096776,0
60,156,4312.540000000001,1,0.009299700,0
162,84,4316.046000000002,0,0.917750061,1
267,17,4331.5869999999995,1,0.007163192,0
271,29,4333.126,1,0.007416506,0
32,48,4334.198,1,0.038863968,0
42,96,4334.362000000001,1,0.016172763,0
304,105,4334.691999999999,1,0.011942787,0
340,141,4335.939000000002,1,0.007303524,0
314,159,4336.562000000002,1,0.008150561,0
176,167,4336.853999999999,1,0.010811277,0
21,168,4336.889999999999,1,0.008047068,0
317,189,4337.628000000001,1,0.008017214,0
102,199,4337.984,1,0.008066831,0
163,85,4339.0790000000015,0,0.967742622,1
194,1,4341.669000000002,1,0.006337853,0
57,15,4342.137999999999,1,0.039684217,0
337,24,4342.455000000002,1,0.028818326,0
337,25,4342.509000000002,1,0.016991761,0
134,29,4342.654000000002,1,0.044660855,0
271,62,4343.7930000000015,1,0.009201881,0
255,127,4346.083999999999,1,0.034636118,0
152,133,4346.302,1,0.052995458,0
163,87,4370.412,0,0.700110555,0
306,72,4373.496999999999,1,0.007556258,0
165,80,4373.784,1,0.011247122,0
208,101,4374.526000000002,1,0.048172966,0
332,101,4374.5380000000005,1,0.010492357,0
329,103,4374.59,1,0.010640875,0
200,114,4375.003000000001,1,0.009041701,0
134,135,4375.733,1,0.012279711,0
10,136,4375.754000000001,1,0.008458250,0
200,154,4376.395,1,0.004146283,0
153,157,4376.512999999999,1,0.011342004,0
163,168,4376.881000000001,1,0.010440312,0
243,176,4377.1680000000015,1,0.010472777,0
128,185,4377.496999999999,1,0.008639893,0
31,259,4378.625,1,0.012234998,0
3,234,4379.213,1,0.007558178,0
327,236,4379.303,1,0.007253741,0
321,238,4379.358,1,0.007090259,0
30,246,4379.635000000002,1,0.007773666,0
32,48,4380.226000000002,1,0.008773472,0
162,86,4380.990000000002,1,0.990020633,1
83,12,4382.030999999999,1,0.044175219,0
146,14,4382.116000000002,1,0.034537673,0
51,22,4382.402000000002,1,0.039510630,0
240,24,4382.477999999999,1,0.010498285,0
10,30,4382.673999999999,1,0.044587035,0
254,55,4383.565999999999,1,0.009774613,0
244,56,4383.583000000002,1,0.011042403,0
89,112,4384.310000000001,1,0.012290166,0
32,84,4384.594000000001,1,0.010538232,0
66,92,4384.878000000001,1,0.012091115,0
164,94,4384.927,1,0.010840377,0
68,96,4385.002,1,0.012628469,0
162,88,4385.040000000001,0,0.983350575,1
303,106,4385.346000000001,1,0.008811313,0
119,108,4385.415000000001,1,0.017013572,0
239,108,4385.432000000001,1,0.009858715,0
243,111,4385.547000000002,1,0.009504966,0
219,114,4385.629000000001,1,0.009485498,0
86,114,4385.637000000002,1,0.007912280,0
301,116,4385.718000000001,1,0.007607896,0
301,117,4385.752,1,0.008901589,0
89,117,4385.761000000002,1,0.008231273,0
293,128,4386.135000000002,1,0.013373860,0
175,135,4386.373,1,0.037869532,0
108,167,4387.521000000001,1,0.008996365,0
262,168,4387.530999999999,1,0.007783997,0
262,170,4387.631000000001,1,0.007760114,0
32,175,4387.802,1,0.008496564,0
261,177,4387.868000000002,1,0.007441960,0
257,181,4387.998,1,0.008091786,0
67,187,4388.2040000000015,1,0.008251621,0
203,192,4388.378000000001,1,0.007960217,0
191,192,4388.388999999999,1,0.007509391,0
293,192,4388.4050000000025,1,0.007899145,0
13,248,4390.367000000002,1,0.012222477,0
162,256,4390.641,1,0.013873736,0
27,246,4390.797999999999,1,0.012397352,0
162,87,4399.491000000002,1,0.991924465,1
163,87,4404.188000000002,1,0.983825088,1
94,57,4409.244999999999,1,0.008864515,0
163,90,4410.401000000002,0,0.716811478,0
126,27,4411.922999999999,1,0.009248912,0
64,48,4412.653000000002,1,0.008904429,0
124,50,4412.73,1,0.009554231,0
121,51,4412.766,1,0.008508036,0
106,149,4416.234,1,0.009421832,0
87,173,4417.064000000002,1,0.008364016,0
21,203,4418.117000000002,1,0.013100941,0
151,205,4418.187000000002,1,0.014482657,0
271,15,4422.136000000002,1,0.010226994,0
196,22,4422.388999999999,1,0.010583753,0
115,24,4422.473000000002,1,0.044264697,0
18,30,4422.687000000002,1,0.045952037,0
220,31,4422.725000000002,1,0.011094085,0
186,47,4423.266,1,0.008871799,0
195,47,4423.276000000002,1,0.008510619,0
24,52,4423.294000000002,1,0.008743830,0
34,48,4423.3189999999995,1,0.008808826,0
200,52,4423.464,1,0.009025054,0
8,54,4423.511000000002,1,0.007258292,0
126,63,4423.853999999999,1,0.009247388,0
337,69,4424.052,1,0.007053822,0
120,72,4424.165000000001,1,0.009261089,0
240,75,4424.278000000002,1,0.009802681,0
242,78,4424.357,1,0.009314741,0
162,89,4424.423999999999,1,0.742272735,0
18,96,4424.991000000002,1,0.009678409,0
255,100,4425.162,1,0.009567928,0
264,128,4426.151000000002,1,0.026350915,0
312,131,4426.243000000002,1,0.011538358,0
204,80,4426.356,1,0.047972798,0
40,135,4426.386000000002,1,0.014090640,0
263,142,4426.634000000002,1,0.022517864,0
220,143,4426.648000000001,1,0.044338498,0
292,143,4426.670000000002,1,0.013198138,0
61,159,4427.213,1,0.008698435,0
89,188,4428.241000000002,1,0.008222799,0
183,197,4428.558000000001,1,0.008076969,0
16,199,4428.652000000002,1,0.008158220,0
39,218,4429.322,1,0.007330950,0
40,219,4429.332000000002,1,0.006929350,0
162,92,4438.124,0,0.727686822,0
162,90,4439.377,1,0.857304513,0
344,29,4451.991000000002,1,0.006571679,0
259,75,4453.605,1,0.008969591,0
163,91,4454.041000000001,1,0.119129844,0
162,91,4454.167000000001,1,0.109187312,0
74,93,4454.25,1,0.025762126,0
304,110,4454.846000000001,1,0.011932004,0
175,159,4456.566999999999,1,0.011134827,0
340,185,4457.498,1,0.007354218,0
207,192,4457.736000000001,1,0.009171815,0
23,192,4457.746999999999,1,0.008628101,0
248,150,4466.912,1,0.025311975,0
118,188,4468.252,1,0.008319382,0
14,220,4469.384000000002,1,0.007953107,0
72,235,4469.903000000002,1,0.007637760,0
270,251,4470.460999999999,1,0.009856021,0
162,94,4473.984,0,0.951618016,1
162,93,4481.98,1,0.952352107,1
163,93,4482.132000000001,1,0.957557857,1
162,95,4484.09,0,0.966768086,1
217,21,4491.708999999999,1,0.006846592,0
16,102,4494.57,1,0.013969214,0
127,110,4494.848000000002,1,0.057494156,0
163,96,4494.985000000001,0,0.748408914,0
330,135,4495.726999999999,1,0.007504915,0
138,190,4497.688000000002,1,0.008733025,0
2,251,4499.440999999999,1,0.007738917,0
238,255,4499.959999999999,1,0.004624160,0
262,7,4501.882000000001,1,0.006790199,0
207,11,4502.011000000002,1,0.009701864,0
206,18,4502.257000000001,1,0.009902010,0
318,23,4502.440999999999,1,0.010066947,0
298,31,4502.7040000000015,1,0.010386995,0
254,41,4503.073,1,0.008019990,0
112,64,4503.868000000002,1,0.009188044,0
204,80,4504.429,1,0.008952708,0
162,93,4504.915000000001,1,0.562157810,0
130,97,4505.027000000002,1,0.005071784,0
43,115,4505.685000000001,1,0.009285771,0
214,133,4506.315000000002,1,0.044925410,0
167,135,4506.375,1,0.046028532,0
339,145,4506.722000000002,1,0.010544687,0
210,152,4506.986000000001,1,0.034457132,0
295,160,4507.261000000002,1,0.008996990,0
163,98,4518.149000000001,0,0.760698915,0
163,96,4526.864000000001,1,0.065168217,0
162,96,4528.971000000001,1,0.963449001,1
162,98,4529.972000000002,0,0.989395916,1
163,97,4534.377,1,0.064647518,0
157,151,4536.292000000001,1,0.011469705,0
195,162,4536.682000000001,1,0.010796865,0
150,8,4541.889999999999,1,0.009285754,0
264,14,4542.124,1,0.010200096,0
242,17,4542.206000000002,1,0.010248153,0
311,24,4542.451000000001,1,0.010163353,0
291,28,4542.598000000002,1,0.010407022,0
311,29,4542.646000000001,1,0.010203394,0
163,97,4542.792000000001,1,0.064529635,0
290,39,4543.007000000001,1,0.007267727,0
296,53,4543.476999999999,1,0.007325310,0
246,53,4543.505000000001,1,0.009897405,0
118,55,4543.555,1,0.008759888,0
184,29,4543.963,1,0.009790253,0
83,70,4544.075000000001,1,0.008358303,0
96,70,4544.101999999999,1,0.009069935,0
339,86,4544.648000000001,1,0.006847934,0
136,90,4544.810000000001,1,0.010671091,0
26,94,4544.939000000002,1,0.009361761,0
146,114,4545.645,1,0.014694063,0
161,119,4545.807000000001,1,0.006229497,0
293,134,4546.333000000002,1,0.013425885,0
12,140,4546.571,1,0.013529100,0
157,144,4546.687000000002,1,0.039477050,0
214,159,4547.241000000002,1,0.008747046,0
32,166,4547.48,1,0.008336287,0
15,182,4548.0300000000025,1,0.007918232,0
192,222,4549.447,1,0.007074559,0
163,99,4564.967000000001,1,0.985070229,1
163,101,4566.401000000002,0,0.891545415,0
61,8,4571.248,1,0.009175790,0
163,98,4573.375,1,0.981060505,1
163,99,4574.0740000000005,1,0.992080748,1
295,117,4575.097000000002,1,0.009149339,0
160,144,4576.048999999999,1,0.014482609,0
256,148,4576.205000000002,1,0.010044841,0
332,164,4576.752,1,0.007674567,0
215,7,4581.853999999999,1,0.006359749,0
59,17,4582.208000000002,1,0.039623860,0
343,27,4582.583000000002,1,0.009655833,0
306,40,4583.0380000000005,1,0.007248061,0
305,44,4583.157999999999,1,0.007296661,0
128,47,4583.279000000002,1,0.008947476,0
4,64,4583.866000000002,1,0.011010807,0
3,66,4583.940999999999,1,0.010417291,0
241,68,4584.030999999999,1,0.009284420,0
220,72,4584.154000000002,1,0.008014136,0
220,74,4584.218000000001,1,0.007968574,0
200,78,4584.378000000001,1,0.008975294,0
218,79,4584.4180000000015,1,0.009229842,0
311,83,4584.5610000000015,1,0.007985708,0
175,88,4584.716,1,0.084991075,0
171,90,4584.784,1,0.068855003,0
127,93,4584.885000000002,1,0.008267312,0
185,93,4584.889999999999,1,0.039345209,0
161,95,4584.969000000001,1,0.027761515,0
305,96,4584.991000000002,1,0.008293551,0
307,98,4585.064000000002,1,0.008733013,0
249,100,4585.137999999999,1,0.009628063,0
41,101,4585.1680000000015,1,0.008918541,0
41,103,4585.264999999999,1,0.010400454,0
223,109,4585.4619999999995,1,0.009368379,0
294,109,4585.474000000002,1,0.009788359,0
28,119,4585.816999999999,1,0.009318558,0
113,119,4585.832000000002,1,0.012573891,0
83,121,4585.876,1,0.011134134,0
56,121,4585.895,1,0.009598907,0
99,128,4586.126,1,0.024160849,0
90,248,4586.258000000002,1,0.012959848,0
40,133,4586.325000000001,1,0.014120720,0
222,135,4586.387000000002,1,0.044402730,0
31,136,4586.419000000002,1,0.013866178,0
164,102,4586.463,0,0.785092473,0
315,139,4586.512999999999,1,0.011481524,0
78,141,4586.610000000001,1,0.015244176,0
80,144,4586.6990000000005,1,0.014958793,0
311,144,4586.715,1,0.011599664,0
45,152,4586.974000000002,1,0.014071300,0
314,160,4587.259000000002,1,0.007817934,0
9,171,4587.655999999999,1,0.008280172,0
276,181,4588.001,1,0.008593822,0
263,188,4588.25,1,0.008277095,0
183,189,4588.295000000002,1,0.008248001,0
136,190,4588.309000000001,1,0.008675149,0
336,190,4588.321,1,0.007474940,0
66,192,4588.385000000002,1,0.008320884,0
68,196,4588.5250000000015,1,0.008138920,0
63,200,4588.6810000000005,1,0.007970409,0
57,208,4588.9439999999995,1,0.007932585,0
220,208,4588.965,1,0.003390312,0
110,212,4589.109,1,0.008367145,0
57,237,4589.983,1,0.007661759,0
163,100,4593.692999999999,1,0.963802457,1
162,102,4594.911,0,0.785310924,0
163,101,4601.567999999999,1,0.973707736,1
164,103,4603.177,0,0.993770659,1
163,103,4604.225000000002,0,0.996140182,1
237,124,4615.342000000001,1,0.009396749,0
164,104,4615.345000000001,0,0.991785705,1
202,184,4617.453000000001,1,0.008757777,0
320,231,4619.106,1,0.007095434,0
163,104,4619.726999999999,0,0.983245015,1
202,22,4622.402000000002,1,0.010273406,0
129,29,4622.636000000002,1,0.044479441,0
223,32,4622.734,1,0.011232734,0
120,48,4623.305,1,0.009044937,0
32,48,4623.32,1,0.008741222,0
216,59,4623.6860000000015,1,0.008901929,0
72,101,4625.166000000001,1,0.011073727,0
94,102,4625.226999999999,1,0.013641044,0
288,104,4625.294000000002,1,0.009989373,0
48,107,4625.384000000002,1,0.009457020,0
240,108,4625.4180000000015,1,0.009506116,0
73,109,4625.451000000001,1,0.012126840,0
74,112,4625.564000000002,1,0.012859807,0
79,118,4625.773000000001,1,0.010422119,0
110,120,4625.858,1,0.012240671,0
163,105,4626.120999999999,0,0.802591383,0
309,145,4626.724000000002,1,0.011679846,0
308,150,4626.897000000001,1,0.011687731,0
4,164,4627.391,1,0.008222870,0
72,206,4628.870999999999,1,0.008123975,0
104,215,4629.200000000001,1,0.007869965,0
235,216,4629.233,1,0.006591408,0
152,219,4629.357,1,0.008003959,0
208,256,4630.652000000002,1,0.009657178,0
272,215,4637.605,1,0.007532633,0
164,102,4638.564000000002,1,0.066415846,0
163,104,4641.870999999999,1,0.956262350,1
163,106,4642.459999999999,0,0.808089972,0
70,32,4652.098000000002,1,0.008946477,0
92,58,4653.019,1,0.008809489,0
163,106,4653.094000000001,0,0.997527301,1
195,63,4653.197,1,0.008727524,0
164,105,4654.401000000002,1,0.999757826,1
166,109,4654.8240000000005,1,0.074186161,0
281,123,4655.325000000001,1,0.009429887,0
327,211,4655.4490000000005,1,0.007448024,0
70,136,4655.758000000002,1,0.009057596,0
240,139,4655.869000000002,1,0.009212516,0
163,105,4655.876,1,0.997585893,1
247,142,4655.966,1,0.009113202,0
24,144,4656.039000000001,1,0.008673480,0
341,157,4656.501,1,0.007281663,0
163,184,4657.448,1,0.013283834,0
165,184,4657.463,1,0.014853878,0
278,195,4657.842000000001,1,0.007968822,0
164,107,4657.884000000002,0,0.992830694,1
25,3,4661.738000000001,1,0.008777615,0
135,60,4663.726000000002,1,0.008787968,0
280,64,4663.869999999999,1,0.008641371,0
55,69,4664.047000000002,1,0.008854838,0
282,70,4664.098000000002,1,0.008876492,0
305,71,4664.130000000001,1,0.007770302,0
119,88,4664.73,1,0.010357149,0
113,93,4664.912,1,0.004933973,0
23,94,4664.929,1,0.009200616,0
180,95,4664.959999999999,1,0.014485516,0
302,102,4665.222000000002,1,0.008667607,0
167,0,4665.438000000002,1,0.008852135,0
248,109,4665.451000000001,1,0.009649542,0
279,115,4665.679,1,0.010067427,0
178,116,4665.720000000001,1,0.074112505,0
308,119,4665.807000000001,1,0.008224491,0
240,126,4666.060000000001,1,0.044283006,0
127,127,4666.112000000001,1,0.040467620,0
250,134,4666.359,1,0.035667870,0
33,148,4666.847000000002,1,0.013926724,0
86,165,4667.429,1,0.008600922,0
84,174,4667.75,1,0.008512981,0
218,216,4669.228999999999,1,0.003872843,0
175,220,4669.367000000002,1,0.008804319,0
291,223,4669.474000000002,1,0.007278431,0
163,105,4670.844000000001,1,0.998744845,1
163,106,4671.224000000002,1,0.987468481,1
164,108,4672.994999999999,0,0.992355943,1
164,106,4682.182000000001,1,0.073777623,0
163,107,4687.6680000000015,1,0.997320950,1
163,106,4688.8189999999995,1,0.998898506,1
216,90,4694.143,1,0.050818343,0
216,91,4694.169000000002,1,0.062657468,0
226,102,4694.562000000002,1,0.044485759,0
221,122,4695.262000000002,1,0.009472819,0
141,205,4698.201000000001,1,0.013913529,0
35,214,4698.506000000001,1,0.013054317,0
164,109,4698.796000000002,0,0.820505202,0
215,247,4699.6680000000015,1,0.009318038,0
189,14,4702.112000000001,1,0.010417675,0
239,21,4702.348000000002,1,0.010393531,0
162,29,4702.632000000001,1,0.044352885,0
134,34,4702.833999999999,1,0.046924908,0
303,42,4703.105,1,0.007281687,0
24,51,4703.429,1,0.008820288,0
40,55,4703.573,1,0.008646814,0
156,91,4704.841,1,0.010886256,0
187,93,4704.888999999999,1,0.008963329,0
226,110,4705.507000000001,1,0.009689525,0
324,179,4707.9439999999995,1,0.007844833,0
328,184,4708.097000000002,1,0.007907901,0
164,108,4708.368000000002,1,0.971781552,1
139,212,4709.089,1,0.008632038,0
35,224,4709.512999999999,1,0.008059205,0
162,110,4714.972000000002,0,0.824460030,0
164,111,4716.227999999999,0,0.978773296,1
164,111,4723.6860000000015,0,0.990236819,1
147,5,4731.146000000001,1,0.006666452,0
95,6,4731.190999999999,1,0.009150493,0
149,7,4731.214,1,0.008104985,0
68,32,4732.095000000001,1,0.008961745,0
69,34,4732.159,1,0.008758874,0
72,39,4732.3369999999995,1,0.009061449,0
206,40,4732.368000000002,1,0.009868556,0
313,40,4732.380000000001,1,0.006895490,0
77,52,4732.802,1,0.008561552,0
220,59,4733.044000000002,1,0.009126012,0
87,62,4733.152000000002,1,0.008690594,0
264,68,4733.363000000001,1,0.010040361,0
74,74,4733.5740000000005,1,0.008660120,0
259,75,4733.605,1,0.009232109,0
166,76,4733.655999999999,1,0.009651981,0
189,90,4734.149000000001,1,0.050401717,0
235,95,4734.315999999999,1,0.044398353,0
298,103,4734.596000000001,1,0.012400925,0
83,103,4734.605,1,0.028383419,0
103,107,4734.760000000002,1,0.041573875,0
284,111,4734.877,1,0.016326904,0
71,117,4735.0869999999995,1,0.009962299,0
340,120,4735.203000000001,1,0.007247770,0
339,122,4735.279000000002,1,0.007312262,0
245,127,4735.452000000001,1,0.009294056,0
164,112,4735.641,0,0.990572989,1
102,150,4736.259000000002,1,0.009331063,0
74,208,4738.3110000000015,1,0.013569411,0
80,228,4739.012999999999,1,0.007969520,0
88,251,4739.810000000001,1,0.008110633,0
139,29,4742.637000000002,1,0.044692513,0
125,64,4743.869999999999,1,0.009140308,0
127,70,4744.101999999999,1,0.009010660,0
13,71,4744.134000000002,1,0.010366793,0
200,85,4744.609,1,0.009169488,0
18,103,4745.240000000002,1,0.009556506,0
308,105,4745.338,1,0.008035445,0
51,180,4747.972000000002,1,0.008076678,0
247,188,4748.260000000002,1,0.008764474,0
169,220,4749.376,1,0.008874995,0
172,224,4749.508000000002,1,0.008336358,0
133,224,4749.518,1,0.008206071,0
119,249,4750.394,1,0.012967170,0
162,110,4750.671000000002,1,0.083487466,0
200,224,4750.799999999999,1,0.010196780,0
164,112,4759.988000000001,1,0.989777267,1
165,113,4761.721000000001,0,0.962951899,1
164,113,4761.821,0,0.930922329,1
164,112,4769.164000000001,1,0.975261092,1
201,30,4772.022000000001,1,0.008017297,0
162,30,4772.032999999999,1,0.009353950,0
159,68,4773.364000000001,1,0.010058668,0
79,119,4775.155999999999,1,0.009154770,0
80,120,4775.190000000002,1,0.016620737,0
88,122,4775.269,1,0.015991468,0
253,176,4777.192999999999,1,0.010207822,0
283,178,4777.238000000001,1,0.009205120,0
165,114,4778.762999999999,0,0.834807634,0
311,16,4782.182000000001,1,0.010035225,0
107,21,4782.375,1,0.044226062,0
261,28,4782.600000000002,1,0.010549100,0
184,60,4783.741000000002,1,0.009113202,0
259,62,4783.795000000002,1,0.009910217,0
118,78,4784.384000000002,1,0.009206912,0
255,108,4785.422000000002,1,0.009360121,0
165,112,4785.555,1,0.992130101,1
181,118,4785.791000000001,1,0.010377766,0
128,121,4785.876,1,0.014158475,0
16,127,4786.089,1,0.014102286,0
189,128,4786.119999999999,1,0.049821068,0
189,134,4786.357,1,0.044383574,0
320,135,4786.375,1,0.011151998,0
272,138,4786.495999999999,1,0.051805388,0
274,140,4786.545000000002,1,0.039324712,0
275,140,4786.560000000001,1,0.041827232,0
306,152,4786.986000000001,1,0.011760617,0
104,159,4787.238000000001,1,0.009325106,0
165,115,4788.516,0,0.985438347,1
255,214,4789.165000000001,1,0.008090569,0
99,220,4789.376,1,0.008237449,0
31,232,4789.791000000001,1,0.007950421,0
164,114,4802.970000000001,1,0.072009310,0
308,4,4811.103999999999,1,0.006517680,0
224,5,4811.146000000001,1,0.006374404,0
165,115,4811.887999999999,1,0.973723233,1
203,32,4812.094000000001,1,0.008134621,0
271,72,4813.5,1,0.008602923,0
269,74,4813.582000000002,1,0.008304347,0
165,117,4813.876,0,0.981202722,1
144,19,4822.2880000000005,1,0.044234507,0
135,24,4822.452000000001,1,0.044307280,0
63,39,4823.005000000001,1,0.008612026,0
313,68,4824.030999999999,1,0.007272978,0
231,85,4824.606,1,0.009409242,0
103,85,4824.611000000001,1,0.007070393,0
103,86,4824.643,1,0.013401824,0
118,95,4824.968000000001,1,0.005132222,0
112,104,4825.276000000002,1,0.010738732,0
46,117,4825.735000000001,1,0.009664450,0
137,118,4825.769,1,0.017537568,0
299,119,4825.817999999999,1,0.009100036,0
80,122,4825.933000000001,1,0.017004292,0
83,125,4826.046000000002,1,0.021319078,0
88,127,4826.094000000001,1,0.022089457,0
83,120,4826.659,0,0.844983816,0
34,148,4826.850000000002,1,0.013950193,0
257,150,4826.923999999999,1,0.022431433,0
96,181,4827.994000000002,1,0.008786394,0
166,183,4828.089,1,0.010324605,0
240,194,4828.448,1,0.009465860,0
6,198,4828.599000000002,1,0.007847624,0
31,209,4828.983,1,0.007923966,0
24,216,4829.225000000002,1,0.007790371,0
165,118,4830.334999999999,0,0.839406431,0
159,248,4830.374,1,0.013958448,0
165,116,4831.768,1,0.979525089,1
163,118,4841.440999999999,0,0.956104994,1
157,48,4852.655999999999,1,0.008505956,0
32,48,4853.789000000001,1,0.008766181,0
165,119,4853.832000000002,0,0.989676893,1
7,86,4853.998,1,0.009199246,0
206,88,4854.062000000002,1,0.047583297,0
151,50,4854.434000000001,1,0.047674611,0
165,115,4855.02,1,0.979727507,1
164,116,4855.054,1,0.970090687,1
268,162,4856.687000000002,1,0.010158700,0
189,168,4856.894,1,0.009059583,0
12,206,4858.251,1,0.012976700,0
165,120,4859.376,0,0.992564023,1
322,12,4862.035,1,0.009862444,0
309,40,4863.037,1,0.007178694,0
102,51,4863.4259999999995,1,0.008912993,0
171,83,4864.537,1,0.010111327,0
56,114,4865.656999999999,1,0.009812624,0
127,133,4866.3240000000005,1,0.033500254,0
36,152,4866.976999999999,1,0.013950953,0
206,199,4868.628000000001,1,0.008016292,0
166,127,4868.652000000002,1,0.016791400,0
273,205,4868.857,1,0.007637413,0
164,120,4869.610000000001,0,0.991255879,1
164,118,4875.003000000001,1,0.937455416,1
293,24,4891.823,1,0.007258918,0
97,114,4894.998,1,0.031765457,0
69,164,4896.755000000001,1,0.008464027,0
240,214,4898.523000000001,1,0.010627740,0
20,237,4900.647000000001,1,0.008392686,0
98,5,4901.807000000001,1,0.009770339,0
99,8,4901.906999999999,1,0.009516685,0
33,96,4905.004000000001,1,0.010095651,0
30,128,4906.149000000001,1,0.014228109,0
202,132,4906.269,1,0.048169162,0
322,151,4906.93,1,0.011063621,0
242,210,4909.026000000002,1,0.007779744,0
165,121,4909.238000000001,1,0.957426906,1
60,216,4909.239000000001,1,0.008206211,0
211,230,4909.735000000001,1,0.008499934,0
166,127,4915.192999999999,1,0.407295585,0
165,121,4919.43,1,0.985010445,1
165,122,4932.529000000002,1,0.956458986,1
308,87,4934.024000000001,1,0.011426982,0
227,141,4935.9310000000005,1,0.009263618,0
132,144,4936.057000000001,1,0.012493235,0
218,192,4937.732,1,0.004846019,0
8,252,4939.878000000001,1,0.007655566,0
225,255,4939.98,1,0.004259861,0
177,4,4941.756000000001,1,0.007415313,0
174,14,4942.101999999999,1,0.011765206,0
228,30,4942.672000000002,1,0.010904349,0
238,56,4943.592000000001,1,0.009274075,0
205,79,4944.404000000002,1,0.008379253,0
229,82,4944.529000000002,1,0.008908650,0
72,101,4945.174999999999,1,0.011322957,0
206,110,4945.499,1,0.008896673,0
280,126,4946.075000000001,1,0.020452982,0
165,125,4946.172999999999,0,0.846520185,0
221,159,4947.216,1,0.008628913,0
90,186,4948.191999999999,1,0.008406201,0
107,191,4948.350000000002,1,0.008089718,0
27,198,4948.591,1,0.007807969,0
165,123,4954.166000000001,1,0.051708382,0
165,124,4963.619000000002,1,0.977308154,1
164,48,4972.669000000002,1,0.008977267,0
165,122,4975.261000000002,1,0.892405748,0
165,126,4976.127,0,0.982933700,1
164,126,4977.743000000002,0,0.988451719,1
110,201,4978.063000000002,1,0.013699223,0
296,245,4979.608,1,0.006678439,0
97,8,4981.905999999999,1,0.009253467,0
165,127,4982.040000000001,0,0.849741817,0
297,38,4982.9490000000005,1,0.010418559,0
10,38,4982.971000000001,1,0.038655605,0
88,45,4983.220000000001,1,0.008971783,0
93,58,4983.667000000001,1,0.008730874,0
222,64,4983.887000000002,1,0.009063021,0
143,85,4984.602999999999,1,0.010571441,0
176,102,4985.215,1,0.013528362,0
254,102,4985.233,1,0.009467004,0
241,110,4985.502,1,0.009656454,0
208,116,4985.700000000001,1,0.009073784,0
304,125,4986.029000000002,1,0.011990730,0
328,128,4986.126,1,0.010752759,0
297,141,4986.599000000002,1,0.012579807,0
301,144,4986.710999999999,1,0.012076781,0
142,145,4986.745999999999,1,0.034270789,0
193,193,4988.442999999999,1,0.007254319,0
134,215,4989.197,1,0.007979942,0
166,234,4989.877,1,0.008249515,0
48,235,4989.924999999999,1,0.007603178,0
168,239,4990.040000000001,1,0.014345578,0
76,251,4990.460999999999,1,0.012855751,0
165,125,4992.499,1,0.960768402,1
287,4,4999.696,1,0.006841652,0
164,125,5000.871999999999,1,0.943052948,1
89,119,5003.644,0,0.234159380,0
136,29,5012.001,1,0.009364309,0
234,44,5012.509000000002,1,0.009891865,0
236,72,5013.499,1,0.009423733,0
69,72,5013.508000000002,1,0.008915841,0
65,79,5013.753000000001,1,0.003886499,0
11,85,5013.958000000002,1,0.009365538,0
283,101,5014.535,1,0.017044919,0
10,120,5015.190999999999,1,0.009036201,0
222,136,5015.773000000001,1,0.009377052,0
241,139,5015.867000000002,1,0.009102860,0
219,140,5015.912,1,0.009436401,0
247,142,5015.975000000002,1,0.009335194,0
115,182,5017.389999999999,1,0.008925035,0
165,127,5019.224000000002,1,0.973962188,1
90,234,5019.224000000002,1,0.008092325,0
64,224,5019.369000000002,1,0.008027801,0
49,250,5019.791000000001,1,0.007836486,0
50,255,5019.953000000001,1,0.007641263,0
51,251,5020.898000000001,1,0.008111082,0
341,11,5022.02,1,0.009654479,0
164,16,5022.171000000002,1,0.016513705,0
111,16,5022.178,1,0.044183724,0
67,22,5022.389999999999,1,0.040043399,0
324,24,5022.458000000002,1,0.009921353,0
323,28,5022.606,1,0.009974158,0
328,31,5022.723000000002,1,0.009883407,0
102,40,5023.045000000002,1,0.009038066,0
152,47,5023.287,1,0.008880172,0
313,51,5023.422999999999,1,0.007162345,0
173,59,5023.697,1,0.008800163,0
281,62,5023.794000000002,1,0.008594663,0
167,64,5023.874,1,0.009487720,0
207,65,5023.915000000001,1,0.008808997,0
167,68,5024.009000000002,1,0.009583959,0
63,79,5024.392,1,0.004203272,0
118,100,5025.144,1,0.005684343,0
98,109,5025.477999999999,1,0.012717642,0
170,120,5025.846000000001,1,0.005237798,0
124,126,5026.058000000001,1,0.040173806,0
65,127,5026.096000000001,1,0.016629593,0
70,128,5026.144,1,0.017425919,0
275,143,5026.649000000001,1,0.019972771,0
15,156,5027.110000000001,1,0.008045999,0
306,165,5027.429,1,0.008149231,0
172,201,5028.719000000001,1,0.010597013,0
165,230,5029.734,1,0.008693075,0
215,232,5029.787,1,0.006110809,0
132,232,5029.808000000001,1,0.008896256,0
134,236,5029.942999999999,1,0.008498070,0
127,240,5030.101000000002,1,0.013197268,0
178,248,5030.352999999999,1,0.013671880,0
166,127,5034.537,1,0.047968488,0
164,130,5049.989000000001,0,0.688907087,0
256,8,5051.255000000001,1,0.006802736,0
16,53,5052.846000000001,1,0.007581463,0
192,141,5055.9439999999995,1,0.007745229,0
279,248,5059.706000000002,1,0.006630828,0
285,249,5059.763999999999,1,0.006807574,0
119,255,5059.965,1,0.008035201,0
32,41,5060.147000000001,1,0.008851934,0
62,10,5061.984,1,0.009245771,0
240,11,5062.019,1,0.010002747,0
345,16,5062.189000000002,1,0.009651657,0
89,51,5063.409,1,0.008575887,0
222,59,5063.714,1,0.006716572,0
134,62,5063.822,1,0.009310378,0
222,63,5063.832000000002,1,0.006290301,0
25,63,5063.857,1,0.005308777,0
309,67,5064.0,1,0.007553162,0
111,70,5064.076000000001,1,0.008698287,0
293,71,5064.137000000002,1,0.008215686,0
259,78,5064.377,1,0.008986957,0
37,80,5064.438000000002,1,0.011288867,0
135,92,5064.874,1,0.010597883,0
177,36,5064.948,1,0.009114898,0
157,101,5065.189000000002,1,0.007034581,0
250,112,5065.584999999999,1,0.009545779,0
120,118,5065.797000000002,1,0.014726102,0
84,120,5065.864000000001,1,0.012285219,0
65,124,5066.004000000001,1,0.017374322,0
163,125,5066.029000000002,1,0.052246522,0
34,137,5066.445,1,0.013980056,0
2,142,5066.615000000002,1,0.013408818,0
210,142,5066.626,1,0.044445693,0
23,144,5066.714,1,0.013770586,0
271,152,5066.975000000002,1,0.022633955,0
172,158,5067.189000000002,1,0.012048483,0
338,160,5067.2750000000015,1,0.007288367,0
303,188,5068.255000000001,1,0.007941168,0
151,50,5068.361000000001,1,0.008473112,0
291,204,5068.808000000001,1,0.007678210,0
340,206,5068.870999999999,1,0.007496519,0
55,208,5068.960999999999,1,0.007807591,0
165,129,5076.226000000002,1,0.987977505,1
164,130,5082.214,1,0.998436987,1
164,129,5083.544000000002,1,0.995584428,1
164,132,5084.476000000002,0,0.981742442,1
166,127,5084.821,1,0.934424460,1
328,5,5091.137999999999,1,0.006649791,0
150,8,5091.248,1,0.010143786,0
239,19,5091.637000000002,1,0.007452329,0
237,23,5091.784,1,0.007383558,0
39,32,5092.100000000002,1,0.008613301,0
53,39,5092.348000000002,1,0.008517836,0
32,48,5092.6500000000015,1,0.008894339,0
148,50,5092.731,1,0.009207356,0
37,60,5093.083000000002,1,0.009464532,0
89,184,5093.123,1,0.008809122,0
219,62,5093.164000000001,1,0.009285780,0
77,63,5093.192999999999,1,0.008823695,0
128,70,5093.43,1,0.009125883,0
250,90,5094.139999999999,1,0.044229951,0
240,91,5094.173999999999,1,0.044358365,0
328,134,5095.687000000002,1,0.007600804,0
128,150,5096.259000000002,1,0.010957183,0
32,172,5097.036,1,0.009220981,0
17,174,5097.099000000002,1,0.008788633,0
77,182,5097.382000000001,1,0.009673738,0
237,189,5097.637999999999,1,0.010144024,0
164,130,5098.485000000001,1,0.984890759,1
110,222,5098.790000000001,1,0.013391684,0
100,247,5099.6860000000015,1,0.008501277,0
36,256,5100.004000000001,1,0.007742730,0
37,50,5100.108,1,0.008492945,0
89,112,5100.633000000002,1,0.013914524,0
248,7,5101.883000000002,1,0.006696463,0
164,133,5101.922000000002,0,0.993841767,1
240,20,5102.312000000002,1,0.010388378,0
167,26,5102.541000000001,1,0.025362799,0
226,29,5102.630000000001,1,0.010771462,0
32,46,5103.253000000001,1,0.008810408,0
132,64,5103.869999999999,1,0.009199446,0
307,76,5104.312000000002,1,0.007752272,0
230,82,5104.503000000001,1,0.009062558,0
340,92,5104.856,1,0.007250168,0
14,94,5104.938000000002,1,0.009215811,0
221,108,5105.445,1,0.009424578,0
218,112,5105.566999999999,1,0.009378510,0
43,115,5105.670000000002,1,0.009195209,0
154,131,5106.232,1,0.056135204,0
9,143,5106.6500000000015,1,0.013499984,0
143,160,5107.251,1,0.010488156,0
261,193,5108.416000000001,1,0.008030117,0
25,207,5108.929,1,0.007713126,0
164,133,5113.411,0,0.998313308,1
164,132,5120.152000000002,1,0.970370471,1
164,134,5122.305,0,0.989039660,1
163,133,5123.614000000001,0,0.998023033,1
32,48,5132.6759999999995,1,0.008760373,0
47,95,5134.317999999999,1,0.017180508,0
30,167,5136.853999999999,1,0.008246835,0
338,175,5137.135000000002,1,0.007385809,0
136,184,5137.4619999999995,1,0.009219639,0
146,205,5138.196,1,0.014364063,0
32,48,5139.7880000000005,1,0.008728878,0
18,17,5142.232,1,0.036787543,0
121,36,5142.879000000001,1,0.047942400,0
87,48,5143.3009999999995,1,0.008503709,0
80,49,5143.351999999999,1,0.008778309,0
163,132,5143.886000000002,1,0.660991967,0
295,259,5144.895,1,0.006552981,0
36,103,5145.253000000001,1,0.009490759,0
21,160,5147.266,1,0.008325226,0
71,166,5147.4619999999995,1,0.008369938,0
11,182,5148.036,1,0.007862213,0
149,199,5148.630000000001,1,0.008590325,0
163,134,5166.68,1,0.048164926,0
162,135,5168.1630000000005,0,0.987083673,1
96,118,5169.388999999999,1,0.947387099,1
97,117,5170.048999999999,0,0.962415397,1
180,30,5172.037,1,0.009941036,0
206,34,5172.169000000002,1,0.008422256,0
339,37,5172.290000000001,1,0.006621562,0
32,48,5172.6550000000025,1,0.008721395,0
3,48,5172.677,1,0.005350610,0
56,147,5176.145,1,0.009366431,0
20,148,5176.188000000002,1,0.010676398,0
87,152,5176.3240000000005,1,0.008998095,0
194,155,5176.428,1,0.006995238,0
79,160,5176.624,1,0.008651114,0
111,168,5176.891,1,0.008734817,0
254,173,5177.060000000001,1,0.009793933,0
36,173,5177.067999999999,1,0.008642768,0
213,176,5177.166000000001,1,0.004949914,0
315,192,5177.748,1,0.008257524,0
314,199,5177.983,1,0.008106261,0
7,237,5179.333000000002,1,0.008000446,0
96,117,5179.967000000001,1,0.895620286,0
108,14,5182.120999999999,1,0.032584257,0
106,16,5182.171000000002,1,0.035453152,0
12,30,5182.6860000000015,1,0.045060705,0
244,38,5182.957000000002,1,0.011563517,0
27,39,5183.012000000002,1,0.008490239,0
176,40,5183.021000000001,1,0.009289597,0
240,45,5183.214,1,0.009468399,0
339,55,5183.547999999999,1,0.006615384,0
280,55,5183.548999999999,1,0.007974128,0
203,123,5185.973000000002,1,0.008837667,0
162,136,5186.094000000001,0,0.863359034,0
107,157,5187.159,1,0.008970167,0
247,185,5188.147000000001,1,0.008861967,0
195,199,5188.639999999999,1,0.006990751,0
71,210,5189.024000000001,1,0.008105966,0
47,211,5189.048999999999,1,0.007856093,0
73,216,5189.237000000001,1,0.008053450,0
330,232,5189.789000000001,1,0.006928060,0
311,237,5189.970000000001,1,0.007054978,0
99,117,5195.328000000001,0,0.932117760,1
97,117,5196.708000000002,1,0.946021795,1
161,136,5197.929,0,0.993483722,1
164,133,5201.386000000002,1,0.961988151,1
164,134,5206.558000000001,1,0.047175970,0
138,37,5212.264999999999,1,0.009421561,0
48,38,5212.302,1,0.008965499,0
211,39,5212.358,1,0.009182762,0
320,51,5212.763999999999,1,0.007024206,0
82,62,5213.174999999999,1,0.008913366,0
132,64,5213.214,1,0.008927194,0
160,134,5213.269,1,0.919028699,1
241,75,5213.609,1,0.009552052,0
207,96,5214.359,1,0.047685288,0
166,127,5214.401000000002,1,0.047336262,0
234,115,5215.027000000002,1,0.009389537,0
99,118,5215.120999999999,1,0.906506479,1
320,118,5215.149000000001,1,0.007957292,0
224,148,5216.187000000002,1,0.009292524,0
155,150,5216.259000000002,1,0.012074312,0
166,160,5216.601999999999,1,0.012261073,0
165,164,5216.753000000001,1,0.010792491,0
164,166,5216.815000000002,1,0.012702898,0
320,167,5216.846000000001,1,0.008082632,0
84,174,5217.103999999999,1,0.009420293,0
184,187,5217.581000000002,1,0.008602918,0
162,136,5218.976999999999,1,0.047307070,0
249,257,5220.035,1,0.004898879,0
319,5,5221.792000000001,1,0.006854466,0
152,23,5222.445,1,0.044286199,0
172,53,5223.482,1,0.008920004,0
95,63,5223.851000000002,1,0.008562892,0
240,67,5223.990000000002,1,0.009572971,0
223,32,5224.173999999999,1,0.007985063,0
132,96,5225.013999999999,1,0.033154346,0
55,131,5226.226999999999,1,0.014599335,0
336,142,5226.635000000002,1,0.010567343,0
167,157,5227.146000000001,1,0.011621716,0
233,166,5227.474000000002,1,0.009937929,0
312,177,5227.861000000001,1,0.007897247,0
4,253,5230.5380000000005,1,0.012096163,0
183,224,5241.883000000002,1,0.009012043,0
160,137,5244.257000000001,0,0.987964749,1
161,139,5245.724000000002,0,0.986321807,1
101,117,5248.607,1,0.890265167,0
161,137,5251.575000000001,1,0.979728281,1
132,67,5253.331000000002,1,0.009024705,0
141,77,5253.68,1,0.009707657,0
270,94,5254.298999999999,1,0.023056621,0
154,106,5254.7040000000015,1,0.089160629,0
32,48,5254.759000000002,1,0.041043248,0
202,117,5255.101000000002,1,0.008975575,0
141,119,5255.177,1,0.021487968,0
195,124,5255.346000000001,1,0.008735036,0
161,136,5255.781999999999,1,0.995144129,1
164,143,5256.011000000002,1,0.017682515,0
313,144,5256.040000000001,1,0.008142022,0
227,155,5256.452000000001,1,0.009071667,0
135,161,5256.644,1,0.009821639,0
224,164,5256.751,1,0.009179592,0
94,183,5257.427,1,0.008642538,0
137,196,5257.877,1,0.009179853,0
63,215,5258.548999999999,1,0.013353005,0
59,230,5259.071,1,0.007683440,0
296,14,5262.123,1,0.010027128,0
229,64,5263.888999999999,1,0.009167673,0
47,95,5264.958999999999,1,0.010069842,0
247,112,5265.580000000002,1,0.009333950,0
162,136,5266.402000000002,1,0.047266729,0
227,231,5270.438000000002,1,0.008683084,0
160,138,5275.490000000002,1,0.985210836,1
159,139,5277.213,0,0.974491179,1
103,117,5284.07,1,0.726813853,0
183,224,5292.142,1,0.007854131,0
304,105,5294.6630000000005,1,0.011959036,0
184,155,5296.4439999999995,1,0.012920412,0
315,158,5296.532999999999,1,0.007918394,0
280,210,5298.381000000001,1,0.010914356,0
229,217,5298.633000000002,1,0.010151621,0
16,231,5299.119999999999,1,0.008008640,0
216,247,5299.688000000002,1,0.005182480,0
202,15,5302.1500000000015,1,0.009825360,0
105,116,5302.263999999999,1,0.037482839,0
11,23,5302.433000000001,1,0.041071370,0
39,24,5302.4540000000015,1,0.029913589,0
37,26,5302.535,1,0.026794104,0
107,116,5303.0560000000005,0,0.688846648,0
262,48,5303.323,1,0.008515187,0
70,64,5303.881000000001,1,0.008923600,0
248,79,5304.4180000000015,1,0.009592694,0
159,139,5304.609,1,0.994085193,1
196,89,5304.766,1,0.009270610,0
339,92,5304.871999999999,1,0.007138790,0
158,140,5305.045000000002,0,0.985232472,1
80,102,5305.218000000001,1,0.012480787,0
162,135,5306.371999999999,1,0.050620407,0
160,137,5306.4540000000015,1,0.032019001,0
318,138,5306.477999999999,1,0.011279237,0
35,155,5307.082000000002,1,0.008415452,0
10,157,5307.151000000002,1,0.008189401,0
262,165,5307.4540000000015,1,0.009667066,0
264,166,5307.481,1,0.009962623,0
42,179,5307.929,1,0.008305251,0
114,183,5308.072,1,0.008396695,0
87,190,5308.3369999999995,1,0.008161500,0
131,191,5308.351999999999,1,0.008313227,0
107,192,5308.383000000002,1,0.008114037,0
158,199,5308.654000000002,1,0.009148427,0
191,205,5308.844000000001,1,0.007033405,0
256,206,5308.883000000002,1,0.008208050,0
105,208,5308.945,1,0.007984923,0
225,216,5309.248,1,0.006336823,0
158,141,5313.6810000000005,0,0.980817914,1
161,139,5327.687000000002,1,0.952094436,1
157,141,5330.326000000001,0,0.868432045,0
271,3,5331.066999999999,1,0.006654691,0
69,6,5331.1759999999995,1,0.009165226,0
61,8,5331.244000000002,1,0.009265365,0
58,10,5331.315999999999,1,0.009178161,0
166,11,5331.355,1,0.008478519,0
279,49,5332.695,1,0.007634941,0
39,51,5332.763999999999,1,0.008464163,0
133,54,5332.870999999999,1,0.008430757,0
48,58,5333.032999999999,1,0.008696556,0
240,108,5334.777000000002,1,0.044332277,0
257,127,5335.453000000001,1,0.008763989,0
107,115,5336.0610000000015,1,0.548411727,0
163,211,5338.412,1,0.015247719,0
335,187,5338.781999999999,1,0.010688765,0
216,12,5342.032999999999,1,0.009728834,0
156,141,5347.774000000001,0,0.977792144,1
111,115,5356.731,0,0.970589280,1
156,141,5357.387999999999,0,0.992333412,1
312,8,5371.243000000002,1,0.006660698,0
127,13,5371.420000000002,1,0.009215850,0
318,15,5371.512999999999,1,0.006736937,0
254,16,5371.532999999999,1,0.006949515,0
155,142,5371.731,0,0.986876726,1
157,141,5371.755000000001,1,0.998844624,1
158,140,5372.98,1,0.999260485,1
65,103,5374.601999999999,1,0.020939291,0
160,139,5375.881000000001,1,0.966369689,1
112,114,5377.635000000002,0,0.823450565,0
124,190,5377.673999999999,1,0.008708967,0
113,115,5378.564000000002,0,0.851531446,0
225,254,5379.924999999999,1,0.004367397,0
134,32,5382.764999999999,1,0.045818441,0
165,96,5384.994999999999,1,0.061637353,0
99,174,5387.761000000002,1,0.008399019,0
154,142,5387.865000000002,0,0.991504729,1
156,142,5388.2750000000015,1,0.960753322,1
111,114,5396.297999999999,1,0.882610738,0
154,142,5397.075000000001,0,0.961225688,1
157,140,5397.688000000002,1,0.973058641,1
155,142,5398.189000000002,1,0.946625054,1
113,115,5399.012000000002,1,0.857905865,0
208,14,5411.458000000002,1,0.006488660,0
308,30,5412.027000000002,1,0.007303843,0
158,139,5412.866000000002,1,0.873945057,0
217,59,5413.048999999999,1,0.008874491,0
248,78,5413.725000000002,1,0.009528414,0
104,88,5414.07,1,0.047309071,0
109,91,5414.172999999999,1,0.050058831,0
72,91,5414.190000000002,1,0.026757937,0
153,142,5414.705000000002,0,0.868202865,0
289,109,5414.805,1,0.013983415,0
156,141,5415.5560000000005,1,0.937899649,1
39,133,5415.659,1,0.009847392,0
144,136,5415.77,1,0.017005960,0
143,139,5415.862000000001,1,0.015054948,0
183,224,5415.929,1,0.008675899,0
157,141,5415.93,1,0.920669854,1
192,141,5415.933000000001,1,0.009189833,0
155,143,5416.001,1,0.993833065,1
230,167,5416.864000000001,1,0.011761758,0
285,182,5417.385000000002,1,0.009200889,0
154,142,5417.388999999999,1,0.987101555,1
234,187,5417.565000000002,1,0.009593142,0
182,197,5417.9360000000015,1,0.008274688,0
307,204,5418.153000000002,1,0.010890852,0
5,207,5418.264999999999,1,0.012905399,0
153,143,5418.284,0,0.975520492,1
52,250,5419.791000000001,1,0.007863954,0
314,31,5422.702000000001,1,0.010103808,0
233,46,5423.253000000001,1,0.009240073,0
238,47,5423.263999999999,1,0.009723203,0
225,64,5423.886000000002,1,0.008749354,0
124,72,5424.169000000002,1,0.009160447,0
99,93,5424.9050000000025,1,0.005267121,0
153,144,5427.035,0,0.995214224,1
154,143,5427.701000000001,1,0.994230151,1
200,212,5429.092000000001,1,0.007029749,0
153,143,5436.1860000000015,1,0.961458385,1
152,144,5441.726000000002,0,0.974747956,1
153,143,5450.752,1,0.041055392,0
151,143,5451.0,0,0.932967246,1
151,144,5451.084999999999,0,0.953808427,1
152,143,5453.153000000002,1,0.936958671,1
136,200,5458.016,1,0.014044936,0
119,113,5459.509000000002,0,0.842553854,0
155,14,5462.120999999999,1,0.018662510,0
152,144,5462.371999999999,1,0.039459769,0
54,35,5462.84,1,0.044624027,0
118,114,5464.172999999999,1,0.829511285,0
32,48,5466.284,1,0.041660730,0
150,143,5468.9180000000015,0,0.947014928,1
200,224,5469.519,1,0.006868916,0
178,246,5470.303,1,0.013583715,0
15,16,5491.527000000002,1,0.008607422,0
28,40,5492.367000000002,1,0.008736956,0
65,40,5492.374,1,0.008570133,0
10,54,5492.878000000001,1,0.003486421,0
233,60,5493.09,1,0.009301994,0
154,61,5493.113000000001,1,0.009257345,0
32,48,5493.481,1,0.008811617,0
223,84,5493.9259999999995,1,0.008863308,0
301,106,5494.698,1,0.012146999,0
49,112,5494.914000000001,1,0.016301926,0
150,144,5496.035,1,0.874132872,0
39,149,5496.224000000002,1,0.008597276,0
273,159,5496.565999999999,1,0.009454519,0
149,145,5496.638999999999,0,0.922220469,1
160,179,5497.278000000002,1,0.009968895,0
33,190,5497.665000000001,1,0.008611687,0
82,194,5497.8060000000005,1,0.009480624,0
123,112,5498.781999999999,0,0.828393042,0
31,229,5499.045000000002,1,0.008303256,0
111,245,5500.344000000001,1,0.007837725,0
304,16,5502.179,1,0.010006298,0
244,18,5502.259000000002,1,0.010354667,0
63,31,5502.708999999999,1,0.041463278,0
203,43,5503.138999999999,1,0.009010757,0
288,92,5504.871999999999,1,0.009996554,0
71,166,5507.459999999999,1,0.008384326,0
323,224,5509.518,1,0.007619216,0
147,144,5510.123,0,0.869752109,0
123,112,5517.287,1,0.918587208,1
125,112,5517.488000000001,0,0.860620916,0
146,145,5530.768,0,0.871495962,0
146,144,5532.225000000002,0,0.988976121,1
149,144,5532.667000000001,1,0.984860122,1
142,70,5533.441999999999,1,0.009149014,0
32,48,5534.177,1,0.041860834,0
126,112,5534.791000000001,0,0.827822030,0
260,127,5535.4439999999995,1,0.009164737,0
174,128,5535.48,1,0.005834347,0
21,141,5535.942999999999,1,0.008857463,0
156,143,5536.002,1,0.013952988,0
151,144,5536.048999999999,1,0.960194767,1
150,144,5536.060000000001,1,0.952866197,1
311,156,5536.467000000001,1,0.008186628,0
248,184,5537.456000000002,1,0.009423840,0
112,188,5537.596000000001,1,0.008874685,0
249,189,5537.648000000001,1,0.009257331,0
146,145,5537.683000000001,0,0.990330100,1
332,206,5538.232,1,0.010642454,0
223,232,5539.120999999999,1,0.005105006,0
128,111,5539.381000000001,0,0.982104123,1
128,112,5540.625,0,0.985157847,1
135,11,5542.006000000001,1,0.036258671,0
327,21,5542.351000000002,1,0.009800429,0
127,112,5542.5790000000015,0,0.827631354,0
293,69,5544.042000000001,1,0.008154289,0
163,79,5544.407999999999,1,0.009767241,0
166,80,5544.451000000001,1,0.009630132,0
159,84,5544.576000000001,1,0.010539548,0
103,85,5544.606,1,0.009592867,0
112,87,5544.679,1,0.009659715,0
337,91,5544.834999999999,1,0.006873165,0
337,95,5544.968000000001,1,0.007779258,0
312,104,5545.278000000002,1,0.008276012,0
159,111,5545.532999999999,1,0.007319174,0
126,112,5545.559000000001,1,0.894196153,0
215,116,5545.6990000000005,1,0.009693493,0
127,187,5548.221000000001,1,0.008339094,0
124,189,5548.281999999999,1,0.008406365,0
30,203,5548.369000000002,1,0.007992375,0
160,194,5548.458999999999,1,0.009954355,0
201,208,5548.946,1,0.007287217,0
145,145,5549.582000000002,0,0.976431370,1
145,146,5550.666000000001,0,0.981975794,1
148,144,5553.537,1,0.962823331,1
27,52,5559.985000000001,1,0.008411486,0
127,112,5560.703000000001,1,0.595266342,0
32,48,5561.755000000001,1,0.008832899,0
144,146,5567.827000000001,0,0.971340835,1
42,7,5571.213,1,0.009026044,0
149,144,5572.4130000000005,1,0.924944758,1
41,48,5572.669000000002,1,0.008504767,0
149,50,5572.727999999999,1,0.008473212,0
64,56,5572.9439999999995,1,0.008847162,0
143,146,5574.021000000001,0,0.973959863,1
203,88,5574.063000000002,1,0.047848053,0
135,91,5574.173999999999,1,0.057081930,0
21,102,5574.57,1,0.014103267,0
189,104,5574.655999999999,1,0.047936410,0
191,108,5574.772000000001,1,0.047704604,0
88,114,5574.981,1,0.013804762,0
87,115,5575.02,1,0.007239269,0
91,120,5575.203000000001,1,0.011790881,0
147,134,5575.715,1,0.015695279,0
143,145,5575.734,0,0.980631232,1
199,136,5575.759000000002,1,0.009108867,0
337,158,5576.553,1,0.007331380,0
232,169,5576.929,1,0.011962564,0
111,180,5577.333000000002,1,0.009269883,0
328,184,5577.452000000001,1,0.007722669,0
225,233,5579.1860000000015,1,0.005193097,0
202,15,5582.151000000002,1,0.009836124,0
107,35,5582.842000000001,1,0.047512632,0
61,61,5583.760000000002,1,0.008497455,0
200,84,5584.572,1,0.008823440,0
201,95,5584.970000000001,1,0.008488236,0
129,111,5585.519,1,0.992512107,1
128,112,5585.577000000001,1,0.992119908,1
146,145,5586.575000000001,1,0.052426398,0
192,141,5586.592000000001,1,0.039869566,0
146,144,5586.690999999999,1,0.019393560,0
145,146,5586.757000000001,1,0.082914911,0
64,150,5586.903000000002,1,0.014568852,0
163,150,5586.917000000001,1,0.033381794,0
277,162,5587.34,1,0.009745290,0
204,174,5587.758000000002,1,0.006123362,0
12,182,5588.040000000001,1,0.008020499,0
144,146,5589.34,1,0.951971054,1
142,146,5594.8110000000015,0,0.873782039,0
140,147,5599.904000000002,0,0.834611118,0
129,110,5601.296000000002,1,0.930536628,1
134,110,5602.432000000001,0,0.822327256,0
144,19,5611.633000000002,1,0.009322960,0
15,23,5611.77,1,0.008641955,0
135,109,5614.373,0,0.897410929,0
135,110,5615.858,0,0.975469768,1
143,146,5616.111000000001,1,0.981587112,1
141,147,5617.109,0,0.987595081,1
304,204,5618.157999999999,1,0.010929883,0
140,146,5618.4259999999995,0,0.987998486,1
144,145,5619.938000000002,1,0.989658654,1
97,6,5621.825000000001,1,0.009339754,0
171,23,5622.4439999999995,1,0.016003769,0
32,48,5623.298999999999,1,0.008828988,0
133,110,5623.904000000002,1,0.946524560,1
311,68,5624.034,1,0.007335250,0
170,86,5624.641,1,0.009789902,0
312,95,5624.976999999999,1,0.008491583,0
157,103,5625.238000000001,1,0.012443716,0
127,103,5625.242000000002,1,0.008729761,0
187,104,5625.298999999999,1,0.010394258,0
319,110,5625.487000000001,1,0.008828809,0
141,146,5626.360000000001,1,0.033987820,0
12,141,5626.582000000002,1,0.013585978,0
40,151,5626.932000000001,1,0.014059457,0
296,175,5627.7930000000015,1,0.008286898,0
307,189,5628.282999999999,1,0.007780473,0
291,195,5628.490000000002,1,0.007868003,0
257,208,5628.9439999999995,1,0.007902000,0
139,146,5630.076000000001,0,0.874319434,0
139,146,5635.715,0,0.950144470,1
142,145,5643.7119999999995,1,0.980492532,1
139,147,5644.094000000001,0,0.995793343,1
140,146,5645.563000000002,1,0.996085405,1
142,146,5646.805,1,0.034393586,0
138,147,5648.506000000001,0,0.984939992,1
138,109,5649.0689999999995,0,0.993472695,1
190,76,5653.656999999999,1,0.008872163,0
135,110,5654.850000000002,1,0.926245868,1
131,111,5654.875,1,0.064314008,0
141,146,5655.602999999999,1,0.990925670,1
139,147,5655.912,1,0.979158998,1
136,110,5655.9490000000005,1,0.909903705,1
157,151,5656.282999999999,1,0.021275310,0
89,184,5657.456000000002,1,0.009313993,0
32,48,5657.466,1,0.009041812,0
13,194,5657.808000000001,1,0.008323123,0
89,210,5657.821,1,0.008760527,0
237,248,5659.7119999999995,1,0.005274977,0
3,216,5660.259000000002,1,0.007681069,0
224,4,5661.748,1,0.006727078,0
115,7,5661.879000000001,1,0.009585408,0
221,10,5661.963,1,0.006553040,0
80,20,5662.3240000000005,1,0.041102737,0
84,22,5662.403000000002,1,0.041317623,0
28,23,5662.440999999999,1,0.038791124,0
26,30,5662.6810000000005,1,0.043782961,0
110,31,5662.726000000002,1,0.015258426,0
48,32,5662.744999999999,1,0.042770889,0
241,32,5662.760000000002,1,0.010982352,0
113,34,5662.8110000000015,1,0.021679841,0
327,36,5662.875,1,0.009860046,0
118,36,5662.888999999999,1,0.047886185,0
56,36,5662.888999999999,1,0.044629537,0
242,37,5662.9259999999995,1,0.011559985,0
52,39,5662.982,1,0.046808209,0
62,39,5663.012999999999,1,0.008913404,0
168,43,5663.127,1,0.007469225,0
168,45,5663.198,1,0.007266812,0
191,47,5663.284,1,0.008631414,0
223,50,5663.378000000001,1,0.009352611,0
121,59,5663.695,1,0.011296246,0
121,60,5663.726999999999,1,0.013853429,0
127,64,5663.863000000001,1,0.008933921,0
78,67,5663.982,1,0.008789389,0
32,48,5664.100000000002,1,0.008848865,0
139,109,5664.195,0,0.990997314,1
97,85,5664.606,1,0.009983184,0
178,87,5664.695,1,0.009538893,0
26,101,5665.1680000000015,1,0.009248563,0
93,102,5665.215,1,0.015971256,0
57,127,5666.096000000001,1,0.015662340,0
134,143,5666.66,1,0.032362521,0
279,147,5666.791000000001,1,0.019502545,0
26,158,5667.183000000001,1,0.008345027,0
127,160,5667.264999999999,1,0.009499069,0
300,173,5667.740000000002,1,0.008354344,0
239,182,5668.0300000000025,1,0.010166352,0
328,195,5668.511000000002,1,0.007751263,0
160,199,5668.631000000001,1,0.009635540,0
72,212,5669.0869999999995,1,0.008840512,0
339,247,5670.317999999999,1,0.010066619,0
138,146,5670.3369999999995,1,0.032765139,0
71,215,5670.846000000001,1,0.013457027,0
212,56,5671.026000000002,1,0.008975897,0
140,146,5682.593000000001,1,0.033720151,0
140,109,5683.234,0,0.999698162,1
140,110,5684.685000000001,0,0.999828815,1
138,109,5684.851000000002,1,0.994044721,1
139,146,5686.502,1,0.033369586,0
135,147,5687.778000000002,0,0.968365312,1
144,56,5692.939000000002,1,0.008920101,0
48,58,5693.008000000002,1,0.008817941,0
139,147,5693.106,1,0.912012219,1
88,88,5694.0869999999995,1,0.050743364,0
135,109,5694.807000000001,1,0.070309259,0
57,116,5695.073,1,0.009737129,0
135,147,5695.155999999999,0,0.983734488,1
136,147,5695.845000000001,1,0.988814771,1
9,160,5696.611000000001,1,0.008001924,0
141,109,5697.2040000000015,0,0.989752650,1
222,181,5697.345000000001,1,0.008945793,0
88,227,5698.981,1,0.013368626,0
37,230,5699.085999999999,1,0.007647148,0
32,248,5699.708999999999,1,0.007832360,0
122,2,5701.6810000000005,1,0.009371623,0
320,6,5701.847000000002,1,0.006611180,0
165,14,5702.113000000001,1,0.013080329,0
196,34,5702.821,1,0.012668300,0
17,61,5703.778000000002,1,0.005009749,0
136,147,5704.241000000002,1,0.994325221,1
141,88,5704.734,1,0.011064519,0
66,96,5705.002,1,0.012060555,0
296,96,5705.018,1,0.009141060,0
32,48,5705.128000000001,1,0.008921918,0
137,146,5705.201000000001,1,0.995811582,1
49,109,5705.4619999999995,1,0.010014701,0
140,110,5705.495999999999,1,0.954063833,1
138,146,5705.513999999999,1,0.995047450,1
305,114,5705.636000000002,1,0.008797560,0
307,118,5705.772000000001,1,0.008715886,0
318,123,5705.948,1,0.007948685,0
143,108,5706.508000000002,0,0.811269760,0
140,147,5706.7930000000015,1,0.032802995,0
241,183,5708.0790000000015,1,0.009061372,0
135,147,5708.338,1,0.990374744,1
134,147,5709.073,0,0.947700858,1
218,214,5709.1680000000015,1,0.003993951,0
144,107,5716.063000000002,0,0.985868335,1
136,146,5728.145,1,0.915934265,1
145,108,5729.43,0,0.995403767,1
158,14,5731.458000000002,1,0.010255105,0
134,148,5732.031999999999,1,0.927630901,1
93,61,5733.123,1,0.008854035,0
90,62,5733.165000000001,1,0.008966740,0
200,66,5733.304,1,0.009041885,0
132,148,5733.672000000002,0,0.970577478,1
93,78,5733.714,1,0.009494301,0
299,79,5733.755000000001,1,0.008470681,0
74,80,5733.808000000001,1,0.009355404,0
204,85,5733.967000000001,1,0.008936354,0
133,147,5734.042000000001,1,0.975328445,1
132,147,5734.208999999999,0,0.994372845,1
332,104,5734.633000000002,1,0.010543921,0
31,109,5734.810000000001,1,0.014478976,0
59,109,5734.8290000000015,1,0.018727427,0
335,110,5734.862000000001,1,0.010469610,0
89,118,5735.127,1,0.012199424,0
127,144,5736.049999999999,1,0.016626084,0
261,146,5736.133000000002,1,0.010306501,0
143,109,5736.7930000000015,1,0.997584701,1
26,166,5736.814000000002,1,0.008902347,0
228,166,5736.838,1,0.009301221,0
31,175,5737.139999999999,1,0.008121620,0
261,195,5737.844000000001,1,0.008764246,0
1,202,5738.109,1,0.012936647,0
88,204,5738.16,1,0.013800607,0
200,212,5738.450000000001,1,0.010245952,0
131,148,5740.440999999999,0,0.988570869,1
131,147,5740.757000000001,0,0.983545542,1
136,5,5741.797000000002,1,0.009951877,0
278,11,5742.024000000001,1,0.010016346,0
263,15,5742.1630000000005,1,0.010157310,0
69,19,5742.289000000001,1,0.039462950,0
306,29,5742.632000000001,1,0.010176760,0
100,33,5742.776000000002,1,0.044476084,0
141,39,5742.999,1,0.049013060,0
217,45,5743.219000000001,1,0.009357817,0
196,47,5743.2880000000005,1,0.008875757,0
216,48,5743.323,1,0.011119790,0
145,109,5744.606,0,0.993150413,1
207,88,5744.738000000001,1,0.008559172,0
143,108,5745.416000000001,1,0.991699576,1
141,109,5745.452000000001,1,0.960509956,1
44,124,5745.987000000001,1,0.009215293,0
220,127,5746.097000000002,1,0.044480164,0
148,129,5746.1630000000005,1,0.059410915,0
170,138,5746.501,1,0.037221763,0
77,139,5746.52,1,0.016663954,0
94,171,5747.641,1,0.008754106,0
24,175,5747.786,1,0.008466764,0
199,183,5748.083999999999,1,0.009387366,0
335,184,5748.100000000002,1,0.007443953,0
46,184,5748.111000000001,1,0.008143032,0
218,199,5748.627,1,0.004847523,0
311,204,5748.804,1,0.007710537,0
181,206,5748.878000000001,1,0.007923359,0
306,208,5748.967000000001,1,0.007784572,0
183,224,5749.508000000002,1,0.008021337,0
79,230,5749.722000000002,1,0.007865688,0
263,231,5749.760000000002,1,0.007463981,0
146,108,5753.941999999999,0,0.992124379,1
130,147,5754.099000000002,0,0.876699030,0
130,148,5754.242000000002,0,0.937855363,1
144,108,5755.870999999999,1,0.986640155,1
150,71,5757.994000000002,1,0.009445765,0
132,148,5763.207000000002,1,0.988758445,1
130,148,5763.477999999999,0,0.994939804,1
131,148,5764.092000000001,1,0.999344528,1
129,148,5765.1759999999995,0,0.990179062,1
32,48,5774.076000000001,1,0.042575765,0
242,37,5774.169000000002,1,0.011560699,0
297,128,5775.487000000001,1,0.009181895,0
206,135,5775.725000000002,1,0.009014902,0
201,136,5775.771000000001,1,0.008699570,0
134,147,5776.147000000001,1,0.833040535,0
130,148,5776.182000000001,1,0.962173104,1
120,149,5776.236000000001,1,0.013114216,0
45,152,5776.3290000000015,1,0.008404592,0
31,190,5777.667000000001,1,0.008291853,0
132,147,5778.18,1,0.845107317,0
306,247,5779.670000000002,1,0.006767225,0
146,108,5780.142,1,0.999293923,1
148,108,5780.791000000001,0,0.986790359,1
145,107,5781.401000000002,1,0.994955242,1
34,2,5781.677,1,0.009008893,0
129,149,5781.688000000002,0,0.988778770,1
263,6,5781.839,1,0.006828616,0
149,107,5781.866000000002,0,0.992555320,1
175,31,5782.706000000002,1,0.022547165,0
1,37,5782.9180000000015,1,0.036489725,0
48,58,5783.664000000001,1,0.008834172,0
70,63,5783.859,1,0.008851294,0
200,65,5783.9259999999995,1,0.009267220,0
176,102,5785.208999999999,1,0.010139458,0
119,105,5785.3240000000005,1,0.023273703,0
149,106,5785.659,0,0.986226499,1
154,144,5786.707000000002,1,0.040529292,0
177,159,5787.216,1,0.011481572,0
208,160,5787.252,1,0.008160551,0
255,187,5788.215,1,0.008806700,0
127,148,5789.406999999999,0,0.978505015,1
323,224,5791.226999999999,1,0.007478801,0
131,147,5795.4050000000025,1,0.996934652,1
127,148,5796.084999999999,0,0.984627664,1
131,148,5796.609,1,0.991834641,1
150,106,5799.583000000002,0,0.985211253,1
151,107,5811.724000000002,0,0.927751243,1
92,61,5813.119000000002,1,0.008975078,0
151,106,5813.779000000002,0,0.948678732,1
268,104,5814.632000000001,1,0.025686465,0
127,148,5817.744999999999,1,0.383170784,0
285,200,5818.016,1,0.011317068,0
125,148,5818.321,0,0.879315853,0
215,253,5819.884000000002,1,0.005021910,0
210,253,5821.428,1,0.007441885,0
36,256,5821.635000000002,1,0.007740851,0
146,23,5822.428,1,0.044275165,0
201,30,5822.672999999999,1,0.011214668,0
2,32,5822.733,1,0.042187214,0
263,38,5822.9490000000005,1,0.010778302,0
151,108,5823.041000000001,0,0.968484640,1
218,40,5823.046000000002,1,0.009588237,0
279,51,5823.416000000001,1,0.007983722,0
150,106,5824.241000000002,1,0.910451293,1
179,80,5824.4540000000015,1,0.009313844,0
158,88,5824.727999999999,1,0.010514669,0
101,104,5825.2930000000015,1,0.013279128,0
149,108,5825.416000000001,1,0.989254951,1
240,108,5825.427,1,0.009486004,0
149,109,5825.450000000001,1,0.993896782,1
100,109,5825.466,1,0.013554643,0
152,106,5825.690999999999,0,0.921718299,1
177,119,5825.830000000002,1,0.010121436,0
126,148,5826.114000000001,1,0.868889987,0
125,148,5826.416000000001,0,0.794151068,0
136,145,5826.720000000001,1,0.032665320,0
128,150,5826.899000000001,1,0.046498563,0
96,152,5826.998,1,0.015786370,0
255,183,5828.084999999999,1,0.009013291,0
217,245,5830.263999999999,1,0.005156841,0
220,248,5830.368000000002,1,0.023016747,0
124,149,5840.441999999999,0,0.990018487,1
126,148,5840.566999999999,1,0.956930518,1
153,106,5841.507000000001,0,0.914415061,1
151,106,5841.659,1,0.959840238,1
152,108,5841.744000000002,0,0.935701013,1
191,37,5852.277000000002,1,0.009560216,0
175,97,5854.402000000002,1,0.053367835,0
161,117,5855.097000000002,1,0.005466373,0
160,134,5855.685000000001,1,0.016055560,0
250,135,5855.728999999999,1,0.009197821,0
339,135,5855.741000000002,1,0.007571223,0
274,136,5855.77,1,0.010648892,0
239,137,5855.802,1,0.009066262,0
104,143,5856.022000000001,1,0.014021356,0
269,150,5856.25,1,0.009902574,0
58,152,5856.335999999999,1,0.008839334,0
122,148,5856.886000000002,0,0.989127338,1
322,200,5858.0250000000015,1,0.010849773,0
216,59,5860.708000000002,1,0.009075976,0
273,2,5861.690999999999,1,0.007255751,0
246,4,5861.755000000001,1,0.006595399,0
97,14,5862.101999999999,1,0.044174504,0
231,19,5862.295000000002,1,0.010080471,0
230,21,5862.367000000002,1,0.010172749,0
31,22,5862.4050000000025,1,0.037525415,0
59,29,5862.630000000001,1,0.040138971,0
60,31,5862.702000000001,1,0.040836755,0
193,32,5862.744999999999,1,0.012367117,0
308,32,5862.757000000001,1,0.010166591,0
304,37,5862.916000000001,1,0.010251355,0
192,45,5863.225000000002,1,0.008942437,0
299,47,5863.289000000001,1,0.007207727,0
334,48,5863.313000000002,1,0.005949952,0
145,49,5863.34,1,0.008627216,0
147,50,5863.374,1,0.009200099,0
332,50,5863.389999999999,1,0.006648891,0
166,53,5863.476999999999,1,0.008886185,0
88,53,5863.5,1,0.008900731,0
227,53,5863.5,1,0.008793345,0
161,54,5863.512000000002,1,0.008532506,0
247,60,5863.746999999999,1,0.009246112,0
302,64,5863.869999999999,1,0.008056277,0
301,67,5863.985000000001,1,0.007670022,0
103,72,5864.171000000002,1,0.008638225,0
40,79,5864.416000000001,1,0.013451894,0
185,95,5864.966,1,0.009085162,0
16,96,5865.02,1,0.009649456,0
200,98,5865.088,1,0.008965049,0
198,103,5865.261000000002,1,0.009062455,0
208,112,5865.578000000001,1,0.009114618,0
183,119,5865.830000000002,1,0.009842000,0
159,126,5866.053,1,0.052859828,0
166,127,5866.094000000001,1,0.045187116,0
122,149,5866.101999999999,0,0.966183841,1
133,132,5866.282999999999,1,0.046711303,0
265,135,5866.386000000002,1,0.026460726,0
165,144,5866.690999999999,1,0.038108435,0
35,154,5867.041000000001,1,0.008230996,0
102,167,5867.523000000001,1,0.008851432,0
176,168,5867.554,1,0.008409063,0
178,170,5867.615000000002,1,0.007502755,0
121,148,5867.867000000002,0,0.999615669,1
154,108,5874.243000000002,0,0.805329680,0
121,148,5875.3189999999995,0,0.992559552,1
125,149,5875.5869999999995,1,0.995774448,1
124,148,5878.037,1,0.987931430,1
152,107,5878.146000000001,1,0.087511599,0
120,148,5878.643,0,0.890064120,0
155,107,5882.976000000002,0,0.799288750,0
155,106,5884.246999999999,0,0.955511808,1
120,149,5885.097000000002,0,0.987792313,1
120,148,5886.560000000001,0,0.997863472,1
124,149,5888.401000000002,1,0.998944819,1
122,149,5888.592000000001,1,0.998958349,1
238,47,5892.619999999999,1,0.010187366,0
119,148,5893.652000000002,0,0.995095789,1
156,106,5894.018,0,0.793078125,0
125,148,5896.179,1,0.947075307,1
256,148,5896.206000000002,1,0.009289044,0
119,149,5897.048999999999,0,0.992060900,1
222,189,5897.627,1,0.010680594,0
21,217,5898.611000000001,1,0.012920905,0
315,255,5902.019,1,0.009933342,0
168,14,5902.103999999999,1,0.012143235,0
135,31,5902.705000000002,1,0.045087710,0
82,47,5903.286,1,0.008870160,0
177,48,5903.328000000001,1,0.008810234,0
9,51,5903.407999999999,1,0.006792550,0
11,53,5903.482,1,0.007161018,0
232,61,5903.7880000000005,1,0.009457011,0
225,63,5903.843000000001,1,0.008682407,0
32,48,5904.252,1,0.008801212,0
154,108,5904.32,1,0.932202816,1
15,80,5904.452000000001,1,0.009925880,0
303,89,5904.759000000002,1,0.008330927,0
275,96,5905.018,1,0.010507379,0
83,99,5905.121999999999,1,0.014433100,0
327,104,5905.297999999999,1,0.007658769,0
64,110,5905.491000000002,1,0.010662542,0
327,112,5905.564000000002,1,0.007573893,0
43,112,5905.577000000001,1,0.009563522,0
88,118,5905.791000000001,1,0.011909044,0
333,128,5906.124,1,0.010562189,0
135,134,5906.339,1,0.046388600,0
192,138,5906.483,1,0.045470234,0
118,148,5906.519,0,0.880256653,0
121,149,5906.865000000002,1,0.988156319,1
121,148,5907.738000000001,1,0.961075127,1
333,174,5907.760000000002,1,0.007568063,0
45,189,5908.2880000000005,1,0.007959008,0
326,191,5908.352999999999,1,0.007743975,0
239,195,5908.513999999999,1,0.008846974,0
29,204,5908.808000000001,1,0.007885099,0
155,106,5913.529000000002,1,0.908555150,1
154,107,5915.322,1,0.962430835,1
117,149,5927.136000000002,0,0.967463374,1
17,44,5932.52,1,0.008401291,0
157,103,5932.631000000001,1,0.111002207,0
79,78,5933.719000000001,1,0.008858224,0
47,95,5934.309000000001,1,0.017844560,0
250,96,5934.350000000002,1,0.044234134,0
160,103,5934.602999999999,1,0.059752822,0
291,109,5934.810000000001,1,0.013818953,0
63,111,5934.883000000002,1,0.019542040,0
194,119,5935.162,1,0.008999779,0
47,120,5935.2119999999995,1,0.009033596,0
95,124,5935.345000000001,1,0.011483883,0
148,125,5935.377,1,0.023331393,0
96,126,5935.402000000002,1,0.012620776,0
258,142,5935.968000000001,1,0.009229297,0
116,148,5936.082000000002,0,0.970814705,1
120,148,5936.185000000001,1,0.993956387,1
277,152,5936.339,1,0.009669568,0
262,181,5937.344000000001,1,0.009077300,0
40,182,5937.392,1,0.008687517,0
29,191,5937.698,1,0.007985433,0
32,48,5938.242000000002,1,0.043073021,0
119,148,5941.226000000002,1,0.964811981,1
158,16,5942.171000000002,1,0.020314030,0
116,149,5942.753000000001,0,0.865679085,0
149,55,5943.566999999999,1,0.008688048,0
279,67,5943.998,1,0.008848756,0
216,75,5944.272000000001,1,0.009318966,0
244,87,5944.701000000001,1,0.009599932,0
190,114,5945.634000000002,1,0.009411348,0
196,126,5946.076000000001,1,0.048200414,0
120,149,5946.875,1,0.564059019,0
248,206,5948.887999999999,1,0.008516129,0
118,148,5949.495999999999,1,0.986069322,1
51,253,5950.555,1,0.012611635,0
117,148,5951.012000000002,1,0.979118347,1
115,149,5957.225000000002,0,0.991709054,1
118,149,5958.285,1,0.046616353,0
116,148,5958.4439999999995,1,0.980328798,1
119,149,5958.594000000001,1,0.025629645,0
132,64,5960.022000000001,1,0.009119206,0
156,108,5961.3060000000005,1,0.867334366,0
158,108,5962.613000000001,0,0.803585351,0
157,106,5963.162,1,0.917027473,1
159,106,5963.672999999999,0,0.875068665,0
156,106,5965.653000000002,1,0.938716173,1
159,107,5969.877,0,0.861478567,0
117,148,5969.985000000001,1,0.995142460,1
117,149,5970.236000000001,1,0.997962475,1
127,16,5971.529000000002,1,0.009111768,0
184,23,5971.784,1,0.008140229,0
10,27,5971.9180000000015,1,0.008882262,0
171,40,5972.375,1,0.008801735,0
32,48,5972.422000000002,1,0.009047664,0
103,45,5972.565000000002,1,0.008489504,0
281,51,5972.769,1,0.007643259,0
114,149,5972.855,0,0.988755405,1
301,64,5973.238000000001,1,0.007777919,0
33,45,5973.6680000000015,1,0.008752551,0
227,92,5974.209999999999,1,0.045673270,0
72,97,5974.386000000002,1,0.026752735,0
91,101,5974.522000000001,1,0.037107427,0
115,148,5974.572,1,0.022593448,0
184,104,5974.631000000001,1,0.047963209,0
205,106,5974.701000000001,1,0.048400380,0
25,109,5974.814000000002,1,0.014208253,0
207,111,5974.880000000001,1,0.049029354,0
310,118,5975.137000000002,1,0.008174581,0
243,120,5975.1939999999995,1,0.009324335,0
271,124,5975.348000000002,1,0.010174329,0
281,140,5975.905999999999,1,0.010155536,0
61,159,5976.5790000000015,1,0.008704169,0
231,161,5976.652000000002,1,0.008655397,0
299,180,5977.3189999999995,1,0.008962960,0
113,148,5977.378000000001,0,0.990283370,1
55,204,5978.1550000000025,1,0.013519036,0
22,207,5978.267,1,0.013122012,0
23,238,5979.361000000001,1,0.007584315,0
228,240,5980.987000000001,1,0.005661626,0
251,41,5983.058000000001,1,0.008254842,0
200,71,5984.110000000001,1,0.009093786,0
4,85,5984.606,1,0.010214877,0
186,93,5984.914000000001,1,0.009132331,0
53,103,5985.253000000001,1,0.010295577,0
115,148,5986.290000000001,1,0.022617595,0
25,140,5986.545000000002,1,0.013830298,0
239,156,5987.110000000001,1,0.009012244,0
260,166,5987.477999999999,1,0.009904263,0
113,149,5987.863000000001,0,0.985787749,1
144,178,5987.889999999999,1,0.009563188,0
235,197,5988.559000000001,1,0.009109323,0
160,198,5988.603999999999,1,0.009949680,0
114,148,5989.173999999999,1,0.960461438,1
115,149,5997.758000000002,1,0.945431530,1
303,15,6011.498,1,0.006797432,0
158,106,6012.924999999999,1,0.404805541,0
51,68,6013.361000000001,1,0.008830082,0
190,103,6014.601999999999,1,0.047923855,0
84,120,6015.195,1,0.011198879,0
9,143,6016.002,1,0.008033180,0
160,191,6017.706000000002,1,0.009430431,0
285,196,6017.873,1,0.008331526,0
111,148,6020.206000000002,0,0.988254905,1
144,10,6021.966,1,0.011191035,0
236,11,6022.003000000001,1,0.009907274,0
95,14,6022.123,1,0.044176210,0
343,23,6022.424999999999,1,0.009619673,0
299,23,6022.438000000002,1,0.010131971,0
135,25,6022.491000000002,1,0.044310380,0
232,197,6022.731,1,0.013572800,0
287,34,6022.814000000002,1,0.010420206,0
202,35,6022.867000000002,1,0.012137013,0
151,36,6022.895,1,0.048133492,0
32,37,6022.940000000002,1,0.046737630,0
170,42,6023.0869999999995,1,0.009157928,0
302,43,6023.151000000002,1,0.007108110,0
337,121,6023.217000000001,1,0.007345072,0
87,48,6023.327000000001,1,0.008739107,0
167,50,6023.379000000001,1,0.008793718,0
97,51,6023.428,1,0.008640869,0
215,52,6023.440000000002,1,0.009023349,0
230,52,6023.453000000001,1,0.009271100,0
168,53,6023.5,1,0.008731769,0
151,60,6023.727999999999,1,0.008882271,0
267,63,6023.849000000002,1,0.009562542,0
240,194,6023.863000000001,1,0.009426666,0
194,64,6023.886000000002,1,0.009137982,0
285,69,6024.066999999999,1,0.008507445,0
217,71,6024.116000000002,1,0.008592876,0
312,74,6024.219000000001,1,0.007739394,0
163,77,6024.349000000002,1,0.009640142,0
305,78,6024.363000000001,1,0.007988100,0
104,83,6024.565000000002,1,0.009369547,0
175,85,6024.629000000001,1,0.009674354,0
95,86,6024.642,1,0.010042272,0
314,90,6024.781999999999,1,0.008449186,0
50,95,6024.958000000002,1,0.011754484,0
239,98,6025.084999999999,1,0.009558028,0
208,101,6025.170000000002,1,0.009253248,0
224,101,6025.196,1,0.009549152,0
45,105,6025.315999999999,1,0.010209932,0
127,111,6025.546000000002,1,0.024943652,0
36,116,6025.706000000002,1,0.009281429,0
33,117,6025.762999999999,1,0.009365207,0
109,126,6026.080000000002,1,0.031838469,0
320,127,6026.091,1,0.011098082,0
201,133,6026.3240000000005,1,0.048951365,0
328,134,6026.333000000002,1,0.010755691,0
175,135,6026.371999999999,1,0.033423100,0
320,139,6026.513999999999,1,0.011148713,0
154,142,6026.617000000002,1,0.043394938,0
269,142,6026.625,1,0.022237275,0
214,142,6026.641,1,0.044386577,0
1,143,6026.656999999999,1,0.013470133,0
314,144,6026.700000000001,1,0.011455446,0
113,147,6026.794000000002,1,0.022409897,0
315,147,6026.807000000001,1,0.011378583,0
61,159,6027.214,1,0.008834582,0
235,165,6027.448,1,0.010105458,0
80,173,6027.709999999999,1,0.008796944,0
126,173,6027.722000000002,1,0.009084853,0
323,175,6027.787,1,0.007699053,0
288,179,6027.946,1,0.008481469,0
194,180,6027.970000000001,1,0.009002492,0
112,148,6028.143,1,0.945796192,1
104,239,6028.859,1,0.008163539,0
280,211,6029.054,1,0.007782285,0
10,222,6029.447,1,0.007955384,0
112,236,6029.953000000001,1,0.008155095,0
115,239,6030.048999999999,1,0.013152155,0
103,240,6030.084999999999,1,0.013101847,0
191,256,6030.646000000001,1,0.011108862,0
110,148,6036.608,0,0.982784390,1
111,148,6046.305,1,0.895994782,0
109,148,6046.5509999999995,0,0.926420927,1
78,85,6053.981,1,0.004041255,0
65,99,6054.459999999999,1,0.023106458,0
158,107,6054.733,1,0.084775224,0
158,108,6054.771000000001,1,0.081380688,0
8,143,6056.023000000001,1,0.009058812,0
112,148,6056.178,1,0.370272189,0
95,175,6057.133000000002,1,0.008538648,0
108,147,6057.208000000002,0,0.994241238,1
123,192,6057.735000000001,1,0.011633723,0
121,192,6057.75,1,0.010693693,0
116,214,6058.504000000001,1,0.013555052,0
110,147,6058.695,1,0.021373620,0
250,252,6059.857,1,0.005607167,0
207,257,6060.032999999999,1,0.008678610,0
107,147,6060.285,0,0.984354854,1
340,7,6061.882000000001,1,0.006551838,0
246,40,6063.042000000001,1,0.008221664,0
265,48,6063.323,1,0.008550279,0
344,71,6064.120999999999,1,0.006625218,0
243,79,6064.395,1,0.009427209,0
246,80,6064.4360000000015,1,0.009234225,0
170,101,6065.198,1,0.010042788,0
157,103,6065.240000000002,1,0.109949239,0
250,104,6065.286,1,0.009394369,0
172,113,6065.621999999999,1,0.009620473,0
263,121,6065.9000000000015,1,0.009035086,0
111,148,6066.855,1,0.021323165,0
195,165,6067.453000000001,1,0.006113034,0
108,147,6067.672000000002,0,0.989645600,1
180,239,6070.0509999999995,1,0.013228771,0
110,148,6078.198,1,0.020994470,0
107,146,6081.472000000002,0,0.981989145,1
131,51,6092.762999999999,1,0.008542198,0
108,147,6094.011000000002,1,0.020800283,0
250,91,6094.172000000002,1,0.044239901,0
41,115,6095.030999999999,1,0.009297408,0
79,154,6096.389999999999,1,0.008755203,0
303,158,6096.548999999999,1,0.008334580,0
232,200,6098.027000000002,1,0.013205419,0
185,203,6098.127,1,0.011509473,0
192,205,6098.202000000001,1,0.010468879,0
153,215,6098.5430000000015,1,0.014715832,0
238,193,6099.648000000001,1,0.009459102,0
51,7,6101.884000000002,1,0.009413261,0
61,8,6101.886000000002,1,0.009337042,0
202,15,6102.142,1,0.009851759,0
40,39,6102.990000000002,1,0.046894349,0
98,44,6103.161,1,0.009137243,0
32,48,6103.299999999999,1,0.008848408,0
208,80,6104.428,1,0.008856052,0
285,97,6105.034,1,0.010452797,0
109,148,6105.32,1,0.492368996,0
108,147,6105.34,1,0.638671875,0
231,106,6105.369000000002,1,0.009634203,0
332,117,6105.762000000002,1,0.007392104,0
128,124,6105.983,1,0.045995399,0
207,132,6106.271000000001,1,0.047809545,0
105,146,6126.310000000001,0,0.878413558,0
108,148,6127.659,1,0.933177650,1
157,4,6131.108,1,0.008519351,0
239,21,6131.710999999999,1,0.007185810,0
243,80,6133.797000000002,1,0.009348176,0
241,88,6134.083000000002,1,0.044341061,0
256,105,6134.6630000000005,1,0.039237734,0
151,50,6134.672000000002,1,0.047752686,0
107,146,6136.118000000002,1,0.841444790,0
167,185,6137.490000000002,1,0.009584303,0
245,205,6138.195,1,0.012050061,0
308,214,6138.513999999999,1,0.010701095,0
247,16,6142.174999999999,1,0.010208056,0
32,48,6144.076000000001,1,0.008782056,0
106,146,6144.947,1,0.855766475,0
333,123,6145.951000000001,1,0.007674810,0
242,200,6148.673999999999,1,0.008908032,0
32,48,6171.720000000001,1,0.008920809,0
132,64,6173.215,1,0.008973996,0
312,140,6175.896000000001,1,0.008263294,0
157,159,6176.566999999999,1,0.011145154,0
168,196,6177.880000000001,1,0.009431611,0
124,30,6182.689000000002,1,0.044369724,0
31,43,6183.148000000001,1,0.008441387,0
305,47,6183.276000000002,1,0.007273106,0
112,51,6183.406999999999,1,0.008908562,0
147,54,6183.52,1,0.008682578,0
117,94,6184.932000000001,1,0.016959628,0
263,96,6185.011000000002,1,0.009574933,0
18,103,6185.239000000001,1,0.009394680,0
268,104,6185.2750000000015,1,0.009328736,0
32,48,6185.484,1,0.009179141,0
215,118,6185.77,1,0.009556782,0
45,119,6185.8189999999995,1,0.009373567,0
199,142,6186.639999999999,1,0.041686364,0
176,151,6186.942999999999,1,0.023955731,0
262,152,6186.970000000001,1,0.022177026,0
255,155,6187.083000000002,1,0.011883933,0
71,166,6187.487000000001,1,0.008394128,0
115,167,6187.512000000002,1,0.009079219,0
156,179,6187.950000000001,1,0.010178863,0
34,139,6188.156999999999,1,0.008547106,0
184,187,6188.2040000000015,1,0.008358998,0
323,211,6189.0509999999995,1,0.007608267,0
103,145,6196.6860000000015,0,0.983000517,1
159,109,6210.475000000002,1,0.070285350,0
188,22,6211.751,1,0.007575183,0
264,54,6212.874,1,0.009345871,0
2,69,6213.411,1,0.010425824,0
253,93,6214.244999999999,1,0.042475816,0
242,96,6214.357,1,0.044341631,0
73,109,6214.8189999999995,1,0.023782199,0
75,115,6215.017,1,0.011429303,0
164,116,6215.053,1,0.004805190,0
237,167,6216.860000000001,1,0.011990629,0
231,14,6222.121999999999,1,0.009870611,0
256,38,6222.974000000002,1,0.011092599,0
91,87,6224.6810000000005,1,0.007653686,0
233,128,6226.148000000001,1,0.044368528,0
105,146,6226.286,1,0.020685002,0
37,135,6226.383000000002,1,0.014155694,0
229,147,6226.794000000002,1,0.049698886,0
230,147,6226.815999999999,1,0.056630015,0
278,173,6227.719000000001,1,0.009257091,0
52,215,6229.207000000002,1,0.007756480,0
311,229,6229.683000000001,1,0.007394420,0
158,255,6230.603999999999,1,0.014009000,0
216,259,6230.744000000002,1,0.013575673,0
157,108,6250.772000000001,0,0.800047636,0
238,6,6251.174999999999,1,0.006577967,0
159,108,6251.248,1,0.998390079,1
16,22,6251.744000000002,1,0.008710709,0
15,23,6251.772000000001,1,0.009602307,0
158,109,6252.274000000001,1,0.997970760,1
101,34,6253.134000000002,1,0.009126871,0
136,87,6254.030999999999,1,0.056068134,0
41,94,6254.286,1,0.017133199,0
59,95,6254.330000000002,1,0.021802759,0
89,96,6254.364000000001,1,0.035443150,0
232,104,6254.638999999999,1,0.044426888,0
225,117,6255.095000000001,1,0.009263298,0
110,119,6255.1680000000015,1,0.015544516,0
224,134,6255.689000000002,1,0.009305857,0
144,159,6256.5869999999995,1,0.011918419,0
16,168,6256.902000000002,1,0.008645608,0
152,176,6257.192999999999,1,0.010287267,0
176,209,6258.3369999999995,1,0.013106632,0
207,12,6262.0380000000005,1,0.009680456,0
154,68,6264.030999999999,1,0.009210479,0
238,72,6264.153000000002,1,0.009316907,0
101,86,6264.6680000000015,1,0.012273027,0
159,107,6264.707000000002,1,0.979355633,1
110,93,6264.893,1,0.012752690,0
312,97,6265.034,1,0.008010884,0
160,109,6265.459999999999,1,0.994584858,1
159,109,6265.475000000002,1,0.991087377,1
93,190,6266.713,1,0.013993944,0
17,166,6267.467000000001,1,0.008154308,0
203,170,6267.620999999999,1,0.004057780,0
205,173,6267.728999999999,1,0.003864956,0
17,178,6267.888999999999,1,0.008054338,0
163,184,6268.103999999999,1,0.009598246,0
92,187,6268.208000000002,1,0.008312394,0
90,189,6268.2800000000025,1,0.008306547,0
312,190,6268.325000000001,1,0.007946143,0
43,248,6270.365000000002,1,0.012625592,0
32,48,6293.73,1,0.008775176,0
101,141,6295.066999999999,0,0.979074538,1
110,147,6296.167000000001,1,0.015089818,0
103,148,6296.208000000002,1,0.010956042,0
44,152,6297.932000000001,1,0.009561481,0
241,215,6298.553,1,0.011465039,0
272,221,6298.760000000002,1,0.010806193,0
99,141,6301.5740000000005,0,0.986837447,1
344,7,6301.864000000001,1,0.006583435,0
164,16,6302.1810000000005,1,0.013619822,0
166,17,6302.233,1,0.013284789,0
36,54,6303.519,1,0.008697518,0
87,55,6303.571,1,0.008591913,0
136,69,6304.047000000002,1,0.009237882,0
261,75,6304.264999999999,1,0.008809943,0
286,79,6304.399000000001,1,0.009781885,0
40,90,6304.802,1,0.011699072,0
157,109,6304.992000000002,1,0.995910168,1
200,111,6305.531999999999,1,0.009374399,0
6,112,6305.5610000000015,1,0.009442647,0
317,131,6306.232,1,0.011244625,0
280,148,6306.831000000002,1,0.019036250,0
45,152,6306.972000000002,1,0.014181229,0
305,174,6307.77,1,0.008495102,0
223,176,6307.8189999999995,1,0.010726800,0
39,192,6308.387000000002,1,0.007929696,0
40,215,6309.195,1,0.007789434,0
311,246,6310.295000000002,1,0.010165147,0
101,142,6312.02,1,0.960144222,1
158,109,6317.406999999999,1,0.973461509,1
100,140,6321.397000000001,0,0.991233766,1
100,140,6330.912,0,0.872671306,0
87,62,6333.146000000001,1,0.007705675,0
89,64,6333.233,1,0.008100616,0
342,68,6333.366000000002,1,0.006582010,0
315,71,6333.466,1,0.007543870,0
232,71,6333.492000000002,1,0.009537996,0
262,73,6333.534,1,0.009730507,0
32,79,6333.762999999999,1,0.011946680,0
230,93,6334.240000000002,1,0.044449970,0
118,94,6334.289000000001,1,0.056882754,0
283,97,6334.387000000002,1,0.017567886,0
75,109,6334.808000000001,1,0.024868755,0
93,114,6334.991000000002,1,0.034081504,0
105,120,6335.200000000001,1,0.014003521,0
108,120,6335.206000000002,1,0.017292153,0
48,155,6336.439000000002,1,0.008685858,0
133,160,6336.603999999999,1,0.010255496,0
101,141,6339.302,1,0.950055897,1
154,110,6339.469000000001,1,0.971701860,1
140,245,6339.600000000002,1,0.008845553,0
152,110,6339.9619999999995,0,0.933068216,1
201,31,6342.706000000002,1,0.011393928,0
235,38,6342.969000000001,1,0.012090376,0
56,107,6345.388999999999,1,0.010858790,0
15,144,6346.690000000002,1,0.013693649,0
318,160,6347.268,1,0.007767119,0
99,139,6347.4439999999995,0,0.994221210,1
98,139,6347.645,0,0.990911543,1
215,191,6348.349000000002,1,0.006693320,0
63,205,6348.850000000002,1,0.008014962,0
100,139,6349.470000000001,0,0.992871225,1
128,231,6349.764999999999,1,0.007852300,0
83,246,6350.299999999999,1,0.013031168,0
62,253,6350.531999999999,1,0.012745644,0
100,140,6359.105,1,0.996838570,1
151,110,6360.398000000001,0,0.594180405,0
101,141,6360.532999999999,1,0.999034643,1
100,139,6360.864000000001,0,0.999308825,1
99,140,6362.994999999999,1,0.021875532,0
99,138,6366.5610000000015,0,0.870059013,0
32,48,6374.716,1,0.044529337,0
307,204,6378.155999999999,1,0.011061979,0
213,243,6380.202000000001,1,0.004686493,0
200,8,6381.892,1,0.006323086,0
216,59,6383.701000000001,1,0.008906423,0
132,64,6383.891,1,0.009228970,0
261,68,6384.006000000001,1,0.011907318,0
154,109,6384.2800000000025,1,0.888217330,0
38,79,6384.405999999999,1,0.012284425,0
140,92,6384.874,1,0.010576899,0
330,95,6384.9619999999995,1,0.007565249,0
285,98,6385.085999999999,1,0.010366634,0
232,102,6385.220000000001,1,0.009469012,0
279,104,6385.299999999999,1,0.009620359,0
207,109,6385.481,1,0.008848860,0
287,111,6385.530999999999,1,0.010140515,0
51,123,6385.976000000002,1,0.009077705,0
108,128,6386.128000000001,1,0.030648166,0
271,136,6386.409,1,0.022448037,0
60,151,6386.952000000001,1,0.014528210,0
119,163,6387.381000000001,1,0.009511401,0
263,168,6387.539000000001,1,0.009811730,0
83,196,6388.536,1,0.008101497,0
10,214,6389.171000000002,1,0.008018795,0
181,231,6389.763999999999,1,0.007831920,0
235,240,6390.083000000002,1,0.008798786,0
129,207,6390.297000000002,1,0.013798421,0
100,139,6390.560000000001,1,0.971954048,1
100,137,6392.535,0,0.991465807,1
99,138,6402.030999999999,1,0.022923326,0
100,137,6405.475000000002,0,0.994521379,1
32,48,6408.3369999999995,1,0.008846393,0
345,23,6408.828000000001,1,0.006764940,0
100,136,6410.645,0,0.866692483,0
295,10,6411.327000000001,1,0.006699489,0
183,224,6411.507000000001,1,0.007672047,0
266,24,6411.814000000002,1,0.006984087,0
191,36,6412.249,1,0.009575861,0
99,136,6413.869000000002,0,0.994262338,1
18,96,6414.352999999999,1,0.014644795,0
309,123,6415.315999999999,1,0.008139851,0
341,134,6415.702000000001,1,0.007303752,0
99,138,6415.827000000001,1,0.990302861,1
303,175,6417.151000000002,1,0.008416713,0
92,208,6418.299999999999,1,0.013685467,0
153,229,6419.052,1,0.008760150,0
308,27,6422.567999999999,1,0.010085277,0
100,138,6422.662,1,0.023313690,0
182,32,6422.756000000001,1,0.018216796,0
177,36,6422.899000000001,1,0.032985613,0
152,109,6423.291000000001,1,0.556640804,0
147,110,6423.5250000000015,0,0.774049342,0
100,137,6424.5790000000015,1,0.996290922,1
99,136,6426.089,0,0.951367319,1
99,137,6426.437000000002,1,0.955787659,1
318,142,6426.617000000002,1,0.011270303,0
111,151,6426.950000000001,1,0.020847455,0
150,110,6433.929,1,0.957992971,1
99,137,6437.282999999999,1,0.958670795,1
100,135,6437.722000000002,0,0.983256519,1
99,136,6442.146000000001,1,0.024019837,0
100,136,6450.889999999999,1,0.024317577,0
30,45,6452.554,1,0.008835479,0
99,136,6452.645,1,0.956251383,1
151,110,6454.8369999999995,1,0.080790743,0
94,117,6455.101000000002,1,0.012741829,0
204,80,6455.260000000002,1,0.008962778,0
147,109,6456.218000000001,0,0.889784694,0
261,149,6456.223000000002,1,0.012465998,0
120,165,6456.780999999999,1,0.010264484,0
327,169,6456.922999999999,1,0.007642886,0
226,175,6457.135000000002,1,0.012723546,0
103,191,6457.709999999999,1,0.008494543,0
218,195,6457.844000000001,1,0.010431048,0
145,110,6458.137999999999,0,0.815647721,0
196,224,6458.860000000001,1,0.010172619,0
240,238,6459.359,1,0.006327665,0
178,253,6459.887999999999,1,0.008233407,0
24,52,6460.0740000000005,1,0.008463343,0
149,110,6460.185000000001,1,0.909198165,1
93,6,6461.841,1,0.009294193,0
254,7,6461.877,1,0.006567957,0
165,8,6461.887999999999,1,0.008185804,0
223,8,6461.898000000001,1,0.006536171,0
183,14,6462.119999999999,1,0.010471043,0
290,16,6462.1810000000005,1,0.009995119,0
259,17,6462.228999999999,1,0.010164039,0
257,18,6462.27,1,0.010214501,0
288,19,6462.3009999999995,1,0.010067422,0
316,22,6462.393,1,0.009936742,0
31,23,6462.4310000000005,1,0.037017114,0
329,24,6462.4540000000015,1,0.009707344,0
192,30,6462.6939999999995,1,0.011807355,0
278,31,6462.708999999999,1,0.010370417,0
192,43,6463.144,1,0.009210197,0
105,46,6463.257000000001,1,0.008725033,0
23,47,6463.277000000002,1,0.008470224,0
32,48,6463.308000000001,1,0.008723527,0
98,49,6463.339,1,0.009021524,0
313,51,6463.427,1,0.006982015,0
94,57,6463.615000000002,1,0.008802772,0
154,60,6463.73,1,0.009178170,0
271,62,6463.794000000002,1,0.009646559,0
97,85,6464.611000000001,1,0.009368932,0
335,94,6464.9439999999995,1,0.007203728,0
322,108,6465.422999999999,1,0.007806988,0
100,134,6465.440000000002,0,0.978123605,1
99,135,6466.367000000002,1,0.946790457,1
100,136,6466.405999999999,1,0.871254086,0
309,160,6467.273000000001,1,0.008264180,0
23,198,6468.609,1,0.007866478,0
99,133,6475.095000000001,0,0.996212006,1
144,110,6476.685000000001,0,0.745128930,0
147,109,6480.8110000000015,1,0.956098258,1
144,111,6482.915000000001,0,0.818561852,0
99,133,6485.737000000001,0,0.993529022,1
50,249,6487.499,1,0.008939640,0
7,13,6491.4180000000015,1,0.008584121,0
147,111,6491.970000000001,1,0.907501101,1
99,132,6492.1550000000025,0,0.991429627,1
94,55,6492.9259999999995,1,0.009095388,0
216,59,6493.047000000002,1,0.009154900,0
117,61,6493.118000000002,1,0.008831016,0
64,66,6493.291000000001,1,0.008971508,0
72,90,6494.142,1,0.027219672,0
200,224,6496.153000000002,1,0.007535382,0
60,164,6496.744000000002,1,0.008996565,0
99,132,6503.005000000001,0,0.993144155,1
27,91,6504.844000000001,1,0.009724723,0
5,118,6505.772000000001,1,0.009165269,0
179,187,6506.114000000001,1,0.012799692,0
58,159,6507.238000000001,1,0.008616492,0
329,165,6507.429,1,0.007533510,0
285,174,6507.768,1,0.008942441,0
100,131,6507.821,0,0.992590070,1
244,193,6508.4310000000005,1,0.009444209,0
163,199,6508.643,1,0.009087089,0
10,216,6509.238000000001,1,0.008070068,0
335,220,6509.387000000002,1,0.007558618,0
8,255,6509.598000000002,1,0.007324553,0
99,133,6509.599000000002,1,0.984738827,1
324,229,6509.6860000000015,1,0.007304783,0
113,231,6509.755000000001,1,0.007881247,0
100,133,6510.764999999999,1,0.999876738,1
100,134,6511.334999999999,1,0.992215335,1
204,80,6511.634000000002,1,0.009008676,0
12,238,6511.724000000002,1,0.007786800,0
99,132,6518.147000000001,1,0.025652040,0
145,110,6518.409,1,0.073850699,0
32,48,6523.804,1,0.008849679,0
100,130,6524.537,0,0.984687388,1
99,130,6526.402000000002,0,0.942370713,1
99,132,6526.703000000001,1,0.951541722,1
59,9,6531.285,1,0.008999668,0
231,11,6531.373,1,0.006428624,0
180,34,6532.170000000002,1,0.011852322,0
181,38,6532.3060000000005,1,0.008983293,0
22,47,6532.642,1,0.008810618,0
97,48,6532.6630000000005,1,0.008623297,0
53,94,6534.273000000001,1,0.020100296,0
167,95,6534.3290000000015,1,0.055987380,0
134,103,6534.602999999999,1,0.092010476,0
208,105,6534.669000000002,1,0.048943806,0
99,130,6534.776000000002,0,0.944750488,1
99,131,6534.939000000002,1,0.956432700,1
141,115,6535.036,1,0.018713221,0
93,117,6535.108,1,0.012443294,0
98,134,6535.6860000000015,1,0.449948519,0
208,136,6535.769,1,0.009266591,0
227,141,6535.941999999999,1,0.009203950,0
99,144,6536.064000000002,1,0.015489621,0
40,151,6536.294000000002,1,0.009222994,0
279,157,6536.505000000001,1,0.009407126,0
142,109,6536.762999999999,0,0.330485612,0
246,167,6536.858,1,0.011327758,0
144,111,6536.974000000002,1,0.960360408,1
165,183,6537.415000000001,1,0.009626044,0
168,184,6537.458999999999,1,0.010728844,0
143,190,6537.679,1,0.009515818,0
149,191,6537.702000000001,1,0.009340394,0
275,195,6537.846000000001,1,0.008885571,0
14,211,6538.414000000001,1,0.009364623,0
14,213,6538.481,1,0.010074591,0
111,227,6538.973000000002,1,0.013350574,0
110,229,6539.0509999999995,1,0.008253100,0
236,247,6539.6860000000015,1,0.005816255,0
11,6,6541.84,1,0.008602008,0
64,14,6542.120999999999,1,0.039977264,0
49,19,6542.285,1,0.037651226,0
100,129,6542.285,0,0.855238616,0
311,24,6542.457000000002,1,0.010015433,0
271,27,6542.580000000002,1,0.010335661,0
268,28,6542.598000000002,1,0.010392241,0
266,29,6542.636000000002,1,0.010446969,0
208,32,6542.757000000001,1,0.011552506,0
213,39,6543.012000000002,1,0.009122529,0
238,47,6543.268,1,0.009753848,0
63,79,6544.407999999999,1,0.008346735,0
203,85,6544.613000000001,1,0.008496764,0
125,86,6544.644,1,0.009922210,0
15,125,6546.027000000002,1,0.014357292,0
53,127,6546.117000000002,1,0.015703127,0
170,170,6547.613000000001,1,0.010424780,0
186,229,6549.691999999999,1,0.006928991,0
310,231,6549.763999999999,1,0.007205919,0
99,131,6553.577000000001,1,0.993023992,1
99,128,6556.498,0,0.999267399,1
100,129,6557.3009999999995,0,0.997994065,1
100,131,6558.072,1,0.026391516,0
139,110,6558.495999999999,0,0.818802834,0
143,110,6559.5430000000015,1,0.969000340,1
99,130,6566.312000000002,1,0.026521256,0
100,128,6567.490000000002,0,0.985125303,1
63,4,6571.107,1,0.009179861,0
141,111,6574.023000000001,1,0.149785951,0
343,108,6574.776000000002,1,0.010253213,0
142,110,6574.847000000002,1,0.082671031,0
95,114,6574.989000000001,1,0.036493458,0
99,129,6575.511000000002,1,0.966007054,1
99,132,6575.615000000002,1,0.885565341,0
138,111,6575.6990000000005,0,0.904174447,1
278,164,6576.768,1,0.010099255,0
106,165,6576.7800000000025,1,0.009030144,0
37,176,6577.173999999999,1,0.008518867,0
184,176,6577.190000000002,1,0.008694098,0
142,189,6577.639999999999,1,0.008903335,0
319,232,6579.146000000001,1,0.007323146,0
311,237,6579.3240000000005,1,0.007169744,0
100,130,6580.135000000002,1,0.998461485,1
100,129,6580.565999999999,1,0.999375880,1
99,127,6580.773000000001,0,0.989524066,1
205,10,6581.985000000001,1,0.006351955,0
9,16,6582.197,1,0.034173179,0
222,24,6582.473000000002,1,0.010458723,0
51,32,6582.744000000002,1,0.040569700,0
125,64,6583.868000000002,1,0.013299781,0
181,74,6584.242000000002,1,0.008792489,0
52,79,6584.414000000001,1,0.003994162,0
269,107,6585.393,1,0.009276371,0
137,111,6585.929,0,0.851580679,0
141,110,6587.206000000002,1,0.956771076,1
253,163,6587.366000000002,1,0.011612671,0
99,127,6587.639999999999,0,0.997562051,1
168,220,6589.375,1,0.008792131,0
172,223,6589.476000000002,1,0.008289807,0
251,244,6590.226999999999,1,0.009258460,0
61,253,6590.535,1,0.012747343,0
99,128,6593.945,1,0.989263117,1
139,110,6602.248,1,0.198262408,0
100,128,6602.523000000001,1,0.027731525,0
99,126,6602.965,0,0.850493014,0
140,110,6602.966,1,0.872714818,0
141,109,6603.091,1,0.918825269,1
138,242,6607.276000000002,1,0.008457307,0
99,128,6607.494000000002,1,0.972576320,1
72,70,6613.435000000001,1,0.008592026,0
99,125,6614.231,0,0.848815799,0
75,111,6614.895,1,0.024745924,0
100,127,6615.439000000002,1,0.996857047,1
98,128,6615.482,1,0.981980324,1
274,134,6615.709999999999,1,0.010914691,0
240,194,6617.815999999999,1,0.009462208,0
247,200,6618.018,1,0.012317018,0
156,225,6618.902000000002,1,0.014579508,0
32,228,6619.009000000002,1,0.007895961,0
48,256,6619.989000000001,1,0.007874169,0
100,125,6621.762000000002,0,0.960671663,1
99,126,6622.162,1,0.854469538,0
241,27,6622.567999999999,1,0.010582046,0
310,30,6622.688000000002,1,0.010059589,0
32,31,6622.706000000002,1,0.041624535,0
15,37,6622.9180000000015,1,0.045856781,0
11,39,6622.990000000002,1,0.042150605,0
49,56,6623.605,1,0.008603464,0
148,64,6623.893,1,0.009300319,0
219,69,6624.045000000002,1,0.008639186,0
152,87,6624.701000000001,1,0.010459053,0
248,107,6625.384000000002,1,0.009894527,0
32,48,6625.440000000002,1,0.009079149,0
151,50,6625.441999999999,1,0.009113038,0
293,110,6625.496999999999,1,0.010005047,0
117,136,6626.416000000001,1,0.029499155,0
45,176,6627.839,1,0.008402716,0
247,181,6627.998,1,0.009560532,0
110,189,6628.3009999999995,1,0.008688022,0
311,207,6628.91,1,0.007750243,0
99,126,6628.9619999999995,1,0.965565503,1
132,208,6628.969000000001,1,0.009105532,0
99,124,6635.494000000002,0,0.995812833,1
136,111,6641.349000000002,1,0.843231678,0
99,123,6643.029000000002,0,0.997999251,1
133,111,6646.984,0,0.824259758,0
99,125,6648.145,1,0.999369681,1
99,123,6648.256000000001,0,0.993173897,1
83,85,6653.964,1,0.009629090,0
136,112,6654.909,1,0.071667366,0
99,123,6655.144,0,0.999203861,1
99,124,6655.333000000002,1,0.998786628,1
99,122,6657.082000000002,0,0.996565163,1
189,200,6658.012000000002,1,0.010671282,0
157,159,6658.450000000001,1,0.026489515,0
187,206,6659.440999999999,1,0.007452586,0
42,24,6662.458000000002,1,0.037118793,0
40,29,6662.631000000001,1,0.039527211,0
223,32,6662.737000000001,1,0.011400729,0
87,32,6662.755000000001,1,0.041878194,0
85,36,6662.877,1,0.043223765,0
266,43,6663.125,1,0.007885017,0
143,47,6663.290000000001,1,0.008500071,0
61,48,6663.308000000001,1,0.008983832,0
272,50,6663.392,1,0.008255194,0
69,51,6663.43,1,0.008487148,0
276,53,6663.498,1,0.008221649,0
150,55,6663.548999999999,1,0.008910759,0
182,55,6663.571,1,0.008903734,0
293,57,6663.626,1,0.009144560,0
295,59,6663.713,1,0.006316968,0
295,63,6663.839,1,0.008273316,0
285,64,6663.888999999999,1,0.008135806,0
38,79,6664.420000000002,1,0.010921283,0
251,80,6664.453000000001,1,0.009388407,0
249,81,6664.487000000001,1,0.009439026,0
80,85,6664.635000000002,1,0.009635226,0
79,87,6664.687000000002,1,0.004101762,0
77,93,6664.902000000002,1,0.005428446,0
114,102,6665.206000000002,1,0.006806246,0
135,111,6665.524000000001,1,0.113785319,0
217,131,6666.253000000001,1,0.044494718,0
222,133,6666.305,1,0.044453170,0
237,142,6666.644,1,0.044281557,0
322,151,6666.940999999999,1,0.011019186,0
20,159,6667.240000000002,1,0.008595772,0
299,196,6668.539000000001,1,0.007986169,0
132,112,6670.165000000001,0,0.826745152,0
340,250,6670.4439999999995,1,0.010045979,0
99,123,6676.023000000001,1,0.984940708,1
100,121,6687.190999999999,0,0.999881148,1
99,122,6688.695,1,0.999899149,1
99,121,6689.57,0,0.999903440,1
99,120,6691.611000000001,0,0.995477855,1
164,29,6691.985000000001,1,0.009279150,0
238,69,6693.392,1,0.009572279,0
121,104,6694.636000000002,1,0.060749825,0
133,112,6694.914000000001,1,0.069333598,0
136,118,6695.132000000001,1,0.017563894,0
99,124,6695.360000000001,1,0.911275089,1
219,134,6695.697,1,0.009336279,0
289,136,6695.762999999999,1,0.010155097,0
136,145,6696.092000000001,1,0.012740971,0
134,111,6696.1630000000005,1,0.836820066,0
202,148,6696.208999999999,1,0.009066125,0
110,172,6697.029000000002,1,0.009703738,0
325,190,6697.678,1,0.008508683,0
130,111,6697.708999999999,0,0.766913056,0
78,196,6697.879000000001,1,0.009225701,0
100,122,6698.459999999999,1,0.032905117,0
52,213,6698.491000000002,1,0.013357353,0
133,111,6698.916000000001,1,0.866690516,0
34,231,6699.125,1,0.007878387,0
54,235,6699.253000000001,1,0.007929620,0
177,220,6699.628000000001,1,0.008172899,0
215,247,6699.670000000002,1,0.004799442,0
134,110,6699.825000000001,1,0.914264202,1
32,48,6699.909,1,0.008798184,0
18,255,6699.970000000001,1,0.007793213,0
99,121,6700.276000000002,1,0.985652685,1
130,112,6701.725000000002,0,0.861008108,0
306,21,6702.376,1,0.022337742,0
305,22,6702.394,1,0.019741895,0
48,29,6702.632000000001,1,0.038728517,0
340,53,6703.486000000001,1,0.006552232,0
245,85,6704.635000000002,1,0.009421227,0
182,86,6704.655999999999,1,0.008929037,0
95,96,6704.992000000002,1,0.005668427,0
214,102,6705.214,1,0.009011911,0
161,198,6708.602999999999,1,0.009251403,0
99,119,6708.871999999999,0,0.991087258,1
21,208,6708.955000000002,1,0.007831560,0
292,247,6710.328000000001,1,0.010209551,0
132,111,6711.9180000000015,1,0.865691185,0
132,112,6711.928,1,0.782413423,0
99,121,6718.986000000001,1,0.033367347,0
128,111,6723.696,0,0.719760060,0
99,120,6726.506000000001,1,0.034382880,0
98,118,6727.514999999999,0,0.610001862,0
65,3,6731.072,1,0.009221295,0
220,58,6733.012000000002,1,0.009028061,0
139,162,6736.690000000002,1,0.010832225,0
148,164,6736.748,1,0.011119423,0
64,175,6737.141,1,0.008242577,0
143,192,6737.736000000001,1,0.010183658,0
141,195,6737.838,1,0.008753117,0
9,230,6739.07,1,0.007599235,0
32,48,6739.585999999999,1,0.008812704,0
280,9,6741.950000000001,1,0.006610206,0
16,24,6742.472000000002,1,0.038509365,0
0,71,6744.115000000002,1,0.011187021,0
265,86,6744.661,1,0.008951950,0
127,104,6745.277000000002,1,0.009657529,0
192,114,6745.648000000001,1,0.008996552,0
40,118,6745.776000000002,1,0.010059854,0
143,166,6747.474000000002,1,0.010595649,0
320,186,6748.1939999999995,1,0.007919453,0
311,191,6748.362000000001,1,0.007966663,0
161,194,6748.477999999999,1,0.009409940,0
305,230,6749.720000000001,1,0.007574012,0
99,117,6749.725000000002,0,0.994459629,1
99,118,6750.133000000002,1,0.998427391,1
99,116,6750.249,0,0.998702049,1
53,256,6750.643,1,0.012623956,0
99,119,6751.251,1,0.987811148,1
126,112,6755.236000000001,0,0.764466882,0
99,117,6761.391,1,0.985204935,1
99,117,6768.173999999999,1,0.998640358,1
98,118,6769.812000000002,1,0.987625301,1
304,16,6771.528000000002,1,0.006582431,0
99,115,6772.027000000002,0,0.992431045,1
185,62,6773.147000000001,1,0.008942539,0
31,17,6773.231,1,0.008767631,0
150,79,6773.759000000002,1,0.009928124,0
22,103,6774.601000000002,1,0.014350959,0
72,104,6774.636000000002,1,0.026687119,0
167,107,6774.752,1,0.054149605,0
7,124,6775.342000000001,1,0.008659940,0
112,188,6777.592000000001,1,0.009340111,0
304,196,6777.889999999999,1,0.007984175,0
98,115,6778.331000000002,0,0.983718455,1
99,114,6779.560000000001,0,0.993131578,1
98,117,6779.794000000002,1,0.997955680,1
180,0,6780.3290000000015,1,0.006338582,0
223,4,6781.763999999999,1,0.006693966,0
106,34,6782.810000000001,1,0.046478819,0
23,37,6782.937000000002,1,0.046183553,0
216,59,6783.710999999999,1,0.008812999,0
217,62,6783.8009999999995,1,0.008896722,0
99,116,6784.07,1,0.995458484,1
56,70,6784.105,1,0.008508579,0
145,71,6784.138999999999,1,0.009400739,0
179,77,6784.3290000000015,1,0.009017338,0
83,87,6784.695,1,0.006211430,0
156,88,6784.734,1,0.010293119,0
154,92,6784.875,1,0.010758644,0
126,108,6785.428,1,0.006711090,0
329,110,6785.498,1,0.007753508,0
128,112,6785.5610000000015,1,0.619413376,0
43,115,6785.6939999999995,1,0.009468731,0
329,116,6785.718000000001,1,0.008034544,0
99,117,6785.733,1,0.999722183,1
332,118,6785.797000000002,1,0.007499836,0
124,112,6786.331000000002,0,0.828249872,0
310,134,6786.334999999999,1,0.011686767,0
99,114,6786.344000000001,0,0.986237645,1
227,136,6786.415000000001,1,0.044399109,0
313,149,6786.876,1,0.011474084,0
184,162,6787.343000000001,1,0.010988129,0
304,170,6787.605,1,0.008003615,0
309,176,6787.823,1,0.008236374,0
305,178,6787.9000000000015,1,0.008032321,0
192,205,6788.842000000001,1,0.007749657,0
112,218,6789.3240000000005,1,0.008318437,0
200,224,6789.516,1,0.007150360,0
32,48,6794.416000000001,1,0.045455813,0
99,113,6800.391,0,0.993003547,1
123,113,6806.165000000001,0,0.829656422,0
99,114,6806.216,1,0.040452350,0
127,113,6811.516,1,0.024537047,0
161,19,6811.634000000002,1,0.009610655,0
72,19,6811.647000000001,1,0.009103695,0
98,115,6813.164000000001,1,0.987463117,1
322,78,6813.722000000002,1,0.007509404,0
99,114,6814.977999999999,1,0.991406560,1
335,136,6815.756000000001,1,0.007560808,0
76,197,6815.766,1,0.009090504,0
76,50,6816.633000000002,1,0.008855185,0
234,231,6819.127,1,0.006820824,0
31,259,6820.101999999999,1,0.007511061,0
306,7,6821.858,1,0.006388018,0
311,24,6822.468000000001,1,0.009994897,0
305,35,6822.842000000001,1,0.010137639,0
99,111,6824.295000000002,0,0.442215741,0
263,88,6824.728999999999,1,0.008948918,0
229,102,6825.223000000002,1,0.009575793,0
96,103,6825.244999999999,1,0.009595639,0
281,104,6825.286,1,0.010640210,0
124,105,6825.3110000000015,1,0.038669687,0
90,115,6825.688000000002,1,0.012293251,0
204,80,6826.118000000002,1,0.047707971,0
333,128,6826.124,1,0.010551774,0
135,139,6826.511000000002,1,0.042735469,0
134,143,6826.655999999999,1,0.036758326,0
288,157,6827.1500000000015,1,0.009463307,0
43,158,6827.200000000001,1,0.008317804,0
107,195,6828.502,1,0.008093003,0
343,207,6828.935000000001,1,0.007379016,0
200,224,6829.514999999999,1,0.007121732,0
99,111,6830.2880000000005,0,0.831767321,0
32,48,6842.152000000002,1,0.045513861,0
99,112,6843.565999999999,1,0.986612320,1
98,112,6849.406999999999,1,0.989192545,1
98,109,6851.254000000001,0,0.998031080,1
99,11,6851.349000000002,1,0.009274430,0
160,25,6851.846000000001,1,0.009111652,0
165,28,6851.950000000001,1,0.009515868,0
99,109,6851.987000000001,0,0.999714077,1
231,45,6852.553,1,0.009127073,0
101,55,6852.9180000000015,1,0.008493479,0
149,87,6854.034,1,0.057231590,0
15,135,6855.736000000001,1,0.009326705,0
9,159,6856.566999999999,1,0.008388042,0
289,205,6858.210999999999,1,0.011280333,0
180,240,6859.4310000000005,1,0.008010652,0
178,248,6859.715,1,0.008129040,0
183,250,6859.802,1,0.007371752,0
146,7,6861.867000000002,1,0.009825745,0
271,13,6862.067999999999,1,0.009607329,0
267,13,6862.089,1,0.010227256,0
255,14,6862.120999999999,1,0.010073958,0
83,21,6862.352999999999,1,0.041253641,0
169,29,6862.649000000001,1,0.022237897,0
174,30,6862.695,1,0.018842414,0
227,32,6862.764999999999,1,0.011358330,0
28,35,6862.852999999999,1,0.044470195,0
205,35,6862.866000000002,1,0.012104200,0
103,37,6862.939000000002,1,0.048551150,0
169,38,6862.955000000002,1,0.046969604,0
32,48,6863.012999999999,1,0.008971134,0
128,43,6863.149000000001,1,0.008926958,0
30,48,6863.3009999999995,1,0.008822823,0
99,110,6863.464,1,0.985003054,1
23,56,6863.589,1,0.008634414,0
17,57,6863.621999999999,1,0.008506480,0
278,60,6863.745999999999,1,0.009552336,0
275,61,6863.760000000002,1,0.009079836,0
335,62,6863.795000000002,1,0.006656957,0
223,32,6863.856,1,0.008153591,0
330,64,6863.870999999999,1,0.006616292,0
29,67,6863.976999999999,1,0.003450218,0
40,74,6864.220000000001,1,0.003885194,0
41,76,6864.2880000000005,1,0.004556198,0
198,79,6864.421000000002,1,0.008837667,0
143,80,6864.433000000001,1,0.010185130,0
183,83,6864.546000000002,1,0.009011575,0
77,85,6864.628000000001,1,0.007208764,0
136,86,6864.664000000001,1,0.010026828,0
300,87,6864.684000000001,1,0.007189913,0
300,88,6864.724000000002,1,0.009288220,0
296,89,6864.7750000000015,1,0.009258399,0
315,93,6864.887999999999,1,0.007934458,0
313,96,6864.994000000002,1,0.008190811,0
6,96,6865.002,1,0.009351242,0
312,102,6865.217000000001,1,0.007801846,0
314,103,6865.239000000001,1,0.007957168,0
329,105,6865.325000000001,1,0.007765021,0
31,106,6865.344000000001,1,0.009810665,0
32,108,6865.421000000002,1,0.009413407,0
12,109,6865.457000000002,1,0.008975210,0
93,110,6865.493000000002,1,0.027781393,0
143,111,6865.524000000001,1,0.006993132,0
98,111,6865.545000000002,1,0.965515018,1
130,112,6865.5610000000015,1,0.014588356,0
96,112,6865.572,1,0.904345155,1
276,112,6865.585999999999,1,0.007797271,0
280,113,6865.592000000001,1,0.010243916,0
98,114,6865.628000000001,1,0.797334909,0
276,115,6865.664000000001,1,0.009304047,0
283,115,6865.6939999999995,1,0.009969709,0
72,116,6865.702000000001,1,0.011113139,0
274,116,6865.720000000001,1,0.013531709,0
49,117,6865.761000000002,1,0.009725298,0
51,120,6865.842000000001,1,0.009980912,0
263,123,6865.945,1,0.009057262,0
304,124,6865.985000000001,1,0.008450935,0
260,126,6866.0790000000015,1,0.036268827,0
82,127,6866.09,1,0.023372563,0
54,127,6866.111000000001,1,0.016191261,0
216,131,6866.257000000001,1,0.044496190,0
184,132,6866.269,1,0.049520381,0
106,132,6866.285,1,0.025942864,0
320,135,6866.369999999999,1,0.011115361,0
232,135,6866.379000000001,1,0.044360191,0
172,135,6866.396000000001,1,0.033206142,0
106,136,6866.406999999999,1,0.023257382,0
99,151,6866.955000000002,1,0.018136287,0
318,158,6867.200000000001,1,0.007822974,0
339,170,6867.619999999999,1,0.007395649,0
325,175,6867.7800000000025,1,0.007624540,0
295,175,6867.785,1,0.008351003,0
198,176,6867.835999999999,1,0.006987571,0
151,179,6867.921000000002,1,0.010345753,0
280,191,6868.366000000002,1,0.008562499,0
223,194,6868.465,1,0.008023649,0
196,211,6869.059000000001,1,0.007255617,0
216,213,6869.119999999999,1,0.006059949,0
2,215,6869.205000000002,1,0.007638534,0
101,222,6869.448,1,0.008192818,0
240,222,6869.465,1,0.007482033,0
183,224,6869.509000000002,1,0.007934041,0
319,224,6869.518,1,0.007704818,0
182,229,6869.708999999999,1,0.007369874,0
205,231,6869.763999999999,1,0.008726183,0
314,232,6869.797000000002,1,0.007083532,0
36,242,6870.145,1,0.012680093,0
32,48,6870.266,1,0.045548089,0
162,247,6870.327000000001,1,0.014299331,0
89,248,6870.381000000001,1,0.012955481,0
277,252,6870.505000000001,1,0.010232252,0
271,255,6870.607,1,0.010279274,0
315,237,6870.848000000002,1,0.010416397,0
200,224,6870.862000000001,1,0.010102673,0
99,108,6871.401000000002,0,0.988905430,1
99,110,6873.202000000001,1,0.960119128,1
119,113,6877.701000000001,0,0.224196494,0
122,113,6878.133000000002,1,0.057546452,0
98,107,6879.8189999999995,0,0.992146909,1
98,109,6884.344000000001,1,0.972983241,1
99,109,6886.5560000000005,1,0.992037058,1
98,108,6887.391,1,0.969990969,1
99,106,6888.906999999999,0,0.997434914,1
98,106,6889.1550000000025,0,0.997792840,1
99,108,6889.252,1,0.967864692,1
32,48,6890.41,1,0.045572594,0
204,80,6893.780999999999,1,0.008839736,0
218,112,6894.924999999999,1,0.046578635,0
120,113,6894.945,1,0.055782214,0
54,167,6896.858,1,0.008427800,0
76,176,6897.174999999999,1,0.008828228,0
98,106,6898.147000000001,0,0.996080577,1
99,106,6899.3369999999995,0,0.996531665,1
86,6,6901.823,1,0.009413128,0
330,18,6902.262000000002,1,0.009630182,0
98,105,6902.594000000001,0,0.824640214,0
131,31,6902.722000000002,1,0.044592965,0
249,54,6903.5380000000005,1,0.009913170,0
130,59,6903.691999999999,1,0.008757612,0
61,78,6904.357,1,0.008841473,0
79,86,6904.671000000002,1,0.006322520,0
74,94,6904.927,1,0.007469122,0
47,120,6905.850000000002,1,0.009767983,0
79,128,6906.134000000002,1,0.022155879,0
71,134,6906.3369999999995,1,0.018339336,0
128,188,6908.239000000001,1,0.008937722,0
126,195,6908.503000000001,1,0.008481637,0
99,107,6908.575000000001,1,0.999380231,1
98,104,6912.803,0,0.985594213,1
99,104,6921.264999999999,0,0.993690729,1
98,106,6922.654000000002,1,0.042731345,0
99,106,6924.3240000000005,1,0.993273020,1
104,33,6932.126,1,0.009238641,0
321,144,6936.045000000002,1,0.007891727,0
118,113,6937.0380000000005,1,0.112417541,0
120,114,6938.661,1,0.055386156,0
98,104,6940.795000000002,1,0.976272523,1
248,18,6942.25,1,0.010218652,0
300,39,6942.987000000001,1,0.010262207,0
180,74,6944.216,1,0.009144084,0
268,104,6945.3009999999995,1,0.009547921,0
308,108,6945.437000000002,1,0.008479279,0
133,151,6946.9540000000015,1,0.030157186,0
39,164,6947.405999999999,1,0.008219537,0
34,166,6947.489000000001,1,0.008398491,0
82,174,6947.761000000002,1,0.008447236,0
70,206,6948.895,1,0.008626041,0
71,215,6949.217000000001,1,0.007942640,0
328,231,6949.753000000001,1,0.007315108,0
98,101,6956.858,0,0.993484199,1
98,100,6965.642,0,0.990702510,1
99,103,6965.725000000002,1,0.996811092,1
44,152,6968.743000000002,1,0.009668568,0
224,4,6971.100000000002,1,0.006504991,0
331,4,6971.113000000001,1,0.006587877,0
98,100,6971.350000000002,0,0.997379839,1
165,13,6971.4259999999995,1,0.008427740,0
152,16,6971.536,1,0.010811563,0
147,19,6971.634000000002,1,0.008758443,0
255,24,6971.812000000002,1,0.007166903,0
303,28,6971.945,1,0.007018664,0
244,29,6971.994999999999,1,0.007426179,0
337,31,6972.073,1,0.006373531,0
235,40,6972.383000000002,1,0.008794828,0
98,102,6972.395,1,0.999225974,1
3,46,6972.589,1,0.008351098,0
257,52,6972.797999999999,1,0.009538018,0
249,55,6972.923999999999,1,0.008987454,0
280,58,6973.026000000002,1,0.008390846,0
75,69,6973.41,1,0.008683769,0
126,86,6974.002,1,0.054424033,0
342,87,6974.037,1,0.010063631,0
62,88,6974.077000000001,1,0.024235487,0
249,96,6974.348000000002,1,0.044268820,0
112,96,6974.357,1,0.055140529,0
296,104,6974.634000000002,1,0.012694324,0
56,107,6974.735000000001,1,0.019230181,0
153,113,6974.946,1,0.076169394,0
151,117,6975.099000000002,1,0.007277552,0
222,142,6975.977999999999,1,0.009264988,0
66,172,6977.027000000002,1,0.008661398,0
311,186,6977.5300000000025,1,0.008316290,0
327,253,6979.891,1,0.006931575,0
98,99,6980.423999999999,0,0.993418336,1
158,20,6982.341,1,0.019964611,0
240,64,6983.877,1,0.009370863,0
98,98,6989.850000000002,0,0.990824759,1
98,100,6990.019,1,0.040336013,0
142,244,6999.607,1,0.009208243,0
98,97,7004.990000000002,0,0.984587312,1
300,7,7011.215,1,0.006503922,0
98,98,7012.5380000000005,1,0.980434775,1
136,118,7015.139999999999,1,0.015925951,0
98,96,7017.295000000002,0,0.971121073,1
89,184,7017.457000000002,1,0.008810138,0
175,39,7022.988000000001,1,0.047115743,0
147,63,7023.853999999999,1,0.008888545,0
97,96,7024.664000000001,0,0.997767329,1
98,98,7024.802,1,0.998077631,1
185,102,7025.207000000002,1,0.009033438,0
14,121,7025.877,1,0.007409650,0
98,97,7025.905999999999,1,0.998455882,1
11,124,7025.999,1,0.008503198,0
95,142,7026.619000000002,1,0.020956114,0
194,159,7027.223000000002,1,0.003147067,0
18,167,7027.512999999999,1,0.008296842,0
328,173,7027.728999999999,1,0.007555039,0
320,188,7028.246999999999,1,0.007803644,0
218,192,7028.396000000001,1,0.008458802,0
314,199,7028.645,1,0.007944684,0
119,215,7029.192999999999,1,0.008060059,0
163,184,7030.0,1,0.016742676,0
32,48,7033.170000000002,1,0.008884652,0
98,95,7050.600000000002,1,0.999910831,1
97,96,7051.816999999999,1,0.993751228,1
234,47,7052.620999999999,1,0.010196665,0
148,48,7052.655999999999,1,0.008803212,0
310,70,7053.456000000002,1,0.007577206,0
46,109,7054.810000000001,1,0.017366955,0
98,95,7056.517,1,0.994432390,1
97,93,7057.559000000001,0,0.980488181,1
127,199,7057.994999999999,1,0.008287502,0
208,215,7058.552,1,0.011616842,0
262,4,7061.768,1,0.006415133,0
167,29,7062.653000000002,1,0.023996815,0
98,92,7062.851999999999,0,0.786114097,0
113,40,7063.0430000000015,1,0.008980733,0
112,64,7063.873,1,0.009748544,0
129,92,7064.859,1,0.011072035,0
105,101,7065.173999999999,1,0.006778593,0
152,136,7066.411,1,0.049753245,0
247,154,7067.039000000001,1,0.009272275,0
97,92,7067.102999999999,0,0.990664840,1
310,162,7067.323,1,0.008056284,0
295,168,7067.535,1,0.009022193,0
77,171,7067.645,1,0.008928815,0
91,180,7067.966,1,0.008605408,0
89,184,7068.101000000002,1,0.008329084,0
195,192,7068.380000000001,1,0.008421236,0
183,224,7069.281999999999,1,0.007508293,0
189,221,7069.407999999999,1,0.006744296,0
177,226,7069.583999999999,1,0.008506270,0
98,92,7069.895,0,0.991073549,1
262,208,7070.899000000001,1,0.011606291,0
98,94,7075.365000000002,1,0.996991873,1
98,92,7075.523000000001,0,0.997230947,1
32,48,7079.928,1,0.008883505,0
98,93,7080.91,1,0.984975755,1
97,91,7081.008000000002,0,0.986344099,1
98,92,7087.227999999999,1,0.987987757,1
98,92,7092.491000000002,1,0.960786283,1
107,54,7092.888999999999,1,0.008493230,0
119,88,7094.071,1,0.053777445,0
245,101,7094.5380000000005,1,0.044311613,0
98,90,7096.779000000002,0,0.987696588,1
301,181,7097.346000000001,1,0.008678566,0
98,92,7100.710999999999,1,0.991231978,1
163,8,7101.914000000001,1,0.008791296,0
97,91,7102.058000000001,1,0.045410000,0
168,16,7102.187000000002,1,0.012028503,0
98,89,7103.369999999999,0,0.990660846,1
96,58,7103.657999999999,1,0.008989718,0
100,63,7103.858,1,0.009243238,0
97,92,7104.1759999999995,1,0.996310771,1
309,84,7104.57,1,0.007939906,0
98,91,7104.821,1,0.998891294,1
98,95,7104.963,1,0.844821632,0
97,89,7105.0740000000005,0,0.974207103,1
175,151,7106.940999999999,1,0.022543749,0
184,152,7106.989000000001,1,0.021331012,0
61,159,7107.219000000001,1,0.008788051,0
159,167,7107.52,1,0.011124856,0
95,192,7108.384000000002,1,0.008142431,0
90,195,7108.491000000002,1,0.008479592,0
332,198,7108.596000000001,1,0.007574865,0
225,237,7109.977999999999,1,0.005865127,0
120,232,7110.833999999999,1,0.013362992,0
97,90,7112.924999999999,1,0.918951154,1
97,88,7114.892,0,0.972088754,1
98,90,7118.782999999999,1,0.046451200,0
177,227,7124.205000000002,1,0.007766744,0
32,48,7126.744999999999,1,0.045861337,0
98,87,7126.964,0,0.941734552,1
97,87,7127.145,0,0.989654243,1
97,89,7127.639999999999,1,0.971791565,1
166,93,7134.248,1,0.055515502,0
98,87,7135.019,0,0.986146629,1
157,151,7136.285,1,0.012164130,0
315,158,7136.5509999999995,1,0.008050662,0
40,164,7136.752,1,0.008914956,0
131,165,7136.787,1,0.009934256,0
97,86,7136.817999999999,0,0.976446509,1
32,166,7136.8189999999995,1,0.008897611,0
98,86,7137.758000000002,0,0.995345056,1
97,88,7139.438000000002,1,0.942307830,1
98,88,7141.256000000001,1,0.919033825,1
151,12,7142.0560000000005,1,0.017379956,0
143,54,7143.530999999999,1,0.009070677,0
136,85,7144.606,1,0.010018479,0
97,86,7144.847000000002,0,0.985611200,1
210,94,7144.950000000001,1,0.009014837,0
98,86,7144.973000000002,0,0.990606010,1
18,103,7145.242000000002,1,0.009285205,0
215,120,7145.865000000002,1,0.009442281,0
207,121,7145.9000000000015,1,0.009012449,0
122,128,7146.124,1,0.045733083,0
201,128,7146.127,1,0.048970524,0
208,129,7146.182000000001,1,0.046598639,0
257,141,7146.605,1,0.034874387,0
48,144,7146.689000000002,1,0.014441893,0
135,148,7146.845000000001,1,0.032460209,0
168,168,7147.549999999999,1,0.010745777,0
179,190,7148.326000000001,1,0.007876066,0
51,127,7148.377,1,0.008866585,0
169,224,7148.442999999999,1,0.008393687,0
241,212,7149.105,1,0.008574388,0
271,232,7149.792000000001,1,0.007698127,0
188,237,7149.985000000001,1,0.006589559,0
98,85,7150.373,0,0.987101555,1
291,256,7150.646000000001,1,0.010077616,0
289,259,7150.742000000002,1,0.010026209,0
97,85,7151.264999999999,0,0.990441322,1
98,87,7157.899000000001,1,0.995251298,1
97,86,7158.130000000001,1,0.999341905,1
98,84,7165.597000000002,0,0.991699576,1
98,83,7172.296000000002,0,0.997384369,1
97,83,7173.459999999999,0,0.997283697,1
32,48,7173.884000000002,1,0.008893587,0
97,86,7173.994999999999,1,0.975826979,1
98,86,7174.002,1,0.996743381,1
71,109,7174.82,1,0.024942974,0
162,221,7175.347000000002,1,0.008682772,0
224,135,7175.736000000001,1,0.009413514,0
40,140,7175.9050000000025,1,0.009593564,0
340,159,7176.583999999999,1,0.007349670,0
124,232,7179.154000000002,1,0.008588965,0
160,221,7180.795000000002,1,0.008573156,0
97,84,7180.851000000002,1,0.994710565,1
97,82,7181.223000000002,0,0.994725406,1
175,2,7181.700000000001,1,0.007002230,0
171,4,7181.754000000001,1,0.007554716,0
136,8,7181.888999999999,1,0.011174569,0
70,14,7182.123,1,0.041406062,0
195,16,7182.173999999999,1,0.009882287,0
40,17,7182.215,1,0.036880873,0
194,20,7182.316999999999,1,0.010149485,0
198,23,7182.423999999999,1,0.010411625,0
317,32,7182.766,1,0.009885702,0
19,35,7182.867000000002,1,0.044514831,0
128,45,7183.202000000001,1,0.008962541,0
284,46,7183.237000000001,1,0.007424517,0
37,54,7183.539000000001,1,0.008458250,0
130,61,7183.776000000002,1,0.008968295,0
33,64,7183.887000000002,1,0.008515324,0
33,70,7184.101000000002,1,0.003426022,0
204,71,7184.111000000001,1,0.008927448,0
308,80,7184.4490000000005,1,0.008286452,0
98,83,7184.495999999999,0,0.992311001,1
308,84,7184.595000000001,1,0.009122865,0
304,87,7184.683000000001,1,0.008637254,0
255,87,7184.703000000001,1,0.009280136,0
87,95,7184.960999999999,1,0.005426222,0
343,124,7185.988000000001,1,0.007363772,0
300,143,7186.672999999999,1,0.012321752,0
189,167,7187.527000000002,1,0.007296761,0
97,82,7188.878000000001,0,0.994765401,1
328,184,7189.240000000002,1,0.007616855,0
27,246,7190.295000000002,1,0.012538053,0
238,252,7190.502,1,0.008386653,0
158,220,7190.624,1,0.015014064,0
98,82,7192.016,0,0.992141008,1
97,83,7195.558000000001,1,0.999130785,1
98,83,7195.860000000001,1,0.999791205,1
98,81,7196.861000000001,0,0.992280781,1
97,80,7205.253000000001,0,0.986516118,1
98,82,7207.080000000002,1,0.977452278,1
32,242,7209.512000000002,1,0.008514377,0
167,10,7211.317999999999,1,0.007873737,0
98,83,7211.611000000001,1,0.992822707,1
194,28,7211.964,1,0.007654123,0
23,94,7214.296000000002,1,0.015763870,0
247,96,7214.353999999999,1,0.044296447,0
97,81,7215.232,1,0.999239802,1
68,143,7216.013999999999,1,0.009335115,0
98,80,7216.419000000002,0,0.998704314,1
184,174,7217.107,1,0.009133829,0
98,79,7217.223000000002,0,0.998384714,1
220,187,7217.557000000001,1,0.012068490,0
240,194,7217.802,1,0.009756695,0
235,196,7217.881000000001,1,0.010076917,0
148,220,7218.719000000001,1,0.014503736,0
97,79,7218.851000000002,0,0.953124642,1
32,48,7221.575000000001,1,0.008908731,0
311,14,7222.101999999999,1,0.009766794,0
55,60,7223.731,1,0.008644758,0
247,62,7223.796000000002,1,0.009313434,0
8,127,7226.106,1,0.014229025,0
331,130,7226.198,1,0.010622626,0
97,80,7226.356,1,0.999126852,1
147,143,7226.656999999999,1,0.042214897,0
98,81,7227.045000000002,1,0.998551309,1
278,175,7227.797999999999,1,0.009356385,0
80,242,7227.9130000000005,1,0.007841712,0
218,183,7228.0689999999995,1,0.008977466,0
160,199,7228.656999999999,1,0.010110301,0
144,220,7228.998,1,0.008222060,0
30,247,7230.3369999999995,1,0.012555462,0
144,221,7230.655999999999,1,0.018968372,0
143,220,7231.154000000002,1,0.008627004,0
98,80,7231.297000000002,1,0.952070355,1
97,80,7234.6990000000005,1,0.048499722,0
138,221,7243.767,1,0.008796991,0
215,7,7251.209999999999,1,0.006236958,0
246,17,7251.565000000002,1,0.006774607,0
97,76,7254.5300000000025,0,0.695853591,0
227,141,7255.933000000001,1,0.009262997,0
131,143,7256.003000000001,1,0.011798840,0
43,184,7257.471000000001,1,0.009003156,0
97,77,7260.143,1,0.985436499,1
292,10,7261.983,1,0.006762233,0
256,16,7262.202000000001,1,0.010088776,0
223,32,7262.743000000002,1,0.011408241,0
294,40,7263.045000000002,1,0.007197866,0
97,75,7263.565999999999,0,0.936604381,1
101,58,7263.672999999999,1,0.013770500,0
204,80,7264.428,1,0.008918663,0
108,119,7265.804,1,0.013820311,0
98,133,7266.321,1,0.026190262,0
280,144,7266.7040000000015,1,0.021903558,0
237,161,7267.287,1,0.008736432,0
62,164,7267.403000000002,1,0.008726023,0
56,166,7267.468000000001,1,0.008515606,0
239,166,7267.48,1,0.009235931,0
168,176,7267.828000000001,1,0.010189621,0
97,75,7268.006000000001,0,0.952987313,1
91,185,7268.138999999999,1,0.008462515,0
210,240,7270.09,1,0.015181120,0
126,222,7270.508000000002,1,0.013598151,0
52,248,7271.013999999999,1,0.008082946,0
5,225,7271.040000000001,1,0.009343443,0
97,76,7275.642,1,0.959071279,1
97,78,7276.842000000001,1,0.928150237,1
98,76,7281.011000000002,1,0.926918447,1
97,73,7284.914000000001,0,0.988994777,1
97,73,7290.552,0,0.677157342,0
309,40,7292.377,1,0.006816942,0
87,48,7292.6680000000015,1,0.008466477,0
190,119,7295.167000000001,1,0.008940654,0
44,152,7296.321,1,0.008923811,0
35,188,7297.594000000001,1,0.008487073,0
66,197,7297.912,1,0.008032898,0
236,216,7298.603999999999,1,0.011518980,0
185,218,7298.674999999999,1,0.010837197,0
162,222,7298.804,1,0.014811248,0
183,224,7298.870999999999,1,0.011176761,0
97,72,7299.387999999999,0,0.987615526,1
45,8,7301.904000000002,1,0.008909379,0
184,16,7302.178,1,0.010397254,0
317,30,7302.690999999999,1,0.009872097,0
154,31,7302.726000000002,1,0.044408347,0
136,47,7303.295000000002,1,0.008941516,0
323,82,7304.528000000002,1,0.007471452,0
51,118,7305.776000000002,1,0.010323407,0
217,157,7307.171000000002,1,0.008674718,0
247,244,7310.216,1,0.009268311,0
36,256,7310.636000000002,1,0.012477454,0
98,71,7311.535,0,0.984997630,1
32,48,7317.707000000002,1,0.009029691,0
97,70,7319.108,0,0.971842110,1
97,70,7324.978999999999,0,0.992269218,1
97,71,7326.833999999999,1,0.970350444,1
97,69,7328.903000000002,0,0.983677030,1
133,63,7333.1860000000015,1,0.008906735,0
167,72,7333.510000000002,1,0.009471959,0
233,90,7334.1550000000025,1,0.044407453,0
311,109,7334.8240000000005,1,0.011555529,0
238,125,7335.373,1,0.009504135,0
230,135,7335.722000000002,1,0.009908224,0
224,137,7335.799999999999,1,0.009907092,0
227,141,7335.933000000001,1,0.009026820,0
224,143,7336.011000000002,1,0.009824515,0
8,152,7336.327000000001,1,0.009019858,0
10,156,7336.463,1,0.008646046,0
277,156,7336.474000000002,1,0.009725620,0
284,173,7337.062000000002,1,0.009282346,0
20,182,7337.394,1,0.009165794,0
3,210,7338.370999999999,1,0.012945637,0
17,255,7339.964,1,0.007768762,0
180,258,7340.060000000001,1,0.008315161,0
97,71,7341.542000000001,1,0.973375440,1
97,68,7342.035,0,0.644751012,0
48,36,7342.887000000002,1,0.041500844,0
41,87,7344.707000000002,1,0.011408918,0
98,93,7344.889999999999,1,0.006267185,0
55,104,7345.3009999999995,1,0.010980919,0
68,112,7345.578000000001,1,0.011354357,0
82,126,7346.083000000002,1,0.024177851,0
113,192,7348.4050000000025,1,0.008277123,0
178,196,7348.523000000001,1,0.007996614,0
98,70,7352.442999999999,1,0.994402111,1
97,70,7352.627,1,0.989532828,1
97,67,7353.4259999999995,0,0.223193362,0
344,22,7355.195,1,0.006330466,0
97,67,7358.838,0,0.638074160,0
97,68,7362.968000000001,1,0.047786143,0
32,48,7364.312000000002,1,0.008878750,0
76,226,7367.834999999999,1,0.010483332,0
75,226,7369.177,1,0.009737985,0
17,45,7372.547999999999,1,0.008293916,0
73,51,7372.763999999999,1,0.008374924,0
176,58,7373.012000000002,1,0.008762352,0
55,59,7373.047999999999,1,0.008878372,0
329,78,7373.722000000002,1,0.007088708,0
95,91,7374.1939999999995,1,0.044800885,0
88,93,7374.244999999999,1,0.081618510,0
88,94,7374.278000000002,1,0.082546756,0
333,104,7374.635000000002,1,0.010509243,0
339,119,7375.156999999999,1,0.007288828,0
97,65,7376.476000000002,0,0.986261785,1
299,192,7377.739000000001,1,0.008386835,0
11,230,7379.0790000000015,1,0.007606690,0
98,247,7381.0790000000015,1,0.007585532,0
150,9,7381.9310000000005,1,0.009704045,0
209,13,7382.092000000001,1,0.009732514,0
31,28,7382.617000000002,1,0.038263746,0
47,30,7382.6759999999995,1,0.038245182,0
158,40,7383.0430000000015,1,0.009121465,0
97,67,7383.825000000001,1,0.984315813,1
104,63,7383.851000000002,1,0.071560934,0
159,64,7383.886000000002,1,0.008962139,0
102,72,7384.164000000001,1,0.009397879,0
97,77,7384.351000000002,1,0.018203387,0
32,48,7385.23,1,0.008956982,0
300,166,7387.476999999999,1,0.008630651,0
84,174,7387.744999999999,1,0.008703296,0
160,199,7388.631000000001,1,0.010153687,0
53,224,7389.511000000002,1,0.008310436,0
64,226,7389.583000000002,1,0.008736031,0
97,66,7391.450000000001,1,0.977678299,1
237,240,7399.994000000002,1,0.006486386,0
97,65,7400.136000000002,1,0.996741354,1
97,63,7401.488000000001,0,0.991504610,1
55,228,7405.4310000000005,1,0.008116155,0
97,63,7407.631000000001,0,0.993172169,1
97,64,7409.548999999999,1,0.999020696,1
32,48,7412.6500000000015,1,0.008979707,0
199,77,7413.685000000001,1,0.008770437,0
97,64,7415.82,1,0.986419499,1
97,62,7415.9360000000015,0,0.993557274,1
247,196,7417.882000000001,1,0.009923775,0
242,198,7417.946,1,0.009278378,0
267,207,7418.268,1,0.011633438,0
56,246,7419.645,1,0.007835219,0
206,67,7420.809000000001,1,0.008849140,0
46,21,7422.348000000002,1,0.036802001,0
98,64,7423.896000000001,1,0.979919970,1
3,128,7426.130000000001,1,0.014123443,0
335,136,7426.405999999999,1,0.010521047,0
157,199,7428.630000000001,1,0.009181024,0
315,199,7428.6500000000015,1,0.007703935,0
6,200,7428.665000000001,1,0.007873573,0
192,205,7428.842000000001,1,0.007780966,0
100,206,7428.886000000002,1,0.008173522,0
24,240,7430.099000000002,1,0.012618893,0
98,61,7435.091,0,0.996476352,1
97,62,7439.429,1,0.995143294,1
98,60,7445.106,0,0.988994539,1
97,61,7447.063000000002,1,0.997590423,1
112,37,7452.2800000000025,1,0.014797491,0
98,62,7453.159,1,0.994557858,1
214,69,7453.4000000000015,1,0.009103265,0
98,61,7454.215,1,0.999243498,1
122,108,7454.773000000001,1,0.059751406,0
127,108,7454.794000000002,1,0.070172600,0
97,61,7454.815999999999,1,0.985878885,1
171,128,7455.493000000002,1,0.004213171,0
17,132,7455.619000000002,1,0.008562252,0
16,135,7455.727999999999,1,0.008936666,0
167,184,7457.450000000001,1,0.009763778,0
275,187,7457.575000000001,1,0.009159703,0
32,48,7459.374,1,0.008936662,0
41,254,7459.929,1,0.007541814,0
191,255,7459.959999999999,1,0.006724642,0
98,59,7461.107,0,0.990101099,1
222,16,7462.173999999999,1,0.009786834,0
221,19,7462.2930000000015,1,0.009979188,0
114,40,7463.018,1,0.029747816,0
97,58,7463.226999999999,0,0.991551518,1
133,46,7463.236000000001,1,0.008909140,0
260,48,7463.322,1,0.008975002,0
159,54,7463.516,1,0.008773119,0
118,55,7463.5740000000005,1,0.017277289,0
162,61,7463.781999999999,1,0.009209566,0
74,76,7464.304,1,0.008697744,0
113,76,7464.315000000002,1,0.010567477,0
23,79,7464.401000000002,1,0.011480004,0
205,80,7464.4360000000015,1,0.005794448,0
68,80,7464.450000000001,1,0.008834431,0
34,85,7464.607,1,0.012609059,0
63,86,7464.654000000002,1,0.004492471,0
189,88,7464.736000000001,1,0.008422729,0
342,90,7464.785,1,0.007184660,0
283,101,7465.1810000000005,1,0.010080918,0
249,103,7465.263999999999,1,0.009348000,0
204,80,7465.363000000001,1,0.013079485,0
291,109,7465.456000000002,1,0.009778081,0
244,110,7465.498,1,0.009691739,0
70,200,7468.679,1,0.008334769,0
68,201,7468.713,1,0.008364305,0
20,236,7469.948,1,0.007873015,0
20,238,7470.004000000001,1,0.012616388,0
97,60,7471.32,1,0.983935595,1
98,60,7472.366000000002,1,0.992415667,1
97,58,7473.208999999999,0,0.985360563,1
97,57,7474.593000000001,0,0.996793330,1
98,59,7479.670000000002,1,0.998255908,1
97,58,7484.257000000001,1,0.960838020,1
329,24,7491.809000000001,1,0.006518570,0
97,58,7493.006000000001,1,0.956695437,1
248,83,7493.896000000001,1,0.009650745,0
7,86,7494.0,1,0.015085567,0
11,88,7494.071,1,0.015263614,0
16,90,7494.162,1,0.015534128,0
18,96,7494.356,1,0.015203743,0
226,112,7494.93,1,0.044484522,0
92,114,7494.986000000001,1,0.037407640,0
210,133,7495.655999999999,1,0.009337501,0
304,133,7495.667000000001,1,0.008511520,0
163,135,7495.746999999999,1,0.009140969,0
296,136,7495.762999999999,1,0.009270885,0
302,137,7495.798999999999,1,0.008743603,0
259,151,7496.298999999999,1,0.008621753,0
121,155,7496.432000000001,1,0.010565936,0
124,156,7496.474000000002,1,0.010849927,0
98,58,7496.873,1,0.994058490,1
60,172,7497.036,1,0.009521456,0
10,193,7497.781999999999,1,0.008089934,0
95,198,7497.952000000001,1,0.008886356,0
215,205,7498.196,1,0.011880389,0
310,212,7498.464,1,0.011005954,0
72,215,7498.547999999999,1,0.013559477,0
97,57,7498.567999999999,1,0.047424398,0
307,216,7498.589,1,0.010891612,0
247,238,7499.375,1,0.006880447,0
97,55,7499.4050000000025,0,0.991924465,1
76,253,7499.885000000002,1,0.008378611,0
125,3,7501.723000000002,1,0.009219661,0
25,29,7502.6550000000025,1,0.039394926,0
267,30,7502.672000000002,1,0.010351110,0
183,224,7502.865000000002,1,0.011011945,0
111,58,7503.682000000001,1,0.008783491,0
49,62,7503.797999999999,1,0.008428868,0
218,62,7503.817999999999,1,0.008998537,0
7,64,7503.881000000001,1,0.005435183,0
151,50,7504.9180000000015,1,0.008492568,0
160,96,7505.003000000001,1,0.010238647,0
284,108,7505.423999999999,1,0.010034613,0
61,134,7506.338,1,0.016603397,0
39,140,7506.573,1,0.014275009,0
34,141,7506.598000000002,1,0.014149633,0
311,150,7506.9180000000015,1,0.011574040,0
130,151,7506.939000000002,1,0.030143645,0
159,152,7506.989000000001,1,0.031696845,0
97,55,7507.18,0,0.995460331,1
98,55,7509.207000000002,0,0.996627092,1
335,224,7509.513999999999,1,0.007770643,0
97,56,7513.705000000002,1,0.969612896,1
97,54,7520.177,0,0.984390795,1
98,56,7521.797999999999,1,0.989962220,1
98,54,7527.201000000001,0,0.927112877,1
344,254,7527.535,1,0.006835764,0
96,58,7533.018,1,0.943606734,1
101,59,7533.062000000002,1,0.050710693,0
98,55,7535.213,1,0.999912739,1
281,125,7535.377,1,0.009060048,0
97,55,7535.821,1,0.999412775,1
98,53,7535.896000000001,0,0.996314228,1
264,158,7536.546000000002,1,0.011702485,0
163,160,7536.614000000001,1,0.011435672,0
24,216,7538.600000000002,1,0.013059612,0
97,52,7540.3110000000015,0,0.991822541,1
98,54,7542.478999999999,1,0.047315914,0
333,53,7543.504000000001,1,0.006733646,0
97,56,7543.5869999999995,1,0.930151045,1
183,112,7545.567999999999,1,0.009376374,0
128,150,7546.921000000002,1,0.029876998,0
169,173,7547.713,1,0.009875247,0
175,176,7547.838,1,0.009390310,0
135,205,7548.851999999999,1,0.008438641,0
178,214,7549.167000000001,1,0.007790051,0
17,223,7549.485000000001,1,0.007692774,0
15,238,7550.010000000002,1,0.012570694,0
97,51,7553.029000000002,0,0.984336138,1
98,53,7559.805,1,0.983204901,1
328,231,7560.946,1,0.007348236,0
97,53,7561.457000000002,1,0.976811588,1
97,54,7564.773000000001,1,0.963537097,1
98,51,7565.708000000002,0,0.991573989,1
99,56,7569.547000000002,1,0.940293133,1
98,52,7572.716,1,0.976981461,1
206,53,7572.843000000001,1,0.008918596,0
88,64,7573.233,1,0.008647170,0
240,194,7574.370999999999,1,0.014001275,0
89,184,7574.484,1,0.014118338,0
328,128,7575.476000000002,1,0.007549670,0
185,148,7576.188000000002,1,0.004892511,0
98,50,7576.670000000002,0,0.938836157,1
72,206,7578.234,1,0.013707522,0
22,223,7578.842000000001,1,0.012911173,0
256,233,7579.203000000001,1,0.007745958,0
225,239,7579.4130000000005,1,0.005915456,0
165,8,7581.899000000001,1,0.008286362,0
55,10,7581.963,1,0.009187927,0
344,12,7582.058000000001,1,0.009555526,0
27,55,7583.576000000001,1,0.008331215,0
51,59,7583.713,1,0.008572240,0
194,66,7583.957000000002,1,0.009022552,0
98,50,7584.134000000002,0,0.984279096,1
113,116,7585.706000000002,1,0.017699327,0
42,119,7585.828000000001,1,0.009174229,0
157,151,7586.932000000001,1,0.033277553,0
194,158,7587.205000000002,1,0.005517724,0
338,160,7587.257000000001,1,0.007209692,0
211,162,7587.328000000001,1,0.009228687,0
97,52,7588.049999999999,1,0.998719454,1
99,188,7588.261000000002,1,0.008172438,0
31,190,7588.309000000001,1,0.008209589,0
24,191,7588.368000000002,1,0.008090518,0
23,200,7588.664000000001,1,0.007898069,0
22,203,7588.791000000001,1,0.007941851,0
16,207,7588.923999999999,1,0.007913619,0
98,49,7589.157999999999,0,0.952791929,1
97,51,7589.769,1,0.998821676,1
10,231,7589.776000000002,1,0.007578156,0
302,240,7590.072,1,0.010426286,0
98,51,7590.165000000001,1,0.999437392,1
32,48,7594.2800000000025,1,0.046131205,0
97,48,7597.919000000002,0,0.987673223,1
98,50,7599.021000000001,1,0.994611502,1
98,48,7599.331000000002,0,0.991902411,1
97,50,7601.5250000000015,1,0.990435481,1
128,159,7609.190999999999,1,0.011386427,0
98,50,7610.052,1,0.048034996,0
56,9,7611.279000000002,1,0.009127932,0
45,20,7611.671000000002,1,0.008739186,0
255,48,7612.673999999999,1,0.009154541,0
30,55,7612.916000000001,1,0.008843292,0
314,56,7612.946,1,0.007104449,0
3,56,7612.946,1,0.006068761,0
279,92,7614.2119999999995,1,0.020190822,0
194,95,7614.317999999999,1,0.047439404,0
331,98,7614.424999999999,1,0.010542020,0
138,101,7614.5430000000015,1,0.080610521,0
157,103,7614.624,1,0.056420080,0
32,48,7614.789000000001,1,0.046138432,0
92,114,7614.982,1,0.037784021,0
111,115,7615.018,1,0.020225501,0
97,47,7615.084999999999,0,0.962968469,1
112,118,7615.134000000002,1,0.015227634,0
311,157,7616.511000000002,1,0.008088082,0
98,49,7616.521000000001,1,0.990148246,1
245,228,7619.001,1,0.007542146,0
228,47,7623.2750000000015,1,0.010122458,0
31,71,7624.115000000002,1,0.003472870,0
79,72,7624.170000000002,1,0.008523262,0
137,86,7624.653000000002,1,0.010731634,0
304,105,7625.314000000002,1,0.008574522,0
299,109,7625.456000000002,1,0.009098956,0
254,171,7627.649000000001,1,0.010404155,0
195,174,7627.773000000001,1,0.005791575,0
240,194,7628.4619999999995,1,0.010008335,0
7,231,7629.761000000002,1,0.007635295,0
152,237,7629.969000000001,1,0.008198666,0
155,239,7630.041000000001,1,0.014405560,0
98,46,7633.9439999999995,0,0.984677792,1
32,48,7641.843000000001,1,0.009042040,0
97,47,7644.4050000000025,1,0.999272764,1
97,48,7644.8240000000005,1,0.999745309,1
98,47,7644.889999999999,1,0.999876022,1
32,48,7648.214,1,0.008825225,0
98,45,7651.3369999999995,0,0.979326963,1
324,32,7652.099000000002,1,0.006745114,0
230,64,7653.224000000002,1,0.009485162,0
211,80,7653.790000000001,1,0.009322480,0
215,87,7654.037,1,0.048697639,0
142,100,7654.491000000002,1,0.078359134,0
199,115,7655.0300000000025,1,0.008609278,0
42,125,7655.381000000001,1,0.009830631,0
31,150,7656.269,1,0.008411549,0
328,191,7656.588,1,0.007887569,0
306,168,7656.891,1,0.008342703,0
289,176,7657.171000000002,1,0.009661160,0
224,183,7657.415000000001,1,0.009189360,0
288,186,7657.535,1,0.008600130,0
248,16,7662.201000000001,1,0.010051282,0
168,27,7662.565999999999,1,0.021912625,0
98,44,7662.621999999999,0,0.488450408,0
97,46,7663.236000000001,1,0.976207793,1
148,47,7663.267,1,0.008868583,0
71,128,7666.130000000001,1,0.020569934,0
98,43,7667.518,0,0.978946447,1
66,235,7669.912,1,0.007648712,0
119,238,7670.004000000001,1,0.013282671,0
71,239,7670.045000000002,1,0.013139319,0
76,246,7670.298999999999,1,0.013070170,0
7,247,7670.323,1,0.012340813,0
217,254,7670.5790000000015,1,0.007900435,0
18,240,7670.864000000001,1,0.012571701,0
119,115,7671.048999999999,0,0.344267517,0
98,45,7674.07,1,0.999940157,1
97,45,7675.213,1,0.998277187,1
98,43,7675.490000000002,0,0.989381909,1
98,42,7685.808000000001,0,0.982389152,1
32,48,7689.440999999999,1,0.008959124,0
98,42,7693.012000000002,0,0.990514636,1
314,68,7693.359,1,0.007317034,0
79,80,7693.790000000001,1,0.008774973,0
254,102,7694.557000000001,1,0.043160919,0
11,110,7694.849000000002,1,0.013710321,0
48,112,7694.916000000001,1,0.017929783,0
32,141,7695.937000000002,1,0.006020194,0
33,141,7695.959999999999,1,0.005735718,0
255,153,7696.359,1,0.008789413,0
26,166,7696.822,1,0.008236164,0
157,173,7697.062000000002,1,0.010272039,0
296,182,7697.383000000002,1,0.008376167,0
154,188,7697.598000000002,1,0.010021908,0
113,196,7697.882000000001,1,0.008438127,0
166,232,7699.154000000002,1,0.008669471,0
295,245,7699.601000000002,1,0.007171176,0
98,43,7699.8009999999995,1,0.998134077,1
333,253,7700.267,1,0.006725301,0
99,42,7701.3189999999995,0,0.995553553,1
328,23,7702.442999999999,1,0.009639391,0
223,32,7702.737000000001,1,0.011434201,0
99,44,7703.167000000001,1,0.890753806,0
42,45,7703.200000000001,1,0.008979872,0
98,41,7703.864000000001,0,0.971683860,1
40,72,7704.154000000002,1,0.008962414,0
161,131,7706.231,1,0.041356493,0
192,136,7706.409,1,0.048985440,0
200,157,7707.148000000001,1,0.008819195,0
215,164,7707.398000000001,1,0.009076559,0
180,190,7708.317999999999,1,0.008888762,0
290,192,7708.395,1,0.008625132,0
200,208,7708.952000000001,1,0.008558132,0
208,209,7708.986000000001,1,0.003697278,0
56,220,7709.371999999999,1,0.008536549,0
99,41,7711.882000000001,0,0.974554777,1
98,42,7713.975000000002,1,0.994757712,1
98,42,7722.059000000001,1,0.049002968,0
99,43,7728.784,1,0.998434603,1
288,31,7732.077000000001,1,0.007057080,0
99,42,7732.441999999999,1,0.988299370,1
92,114,7732.630000000001,1,0.013287153,0
232,53,7732.838,1,0.009182003,0
68,103,7734.608,1,0.027023051,0
322,107,7734.738000000001,1,0.011000817,0
139,118,7735.127,1,0.009368126,0
32,48,7736.27,1,0.008863874,0
235,151,7736.287,1,0.009353088,0
206,170,7736.9619999999995,1,0.008212310,0
83,192,7737.735000000001,1,0.009151990,0
160,199,7737.981,1,0.009795561,0
211,229,7739.047000000002,1,0.004515278,0
32,238,7739.370999999999,1,0.007939830,0
143,13,7742.071,1,0.022010688,0
296,30,7742.674999999999,1,0.010147736,0
143,31,7742.713,1,0.044366214,0
320,32,7742.740000000002,1,0.009826891,0
303,36,7742.887000000002,1,0.010169840,0
306,38,7742.971000000001,1,0.010144451,0
62,64,7743.895,1,0.008834360,0
171,83,7744.546000000002,1,0.009342367,0
151,50,7745.132000000001,1,0.008790876,0
95,101,7745.182000000001,1,0.005499110,0
42,102,7745.234,1,0.010552107,0
240,121,7745.887000000002,1,0.009914204,0
247,122,7745.9310000000005,1,0.009591942,0
167,166,7747.475000000002,1,0.010678216,0
181,192,7748.393,1,0.007930881,0
200,212,7749.084999999999,1,0.008017168,0
242,230,7749.728999999999,1,0.007312661,0
210,238,7750.005000000001,1,0.017512837,0
98,40,7751.528000000002,1,0.998734534,1
99,39,7752.744000000002,0,0.998952389,1
99,38,7754.198,0,0.455882549,0
132,64,7759.109,1,0.009188040,0
99,40,7759.682000000001,1,0.985783935,1
99,39,7765.412,1,0.981706202,1
99,39,7771.8240000000005,1,0.996538162,1
220,58,7773.016,1,0.009160927,0
332,82,7773.859,1,0.007412021,0
99,37,7773.920000000002,0,0.990817070,1
218,112,7774.914000000001,1,0.045468036,0
128,150,7776.25,1,0.012824914,0
96,160,7776.611000000001,1,0.009557580,0
133,168,7776.904000000002,1,0.010065312,0
131,172,7777.053,1,0.010060411,0
324,222,7777.178,1,0.007948376,0
118,191,7777.708000000002,1,0.008424808,0
63,231,7779.119999999999,1,0.007998263,0
288,253,7781.9180000000015,1,0.006929428,0
108,23,7782.442999999999,1,0.044231184,0
32,48,7784.351000000002,1,0.008797173,0
223,100,7785.139999999999,1,0.009597289,0
98,110,7785.498,1,0.016736777,0
235,120,7785.848000000002,1,0.009620877,0
209,124,7785.985000000001,1,0.009630851,0
98,38,7786.002,1,0.048714586,0
99,36,7787.632000000001,0,0.992458522,1
322,200,7788.678,1,0.007680990,0
71,215,7789.196,1,0.007994629,0
125,114,7789.325000000001,0,0.255647928,0
8,255,7790.606,1,0.012230608,0
99,38,7793.439000000002,1,0.991671205,1
100,36,7802.48,0,0.448374867,0
100,35,7809.345000000001,0,0.996921420,1
99,35,7810.448,0,0.988063276,1
135,24,7811.810000000001,1,0.009106440,0
98,37,7812.267,1,0.994975567,1
222,40,7812.377,1,0.009799776,0
49,53,7812.833999999999,1,0.008393445,0
192,92,7814.214,1,0.047607716,0
175,104,7814.643,1,0.048272900,0
174,107,7814.751,1,0.048255593,0
200,224,7814.935000000001,1,0.010357531,0
32,48,7818.4540000000015,1,0.046187826,0
46,226,7818.934000000001,1,0.013114061,0
215,250,7819.782999999999,1,0.004690125,0
226,16,7822.195,1,0.009800683,0
227,22,7822.399000000001,1,0.010252225,0
223,68,7824.008000000002,1,0.008703881,0
149,78,7824.374,1,0.009745212,0
126,85,7824.614000000001,1,0.009760537,0
39,88,7824.719000000001,1,0.011944694,0
59,91,7824.844000000001,1,0.006689742,0
50,102,7825.227999999999,1,0.011125003,0
319,104,7825.296000000002,1,0.008112115,0
112,108,7825.427,1,0.005917643,0
114,109,7825.459999999999,1,0.006153745,0
47,120,7825.847000000002,1,0.009526880,0
39,126,7826.065999999999,1,0.015176545,0
184,141,7826.588,1,0.043242242,0
228,154,7827.0509999999995,1,0.009243142,0
80,159,7827.217000000001,1,0.009068992,0
299,167,7827.506000000001,1,0.008492270,0
210,170,7827.627,1,0.008501413,0
245,178,7827.903000000002,1,0.009406935,0
88,184,7828.102999999999,1,0.008995680,0
279,196,7828.549999999999,1,0.008349187,0
86,229,7829.6860000000015,1,0.007750537,0
189,232,7829.8009999999995,1,0.006767828,0
104,33,7830.728999999999,1,0.045188576,0
99,35,7833.986000000001,1,0.926360786,1
100,33,7840.796000000002,0,0.981662214,1
99,33,7849.172999999999,0,0.990505874,1
239,3,7851.0790000000015,1,0.006360451,0
245,4,7851.118000000002,1,0.006043339,0
236,8,7851.257000000001,1,0.006668160,0
116,16,7851.554,1,0.009803182,0
11,23,7851.779000000002,1,0.008514821,0
250,36,7852.241000000002,1,0.007940082,0
100,32,7853.139999999999,0,0.993358195,1
327,79,7853.759000000002,1,0.007395967,0
204,80,7853.782999999999,1,0.008895709,0
125,114,7854.983,1,0.062352143,0
285,183,7857.432000000001,1,0.008945688,0
100,32,7861.955000000002,0,0.997094631,1
176,10,7861.987000000001,1,0.006943773,0
16,43,7863.1550000000025,1,0.008762788,0
16,48,7863.313000000002,1,0.008585095,0
137,53,7863.505000000001,1,0.008525172,0
22,54,7863.512000000002,1,0.008511785,0
127,113,7863.5790000000015,1,0.013350850,0
76,56,7863.609,1,0.008903457,0
87,59,7863.717000000001,1,0.008535457,0
125,112,7863.823,1,0.007172731,0
311,69,7864.072,1,0.007574857,0
95,95,7864.959999999999,1,0.006233132,0
250,96,7864.994000000002,1,0.009372738,0
200,109,7865.483,1,0.009181688,0
122,110,7865.487000000001,1,0.006310073,0
146,110,7865.514999999999,1,0.007312747,0
279,112,7865.5790000000015,1,0.010194292,0
290,116,7865.708999999999,1,0.010093717,0
124,117,7865.757000000001,1,0.013187133,0
84,120,7865.869000000002,1,0.012012794,0
132,126,7866.072,1,0.060655802,0
235,131,7866.238000000001,1,0.044370491,0
193,136,7866.434000000001,1,0.048904154,0
197,141,7866.583999999999,1,0.047112692,0
168,142,7866.636000000002,1,0.029960684,0
127,154,7867.045000000002,1,0.011280185,0
100,35,7867.4490000000005,1,0.999999285,1
131,165,7867.457000000002,1,0.010526677,0
99,34,7868.1939999999995,1,0.999912977,1
100,32,7869.012000000002,0,0.992362380,1
158,226,7869.580000000002,1,0.008540147,0
21,238,7870.028000000002,1,0.012647599,0
132,64,7870.302,1,0.048742723,0
128,113,7874.674999999999,1,0.067046084,0
128,112,7884.84,1,0.005974452,0
100,31,7887.553,0,0.999402046,1
100,32,7887.717000000001,1,0.999650240,1
0,8,7891.262999999999,1,0.008648518,0
101,31,7892.162,0,0.998969913,1
199,38,7892.314000000002,1,0.009262870,0
312,42,7892.451000000001,1,0.007084974,0
226,55,7892.905999999999,1,0.009333435,0
66,70,7893.433000000001,1,0.008687250,0
86,73,7893.547000000002,1,0.008941039,0
61,77,7893.690999999999,1,0.008513729,0
83,79,7893.756000000001,1,0.008682866,0
80,80,7893.7930000000015,1,0.009139924,0
100,32,7893.935000000001,1,0.998754978,1
86,85,7893.960999999999,1,0.009214753,0
109,96,7894.360000000001,1,0.055275410,0
286,105,7894.6680000000015,1,0.015649790,0
327,105,7894.6860000000015,1,0.010773137,0
166,112,7894.922000000002,1,0.051388051,0
215,127,7895.447,1,0.009217798,0
303,254,7899.93,1,0.007089044,0
177,36,7902.881000000001,1,0.025768429,0
12,64,7903.887999999999,1,0.003909088,0
100,31,7904.001,1,0.983372033,1
248,143,7906.677,1,0.042005360,0
91,160,7907.282999999999,1,0.008964931,0
224,191,7908.345000000001,1,0.012828252,0
195,192,7908.381000000001,1,0.009308213,0
218,192,7908.388999999999,1,0.010219410,0
223,192,7908.41,1,0.007421070,0
221,194,7908.463,1,0.005259562,0
23,225,7909.566999999999,1,0.007697701,0
106,228,7909.656999999999,1,0.008583793,0
302,245,7911.465,1,0.007105482,0
221,59,7914.130000000001,1,0.048801601,0
100,30,7929.875,1,0.964301050,1
209,8,7931.246999999999,1,0.006135245,0
168,29,7931.994000000002,1,0.008433867,0
167,30,7932.040000000001,1,0.005758725,0
101,31,7932.054,1,0.991350174,1
250,63,7933.190999999999,1,0.009378988,0
120,71,7933.475000000002,1,0.010477269,0
343,90,7934.143,1,0.010072298,0
223,98,7934.420000000002,1,0.046536535,0
32,48,7934.469000000001,1,0.046212714,0
201,120,7935.196,1,0.008990351,0
109,126,7935.4180000000015,1,0.014608941,0
55,131,7935.582000000002,1,0.009471731,0
266,134,7935.687000000002,1,0.009193486,0
71,135,7935.746999999999,1,0.009606789,0
303,139,7935.866000000002,1,0.008547263,0
112,142,7935.995999999999,1,0.011898170,0
259,155,7936.447,1,0.010548782,0
162,156,7936.466,1,0.011886163,0
56,159,7936.593000000001,1,0.009201272,0
293,176,7937.183000000001,1,0.008757637,0
268,189,7937.628000000001,1,0.008915213,0
293,190,7937.670000000002,1,0.008510724,0
4,202,7938.103999999999,1,0.013138169,0
98,236,7939.305,1,0.008304543,0
264,3,7941.739000000001,1,0.006427268,0
32,20,7942.3369999999995,1,0.035543777,0
80,56,7943.597000000002,1,0.008891527,0
96,58,7943.674999999999,1,0.010114373,0
69,70,7944.076000000001,1,0.008424170,0
207,72,7944.1680000000015,1,0.008494230,0
133,112,7945.299999999999,1,0.008917631,0
307,107,7945.387000000002,1,0.008973658,0
317,110,7945.507000000001,1,0.008686392,0
91,120,7945.849000000002,1,0.012966688,0
256,148,7946.856,1,0.033224143,0
100,29,7949.044000000002,1,0.980225861,1
101,29,7950.481,1,0.997854531,1
183,224,7953.467000000001,1,0.007376673,0
71,40,7972.380000000001,1,0.008616419,0
72,87,7974.0430000000015,1,0.035587702,0
101,28,7975.036,1,0.102906682,0
151,116,7975.058000000001,1,0.017475326,0
48,142,7975.971000000001,1,0.009245487,0
12,159,7976.585999999999,1,0.008949320,0
273,174,7977.098000000002,1,0.010777025,0
139,192,7977.756000000001,1,0.009759418,0
97,217,7980.25,1,0.007851267,0
44,6,7981.830000000002,1,0.009143604,0
21,7,7981.856,1,0.008642781,0
202,15,7982.143,1,0.027395889,0
111,15,7982.164000000001,1,0.044131085,0
203,16,7982.172999999999,1,0.023287602,0
296,21,7982.378000000001,1,0.009926625,0
267,23,7982.442999999999,1,0.010098295,0
158,24,7982.456000000002,1,0.022324022,0
155,28,7982.615000000002,1,0.040053006,0
32,48,7982.802,1,0.046223074,0
101,26,7983.376,0,0.724390149,0
88,59,7983.719000000001,1,0.008829990,0
203,63,7983.838,1,0.008629438,0
81,84,7984.5689999999995,1,0.008755878,0
36,92,7984.858,1,0.011474388,0
248,111,7985.530999999999,1,0.009675922,0
295,123,7985.947,1,0.009499460,0
284,111,7987.243000000002,1,0.009896056,0
280,166,7987.466,1,0.009995308,0
272,192,7988.407999999999,1,0.008884257,0
244,214,7989.169000000002,1,0.008383707,0
137,110,7989.809000000001,0,0.259988666,0
