x,y,t,p,probability,label
118,7,0.0,1,0.010029603,0
133,21,0.493,1,0.009605070,0
306,23,0.571,1,0.007659113,0
269,23,0.58,1,0.007364263,0
223,32,0.877,1,0.006948065,0
219,32,0.899,1,0.007937746,0
30,36,1.017,1,0.008921155,0
223,40,1.167,1,0.008536905,0
160,42,1.244,1,0.008535791,0
163,45,1.343,1,0.010022036,0
179,59,1.831,1,0.185948044,0
182,61,1.906,1,0.701265752,0
182,62,1.939,1,0.802866697,0
285,63,1.972,1,0.008444600,0
150,63,1.98,1,0.009220776,0
67,68,2.166,1,0.022218138,0
136,69,2.193,1,0.051452070,0
86,70,2.22,1,0.036332790,0
138,70,2.237,1,0.051781092,0
250,76,2.437,1,0.029566832,0
63,79,2.541,1,0.018812109,0
191,87,2.833,1,0.054323822,0
338,96,3.148,1,0.007014246,0
224,100,3.278,1,0.009351153,0
96,109,3.607,1,0.011290208,0
226,110,3.634,1,0.009441457,0
170,112,3.717,1,0.006133021,0
95,114,3.778,1,0.010622045,0
108,117,3.877,1,0.011392360,0
166,127,4.227,1,0.017045269,0
254,130,4.359,1,0.011426189,0
268,134,4.501,1,0.010404003,0
86,149,5.011,1,0.009144974,0
127,151,5.102,1,0.009683098,0
81,163,5.508,1,0.008905616,0
177,176,5.957,1,0.010422021,0
136,180,6.098,1,0.015022769,0
53,185,6.295,1,0.013995551,0
223,196,6.671,1,0.014642421,0
149,200,6.818,1,0.014892836,0
154,205,6.99,1,0.014820269,0
237,209,7.126,1,0.006544183,0
177,213,7.275,1,0.009937934,0
23,215,7.348,1,0.009531584,0
3,248,8.51,1,0.007974690,0
2,252,8.663,1,0.008203014,0
191,3,9.312,1,0.007740400,0
30,6,9.412,1,0.009499262,0
319,8,9.483,1,0.007755969,0
169,14,9.7,1,0.011047336,0
147,15,9.739,1,0.009646618,0
318,16,9.765,1,0.007060897,0
120,16,9.781,1,0.009795003,0
209,20,9.907,1,0.008387557,0
62,21,9.946,1,0.009481324,0
118,22,9.979,1,0.013444632,0
117,23,10.036,1,0.007914472,0
59,24,10.045,1,0.049179561,0
37,24,10.063,1,0.048580330,0
39,32,10.343,1,0.048571791,0
244,38,10.54,1,0.011027957,0
194,39,10.592,1,0.035151444,0
231,40,10.61,1,0.012014146,0
231,45,10.8,1,0.013577934,0
229,47,10.858,1,0.010424928,0
112,48,10.893,1,0.048175991,0
62,51,11.0,1,0.008908108,0
64,55,11.143,1,0.007845133,0
63,56,11.179,1,0.007095102,0
248,59,11.285,1,0.010043418,0
296,60,11.32,1,0.007818814,0
193,64,11.471,1,0.014596350,0
243,65,11.497,1,0.010694736,0
218,77,11.922,1,0.009017654,0
33,85,12.199,1,0.009702358,0
36,87,12.274,1,0.010251978,0
237,88,12.303,1,0.009538915,0
284,88,12.312,1,0.009273742,0
56,91,12.413,1,0.010352229,0
57,93,12.48,1,0.009885590,0
202,93,12.488,1,0.008996718,0
342,94,12.513,1,0.007043610,0
282,95,12.552,1,0.009900457,0
161,101,12.759,1,0.005427437,0
96,103,12.85,1,0.012678910,0
120,104,12.876,1,0.014178557,0
290,116,13.297,1,0.008887919,0
152,120,13.449,1,0.014897222,0
295,126,13.657,1,0.007748070,0
293,128,13.714,1,0.008021140,0
260,135,13.966,1,0.010043793,0
164,142,14.207,1,0.036230087,0
40,152,14.57,1,0.014222787,0
230,156,14.702,1,0.024065102,0
199,165,15.026,1,0.008352740,0
344,170,15.203,1,0.007610693,0
12,189,15.87,1,0.008705835,0
229,196,16.114,1,0.006046311,0
135,199,16.235,1,0.008917294,0
0,206,16.474,1,0.008463787,0
173,215,16.795,1,0.008765845,0
143,219,16.95,1,0.008685953,0
64,224,17.111,1,0.008360311,0
70,227,17.204,1,0.007626780,0
69,228,17.261,1,0.008571725,0
176,231,17.372,1,0.008761081,0
113,244,17.811,1,0.008663633,0
146,14,40.253,1,0.009610959,0
186,15,40.285,1,0.008697378,0
152,24,40.602,1,0.006917770,0
152,28,40.742,1,0.006440156,0
173,28,40.75,1,0.009513468,0
51,34,40.975,1,0.009172027,0
336,54,41.674,1,0.007889252,0
182,55,41.689,1,0.012087675,0
232,66,42.084,1,0.040973753,0
314,68,42.154,1,0.010647136,0
5,68,42.169,1,0.014388070,0
172,71,42.266,1,0.056730043,0
43,77,42.484,1,0.016982315,0
128,78,42.504,1,0.050809450,0
134,79,42.544,1,0.053727645,0
103,80,42.58,1,0.037583325,0
139,80,42.591,1,0.096915886,0
100,81,42.622,1,0.031739771,0
139,82,42.657,1,0.090611130,0
100,86,42.806,1,0.033508852,0
276,90,42.954,1,0.014216169,0
7,93,43.034,1,0.009423576,0
296,101,43.322,1,0.008557902,0
295,104,43.417,1,0.008632478,0
99,104,43.423,1,0.011757785,0
341,118,43.921,1,0.007359905,0
233,134,44.483,1,0.008886428,0
185,135,44.527,1,0.006854764,0
192,141,44.722,1,0.006714251,0
129,149,45.009,1,0.009803178,0
271,150,45.049,1,0.009105076,0
40,151,45.097,1,0.008615520,0
33,159,45.373,1,0.008619805,0
208,174,45.907,1,0.007656377,0
36,178,46.033,1,0.013827885,0
302,181,46.138,1,0.011064555,0
41,186,46.328,1,0.013795820,0
227,141,46.644,1,0.035244573,0
170,197,46.703,1,0.015652213,0
66,208,47.097,1,0.008285101,0
70,209,47.151,1,0.008434616,0
48,216,47.391,1,0.008445155,0
31,240,48.216,1,0.007869425,0
29,243,48.319,1,0.007816777,0
175,247,48.487,1,0.008629909,0
284,250,48.585,1,0.006859664,0
281,255,48.745,1,0.006454906,0
126,256,48.802,1,0.008434257,0
266,4,49.352,1,0.006941461,0
283,8,49.489,1,0.007137546,0
284,9,49.523,1,0.004432942,0
285,12,49.625,1,0.007765983,0
310,13,49.663,1,0.007372185,0
14,15,49.749,1,0.009235103,0
103,17,49.828,1,0.009715241,0
118,18,49.836,1,0.009747853,0
158,20,49.906,1,0.009606590,0
94,22,50.002,1,0.044574026,0
121,24,50.06,1,0.044635788,0
122,26,50.117,1,0.044644970,0
255,28,50.194,1,0.010649250,0
190,29,50.221,1,0.017225761,0
251,29,50.229,1,0.010630602,0
139,29,50.229,1,0.031078171,0
336,30,50.255,1,0.010330380,0
140,30,50.261,1,0.034905143,0
285,31,50.295,1,0.010489497,0
281,31,50.307,1,0.011395277,0
252,32,50.331,1,0.010691432,0
184,33,50.365,1,0.033058513,0
129,34,50.404,1,0.048225902,0
38,34,50.416,1,0.047136221,0
332,37,50.505,1,0.010395905,0
249,37,50.532,1,0.031893518,0
248,38,50.54,1,0.022730321,0
151,40,50.621,1,0.049479757,0
149,43,50.714,1,0.049861528,0
20,47,50.868,1,0.017207479,0
148,48,50.889,1,0.048551284,0
24,52,51.03,1,0.011744413,0
151,52,51.04,1,0.008540979,0
114,53,51.071,1,0.008887439,0
119,70,51.668,1,0.008975197,0
298,70,51.678,1,0.007927734,0
223,84,52.176,1,0.008871606,0
303,96,52.594,1,0.008025807,0
170,111,53.116,1,0.005753115,0
146,114,53.219,1,0.015676461,0
97,125,53.607,1,0.009907722,0
121,127,53.684,1,0.011194381,0
204,80,53.691,1,0.009048766,0
69,139,54.102,1,0.014900861,0
138,144,54.28,1,0.040163741,0
136,144,54.298,1,0.039445471,0
39,151,54.528,1,0.014221738,0
146,152,54.562,1,0.020061469,0
337,154,54.629,1,0.010763583,0
22,158,54.771,1,0.013881065,0
152,159,54.805,1,0.019879660,0
157,159,54.809,1,0.053796742,0
158,159,54.822,1,0.034144744,0
230,160,54.868,1,0.024060739,0
6,167,55.093,1,0.009909376,0
4,176,55.421,1,0.008527817,0
284,188,55.84,1,0.007805605,0
75,220,56.961,1,0.008218857,0
221,230,57.314,1,0.009036031,0
209,244,57.805,1,0.008395080,0
185,60,63.061,0,0.292245597,0
184,60,74.119,1,0.048689160,0
80,8,80.036,1,0.009548583,0
38,14,80.246,1,0.009162420,0
27,20,80.471,1,0.008767022,0
3,21,80.496,1,0.008366947,0
187,28,80.742,1,0.009817880,0
84,35,80.995,1,0.009099683,0
291,48,81.45,1,0.008228322,0
264,48,81.466,1,0.008145416,0
144,59,81.849,1,0.009157184,0
99,61,81.912,1,0.008886839,0
215,64,82.026,1,0.049923990,0
168,90,82.934,1,0.081167907,0
174,93,83.038,1,0.010127978,0
167,93,83.059,1,0.007590006,0
232,95,83.101,1,0.009582574,0
191,100,83.3,1,0.008897993,0
63,103,83.395,1,0.010334691,0
290,106,83.49,1,0.009081793,0
138,110,83.636,1,0.015407369,0
333,111,83.672,1,0.007440499,0
230,112,83.71,1,0.009386421,0
32,117,83.882,1,0.008199181,0
33,117,83.894,1,0.010422405,0
40,118,83.933,1,0.009261163,0
82,119,83.952,1,0.009820040,0
10,120,84.006,1,0.008721359,0
116,122,84.061,1,0.011445876,0
119,127,84.235,1,0.010872411,0
12,128,84.268,1,0.009183709,0
337,141,84.726,1,0.007440223,0
44,141,84.743,1,0.008928717,0
92,144,84.836,1,0.009700594,0
180,144,84.849,1,0.013262531,0
89,145,84.869,1,0.009303352,0
184,149,85.034,1,0.012490593,0
109,151,85.102,1,0.009457109,0
247,154,85.183,1,0.010020996,0
315,159,85.373,1,0.008171538,0
203,166,85.608,1,0.007548749,0
43,168,85.682,1,0.008843500,0
80,181,86.141,1,0.014360533,0
85,183,86.216,1,0.014373558,0
247,187,86.359,1,0.012855551,0
325,199,86.767,1,0.010598469,0
119,199,86.783,1,0.014451791,0
192,205,86.978,1,0.012987331,0
80,215,87.338,1,0.008867272,0
253,224,87.659,1,0.006160803,0
112,234,88.004,1,0.011461274,0
81,240,88.222,1,0.008105533,0
217,245,88.392,1,0.007509703,0
263,248,88.504,1,0.005657521,0
275,5,89.385,1,0.007577754,0
198,15,89.729,1,0.007113894,0
80,19,89.868,1,0.009878648,0
220,20,89.929,1,0.006807718,0
239,21,89.941,1,0.007639008,0
265,21,89.946,1,0.008214381,0
199,21,89.954,1,0.008674435,0
191,22,89.975,1,0.007141805,0
189,22,89.975,1,0.014101570,0
198,24,90.052,1,0.011634874,0
21,26,90.129,1,0.045039341,0
39,30,90.271,1,0.048208363,0
106,31,90.293,1,0.047776032,0
7,31,90.308,1,0.028941995,0
247,32,90.341,1,0.010667366,0
54,37,90.505,1,0.048561811,0
120,38,90.545,1,0.049772467,0
201,44,90.761,1,0.038250629,0
204,45,90.788,1,0.035867434,0
32,48,90.89,1,0.022995286,0
8,54,91.102,1,0.011982018,0
12,54,91.127,1,0.012045321,0
280,60,91.321,1,0.008448035,0
247,62,91.39,1,0.010102854,0
144,63,91.425,1,0.009465627,0
104,70,91.671,1,0.009220049,0
158,70,91.696,1,0.009501847,0
212,71,91.703,1,0.009097193,0
285,78,91.955,1,0.008974366,0
118,79,91.994,1,0.008254163,0
247,80,92.036,1,0.009134325,0
216,82,92.098,1,0.009062211,0
224,86,92.237,1,0.009349921,0
160,87,92.281,1,0.010927134,0
310,93,92.495,1,0.008300068,0
96,95,92.55,1,0.007254730,0
95,96,92.586,1,0.007598549,0
256,96,92.592,1,0.009312375,0
261,100,92.747,1,0.011354828,0
282,102,92.798,1,0.009923082,0
4,103,92.85,1,0.009761473,0
177,104,92.883,1,0.004496674,0
306,111,93.115,1,0.008103999,0
327,112,93.154,1,0.008285614,0
80,117,93.344,1,0.009965532,0
299,118,93.362,1,0.008889435,0
183,120,93.434,1,0.005658068,0
312,123,93.538,1,0.008203204,0
339,123,93.563,1,0.007551564,0
181,125,93.609,1,0.005953766,0
223,127,93.682,1,0.010021530,0
300,128,93.714,1,0.008563730,0
183,128,93.725,1,0.006264943,0
178,131,93.836,1,0.012583924,0
249,134,93.924,1,0.011501929,0
143,145,94.329,1,0.021932604,0
159,148,94.422,1,0.028849343,0
153,152,94.57,1,0.022973171,0
143,161,94.881,1,0.016989738,0
207,227,97.215,1,0.007233270,0
207,230,97.32,1,0.007925780,0
218,240,97.667,1,0.008514072,0
2,252,98.1,1,0.012691810,0
34,257,98.278,1,0.012589885,0
187,60,100.614,0,0.747034967,0
186,60,101.015,0,0.833631873,0
147,7,120.007,1,0.008691218,0
66,14,120.261,1,0.009601876,0
5,23,120.575,1,0.008444257,0
293,24,120.595,1,0.007613835,0
151,26,120.676,1,0.006862423,0
184,29,120.779,1,0.013863387,0
155,30,120.832,1,0.005051831,0
256,32,120.897,1,0.007709106,0
251,35,120.991,1,0.007533623,0
278,36,121.021,1,0.007772989,0
75,46,121.387,1,0.009379754,0
331,47,121.416,1,0.007869474,0
309,52,121.603,1,0.008457787,0
238,56,121.726,1,0.010987902,0
218,60,121.867,1,0.032384824,0
184,61,121.879,1,0.509933293,0
185,61,121.905,1,0.288193822,0
143,69,122.209,1,0.052112062,0
272,70,122.226,1,0.013124599,0
281,72,122.294,1,0.012237403,0
316,72,122.312,1,0.010599083,0
195,74,122.366,1,0.050381653,0
168,80,122.57,1,0.062848888,0
210,80,122.576,1,0.048295211,0
263,80,122.587,1,0.021613287,0
309,84,122.717,1,0.011162904,0
253,88,122.857,1,0.032275721,0
153,88,122.877,1,0.060786311,0
165,90,122.934,1,0.083404966,0
217,95,123.109,1,0.008644970,0
66,96,123.15,1,0.010805123,0
104,96,123.166,1,0.013767159,0
271,102,123.349,1,0.009735010,0
66,103,123.388,1,0.010491244,0
215,103,123.393,1,0.008749312,0
48,107,123.527,1,0.009955303,0
89,112,123.704,1,0.010506522,0
162,116,123.86,1,0.018599913,0
4,120,123.986,1,0.008749171,0
309,123,124.096,1,0.007959295,0
117,131,124.379,1,0.010204710,0
232,136,124.549,1,0.009216060,0
271,138,124.625,1,0.009664414,0
279,141,124.73,1,0.009242216,0
205,142,124.763,1,0.008742425,0
199,144,124.838,1,0.003544240,0
219,145,124.874,1,0.007097463,0
221,147,124.939,1,0.007215821,0
139,150,125.047,1,0.010458639,0
289,151,125.086,1,0.008673472,0
199,156,125.257,1,0.005355904,0
339,156,125.272,1,0.007871811,0
208,159,125.381,1,0.003743117,0
156,173,125.865,1,0.009677632,0
207,174,125.896,1,0.007820169,0
214,176,125.969,1,0.005267120,0
195,183,126.214,1,0.013031660,0
13,184,126.245,1,0.013368903,0
128,184,126.267,1,0.014827651,0
185,60,126.764,1,0.048583586,0
98,200,126.804,1,0.014232162,0
190,210,127.163,1,0.008939268,0
160,222,127.608,1,0.009133316,0
161,223,127.621,1,0.006307047,0
45,224,127.662,1,0.008021808,0
182,255,128.749,1,0.008979168,0
139,256,128.804,1,0.008300672,0
53,10,129.558,1,0.009521424,0
155,14,129.692,1,0.009156513,0
57,17,129.809,1,0.009938014,0
98,20,129.924,1,0.009668286,0
59,21,129.946,1,0.009310803,0
84,22,129.975,1,0.009679249,0
270,23,130.025,1,0.010716255,0
168,24,130.048,1,0.044671703,0
175,26,130.116,1,0.036655992,0
4,29,130.222,1,0.033592422,0
23,29,130.223,1,0.043443803,0
41,31,130.291,1,0.048148964,0
126,32,130.325,1,0.047333889,0
77,32,130.331,1,0.049834222,0
168,32,130.343,1,0.045061275,0
136,35,130.445,1,0.048534587,0
239,37,130.512,1,0.011143016,0
116,38,130.537,1,0.049829785,0
243,40,130.609,1,0.011362271,0
141,46,130.823,1,0.048764341,0
34,48,130.895,1,0.023457760,0
242,48,130.909,1,0.013022476,0
285,56,131.173,1,0.008099988,0
120,56,131.185,1,0.009247995,0
296,59,131.281,1,0.007846592,0
162,61,131.359,1,0.009699546,0
127,66,131.527,1,0.008964892,0
128,72,131.739,1,0.009387764,0
268,73,131.777,1,0.009974888,0
209,79,131.985,1,0.008626719,0
264,95,132.554,1,0.012795114,0
18,96,132.583,1,0.009719012,0
26,96,132.59,1,0.010003149,0
32,48,132.594,1,0.003803365,0
142,99,132.699,1,0.007347857,0
203,103,132.831,1,0.008612970,0
63,110,133.079,1,0.009842590,0
91,118,133.378,1,0.010130842,0
12,120,133.439,1,0.009120581,0
48,126,133.652,1,0.009391165,0
12,127,133.693,1,0.008510888,0
168,128,133.717,1,0.016591046,0
204,80,133.938,1,0.009641153,0
20,136,134.001,1,0.013928400,0
154,143,134.261,1,0.029893477,0
167,152,134.561,1,0.027891045,0
45,152,134.575,1,0.014308036,0
40,157,134.739,1,0.009467348,0
59,157,134.747,1,0.014453528,0
46,157,134.756,1,0.012067624,0
276,158,134.772,1,0.012013563,0
43,160,134.845,1,0.009800290,0
242,162,134.913,1,0.015733544,0
287,166,135.059,1,0.008522448,0
231,173,135.298,1,0.010950556,0
304,177,135.457,1,0.007784392,0
297,180,135.554,1,0.008023891,0
291,189,135.885,1,0.007679798,0
261,190,135.904,1,0.008478827,0
38,206,136.479,1,0.009585860,0
95,214,136.752,1,0.008497014,0
68,216,136.844,1,0.009627176,0
110,229,137.285,1,0.008898931,0
302,241,137.7,1,0.006535737,0
170,244,137.831,1,0.009552679,0
184,60,141.796,1,0.899805605,0
187,60,143.705,0,0.835384488,0
160,199,147.655,1,0.009372902,0
102,6,159.977,1,0.009451393,0
56,9,160.09,1,0.009828506,0
76,15,160.288,1,0.010119100,0
167,16,160.327,1,0.009213809,0
49,26,160.687,1,0.008822381,0
84,37,161.061,1,0.009240326,0
87,48,161.446,1,0.009308539,0
116,50,161.533,1,0.009336918,0
144,52,161.59,1,0.009104418,0
130,59,161.841,1,0.009010694,0
223,62,161.95,1,0.009933792,0
221,64,162.029,1,0.047888443,0
70,66,162.086,1,0.027843185,0
57,70,162.229,1,0.020487271,0
208,82,162.646,1,0.048377249,0
161,95,163.099,1,0.005132801,0
127,109,163.615,1,0.013858069,0
208,111,163.668,1,0.009127974,0
240,111,163.675,1,0.009483259,0
184,114,163.782,1,0.004763539,0
219,120,163.996,1,0.009303708,0
265,124,164.141,1,0.009618170,0
123,135,164.525,1,0.010280589,0
267,136,164.559,1,0.009831504,0
50,136,164.559,1,0.009047484,0
298,141,164.732,1,0.008939669,0
178,142,164.772,1,0.013424812,0
324,150,165.048,1,0.007005726,0
320,150,165.071,1,0.008481613,0
199,155,165.226,1,0.005119431,0
197,158,165.32,1,0.009597338,0
184,161,165.429,1,0.011945391,0
157,163,165.51,1,0.010520753,0
151,164,165.537,1,0.010145806,0
144,166,165.612,1,0.010343438,0
32,166,165.631,1,0.009130735,0
36,175,165.925,1,0.008976101,0
39,176,165.97,1,0.009111682,0
141,177,166.012,1,0.015180364,0
304,179,166.091,1,0.009315300,0
144,181,166.145,1,0.015125081,0
301,182,166.174,1,0.010267052,0
68,183,166.211,1,0.014217579,0
115,187,166.35,1,0.014705367,0
165,190,166.471,1,0.016026154,0
29,191,166.495,1,0.013534949,0
203,192,166.529,1,0.011398468,0
13,192,166.539,1,0.013258020,0
11,193,166.575,1,0.013211410,0
100,206,167.023,1,0.008787661,0
285,215,167.334,1,0.007440128,0
165,223,167.62,1,0.009735911,0
23,223,167.642,1,0.009470833,0
50,4,169.356,1,0.009478990,0
123,8,169.486,1,0.009717806,0
94,14,169.693,1,0.010260178,0
102,15,169.73,1,0.010000410,0
144,19,169.869,1,0.010092664,0
209,19,169.883,1,0.007615258,0
261,20,169.904,1,0.008240792,0
200,21,169.948,1,0.007533331,0
210,21,169.962,1,0.007786274,0
40,23,170.036,1,0.048640680,0
299,24,170.043,1,0.010684213,0
41,27,170.176,1,0.048745878,0
58,28,170.21,1,0.049601968,0
1,29,170.22,1,0.026080746,0
64,29,170.231,1,0.049607635,0
105,31,170.306,1,0.047864139,0
70,32,170.327,1,0.049733885,0
160,35,170.439,1,0.048274703,0
124,35,170.439,1,0.048948623,0
120,37,170.501,1,0.049468908,0
103,37,170.513,1,0.049774103,0
165,38,170.537,1,0.012593165,0
135,38,170.544,1,0.049486104,0
70,39,170.592,1,0.048773035,0
149,40,170.611,1,0.049544644,0
165,41,170.658,1,0.015844863,0
161,42,170.692,1,0.024077171,0
309,43,170.713,1,0.047947641,0
308,43,170.728,1,0.034628097,0
303,44,170.768,1,0.010788343,0
301,45,170.789,1,0.010833834,0
104,46,170.823,1,0.048664019,0
274,46,170.837,1,0.011222803,0
120,47,170.87,1,0.048207216,0
71,48,170.89,1,0.047817677,0
51,51,171.015,1,0.008999676,0
77,54,171.103,1,0.008578888,0
68,54,171.11,1,0.008740884,0
192,54,171.118,1,0.009401374,0
197,55,171.142,1,0.008821596,0
144,58,171.25,1,0.009192812,0
215,61,171.364,1,0.008624912,0
172,64,171.482,1,0.009166270,0
314,68,171.601,1,0.007316542,0
268,69,171.636,1,0.009505640,0
144,69,171.636,1,0.009275831,0
48,70,171.679,1,0.011998998,0
201,72,171.743,1,0.008653622,0
311,76,171.889,1,0.007741733,0
199,78,171.952,1,0.008753154,0
94,79,171.985,1,0.005181457,0
336,87,172.27,1,0.007025687,0
77,89,172.338,1,0.011578339,0
32,95,172.554,1,0.010233301,0
186,106,172.947,1,0.010181886,0
80,108,173.025,1,0.010620692,0
245,119,173.411,1,0.009171789,0
89,131,173.83,1,0.009691040,0
69,132,173.853,1,0.009376012,0
298,133,173.892,1,0.008607052,0
163,135,173.964,1,0.013514725,0
167,146,174.348,1,0.032572828,0
56,147,174.386,1,0.014520061,0
161,150,174.493,1,0.028430192,0
178,152,174.565,1,0.027756937,0
341,154,174.642,1,0.010733507,0
337,160,174.856,1,0.010769433,0
115,176,175.408,1,0.008904635,0
320,176,175.416,1,0.007664224,0
327,179,175.514,1,0.007761366,0
328,184,175.686,1,0.007521477,0
321,184,175.698,1,0.007229659,0
311,191,175.951,1,0.007839671,0
211,196,176.124,1,0.008598861,0
101,199,176.23,1,0.008509339,0
28,201,176.291,1,0.008463623,0
110,237,177.571,1,0.008182247,0
266,239,177.653,1,0.006195553,0
310,242,177.746,1,0.006378355,0
29,251,178.067,1,0.012653667,0
195,255,178.211,1,0.012168290,0
147,257,178.275,1,0.013885205,0
185,60,181.287,1,0.701277018,0
184,58,185.929,1,0.794359028,0
32,48,187.907,1,0.004604394,0
188,60,197.398,0,0.879996955,0
69,8,200.04,1,0.009651238,0
77,13,200.211,1,0.009570760,0
223,14,200.257,1,0.006747990,0
203,18,200.396,1,0.007461008,0
199,20,200.47,1,0.007965740,0
154,23,200.567,1,0.009978138,0
197,30,200.81,1,0.009360987,0
227,38,201.094,1,0.009118629,0
251,43,201.273,1,0.008216576,0
54,44,201.311,1,0.009742377,0
51,45,201.363,1,0.008977831,0
245,46,201.373,1,0.009120051,0
212,46,201.384,1,0.018681977,0
316,47,201.411,1,0.007479845,0
240,48,201.454,1,0.009504252,0
36,48,201.454,1,0.004366342,0
248,50,201.532,1,0.009612302,0
239,52,201.61,1,0.010741089,0
275,54,201.664,1,0.008911304,0
295,56,201.731,1,0.007613053,0
48,58,201.793,1,0.004938123,0
287,58,201.806,1,0.008463494,0
284,59,201.83,1,0.008798533,0
295,59,201.851,1,0.007752209,0
281,60,201.866,1,0.009334802,0
39,61,201.907,1,0.012630484,0
54,62,201.95,1,0.005568040,0
57,64,202.011,1,0.020968679,0
138,71,202.26,1,0.052112959,0
241,75,202.409,1,0.040630054,0
21,79,202.534,1,0.014975067,0
204,80,202.57,1,0.048787214,0
317,80,202.58,1,0.010670517,0
173,87,202.829,1,0.072390407,0
192,88,202.876,1,0.053392980,0
292,93,203.037,1,0.008556154,0
199,100,203.287,1,0.008583160,0
109,103,203.388,1,0.012274212,0
39,104,203.438,1,0.008756266,0
37,106,203.491,1,0.008372920,0
104,108,203.56,1,0.012279844,0
234,111,203.68,1,0.009563938,0
68,112,203.699,1,0.010007069,0
76,112,203.717,1,0.010743571,0
263,112,203.731,1,0.011147394,0
195,113,203.746,1,0.008815095,0
201,115,203.815,1,0.008704296,0
168,119,203.962,1,0.014463321,0
296,123,204.098,1,0.008876132,0
88,124,204.123,1,0.010019742,0
46,125,204.163,1,0.007759468,0
63,126,204.208,1,0.009294329,0
69,127,204.234,1,0.009242919,0
108,127,204.249,1,0.010780901,0
43,128,204.273,1,0.008662204,0
335,132,204.415,1,0.007515694,0
30,134,204.477,1,0.008725045,0
152,134,204.505,1,0.013488394,0
164,135,204.512,1,0.014054903,0
10,136,204.573,1,0.008651577,0
263,142,204.765,1,0.009631678,0
311,142,204.777,1,0.008109639,0
8,255,204.842,1,0.008085534,0
48,144,204.843,1,0.009060931,0
186,150,205.043,1,0.012394794,0
56,150,205.051,1,0.009418490,0
236,151,205.084,1,0.010507398,0
24,153,205.159,1,0.008501654,0
7,156,205.256,1,0.008716557,0
75,160,205.393,1,0.009281320,0
23,160,205.402,1,0.008536409,0
55,165,205.571,1,0.008721993,0
22,167,205.646,1,0.008366931,0
183,168,205.678,1,0.010406468,0
148,168,205.688,1,0.010048877,0
183,169,205.717,1,0.009034108,0
107,174,205.891,1,0.009242949,0
36,176,205.955,1,0.008989837,0
233,180,206.1,1,0.019707037,0
104,182,206.192,1,0.014626347,0
37,184,206.247,1,0.049410678,0
36,185,206.3,1,0.014497330,0
108,191,206.499,1,0.014523161,0
166,127,206.619,1,0.056185324,0
111,200,206.805,1,0.014389611,0
88,207,207.057,1,0.008902279,0
247,208,207.084,1,0.006466486,0
327,210,207.159,1,0.007241147,0
153,215,207.336,1,0.009101029,0
90,220,207.523,1,0.008543955,0
162,4,209.339,1,0.009839365,0
135,5,209.384,1,0.009120865,0
312,8,209.486,1,0.007430282,0
186,14,209.718,1,0.008081397,0
101,15,209.732,1,0.009903505,0
74,19,209.876,1,0.009874358,0
110,24,210.047,1,0.044608913,0
267,24,210.06,1,0.010710442,0
244,27,210.156,1,0.010546378,0
268,28,210.212,1,0.010790898,0
67,30,210.285,1,0.049684342,0
9,34,210.412,1,0.027782120,0
177,40,210.611,1,0.047982983,0
35,40,210.621,1,0.040938195,0
182,42,210.709,1,0.047791760,0
143,46,210.837,1,0.048832912,0
232,48,210.9,1,0.014605735,0
24,52,211.042,1,0.011975883,0
76,53,211.071,1,0.008928043,0
105,53,211.086,1,0.008581318,0
273,56,211.176,1,0.008434481,0
304,62,211.387,1,0.007624915,0
312,65,211.502,1,0.007501307,0
274,66,211.542,1,0.008905619,0
278,67,211.563,1,0.008597121,0
41,75,211.85,1,0.010560021,0
41,80,212.026,1,0.010077445,0
308,86,212.24,1,0.007903652,0
46,87,212.269,1,0.010181828,0
168,88,212.309,1,0.010044476,0
232,94,212.517,1,0.009599242,0
41,96,212.59,1,0.009799947,0
121,96,212.59,1,0.012130822,0
40,98,212.676,1,0.010434761,0
28,108,213.028,1,0.009912299,0
75,110,213.104,1,0.009994029,0
296,125,213.618,1,0.008838386,0
48,140,214.137,1,0.014425077,0
13,143,214.248,1,0.013809884,0
261,150,214.496,1,0.013148059,0
53,159,214.822,1,0.014356316,0
308,165,215.03,1,0.008086482,0
61,180,215.55,1,0.009034855,0
338,184,215.707,1,0.007513602,0
243,185,215.749,1,0.008978765,0
135,194,216.044,1,0.009376246,0
275,215,216.795,1,0.007452184,0
24,216,216.816,1,0.009355744,0
209,221,217.006,1,0.007250072,0
180,224,217.125,1,0.009812744,0
152,225,217.14,1,0.009010949,0
150,230,217.322,1,0.010056075,0
39,236,217.534,1,0.007605031,0
37,238,217.619,1,0.007943148,0
140,244,217.817,1,0.010240871,0
257,244,217.832,1,0.006000600,0
189,60,218.506,0,0.551126122,0
190,59,235.552,0,0.339228451,0
5,24,240.623,1,0.008456943,0
104,48,241.449,1,0.008985564,0
110,49,241.49,1,0.009088408,0
191,56,241.732,1,0.090562835,0
185,60,241.865,1,0.924010992,1
109,64,242.02,1,0.048808817,0
185,70,242.217,1,0.052146260,0
204,75,242.404,1,0.017426582,0
171,76,242.455,1,0.059984222,0
201,78,242.514,1,0.015770152,0
206,78,242.529,1,0.048827462,0
45,79,242.553,1,0.017005999,0
300,80,242.591,1,0.011514025,0
225,85,242.754,1,0.047934353,0
68,87,242.822,1,0.018622164,0
331,88,242.851,1,0.010399301,0
299,88,242.86,1,0.011747922,0
338,91,242.962,1,0.010239605,0
297,92,243.002,1,0.008371870,0
238,92,243.012,1,0.008465772,0
284,92,243.023,1,0.009399722,0
237,93,243.031,1,0.009066949,0
334,95,243.11,1,0.007142494,0
111,96,243.153,1,0.013969851,0
173,101,243.32,1,0.004513750,0
312,104,243.419,1,0.008209049,0
232,104,243.427,1,0.009373209,0
120,107,243.528,1,0.013169570,0
110,114,243.776,1,0.012025370,0
37,116,243.866,1,0.009279106,0
311,120,243.997,1,0.008227875,0
313,126,244.198,1,0.017854817,0
314,126,244.206,1,0.015662260,0
308,126,244.217,1,0.008059127,0
189,128,244.27,1,0.006130313,0
187,128,244.277,1,0.006412769,0
189,133,244.452,1,0.005021519,0
259,148,244.974,1,0.009367676,0
174,152,245.13,1,0.012571168,0
172,156,245.269,1,0.012080480,0
174,159,245.357,1,0.011527085,0
200,159,245.358,1,0.004188111,0
311,160,245.401,1,0.008190908,0
196,160,245.407,1,0.008512220,0
145,161,245.428,1,0.009829717,0
196,163,245.507,1,0.005766282,0
143,166,245.631,1,0.010443224,0
127,167,245.642,1,0.009195687,0
256,168,245.695,1,0.008763707,0
174,169,245.731,1,0.008208692,0
223,171,245.794,1,0.008284505,0
171,172,245.826,1,0.009670390,0
255,173,245.866,1,0.008791927,0
204,174,245.886,1,0.009043339,0
243,175,245.942,1,0.009954767,0
70,176,245.967,1,0.009059232,0
184,183,246.206,1,0.014518957,0
120,184,246.259,1,0.014724456,0
213,189,246.42,1,0.012042183,0
258,192,246.55,1,0.011846767,0
161,194,246.606,1,0.015401346,0
335,196,246.662,1,0.010566918,0
264,198,246.741,1,0.011376716,0
113,215,247.342,1,0.009031761,0
148,216,247.37,1,0.009258088,0
115,222,247.587,1,0.008408055,0
138,229,247.848,1,0.009211642,0
277,239,248.193,1,0.007432790,0
274,240,248.216,1,0.006606231,0
313,240,248.235,1,0.006624157,0
271,243,248.332,1,0.005729120,0
190,243,248.348,1,0.009616199,0
265,245,248.4,1,0.005884356,0
262,254,248.724,1,0.005701653,0
237,4,249.338,1,0.007576054,0
154,4,249.368,1,0.011755264,0
184,6,249.421,1,0.007792997,0
177,8,249.481,1,0.009416138,0
277,8,249.49,1,0.008151174,0
260,9,249.515,1,0.006983129,0
141,12,249.623,1,0.009787051,0
202,12,249.651,1,0.007101235,0
176,13,249.657,1,0.009343409,0
182,14,249.698,1,0.009072459,0
111,16,249.773,1,0.009711847,0
254,18,249.838,1,0.007216918,0
149,24,250.046,1,0.044694621,0
88,24,250.068,1,0.024288030,0
96,25,250.08,1,0.044785492,0
99,26,250.123,1,0.045018524,0
91,28,250.189,1,0.086326785,0
88,28,250.199,1,0.033859957,0
13,30,250.268,1,0.037500631,0
23,31,250.294,1,0.041723859,0
219,34,250.397,1,0.011407256,0
74,36,250.468,1,0.048939776,0
232,37,250.501,1,0.011494981,0
159,42,250.685,1,0.049725063,0
338,43,250.719,1,0.010254940,0
217,44,250.751,1,0.017335176,0
36,44,250.76,1,0.037041903,0
55,45,250.792,1,0.045255832,0
47,46,250.824,1,0.041083064,0
242,46,250.831,1,0.012374124,0
0,47,250.867,1,0.014375984,0
24,52,251.03,1,0.012476256,0
227,55,251.14,1,0.010801184,0
170,57,251.212,1,0.009830000,0
186,59,251.277,1,0.929829657,1
186,61,251.378,1,0.904322803,1
306,72,251.744,1,0.007624179,0
301,74,251.815,1,0.008002006,0
191,76,251.882,1,0.009022393,0
310,79,251.984,1,0.007485727,0
304,79,251.99,1,0.007892892,0
119,79,252.0,1,0.009500447,0
61,80,252.02,1,0.011553351,0
344,87,252.281,1,0.006807906,0
213,88,252.309,1,0.008617353,0
325,89,252.343,1,0.007265405,0
200,94,252.519,1,0.008933043,0
195,94,252.541,1,0.008747566,0
177,95,252.553,1,0.009968707,0
312,103,252.833,1,0.008164125,0
42,110,253.08,1,0.009935359,0
216,111,253.129,1,0.009381948,0
96,112,253.149,1,0.005777791,0
108,112,253.167,1,0.012385401,0
97,113,253.19,1,0.006400109,0
126,120,253.436,1,0.013070262,0
97,127,253.677,1,0.006582328,0
167,127,253.694,1,0.016600113,0
96,128,253.726,1,0.008274747,0
334,131,253.821,1,0.007607630,0
330,132,253.867,1,0.007841682,0
233,133,253.891,1,0.009159088,0
7,143,254.244,1,0.013754722,0
130,144,254.294,1,0.019093139,0
45,152,254.559,1,0.014316297,0
229,162,254.92,1,0.024723016,0
56,168,255.127,1,0.006923832,0
56,172,255.269,1,0.006923970,0
113,176,255.407,1,0.008922681,0
189,59,255.444,0,0.894128203,0
105,182,255.647,1,0.008756129,0
22,197,256.147,1,0.008437812,0
0,205,256.45,1,0.008320656,0
5,206,256.481,1,0.008152696,0
291,216,256.829,1,0.007111506,0
308,222,257.032,1,0.006906772,0
247,223,257.065,1,0.005665179,0
313,224,257.121,1,0.007104335,0
322,226,257.18,1,0.006918136,0
326,231,257.361,1,0.006755661,0
188,60,257.571,1,0.970509112,1
14,242,257.744,1,0.008302914,0
265,251,258.061,1,0.008177863,0
187,59,271.562,1,0.894568264,0
191,59,272.379,0,0.790701866,0
187,60,279.467,1,0.790691078,0
74,2,279.837,1,0.009484795,0
205,3,279.864,1,0.007012307,0
80,4,279.899,1,0.009432761,0
71,6,279.97,1,0.009489033,0
87,7,280.004,1,0.009621232,0
202,15,280.283,1,0.007506005,0
146,16,280.339,1,0.009767102,0
178,23,280.575,1,0.011199148,0
231,24,280.597,1,0.007090165,0
204,27,280.726,1,0.008292958,0
205,30,280.812,1,0.008407346,0
260,38,281.096,1,0.007922249,0
259,53,281.626,1,0.009121145,0
229,64,282.015,1,0.043557853,0
248,66,282.097,1,0.022761265,0
239,70,282.24,1,0.037205219,0
170,71,282.28,1,0.057455413,0
159,76,282.444,1,0.059053611,0
163,77,282.473,1,0.060551591,0
113,80,282.59,1,0.047769979,0
24,87,282.826,1,0.015066464,0
116,87,282.844,1,0.041635413,0
320,92,283.003,1,0.007726039,0
152,93,283.044,1,0.004880682,0
32,94,283.076,1,0.010172496,0
228,95,283.104,1,0.009585734,0
234,108,283.565,1,0.009338542,0
73,115,283.808,1,0.009690293,0
168,115,283.819,1,0.008416646,0
64,118,283.919,1,0.009795658,0
222,120,283.986,1,0.009375188,0
96,120,283.993,1,0.010304998,0
104,127,284.234,1,0.010546771,0
18,133,284.462,1,0.008660858,0
287,136,284.552,1,0.009491858,0
13,136,284.574,1,0.008602711,0
288,143,284.817,1,0.009561314,0
276,151,285.087,1,0.009029828,0
44,152,285.116,1,0.009621695,0
124,152,285.137,1,0.010190645,0
71,160,285.393,1,0.009877319,0
1,163,285.497,1,0.008411430,0
70,166,285.606,1,0.009257860,0
7,168,285.679,1,0.009134442,0
251,170,285.752,1,0.009977996,0
0,174,285.893,1,0.008588525,0
326,181,286.142,1,0.010784638,0
245,191,286.498,1,0.012067484,0
23,192,286.527,1,0.013431142,0
145,192,286.536,1,0.014911273,0
336,197,286.701,1,0.010549299,0
52,213,287.262,1,0.010074420,0
53,213,287.276,1,0.006992930,0
140,214,287.318,1,0.008979987,0
239,215,287.339,1,0.008147489,0
16,221,287.564,1,0.008677056,0
181,232,287.941,1,0.009004310,0
304,247,288.469,1,0.006687809,0
56,2,289.279,1,0.008737608,0
56,4,289.35,1,0.008395822,0
219,5,289.38,1,0.006514434,0
62,6,289.413,1,0.009939070,0
287,12,289.62,1,0.008030375,0
216,12,289.628,1,0.006543209,0
219,14,289.695,1,0.006945190,0
247,16,289.771,1,0.007448150,0
240,18,289.842,1,0.007575686,0
239,21,289.937,1,0.007053535,0
90,21,289.946,1,0.009912607,0
107,22,290.003,1,0.044601262,0
92,24,290.044,1,0.044709403,0
233,25,290.095,1,0.010357647,0
142,31,290.315,1,0.047339238,0
274,32,290.333,1,0.011000070,0
127,41,290.646,1,0.049049564,0
32,42,290.68,1,0.013042526,0
302,45,290.787,1,0.011213145,0
306,45,290.813,1,0.010428850,0
32,46,290.821,1,0.022818452,0
212,48,290.911,1,0.030614410,0
216,49,290.93,1,0.027280588,0
314,50,290.964,1,0.010644297,0
197,51,290.997,1,0.049457874,0
24,52,291.031,1,0.016028387,0
22,53,291.084,1,0.012695509,0
18,55,291.148,1,0.011835490,0
175,56,291.201,1,0.008992204,0
80,60,291.317,1,0.008929021,0
60,62,291.386,1,0.005833318,0
187,63,291.422,1,0.614618659,0
55,63,291.43,1,0.006235738,0
56,66,291.556,1,0.009196934,0
190,59,291.595,0,0.889994860,0
102,69,291.644,1,0.009004981,0
32,48,291.712,1,0.004175557,0
208,91,292.422,1,0.009203194,0
323,93,292.477,1,0.007518394,0
304,132,293.858,1,0.008448646,0
104,135,293.966,1,0.009758744,0
165,143,294.26,1,0.035790060,0
213,154,294.636,1,0.019852499,0
23,156,294.702,1,0.013935162,0
262,156,294.727,1,0.012381056,0
76,195,296.075,1,0.009894429,0
185,198,296.196,1,0.009339124,0
2,201,296.296,1,0.008925461,0
159,216,296.836,1,0.009036371,0
323,231,297.349,1,0.007270779,0
16,236,297.53,1,0.008951460,0
182,248,297.947,1,0.009832558,0
108,248,297.957,1,0.009422954,0
110,255,298.203,1,0.013548925,0
188,60,301.731,1,0.948508024,1
187,59,303.451,1,0.923676670,1
191,59,305.456,0,0.866310894,0
189,60,317.192,1,0.978522003,1
73,7,320.014,1,0.009611508,0
5,22,320.533,1,0.008447344,0
192,60,320.542,0,0.936889648,1
49,30,320.813,1,0.008678204,0
34,36,321.029,1,0.008988868,0
49,43,321.265,1,0.008860761,0
167,44,321.329,1,0.008830132,0
256,46,321.375,1,0.008248555,0
298,46,321.403,1,0.007556726,0
237,47,321.414,1,0.009594153,0
66,55,321.693,1,0.008895268,0
189,59,321.851,1,0.886129916,0
4,62,321.94,1,0.010130771,0
61,70,322.241,1,0.021032428,0
341,71,322.275,1,0.010178349,0
328,76,322.44,1,0.010374887,0
48,79,322.542,1,0.017351696,0
118,84,322.724,1,0.058903795,0
95,88,322.863,1,0.031852394,0
160,90,322.943,1,0.064121649,0
161,91,322.969,1,0.101357147,0
76,50,322.981,1,0.047888137,0
66,92,322.993,1,0.017759517,0
308,100,323.28,1,0.008075215,0
282,101,323.324,1,0.009805006,0
26,101,323.335,1,0.009621613,0
205,103,323.387,1,0.008731774,0
150,104,323.438,1,0.011475729,0
46,114,323.797,1,0.009458865,0
233,118,323.934,1,0.009195713,0
140,119,323.949,1,0.013469649,0
68,119,323.969,1,0.009578031,0
115,120,323.987,1,0.011572169,0
224,122,324.064,1,0.009594013,0
259,123,324.096,1,0.008154131,0
112,126,324.223,1,0.010955360,0
166,127,324.226,1,0.017319497,0
255,127,324.24,1,0.009503637,0
127,127,324.253,1,0.011742153,0
327,131,324.394,1,0.007814017,0
322,133,324.446,1,0.007270989,0
320,135,324.509,1,0.007131057,0
311,135,324.528,1,0.007753405,0
87,136,324.551,1,0.009487237,0
329,136,324.574,1,0.007522893,0
200,139,324.66,1,0.006801276,0
12,142,324.779,1,0.008745042,0
9,144,324.839,1,0.008404358,0
159,146,324.92,1,0.012550378,0
327,151,325.079,1,0.007795611,0
152,152,325.115,1,0.011138850,0
325,152,325.131,1,0.008372670,0
253,157,325.302,1,0.009537654,0
315,158,325.322,1,0.008112007,0
183,163,325.517,1,0.011417170,0
40,164,325.533,1,0.009117780,0
120,168,325.68,1,0.010196939,0
323,175,325.929,1,0.007950286,0
13,183,326.227,1,0.013399391,0
327,184,326.248,1,0.010744185,0
86,196,326.684,1,0.014163368,0
150,199,326.767,1,0.014862652,0
71,215,327.331,1,0.009874693,0
262,230,327.889,1,0.006576671,0
6,236,328.104,1,0.008910435,0
136,246,328.426,1,0.009750486,0
113,246,328.434,1,0.008679559,0
214,251,328.622,1,0.008412962,0
45,5,329.382,1,0.009435487,0
253,6,329.412,1,0.007830175,0
17,6,329.421,1,0.009468507,0
156,7,329.444,1,0.012181795,0
271,11,329.593,1,0.009982326,0
273,13,329.659,1,0.007231275,0
209,13,329.681,1,0.007382510,0
298,14,329.692,1,0.007518160,0
171,14,329.697,1,0.010607913,0
255,16,329.762,1,0.007953017,0
112,16,329.781,1,0.010014659,0
77,18,329.838,1,0.008155334,0
147,19,329.876,1,0.009352161,0
77,20,329.911,1,0.008043042,0
248,21,329.955,1,0.007334778,0
6,22,329.974,1,0.008871288,0
204,24,330.052,1,0.010931862,0
78,24,330.071,1,0.047189411,0
168,28,330.185,1,0.044732679,0
135,30,330.256,1,0.046889998,0
28,32,330.328,1,0.043756343,0
223,32,330.34,1,0.010930697,0
264,38,330.55,1,0.011068689,0
312,45,330.796,1,0.010651451,0
27,52,331.041,1,0.007882101,0
178,55,331.149,1,0.010245087,0
67,64,331.456,1,0.006533756,0
65,64,331.464,1,0.009415378,0
72,66,331.531,1,0.003812534,0
304,67,331.567,1,0.007531036,0
302,72,331.752,1,0.008022984,0
280,76,331.881,1,0.009065410,0
303,76,331.889,1,0.008111446,0
264,80,332.032,1,0.009930022,0
267,85,332.199,1,0.009046236,0
55,92,332.47,1,0.009966415,0
61,94,332.517,1,0.010177639,0
49,95,332.557,1,0.009803872,0
20,97,332.622,1,0.009828189,0
250,104,332.887,1,0.009044321,0
86,114,333.222,1,0.010440626,0
140,116,333.295,1,0.012220749,0
138,118,333.363,1,0.009725968,0
69,132,333.87,1,0.009550747,0
241,144,334.289,1,0.020162184,0
217,151,334.532,1,0.037900839,0
223,167,335.102,1,0.007967692,0
151,173,335.305,1,0.009772550,0
56,174,335.337,1,0.008772339,0
153,190,335.906,1,0.009063603,0
167,195,336.08,1,0.009201002,0
8,197,336.167,1,0.008349293,0
139,200,336.254,1,0.008872588,0
142,206,336.481,1,0.008892898,0
191,217,336.862,1,0.008360012,0
188,219,336.932,1,0.008982266,0
271,242,337.758,1,0.006669108,0
164,246,337.876,1,0.008715129,0
113,248,337.967,1,0.008501534,0
114,254,338.168,1,0.013591232,0
133,10,360.119,1,0.009758283,0
88,14,360.255,1,0.009501214,0
336,23,360.573,1,0.007644525,0
333,24,360.62,1,0.007827385,0
257,29,360.803,1,0.007524516,0
201,32,360.893,1,0.008984804,0
177,36,361.029,1,0.058212232,0
199,38,361.098,1,0.017618315,0
195,40,361.164,1,0.020661764,0
234,41,361.203,1,0.008392643,0
27,43,361.276,1,0.006152283,0
32,48,361.312,1,0.004231469,0
237,48,361.448,1,0.010473004,0
149,48,361.457,1,0.009354966,0
256,52,361.593,1,0.008872513,0
169,53,361.632,1,0.049285565,0
150,55,361.708,1,0.009634489,0
30,56,361.736,1,0.011285887,0
196,62,361.941,1,0.009864973,0
190,62,361.95,1,0.019794062,0
123,63,361.976,1,0.009162832,0
184,63,361.988,1,0.011822982,0
124,67,362.129,1,0.050439313,0
191,68,362.167,1,0.049404964,0
167,69,362.199,1,0.056924064,0
162,71,362.275,1,0.056921493,0
226,75,362.4,1,0.046977244,0
228,78,362.509,1,0.045441911,0
168,80,362.569,1,0.062846251,0
288,80,362.598,1,0.014578563,0
63,81,362.619,1,0.018725201,0
288,82,362.669,1,0.015803440,0
31,84,362.725,1,0.015474047,0
61,85,362.773,1,0.017932555,0
199,86,362.788,1,0.049309708,0
13,87,362.832,1,0.014613493,0
16,88,362.856,1,0.014756783,0
233,93,363.043,1,0.009522117,0
130,94,363.092,1,0.006108854,0
101,95,363.13,1,0.013120728,0
296,96,363.141,1,0.009262591,0
300,96,363.159,1,0.007237539,0
224,98,363.211,1,0.009378975,0
99,99,363.25,1,0.013387172,0
103,101,363.317,1,0.012341638,0
98,102,363.362,1,0.013010071,0
302,103,363.383,1,0.008304543,0
80,107,363.537,1,0.010615492,0
43,107,363.55,1,0.009653608,0
198,108,363.559,1,0.008979744,0
168,108,363.577,1,0.005993471,0
110,109,363.615,1,0.012573191,0
16,110,363.65,1,0.009167764,0
51,111,363.687,1,0.009634043,0
318,112,363.71,1,0.007814469,0
22,112,363.72,1,0.009111032,0
338,118,363.918,1,0.007271236,0
30,121,364.031,1,0.009061496,0
45,122,364.067,1,0.009101519,0
159,127,364.242,1,0.014074958,0
258,142,364.762,1,0.009858217,0
176,143,364.799,1,0.013759193,0
64,144,364.843,1,0.009307344,0
18,146,364.911,1,0.008520640,0
20,151,365.076,1,0.008430268,0
111,151,365.106,1,0.009498104,0
16,157,365.289,1,0.008376313,0
231,162,365.473,1,0.012430555,0
227,167,365.643,1,0.008110579,0
184,176,365.961,1,0.010283952,0
125,176,365.982,1,0.009094581,0
39,180,366.105,1,0.013875603,0
130,181,366.145,1,0.014844216,0
36,182,366.175,1,0.013796299,0
47,183,366.206,1,0.013966863,0
195,184,366.261,1,0.012749845,0
184,187,366.344,1,0.014068250,0
88,191,366.489,1,0.014273827,0
119,191,366.497,1,0.014568642,0
24,198,366.74,1,0.013368047,0
79,198,366.758,1,0.014049062,0
28,199,366.774,1,0.013419413,0
323,201,366.855,1,0.010601819,0
77,208,367.093,1,0.008285786,0
48,210,367.188,1,0.008498432,0
42,214,367.315,1,0.008369516,0
254,217,367.413,1,0.006751819,0
101,219,367.493,1,0.008561548,0
115,229,367.856,1,0.009301024,0
157,245,368.421,1,0.008315019,0
127,258,368.857,1,0.008206956,0
178,4,369.348,1,0.008205799,0
165,5,369.385,1,0.010329454,0
295,6,369.41,1,0.007548220,0
235,6,369.417,1,0.006717085,0
288,8,369.483,1,0.007440868,0
295,12,369.621,1,0.007735340,0
62,12,369.627,1,0.009523250,0
140,14,369.703,1,0.009710641,0
217,16,369.763,1,0.007115258,0
220,17,369.802,1,0.007011779,0
111,18,369.833,1,0.009398444,0
224,20,369.902,1,0.007040332,0
16,20,369.911,1,0.009011426,0
220,21,369.941,1,0.009107886,0
66,21,369.952,1,0.009590982,0
124,22,369.974,1,0.009711833,0
71,22,369.978,1,0.009277764,0
219,22,369.983,1,0.007908993,0
217,22,369.991,1,0.006905267,0
334,22,370.002,1,0.010275816,0
153,23,370.011,1,0.044680037,0
171,23,370.031,1,0.036623165,0
189,28,370.185,1,0.016180608,0
184,28,370.192,1,0.020996774,0
5,28,370.199,1,0.035377488,0
48,30,370.257,1,0.049244534,0
213,31,370.314,1,0.011267534,0
2,32,370.328,1,0.027735585,0
27,36,370.472,1,0.040469427,0
207,38,370.54,1,0.015252059,0
234,38,370.547,1,0.011586920,0
3,39,370.573,1,0.017336864,0
106,40,370.614,1,0.049189948,0
144,42,370.683,1,0.049835179,0
266,47,370.872,1,0.011399950,0
24,52,371.042,1,0.012832294,0
123,53,371.076,1,0.008687218,0
133,54,371.103,1,0.008506508,0
25,55,371.164,1,0.012458621,0
320,56,371.181,1,0.007362950,0
220,58,371.248,1,0.010230857,0
221,62,371.39,1,0.009433803,0
149,69,371.634,1,0.009364791,0
229,71,371.708,1,0.007721113,0
229,72,371.744,1,0.010300325,0
193,58,371.753,0,0.618690014,0
174,79,371.994,1,0.010008018,0
179,88,372.305,1,0.009846867,0
87,94,372.515,1,0.011926806,0
207,110,373.095,1,0.008826493,0
307,116,373.308,1,0.008247713,0
139,119,373.398,1,0.013016582,0
100,128,373.722,1,0.010483703,0
204,80,374.007,1,0.048787639,0
272,139,374.111,1,0.014229494,0
307,139,374.128,1,0.011857159,0
255,142,374.217,1,0.017624276,0
285,143,374.244,1,0.013166075,0
175,148,374.418,1,0.031485591,0
289,152,374.562,1,0.012281920,0
166,154,374.638,1,0.026828246,0
269,157,374.747,1,0.012175136,0
225,216,376.818,1,0.004425312,0
12,224,377.125,1,0.009039057,0
9,230,377.309,1,0.008522171,0
189,58,378.397,1,0.048364539,0
191,59,385.596,1,0.878571630,0
80,23,400.564,1,0.009714447,0
176,28,400.75,1,0.009143868,0
123,30,400.815,1,0.009122908,0
184,30,400.823,1,0.011707908,0
151,32,400.892,1,0.009088486,0
152,37,401.061,1,0.009381851,0
200,56,401.723,1,0.009347315,0
149,56,401.732,1,0.009117328,0
277,62,401.949,1,0.008543923,0
106,70,402.223,1,0.045652188,0
284,72,402.303,1,0.012088466,0
24,79,402.554,1,0.015216971,0
134,82,402.647,1,0.052532215,0
220,85,402.765,1,0.049620088,0
125,87,402.84,1,0.059006490,0
14,93,403.032,1,0.009654214,0
0,94,403.064,1,0.009243081,0
130,95,403.127,1,0.006409601,0
136,104,403.421,1,0.016985636,0
215,104,403.441,1,0.009243365,0
212,105,403.48,1,0.009031633,0
216,106,403.491,1,0.009109569,0
221,109,403.607,1,0.009224854,0
280,111,403.685,1,0.009934003,0
64,120,404.009,1,0.009864353,0
232,124,404.145,1,0.009558830,0
328,128,404.272,1,0.007745947,0
260,130,404.348,1,0.009858510,0
143,133,404.455,1,0.012508969,0
261,134,404.483,1,0.009955665,0
257,135,404.528,1,0.009561919,0
228,137,404.584,1,0.009480544,0
88,140,404.705,1,0.009823917,0
131,141,404.736,1,0.010251035,0
300,143,404.796,1,0.008764026,0
227,144,404.834,1,0.008833696,0
318,144,404.849,1,0.007607057,0
270,145,404.873,1,0.010450638,0
9,146,404.921,1,0.008402888,0
270,147,404.943,1,0.007829149,0
135,148,404.969,1,0.009958383,0
128,150,405.038,1,0.010120638,0
16,150,405.061,1,0.008866836,0
318,152,405.125,1,0.007591317,0
315,159,405.362,1,0.008075158,0
234,160,405.401,1,0.009925541,0
14,163,405.502,1,0.008307490,0
5,166,405.616,1,0.008581744,0
80,185,406.281,1,0.014307708,0
88,187,406.354,1,0.011937509,0
86,188,406.391,1,0.014310815,0
84,191,406.497,1,0.012636944,0
280,199,406.773,1,0.010723470,0
138,200,406.813,1,0.011793876,0
142,204,406.961,1,0.011263454,0
194,59,407.025,0,0.294357657,0
300,206,407.032,1,0.007437847,0
205,225,407.691,1,0.007894034,0
118,232,407.934,1,0.009171668,0
259,238,408.155,1,0.005827450,0
192,60,408.23,1,0.879234374,0
284,242,408.296,1,0.006644108,0
171,4,409.348,1,0.010237779,0
182,5,409.376,1,0.008239849,0
253,5,409.386,1,0.007529330,0
86,8,409.485,1,0.007264211,0
86,12,409.624,1,0.006689200,0
17,13,409.659,1,0.009011810,0
30,13,409.669,1,0.008818604,0
127,14,409.703,1,0.010904849,0
258,15,409.727,1,0.007110452,0
126,15,409.737,1,0.007989404,0
139,16,409.767,1,0.009770806,0
26,16,409.773,1,0.005689402,0
26,17,409.805,1,0.006595992,0
103,20,409.908,1,0.009788039,0
295,22,409.974,1,0.008491146,0
232,22,409.98,1,0.006973299,0
143,22,409.987,1,0.009808149,0
145,24,410.044,1,0.044693571,0
103,24,410.053,1,0.044591654,0
162,30,410.261,1,0.046148185,0
323,32,410.332,1,0.010476834,0
173,34,410.399,1,0.044760488,0
280,35,410.433,1,0.011051274,0
207,39,410.584,1,0.017633028,0
328,40,410.61,1,0.010408485,0
143,44,410.751,1,0.049068261,0
94,50,410.965,1,0.047957256,0
56,54,411.104,1,0.009289672,0
104,54,411.124,1,0.009129980,0
277,55,411.158,1,0.008259465,0
287,56,411.183,1,0.008125708,0
132,64,411.458,1,0.009352982,0
248,70,411.68,1,0.009624595,0
128,72,411.742,1,0.009452232,0
254,77,411.919,1,0.009724412,0
274,79,411.986,1,0.009955336,0
71,79,412.005,1,0.012236197,0
250,90,412.37,1,0.009139998,0
152,92,412.442,1,0.006429485,0
272,94,412.523,1,0.010053726,0
258,96,412.604,1,0.009283235,0
40,100,412.745,1,0.010436405,0
40,115,413.26,1,0.009278089,0
105,127,413.687,1,0.010214164,0
87,135,413.985,1,0.009692912,0
303,136,414.009,1,0.012050292,0
147,142,414.235,1,0.027389379,0
214,151,414.542,1,0.036114994,0
202,157,414.752,1,0.015384514,0
26,158,414.777,1,0.013965872,0
274,168,415.153,1,0.008369674,0
95,181,415.584,1,0.009454403,0
89,184,415.678,1,0.008694016,0
111,183,415.679,1,0.009959492,0
236,185,415.75,1,0.009059955,0
62,197,416.156,1,0.008996080,0
24,206,416.474,1,0.009105863,0
66,239,417.648,1,0.008011186,0
192,59,428.105,1,0.943751097,1
104,33,438.9,1,0.049018081,0
219,16,440.33,1,0.006742389,0
128,26,440.68,1,0.009636887,0
171,30,440.817,1,0.009698231,0
46,30,440.827,1,0.009001595,0
153,32,440.889,1,0.009077310,0
258,32,440.899,1,0.007745507,0
141,39,441.13,1,0.009000268,0
32,53,441.624,1,0.006384536,0
288,54,441.679,1,0.008003373,0
223,60,441.875,1,0.011965043,0
319,64,442.027,1,0.010564013,0
229,69,442.195,1,0.044725202,0
238,71,442.268,1,0.039731544,0
296,72,442.306,1,0.051764671,0
295,73,442.329,1,0.017360251,0
299,76,442.448,1,0.011425343,0
142,80,442.576,1,0.055342168,0
130,84,442.713,1,0.055950981,0
143,85,442.746,1,0.056888036,0
136,85,442.76,1,0.043298937,0
172,86,442.787,1,0.072379395,0
131,87,442.829,1,0.065912031,0
133,88,442.858,1,0.025692666,0
133,90,442.93,1,0.084507681,0
273,92,443.001,1,0.009918126,0
181,93,443.032,1,0.010209252,0
120,93,443.045,1,0.008900903,0
219,94,443.068,1,0.009072777,0
118,95,443.108,1,0.011373691,0
254,96,443.143,1,0.009216895,0
341,96,443.151,1,0.007015213,0
135,101,443.321,1,0.013487632,0
320,102,443.356,1,0.008658610,0
216,102,443.365,1,0.009172799,0
317,103,443.392,1,0.008071973,0
254,104,443.422,1,0.009204406,0
10,104,443.43,1,0.009135141,0
228,108,443.566,1,0.009430854,0
82,111,443.69,1,0.010303685,0
26,112,443.706,1,0.009171225,0
247,112,443.714,1,0.008922681,0
113,114,443.793,1,0.012592429,0
261,118,443.912,1,0.012679406,0
339,123,444.092,1,0.007478053,0
337,127,444.233,1,0.007615845,0
121,133,444.46,1,0.010402874,0
174,144,444.832,1,0.013334160,0
262,147,444.948,1,0.009840880,0
94,158,445.321,1,0.009494019,0
315,158,445.328,1,0.008156862,0
338,160,445.424,1,0.007407680,0
125,162,445.475,1,0.009567095,0
143,164,445.54,1,0.009875034,0
191,59,445.763,1,0.913172007,1
285,174,445.896,1,0.008176827,0
83,191,446.493,1,0.014230423,0
196,200,446.815,1,0.011616793,0
40,212,447.239,1,0.008376575,0
248,215,447.343,1,0.006239429,0
188,216,447.368,1,0.009144023,0
165,216,447.375,1,0.008845231,0
128,221,447.554,1,0.009049413,0
131,222,447.588,1,0.008599011,0
102,229,447.843,1,0.008552041,0
90,232,447.961,1,0.008467133,0
272,238,448.153,1,0.006948357,0
177,3,449.305,1,0.008659908,0
55,7,449.45,1,0.009693502,0
61,8,449.497,1,0.009763519,0
157,19,449.868,1,0.009753314,0
156,21,449.942,1,0.011793153,0
255,22,449.977,1,0.007446554,0
135,29,450.228,1,0.046353936,0
311,30,450.256,1,0.010575037,0
133,30,450.264,1,0.046771985,0
33,32,450.345,1,0.047364593,0
189,35,450.451,1,0.028498959,0
79,37,450.506,1,0.048913635,0
122,38,450.564,1,0.049699266,0
95,43,450.717,1,0.048876006,0
231,45,450.813,1,0.013524900,0
40,54,451.107,1,0.005027860,0
82,55,451.153,1,0.005569788,0
83,56,451.18,1,0.007950327,0
188,60,451.321,1,0.479082286,0
275,64,451.457,1,0.008595349,0
48,66,451.529,1,0.012976767,0
75,69,451.63,1,0.004125743,0
61,78,451.954,1,0.011612348,0
269,81,452.071,1,0.009109348,0
234,83,452.123,1,0.009672358,0
63,86,452.236,1,0.011021556,0
255,91,452.418,1,0.008821810,0
272,107,453.002,1,0.010159831,0
80,110,453.084,1,0.010583962,0
253,110,453.084,1,0.009172768,0
254,113,453.198,1,0.009515548,0
22,119,453.396,1,0.008802605,0
267,119,453.403,1,0.009948420,0
131,119,453.412,1,0.012449565,0
33,120,453.439,1,0.009284095,0
240,125,453.612,1,0.009436824,0
246,125,453.632,1,0.009310184,0
61,136,454.01,1,0.014763779,0
204,80,454.11,1,0.048787836,0
57,142,454.206,1,0.014599287,0
336,142,454.212,1,0.010744018,0
63,142,454.233,1,0.014735257,0
129,144,454.282,1,0.019228045,0
286,148,454.428,1,0.012728171,0
137,156,454.708,1,0.017267609,0
131,160,454.869,1,0.015434193,0
271,164,454.989,1,0.011915662,0
324,188,455.85,1,0.007580670,0
242,198,456.211,1,0.007183877,0
62,214,456.757,1,0.009162988,0
192,59,457.474,1,0.991211116,1
160,237,457.576,1,0.009079381,0
265,238,457.606,1,0.007012301,0
215,247,457.924,1,0.007281666,0
196,58,461.328,0,0.485314518,0
193,59,461.539,1,0.946954966,1
196,59,469.253,0,0.783686280,0
193,60,476.803,1,0.951030493,1
219,8,480.044,1,0.006610068,0
343,10,480.13,1,0.007109473,0
88,12,480.191,1,0.009612098,0
195,14,480.259,1,0.007974871,0
197,15,480.289,1,0.007204094,0
152,19,480.433,1,0.010105272,0
158,24,480.608,1,0.009413594,0
248,29,480.777,1,0.007734755,0
119,48,481.463,1,0.008706913,0
119,50,481.526,1,0.008297462,0
315,55,481.694,1,0.007860733,0
193,59,481.829,1,0.926013172,1
139,64,482.013,1,0.050576072,0
104,66,482.084,1,0.048683703,0
118,70,482.219,1,0.050341684,0
65,72,482.293,1,0.021486085,0
146,72,482.315,1,0.054282617,0
215,77,482.481,1,0.049111146,0
240,78,482.523,1,0.044631243,0
248,80,482.582,1,0.036454912,0
39,80,482.596,1,0.016451517,0
34,85,482.751,1,0.015637526,0
122,86,482.809,1,0.058938023,0
0,103,483.4,1,0.009305941,0
284,107,483.53,1,0.009870326,0
92,114,483.775,1,0.010684732,0
110,118,483.919,1,0.011671824,0
135,120,483.992,1,0.012755661,0
14,128,484.292,1,0.008809676,0
183,134,484.487,1,0.007996202,0
335,136,484.553,1,0.006151222,0
335,137,484.586,1,0.007932641,0
168,138,484.644,1,0.014570921,0
227,141,484.732,1,0.008823415,0
153,142,484.773,1,0.012784464,0
273,144,484.833,1,0.009707665,0
187,151,485.081,1,0.012215074,0
184,152,485.118,1,0.012739849,0
310,157,485.306,1,0.008023713,0
88,159,485.365,1,0.008947636,0
220,161,485.434,1,0.008668505,0
302,167,485.647,1,0.007828245,0
204,174,485.899,1,0.009893099,0
319,175,485.926,1,0.008072347,0
75,175,485.932,1,0.008727521,0
302,177,485.999,1,0.007796138,0
298,178,486.032,1,0.011196820,0
36,185,486.279,1,0.013762817,0
103,189,486.427,1,0.014488696,0
271,206,487.016,1,0.007840733,0
120,216,487.391,1,0.009018736,0
111,220,487.51,1,0.008425477,0
175,227,487.769,1,0.009943781,0
317,249,488.537,1,0.007060702,0
317,251,488.611,1,0.006619057,0
215,252,488.648,1,0.007435224,0
207,4,489.348,1,0.007577503,0
143,5,489.388,1,0.009204224,0
48,8,489.482,1,0.009522961,0
127,15,489.73,1,0.009790725,0
118,16,489.762,1,0.010283063,0
103,16,489.764,1,0.009847797,0
144,16,489.784,1,0.009780346,0
190,18,489.841,1,0.008531850,0
151,18,489.848,1,0.009714516,0
216,20,489.907,1,0.006812647,0
150,21,489.94,1,0.010684918,0
104,21,489.96,1,0.009930952,0
203,24,490.071,1,0.009155111,0
200,27,490.158,1,0.010774286,0
63,29,490.223,1,0.049558654,0
152,30,490.254,1,0.047053196,0
289,30,490.269,1,0.010839048,0
62,39,490.581,1,0.048659235,0
156,40,490.609,1,0.049470451,0
325,40,490.609,1,0.010453789,0
295,40,490.616,1,0.010843297,0
160,43,490.727,1,0.049981114,0
290,44,490.758,1,0.010972438,0
140,46,490.823,1,0.048614208,0
44,47,490.86,1,0.016081311,0
45,48,490.89,1,0.030410219,0
32,48,490.896,1,0.027521092,0
165,50,490.981,1,0.048260961,0
154,51,490.998,1,0.048331834,0
205,54,491.101,1,0.008734111,0
119,56,491.179,1,0.008672992,0
192,58,491.241,1,0.898073673,0
342,60,491.313,1,0.006907161,0
193,62,491.384,1,0.844923139,0
104,62,491.39,1,0.009250201,0
119,62,491.397,1,0.008709659,0
112,64,491.454,1,0.008911337,0
5,66,491.533,1,0.009581470,0
285,70,491.668,1,0.008579136,0
164,72,491.767,1,0.009776654,0
231,79,491.994,1,0.009441519,0
7,87,492.278,1,0.009460161,0
296,94,492.538,1,0.008617030,0
190,100,492.733,1,0.009063175,0
266,107,492.975,1,0.010379538,0
232,114,493.227,1,0.009738666,0
176,118,493.375,1,0.005609592,0
188,119,493.41,1,0.005072521,0
3,126,493.67,1,0.008871653,0
23,127,493.689,1,0.008735061,0
195,131,493.825,1,0.005757218,0
199,132,493.883,1,0.009959783,0
169,141,494.18,1,0.039686035,0
206,149,494.464,1,0.017996332,0
59,160,494.848,1,0.014442701,0
62,164,495.013,1,0.008779673,0
101,166,495.06,1,0.008923247,0
21,173,495.314,1,0.008658038,0
47,175,495.376,1,0.009168184,0
341,176,495.415,1,0.007768997,0
88,185,495.74,1,0.008997712,0
288,196,496.126,1,0.007475552,0
31,221,497.001,1,0.008078665,0
28,223,497.08,1,0.007984757,0
40,224,497.113,1,0.008562090,0
305,228,497.255,1,0.006883396,0
88,247,497.917,1,0.007981151,0
197,58,515.817,0,0.870531976,0
196,59,516.329,0,0.966233253,1
308,12,520.174,1,0.007687371,0
181,19,520.43,1,0.009530980,0
176,20,520.456,1,0.010447477,0
264,31,520.851,1,0.007981155,0
220,37,521.062,1,0.013359509,0
72,44,521.305,1,0.009041898,0
238,44,521.329,1,0.008288270,0
236,46,521.393,1,0.007999399,0
282,52,521.608,1,0.007994201,0
76,55,521.699,1,0.009172772,0
103,63,521.98,1,0.008961872,0
202,63,521.993,1,0.031803016,0
39,70,522.221,1,0.017391033,0
41,71,522.274,1,0.017478758,0
263,78,522.506,1,0.020284276,0
298,79,522.561,1,0.011563298,0
201,88,522.858,1,0.048879076,0
11,92,523.011,1,0.009454228,0
169,94,523.075,1,0.007444422,0
123,101,523.315,1,0.017063646,0
184,112,523.715,1,0.006055217,0
183,115,523.813,1,0.004596897,0
46,115,523.826,1,0.009509649,0
186,116,523.851,1,0.005564920,0
177,119,523.954,1,0.005615700,0
156,122,524.062,1,0.016764475,0
50,127,524.242,1,0.009144841,0
26,134,524.488,1,0.008632205,0
208,136,524.569,1,0.009283780,0
302,138,524.622,1,0.008431646,0
207,139,524.657,1,0.008815191,0
200,142,524.771,1,0.004837352,0
330,144,524.834,1,0.007602670,0
91,151,525.084,1,0.009220214,0
96,152,525.118,1,0.009380304,0
337,157,525.308,1,0.007730240,0
152,171,525.791,1,0.009633925,0
197,172,525.832,1,0.009155687,0
109,174,525.912,1,0.009055329,0
292,175,525.932,1,0.007970527,0
231,178,526.039,1,0.020838123,0
72,178,526.048,1,0.014354123,0
136,182,526.186,1,0.014879431,0
128,187,526.347,1,0.010048019,0
263,190,526.456,1,0.011518210,0
131,190,526.466,1,0.009737957,0
94,192,526.528,1,0.014321021,0
87,193,526.566,1,0.014236526,0
20,197,526.705,1,0.013329737,0
17,199,526.786,1,0.013252427,0
312,200,526.805,1,0.010662733,0
191,205,526.987,1,0.013173934,0
30,205,527.0,1,0.008609762,0
69,214,527.315,1,0.008170526,0
98,216,527.374,1,0.008648281,0
68,222,527.594,1,0.008148075,0
9,230,527.863,1,0.007958143,0
72,244,528.372,1,0.008305977,0
98,247,528.46,1,0.008225957,0
211,258,528.858,1,0.006910501,0
168,6,529.418,1,0.009537835,0
16,9,529.518,1,0.009403338,0
111,10,529.556,1,0.009517517,0
22,11,529.612,1,0.009305030,0
43,14,529.692,1,0.009183735,0
83,22,529.978,1,0.009442505,0
197,23,530.012,1,0.011525651,0
143,26,530.124,1,0.045123592,0
156,28,530.189,1,0.024474503,0
121,30,530.264,1,0.046153627,0
115,30,530.269,1,0.029741049,0
114,31,530.296,1,0.032328069,0
151,31,530.296,1,0.047420725,0
271,31,530.31,1,0.010931876,0
160,32,530.351,1,0.019224875,0
19,34,530.406,1,0.038082942,0
168,36,530.474,1,0.047517564,0
303,37,530.523,1,0.010678750,0
246,40,530.613,1,0.011269548,0
25,46,530.833,1,0.022562539,0
241,48,530.9,1,0.013255663,0
117,53,531.069,1,0.008606701,0
233,54,531.113,1,0.010701419,0
185,55,531.154,1,0.009115971,0
272,58,531.248,1,0.008706711,0
192,61,531.352,1,0.737178504,0
271,62,531.387,1,0.008770491,0
46,63,531.42,1,0.011270669,0
127,70,531.688,1,0.009187845,0
151,80,532.047,1,0.010752018,0
148,84,532.161,1,0.010606856,0
146,88,532.305,1,0.010824922,0
32,48,532.454,1,0.003623503,0
314,95,532.552,1,0.007944932,0
151,96,532.593,1,0.005161447,0
146,97,532.621,1,0.005754001,0
252,104,532.878,1,0.009185717,0
76,50,533.123,1,0.008937752,0
60,112,533.16,1,0.010443401,0
268,114,533.239,1,0.009553608,0
186,144,534.29,1,0.030183945,0
92,168,535.127,1,0.009364658,0
259,180,535.55,1,0.008736868,0
194,59,536.274,1,0.892877460,0
25,212,536.699,1,0.008126507,0
226,220,536.976,1,0.004157308,0
106,231,537.379,1,0.008521377,0
96,245,537.85,1,0.008196247,0
195,59,541.682,1,0.955951154,1
194,58,543.547,1,0.794030011,0
197,59,543.762,0,0.900336683,1
294,12,559.779,1,0.007298655,0
162,1,559.787,1,0.009953885,0
198,58,560.394,0,0.852957547,0
25,20,560.475,1,0.008724826,0
44,23,560.561,1,0.009190788,0
317,30,560.806,1,0.007245649,0
32,35,560.985,1,0.009083853,0
18,38,561.091,1,0.009212591,0
172,40,561.162,1,0.009047116,0
319,40,561.167,1,0.007545441,0
77,46,561.376,1,0.008966133,0
99,48,561.474,1,0.009094323,0
31,54,561.663,1,0.011096768,0
28,55,561.69,1,0.013317639,0
195,59,561.828,1,0.705003500,0
193,63,561.986,1,0.133683205,0
322,78,562.531,1,0.010486558,0
319,80,562.576,1,0.010602528,0
176,102,563.347,1,0.005148723,0
254,104,563.421,1,0.009409225,0
251,106,563.5,1,0.009241029,0
195,58,563.894,1,0.952118754,1
13,126,564.206,1,0.008590373,0
162,128,564.276,1,0.015351777,0
159,132,564.405,1,0.013322758,0
160,134,564.477,1,0.013252177,0
39,139,564.656,1,0.008616819,0
86,141,564.747,1,0.009556867,0
118,142,564.782,1,0.009910718,0
223,144,564.832,1,0.008943785,0
139,149,565.006,1,0.010314121,0
131,151,565.083,1,0.009813013,0
14,152,565.117,1,0.008893956,0
60,152,565.134,1,0.009706432,0
315,159,565.37,1,0.008061778,0
275,165,565.579,1,0.008838257,0
278,166,565.627,1,0.008827528,0
303,170,565.745,1,0.008465900,0
155,175,565.929,1,0.009653185,0
107,187,566.372,1,0.014573620,0
291,192,566.528,1,0.010787034,0
103,197,566.706,1,0.014341862,0
76,200,566.802,1,0.013986985,0
88,205,566.989,1,0.014019515,0
81,208,567.086,1,0.008414764,0
82,213,567.275,1,0.008442864,0
56,215,567.354,1,0.009151505,0
87,224,567.669,1,0.008620139,0
237,240,568.213,1,0.005069516,0
263,259,568.889,1,0.005282611,0
186,4,569.339,1,0.007931628,0
174,6,569.409,1,0.008650681,0
233,8,569.483,1,0.007487705,0
30,8,569.497,1,0.009503947,0
210,10,569.561,1,0.007053325,0
183,13,569.684,1,0.009006224,0
188,14,569.699,1,0.008065939,0
256,15,569.733,1,0.007045547,0
40,16,569.766,1,0.009668372,0
39,19,569.873,1,0.009259339,0
47,24,570.05,1,0.048751537,0
238,31,570.311,1,0.010661012,0
203,32,570.327,1,0.012543686,0
206,33,570.37,1,0.012309091,0
137,40,570.615,1,0.049900744,0
78,40,570.624,1,0.048886325,0
151,47,570.866,1,0.048838507,0
49,48,570.892,1,0.040848788,0
146,49,570.941,1,0.048250053,0
75,50,570.968,1,0.047872331,0
32,55,571.149,1,0.010072385,0
34,60,571.329,1,0.012202211,0
288,62,571.388,1,0.008262352,0
92,63,571.423,1,0.009017071,0
231,63,571.431,1,0.009148400,0
135,64,571.461,1,0.009194319,0
134,66,571.532,1,0.009773344,0
199,58,571.542,0,0.870454133,0
293,69,571.632,1,0.008143548,0
304,81,572.064,1,0.008188076,0
296,85,572.198,1,0.008537289,0
309,86,572.243,1,0.007923801,0
308,88,572.312,1,0.008909593,0
50,95,572.549,1,0.010637109,0
251,101,572.769,1,0.008896184,0
71,109,573.046,1,0.010141362,0
198,59,573.287,0,0.993832707,1
199,59,573.309,0,0.936555624,1
152,119,573.398,1,0.015546524,0
143,140,574.14,1,0.026874376,0
157,159,574.804,1,0.021767754,0
217,172,575.284,1,0.003594979,0
67,183,575.657,1,0.009215651,0
322,193,576.009,1,0.007336229,0
323,199,576.241,1,0.007270080,0
236,203,576.367,1,0.006838889,0
126,214,576.764,1,0.008635013,0
102,221,577.0,1,0.008282498,0
183,224,577.096,1,0.009652874,0
125,240,577.669,1,0.008518602,0
32,242,577.733,1,0.008469319,0
287,3,599.869,1,0.007151762,0
281,4,599.907,1,0.007066970,0
327,5,599.933,1,0.007142389,0
8,7,600.006,1,0.009165443,0
136,8,600.047,1,0.009489706,0
153,11,600.144,1,0.008821980,0
114,18,600.388,1,0.009547623,0
44,22,600.534,1,0.009082534,0
198,23,600.57,1,0.008469956,0
223,32,600.886,1,0.007858302,0
217,32,600.905,1,0.010227221,0
53,36,601.026,1,0.009488370,0
287,39,601.125,1,0.008455839,0
130,44,601.307,1,0.009069125,0
87,44,601.317,1,0.009418656,0
7,45,601.354,1,0.009265487,0
147,54,601.677,1,0.009503229,0
109,56,601.735,1,0.009464393,0
160,59,601.831,1,0.014779462,0
245,66,602.077,1,0.025191786,0
28,74,602.379,1,0.016168740,0
27,78,602.512,1,0.015647762,0
168,80,602.57,1,0.062843531,0
204,80,602.577,1,0.048788212,0
95,83,602.684,1,0.031217381,0
201,85,602.758,1,0.048919041,0
135,86,602.792,1,0.060478903,0
286,87,602.825,1,0.012753615,0
80,87,602.835,1,0.023600589,0
134,88,602.859,1,0.034352828,0
130,89,602.893,1,0.064381912,0
136,90,602.923,1,0.053678166,0
131,91,602.976,1,0.013717248,0
129,94,603.07,1,0.006520902,0
325,94,603.081,1,0.007714372,0
249,97,603.178,1,0.008943553,0
50,98,603.232,1,0.010119201,0
19,101,603.32,1,0.010678574,0
8,108,603.58,1,0.009322137,0
31,114,603.776,1,0.009454492,0
69,116,603.844,1,0.009536465,0
168,116,603.855,1,0.009537028,0
87,118,603.911,1,0.009806834,0
145,118,603.924,1,0.015544216,0
27,119,603.954,1,0.009490767,0
103,119,603.954,1,0.011549775,0
105,120,603.984,1,0.011595394,0
271,122,604.072,1,0.009732947,0
231,125,604.161,1,0.009635868,0
192,125,604.18,1,0.006839284,0
181,126,604.201,1,0.005387114,0
132,126,604.225,1,0.013359365,0
35,127,604.237,1,0.008803628,0
165,128,604.264,1,0.015466975,0
144,129,604.322,1,0.013103228,0
159,131,604.376,1,0.013078981,0
17,132,604.405,1,0.009000735,0
187,136,604.55,1,0.006448478,0
137,138,604.62,1,0.011752385,0
219,140,604.694,1,0.009248856,0
107,143,604.816,1,0.009618364,0
72,147,604.939,1,0.010147257,0
163,148,604.988,1,0.012496277,0
31,150,605.045,1,0.009137451,0
157,151,605.075,1,0.011791465,0
184,155,605.24,1,0.012464547,0
61,159,605.367,1,0.009031202,0
167,159,605.379,1,0.011501440,0
10,136,605.489,1,0.009130519,0
262,165,605.577,1,0.005981748,0
331,165,605.584,1,0.007881820,0
263,166,605.613,1,0.005451903,0
283,167,605.647,1,0.008544844,0
176,168,605.684,1,0.011253980,0
31,172,605.829,1,0.008770217,0
206,176,605.967,1,0.010017963,0
8,179,606.072,1,0.014026893,0
11,179,606.084,1,0.016954176,0
290,180,606.106,1,0.011194529,0
303,180,606.123,1,0.011148796,0
260,181,606.145,1,0.011845320,0
256,183,606.208,1,0.012072698,0
281,183,606.222,1,0.011190999,0
120,183,606.222,1,0.014672338,0
15,190,606.453,1,0.013354456,0
24,191,606.501,1,0.013488050,0
12,192,606.541,1,0.013277004,0
47,194,606.608,1,0.013783577,0
250,204,606.971,1,0.010635779,0
57,215,607.338,1,0.009132565,0
111,215,607.352,1,0.009576919,0
70,217,607.407,1,0.008647516,0
29,218,607.445,1,0.007593531,0
32,221,607.549,1,0.006861136,0
95,223,607.621,1,0.009218829,0
135,235,608.06,1,0.008688310,0
61,242,608.301,1,0.008127161,0
319,249,608.533,1,0.006622874,0
138,256,608.806,1,0.005427368,0
138,257,608.818,1,0.005596030,0
165,4,609.342,1,0.010453902,0
119,7,609.459,1,0.009532618,0
216,8,609.48,1,0.007032496,0
183,8,609.482,1,0.008785443,0
122,8,609.497,1,0.009996356,0
48,10,609.559,1,0.009884554,0
220,11,609.603,1,0.006580694,0
21,14,609.699,1,0.009796214,0
20,15,609.733,1,0.007680754,0
49,16,609.764,1,0.009716971,0
48,21,609.942,1,0.009378009,0
179,22,609.977,1,0.009843911,0
293,24,610.043,1,0.010677435,0
172,27,610.151,1,0.044352200,0
227,28,610.183,1,0.010518480,0
292,28,610.191,1,0.047817539,0
21,29,610.221,1,0.043531079,0
292,29,610.226,1,0.016061632,0
138,29,610.243,1,0.008709824,0
138,30,610.273,1,0.024647344,0
112,32,610.327,1,0.047354747,0
333,32,610.333,1,0.010332961,0
159,36,610.491,1,0.048610359,0
190,39,610.591,1,0.040817264,0
105,40,610.616,1,0.049277462,0
251,41,610.648,1,0.011196556,0
184,44,610.753,1,0.048719790,0
120,44,610.761,1,0.048713371,0
250,47,610.856,1,0.012107422,0
220,47,610.863,1,0.021583028,0
71,54,611.101,1,0.008623465,0
159,54,611.11,1,0.010016380,0
177,60,611.317,1,0.009810707,0
308,77,611.924,1,0.007697687,0
199,77,611.939,1,0.008844491,0
311,80,612.019,1,0.007572018,0
157,103,612.838,1,0.005717891,0
160,116,613.292,1,0.018367181,0
79,124,613.579,1,0.010444338,0
341,126,613.648,1,0.008073440,0
122,133,613.893,1,0.010716650,0
212,134,613.93,1,0.009894452,0
88,158,614.778,1,0.014882813,0
233,163,614.953,1,0.020353036,0
212,174,615.359,1,0.006330580,0
325,175,615.375,1,0.007782955,0
322,176,615.416,1,0.009302930,0
319,184,615.691,1,0.007580602,0
80,184,615.701,1,0.009171256,0
119,190,615.913,1,0.009165681,0
186,192,615.974,1,0.009823797,0
105,204,616.403,1,0.009015127,0
334,220,616.97,1,0.007000864,0
214,222,617.042,1,0.007656137,0
8,228,617.251,1,0.008806692,0
24,239,617.627,1,0.007953378,0
199,58,622.643,0,0.520347357,0
61,8,623.562,1,0.009195710,0
197,59,634.068,1,0.048825208,0
47,95,639.554,1,0.010168679,0
213,2,639.829,1,0.006644929,0
239,3,639.867,1,0.009425518,0
238,4,639.903,1,0.007294787,0
23,6,639.983,1,0.008931351,0
183,10,640.109,1,0.008220564,0
200,58,640.175,0,0.858735204,0
283,17,640.356,1,0.007414336,0
131,23,640.589,1,0.009610157,0
19,24,640.604,1,0.008627253,0
176,31,640.852,1,0.010291924,0
246,32,640.895,1,0.005423208,0
283,34,640.966,1,0.007638038,0
243,35,640.988,1,0.006794300,0
216,36,641.038,1,0.007991888,0
9,39,641.134,1,0.003863492,0
39,39,641.15,1,0.008913456,0
298,40,641.177,1,0.007671281,0
63,43,641.285,1,0.008996943,0
248,45,641.349,1,0.008317151,0
96,46,641.372,1,0.009201789,0
88,46,641.38,1,0.008940869,0
300,48,641.459,1,0.007565801,0
194,53,641.621,1,0.044374235,0
83,53,641.629,1,0.008829221,0
20,60,641.874,1,0.011177993,0
95,64,642.014,1,0.046972174,0
252,68,642.173,1,0.020836499,0
180,74,642.365,1,0.056628462,0
149,78,642.518,1,0.057510450,0
202,79,642.536,1,0.048932996,0
232,79,642.543,1,0.044748839,0
29,82,642.664,1,0.015444343,0
32,48,642.699,1,0.030075882,0
215,88,642.855,1,0.049291320,0
13,90,642.939,1,0.014623364,0
224,91,642.97,1,0.047770962,0
14,92,643.003,1,0.009846156,0
7,93,643.034,1,0.009341537,0
68,94,643.094,1,0.010647250,0
96,102,643.373,1,0.012117087,0
15,106,643.497,1,0.009098217,0
12,108,643.567,1,0.009704530,0
65,108,643.576,1,0.009146508,0
228,109,643.596,1,0.009505536,0
63,110,643.63,1,0.008637275,0
120,110,643.641,1,0.012494287,0
299,118,643.928,1,0.008734296,0
136,118,643.943,1,0.013125625,0
160,119,643.959,1,0.018267790,0
51,120,643.983,1,0.009996842,0
47,120,643.999,1,0.009034767,0
80,122,644.06,1,0.010362440,0
50,122,644.07,1,0.009364909,0
71,123,644.096,1,0.009360187,0
320,133,644.446,1,0.008036197,0
96,151,645.097,1,0.009232777,0
56,158,645.333,1,0.012937286,0
56,159,645.371,1,0.006790148,0
232,161,645.431,1,0.011147892,0
237,161,645.453,1,0.009548404,0
285,165,645.599,1,0.008572430,0
38,169,645.719,1,0.008536142,0
33,170,645.764,1,0.008645907,0
39,175,645.932,1,0.008490941,0
16,189,646.417,1,0.013388395,0
264,190,646.462,1,0.011437263,0
224,191,646.487,1,0.009428350,0
146,199,646.774,1,0.014743533,0
325,207,647.063,1,0.007540555,0
122,207,647.078,1,0.009496880,0
18,211,647.22,1,0.008487751,0
183,213,647.288,1,0.011099888,0
24,224,647.651,1,0.008418418,0
257,239,648.202,1,0.005520891,0
274,240,648.223,1,0.006884931,0
97,8,649.479,1,0.009720908,0
224,16,649.781,1,0.006624160,0
227,18,649.847,1,0.007492610,0
255,20,649.927,1,0.008118379,0
39,22,650.004,1,0.047779828,0
227,23,650.018,1,0.010242146,0
201,24,650.055,1,0.011144512,0
28,29,650.229,1,0.047714580,0
321,30,650.263,1,0.010471241,0
47,32,650.326,1,0.048640296,0
215,32,650.343,1,0.011253147,0
43,35,650.444,1,0.048559301,0
242,37,650.507,1,0.011053829,0
39,44,650.755,1,0.039582569,0
303,46,650.825,1,0.010754392,0
119,47,650.862,1,0.048168924,0
33,56,651.192,1,0.008845469,0
109,60,651.324,1,0.008647946,0
224,63,651.43,1,0.009485744,0
271,67,651.565,1,0.009148540,0
257,76,651.89,1,0.011785637,0
104,80,652.022,1,0.004533892,0
176,88,652.305,1,0.009881004,0
269,91,652.413,1,0.008953474,0
326,104,652.87,1,0.007518223,0
163,128,653.713,1,0.015835958,0
48,157,654.741,1,0.014333876,0
64,160,654.844,1,0.014525043,0
128,167,655.095,1,0.009665710,0
236,168,655.148,1,0.009789384,0
226,174,655.363,1,0.008537753,0
223,175,655.376,1,0.008085267,0
33,178,655.477,1,0.008386312,0
175,180,655.553,1,0.010426172,0
171,181,655.602,1,0.010621173,0
90,189,655.88,1,0.008819872,0
45,190,655.928,1,0.008366247,0
56,199,656.242,1,0.008597601,0
40,204,656.424,1,0.008711343,0
53,224,657.1,1,0.008508016,0
244,238,657.622,1,0.005087330,0
47,255,658.203,1,0.012709256,0
204,80,660.055,1,0.008768683,0
199,58,664.275,1,0.120076835,0
202,59,666.616,0,0.524712503,0
226,5,679.93,1,0.006663564,0
55,12,680.198,1,0.009560835,0
61,15,680.279,1,0.009508185,0
177,24,680.604,1,0.012507202,0
66,43,681.274,1,0.008881439,0
235,45,681.348,1,0.009851159,0
70,48,681.447,1,0.009426828,0
75,51,681.56,1,0.008757512,0
34,53,681.648,1,0.005259383,0
247,61,681.922,1,0.009926634,0
106,71,682.272,1,0.045287915,0
188,76,682.434,1,0.054136645,0
268,77,682.478,1,0.017120780,0
208,85,682.752,1,0.048317626,0
83,85,682.777,1,0.026255008,0
58,93,683.054,1,0.010314554,0
306,95,683.105,1,0.008054022,0
8,103,683.404,1,0.009397826,0
136,108,683.578,1,0.016492845,0
249,112,683.712,1,0.009173180,0
242,117,683.883,1,0.009391840,0
51,118,683.912,1,0.009285245,0
207,123,684.109,1,0.008678225,0
96,125,684.162,1,0.006496217,0
95,126,684.2,1,0.008074008,0
87,127,684.242,1,0.009615781,0
166,127,684.251,1,0.017581437,0
221,128,684.266,1,0.009738289,0
224,130,684.341,1,0.010028103,0
209,131,684.382,1,0.009096703,0
223,133,684.445,1,0.009601305,0
21,140,684.693,1,0.008530019,0
312,141,684.73,1,0.008289924,0
303,143,684.798,1,0.008234540,0
97,144,684.839,1,0.009511212,0
316,146,684.903,1,0.008362154,0
34,148,684.99,1,0.008763284,0
17,149,685.011,1,0.008500244,0
215,150,685.049,1,0.009003364,0
207,155,685.237,1,0.003405676,0
212,159,685.369,1,0.003259640,0
55,168,685.698,1,0.008966748,0
311,175,685.932,1,0.008071477,0
41,190,686.453,1,0.013790694,0
199,58,686.51,1,0.049028799,0
120,198,686.736,1,0.014386928,0
136,200,686.802,1,0.014568024,0
8,207,687.08,1,0.008315339,0
139,208,687.108,1,0.008715161,0
71,215,687.344,1,0.008862169,0
335,216,687.374,1,0.007125165,0
327,220,687.518,1,0.007170973,0
120,225,687.69,1,0.008901021,0
123,230,687.886,1,0.008352325,0
96,232,687.936,1,0.008514687,0
246,232,687.937,1,0.005149888,0
32,242,688.292,1,0.008258863,0
38,244,688.361,1,0.007998218,0
95,253,688.684,1,0.008107458,0
184,5,689.385,1,0.007781291,0
287,6,689.421,1,0.007570070,0
183,12,689.624,1,0.007136985,0
78,13,689.66,1,0.009956765,0
181,14,689.697,1,0.007032696,0
176,15,689.743,1,0.010142555,0
239,17,689.805,1,0.006881411,0
214,18,689.839,1,0.006434587,0
112,19,689.881,1,0.009937027,0
79,21,689.946,1,0.009972091,0
84,23,690.03,1,0.045019891,0
325,24,690.051,1,0.010399065,0
186,24,690.064,1,0.014091774,0
111,26,690.123,1,0.044610702,0
23,28,690.214,1,0.045652296,0
110,30,690.26,1,0.046105675,0
198,31,690.299,1,0.013350323,0
84,33,690.362,1,0.049682215,0
297,39,690.579,1,0.010774322,0
236,40,690.621,1,0.011811790,0
49,46,690.821,1,0.042781845,0
129,46,690.851,1,0.048231900,0
32,48,690.892,1,0.060486484,0
32,49,690.94,1,0.060590252,0
24,52,691.035,1,0.009149542,0
92,53,691.077,1,0.008870524,0
120,54,691.109,1,0.009062760,0
27,56,691.173,1,0.010228448,0
147,60,691.33,1,0.008751409,0
208,62,691.389,1,0.009020463,0
64,76,691.884,1,0.012744900,0
200,57,691.928,0,0.932472229,1
107,104,692.895,1,0.012070820,0
211,109,693.052,1,0.009036141,0
324,118,693.386,1,0.007530505,0
49,125,693.61,1,0.009075264,0
320,135,693.986,1,0.008046992,0
256,152,694.571,1,0.013599575,0
269,157,694.738,1,0.012250942,0
187,162,694.923,1,0.020310568,0
185,166,695.062,1,0.011078590,0
59,173,695.304,1,0.008719780,0
184,175,695.374,1,0.010583692,0
55,176,695.41,1,0.008870902,0
90,184,695.712,1,0.009379596,0
303,207,696.512,1,0.007429276,0
184,248,697.976,1,0.009628464,0
185,252,698.088,1,0.013572041,0
308,258,698.304,1,0.009697151,0
200,58,698.95,1,0.984588802,1
202,58,700.255,0,0.957241058,1
199,57,712.216,1,0.652799010,0
202,58,713.825,0,0.986928523,1
203,57,713.909,0,0.985774159,1
270,3,719.871,1,0.006959375,0
266,6,719.968,1,0.007152867,0
207,14,720.253,1,0.006851418,0
218,16,720.329,1,0.006464611,0
112,23,720.569,1,0.009783502,0
165,26,720.675,1,0.009604026,0
202,26,720.684,1,0.007893198,0
36,34,720.978,1,0.008913456,0
292,46,721.376,1,0.007714536,0
151,50,721.514,1,0.008972394,0
145,54,721.669,1,0.008982771,0
240,61,721.927,1,0.010894859,0
44,91,722.969,1,0.016097965,0
252,92,723.001,1,0.009339177,0
66,96,723.137,1,0.010604100,0
130,97,723.197,1,0.007638667,0
116,98,723.217,1,0.015607690,0
223,101,723.318,1,0.009177775,0
4,111,723.673,1,0.008959077,0
216,112,723.711,1,0.009264069,0
320,121,724.024,1,0.007930299,0
289,128,724.276,1,0.009285495,0
224,134,724.482,1,0.009545328,0
103,135,724.524,1,0.009721156,0
227,141,724.721,1,0.008824437,0
316,157,725.292,1,0.008227704,0
315,159,725.372,1,0.008200838,0
2,164,725.558,1,0.008700429,0
167,174,725.888,1,0.010313780,0
204,174,725.895,1,0.009323035,0
10,176,725.979,1,0.008716392,0
340,178,726.038,1,0.010741616,0
339,182,726.177,1,0.010728404,0
152,185,726.293,1,0.015309222,0
8,190,726.466,1,0.013250026,0
95,198,726.74,1,0.014232785,0
226,202,726.906,1,0.012595490,0
315,206,727.047,1,0.007520447,0
202,212,727.25,1,0.007480804,0
229,230,727.88,1,0.003358977,0
203,58,727.887,0,0.961230457,1
227,232,727.949,1,0.003129864,0
230,256,728.783,1,0.003445006,0
0,7,729.451,1,0.009311292,0
328,10,729.577,1,0.007418138,0
196,14,729.695,1,0.008373229,0
118,15,729.739,1,0.009866236,0
64,22,729.974,1,0.009385648,0
45,22,729.995,1,0.009508131,0
169,23,730.026,1,0.039164186,0
202,24,730.046,1,0.011030791,0
104,30,730.263,1,0.047139905,0
253,31,730.302,1,0.010692335,0
174,34,730.407,1,0.044742245,0
132,37,730.504,1,0.049400821,0
194,37,730.513,1,0.025869897,0
268,40,730.618,1,0.011170993,0
309,40,730.639,1,0.010628080,0
272,43,730.722,1,0.011188488,0
176,44,730.772,1,0.049923249,0
292,45,730.786,1,0.010922884,0
210,46,730.82,1,0.026578248,0
207,47,730.866,1,0.035725877,0
224,49,730.929,1,0.020440266,0
241,51,730.996,1,0.014637311,0
294,53,731.071,1,0.007864326,0
318,53,731.078,1,0.007390529,0
208,59,731.281,1,0.010045306,0
109,63,731.429,1,0.008866605,0
139,72,731.763,1,0.009472219,0
8,74,731.829,1,0.009761662,0
281,77,731.923,1,0.009135261,0
32,48,732.138,1,0.004055141,0
285,86,732.248,1,0.009092372,0
250,93,732.486,1,0.009766969,0
199,93,732.507,1,0.008711116,0
71,100,732.728,1,0.010452654,0
75,106,732.958,1,0.010335077,0
40,108,733.023,1,0.010308733,0
312,109,733.046,1,0.008146044,0
136,111,733.124,1,0.015676992,0
137,115,733.263,1,0.014428223,0
92,116,733.291,1,0.010994401,0
6,117,733.352,1,0.008685699,0
329,119,733.397,1,0.007899893,0
227,125,733.611,1,0.009726634,0
168,126,733.643,1,0.016952166,0
307,128,733.726,1,0.009199372,0
119,140,734.141,1,0.019102255,0
117,141,734.183,1,0.018290451,0
274,142,734.212,1,0.014068064,0
109,153,734.615,1,0.008943730,0
109,156,734.709,1,0.010157209,0
86,160,734.845,1,0.014804876,0
192,168,735.122,1,0.010731349,0
224,171,735.257,1,0.008332130,0
160,243,737.779,1,0.008814108,0
215,247,737.911,1,0.007404103,0
204,58,741.107,0,0.875041246,0
204,57,741.25,0,0.926816344,1
200,59,742.448,1,0.987875640,1
201,58,743.59,1,0.968701601,1
202,58,747.321,1,0.968564570,1
342,2,759.842,1,0.006820033,0
136,7,760.003,1,0.009467317,0
245,8,760.032,1,0.006966157,0
199,12,760.177,1,0.007098425,0
296,12,760.189,1,0.007413937,0
202,14,760.248,1,0.006991721,0
109,15,760.29,1,0.009608794,0
93,19,760.427,1,0.009609703,0
108,21,760.499,1,0.010080698,0
56,22,760.533,1,0.009248820,0
256,23,760.582,1,0.007761722,0
28,28,760.737,1,0.008902115,0
95,30,760.816,1,0.008996300,0
336,31,760.853,1,0.007282970,0
303,31,760.872,1,0.007705821,0
223,32,760.886,1,0.008350939,0
53,33,760.933,1,0.008644100,0
292,37,761.062,1,0.007605208,0
253,42,761.241,1,0.008828792,0
65,47,761.415,1,0.008911363,0
107,48,761.451,1,0.009194971,0
76,50,761.512,1,0.009057690,0
97,51,761.547,1,0.008763044,0
140,53,761.63,1,0.008981480,0
150,56,761.726,1,0.008580884,0
99,56,761.735,1,0.009568067,0
150,59,761.849,1,0.009006408,0
204,60,761.875,1,0.184781522,0
94,62,761.947,1,0.008920636,0
201,63,761.976,1,0.017405627,0
205,66,762.102,1,0.048440311,0
119,69,762.188,1,0.050309177,0
290,75,762.405,1,0.011837817,0
46,76,762.435,1,0.017599821,0
63,79,762.548,1,0.019547537,0
88,94,763.073,1,0.012865172,0
39,96,763.14,1,0.009745548,0
272,96,763.143,1,0.010135194,0
116,96,763.155,1,0.016035851,0
176,104,763.431,1,0.005178784,0
177,108,763.575,1,0.004164329,0
177,110,763.638,1,0.005048364,0
136,118,763.915,1,0.013143537,0
280,119,763.955,1,0.009942547,0
138,131,764.398,1,0.012876621,0
107,139,764.654,1,0.009631769,0
116,143,764.805,1,0.010017022,0
105,143,764.816,1,0.009494324,0
120,144,764.833,1,0.010680665,0
44,152,765.112,1,0.009207238,0
153,159,765.366,1,0.010341730,0
314,159,765.386,1,0.007997957,0
48,160,765.418,1,0.009480540,0
56,163,765.504,1,0.010865998,0
170,164,765.544,1,0.011403649,0
57,164,765.557,1,0.010970902,0
299,165,765.579,1,0.008246816,0
159,168,765.682,1,0.010299727,0
58,168,765.691,1,0.009334047,0
130,169,765.718,1,0.009133470,0
59,175,765.922,1,0.008669655,0
96,183,766.233,1,0.014504855,0
31,187,766.351,1,0.013673816,0
318,189,766.417,1,0.010770445,0
204,58,766.465,0,0.513053834,0
101,193,766.567,1,0.014385628,0
210,204,766.949,1,0.011013804,0
42,205,766.982,1,0.013517998,0
73,205,766.994,1,0.013864788,0
280,211,767.194,1,0.007260324,0
240,211,767.203,1,0.006267399,0
241,213,767.286,1,0.005707574,0
201,58,767.308,1,0.934809327,1
183,224,767.65,1,0.009008314,0
105,228,767.799,1,0.008328977,0
335,236,768.077,1,0.006704682,0
140,236,768.088,1,0.008915039,0
127,256,768.78,1,0.008180003,0
125,2,769.269,1,0.009760879,0
303,2,769.285,1,0.007498116,0
157,4,769.34,1,0.010344640,0
195,4,769.35,1,0.007425396,0
72,6,769.415,1,0.010762735,0
68,7,769.465,1,0.015605498,0
66,8,769.481,1,0.009900289,0
69,9,769.521,1,0.008265036,0
123,13,769.657,1,0.009873337,0
176,14,769.702,1,0.009857827,0
7,16,769.769,1,0.009167179,0
33,21,769.943,1,0.009004794,0
135,24,770.046,1,0.044689186,0
201,30,770.257,1,0.012177504,0
126,36,770.472,1,0.049268495,0
88,36,770.473,1,0.049739979,0
254,38,770.541,1,0.010901622,0
89,38,770.55,1,0.049264811,0
22,39,770.576,1,0.036646899,0
16,39,770.602,1,0.028333720,0
85,44,770.75,1,0.048675653,0
146,44,770.768,1,0.049108718,0
335,52,771.048,1,0.007155688,0
29,56,771.178,1,0.011423158,0
96,58,771.25,1,0.008924726,0
249,60,771.324,1,0.009731678,0
0,66,771.542,1,0.009652816,0
157,67,771.576,1,0.009226751,0
75,83,772.131,1,0.012043039,0
189,84,772.184,1,0.009660713,0
233,86,772.248,1,0.006843859,0
237,90,772.388,1,0.004947371,0
201,93,772.48,1,0.008516100,0
220,95,772.559,1,0.009282131,0
47,95,772.578,1,0.009777133,0
20,107,772.975,1,0.009499464,0
31,111,773.126,1,0.009337510,0
108,118,773.375,1,0.011849954,0
263,118,773.389,1,0.011726986,0
103,128,773.72,1,0.010336207,0
154,131,773.823,1,0.012788965,0
128,133,773.895,1,0.011361548,0
170,134,773.924,1,0.006894915,0
171,135,773.966,1,0.007554006,0
155,136,773.998,1,0.013218125,0
6,149,774.457,1,0.013717487,0
35,149,774.471,1,0.014224070,0
113,152,774.589,1,0.015443732,0
4,159,774.809,1,0.013590349,0
96,166,775.058,1,0.009129571,0
212,176,775.409,1,0.006799335,0
312,186,775.781,1,0.007377969,0
319,187,775.81,1,0.007626142,0
192,211,776.659,1,0.009562266,0
217,214,776.771,1,0.008302879,0
198,215,776.808,1,0.009135391,0
74,229,777.281,1,0.008414672,0
125,239,777.63,1,0.008421920,0
203,58,784.684,1,0.994241476,1
202,59,785.62,1,0.991586208,1
202,58,786.169,1,0.986344099,1
201,57,790.494,1,0.049023841,0
32,242,790.892,1,0.012725033,0
206,58,796.624,0,0.995004475,1
205,58,796.786,0,0.997689486,1
65,2,799.833,1,0.009359573,0
167,8,800.045,1,0.009969314,0
148,16,800.322,1,0.009689474,0
216,29,800.779,1,0.007651119,0
108,29,800.788,1,0.009899869,0
236,29,800.801,1,0.007621965,0
273,32,800.9,1,0.007761201,0
216,38,801.104,1,0.008895466,0
113,39,801.136,1,0.008980161,0
271,42,801.23,1,0.008536723,0
312,47,801.417,1,0.007537097,0
190,49,801.479,1,0.010078100,0
88,58,801.826,1,0.008983994,0
96,59,801.834,1,0.009407638,0
228,61,801.908,1,0.010080636,0
239,63,801.984,1,0.009285323,0
192,64,802.013,1,0.048764851,0
7,66,802.086,1,0.014912576,0
123,67,802.134,1,0.050378993,0
24,69,802.206,1,0.016335791,0
6,70,802.232,1,0.014554867,0
113,71,802.261,1,0.049931869,0
18,72,802.291,1,0.015504863,0
306,75,802.412,1,0.010990301,0
8,76,802.437,1,0.014226257,0
87,84,802.728,1,0.028479939,0
290,87,802.825,1,0.012265815,0
120,93,803.032,1,0.007008099,0
291,94,803.084,1,0.009152547,0
196,98,803.216,1,0.009198412,0
234,104,803.43,1,0.009405523,0
5,109,803.605,1,0.009631569,0
184,110,803.645,1,0.007726952,0
227,111,803.68,1,0.009261146,0
163,112,803.721,1,0.007113459,0
61,132,804.418,1,0.009545856,0
156,143,804.8,1,0.013071124,0
98,149,805.021,1,0.009466691,0
156,152,805.126,1,0.012183511,0
324,160,805.407,1,0.007999107,0
18,164,805.557,1,0.009597824,0
116,165,805.575,1,0.009327176,0
263,167,805.652,1,0.008687266,0
230,167,805.666,1,0.012639645,0
32,172,805.831,1,0.008904643,0
36,173,805.851,1,0.006976641,0
35,174,805.895,1,0.008620909,0
17,177,806.009,1,0.013588706,0
206,192,806.544,1,0.011357564,0
297,196,806.677,1,0.010720997,0
20,207,807.055,1,0.008858033,0
156,210,807.173,1,0.009399411,0
215,247,808.468,1,0.007330669,0
146,8,809.481,1,0.009335164,0
271,10,809.555,1,0.008084460,0
39,13,809.672,1,0.009120236,0
184,17,809.809,1,0.008775650,0
308,20,809.909,1,0.007608109,0
80,25,810.081,1,0.047273740,0
243,29,810.223,1,0.012680229,0
244,30,810.259,1,0.010994375,0
211,32,810.337,1,0.011566923,0
71,32,810.355,1,0.049796037,0
204,58,810.372,1,0.981929839,1
262,34,810.399,1,0.010870595,0
219,36,810.475,1,0.011748364,0
213,37,810.507,1,0.012409823,0
204,39,810.6,1,0.022736613,0
264,40,810.611,1,0.011122616,0
54,46,810.82,1,0.045081697,0
38,54,811.115,1,0.005640237,0
40,55,811.154,1,0.005293101,0
207,61,811.353,1,0.885674000,0
98,70,811.669,1,0.008985266,0
206,58,812.073,0,0.965712547,1
192,83,812.13,1,0.009311759,0
151,84,812.162,1,0.010422159,0
143,84,812.172,1,0.011019196,0
286,93,812.49,1,0.009628431,0
242,96,812.596,1,0.009643702,0
167,102,812.805,1,0.005016014,0
173,115,813.261,1,0.005627006,0
69,118,813.368,1,0.009621046,0
162,126,813.652,1,0.016004177,0
32,133,813.895,1,0.008600910,0
340,139,814.127,1,0.010693233,0
344,144,814.292,1,0.010680156,0
103,149,814.46,1,0.015390445,0
132,151,814.529,1,0.018002920,0
48,152,814.564,1,0.014396903,0
53,157,814.743,1,0.014411775,0
90,158,814.781,1,0.014925611,0
91,186,815.785,1,0.008661901,0
43,188,815.852,1,0.008371356,0
320,206,816.464,1,0.006990238,0
311,206,816.489,1,0.007282190,0
59,212,816.685,1,0.006515387,0
203,59,816.7,1,0.982214868,1
59,214,816.754,1,0.006749735,0
250,215,816.797,1,0.006831058,0
88,220,816.968,1,0.008894457,0
288,232,817.402,1,0.006737251,0
207,57,825.348,0,0.942079127,1
202,58,825.755,1,0.935256898,1
203,57,827.22,1,0.994826376,1
206,58,828.246,0,0.933533609,1
206,57,830.143,0,0.954951584,1
204,58,831.194,1,0.947684467,1
207,58,831.38,0,0.903203189,1
127,258,833.251,1,0.008870965,0
63,8,840.034,1,0.007281308,0
62,8,840.05,1,0.005294461,0
215,15,840.297,1,0.006671159,0
101,20,840.461,1,0.009319284,0
170,23,840.561,1,0.009540091,0
267,30,840.813,1,0.007640518,0
286,36,841.02,1,0.008076475,0
271,48,841.46,1,0.008765439,0
103,54,841.66,1,0.009334978,0
344,61,841.914,1,0.006795520,0
272,64,842.019,1,0.012481686,0
225,76,842.452,1,0.048117831,0
168,80,842.58,1,0.062840834,0
32,84,842.736,1,0.015571143,0
322,87,842.821,1,0.010625804,0
122,88,842.87,1,0.054368641,0
208,58,842.946,0,0.507934093,0
310,91,842.966,1,0.011257918,0
20,92,843.009,1,0.009729050,0
120,94,843.075,1,0.008699965,0
309,96,843.141,1,0.008116313,0
304,97,843.171,1,0.008242422,0
205,104,843.419,1,0.008774131,0
318,108,843.583,1,0.007665334,0
94,110,843.653,1,0.011257297,0
207,111,843.673,1,0.008621244,0
7,117,843.883,1,0.009681996,0
12,119,843.959,1,0.008865064,0
240,121,844.034,1,0.009610882,0
234,123,844.118,1,0.009780971,0
291,124,844.124,1,0.009037263,0
71,127,844.249,1,0.009333183,0
161,132,844.418,1,0.013878186,0
226,143,844.8,1,0.007048504,0
227,144,844.841,1,0.006398908,0
104,148,844.999,1,0.009854899,0
211,168,845.688,1,0.004990044,0
203,170,845.747,1,0.009474828,0
208,172,845.824,1,0.009249620,0
104,181,846.143,1,0.014623323,0
240,203,846.917,1,0.013237083,0
48,206,847.021,1,0.009687882,0
50,207,847.064,1,0.008439088,0
207,225,847.712,1,0.007529364,0
128,237,848.133,1,0.008487582,0
136,238,848.157,1,0.009534402,0
214,4,849.34,1,0.006306513,0
96,5,849.377,1,0.009947876,0
46,7,849.458,1,0.009534744,0
187,11,849.589,1,0.008053831,0
35,13,849.686,1,0.009262836,0
92,14,849.697,1,0.009921522,0
96,15,849.727,1,0.009769183,0
317,16,849.792,1,0.007452160,0
168,17,849.804,1,0.010910506,0
287,18,849.85,1,0.007620727,0
41,19,849.869,1,0.009103398,0
73,22,849.988,1,0.009324444,0
315,23,850.009,1,0.010497251,0
281,24,850.057,1,0.010709423,0
171,28,850.208,1,0.044700801,0
146,29,850.225,1,0.046646636,0
86,33,850.361,1,0.049585741,0
191,34,850.399,1,0.022337086,0
80,35,850.435,1,0.049726404,0
103,36,850.472,1,0.049615331,0
137,37,850.528,1,0.049353663,0
306,39,850.578,1,0.010643851,0
55,39,850.591,1,0.048562527,0
324,45,850.795,1,0.010442608,0
112,47,850.872,1,0.048348654,0
148,51,851.002,1,0.008921822,0
296,54,851.107,1,0.007674393,0
235,56,851.173,1,0.011948588,0
340,66,851.528,1,0.006868242,0
266,66,851.547,1,0.009645096,0
31,70,851.681,1,0.010724908,0
235,70,851.69,1,0.009175959,0
56,88,852.306,1,0.010882164,0
253,90,852.379,1,0.008854492,0
248,96,852.589,1,0.011638050,0
60,119,853.406,1,0.009369263,0
233,132,853.876,1,0.009251573,0
112,139,854.125,1,0.018129593,0
4,151,854.535,1,0.013686105,0
203,152,854.561,1,0.019732069,0
170,156,854.73,1,0.025996557,0
113,163,854.971,1,0.015141199,0
166,167,855.088,1,0.011422560,0
113,167,855.103,1,0.010866818,0
255,214,856.757,1,0.007097786,0
207,224,857.108,1,0.007835423,0
243,237,857.565,1,0.005148420,0
223,247,857.941,1,0.004769936,0
170,254,858.175,1,0.014282404,0
207,57,863.475,0,0.869640589,0
183,224,864.905,1,0.009071272,0
227,6,879.969,1,0.006540832,0
112,6,879.98,1,0.009412997,0
48,7,880.003,1,0.009534433,0
163,8,880.039,1,0.009819749,0
182,16,880.321,1,0.008917610,0
208,16,880.335,1,0.006775797,0
121,0,880.336,1,0.009050867,0
178,19,880.43,1,0.010126501,0
239,21,880.49,1,0.006889112,0
128,21,880.509,1,0.009760431,0
111,24,880.6,1,0.009403906,0
276,24,880.614,1,0.007594350,0
151,30,880.822,1,0.009037985,0
311,32,880.902,1,0.007335260,0
192,34,880.963,1,0.013148338,0
307,36,881.022,1,0.007717803,0
87,48,881.466,1,0.009088764,0
233,52,881.586,1,0.009734320,0
106,52,881.596,1,0.019386908,0
105,52,881.613,1,0.006203805,0
197,60,881.893,1,0.009255985,0
77,64,882.01,1,0.025754547,0
263,64,882.023,1,0.013920191,0
80,67,882.125,1,0.023770086,0
99,68,882.165,1,0.044890285,0
60,68,882.174,1,0.027568927,0
59,69,882.191,1,0.024143523,0
303,77,882.488,1,0.011195452,0
241,79,882.552,1,0.044621006,0
7,81,882.632,1,0.014223930,0
242,82,882.646,1,0.044616729,0
267,88,882.859,1,0.033220667,0
269,88,882.878,1,0.044437252,0
343,90,882.928,1,0.010063340,0
206,58,883.015,1,0.957238019,1
138,94,883.087,1,0.005789033,0
171,95,883.105,1,0.015371539,0
170,95,883.126,1,0.015076366,0
247,96,883.143,1,0.010952989,0
158,101,883.324,1,0.005498383,0
133,102,883.355,1,0.012699884,0
121,104,883.427,1,0.014537177,0
151,50,883.429,1,0.008658078,0
4,105,883.468,1,0.009139813,0
126,106,883.492,1,0.015244777,0
214,112,883.718,1,0.008843567,0
87,115,883.814,1,0.010081464,0
211,115,883.831,1,0.007917791,0
320,135,884.514,1,0.008101029,0
208,57,884.53,0,0.960554302,1
110,140,884.688,1,0.009841090,0
215,144,884.837,1,0.008903932,0
48,150,885.044,1,0.009179488,0
327,160,885.392,1,0.008041658,0
270,160,885.402,1,0.008294359,0
154,173,885.856,1,0.009631478,0
124,173,885.861,1,0.008954053,0
174,174,885.895,1,0.010703735,0
301,174,885.906,1,0.008134701,0
45,176,885.977,1,0.008772104,0
245,187,886.361,1,0.012935814,0
110,189,886.415,1,0.014564828,0
47,213,887.278,1,0.009750316,0
219,230,887.868,1,0.008736352,0
142,244,888.357,1,0.011265436,0
98,247,888.461,1,0.009206442,0
120,256,888.792,1,0.009224088,0
200,10,889.551,1,0.007224708,0
206,11,889.597,1,0.006654918,0
239,22,889.983,1,0.007469564,0
306,25,890.083,1,0.011342363,0
308,27,890.17,1,0.006773641,0
290,30,890.26,1,0.010774169,0
308,30,890.269,1,0.010187687,0
1,32,890.331,1,0.024979768,0
32,32,890.335,1,0.047238272,0
338,32,890.357,1,0.010194297,0
31,36,890.475,1,0.042668540,0
3,37,890.512,1,0.021337120,0
129,40,890.611,1,0.049835064,0
170,44,890.754,1,0.048939031,0
32,48,890.89,1,0.034098770,0
235,48,890.91,1,0.014113760,0
232,49,890.953,1,0.017297721,0
33,51,891.001,1,0.004333798,0
37,54,891.121,1,0.004825582,0
99,56,891.175,1,0.008566430,0
326,58,891.269,1,0.006535725,0
247,59,891.301,1,0.009369387,0
324,60,891.322,1,0.007276264,0
241,64,891.457,1,0.009394377,0
240,66,891.538,1,0.009676460,0
103,66,891.554,1,0.008941250,0
106,67,891.564,1,0.009041736,0
259,71,891.702,1,0.009396247,0
325,84,892.187,1,0.007166184,0
88,87,892.273,1,0.014109746,0
148,87,892.295,1,0.011228238,0
209,57,892.35,0,0.979974151,1
241,93,892.486,1,0.009642099,0
278,94,892.521,1,0.009815807,0
3,99,892.695,1,0.009074029,0
32,100,892.741,1,0.010016720,0
23,107,892.983,1,0.009207403,0
18,111,893.141,1,0.009070514,0
279,127,893.68,1,0.010257050,0
125,144,894.282,1,0.019147435,0
160,146,894.353,1,0.032694079,0
121,147,894.385,1,0.017117523,0
308,150,894.491,1,0.011717037,0
153,157,894.738,1,0.022205582,0
325,159,894.807,1,0.011013150,0
195,164,894.988,1,0.014579823,0
237,165,895.029,1,0.009599188,0
104,176,895.411,1,0.009139790,0
154,184,895.719,1,0.009327457,0
46,186,895.761,1,0.008725528,0
205,227,897.218,1,0.006957335,0
117,232,897.387,1,0.008486150,0
152,246,897.875,1,0.008782682,0
70,251,898.053,1,0.013008847,0
207,57,906.921,1,0.049935967,0
211,58,918.493,0,0.503754318,0
103,3,919.861,1,0.009593827,0
85,15,920.284,1,0.009582529,0
232,15,920.292,1,0.007011682,0
186,21,920.508,1,0.009457560,0
235,27,920.704,1,0.007167147,0
236,30,920.821,1,0.006983148,0
233,32,920.883,1,0.007768280,0
240,34,920.959,1,0.006522181,0
5,37,921.081,1,0.003472641,0
241,38,921.096,1,0.008863308,0
307,47,921.427,1,0.008103907,0
108,49,921.497,1,0.009133670,0
95,55,921.692,1,0.008993972,0
222,56,921.729,1,0.047887489,0
205,58,921.815,1,0.882516682,0
204,60,921.871,1,0.815337718,0
338,63,921.971,1,0.007000961,0
312,67,922.133,1,0.010603925,0
295,67,922.144,1,0.011315348,0
300,68,922.171,1,0.011081171,0
75,69,922.195,1,0.038131755,0
84,71,922.273,1,0.039268304,0
85,72,922.294,1,0.039573725,0
259,76,922.443,1,0.020844830,0
86,78,922.519,1,0.026704108,0
109,81,922.629,1,0.049317732,0
143,82,922.664,1,0.056783121,0
84,85,922.758,1,0.027404815,0
197,86,922.795,1,0.050536521,0
186,95,923.108,1,0.008459066,0
186,96,923.167,1,0.015218393,0
183,109,923.618,1,0.007302477,0
218,116,923.854,1,0.009290185,0
85,125,924.164,1,0.009657839,0
104,127,924.256,1,0.011293339,0
328,130,924.36,1,0.008058682,0
246,138,924.621,1,0.012266242,0
167,146,924.9,1,0.012569363,0
44,156,925.261,1,0.009507045,0
63,158,925.331,1,0.009567705,0
206,165,925.58,1,0.006609001,0
181,166,925.606,1,0.011277733,0
175,168,925.692,1,0.011390368,0
162,168,925.704,1,0.010833793,0
62,172,925.826,1,0.009541136,0
315,173,925.862,1,0.008038452,0
162,174,925.89,1,0.010282418,0
113,187,926.352,1,0.009926441,0
116,190,926.461,1,0.009633743,0
61,194,926.611,1,0.013962116,0
160,199,926.773,1,0.015094277,0
81,210,927.172,1,0.008524548,0
208,57,927.287,1,0.954251707,1
48,228,927.821,1,0.008483497,0
167,246,928.433,1,0.008607223,0
159,252,928.645,1,0.008334083,0
45,254,928.728,1,0.008081306,0
210,57,929.258,0,0.913084745,1
267,4,929.344,1,0.007117081,0
267,6,929.423,1,0.006584106,0
105,8,929.493,1,0.009783151,0
6,12,929.623,1,0.009375201,0
2,13,929.659,1,0.009208826,0
234,14,929.694,1,0.006889651,0
67,14,929.7,1,0.009597911,0
117,21,929.946,1,0.009619455,0
193,21,929.959,1,0.008567313,0
72,22,929.993,1,0.010025239,0
231,23,930.022,1,0.010250435,0
97,24,930.046,1,0.044576921,0
115,24,930.057,1,0.044619657,0
207,57,930.214,1,0.049931135,0
95,29,930.232,1,0.047588397,0
125,32,930.35,1,0.047202714,0
320,34,930.397,1,0.028030526,0
320,35,930.434,1,0.017097222,0
215,36,930.489,1,0.011978907,0
212,37,930.507,1,0.012574702,0
64,38,930.546,1,0.048848927,0
208,39,930.599,1,0.015190411,0
113,42,930.686,1,0.049009524,0
49,43,930.714,1,0.045818586,0
196,46,930.827,1,0.046830282,0
182,46,930.837,1,0.035301849,0
148,48,930.896,1,0.048390277,0
184,48,930.906,1,0.040853232,0
74,51,931.027,1,0.009041646,0
24,52,931.041,1,0.008892272,0
152,55,931.156,1,0.009119667,0
184,56,931.177,1,0.011836611,0
278,56,931.193,1,0.008186976,0
101,61,931.355,1,0.008668276,0
322,62,931.393,1,0.007228578,0
92,62,931.408,1,0.008722104,0
276,64,931.487,1,0.008740454,0
331,69,931.642,1,0.007070892,0
219,70,931.69,1,0.008841912,0
134,71,931.702,1,0.009390084,0
130,72,931.744,1,0.009436767,0
34,79,932.006,1,0.010580618,0
296,80,932.032,1,0.008368921,0
143,81,932.057,1,0.011147073,0
150,82,932.091,1,0.012284790,0
97,84,932.172,1,0.005694014,0
7,85,932.217,1,0.009842920,0
151,86,932.239,1,0.010318458,0
335,86,932.249,1,0.007175937,0
5,88,932.304,1,0.009571746,0
126,92,932.451,1,0.005896172,0
254,94,932.514,1,0.009369821,0
7,94,932.528,1,0.009557359,0
127,96,932.613,1,0.005942075,0
32,48,932.693,1,0.005825502,0
43,100,932.725,1,0.009790379,0
102,100,932.755,1,0.013672695,0
301,102,932.795,1,0.008490792,0
127,107,932.974,1,0.014788483,0
155,108,933.01,1,0.011495116,0
216,111,933.122,1,0.009447925,0
311,112,933.154,1,0.008641665,0
153,112,933.16,1,0.021102110,0
211,58,933.298,0,0.890875757,0
158,116,933.306,1,0.018317707,0
29,118,933.363,1,0.009369020,0
154,119,933.399,1,0.016195204,0
180,120,933.434,1,0.005511767,0
144,124,933.572,1,0.013367587,0
60,128,933.734,1,0.010379641,0
204,131,933.85,1,0.009412723,0
47,133,933.898,1,0.008895811,0
177,135,933.965,1,0.015355952,0
207,58,934.21,1,0.049722835,0
296,142,934.212,1,0.012337274,0
331,143,934.25,1,0.010821148,0
199,149,934.465,1,0.021218495,0
235,155,934.671,1,0.019987719,0
281,158,934.78,1,0.012134749,0
102,168,935.133,1,0.009416418,0
216,59,935.173,1,0.028455773,0
120,179,935.516,1,0.010082259,0
260,180,935.569,1,0.008303629,0
327,182,935.62,1,0.007871156,0
45,189,935.867,1,0.010296801,0
292,190,935.916,1,0.007711467,0
98,191,935.94,1,0.009330190,0
315,197,936.147,1,0.007733043,0
142,197,936.159,1,0.008182002,0
143,198,936.208,1,0.006160675,0
32,207,936.508,1,0.009389875,0
67,208,936.544,1,0.008434573,0
108,212,936.684,1,0.009695530,0
166,221,937.0,1,0.009088326,0
192,222,937.05,1,0.008892834,0
160,225,937.148,1,0.008736031,0
176,229,937.292,1,0.009041693,0
132,232,937.402,1,0.009686272,0
270,251,938.068,1,0.008580004,0
207,255,938.212,1,0.010248331,0
97,3,938.428,1,0.044464096,0
208,57,950.299,1,0.904589355,1
211,57,950.834,0,0.581559777,0
118,3,959.86,1,0.009528221,0
131,28,960.759,1,0.009298992,0
31,38,961.1,1,0.009022539,0
231,48,961.449,1,0.008487767,0
31,50,961.533,1,0.004546116,0
228,51,961.563,1,0.009267803,0
176,53,961.628,1,0.009369556,0
208,58,961.797,1,0.932178617,1
113,58,961.808,1,0.009237292,0
16,64,962.008,1,0.015917787,0
55,64,962.034,1,0.022075247,0
31,68,962.165,1,0.017028356,0
321,69,962.187,1,0.010459177,0
216,70,962.246,1,0.049475666,0
16,72,962.31,1,0.015366474,0
22,75,962.401,1,0.015636066,0
244,76,962.443,1,0.039529581,0
284,77,962.479,1,0.012287683,0
243,78,962.503,1,0.042265747,0
175,78,962.526,1,0.060151797,0
135,80,962.584,1,0.054730169,0
229,82,962.657,1,0.045296397,0
167,85,962.748,1,0.074510880,0
228,85,962.776,1,0.045644179,0
48,93,963.039,1,0.010185222,0
241,95,963.105,1,0.009418972,0
18,96,963.143,1,0.008307414,0
250,96,963.152,1,0.009126521,0
209,57,963.186,1,0.942364573,1
17,97,963.189,1,0.006429285,0
254,99,963.251,1,0.009165998,0
17,103,963.395,1,0.009396197,0
159,104,963.445,1,0.005685875,0
292,108,963.564,1,0.009044915,0
87,108,963.578,1,0.010920417,0
256,110,963.639,1,0.009253288,0
47,110,963.656,1,0.008814249,0
168,112,963.7,1,0.006264358,0
15,112,963.708,1,0.008932875,0
45,112,963.717,1,0.008560779,0
169,116,963.858,1,0.006454181,0
46,119,963.952,1,0.009383384,0
219,119,963.965,1,0.009350027,0
287,120,964.004,1,0.009551718,0
173,122,964.063,1,0.005850122,0
162,124,964.128,1,0.016553720,0
23,124,964.14,1,0.008780080,0
97,125,964.168,1,0.009890501,0
26,127,964.235,1,0.007125003,0
302,131,964.376,1,0.008666656,0
66,134,964.484,1,0.009493592,0
156,135,964.522,1,0.013509945,0
111,136,964.551,1,0.009919401,0
74,136,964.564,1,0.009455224,0
159,140,964.705,1,0.012521734,0
164,142,964.765,1,0.013156631,0
262,142,964.775,1,0.009878666,0
94,143,964.818,1,0.009641290,0
127,148,964.972,1,0.009768284,0
258,157,965.299,1,0.009027375,0
256,164,965.565,1,0.008693650,0
305,166,965.632,1,0.008748824,0
126,173,965.879,1,0.008967125,0
38,175,965.931,1,0.008426170,0
15,186,966.315,1,0.013440970,0
64,190,966.452,1,0.014079804,0
14,190,966.472,1,0.013367122,0
121,191,966.496,1,0.014453870,0
196,202,966.891,1,0.045811508,0
195,203,966.914,1,0.016358670,0
112,207,967.067,1,0.009075443,0
40,212,967.234,1,0.008499797,0
280,229,967.848,1,0.006780812,0
288,231,967.907,1,0.006584255,0
210,56,967.938,0,0.905542016,1
229,4,969.341,1,0.006851918,0
207,8,969.481,1,0.007255029,0
222,10,969.553,1,0.006561305,0
223,11,969.617,1,0.005291278,0
204,12,969.622,1,0.007140223,0
160,13,969.662,1,0.009681078,0
247,16,969.762,1,0.007962774,0
235,16,969.77,1,0.007707553,0
261,19,969.886,1,0.007882268,0
94,20,969.905,1,0.009685101,0
80,21,969.953,1,0.009809498,0
55,24,970.072,1,0.048689689,0
173,31,970.292,1,0.044711024,0
294,36,970.474,1,0.010759410,0
195,39,970.582,1,0.030174352,0
122,41,970.653,1,0.048980121,0
186,44,970.769,1,0.048260529,0
95,45,970.812,1,0.048779417,0
205,47,970.885,1,0.039329447,0
79,50,970.971,1,0.108777441,0
81,50,970.987,1,0.089517936,0
83,54,971.105,1,0.008600418,0
234,57,971.22,1,0.012557821,0
127,64,971.462,1,0.008887994,0
82,67,971.579,1,0.009060204,0
218,72,971.746,1,0.009033438,0
307,72,971.765,1,0.007808526,0
135,76,971.882,1,0.009787998,0
286,79,971.992,1,0.008565851,0
34,86,972.262,1,0.009929483,0
73,90,972.379,1,0.011695467,0
250,92,972.446,1,0.009348631,0
261,96,972.586,1,0.012256950,0
336,101,972.78,1,0.007292135,0
209,102,972.801,1,0.008669647,0
135,118,973.363,1,0.013088228,0
55,120,973.441,1,0.009625225,0
283,121,973.467,1,0.010046083,0
120,122,973.509,1,0.012471274,0
54,126,973.644,1,0.009181128,0
213,58,974.722,0,0.526294172,0
212,57,974.744,0,0.505114079,0
44,166,975.057,1,0.008806616,0
276,168,975.129,1,0.008298494,0
36,185,975.746,1,0.008860439,0
116,191,975.937,1,0.009161858,0
264,193,976.021,1,0.008235622,0
313,197,976.153,1,0.007408759,0
243,199,976.237,1,0.006895209,0
334,216,976.829,1,0.006920213,0
177,223,977.063,1,0.008832958,0
135,232,977.4,1,0.008819754,0
152,240,977.675,1,0.008883093,0
197,251,978.074,1,0.011953526,0
194,255,978.212,1,0.012347690,0
90,256,978.231,1,0.013168498,0
213,57,985.155,0,0.176991165,0
314,68,986.076,1,0.010568803,0
209,57,990.634,1,0.049995903,0
216,59,991.08,1,0.052216649,0
211,57,998.492,1,0.049850151,0
176,12,1000.175,1,0.009534613,0
183,24,1000.605,1,0.010093954,0
284,30,1000.836,1,0.007985720,0
318,31,1000.853,1,0.007537725,0
203,31,1000.864,1,0.017710168,0
300,36,1001.043,1,0.007612073,0
120,37,1001.073,1,0.009250984,0
150,47,1001.416,1,0.009208696,0
40,49,1001.493,1,0.009415359,0
70,51,1001.566,1,0.009092274,0
143,52,1001.595,1,0.009340275,0
209,58,1001.82,1,0.262950569,0
185,62,1001.939,1,0.119247586,0
260,62,1001.948,1,0.010037646,0
135,63,1001.988,1,0.009222358,0
257,64,1002.012,1,0.017035253,0
295,71,1002.258,1,0.011432352,0
204,72,1002.299,1,0.048866369,0
72,74,1002.365,1,0.022798408,0
213,57,1002.419,0,0.492375642,0
80,76,1002.452,1,0.025281349,0
277,77,1002.475,1,0.013397651,0
253,84,1002.718,1,0.031991158,0
336,85,1002.75,1,0.010149349,0
31,86,1002.807,1,0.015414795,0
128,88,1002.861,1,0.065957047,0
131,90,1002.931,1,0.067386560,0
54,94,1003.074,1,0.010018635,0
235,95,1003.118,1,0.009456220,0
236,107,1003.543,1,0.009547560,0
63,108,1003.564,1,0.009924525,0
292,109,1003.615,1,0.008902763,0
295,110,1003.632,1,0.008861935,0
173,118,1003.913,1,0.005807818,0
5,118,1003.918,1,0.008706004,0
151,120,1003.997,1,0.015012131,0
8,121,1004.041,1,0.008800925,0
14,121,1004.041,1,0.008867930,0
252,124,1004.137,1,0.009090254,0
264,125,1004.171,1,0.010979702,0
314,126,1004.194,1,0.007886155,0
218,128,1004.27,1,0.009636369,0
258,128,1004.293,1,0.011205376,0
331,135,1004.515,1,0.007526924,0
72,136,1004.552,1,0.009534924,0
5,136,1004.561,1,0.008488646,0
63,136,1004.57,1,0.009157612,0
32,139,1004.671,1,0.008864507,0
1,141,1004.735,1,0.008310314,0
230,142,1004.773,1,0.008999894,0
12,144,1004.841,1,0.008722047,0
96,146,1004.899,1,0.009946866,0
188,150,1005.04,1,0.012507986,0
128,150,1005.047,1,0.010144513,0
261,152,1005.116,1,0.009263684,0
69,152,1005.124,1,0.009031330,0
106,156,1005.264,1,0.009851558,0
296,157,1005.311,1,0.008411124,0
173,158,1005.353,1,0.011799218,0
151,159,1005.366,1,0.010249695,0
259,159,1005.383,1,0.008876879,0
144,164,1005.551,1,0.009851098,0
240,165,1005.586,1,0.010054001,0
138,166,1005.61,1,0.009881046,0
101,167,1005.648,1,0.008990772,0
168,168,1005.675,1,0.010906895,0
67,181,1006.147,1,0.014283673,0
164,186,1006.327,1,0.016445285,0
151,192,1006.525,1,0.014983637,0
76,199,1006.783,1,0.014695766,0
76,200,1006.802,1,0.025157977,0
0,203,1006.928,1,0.012961233,0
103,205,1006.991,1,0.014200101,0
312,206,1007.02,1,0.007352220,0
144,207,1007.081,1,0.009078001,0
26,208,1007.093,1,0.008416965,0
55,208,1007.113,1,0.008199632,0
136,212,1007.23,1,0.009747287,0
139,212,1007.246,1,0.010776370,0
141,213,1007.273,1,0.008762804,0
247,227,1007.779,1,0.005562197,0
343,232,1007.949,1,0.006818915,0
192,6,1009.411,1,0.007338112,0
30,6,1009.429,1,0.009188995,0
343,8,1009.484,1,0.007217437,0
145,11,1009.594,1,0.009513491,0
296,14,1009.692,1,0.007342566,0
168,14,1009.705,1,0.010298546,0
231,14,1009.714,1,0.006879697,0
43,15,1009.728,1,0.009256802,0
109,17,1009.8,1,0.009864526,0
271,19,1009.871,1,0.007563914,0
311,20,1009.912,1,0.007561802,0
147,22,1009.971,1,0.009530656,0
160,22,1009.978,1,0.010091191,0
154,22,1010.002,1,0.044667695,0
218,34,1010.411,1,0.011427013,0
63,37,1010.506,1,0.048799742,0
84,40,1010.613,1,0.049003068,0
252,40,1010.614,1,0.011092818,0
119,40,1010.64,1,0.049638905,0
52,48,1010.894,1,0.043062679,0
52,51,1011.012,1,0.008871263,0
24,52,1011.031,1,0.008198651,0
291,52,1011.048,1,0.007782189,0
240,57,1011.216,1,0.011304791,0
34,61,1011.355,1,0.012451084,0
105,63,1011.421,1,0.008824253,0
226,66,1011.547,1,0.009388372,0
270,70,1011.697,1,0.009576381,0
195,72,1011.752,1,0.008729080,0
283,76,1011.89,1,0.008718639,0
97,79,1011.989,1,0.004630815,0
40,80,1012.028,1,0.011027358,0
114,85,1012.201,1,0.005122462,0
271,86,1012.246,1,0.009608967,0
41,87,1012.271,1,0.009732772,0
210,88,1012.317,1,0.008715255,0
14,100,1012.74,1,0.009446613,0
269,102,1012.811,1,0.006055662,0
129,103,1012.837,1,0.016098605,0
270,103,1012.842,1,0.005185699,0
74,110,1013.091,1,0.010542522,0
332,114,1013.247,1,0.007302808,0
167,117,1013.337,1,0.009154511,0
159,118,1013.372,1,0.017832972,0
279,119,1013.398,1,0.010125020,0
50,119,1013.406,1,0.009281859,0
54,120,1013.431,1,0.009567245,0
34,130,1013.793,1,0.009157391,0
72,131,1013.84,1,0.008798405,0
74,133,1013.9,1,0.007799060,0
16,134,1013.941,1,0.008910146,0
114,136,1013.996,1,0.010440016,0
242,137,1014.033,1,0.015695419,0
85,139,1014.121,1,0.015400376,0
245,140,1014.145,1,0.023972956,0
64,143,1014.249,1,0.014792591,0
81,144,1014.288,1,0.015167523,0
176,148,1014.421,1,0.032309115,0
255,149,1014.474,1,0.014207899,0
257,152,1014.56,1,0.013738100,0
213,57,1014.626,0,0.492148608,0
258,156,1014.712,1,0.013022396,0
145,159,1014.807,1,0.019112965,0
262,165,1015.018,1,0.008557817,0
264,166,1015.058,1,0.008482427,0
170,167,1015.11,1,0.011119706,0
172,168,1015.126,1,0.011058855,0
323,173,1015.3,1,0.006661310,0
209,173,1015.309,1,0.007758898,0
320,173,1015.319,1,0.007060772,0
32,174,1015.363,1,0.008902687,0
247,176,1015.407,1,0.009583361,0
88,182,1015.618,1,0.008725136,0
83,183,1015.682,1,0.009775019,0
342,186,1015.757,1,0.007619425,0
141,187,1015.815,1,0.010374019,0
87,190,1015.9,1,0.008727578,0
130,204,1016.398,1,0.010813918,0
306,231,1017.367,1,0.006737438,0
69,238,1017.596,1,0.008772381,0
320,240,1017.68,1,0.006637977,0
40,246,1017.902,1,0.008838883,0
215,247,1017.91,1,0.007448655,0
83,250,1018.021,1,0.013179484,0
214,57,1018.827,0,0.491151839,0
215,58,1033.245,0,0.729352593,0
64,4,1039.899,1,0.006846689,0
66,6,1039.99,1,0.007719290,0
141,8,1040.06,1,0.008973106,0
173,12,1040.202,1,0.009633470,0
312,15,1040.304,1,0.007477165,0
151,20,1040.475,1,0.009434124,0
242,22,1040.536,1,0.007116326,0
29,23,1040.563,1,0.008621203,0
268,37,1041.059,1,0.007781916,0
335,45,1041.337,1,0.007276911,0
241,45,1041.348,1,0.009624258,0
194,47,1041.421,1,0.008689994,0
197,47,1041.435,1,0.011566405,0
260,48,1041.443,1,0.008206413,0
87,56,1041.737,1,0.009161104,0
212,57,1041.758,1,0.949155211,1
211,60,1041.872,1,0.917243600,1
247,60,1041.887,1,0.010166639,0
87,61,1041.918,1,0.008877713,0
244,62,1041.944,1,0.013192992,0
143,62,1041.966,1,0.009203411,0
197,66,1042.088,1,0.048784494,0
343,71,1042.261,1,0.010067792,0
160,77,1042.47,1,0.060601521,0
257,77,1042.488,1,0.023730207,0
137,78,1042.506,1,0.054465167,0
343,82,1042.67,1,0.010015462,0
81,84,1042.714,1,0.026200876,0
168,85,1042.764,1,0.073310524,0
85,86,1042.785,1,0.028010689,0
293,86,1042.798,1,0.012055914,0
128,87,1042.82,1,0.061441120,0
79,90,1042.953,1,0.022911532,0
192,92,1042.995,1,0.053502161,0
190,93,1043.028,1,0.009321948,0
233,94,1043.093,1,0.009689502,0
32,48,1043.096,1,0.004688671,0
98,96,1043.143,1,0.013441849,0
53,96,1043.162,1,0.010102191,0
66,98,1043.21,1,0.010518351,0
283,101,1043.336,1,0.009645944,0
304,105,1043.456,1,0.008332464,0
134,112,1043.71,1,0.014924214,0
142,114,1043.773,1,0.016325159,0
64,116,1043.854,1,0.009620490,0
141,119,1043.96,1,0.014842802,0
166,127,1044.247,1,0.017674599,0
74,128,1044.285,1,0.009564656,0
338,133,1044.446,1,0.007471948,0
248,143,1044.804,1,0.009764064,0
72,150,1045.058,1,0.009454818,0
246,152,1045.129,1,0.009660065,0
102,156,1045.26,1,0.009666596,0
231,156,1045.283,1,0.011586812,0
315,159,1045.37,1,0.008133925,0
140,163,1045.51,1,0.009555477,0
118,167,1045.645,1,0.009065346,0
166,173,1045.865,1,0.010249342,0
105,186,1046.321,1,0.014555353,0
251,192,1046.532,1,0.012185497,0
72,195,1046.647,1,0.013164954,0
74,197,1046.71,1,0.012049107,0
278,211,1047.202,1,0.007322421,0
71,215,1047.332,1,0.009600472,0
192,231,1047.921,1,0.009289904,0
89,248,1048.502,1,0.008048081,0
93,250,1048.568,1,0.008053599,0
41,254,1048.709,1,0.007895532,0
211,58,1048.897,1,0.907379568,1
210,56,1049.003,1,0.552625418,0
189,3,1049.307,1,0.008059403,0
140,4,1049.356,1,0.009563730,0
112,5,1049.382,1,0.010017382,0
304,7,1049.462,1,0.007874605,0
272,8,1049.483,1,0.007390887,0
309,8,1049.489,1,0.007945835,0
305,9,1049.526,1,0.007728513,0
103,12,1049.636,1,0.010173177,0
29,13,1049.663,1,0.009061311,0
324,15,1049.756,1,0.007131597,0
243,16,1049.764,1,0.007369365,0
127,16,1049.769,1,0.010010517,0
121,17,1049.817,1,0.009490998,0
259,18,1049.855,1,0.008171778,0
163,19,1049.893,1,0.009146746,0
58,20,1049.906,1,0.009460665,0
321,21,1049.941,1,0.007654838,0
239,21,1049.948,1,0.007110432,0
109,21,1049.969,1,0.009535353,0
237,22,1049.99,1,0.007623050,0
296,23,1050.01,1,0.010624611,0
107,23,1050.023,1,0.044599988,0
84,25,1050.087,1,0.046460651,0
78,28,1050.187,1,0.048912231,0
263,29,1050.225,1,0.010741682,0
240,31,1050.297,1,0.010675436,0
57,37,1050.507,1,0.048809800,0
204,38,1050.539,1,0.017650282,0
142,38,1050.55,1,0.034950025,0
110,39,1050.587,1,0.049733501,0
144,40,1050.619,1,0.041033980,0
160,41,1050.665,1,0.049752221,0
171,46,1050.827,1,0.048998892,0
136,52,1051.05,1,0.008723816,0
112,52,1051.05,1,0.009129630,0
136,54,1051.105,1,0.008603383,0
336,62,1051.396,1,0.007059008,0
97,80,1052.025,1,0.005130664,0
71,104,1052.874,1,0.010377888,0
146,114,1053.221,1,0.018884342,0
230,126,1053.658,1,0.009786607,0
70,130,1053.789,1,0.010261921,0
67,132,1053.855,1,0.009954890,0
105,144,1054.279,1,0.015894357,0
197,158,1054.769,1,0.015205050,0
284,159,1054.821,1,0.012080656,0
175,176,1055.407,1,0.010234822,0
317,178,1055.503,1,0.007972778,0
188,181,1055.602,1,0.010034851,0
35,182,1055.643,1,0.008372598,0
168,184,1055.691,1,0.010389722,0
328,184,1055.701,1,0.007518223,0
139,184,1055.716,1,0.008972504,0
83,190,1055.912,1,0.008575098,0
329,191,1055.944,1,0.007455945,0
39,195,1056.098,1,0.008385713,0
10,136,1056.104,1,0.008752986,0
159,198,1056.201,1,0.009043607,0
154,199,1056.232,1,0.009057356,0
342,200,1056.273,1,0.007169760,0
337,205,1056.443,1,0.007210525,0
218,208,1056.547,1,0.009294488,0
41,208,1056.562,1,0.008181268,0
118,213,1056.716,1,0.008968278,0
27,215,1056.794,1,0.008360434,0
193,224,1057.112,1,0.008709342,0
199,229,1057.284,1,0.007516733,0
184,231,1057.349,1,0.009874782,0
223,244,1057.819,1,0.005219655,0
94,252,1058.094,1,0.013291641,0
216,57,1064.91,0,0.977595925,1
215,57,1065.942,0,0.933894455,1
213,57,1066.012,1,0.990452886,1
212,57,1067.145,1,0.978580117,1
336,8,1080.045,1,0.007326641,0
209,8,1080.062,1,0.006557372,0
38,32,1080.896,1,0.008718787,0
47,34,1080.972,1,0.008766516,0
31,40,1081.165,1,0.009446203,0
24,42,1081.262,1,0.009345810,0
217,57,1081.48,0,0.963793933,1
76,50,1081.52,1,0.009008199,0
213,51,1081.561,1,0.040328696,0
211,56,1081.733,1,0.871192515,0
263,62,1081.939,1,0.010417709,0
219,62,1081.948,1,0.123172283,0
170,69,1082.196,1,0.056481428,0
66,70,1082.22,1,0.023247041,0
208,72,1082.3,1,0.048547119,0
200,80,1082.586,1,0.018999759,0
147,80,1082.596,1,0.058213096,0
197,83,1082.68,1,0.016565399,0
143,85,1082.758,1,0.057484183,0
138,86,1082.786,1,0.054129109,0
207,86,1082.797,1,0.048414063,0
238,88,1082.881,1,0.044684920,0
143,91,1082.968,1,0.070657149,0
176,96,1083.152,1,0.010810425,0
168,96,1083.166,1,0.005517091,0
217,58,1083.405,0,0.921389699,1
85,112,1083.705,1,0.010379760,0
114,125,1084.166,1,0.011495290,0
218,126,1084.209,1,0.009475118,0
323,132,1084.426,1,0.007731093,0
95,135,1084.521,1,0.009640702,0
44,152,1085.116,1,0.009132845,0
255,156,1085.262,1,0.009385866,0
102,158,1085.332,1,0.009753603,0
39,163,1085.508,1,0.008672213,0
110,164,1085.552,1,0.009631668,0
310,165,1085.579,1,0.007993415,0
10,136,1085.898,1,0.008981489,0
283,184,1086.263,1,0.011186298,0
179,187,1086.347,1,0.014616803,0
256,190,1086.45,1,0.011863127,0
195,192,1086.522,1,0.011816399,0
209,194,1086.595,1,0.011270712,0
85,196,1086.684,1,0.013245332,0
213,197,1086.717,1,0.011259723,0
75,198,1086.741,1,0.014048402,0
83,198,1086.753,1,0.013922763,0
72,212,1087.234,1,0.008519943,0
152,213,1087.263,1,0.009761828,0
328,225,1087.688,1,0.006985764,0
146,229,1087.828,1,0.008920684,0
113,5,1089.384,1,0.009854871,0
138,14,1089.702,1,0.009720660,0
280,16,1089.768,1,0.007428077,0
332,34,1090.402,1,0.010294590,0
114,39,1090.584,1,0.049791168,0
18,43,1090.742,1,0.027721813,0
319,45,1090.787,1,0.010508460,0
32,48,1090.89,1,0.031801436,0
212,56,1091.174,1,0.984342575,1
213,57,1091.221,1,0.968998134,1
255,60,1091.324,1,0.009175871,0
305,62,1091.395,1,0.007405011,0
100,64,1091.459,1,0.009117974,0
303,70,1091.676,1,0.007898909,0
183,80,1092.024,1,0.009811397,0
326,96,1092.585,1,0.006461665,0
324,98,1092.657,1,0.006958463,0
176,102,1092.8,1,0.006505730,0
172,102,1092.815,1,0.003830513,0
240,104,1092.868,1,0.009718527,0
322,122,1093.504,1,0.007734037,0
283,125,1093.615,1,0.010198304,0
270,129,1093.756,1,0.009691753,0
269,132,1093.865,1,0.009744433,0
30,139,1094.115,1,0.014148622,0
303,144,1094.28,1,0.011984140,0
248,150,1094.505,1,0.017596705,0
248,151,1094.527,1,0.020549854,0
299,152,1094.57,1,0.012004535,0
208,176,1095.429,1,0.008444856,0
24,208,1096.55,1,0.008808431,0
228,231,1097.365,1,0.003579626,0
1,244,1097.806,1,0.008354103,0
213,58,1106.108,1,0.989542007,1
218,58,1107.621,0,0.819466352,0
214,57,1107.925,1,0.983751357,1
217,58,1109.404,0,0.906811655,1
216,58,1115.716,0,0.955043554,1
68,1,1119.796,1,0.009962525,0
48,6,1119.969,1,0.009382879,0
59,9,1120.08,1,0.009474452,0
240,16,1120.324,1,0.006974048,0
202,20,1120.468,1,0.007505926,0
206,22,1120.54,1,0.007249897,0
192,30,1120.808,1,0.010299781,0
300,31,1120.86,1,0.007794541,0
56,32,1120.879,1,0.008971381,0
197,41,1121.213,1,0.009372948,0
117,46,1121.399,1,0.009388620,0
132,47,1121.415,1,0.009392523,0
71,49,1121.493,1,0.008852684,0
10,50,1121.529,1,0.011183988,0
215,52,1121.588,1,0.009402205,0
276,63,1121.979,1,0.008689390,0
86,64,1122.014,1,0.043801617,0
9,69,1122.198,1,0.015016187,0
292,84,1122.716,1,0.012059930,0
162,87,1122.828,1,0.084514625,0
248,88,1122.87,1,0.040200006,0
252,90,1122.931,1,0.036046430,0
108,96,1123.136,1,0.015080821,0
240,100,1123.305,1,0.009414270,0
249,104,1123.432,1,0.009404554,0
217,112,1123.711,1,0.009281592,0
216,114,1123.793,1,0.009608150,0
280,116,1123.865,1,0.010152546,0
140,117,1123.887,1,0.015726198,0
22,121,1124.024,1,0.009380640,0
166,127,1124.228,1,0.017943248,0
131,133,1124.463,1,0.011721074,0
227,141,1124.722,1,0.008808706,0
212,142,1124.765,1,0.006037753,0
212,143,1124.814,1,0.008600629,0
15,144,1124.836,1,0.008396164,0
30,144,1124.851,1,0.009101408,0
285,148,1124.978,1,0.009185284,0
247,154,1125.196,1,0.010837918,0
296,158,1125.328,1,0.008491142,0
239,158,1125.341,1,0.011097700,0
216,159,1125.364,1,0.008663387,0
106,162,1125.489,1,0.009803492,0
207,170,1125.753,1,0.008382459,0
112,173,1125.854,1,0.009000923,0
215,176,1125.967,1,0.005480699,0
237,181,1126.138,1,0.018604778,0
184,187,1126.347,1,0.014060085,0
240,194,1126.592,1,0.013981686,0
297,198,1126.741,1,0.010705665,0
81,205,1126.981,1,0.013976231,0
36,213,1127.273,1,0.008658209,0
101,232,1127.956,1,0.008570984,0
221,238,1128.155,1,0.005856056,0
239,244,1128.36,1,0.004913384,0
218,57,1128.494,0,0.727737486,0
106,0,1129.229,1,0.009920851,0
42,6,1129.426,1,0.009425896,0
98,13,1129.658,1,0.009895626,0
154,14,1129.694,1,0.009421463,0
239,19,1129.871,1,0.006883956,0
249,20,1129.902,1,0.007762913,0
48,20,1129.909,1,0.009433437,0
120,21,1129.947,1,0.009901551,0
181,22,1129.985,1,0.010990223,0
32,23,1130.013,1,0.047283489,0
135,24,1130.047,1,0.044685908,0
270,28,1130.186,1,0.010791031,0
72,30,1130.257,1,0.049396552,0
265,30,1130.262,1,0.010773184,0
130,31,1130.296,1,0.046965525,0
192,37,1130.505,1,0.028217869,0
7,37,1130.512,1,0.028505841,0
157,38,1130.542,1,0.049270216,0
180,40,1130.632,1,0.047387458,0
11,47,1130.861,1,0.016245797,0
30,48,1130.892,1,0.026838653,0
203,50,1130.965,1,0.048506048,0
18,54,1131.124,1,0.012162617,0
319,58,1131.255,1,0.007351298,0
96,58,1131.264,1,0.009115475,0
10,59,1131.288,1,0.010608068,0
204,60,1131.331,1,0.008750462,0
14,62,1131.397,1,0.010734954,0
174,63,1131.43,1,0.009062910,0
164,66,1131.54,1,0.010328377,0
164,69,1131.642,1,0.005853065,0
99,71,1131.71,1,0.008744016,0
258,77,1131.916,1,0.011271227,0
176,78,1131.955,1,0.009913249,0
200,82,1132.1,1,0.008852344,0
183,85,1132.204,1,0.010474220,0
120,88,1132.315,1,0.005376743,0
32,48,1132.388,1,0.008699932,0
98,92,1132.445,1,0.014173359,0
218,58,1132.526,0,0.886147201,0
324,95,1132.549,1,0.007677012,0
63,96,1132.588,1,0.010243786,0
112,98,1132.664,1,0.015059007,0
247,103,1132.838,1,0.009469741,0
241,106,1132.954,1,0.009462667,0
190,111,1133.117,1,0.009496395,0
87,120,1133.454,1,0.010258213,0
207,124,1133.593,1,0.008945506,0
1,125,1133.614,1,0.008559657,0
90,126,1133.654,1,0.010314651,0
323,127,1133.68,1,0.007995396,0
243,139,1134.116,1,0.023453178,0
71,166,1135.059,1,0.008736848,0
229,167,1135.11,1,0.012887765,0
7,173,1135.305,1,0.009071919,0
321,175,1135.394,1,0.007831004,0
263,212,1136.676,1,0.007773380,0
272,215,1136.781,1,0.007673260,0
215,58,1137.115,1,0.950941980,1
214,57,1137.335,1,0.972377002,1
111,236,1137.535,1,0.008594939,0
318,7,1160.024,1,0.007435960,0
136,23,1160.576,1,0.010034202,0
344,25,1160.646,1,0.007056117,0
336,28,1160.761,1,0.007395243,0
147,33,1160.916,1,0.008965486,0
25,39,1161.156,1,0.008740772,0
34,59,1161.852,1,0.009317127,0
38,64,1162.028,1,0.018849883,0
225,70,1162.232,1,0.047150072,0
257,71,1162.256,1,0.019742798,0
191,71,1162.264,1,0.051093150,0
156,77,1162.472,1,0.059729256,0
104,83,1162.683,1,0.043988883,0
54,84,1162.723,1,0.017717402,0
151,50,1162.976,1,0.048322298,0
120,93,1163.034,1,0.006099921,0
152,94,1163.072,1,0.005052994,0
304,96,1163.153,1,0.008219825,0
330,105,1163.474,1,0.007343063,0
247,111,1163.666,1,0.009152167,0
206,114,1163.79,1,0.008979393,0
205,120,1163.997,1,0.008842606,0
161,124,1164.15,1,0.016037988,0
96,126,1164.195,1,0.010312524,0
166,127,1164.227,1,0.017744891,0
155,138,1164.637,1,0.012583947,0
257,144,1164.858,1,0.009294088,0
263,145,1164.863,1,0.009576435,0
102,166,1165.62,1,0.009483997,0
149,171,1165.805,1,0.009609711,0
191,183,1166.212,1,0.013796720,0
167,200,1166.818,1,0.015586859,0
103,206,1167.03,1,0.008484272,0
200,212,1167.234,1,0.007609632,0
204,213,1167.284,1,0.007739217,0
39,216,1167.388,1,0.008077977,0
216,59,1167.426,1,0.989563942,1
158,219,1167.491,1,0.009016359,0
98,224,1167.664,1,0.008641889,0
7,256,1168.792,1,0.007809495,0
216,57,1169.101,1,0.975820422,1
55,1,1169.259,1,0.009743509,0
21,12,1169.637,1,0.009341427,0
4,14,1169.698,1,0.009213177,0
128,14,1169.723,1,0.009667450,0
304,16,1169.763,1,0.007742558,0
306,18,1169.833,1,0.005967022,0
220,58,1169.84,0,0.904580951,1
167,21,1169.945,1,0.009134316,0
44,22,1169.974,1,0.009175261,0
238,24,1170.048,1,0.010382178,0
32,26,1170.125,1,0.047936078,0
176,28,1170.186,1,0.034626059,0
303,28,1170.191,1,0.010590156,0
184,29,1170.224,1,0.021248106,0
238,29,1170.237,1,0.010605661,0
49,32,1170.328,1,0.048950043,0
196,34,1170.4,1,0.028581342,0
199,34,1170.412,1,0.013224658,0
336,38,1170.542,1,0.010205957,0
119,44,1170.755,1,0.048830234,0
81,45,1170.79,1,0.048618961,0
70,47,1170.859,1,0.048052114,0
179,51,1171.007,1,0.008656376,0
124,52,1171.056,1,0.009109112,0
52,54,1171.12,1,0.009102336,0
223,55,1171.141,1,0.014104592,0
99,56,1171.173,1,0.008803745,0
208,56,1171.187,1,0.009558984,0
217,57,1171.209,1,0.936252475,1
102,57,1171.217,1,0.008900882,0
292,58,1171.268,1,0.007697975,0
289,60,1171.323,1,0.008199314,0
245,61,1171.356,1,0.011310820,0
211,63,1171.429,1,0.010940713,0
207,68,1171.618,1,0.008627778,0
67,71,1171.71,1,0.004999816,0
181,84,1172.165,1,0.010570544,0
161,88,1172.317,1,0.009115670,0
112,92,1172.452,1,0.006804479,0
215,98,1172.666,1,0.008687867,0
175,111,1173.122,1,0.004955568,0
299,118,1173.371,1,0.008654465,0
93,132,1173.855,1,0.009901205,0
272,136,1174.0,1,0.017349062,0
16,137,1174.046,1,0.013920622,0
224,142,1174.216,1,0.039075222,0
236,152,1174.566,1,0.020633858,0
234,158,1174.775,1,0.019888144,0
65,173,1175.327,1,0.009601681,0
155,195,1176.085,1,0.009368710,0
51,199,1176.231,1,0.008912534,0
13,199,1176.245,1,0.008358853,0
118,216,1176.823,1,0.009431651,0
110,226,1177.189,1,0.005807673,0
110,227,1177.225,1,0.007596963,0
164,246,1177.875,1,0.009528600,0
100,255,1178.204,1,0.013307004,0
283,259,1178.36,1,0.009926825,0
220,58,1185.325,0,0.823149562,0
217,58,1185.474,1,0.979233742,1
221,57,1186.084,0,0.883658111,0
87,6,1199.989,1,0.009223277,0
135,14,1200.249,1,0.009439453,0
344,16,1200.326,1,0.007204363,0
104,20,1200.469,1,0.009555856,0
202,28,1200.744,1,0.008458935,0
218,58,1200.797,1,0.996602654,1
201,30,1200.831,1,0.008421391,0
290,40,1201.165,1,0.007647846,0
218,57,1201.758,1,0.978765428,1
216,62,1201.941,1,0.699858665,0
95,70,1202.218,1,0.041301310,0
181,71,1202.262,1,0.054938488,0
262,77,1202.481,1,0.019828813,0
191,80,1202.599,1,0.055201117,0
89,83,1202.685,1,0.029109471,0
300,84,1202.736,1,0.011592346,0
206,84,1202.736,1,0.048637778,0
126,86,1202.793,1,0.055397697,0
183,87,1202.833,1,0.063610107,0
168,90,1202.937,1,0.087518416,0
104,90,1202.947,1,0.036835592,0
288,91,1202.968,1,0.012885637,0
285,92,1203.0,1,0.009450835,0
305,100,1203.284,1,0.008298188,0
128,101,1203.318,1,0.016033910,0
131,102,1203.355,1,0.013964689,0
329,103,1203.381,1,0.007534440,0
219,59,1203.531,0,0.964045823,1
169,108,1203.568,1,0.005337160,0
226,110,1203.627,1,0.009424672,0
249,110,1203.633,1,0.009136595,0
208,110,1203.643,1,0.009136216,0
41,112,1203.721,1,0.009457703,0
48,117,1203.891,1,0.009516164,0
39,119,1203.956,1,0.009571849,0
286,120,1203.983,1,0.009731753,0
171,121,1204.027,1,0.005918630,0
228,137,1204.597,1,0.009287592,0
220,59,1205.089,0,0.981983066,1
45,152,1205.124,1,0.008957714,0
303,158,1205.342,1,0.008636038,0
199,159,1205.365,1,0.008113127,0
211,179,1206.074,1,0.012536883,0
206,183,1206.204,1,0.011682506,0
221,59,1206.313,0,0.942250788,1
286,195,1206.658,1,0.010807534,0
53,200,1206.814,1,0.013768293,0
284,212,1207.233,1,0.007423223,0
56,214,1207.299,1,0.008562402,0
115,216,1207.379,1,0.008750835,0
212,258,1208.857,1,0.008221395,0
126,12,1209.633,1,0.009709609,0
8,13,1209.659,1,0.009211062,0
275,18,1209.838,1,0.020073889,0
276,18,1209.861,1,0.023907913,0
46,23,1210.024,1,0.047546178,0
127,24,1210.059,1,0.044661988,0
192,26,1210.126,1,0.012677197,0
126,27,1210.151,1,0.044826437,0
27,30,1210.265,1,0.047384355,0
197,30,1210.286,1,0.012917281,0
230,31,1210.299,1,0.010735583,0
239,32,1210.327,1,0.010708432,0
216,32,1210.346,1,0.011171829,0
105,33,1210.389,1,0.048527896,0
274,34,1210.398,1,0.010983502,0
103,34,1210.426,1,0.049212642,0
92,37,1210.506,1,0.049751271,0
119,39,1210.58,1,0.049864180,0
203,40,1210.611,1,0.021428224,0
237,40,1210.619,1,0.013166912,0
238,41,1210.659,1,0.011919289,0
335,46,1210.821,1,0.010212953,0
155,46,1210.835,1,0.048933171,0
143,47,1210.863,1,0.048497688,0
29,50,1210.967,1,0.022435166,0
83,52,1211.046,1,0.008568726,0
50,54,1211.104,1,0.009165426,0
25,54,1211.111,1,0.010655301,0
24,54,1211.116,1,0.005371946,0
198,54,1211.129,1,0.009144010,0
87,55,1211.143,1,0.008534250,0
308,56,1211.174,1,0.007445116,0
55,56,1211.182,1,0.008921198,0
119,56,1211.192,1,0.008568633,0
219,58,1211.242,1,0.970523596,1
112,59,1211.305,1,0.009057173,0
89,60,1211.333,1,0.008555527,0
53,61,1211.35,1,0.004054885,0
110,63,1211.421,1,0.009121818,0
67,64,1211.456,1,0.008401187,0
210,67,1211.566,1,0.008882599,0
168,72,1211.741,1,0.009615081,0
305,72,1211.752,1,0.007837984,0
174,73,1211.776,1,0.009386744,0
9,74,1211.834,1,0.009634989,0
101,75,1211.846,1,0.009334955,0
240,76,1211.894,1,0.009594157,0
36,79,1211.986,1,0.010452452,0
180,80,1212.04,1,0.010008349,0
277,83,1212.129,1,0.008946008,0
220,84,1212.162,1,0.008884680,0
109,86,1212.239,1,0.005542924,0
73,86,1212.256,1,0.012057443,0
287,90,1212.374,1,0.008876760,0
293,92,1212.459,1,0.008482704,0
175,94,1212.523,1,0.009243259,0
292,95,1212.548,1,0.009379001,0
204,105,1212.911,1,0.009196000,0
311,114,1213.221,1,0.008373989,0
202,120,1213.446,1,0.008916426,0
248,127,1213.682,1,0.009498710,0
56,153,1214.605,1,0.014517646,0
204,174,1215.335,1,0.009530656,0
128,175,1215.377,1,0.009422011,0
6,194,1216.058,1,0.008249862,0
323,207,1216.499,1,0.007205206,0
318,214,1216.766,1,0.006930088,0
112,227,1217.205,1,0.008359805,0
200,224,1219.043,1,0.007314624,0
222,58,1219.879,0,0.821305573,0
218,58,1227.218,1,0.964716136,1
221,59,1229.137,0,0.999752104,1
220,58,1230.721,1,0.998697996,1
219,58,1231.414,1,0.999101043,1
223,58,1234.072,0,0.486861169,0
221,57,1234.495,1,0.043124288,0
32,48,1235.596,1,0.005857381,0
144,8,1240.06,1,0.009203441,0
61,14,1240.257,1,0.009302565,0
222,59,1240.363,0,0.960377336,1
15,23,1240.568,1,0.008616679,0
307,23,1240.582,1,0.007437129,0
242,32,1240.889,1,0.008528938,0
241,36,1241.026,1,0.015466087,0
191,39,1241.134,1,0.012848112,0
108,39,1241.146,1,0.009257936,0
184,40,1241.166,1,0.009997525,0
278,46,1241.38,1,0.007888479,0
214,47,1241.422,1,0.020261073,0
274,53,1241.62,1,0.008098662,0
280,53,1241.638,1,0.007910184,0
217,57,1241.773,1,0.968101382,1
244,67,1242.129,1,0.028338453,0
35,70,1242.228,1,0.017259769,0
120,71,1242.258,1,0.050659202,0
329,78,1242.502,1,0.010249308,0
335,78,1242.51,1,0.010147630,0
263,78,1242.517,1,0.019706877,0
37,80,1242.575,1,0.016580088,0
38,83,1242.687,1,0.016344029,0
309,84,1242.711,1,0.011105903,0
48,86,1242.795,1,0.016893335,0
187,87,1242.838,1,0.059048165,0
55,88,1242.854,1,0.017307952,0
146,92,1243.002,1,0.008495330,0
51,93,1243.043,1,0.010691075,0
149,95,1243.101,1,0.006027455,0
23,98,1243.214,1,0.009690436,0
262,102,1243.351,1,0.009508486,0
18,103,1243.38,1,0.009490271,0
227,103,1243.402,1,0.009349594,0
72,106,1243.501,1,0.010555339,0
161,108,1243.571,1,0.005722672,0
219,57,1243.607,1,0.976422310,1
36,109,1243.611,1,0.009698025,0
31,112,1243.719,1,0.009277716,0
42,118,1243.918,1,0.009366971,0
10,120,1243.981,1,0.009118056,0
183,125,1244.184,1,0.005330944,0
313,142,1244.787,1,0.008522379,0
315,143,1244.802,1,0.007876542,0
257,150,1245.064,1,0.010475816,0
219,59,1245.269,1,0.946057439,1
47,156,1245.273,1,0.009546180,0
182,158,1245.333,1,0.012204723,0
227,160,1245.397,1,0.010979748,0
318,178,1246.048,1,0.011040215,0
311,182,1246.173,1,0.011064713,0
162,187,1246.369,1,0.016237410,0
100,203,1246.926,1,0.014215508,0
142,220,1247.518,1,0.008897686,0
183,224,1247.675,1,0.008905056,0
136,6,1249.421,1,0.009803774,0
154,7,1249.453,1,0.012499643,0
34,12,1249.624,1,0.009511504,0
232,12,1249.631,1,0.006688849,0
206,15,1249.734,1,0.006784805,0
86,16,1249.771,1,0.009717820,0
226,18,1249.833,1,0.006892441,0
239,21,1249.939,1,0.007210153,0
184,21,1249.948,1,0.009326612,0
220,58,1250.056,1,0.047795299,0
80,24,1250.068,1,0.023354195,0
231,27,1250.157,1,0.010477314,0
84,28,1250.186,1,0.018679788,0
230,30,1250.286,1,0.010667653,0
185,31,1250.32,1,0.022744838,0
199,32,1250.329,1,0.013340270,0
159,40,1250.612,1,0.049591854,0
111,40,1250.619,1,0.049315043,0
151,42,1250.683,1,0.049868662,0
224,44,1250.772,1,0.014079921,0
211,46,1250.825,1,0.023846652,0
106,48,1250.896,1,0.048351716,0
35,52,1251.035,1,0.003631136,0
107,54,1251.114,1,0.008673906,0
80,61,1251.355,1,0.008995655,0
56,61,1251.359,1,0.003860566,0
281,62,1251.386,1,0.008459531,0
122,63,1251.425,1,0.009308003,0
135,69,1251.641,1,0.009196812,0
332,70,1251.678,1,0.006967028,0
34,72,1251.74,1,0.011380847,0
321,76,1251.89,1,0.007347224,0
135,95,1252.55,1,0.005703941,0
331,96,1252.584,1,0.007275358,0
139,96,1252.592,1,0.005627153,0
88,96,1252.609,1,0.013353313,0
234,98,1252.669,1,0.009521707,0
137,104,1252.871,1,0.013982284,0
91,110,1253.079,1,0.011493852,0
32,111,1253.12,1,0.009661850,0
151,116,1253.296,1,0.017831586,0
227,117,1253.33,1,0.009942533,0
160,117,1253.347,1,0.018562930,0
248,141,1254.177,1,0.021111736,0
82,146,1254.353,1,0.015170202,0
96,159,1254.82,1,0.015015101,0
91,167,1255.091,1,0.010264082,0
343,172,1255.27,1,0.007813368,0
219,58,1255.645,1,0.981460214,1
131,187,1255.812,1,0.010124426,0
208,208,1256.547,1,0.008234664,0
272,216,1256.817,1,0.007561810,0
132,231,1257.358,1,0.008702807,0
104,239,1257.632,1,0.008374119,0
223,59,1266.761,0,0.992217779,1
224,59,1266.866,0,0.949830770,1
220,58,1267.716,1,0.963709652,1
221,58,1269.297,1,0.940840662,1
221,59,1273.333,1,0.953281462,1
181,4,1279.9,1,0.008259508,0
73,4,1279.913,1,0.009288566,0
31,7,1280.023,1,0.009178321,0
128,10,1280.122,1,0.009615554,0
323,12,1280.179,1,0.007190530,0
172,14,1280.262,1,0.010154147,0
324,16,1280.323,1,0.007383086,0
208,18,1280.408,1,0.006780288,0
194,19,1280.434,1,0.007935752,0
212,20,1280.456,1,0.006821264,0
144,20,1280.464,1,0.007756068,0
239,20,1280.472,1,0.006945394,0
327,20,1280.486,1,0.007113618,0
204,22,1280.551,1,0.007449970,0
144,23,1280.565,1,0.007486744,0
26,24,1280.606,1,0.008922762,0
191,24,1280.614,1,0.008914851,0
190,26,1280.675,1,0.009949571,0
264,27,1280.721,1,0.007187678,0
272,28,1280.748,1,0.007325146,0
266,31,1280.856,1,0.007594494,0
117,36,1281.033,1,0.008282553,0
133,37,1281.082,1,0.008996565,0
126,38,1281.106,1,0.009049725,0
183,39,1281.136,1,0.009636523,0
113,40,1281.192,1,0.007444965,0
343,44,1281.321,1,0.007075079,0
232,45,1281.362,1,0.010125574,0
291,47,1281.412,1,0.007875705,0
92,47,1281.425,1,0.009166894,0
33,50,1281.517,1,0.004200179,0
159,52,1281.597,1,0.009012125,0
319,52,1281.607,1,0.007573915,0
179,54,1281.662,1,0.009106685,0
133,55,1281.708,1,0.008892557,0
178,56,1281.733,1,0.009044792,0
222,58,1281.794,1,0.945321620,1
103,58,1281.826,1,0.009003858,0
84,59,1281.847,1,0.009500442,0
240,60,1281.866,1,0.013770722,0
201,61,1281.909,1,0.008132575,0
212,61,1281.928,1,0.009011716,0
109,62,1281.935,1,0.009356854,0
206,62,1281.959,1,0.009052282,0
81,63,1281.985,1,0.008830052,0
201,63,1281.991,1,0.007756608,0
223,60,1282.01,0,0.501889408,0
287,67,1282.14,1,0.011704536,0
288,69,1282.208,1,0.011714051,0
200,70,1282.221,1,0.048939854,0
103,72,1282.291,1,0.043966610,0
335,72,1282.312,1,0.010172221,0
100,76,1282.437,1,0.078368276,0
79,78,1282.514,1,0.024979189,0
100,78,1282.524,1,0.068309061,0
144,79,1282.554,1,0.057228334,0
260,80,1282.583,1,0.023187116,0
55,83,1282.696,1,0.017961172,0
152,84,1282.732,1,0.061550606,0
298,87,1282.824,1,0.011808429,0
188,88,1282.861,1,0.058011040,0
32,92,1283.002,1,0.009987657,0
68,92,1283.011,1,0.011274198,0
7,93,1283.033,1,0.009588314,0
204,94,1283.069,1,0.008966274,0
40,96,1283.147,1,0.010118651,0
175,98,1283.213,1,0.010155465,0
20,100,1283.283,1,0.010151324,0
279,100,1283.309,1,0.006660979,0
32,48,1283.326,1,0.007434214,0
280,101,1283.333,1,0.005372999,0
31,102,1283.348,1,0.009627772,0
143,102,1283.362,1,0.006215817,0
192,236,1283.375,1,0.008517143,0
65,103,1283.391,1,0.010247959,0
135,103,1283.399,1,0.012158425,0
219,104,1283.426,1,0.008924533,0
157,107,1283.534,1,0.005930380,0
218,108,1283.566,1,0.009400050,0
160,108,1283.58,1,0.009954181,0
22,109,1283.595,1,0.009366790,0
168,111,1283.687,1,0.005789238,0
127,112,1283.707,1,0.013642694,0
158,115,1283.806,1,0.019395242,0
32,115,1283.826,1,0.009381469,0
93,117,1283.876,1,0.011053188,0
79,120,1283.991,1,0.009992298,0
93,120,1284.001,1,0.010568514,0
274,121,1284.046,1,0.010239145,0
79,123,1284.095,1,0.009572429,0
104,124,1284.135,1,0.011212707,0
76,125,1284.185,1,0.007102448,0
34,126,1284.192,1,0.009153714,0
77,126,1284.224,1,0.007399472,0
125,127,1284.228,1,0.012022436,0
166,127,1284.236,1,0.017456628,0
102,133,1284.446,1,0.010103851,0
155,134,1284.485,1,0.020605857,0
153,134,1284.497,1,0.018951144,0
104,136,1284.562,1,0.010292469,0
106,140,1284.701,1,0.009830692,0
287,140,1284.714,1,0.009250437,0
178,141,1284.73,1,0.014658358,0
199,147,1284.96,1,0.006327665,0
70,148,1284.979,1,0.009135053,0
198,148,1284.991,1,0.008867385,0
218,151,1285.086,1,0.009290568,0
177,161,1285.452,1,0.011607380,0
183,162,1285.465,1,0.011637458,0
99,163,1285.505,1,0.009060310,0
285,165,1285.577,1,0.008650240,0
239,168,1285.684,1,0.009204733,0
237,168,1285.705,1,0.009030033,0
182,178,1286.045,1,0.016343262,0
179,180,1286.105,1,0.015886862,0
97,191,1286.497,1,0.014403637,0
87,215,1287.34,1,0.010053143,0
222,60,1287.623,0,0.946180284,1
224,59,1288.428,0,0.953450680,1
312,248,1288.514,1,0.006721566,0
325,252,1288.641,1,0.006476588,0
15,255,1288.761,1,0.008041950,0
66,4,1289.341,1,0.009644436,0
272,6,1289.412,1,0.007173488,0
181,8,1289.487,1,0.008793602,0
141,13,1289.669,1,0.009491108,0
315,13,1289.669,1,0.007983106,0
184,16,1289.77,1,0.008455308,0
303,16,1289.793,1,0.008148904,0
131,26,1290.142,1,0.044687513,0
290,28,1290.186,1,0.010705579,0
296,29,1290.233,1,0.010655340,0
220,31,1290.293,1,0.010913033,0
123,32,1290.339,1,0.047081899,0
273,35,1290.435,1,0.011002280,0
119,37,1290.526,1,0.049424686,0
174,39,1290.592,1,0.048526026,0
284,48,1290.902,1,0.011021489,0
287,51,1291.0,1,0.007767229,0
60,52,1291.059,1,0.008913440,0
280,55,1291.143,1,0.008081302,0
184,60,1291.316,1,0.008874865,0
179,62,1291.391,1,0.008569553,0
158,63,1291.426,1,0.009202267,0
119,70,1291.672,1,0.008969193,0
104,76,1291.904,1,0.009359833,0
244,78,1291.954,1,0.009538941,0
303,80,1292.026,1,0.007840009,0
327,83,1292.134,1,0.007125729,0
95,87,1292.283,1,0.008074707,0
269,101,1292.78,1,0.009321529,0
150,109,1293.051,1,0.014653510,0
309,112,1293.152,1,0.008337599,0
72,116,1293.302,1,0.010037173,0
332,117,1293.331,1,0.007498251,0
310,118,1293.367,1,0.007920506,0
87,125,1293.618,1,0.006556844,0
88,126,1293.65,1,0.009413994,0
185,128,1293.715,1,0.005505500,0
92,128,1293.727,1,0.009926732,0
66,136,1294.025,1,0.015008395,0
32,141,1294.176,1,0.014206758,0
220,142,1294.219,1,0.044594031,0
194,144,1294.284,1,0.029464638,0
193,145,1294.314,1,0.027604723,0
184,160,1294.851,1,0.017065158,0
184,161,1294.883,1,0.026603743,0
163,168,1295.125,1,0.010401063,0
130,208,1296.535,1,0.008767063,0
279,224,1297.121,1,0.007360685,0
330,228,1297.248,1,0.006883285,0
240,235,1297.497,1,0.005063124,0
128,257,1298.276,1,0.013549550,0
220,58,1298.515,1,0.047854021,0
223,59,1301.731,1,0.959477782,1
224,58,1311.969,1,0.938014567,1
225,59,1313.204,0,0.884407818,0
224,60,1319.302,0,0.947264194,1
151,2,1319.833,1,0.010930176,0
226,60,1320.013,0,0.767314970,0
40,14,1320.25,1,0.009265623,0
163,16,1320.327,1,0.008899586,0
238,17,1320.365,1,0.006686530,0
238,20,1320.457,1,0.006737129,0
153,20,1320.484,1,0.009473561,0
129,24,1320.604,1,0.009655419,0
80,28,1320.761,1,0.009218806,0
107,30,1320.816,1,0.009347571,0
26,34,1320.977,1,0.009071037,0
79,39,1321.141,1,0.008926039,0
58,47,1321.412,1,0.009010353,0
154,58,1321.803,1,0.009689182,0
159,58,1321.811,1,0.009994878,0
276,61,1321.911,1,0.008386498,0
271,62,1321.943,1,0.009325387,0
84,62,1321.963,1,0.008927233,0
158,64,1322.008,1,0.052844279,0
184,64,1322.025,1,0.049927268,0
61,67,1322.118,1,0.023794211,0
234,68,1322.153,1,0.043045100,0
183,68,1322.166,1,0.052358672,0
205,69,1322.193,1,0.048750199,0
153,69,1322.206,1,0.051452678,0
151,71,1322.259,1,0.050990030,0
40,72,1322.293,1,0.017502159,0
186,72,1322.305,1,0.052919436,0
56,76,1322.448,1,0.019406844,0
186,78,1322.501,1,0.056585107,0
105,78,1322.52,1,0.043403380,0
168,80,1322.572,1,0.062835395,0
60,85,1322.75,1,0.018272955,0
136,86,1322.788,1,0.053519111,0
181,86,1322.802,1,0.064086936,0
141,88,1322.878,1,0.056730904,0
142,90,1322.928,1,0.069354974,0
230,91,1322.97,1,0.044776212,0
2,95,1323.108,1,0.009407179,0
160,95,1323.119,1,0.005454218,0
155,96,1323.142,1,0.004853182,0
242,96,1323.163,1,0.009343704,0
214,103,1323.395,1,0.009058080,0
244,104,1323.426,1,0.009434439,0
42,108,1323.566,1,0.008885990,0
46,112,1323.704,1,0.008839568,0
179,112,1323.72,1,0.004571733,0
53,117,1323.905,1,0.009610896,0
44,119,1323.954,1,0.009396349,0
263,119,1323.963,1,0.011280993,0
208,122,1324.059,1,0.009025054,0
189,123,1324.097,1,0.004786162,0
185,126,1324.197,1,0.005083352,0
137,128,1324.271,1,0.012766891,0
189,128,1324.284,1,0.004403517,0
185,132,1324.413,1,0.006419998,0
140,132,1324.42,1,0.012922985,0
179,137,1324.585,1,0.012424171,0
281,139,1324.652,1,0.009112693,0
326,144,1324.83,1,0.007728422,0
113,147,1324.938,1,0.009521496,0
262,151,1325.091,1,0.009537284,0
223,59,1325.103,1,0.951947927,1
42,152,1325.121,1,0.009206346,0
269,157,1325.297,1,0.009155774,0
221,157,1325.313,1,0.008641878,0
159,168,1325.691,1,0.010503969,0
157,175,1325.927,1,0.009750321,0
130,177,1325.995,1,0.008899258,0
136,178,1326.035,1,0.014842704,0
116,182,1326.177,1,0.014587265,0
23,183,1326.211,1,0.013644266,0
222,60,1326.389,1,0.919722736,1
125,189,1326.443,1,0.014461343,0
87,198,1326.741,1,0.014187311,0
85,207,1327.056,1,0.008686938,0
327,208,1327.115,1,0.007382757,0
186,235,1328.07,1,0.009077567,0
311,237,1328.117,1,0.006693196,0
6,237,1328.127,1,0.008021405,0
154,241,1328.259,1,0.008832248,0
51,254,1328.715,1,0.007824635,0
53,255,1328.745,1,0.008237301,0
182,8,1329.482,1,0.008013006,0
168,8,1329.494,1,0.009925284,0
184,13,1329.687,1,0.008056540,0
64,14,1329.705,1,0.009559060,0
170,20,1329.921,1,0.009290150,0
24,25,1330.082,1,0.047525302,0
5,29,1330.24,1,0.036098227,0
128,38,1330.543,1,0.049527615,0
300,38,1330.543,1,0.010667718,0
135,44,1330.765,1,0.048936427,0
262,48,1330.89,1,0.011768290,0
189,53,1331.069,1,0.008561022,0
187,61,1331.352,1,0.008698160,0
206,63,1331.438,1,0.008935040,0
32,48,1331.885,1,0.006687249,0
112,81,1332.061,1,0.007211966,0
324,82,1332.096,1,0.007172874,0
120,86,1332.235,1,0.004877423,0
112,96,1332.604,1,0.013390594,0
161,100,1332.73,1,0.005096495,0
166,102,1332.797,1,0.004947925,0
264,112,1333.155,1,0.011774258,0
69,115,1333.266,1,0.009721445,0
17,128,1333.722,1,0.009021945,0
61,134,1333.929,1,0.009350499,0
21,200,1336.254,1,0.008264966,0
168,220,1336.959,1,0.009618882,0
83,245,1337.848,1,0.008390382,0
233,254,1338.175,1,0.005090268,0
223,60,1342.845,1,0.045981873,0
223,59,1344.799,1,0.990031242,1
92,114,1346.277,1,0.022846015,0
224,59,1351.231,1,0.988666296,1
32,48,1358.926,1,0.029340954,0
102,27,1360.707,1,0.010160178,0
99,31,1360.851,1,0.009172919,0
148,40,1361.19,1,0.009088609,0
158,41,1361.211,1,0.009252749,0
49,42,1361.249,1,0.009036393,0
319,55,1361.709,1,0.007535578,0
164,57,1361.76,1,0.009173423,0
320,64,1362.034,1,0.010460199,0
242,68,1362.154,1,0.032650303,0
122,78,1362.509,1,0.049951453,0
18,78,1362.528,1,0.015062246,0
261,88,1362.883,1,0.025185378,0
47,95,1363.103,1,0.012415522,0
44,95,1363.11,1,0.010784252,0
161,95,1363.121,1,0.005146807,0
6,109,1363.605,1,0.009086243,0
125,111,1363.666,1,0.014327795,0
288,126,1364.199,1,0.009595145,0
225,127,1364.256,1,0.009615145,0
120,128,1364.27,1,0.012159129,0
302,132,1364.426,1,0.008524833,0
224,134,1364.479,1,0.009812796,0
125,136,1364.557,1,0.011038388,0
228,142,1364.77,1,0.009053946,0
333,149,1365.014,1,0.007836672,0
226,164,1365.551,1,0.009737447,0
84,174,1365.885,1,0.009234971,0
255,177,1366.011,1,0.012196482,0
156,181,1366.145,1,0.016007561,0
162,185,1366.281,1,0.016490851,0
101,189,1366.423,1,0.015518242,0
104,189,1366.432,1,0.018702637,0
319,202,1366.885,1,0.010653958,0
83,206,1367.031,1,0.008703049,0
91,211,1367.198,1,0.010006856,0
317,214,1367.297,1,0.007439491,0
31,220,1367.513,1,0.006068300,0
8,221,1367.556,1,0.009010073,0
31,224,1367.657,1,0.006931269,0
223,60,1367.895,1,0.977863848,1
34,2,1369.267,1,0.004916450,0
34,3,1369.307,1,0.008190326,0
40,3,1369.32,1,0.009827777,0
254,3,1369.332,1,0.006889794,0
150,8,1369.482,1,0.009648403,0
265,8,1369.492,1,0.007857747,0
40,11,1369.594,1,0.009772481,0
11,12,1369.624,1,0.009349157,0
84,15,1369.727,1,0.009868159,0
5,16,1369.789,1,0.009214540,0
133,18,1369.843,1,0.009965634,0
164,20,1369.914,1,0.009522436,0
132,21,1369.941,1,0.010643058,0
152,21,1369.964,1,0.009949760,0
220,23,1370.032,1,0.010189285,0
272,24,1370.049,1,0.010705796,0
131,24,1370.06,1,0.044678643,0
223,59,1370.122,1,0.044429649,0
258,27,1370.154,1,0.010666833,0
222,27,1370.165,1,0.009661823,0
152,28,1370.215,1,0.046169836,0
81,29,1370.225,1,0.048913248,0
136,30,1370.257,1,0.046618890,0
222,30,1370.275,1,0.010050969,0
112,38,1370.538,1,0.049746238,0
144,38,1370.553,1,0.049434040,0
256,38,1370.562,1,0.010951925,0
237,39,1370.579,1,0.011677540,0
233,40,1370.637,1,0.012062624,0
130,43,1370.741,1,0.049031142,0
216,48,1370.892,1,0.023062015,0
313,50,1370.986,1,0.010578985,0
272,54,1371.105,1,0.008482619,0
184,54,1371.119,1,0.009108264,0
83,55,1371.147,1,0.008767095,0
216,59,1371.283,1,0.009120556,0
122,64,1371.458,1,0.009272533,0
152,66,1371.537,1,0.009344173,0
227,60,1371.66,0,0.950576782,1
242,70,1371.67,1,0.014266898,0
158,72,1371.743,1,0.009912407,0
189,86,1372.239,1,0.009887770,0
200,90,1372.399,1,0.009263120,0
118,95,1372.552,1,0.008979014,0
32,48,1372.603,1,0.007862168,0
36,98,1372.664,1,0.011037435,0
227,61,1372.745,0,0.982461631,1
228,61,1372.832,0,0.992142439,1
254,104,1372.867,1,0.009588672,0
226,61,1373.142,0,0.988334537,1
26,118,1373.365,1,0.009849629,0
182,118,1373.39,1,0.004753758,0
331,127,1373.679,1,0.007884856,0
144,128,1373.718,1,0.012780920,0
249,141,1374.19,1,0.021078533,0
68,143,1374.245,1,0.014922182,0
231,148,1374.427,1,0.026357763,0
99,151,1374.523,1,0.015316254,0
212,154,1374.648,1,0.019328209,0
335,156,1374.703,1,0.010754469,0
120,159,1374.829,1,0.015263170,0
249,169,1375.159,1,0.009354635,0
298,170,1375.225,1,0.008006724,0
50,174,1375.343,1,0.008877907,0
102,186,1375.781,1,0.009186027,0
31,190,1375.922,1,0.008289462,0
200,208,1376.546,1,0.008143270,0
123,214,1376.753,1,0.008516310,0
162,219,1376.94,1,0.009226258,0
214,220,1376.967,1,0.008030448,0
228,60,1383.478,0,0.802474439,0
228,61,1386.851,0,0.503318965,0
224,59,1396.699,1,0.891601503,0
168,4,1399.899,1,0.009354596,0
277,14,1400.255,1,0.007339643,0
78,16,1400.317,1,0.009380672,0
170,22,1400.539,1,0.009252422,0
229,60,1400.811,0,0.878714561,0
51,32,1400.888,1,0.008681027,0
18,37,1401.069,1,0.008936704,0
128,37,1401.081,1,0.009322899,0
312,38,1401.092,1,0.007468401,0
187,39,1401.14,1,0.009601324,0
79,40,1401.192,1,0.009294848,0
156,45,1401.346,1,0.009282210,0
228,61,1401.487,0,0.888463736,0
115,54,1401.655,1,0.009433634,0
70,54,1401.664,1,0.009132638,0
131,56,1401.74,1,0.010197006,0
130,59,1401.831,1,0.010416386,0
227,59,1401.839,1,0.910052657,1
222,63,1401.985,1,0.056048922,0
41,64,1402.029,1,0.019237772,0
112,78,1402.507,1,0.044552851,0
115,80,1402.576,1,0.047069423,0
147,88,1402.859,1,0.060474902,0
262,88,1402.868,1,0.024199367,0
225,94,1403.086,1,0.009163352,0
150,95,1403.106,1,0.004639800,0
311,100,1403.287,1,0.008071725,0
196,102,1403.359,1,0.009222759,0
305,103,1403.404,1,0.008309206,0
8,104,1403.44,1,0.009198842,0
207,111,1403.675,1,0.008699554,0
68,112,1403.701,1,0.010226666,0
136,112,1403.709,1,0.016240692,0
70,116,1403.87,1,0.009832464,0
8,117,1403.878,1,0.009005168,0
78,118,1403.915,1,0.009720587,0
282,126,1404.224,1,0.010204069,0
187,134,1404.488,1,0.004958945,0
207,136,1404.565,1,0.008865554,0
176,142,1404.766,1,0.013997559,0
245,148,1404.973,1,0.009422277,0
241,148,1405.001,1,0.009787859,0
200,224,1405.022,1,0.007647336,0
128,150,1405.049,1,0.010165445,0
267,154,1405.208,1,0.009437230,0
7,158,1405.348,1,0.008525169,0
247,159,1405.386,1,0.010158015,0
148,163,1405.504,1,0.009965164,0
155,164,1405.548,1,0.010620155,0
52,165,1405.592,1,0.008715668,0
231,166,1405.605,1,0.008755612,0
201,166,1405.631,1,0.008812216,0
55,167,1405.663,1,0.008919713,0
229,168,1405.682,1,0.008717711,0
104,170,1405.749,1,0.009620786,0
121,174,1405.889,1,0.009070419,0
220,174,1405.909,1,0.008363384,0
24,176,1405.962,1,0.008793000,0
298,176,1405.978,1,0.007810037,0
322,178,1406.042,1,0.010987782,0
52,181,1406.138,1,0.014153085,0
115,182,1406.169,1,0.014587849,0
55,183,1406.233,1,0.014146834,0
90,185,1406.301,1,0.014439619,0
253,186,1406.326,1,0.012143771,0
224,188,1406.38,1,0.006007484,0
54,190,1406.458,1,0.013992839,0
232,200,1406.816,1,0.014074568,0
119,205,1406.983,1,0.014166751,0
110,221,1407.558,1,0.008717208,0
233,244,1408.322,1,0.005435629,0
29,254,1408.718,1,0.007849885,0
80,256,1408.784,1,0.008595402,0
147,4,1409.344,1,0.006901602,0
89,5,1409.389,1,0.009973471,0
149,6,1409.418,1,0.007692814,0
215,7,1409.445,1,0.006542766,0
320,12,1409.629,1,0.007019576,0
327,13,1409.674,1,0.007268208,0
205,15,1409.73,1,0.006948719,0
64,20,1409.925,1,0.009443915,0
198,21,1409.969,1,0.007571922,0
65,22,1409.984,1,0.009384071,0
152,26,1410.126,1,0.045139968,0
225,28,1410.197,1,0.010596719,0
305,29,1410.229,1,0.010563648,0
336,29,1410.229,1,0.009771974,0
340,29,1410.245,1,0.021994395,0
340,30,1410.256,1,0.016950060,0
105,30,1410.263,1,0.046533085,0
157,30,1410.273,1,0.046773534,0
160,31,1410.301,1,0.046577744,0
251,31,1410.314,1,0.010698926,0
54,34,1410.428,1,0.048965551,0
265,36,1410.47,1,0.010975338,0
330,38,1410.541,1,0.010275553,0
213,39,1410.576,1,0.013060763,0
44,44,1410.753,1,0.043501329,0
166,44,1410.764,1,0.049065292,0
96,45,1410.787,1,0.048864383,0
162,46,1410.833,1,0.048838560,0
79,48,1410.893,1,0.048133776,0
250,48,1410.905,1,0.012404628,0
311,51,1410.999,1,0.010604194,0
306,51,1411.004,1,0.007421140,0
167,53,1411.071,1,0.008657091,0
76,54,1411.107,1,0.008918044,0
227,55,1411.138,1,0.067142755,0
226,59,1411.285,1,0.914608121,1
32,61,1411.367,1,0.005373743,0
91,62,1411.386,1,0.008672971,0
34,63,1411.426,1,0.006942024,0
239,64,1411.472,1,0.009082556,0
48,71,1411.709,1,0.012339918,0
52,76,1411.887,1,0.012402432,0
36,86,1412.233,1,0.010615743,0
334,86,1412.241,1,0.007034971,0
32,86,1412.253,1,0.009888158,0
74,92,1412.462,1,0.010425100,0
288,94,1412.531,1,0.009287798,0
74,95,1412.552,1,0.008191206,0
336,96,1412.589,1,0.007287963,0
124,97,1412.627,1,0.008782849,0
255,99,1412.692,1,0.008835591,0
31,101,1412.775,1,0.009592808,0
119,102,1412.797,1,0.016333736,0
119,104,1412.878,1,0.017812412,0
14,107,1412.976,1,0.009354679,0
64,108,1413.02,1,0.010441937,0
225,60,1413.056,1,0.972937286,1
65,112,1413.151,1,0.007280980,0
66,113,1413.187,1,0.009635413,0
104,116,1413.291,1,0.011984287,0
304,119,1413.412,1,0.008388985,0
285,120,1413.45,1,0.009887611,0
81,124,1413.601,1,0.009836834,0
127,126,1413.65,1,0.012807233,0
112,127,1413.686,1,0.011028154,0
226,60,1413.69,1,0.989366710,1
195,131,1413.831,1,0.009605596,0
128,132,1413.881,1,0.012271773,0
335,140,1414.145,1,0.010723804,0
329,144,1414.282,1,0.010888479,0
151,155,1414.678,1,0.024186736,0
235,156,1414.725,1,0.019955223,0
227,62,1414.911,0,0.511671841,0
228,62,1416.116,0,0.980151713,1
3,201,1416.305,1,0.008375823,0
256,202,1416.336,1,0.008200341,0
8,208,1416.557,1,0.009787521,0
52,221,1417.012,1,0.008928658,0
49,223,1417.066,1,0.008118282,0
227,60,1417.12,1,0.968303323,1
306,230,1417.327,1,0.006927791,0
194,231,1417.346,1,0.008791674,0
225,61,1417.472,1,0.958863437,1
311,235,1417.496,1,0.006909761,0
266,239,1417.635,1,0.006474891,0
212,247,1417.915,1,0.007165756,0
61,159,1418.58,1,0.014540833,0
230,61,1425.462,0,0.968497276,1
229,62,1427.101,0,0.996978402,1
229,61,1428.933,0,0.998707294,1
230,60,1431.042,0,0.984543145,1
226,60,1432.544,1,0.784826159,0
228,62,1434.499,0,0.954659879,1
226,61,1434.729,1,0.043911632,0
256,3,1439.869,1,0.006887436,0
97,5,1439.945,1,0.009395062,0
215,8,1440.045,1,0.006528388,0
62,10,1440.116,1,0.009310118,0
339,16,1440.326,1,0.007070270,0
239,30,1440.809,1,0.007137640,0
235,30,1440.815,1,0.007749220,0
215,34,1440.961,1,0.011196672,0
293,36,1441.021,1,0.008180676,0
295,37,1441.058,1,0.007603567,0
32,48,1441.448,1,0.009532155,0
310,52,1441.607,1,0.007622181,0
108,55,1441.701,1,0.009228744,0
68,56,1441.74,1,0.010025590,0
71,59,1441.844,1,0.009651106,0
143,64,1442.009,1,0.050721854,0
205,64,1442.021,1,0.048334207,0
219,65,1442.049,1,0.049506836,0
136,66,1442.083,1,0.050819397,0
108,66,1442.089,1,0.049023606,0
140,69,1442.194,1,0.052055620,0
90,76,1442.438,1,0.040991396,0
261,79,1442.559,1,0.022270069,0
33,80,1442.586,1,0.016312895,0
120,82,1442.644,1,0.072570667,0
121,82,1442.654,1,0.138859838,0
103,83,1442.695,1,0.046784624,0
105,84,1442.731,1,0.046483785,0
97,85,1442.762,1,0.033020142,0
162,88,1442.863,1,0.089544483,0
192,88,1442.879,1,0.090455972,0
192,89,1442.916,1,0.092406198,0
191,91,1442.966,1,0.054656528,0
308,91,1442.973,1,0.011371799,0
66,92,1442.994,1,0.018636856,0
7,92,1443.011,1,0.009512982,0
38,93,1443.034,1,0.010098024,0
197,93,1443.041,1,0.017561631,0
198,93,1443.061,1,0.017775035,0
41,95,1443.101,1,0.009916853,0
186,95,1443.113,1,0.009672458,0
286,96,1443.137,1,0.009697879,0
220,96,1443.144,1,0.009302557,0
239,96,1443.154,1,0.009493660,0
238,98,1443.212,1,0.010903932,0
236,98,1443.219,1,0.008537749,0
223,103,1443.394,1,0.009173054,0
33,104,1443.424,1,0.009704287,0
74,106,1443.491,1,0.010901555,0
177,108,1443.509,1,0.005199594,0
144,107,1443.529,1,0.021578304,0
52,107,1443.553,1,0.010701722,0
147,108,1443.568,1,0.018865043,0
33,109,1443.599,1,0.009825123,0
261,110,1443.632,1,0.009413452,0
156,111,1443.674,1,0.015685167,0
309,111,1443.69,1,0.008191094,0
243,112,1443.709,1,0.009292160,0
181,116,1443.841,1,0.004595388,0
329,118,1443.924,1,0.007857536,0
293,119,1443.954,1,0.009104874,0
340,120,1444.002,1,0.007573896,0
15,122,1444.055,1,0.008866514,0
342,127,1444.233,1,0.007519362,0
15,128,1444.275,1,0.008739966,0
128,130,1444.341,1,0.008567471,0
220,131,1444.376,1,0.008387775,0
128,131,1444.376,1,0.016697742,0
218,133,1444.463,1,0.007513403,0
196,144,1444.835,1,0.004183418,0
191,144,1444.842,1,0.004373989,0
231,144,1444.86,1,0.008807882,0
193,146,1444.908,1,0.009863120,0
250,146,1444.923,1,0.010297035,0
273,149,1445.032,1,0.010180377,0
197,150,1445.072,1,0.004969219,0
186,151,1445.088,1,0.012147005,0
10,155,1445.221,1,0.008341653,0
74,158,1445.331,1,0.009650107,0
177,162,1445.477,1,0.012201555,0
3,167,1445.643,1,0.008385840,0
260,167,1445.665,1,0.008689912,0
6,168,1445.676,1,0.008552919,0
106,168,1445.676,1,0.009700957,0
4,169,1445.731,1,0.008900641,0
296,172,1445.825,1,0.009253457,0
183,172,1445.838,1,0.010677889,0
338,175,1445.928,1,0.007484731,0
136,176,1445.964,1,0.010154951,0
253,182,1446.195,1,0.012238705,0
76,184,1446.241,1,0.014333749,0
113,185,1446.291,1,0.014548535,0
189,186,1446.315,1,0.013735401,0
327,190,1446.46,1,0.010717135,0
40,190,1446.481,1,0.013836047,0
7,192,1446.528,1,0.013262994,0
133,194,1446.61,1,0.014469275,0
325,199,1446.769,1,0.010642233,0
141,205,1446.986,1,0.014442368,0
107,205,1447.004,1,0.009997521,0
190,207,1447.053,1,0.008660685,0
134,207,1447.074,1,0.009584118,0
183,208,1447.096,1,0.009061504,0
176,212,1447.242,1,0.009739975,0
52,213,1447.265,1,0.008490420,0
132,216,1447.393,1,0.007794739,0
129,219,1447.483,1,0.009929676,0
130,231,1447.921,1,0.009178993,0
147,232,1447.964,1,0.008797494,0
144,235,1448.042,1,0.009100602,0
103,240,1448.241,1,0.008207173,0
257,244,1448.365,1,0.005709972,0
58,4,1449.355,1,0.009783064,0
63,6,1449.411,1,0.009711462,0
311,7,1449.445,1,0.007858595,0
82,7,1449.452,1,0.009905764,0
324,7,1449.464,1,0.006889573,0
56,8,1449.489,1,0.009522620,0
128,8,1449.498,1,0.009748282,0
32,11,1449.593,1,0.009381074,0
64,12,1449.646,1,0.009575462,0
69,13,1449.66,1,0.009276016,0
294,13,1449.673,1,0.007193362,0
79,14,1449.7,1,0.009934397,0
272,15,1449.737,1,0.007563671,0
216,15,1449.745,1,0.006456772,0
50,16,1449.764,1,0.009421984,0
87,16,1449.771,1,0.009798421,0
28,20,1449.911,1,0.007991456,0
26,20,1449.92,1,0.008215985,0
21,22,1449.992,1,0.009350526,0
29,23,1450.018,1,0.017912185,0
28,23,1450.025,1,0.019752873,0
168,23,1450.036,1,0.038335104,0
289,28,1450.193,1,0.010698870,0
241,29,1450.221,1,0.010627924,0
40,30,1450.256,1,0.048225619,0
328,31,1450.292,1,0.010330327,0
73,32,1450.332,1,0.049582463,0
191,36,1450.467,1,0.026193839,0
145,38,1450.551,1,0.049430642,0
199,38,1450.563,1,0.020920398,0
141,39,1450.575,1,0.082613103,0
139,39,1450.587,1,0.092265345,0
192,39,1450.599,1,0.034983777,0
117,41,1450.673,1,0.048856441,0
104,42,1450.699,1,0.044858180,0
103,43,1450.727,1,0.047008563,0
58,44,1450.755,1,0.048192661,0
267,50,1450.98,1,0.011703473,0
6,51,1451.007,1,0.006142573,0
6,54,1451.11,1,0.007915919,0
150,54,1451.128,1,0.008882362,0
80,56,1451.194,1,0.009052308,0
87,60,1451.317,1,0.008531627,0
167,60,1451.346,1,0.008720444,0
220,62,1451.386,1,0.009125386,0
19,62,1451.396,1,0.010873503,0
273,63,1451.439,1,0.008552458,0
134,68,1451.603,1,0.009243740,0
149,78,1451.967,1,0.010370613,0
55,79,1451.993,1,0.011901921,0
95,82,1452.105,1,0.005435242,0
307,84,1452.168,1,0.007956215,0
306,86,1452.243,1,0.008671689,0
259,94,1452.526,1,0.007289122,0
259,95,1452.558,1,0.008939851,0
231,96,1452.598,1,0.009486649,0
42,102,1452.803,1,0.009996030,0
230,62,1453.073,0,0.995999932,1
202,118,1453.361,1,0.008911808,0
207,120,1453.434,1,0.008886277,0
143,123,1453.55,1,0.013585664,0
205,124,1453.573,1,0.009010595,0
204,80,1453.66,1,0.008788056,0
331,132,1453.858,1,0.007679737,0
70,136,1453.998,1,0.009844561,0
26,141,1454.175,1,0.014094251,0
131,143,1454.242,1,0.021852342,0
295,144,1454.28,1,0.012416025,0
216,144,1454.298,1,0.044051521,0
207,149,1454.46,1,0.018307602,0
40,151,1454.524,1,0.014321918,0
261,154,1454.64,1,0.013468916,0
260,156,1454.714,1,0.013224041,0
176,157,1454.76,1,0.025797131,0
237,159,1454.809,1,0.021143056,0
180,160,1454.869,1,0.023684498,0
184,161,1454.876,1,0.022032455,0
230,61,1454.951,0,0.996435165,1
126,163,1454.956,1,0.015101430,0
124,166,1455.054,1,0.009197677,0
187,167,1455.103,1,0.010775282,0
177,172,1455.295,1,0.010947675,0
80,173,1455.304,1,0.009220175,0
71,176,1455.409,1,0.008725181,0
201,176,1455.433,1,0.008878212,0
93,180,1455.563,1,0.008787358,0
71,182,1455.625,1,0.008832373,0
206,183,1455.654,1,0.008872638,0
191,190,1455.907,1,0.008739785,0
287,207,1456.501,1,0.007374561,0
147,225,1457.137,1,0.008491311,0
270,227,1457.218,1,0.007319042,0
229,62,1457.526,0,0.970764399,1
20,236,1457.535,1,0.008245775,0
65,243,1457.774,1,0.008026802,0
120,247,1457.921,1,0.008223616,0
230,62,1465.362,0,0.994279623,1
231,61,1466.098,0,0.869598866,0
231,62,1466.41,0,0.985092819,1
228,60,1473.545,1,0.973370492,1
227,61,1474.421,1,0.966180027,1
229,61,1474.867,1,0.976320446,1
230,60,1476.147,1,0.967496276,1
103,4,1479.893,1,0.009388027,0
56,21,1480.5,1,0.009429040,0
68,32,1480.88,1,0.009161052,0
321,35,1480.996,1,0.007328816,0
256,37,1481.084,1,0.007625283,0
260,39,1481.125,1,0.007586527,0
172,40,1481.18,1,0.009321882,0
104,43,1481.273,1,0.009146832,0
170,46,1481.383,1,0.009102576,0
62,55,1481.689,1,0.009024922,0
314,68,1482.149,1,0.010520108,0
95,75,1482.405,1,0.041102331,0
331,88,1482.873,1,0.010407219,0
89,96,1483.145,1,0.012737259,0
290,106,1483.493,1,0.008279147,0
291,107,1483.527,1,0.006389998,0
24,124,1484.124,1,0.009124813,0
222,127,1484.236,1,0.010432876,0
215,127,1484.245,1,0.008926718,0
212,127,1484.246,1,0.008734247,0
331,128,1484.286,1,0.007515008,0
282,132,1484.409,1,0.009862859,0
79,133,1484.456,1,0.009418544,0
117,133,1484.464,1,0.010096914,0
191,134,1484.477,1,0.004209257,0
334,134,1484.492,1,0.007376212,0
119,135,1484.514,1,0.008402637,0
32,135,1484.521,1,0.009059967,0
300,136,1484.561,1,0.008204504,0
280,140,1484.696,1,0.009990661,0
85,141,1484.734,1,0.009390173,0
16,142,1484.767,1,0.008995599,0
300,143,1484.808,1,0.008527095,0
87,144,1484.86,1,0.009425162,0
142,146,1484.913,1,0.011312335,0
82,148,1484.99,1,0.009350924,0
211,149,1485.007,1,0.008798827,0
104,149,1485.017,1,0.009431125,0
144,152,1485.112,1,0.010762141,0
217,156,1485.252,1,0.008665078,0
223,156,1485.266,1,0.008987263,0
167,158,1485.324,1,0.011961661,0
204,158,1485.331,1,0.004724908,0
48,158,1485.345,1,0.009313910,0
50,159,1485.366,1,0.008723194,0
85,159,1485.373,1,0.009064953,0
97,161,1485.429,1,0.007886218,0
96,161,1485.441,1,0.006533403,0
304,164,1485.545,1,0.007881843,0
97,164,1485.55,1,0.007563137,0
102,166,1485.607,1,0.009278391,0
343,168,1485.685,1,0.007810049,0
53,172,1485.824,1,0.007348449,0
52,172,1485.845,1,0.005976057,0
296,173,1485.869,1,0.008017392,0
75,176,1485.965,1,0.008965574,0
77,177,1486.001,1,0.014452259,0
192,182,1486.187,1,0.013414344,0
165,185,1486.275,1,0.016610865,0
282,187,1486.355,1,0.011138371,0
166,188,1486.391,1,0.016247092,0
10,136,1486.541,1,0.013882861,0
240,194,1486.599,1,0.012079228,0
231,63,1486.688,0,0.514630854,0
16,204,1486.966,1,0.013242128,0
32,214,1487.31,1,0.008333066,0
230,61,1487.351,1,0.998770893,1
182,222,1487.591,1,0.010007116,0
229,62,1487.602,1,0.993794918,1
323,224,1487.669,1,0.007107979,0
32,231,1487.912,1,0.008047624,0
40,232,1487.96,1,0.008647341,0
227,62,1488.968,1,0.890320241,0
257,3,1489.313,1,0.007033286,0
9,7,1489.447,1,0.008927270,0
203,8,1489.485,1,0.005440514,0
200,11,1489.598,1,0.006346465,0
310,13,1489.659,1,0.007204210,0
27,15,1489.751,1,0.009096746,0
62,16,1489.765,1,0.009404302,0
183,224,1489.766,1,0.009814437,0
295,19,1489.887,1,0.007558429,0
168,21,1489.942,1,0.009128975,0
176,22,1489.978,1,0.010887021,0
216,22,1489.985,1,0.006661294,0
229,24,1490.047,1,0.010318005,0
179,24,1490.054,1,0.019716790,0
161,24,1490.071,1,0.044689175,0
82,28,1490.194,1,0.048347916,0
63,31,1490.296,1,0.049652807,0
53,34,1490.4,1,0.048931073,0
37,35,1490.438,1,0.048092648,0
116,38,1490.552,1,0.049670223,0
7,40,1490.611,1,0.022641605,0
127,41,1490.646,1,0.049551897,0
16,45,1490.804,1,0.021467492,0
32,46,1490.825,1,0.035906356,0
46,50,1490.989,1,0.039109431,0
30,51,1491.0,1,0.004110238,0
144,55,1491.139,1,0.008980211,0
241,55,1491.15,1,0.009121046,0
96,58,1491.245,1,0.009022309,0
228,62,1491.383,1,0.974874616,1
224,66,1491.536,1,0.009527235,0
180,68,1491.608,1,0.009197469,0
220,70,1491.668,1,0.006503915,0
38,79,1492.0,1,0.010700163,0
79,80,1492.05,1,0.006315828,0
230,63,1492.44,0,0.973972499,1
25,98,1492.657,1,0.009703215,0
270,105,1492.916,1,0.009819869,0
199,110,1493.089,1,0.009234578,0
279,111,1493.12,1,0.010111132,0
202,112,1493.163,1,0.008823957,0
200,117,1493.326,1,0.009086509,0
126,130,1493.796,1,0.012280416,0
89,140,1494.147,1,0.015551508,0
111,143,1494.249,1,0.017308310,0
301,150,1494.52,1,0.012019174,0
259,156,1494.7,1,0.013310336,0
197,158,1494.773,1,0.014878326,0
121,165,1495.033,1,0.010940433,0
146,174,1495.342,1,0.009754013,0
16,174,1495.355,1,0.016681192,0
16,175,1495.372,1,0.007625369,0
160,182,1495.621,1,0.010223076,0
325,184,1495.69,1,0.007848526,0
187,211,1496.649,1,0.010042651,0
279,217,1496.854,1,0.007183932,0
141,222,1497.032,1,0.009376477,0
172,222,1497.058,1,0.009502999,0
175,224,1497.111,1,0.010104295,0
208,225,1497.14,1,0.007354430,0
213,225,1497.154,1,0.007143445,0
135,240,1497.673,1,0.009197221,0
231,62,1501.74,0,0.976883411,1
231,61,1506.481,1,0.037581574,0
229,61,1516.144,1,0.994462669,1
235,6,1519.968,1,0.006606478,0
200,7,1520.009,1,0.006823185,0
67,12,1520.183,1,0.009250713,0
47,35,1520.998,1,0.008581456,0
238,47,1521.411,1,0.009652846,0
125,52,1521.6,1,0.008951790,0
256,55,1521.7,1,0.009481324,0
136,56,1521.732,1,0.008922686,0
49,63,1521.986,1,0.005225303,0
88,64,1522.012,1,0.045662623,0
212,66,1522.09,1,0.048895627,0
67,70,1522.247,1,0.024827749,0
235,72,1522.297,1,0.044685725,0
263,72,1522.304,1,0.019052414,0
238,73,1522.331,1,0.044544779,0
24,78,1522.51,1,0.015733160,0
328,84,1522.724,1,0.010389662,0
130,85,1522.774,1,0.052237079,0
193,104,1523.424,1,0.008761673,0
53,106,1523.503,1,0.009843580,0
6,109,1523.595,1,0.009110274,0
70,118,1523.92,1,0.009626662,0
340,124,1524.152,1,0.007265594,0
106,125,1524.176,1,0.011290181,0
166,127,1524.238,1,0.017608711,0
278,128,1524.273,1,0.010002932,0
56,146,1524.907,1,0.009094412,0
198,159,1525.379,1,0.008946867,0
248,165,1525.573,1,0.009589781,0
160,167,1525.647,1,0.010342965,0
15,167,1525.659,1,0.008451208,0
163,168,1525.684,1,0.010734002,0
271,175,1525.93,1,0.008406917,0
282,183,1526.207,1,0.011277722,0
133,183,1526.218,1,0.014603416,0
343,184,1526.246,1,0.010705508,0
184,187,1526.354,1,0.014074104,0
336,190,1526.458,1,0.010672445,0
231,198,1526.734,1,0.014359041,0
231,62,1526.793,1,0.038863812,0
40,227,1527.765,1,0.009047817,0
149,230,1527.873,1,0.009410105,0
229,63,1528.867,1,0.985881448,1
156,3,1529.307,1,0.012171897,0
159,4,1529.35,1,0.011164505,0
44,8,1529.484,1,0.009441559,0
120,15,1529.733,1,0.009875434,0
164,16,1529.769,1,0.009570159,0
202,16,1529.776,1,0.007071107,0
248,16,1529.785,1,0.007085409,0
181,21,1529.947,1,0.010276970,0
33,23,1530.014,1,0.046800364,0
152,24,1530.075,1,0.044690683,0
229,27,1530.151,1,0.010478865,0
153,28,1530.199,1,0.046148054,0
188,29,1530.223,1,0.017119689,0
185,30,1530.262,1,0.021735242,0
337,30,1530.262,1,0.010137716,0
168,31,1530.3,1,0.044854719,0
290,31,1530.309,1,0.010710433,0
128,32,1530.331,1,0.047204904,0
336,32,1530.341,1,0.010161856,0
58,35,1530.439,1,0.048986759,0
268,36,1530.498,1,0.011007080,0
68,39,1530.577,1,0.105411969,0
65,39,1530.595,1,0.071679801,0
49,43,1530.715,1,0.047773331,0
32,48,1530.892,1,0.027919542,0
149,49,1530.93,1,0.048208166,0
24,52,1531.038,1,0.006370977,0
36,52,1531.042,1,0.003807119,0
219,53,1531.074,1,0.009212150,0
295,56,1531.177,1,0.007805896,0
204,60,1531.316,1,0.009077906,0
104,61,1531.363,1,0.009044215,0
111,63,1531.429,1,0.008876802,0
245,63,1531.442,1,0.009260722,0
121,70,1531.684,1,0.009008596,0
65,80,1532.04,1,0.012300503,0
70,84,1532.174,1,0.012035423,0
205,86,1532.236,1,0.008523311,0
221,94,1532.537,1,0.008836134,0
70,95,1532.551,1,0.011316442,0
205,95,1532.561,1,0.008594972,0
149,99,1532.703,1,0.005225061,0
231,64,1532.877,0,0.947084308,1
211,104,1532.88,1,0.008681795,0
308,110,1533.082,1,0.008074486,0
303,128,1533.74,1,0.008731985,0
204,80,1533.756,1,0.008816345,0
330,134,1533.944,1,0.007546198,0
340,140,1534.139,1,0.010678443,0
24,140,1534.151,1,0.014057460,0
306,148,1534.428,1,0.011812364,0
12,151,1534.537,1,0.013828424,0
170,159,1534.831,1,0.024830805,0
299,172,1535.291,1,0.008241368,0
37,194,1536.047,1,0.008484521,0
38,197,1536.161,1,0.008442157,0
80,200,1536.264,1,0.009082817,0
54,220,1536.985,1,0.008205477,0
269,258,1538.296,1,0.008136610,0
231,64,1549.493,0,0.947807252,1
234,63,1551.413,0,0.997148097,1
32,48,1551.614,1,0.009055568,0
233,63,1551.813,0,0.996606588,1
234,64,1556.469,0,0.969821274,1
231,62,1558.108,1,0.026956094,0
231,63,1558.578,1,0.037090406,0
278,9,1560.073,1,0.007487098,0
21,10,1560.115,1,0.008926165,0
341,24,1560.61,1,0.007005739,0
220,29,1560.773,1,0.006751855,0
223,32,1560.889,1,0.010384976,0
112,40,1561.176,1,0.009133643,0
266,56,1561.74,1,0.008722192,0
229,61,1561.916,1,0.778192043,0
232,61,1561.933,1,0.964059889,1
283,63,1561.982,1,0.008668037,0
69,68,1562.154,1,0.040190883,0
65,68,1562.178,1,0.018546415,0
126,77,1562.466,1,0.052542798,0
333,80,1562.581,1,0.010143018,0
173,83,1562.678,1,0.064583547,0
53,88,1562.88,1,0.017251361,0
258,97,1563.173,1,0.009206082,0
37,104,1563.432,1,0.010065411,0
25,106,1563.517,1,0.009779483,0
163,109,1563.599,1,0.006949782,0
57,111,1563.666,1,0.010127663,0
72,114,1563.788,1,0.010413429,0
209,118,1563.92,1,0.009160753,0
344,118,1563.934,1,0.007206813,0
119,121,1564.048,1,0.012414551,0
104,127,1564.233,1,0.012144543,0
100,127,1564.248,1,0.010462617,0
207,130,1564.339,1,0.006487473,0
313,134,1564.489,1,0.008162256,0
207,134,1564.502,1,0.006132817,0
45,152,1565.114,1,0.009939807,0
44,152,1565.117,1,0.007667540,0
318,158,1565.333,1,0.007889256,0
131,165,1565.571,1,0.009357185,0
10,136,1566.05,1,0.013885773,0
109,182,1566.174,1,0.014658543,0
279,188,1566.387,1,0.011145616,0
240,238,1566.411,1,0.011872868,0
82,197,1566.707,1,0.014170027,0
312,201,1566.865,1,0.010689093,0
68,203,1566.919,1,0.013898090,0
233,64,1566.944,0,0.519259989,0
8,6,1569.425,1,0.009430555,0
184,8,1569.484,1,0.007983518,0
191,11,1569.593,1,0.007686181,0
183,14,1569.722,1,0.008929481,0
162,15,1569.734,1,0.009549391,0
342,16,1569.786,1,0.007238758,0
242,19,1569.873,1,0.006903881,0
192,21,1569.951,1,0.008002805,0
191,23,1570.012,1,0.012093160,0
70,23,1570.021,1,0.046002116,0
325,30,1570.26,1,0.010351286,0
64,30,1570.269,1,0.049381725,0
84,34,1570.423,1,0.049627915,0
283,36,1570.474,1,0.010878552,0
150,38,1570.554,1,0.036167976,0
151,39,1570.577,1,0.056882601,0
145,40,1570.62,1,0.049833685,0
167,47,1570.863,1,0.048378266,0
45,54,1571.105,1,0.009144529,0
69,63,1571.427,1,0.008868773,0
67,64,1571.454,1,0.009252457,0
287,68,1571.598,1,0.008517885,0
249,88,1572.31,1,0.011048450,0
32,48,1572.32,1,0.009230513,0
64,101,1572.774,1,0.011120859,0
321,103,1572.845,1,0.007454961,0
149,104,1572.881,1,0.006278518,0
10,105,1572.901,1,0.009663561,0
329,105,1572.913,1,0.007511605,0
287,105,1572.921,1,0.009381766,0
190,110,1573.084,1,0.009359002,0
273,111,1573.115,1,0.010120423,0
88,117,1573.328,1,0.010414234,0
238,119,1573.4,1,0.010001633,0
10,130,1573.792,1,0.008890805,0
15,130,1573.807,1,0.009896087,0
276,133,1573.894,1,0.010012564,0
86,135,1573.967,1,0.009610092,0
110,136,1574.002,1,0.019818584,0
103,138,1574.068,1,0.017705465,0
69,141,1574.177,1,0.015010771,0
160,157,1574.741,1,0.025933329,0
285,158,1574.776,1,0.012271536,0
341,158,1574.801,1,0.010709140,0
288,160,1574.857,1,0.012094829,0
240,162,1574.921,1,0.017004587,0
295,163,1574.953,1,0.011837978,0
87,184,1575.704,1,0.009117345,0
268,188,1575.843,1,0.007946402,0
270,205,1576.441,1,0.007747479,0
252,215,1576.784,1,0.007476677,0
127,228,1577.253,1,0.009022982,0
133,232,1577.39,1,0.009488828,0
130,238,1577.607,1,0.009451326,0
215,247,1577.908,1,0.007685480,0
208,247,1577.931,1,0.006989087,0
233,62,1578.381,1,0.036736935,0
235,64,1579.725,0,0.908133090,1
231,63,1580.675,1,0.993690014,1
232,63,1586.864,1,0.039045509,0
232,64,1588.601,1,0.973901927,1
343,3,1599.877,1,0.006983833,0
15,6,1599.972,1,0.008756557,0
308,6,1599.978,1,0.007078986,0
21,7,1600.003,1,0.008907240,0
80,15,1600.294,1,0.009882393,0
238,16,1600.345,1,0.006669668,0
208,21,1600.505,1,0.006996503,0
201,22,1600.552,1,0.007293782,0
219,24,1600.606,1,0.006935156,0
31,24,1600.621,1,0.008753477,0
223,32,1600.882,1,0.007523566,0
175,32,1600.903,1,0.010133903,0
167,33,1600.925,1,0.006932359,0
165,35,1600.992,1,0.007933312,0
234,40,1601.18,1,0.009084403,0
335,45,1601.355,1,0.007067596,0
152,54,1601.663,1,0.007674984,0
153,54,1601.673,1,0.015914358,0
216,58,1601.804,1,0.009590873,0
246,60,1601.867,1,0.011102892,0
9,60,1601.897,1,0.010724452,0
231,62,1601.937,1,0.898588240,0
163,64,1602.017,1,0.054119475,0
200,72,1602.298,1,0.049467932,0
233,65,1602.42,0,0.526545346,0
0,76,1602.438,1,0.013855879,0
5,77,1602.482,1,0.014107622,0
327,91,1602.972,1,0.010581302,0
224,102,1603.352,1,0.009366047,0
186,107,1603.53,1,0.009415369,0
274,107,1603.545,1,0.009746417,0
143,118,1603.922,1,0.014971179,0
242,121,1604.046,1,0.009591435,0
266,123,1604.098,1,0.011178058,0
248,124,1604.137,1,0.009219426,0
166,125,1604.174,1,0.018181387,0
85,127,1604.237,1,0.009642691,0
328,128,1604.265,1,0.007719422,0
333,128,1604.272,1,0.007485635,0
35,141,1604.739,1,0.008708618,0
223,143,1604.81,1,0.009398781,0
128,150,1605.04,1,0.010245174,0
219,156,1605.259,1,0.008723313,0
213,162,1605.473,1,0.003364514,0
245,178,1606.034,1,0.015675550,0
243,178,1606.046,1,0.018077485,0
53,189,1606.43,1,0.014014099,0
219,215,1607.334,1,0.008598207,0
234,65,1607.502,0,0.962133586,1
277,230,1607.876,1,0.007255245,0
231,63,1607.889,1,0.970719218,1
135,246,1608.436,1,0.008349293,0
233,253,1608.685,1,0.005330718,0
65,3,1609.307,1,0.009744576,0
255,5,1609.383,1,0.007594608,0
257,6,1609.422,1,0.007635588,0
176,7,1609.453,1,0.005490279,0
176,8,1609.491,1,0.010580647,0
179,12,1609.622,1,0.008970016,0
206,13,1609.66,1,0.006615832,0
325,13,1609.663,1,0.007523587,0
37,23,1610.013,1,0.046903882,0
109,24,1610.065,1,0.044603888,0
137,30,1610.256,1,0.046581909,0
311,31,1610.294,1,0.010501427,0
180,32,1610.339,1,0.030762855,0
184,36,1610.473,1,0.083641037,0
185,36,1610.494,1,0.119709626,0
179,37,1610.514,1,0.044806283,0
162,40,1610.615,1,0.019083299,0
302,40,1610.628,1,0.010644575,0
162,43,1610.717,1,0.016756626,0
298,48,1610.897,1,0.010749700,0
71,48,1610.911,1,0.048026066,0
80,49,1610.93,1,0.048052877,0
301,52,1611.04,1,0.007667014,0
11,61,1611.352,1,0.010588133,0
181,67,1611.565,1,0.009072665,0
235,64,1611.656,0,0.982166588,1
190,76,1611.881,1,0.009139420,0
239,90,1612.375,1,0.009287338,0
17,94,1612.517,1,0.009754443,0
138,101,1612.761,1,0.008056952,0
99,102,1612.805,1,0.012644258,0
254,104,1612.871,1,0.008990479,0
17,111,1613.117,1,0.009213456,0
176,117,1613.329,1,0.005441122,0
166,121,1613.47,1,0.014098230,0
204,80,1613.546,1,0.008848835,0
196,128,1613.731,1,0.009484938,0
184,133,1613.891,1,0.006190590,0
154,134,1613.938,1,0.012689570,0
10,136,1613.997,1,0.008917218,0
143,158,1614.778,1,0.019817719,0
317,159,1614.818,1,0.011255663,0
146,160,1614.856,1,0.019942265,0
84,184,1615.69,1,0.008839911,0
149,200,1616.252,1,0.008811217,0
276,208,1616.54,1,0.007420779,0
109,212,1616.698,1,0.008445507,0
235,65,1617.739,0,0.979240596,1
318,257,1618.267,1,0.009760486,0
232,64,1618.883,1,0.040433388,0
2,252,1619.38,1,0.008025796,0
236,65,1619.511,0,0.971985459,1
233,63,1630.174,1,0.038072094,0
234,64,1632.053,1,0.980503082,1
233,64,1636.501,1,0.946828067,1
92,2,1639.834,1,0.009403462,0
199,5,1639.932,1,0.006960090,0
194,15,1640.285,1,0.007595144,0
73,16,1640.326,1,0.009423782,0
275,22,1640.546,1,0.007450415,0
240,24,1640.611,1,0.007230182,0
240,27,1640.729,1,0.007379187,0
133,39,1641.132,1,0.008966138,0
293,40,1641.179,1,0.008514120,0
215,41,1641.21,1,0.038777605,0
213,43,1641.273,1,0.015750572,0
31,48,1641.451,1,0.010142431,0
148,50,1641.535,1,0.009024351,0
47,53,1641.631,1,0.009094203,0
235,64,1641.681,1,0.996760190,1
250,55,1641.7,1,0.012831605,0
337,56,1641.729,1,0.007489749,0
93,59,1641.851,1,0.008907678,0
234,63,1641.97,1,0.999572456,1
338,63,1641.974,1,0.006915926,0
110,72,1642.307,1,0.101228595,0
108,72,1642.319,1,0.129169762,0
178,78,1642.508,1,0.059712861,0
282,80,1642.594,1,0.012954652,0
190,84,1642.72,1,0.056676406,0
158,88,1642.861,1,0.084026150,0
60,89,1642.895,1,0.017898777,0
59,91,1642.989,1,0.017522359,0
158,93,1643.047,1,0.008997845,0
110,94,1643.077,1,0.011545839,0
271,100,1643.285,1,0.009383233,0
236,66,1643.355,0,0.907889962,1
263,102,1643.356,1,0.010988285,0
120,107,1643.547,1,0.014868252,0
245,108,1643.57,1,0.009157721,0
230,117,1643.889,1,0.009531615,0
305,132,1644.412,1,0.007875876,0
160,134,1644.483,1,0.014039198,0
12,134,1644.498,1,0.008754867,0
305,135,1644.512,1,0.007744045,0
15,136,1644.565,1,0.008491733,0
155,141,1644.74,1,0.012384281,0
189,143,1644.803,1,0.007255050,0
103,148,1644.984,1,0.009477446,0
277,156,1645.265,1,0.009123089,0
336,165,1645.575,1,0.007503703,0
13,167,1645.665,1,0.008424258,0
84,181,1646.142,1,0.014459948,0
106,183,1646.213,1,0.014645091,0
202,184,1646.245,1,0.011310282,0
204,187,1646.358,1,0.011291252,0
73,189,1646.418,1,0.014232036,0
103,194,1646.609,1,0.014424081,0
143,203,1646.917,1,0.014495777,0
141,206,1647.027,1,0.008698521,0
37,214,1647.321,1,0.008082865,0
58,237,1648.124,1,0.008348081,0
215,247,1648.462,1,0.007525831,0
94,252,1648.641,1,0.008084165,0
223,4,1649.354,1,0.006874288,0
316,5,1649.386,1,0.006937153,0
255,6,1649.42,1,0.007198728,0
195,7,1649.448,1,0.007156023,0
145,12,1649.624,1,0.009316000,0
301,13,1649.659,1,0.007499173,0
89,13,1649.675,1,0.009877384,0
200,14,1649.691,1,0.007127831,0
199,23,1650.022,1,0.011002710,0
94,24,1650.054,1,0.044203173,0
49,27,1650.153,1,0.048565943,0
121,28,1650.197,1,0.044946849,0
132,29,1650.224,1,0.045912705,0
55,30,1650.259,1,0.049034588,0
329,30,1650.267,1,0.010292244,0
251,32,1650.354,1,0.010723385,0
256,34,1650.406,1,0.010793178,0
50,36,1650.485,1,0.048612203,0
339,39,1650.591,1,0.010096475,0
309,40,1650.615,1,0.010576256,0
237,66,1650.635,0,0.529936194,0
303,45,1650.794,1,0.010662018,0
283,48,1650.894,1,0.010997321,0
295,54,1651.111,1,0.007752059,0
126,56,1651.177,1,0.009097417,0
218,56,1651.187,1,0.009280557,0
120,58,1651.259,1,0.009100418,0
52,61,1651.353,1,0.003728081,0
246,70,1651.672,1,0.009485489,0
175,75,1651.847,1,0.009600929,0
144,77,1651.919,1,0.010036144,0
151,79,1651.995,1,0.010369708,0
245,86,1652.245,1,0.009623467,0
41,94,1652.524,1,0.009873929,0
237,65,1652.535,0,0.999871254,1
321,104,1652.874,1,0.007689459,0
216,111,1653.121,1,0.009436357,0
56,122,1653.502,1,0.009761136,0
236,65,1653.644,0,0.999320388,1
258,127,1653.687,1,0.011186056,0
321,131,1653.822,1,0.007930487,0
236,66,1654.348,0,0.971719742,1
167,146,1654.377,1,0.034978103,0
131,151,1654.527,1,0.019012781,0
188,156,1654.718,1,0.020343985,0
152,178,1655.479,1,0.010477740,0
43,200,1656.273,1,0.008415743,0
288,223,1657.079,1,0.006979482,0
200,224,1657.102,1,0.007841656,0
232,64,1657.552,1,0.074296787,0
2,248,1657.957,1,0.008847137,0
237,66,1662.281,0,0.974703014,1
236,66,1663.196,0,0.983786404,1
234,64,1670.964,1,0.038154535,0
236,66,1675.887,0,0.987527668,1
238,65,1679.545,0,0.988948822,1
236,7,1680.004,1,0.006784345,0
129,8,1680.045,1,0.009483846,0
332,10,1680.129,1,0.007239265,0
87,12,1680.18,1,0.009448081,0
48,14,1680.245,1,0.009176292,0
273,20,1680.458,1,0.007349047,0
21,31,1680.868,1,0.008437636,0
242,37,1681.084,1,0.008578941,0
117,38,1681.117,1,0.009006735,0
282,45,1681.336,1,0.007707866,0
183,46,1681.391,1,0.008990682,0
262,47,1681.42,1,0.008210322,0
50,56,1681.734,1,0.009172378,0
147,62,1681.938,1,0.009487527,0
278,66,1682.094,1,0.012147445,0
74,70,1682.234,1,0.034422852,0
44,78,1682.518,1,0.017545408,0
170,90,1682.936,1,0.083121926,0
230,90,1682.95,1,0.044775303,0
227,93,1683.044,1,0.009255780,0
32,48,1683.16,1,0.009136945,0
72,97,1683.183,1,0.011306475,0
177,98,1683.215,1,0.010256290,0
80,102,1683.379,1,0.011525694,0
2,112,1683.709,1,0.008906710,0
107,118,1683.917,1,0.011793727,0
15,120,1684.014,1,0.008761380,0
25,123,1684.095,1,0.011944114,0
26,124,1684.13,1,0.012541931,0
334,127,1684.254,1,0.007596503,0
265,128,1684.274,1,0.010383604,0
17,132,1684.412,1,0.015195663,0
17,133,1684.446,1,0.006941718,0
52,134,1684.486,1,0.010818643,0
53,135,1684.512,1,0.016662195,0
163,136,1684.555,1,0.013710863,0
295,139,1684.662,1,0.008639802,0
77,140,1684.698,1,0.009496019,0
245,141,1684.732,1,0.012461243,0
257,142,1684.767,1,0.009275000,0
206,148,1684.979,1,0.008550735,0
251,149,1685.008,1,0.010260715,0
60,151,1685.082,1,0.008851868,0
40,152,1685.114,1,0.009206846,0
151,158,1685.33,1,0.010689254,0
176,159,1685.372,1,0.011587680,0
310,160,1685.398,1,0.007821564,0
153,163,1685.509,1,0.010771141,0
155,166,1685.61,1,0.010300553,0
231,167,1685.646,1,0.010452447,0
87,167,1685.663,1,0.008919089,0
12,175,1685.931,1,0.008264173,0
203,176,1685.971,1,0.008962202,0
160,199,1686.769,1,0.015319784,0
105,203,1686.923,1,0.014262492,0
181,250,1688.581,1,0.009034173,0
145,1,1689.24,1,0.012070548,0
86,2,1689.278,1,0.010044144,0
177,4,1689.34,1,0.009052637,0
13,4,1689.346,1,0.005855035,0
13,5,1689.386,1,0.007556773,0
344,7,1689.461,1,0.006912602,0
97,8,1689.479,1,0.009830275,0
48,11,1689.589,1,0.007255428,0
54,11,1689.589,1,0.009892196,0
103,11,1689.605,1,0.009665532,0
50,12,1689.624,1,0.009821153,0
48,15,1689.732,1,0.006808221,0
136,15,1689.743,1,0.009875854,0
58,22,1689.979,1,0.009373133,0
180,23,1690.013,1,0.019847631,0
15,23,1690.023,1,0.046453323,0
39,24,1690.045,1,0.047252577,0
214,26,1690.118,1,0.010523330,0
160,27,1690.153,1,0.044730023,0
109,30,1690.264,1,0.035831440,0
111,32,1690.332,1,0.040640779,0
237,66,1690.404,0,0.982310414,1
149,34,1690.405,1,0.048341040,0
235,67,1690.428,0,0.538944900,0
175,39,1690.583,1,0.048369091,0
26,39,1690.6,1,0.040056288,0
305,41,1690.657,1,0.010617516,0
67,47,1690.858,1,0.048111290,0
260,48,1690.899,1,0.011914046,0
255,48,1690.912,1,0.012138796,0
260,52,1691.034,1,0.008879644,0
302,56,1691.175,1,0.007548238,0
295,60,1691.318,1,0.008159706,0
145,62,1691.387,1,0.009640210,0
48,62,1691.397,1,0.005526135,0
235,64,1691.458,1,0.955295920,1
39,68,1691.602,1,0.013108391,0
39,70,1691.673,1,0.014083874,0
237,67,1691.734,0,0.989620149,1
143,72,1691.739,1,0.009600054,0
207,75,1691.848,1,0.009286096,0
135,77,1691.933,1,0.009722419,0
22,79,1691.992,1,0.009968509,0
204,80,1692.021,1,0.009097778,0
84,80,1692.029,1,0.005251253,0
204,81,1692.069,1,0.015670408,0
161,84,1692.163,1,0.009608598,0
40,95,1692.551,1,0.011090931,0
81,99,1692.692,1,0.011378164,0
127,99,1692.715,1,0.006491316,0
263,104,1692.867,1,0.012779445,0
264,109,1693.051,1,0.012472209,0
267,110,1693.099,1,0.010924805,0
222,112,1693.155,1,0.010105353,0
80,118,1693.363,1,0.010421922,0
11,128,1693.719,1,0.008921320,0
297,130,1693.793,1,0.009160638,0
200,136,1693.997,1,0.009807803,0
20,144,1694.283,1,0.013992255,0
236,67,1694.849,0,0.961359084,1
311,164,1694.998,1,0.011375461,0
95,175,1695.369,1,0.009390664,0
117,184,1695.689,1,0.008755956,0
237,65,1695.788,1,0.988722444,1
107,190,1695.919,1,0.008715425,0
280,199,1696.218,1,0.007971341,0
234,65,1696.601,1,0.934997439,1
216,213,1696.721,1,0.009212242,0
203,213,1696.735,1,0.007198456,0
97,226,1697.179,1,0.008829213,0
271,227,1697.233,1,0.007580427,0
237,67,1703.216,0,0.997820735,1
238,67,1704.283,0,0.999184191,1
238,67,1717.809,0,0.982146204,1
235,65,1719.252,1,0.991289496,1
235,66,1719.269,1,0.989695311,1
207,6,1719.968,1,0.006553480,0
239,66,1719.98,0,0.951999485,1
190,10,1720.108,1,0.007784042,0
228,13,1720.229,1,0.006692198,0
228,16,1720.323,1,0.006533345,0
111,34,1720.959,1,0.009074068,0
86,38,1721.102,1,0.009095380,0
71,40,1721.171,1,0.009286061,0
151,50,1721.512,1,0.005408789,0
152,51,1721.556,1,0.010716902,0
247,55,1721.7,1,0.013478967,0
161,56,1721.756,1,0.010229326,0
160,59,1721.836,1,0.009806687,0
237,65,1722.044,1,0.647058129,0
236,66,1722.076,1,0.895198703,0
237,66,1722.08,1,0.407629251,0
96,68,1722.173,1,0.045449093,0
78,69,1722.191,1,0.036051244,0
82,70,1722.233,1,0.039527453,0
151,72,1722.32,1,0.056224216,0
143,77,1722.472,1,0.056319769,0
92,78,1722.511,1,0.045852747,0
124,86,1722.814,1,0.054440062,0
136,87,1722.827,1,0.054157961,0
152,88,1722.855,1,0.071159601,0
254,90,1722.931,1,0.034792427,0
254,93,1723.048,1,0.010444175,0
104,96,1723.139,1,0.015275538,0
87,96,1723.147,1,0.012319443,0
289,99,1723.258,1,0.009275267,0
332,104,1723.419,1,0.007282873,0
81,104,1723.446,1,0.010987673,0
81,108,1723.571,1,0.008654387,0
91,115,1723.809,1,0.010965968,0
166,117,1723.891,1,0.007315933,0
100,120,1723.989,1,0.011158898,0
214,135,1724.517,1,0.009820050,0
274,141,1724.739,1,0.010374265,0
2,157,1725.294,1,0.008257957,0
1,160,1725.404,1,0.008566475,0
10,166,1725.607,1,0.008737579,0
71,166,1725.623,1,0.009056445,0
48,167,1725.644,1,0.008628137,0
151,189,1726.417,1,0.015102304,0
147,190,1726.479,1,0.014829211,0
80,196,1726.676,1,0.014177044,0
85,199,1726.783,1,0.014170674,0
138,242,1728.296,1,0.008401569,0
319,245,1728.399,1,0.006576873,0
132,247,1728.483,1,0.008611081,0
77,250,1728.575,1,0.008001332,0
181,7,1729.46,1,0.008250455,0
166,8,1729.485,1,0.009906947,0
14,8,1729.492,1,0.009249576,0
263,13,1729.658,1,0.007308902,0
8,15,1729.732,1,0.009394192,0
39,16,1729.791,1,0.009327031,0
113,18,1729.836,1,0.009588039,0
210,20,1729.911,1,0.006698045,0
165,23,1730.013,1,0.042358574,0
147,24,1730.051,1,0.044684477,0
146,28,1730.191,1,0.014982054,0
261,29,1730.224,1,0.010713808,0
273,30,1730.26,1,0.010794492,0
252,31,1730.293,1,0.010710625,0
143,31,1730.305,1,0.014416734,0
231,31,1730.321,1,0.010747261,0
196,32,1730.336,1,0.014016438,0
318,34,1730.403,1,0.048581161,0
317,34,1730.412,1,0.034346264,0
103,39,1730.591,1,0.049772076,0
331,40,1730.617,1,0.010229103,0
319,44,1730.752,1,0.010447634,0
64,48,1730.9,1,0.047932528,0
70,48,1730.9,1,0.048033889,0
32,48,1730.916,1,0.028984206,0
192,52,1731.047,1,0.009270001,0
229,54,1731.115,1,0.013527967,0
221,54,1731.132,1,0.008982695,0
34,55,1731.144,1,0.004545445,0
221,68,1731.598,1,0.008850404,0
115,69,1731.644,1,0.008912445,0
9,70,1731.681,1,0.009759127,0
123,80,1732.021,1,0.009976739,0
15,83,1732.143,1,0.009468032,0
336,91,1732.413,1,0.007201591,0
114,94,1732.521,1,0.006378347,0
327,96,1732.601,1,0.007323555,0
31,106,1732.944,1,0.009584417,0
287,112,1733.154,1,0.009691945,0
142,118,1733.376,1,0.015228313,0
173,124,1733.583,1,0.006701612,0
168,127,1733.69,1,0.016200516,0
284,130,1733.799,1,0.010359813,0
283,133,1733.913,1,0.010311274,0
217,138,1734.07,1,0.013141638,0
177,141,1734.172,1,0.038385242,0
221,142,1734.21,1,0.020012315,0
263,146,1734.353,1,0.017005760,0
23,147,1734.384,1,0.014060454,0
36,167,1735.091,1,0.008996504,0
273,174,1735.35,1,0.008486727,0
240,188,1735.833,1,0.008976113,0
341,191,1735.95,1,0.007753325,0
141,195,1736.087,1,0.009326101,0
235,67,1736.63,1,0.980872631,1
236,66,1737.763,1,0.981324852,1
71,244,1737.815,1,0.008575660,0
68,245,1737.843,1,0.008544493,0
239,68,1737.917,0,0.942260087,1
235,66,1739.385,1,0.915642977,1
239,67,1742.13,0,0.534342170,0
237,68,1743.816,0,0.955687284,1
71,215,1756.784,1,0.008445446,0
172,15,1760.286,1,0.010327300,0
180,24,1760.621,1,0.009655505,0
166,30,1760.824,1,0.009697243,0
174,32,1760.89,1,0.009414324,0
204,36,1761.04,1,0.009892495,0
206,37,1761.062,1,0.009862537,0
304,39,1761.149,1,0.007443739,0
169,40,1761.173,1,0.009428479,0
196,43,1761.271,1,0.012018058,0
45,44,1761.324,1,0.009220454,0
285,45,1761.345,1,0.008161581,0
76,50,1761.512,1,0.009855825,0
306,50,1761.538,1,0.007586541,0
73,51,1761.561,1,0.009082608,0
305,56,1761.73,1,0.008160983,0
48,61,1761.915,1,0.004483263,0
198,63,1761.984,1,0.008781724,0
63,64,1762.023,1,0.030889763,0
113,66,1762.102,1,0.049422242,0
62,69,1762.19,1,0.023885287,0
163,69,1762.2,1,0.057678740,0
180,74,1762.364,1,0.057141025,0
239,68,1762.463,0,0.994472325,1
240,80,1762.58,1,0.044664405,0
84,83,1762.7,1,0.028504523,0
121,84,1762.722,1,0.053156078,0
84,86,1762.802,1,0.012408455,0
26,89,1762.898,1,0.015005520,0
24,90,1762.939,1,0.014934433,0
312,92,1763.005,1,0.008022991,0
272,92,1763.021,1,0.009937981,0
264,94,1763.065,1,0.009762792,0
128,95,1763.101,1,0.006107908,0
133,95,1763.113,1,0.005818042,0
48,99,1763.262,1,0.010240721,0
337,102,1763.356,1,0.007380742,0
7,103,1763.392,1,0.009518852,0
298,104,1763.42,1,0.008632511,0
48,104,1763.436,1,0.010459330,0
104,108,1763.565,1,0.012711998,0
240,68,1763.615,0,0.994710684,1
234,109,1763.616,1,0.009724637,0
203,110,1763.658,1,0.008931878,0
238,112,1763.716,1,0.009445507,0
50,112,1763.724,1,0.009684295,0
157,118,1763.938,1,0.017918251,0
257,126,1764.2,1,0.011068845,0
165,127,1764.236,1,0.016435754,0
53,128,1764.274,1,0.009268100,0
30,134,1764.477,1,0.009153165,0
146,134,1764.486,1,0.013422967,0
28,135,1764.521,1,0.008786859,0
216,135,1764.532,1,0.009970143,0
260,136,1764.551,1,0.007451550,0
77,136,1764.575,1,0.009870509,0
258,136,1764.575,1,0.011675746,0
255,137,1764.596,1,0.010245637,0
262,140,1764.701,1,0.005761699,0
38,140,1764.708,1,0.009172010,0
122,141,1764.727,1,0.010956988,0
35,142,1764.769,1,0.008708774,0
28,144,1764.839,1,0.009863157,0
56,147,1764.94,1,0.009677846,0
303,147,1764.957,1,0.008589728,0
23,148,1764.997,1,0.008573589,0
32,149,1765.026,1,0.006714709,0
190,150,1765.054,1,0.013196331,0
208,151,1765.083,1,0.005804535,0
72,152,1765.112,1,0.010150461,0
38,152,1765.121,1,0.009105334,0
296,152,1765.129,1,0.008870009,0
32,153,1765.15,1,0.006854888,0
175,153,1765.162,1,0.012512375,0
94,155,1765.219,1,0.009177840,0
78,160,1765.411,1,0.009332231,0
112,161,1765.442,1,0.008997951,0
110,163,1765.506,1,0.008738074,0
106,163,1765.517,1,0.008898573,0
240,163,1765.531,1,0.010171540,0
104,164,1765.548,1,0.009692206,0
114,165,1765.586,1,0.009210680,0
106,168,1765.677,1,0.009499101,0
296,171,1765.78,1,0.008220303,0
35,172,1765.82,1,0.009217967,0
82,172,1765.835,1,0.009747369,0
119,181,1766.142,1,0.014547256,0
104,182,1766.175,1,0.014647968,0
56,185,1766.301,1,0.010226337,0
56,187,1766.354,1,0.011115177,0
231,193,1766.569,1,0.015912579,0
22,200,1766.819,1,0.013419754,0
316,208,1767.103,1,0.007369425,0
336,210,1767.162,1,0.007316652,0
104,211,1767.221,1,0.009077335,0
240,67,1767.284,0,0.966839969,1
216,214,1767.298,1,0.008551936,0
28,214,1767.307,1,0.008436220,0
139,217,1767.406,1,0.009876694,0
201,221,1767.556,1,0.007574887,0
204,222,1767.588,1,0.006926184,0
7,232,1767.942,1,0.008041878,0
4,237,1768.119,1,0.009252544,0
70,241,1768.265,1,0.009190636,0
155,247,1768.483,1,0.008670926,0
41,254,1768.709,1,0.007906165,0
205,256,1768.795,1,0.006950440,0
118,5,1769.376,1,0.010123065,0
88,5,1769.384,1,0.010488289,0
98,6,1769.413,1,0.010050186,0
35,6,1769.436,1,0.009554357,0
219,7,1769.445,1,0.007090712,0
114,7,1769.451,1,0.010212973,0
93,8,1769.479,1,0.009997389,0
85,8,1769.495,1,0.008402256,0
272,12,1769.653,1,0.007278110,0
268,13,1769.666,1,0.007058309,0
80,14,1769.7,1,0.009890777,0
256,15,1769.732,1,0.007142106,0
150,15,1769.741,1,0.009839486,0
81,16,1769.769,1,0.009826756,0
191,16,1769.776,1,0.008663547,0
129,21,1769.952,1,0.009513315,0
44,22,1769.974,1,0.006789401,0
44,23,1770.029,1,0.016976738,0
249,24,1770.066,1,0.010551147,0
339,29,1770.225,1,0.010068548,0
88,29,1770.23,1,0.048070263,0
283,30,1770.259,1,0.010736845,0
240,30,1770.269,1,0.010664201,0
253,32,1770.359,1,0.010734990,0
178,36,1770.483,1,0.044727076,0
254,39,1770.578,1,0.011041845,0
318,39,1770.603,1,0.010456733,0
51,40,1770.618,1,0.048548903,0
147,46,1770.826,1,0.048856836,0
126,51,1771.004,1,0.008940089,0
61,53,1771.07,1,0.008574797,0
51,54,1771.104,1,0.008485720,0
314,54,1771.113,1,0.007198257,0
120,56,1771.189,1,0.009149746,0
124,57,1771.211,1,0.009014037,0
0,69,1771.638,1,0.009766295,0
208,69,1771.65,1,0.008918663,0
143,79,1771.99,1,0.010209012,0
20,81,1772.062,1,0.010049271,0
130,83,1772.127,1,0.010114969,0
81,84,1772.179,1,0.009294764,0
20,86,1772.235,1,0.010436760,0
85,87,1772.271,1,0.010968708,0
200,88,1772.324,1,0.008939416,0
212,89,1772.357,1,0.009136518,0
203,92,1772.453,1,0.008597622,0
215,95,1772.553,1,0.008610735,0
199,95,1772.566,1,0.008900950,0
32,48,1772.698,1,0.009114911,0
91,100,1772.725,1,0.012124859,0
183,102,1772.805,1,0.010001028,0
43,120,1773.442,1,0.009470582,0
176,124,1773.571,1,0.005785222,0
276,127,1773.678,1,0.010083721,0
15,142,1774.207,1,0.013893759,0
175,144,1774.298,1,0.036502805,0
173,152,1774.563,1,0.029609537,0
127,163,1774.952,1,0.015124477,0
121,168,1775.154,1,0.009132426,0
151,174,1775.337,1,0.009507641,0
295,175,1775.38,1,0.008136199,0
229,191,1775.938,1,0.006742093,0
331,196,1776.132,1,0.007339275,0
32,242,1777.736,1,0.008368585,0
323,247,1777.93,1,0.006614904,0
239,66,1780.206,1,0.912094235,1
239,69,1781.273,0,0.976253569,1
239,67,1790.78,1,0.035951007,0
238,69,1791.551,0,0.984591246,1
239,69,1793.23,0,0.976047933,1
236,68,1794.555,1,0.040774114,0
241,69,1795.391,0,0.907905638,1
306,4,1799.896,1,0.006906791,0
158,16,1800.338,1,0.009238052,0
133,23,1800.573,1,0.009620359,0
293,24,1800.597,1,0.007483765,0
129,24,1800.619,1,0.009338987,0
1,36,1801.051,1,0.007403011,0
238,56,1801.735,1,0.018246101,0
247,62,1801.95,1,0.039786823,0
245,66,1802.077,1,0.027073465,0
49,66,1802.093,1,0.019950924,0
240,67,1802.121,1,0.034708112,0
31,71,1802.272,1,0.017031852,0
48,75,1802.401,1,0.074889727,0
48,76,1802.44,1,0.036460761,0
111,76,1802.447,1,0.045744985,0
29,79,1802.56,1,0.016207654,0
166,86,1802.789,1,0.078628078,0
47,95,1803.1,1,0.009900256,0
12,96,1803.138,1,0.009563233,0
295,96,1803.139,1,0.008799980,0
151,50,1803.193,1,0.008629259,0
272,98,1803.209,1,0.009766586,0
270,103,1803.385,1,0.009841098,0
308,105,1803.452,1,0.008206770,0
255,106,1803.5,1,0.009137101,0
8,115,1803.811,1,0.008987844,0
1,116,1803.856,1,0.008698897,0
194,126,1804.204,1,0.009167837,0
336,134,1804.488,1,0.007447090,0
103,134,1804.499,1,0.009921456,0
201,136,1804.559,1,0.008889766,0
190,144,1804.843,1,0.007085474,0
303,149,1805.014,1,0.008556494,0
45,152,1805.111,1,0.009005769,0
17,158,1805.336,1,0.008676330,0
168,168,1805.675,1,0.009046540,0
164,172,1805.823,1,0.009603605,0
249,174,1805.893,1,0.009235756,0
336,193,1806.57,1,0.010650029,0
239,69,1806.921,0,0.548956692,0
207,207,1807.059,1,0.007455299,0
166,208,1807.091,1,0.008982639,0
161,211,1807.192,1,0.009493583,0
182,214,1807.311,1,0.009359736,0
46,223,1807.646,1,0.008454761,0
200,224,1807.671,1,0.007313342,0
8,252,1808.664,1,0.008199628,0
173,255,1808.746,1,0.008400552,0
323,3,1809.324,1,0.007166770,0
224,7,1809.453,1,0.006505197,0
80,11,1809.595,1,0.004518289,0
81,12,1809.628,1,0.010792801,0
211,12,1809.632,1,0.006725352,0
205,14,1809.71,1,0.006859501,0
275,14,1809.722,1,0.007332115,0
142,15,1809.735,1,0.004718550,0
111,16,1809.763,1,0.009556330,0
143,16,1809.763,1,0.011457952,0
176,16,1809.793,1,0.009831174,0
160,18,1809.849,1,0.009300552,0
63,20,1809.929,1,0.009613465,0
71,21,1809.945,1,0.009850461,0
190,23,1810.009,1,0.012173800,0
16,23,1810.019,1,0.046289351,0
166,24,1810.046,1,0.042884175,0
68,24,1810.051,1,0.046038799,0
181,27,1810.157,1,0.021220054,0
191,29,1810.224,1,0.088813283,0
130,29,1810.231,1,0.045792207,0
190,30,1810.262,1,0.059493903,0
133,30,1810.273,1,0.046378799,0
15,31,1810.301,1,0.040549431,0
341,32,1810.332,1,0.010028614,0
68,32,1810.354,1,0.049564641,0
65,34,1810.401,1,0.049674448,0
207,36,1810.492,1,0.012911974,0
224,37,1810.532,1,0.011910863,0
299,38,1810.542,1,0.010650009,0
78,38,1810.56,1,0.049299646,0
176,40,1810.612,1,0.048810326,0
227,42,1810.684,1,0.013234648,0
282,42,1810.696,1,0.010932547,0
231,45,1810.787,1,0.013972019,0
336,45,1810.807,1,0.010137558,0
279,46,1810.824,1,0.011018038,0
200,46,1810.832,1,0.046949018,0
145,46,1810.846,1,0.048842613,0
72,47,1810.867,1,0.048234958,0
59,49,1810.934,1,0.044513319,0
63,49,1810.939,1,0.042223912,0
71,52,1811.035,1,0.008598626,0
260,55,1811.14,1,0.008917332,0
173,56,1811.18,1,0.008764076,0
281,58,1811.245,1,0.008275976,0
69,59,1811.283,1,0.008635715,0
226,60,1811.325,1,0.009773253,0
259,62,1811.4,1,0.009770137,0
63,63,1811.441,1,0.009040210,0
223,64,1811.467,1,0.009163334,0
280,64,1811.478,1,0.008271793,0
197,67,1811.577,1,0.008723111,0
86,69,1811.635,1,0.008981561,0
15,71,1811.715,1,0.009963546,0
173,86,1812.242,1,0.009524235,0
38,102,1812.822,1,0.010113041,0
246,111,1813.119,1,0.009927997,0
145,112,1813.159,1,0.017683037,0
39,126,1813.643,1,0.008963219,0
208,132,1813.859,1,0.009235089,0
89,143,1814.265,1,0.015435142,0
114,144,1814.28,1,0.017959345,0
113,148,1814.448,1,0.016361833,0
234,149,1814.481,1,0.023668531,0
112,150,1814.502,1,0.015633218,0
136,152,1814.562,1,0.020513877,0
312,155,1814.679,1,0.009680894,0
310,157,1814.745,1,0.009951361,0
335,163,1814.966,1,0.010754251,0
295,166,1815.061,1,0.008541079,0
41,167,1815.091,1,0.009896312,0
238,67,1815.268,1,0.679205954,0
204,177,1815.458,1,0.009475544,0
117,180,1815.562,1,0.009241125,0
189,184,1815.704,1,0.006807777,0
185,188,1815.858,1,0.009894573,0
302,248,1817.955,1,0.006795160,0
92,252,1818.109,1,0.013293006,0
119,253,1818.146,1,0.013417784,0
93,254,1818.163,1,0.013270009,0
240,68,1830.906,1,0.036048658,0
239,70,1832.138,0,0.901791811,1
238,69,1832.534,1,0.967179716,1
122,2,1839.828,1,0.009378815,0
126,3,1839.886,1,0.009286718,0
211,4,1839.911,1,0.006471156,0
150,8,1840.031,1,0.009535667,0
146,9,1840.088,1,0.009404088,0
38,12,1840.182,1,0.009167509,0
155,13,1840.221,1,0.008996020,0
295,30,1840.818,1,0.007472952,0
79,31,1840.868,1,0.008707362,0
6,32,1840.904,1,0.008687521,0
84,38,1841.111,1,0.009265505,0
151,46,1841.374,1,0.008876392,0
32,48,1841.441,1,0.009410358,0
156,48,1841.452,1,0.009109688,0
286,48,1841.458,1,0.007696984,0
284,53,1841.627,1,0.007770158,0
307,68,1842.148,1,0.010670678,0
148,74,1842.374,1,0.056480911,0
150,80,1842.598,1,0.060151868,0
341,83,1842.68,1,0.010013972,0
63,83,1842.69,1,0.019570854,0
88,89,1842.907,1,0.030483799,0
138,91,1842.963,1,0.066387936,0
18,93,1843.033,1,0.009874577,0
240,70,1843.078,0,0.988603473,1
260,95,1843.11,1,0.009364375,0
194,96,1843.146,1,0.009185257,0
92,114,1843.223,1,0.011115036,0
72,101,1843.313,1,0.011022513,0
56,122,1843.592,1,0.009372955,0
339,112,1843.712,1,0.007275988,0
241,70,1843.828,0,0.989865005,1
141,115,1843.835,1,0.018016282,0
143,116,1843.853,1,0.016771842,0
112,120,1843.99,1,0.012410266,0
154,122,1844.065,1,0.016451579,0
29,123,1844.092,1,0.008873514,0
96,124,1844.148,1,0.005251749,0
97,125,1844.158,1,0.011060324,0
80,126,1844.204,1,0.009763774,0
279,132,1844.422,1,0.009638522,0
304,133,1844.442,1,0.008599296,0
309,135,1844.538,1,0.008210241,0
159,136,1844.555,1,0.009627108,0
159,139,1844.684,1,0.008816424,0
88,141,1844.729,1,0.010071029,0
120,142,1844.767,1,0.005742171,0
121,143,1844.809,1,0.008608464,0
318,144,1844.832,1,0.007665291,0
139,144,1844.842,1,0.011228937,0
242,69,1845.228,0,0.963605940,1
189,156,1845.281,1,0.011212452,0
129,160,1845.403,1,0.009539397,0
329,163,1845.511,1,0.007757262,0
260,164,1845.537,1,0.008505776,0
165,164,1845.545,1,0.011128890,0
184,165,1845.581,1,0.011071430,0
262,165,1845.593,1,0.008802671,0
83,166,1845.615,1,0.009070612,0
230,167,1845.64,1,0.011753437,0
258,167,1845.653,1,0.008734433,0
61,172,1845.823,1,0.009035069,0
76,175,1845.929,1,0.008681056,0
69,183,1846.219,1,0.014303901,0
200,188,1846.389,1,0.011132481,0
75,202,1846.888,1,0.014013941,0
76,206,1847.031,1,0.008825771,0
244,213,1847.29,1,0.009959831,0
244,214,1847.299,1,0.007988708,0
190,230,1847.88,1,0.009704507,0
36,256,1848.788,1,0.008959890,0
64,6,1849.415,1,0.009698905,0
111,8,1849.483,1,0.009756496,0
177,13,1849.66,1,0.009204458,0
297,14,1849.704,1,0.008415863,0
36,14,1849.714,1,0.009405438,0
299,15,1849.732,1,0.007505522,0
163,18,1849.84,1,0.009624667,0
288,19,1849.872,1,0.007431259,0
119,22,1849.977,1,0.009737586,0
127,23,1850.018,1,0.044658195,0
42,27,1850.156,1,0.048213910,0
247,28,1850.191,1,0.010634811,0
288,28,1850.217,1,0.010676151,0
223,32,1850.328,1,0.011081208,0
181,32,1850.333,1,0.030363211,0
220,33,1850.38,1,0.011282184,0
112,35,1850.441,1,0.048974752,0
107,36,1850.471,1,0.049356002,0
29,45,1850.791,1,0.035157580,0
184,46,1850.831,1,0.049629487,0
145,48,1850.898,1,0.048374917,0
240,69,1850.936,1,0.037424974,0
24,52,1851.032,1,0.005476098,0
54,52,1851.047,1,0.008770722,0
253,60,1851.317,1,0.010387285,0
245,66,1851.526,1,0.053641729,0
4,68,1851.603,1,0.009978049,0
277,71,1851.71,1,0.008811343,0
3,75,1851.845,1,0.009492709,0
211,84,1852.17,1,0.008641955,0
115,87,1852.269,1,0.005003733,0
7,88,1852.302,1,0.009634790,0
51,91,1852.41,1,0.010035248,0
182,100,1852.73,1,0.010128361,0
231,100,1852.743,1,0.009407704,0
147,104,1852.876,1,0.006142355,0
309,115,1853.259,1,0.008336185,0
217,127,1853.681,1,0.009863640,0
147,162,1854.943,1,0.019700186,0
112,165,1855.02,1,0.009482497,0
311,171,1855.238,1,0.008118056,0
78,192,1855.971,1,0.008726980,0
144,199,1856.227,1,0.009313928,0
205,202,1856.352,1,0.007616307,0
198,204,1856.403,1,0.007907751,0
199,208,1856.538,1,0.007237761,0
167,216,1856.823,1,0.008835077,0
172,216,1856.845,1,0.009092893,0
343,221,1856.999,1,0.007035187,0
162,222,1857.032,1,0.008748903,0
174,224,1857.103,1,0.008986970,0
117,247,1857.922,1,0.008176669,0
261,248,1857.969,1,0.005940821,0
201,251,1858.067,1,0.010872622,0
239,69,1864.626,1,0.987294972,1
241,68,1869.666,1,0.935632527,1
239,68,1869.775,1,0.931750357,1
239,70,1871.421,1,0.976841092,1
238,69,1871.96,1,0.982692242,1
239,67,1873.86,1,0.899956405,0
242,71,1876.909,0,0.966271400,1
240,71,1877.956,0,0.980210721,1
92,7,1879.306,1,0.009646418,0
241,71,1879.546,0,0.982835710,1
108,3,1879.862,1,0.009526205,0
142,3,1879.873,1,0.010396789,0
245,5,1879.941,1,0.007039713,0
250,12,1880.174,1,0.007262197,0
33,13,1880.214,1,0.009123809,0
142,36,1881.025,1,0.009326189,0
280,54,1881.661,1,0.008155007,0
147,55,1881.696,1,0.008872973,0
220,59,1881.837,1,0.033061594,0
216,62,1881.942,1,0.048500765,0
42,84,1882.733,1,0.016841020,0
70,85,1882.756,1,0.021669399,0
189,88,1882.854,1,0.056916390,0
112,89,1882.914,1,0.044769980,0
188,90,1882.931,1,0.057343148,0
120,93,1883.033,1,0.005863526,0
208,93,1883.049,1,0.009061522,0
32,48,1883.085,1,0.009178391,0
184,94,1883.088,1,0.009815061,0
156,98,1883.212,1,0.005052106,0
97,102,1883.352,1,0.013083086,0
155,104,1883.425,1,0.005955753,0
239,104,1883.432,1,0.009475100,0
30,107,1883.538,1,0.009751858,0
30,112,1883.709,1,0.009989553,0
208,117,1883.882,1,0.009097014,0
310,120,1883.99,1,0.008118186,0
263,126,1884.206,1,0.012003617,0
200,127,1884.256,1,0.009369570,0
49,128,1884.271,1,0.009403027,0
99,131,1884.377,1,0.009875178,0
224,133,1884.46,1,0.010262416,0
168,134,1884.484,1,0.016312115,0
219,134,1884.505,1,0.009776954,0
192,138,1884.628,1,0.004389212,0
334,139,1884.654,1,0.007836831,0
155,140,1884.693,1,0.012477454,0
228,141,1884.739,1,0.009534564,0
332,144,1884.833,1,0.007696132,0
15,144,1884.84,1,0.008496688,0
179,144,1884.853,1,0.013296852,0
127,149,1885.021,1,0.009969893,0
85,150,1885.071,1,0.009793647,0
313,156,1885.27,1,0.008818475,0
315,158,1885.323,1,0.006827333,0
183,159,1885.365,1,0.011806198,0
322,160,1885.403,1,0.007814354,0
167,160,1885.421,1,0.011745768,0
159,168,1885.693,1,0.011170117,0
169,172,1885.828,1,0.010697906,0
183,176,1885.966,1,0.010087434,0
136,179,1886.093,1,0.014756201,0
319,183,1886.231,1,0.010959085,0
327,184,1886.24,1,0.010807453,0
110,188,1886.388,1,0.014509210,0
186,189,1886.418,1,0.013666879,0
267,189,1886.44,1,0.011283673,0
142,191,1886.516,1,0.014617786,0
238,196,1886.675,1,0.012684869,0
28,201,1886.84,1,0.012628634,0
30,203,1886.915,1,0.011719837,0
139,205,1886.996,1,0.014361992,0
297,206,1887.022,1,0.007566753,0
148,216,1887.38,1,0.009367277,0
28,219,1887.486,1,0.008389303,0
27,224,1887.654,1,0.008065309,0
234,236,1888.081,1,0.005643171,0
162,239,1888.189,1,0.008901391,0
151,245,1888.422,1,0.008931571,0
260,247,1888.475,1,0.006391585,0
48,249,1888.56,1,0.008941955,0
314,254,1888.735,1,0.006398611,0
136,255,1888.753,1,0.009469678,0
239,69,1889.104,1,0.927547693,1
242,71,1889.324,0,0.983348966,1
207,5,1889.389,1,0.006596858,0
159,14,1889.692,1,0.009506816,0
152,14,1889.697,1,0.010241093,0
5,20,1889.904,1,0.009282394,0
132,22,1890.004,1,0.044649631,0
8,24,1890.05,1,0.044478200,0
96,24,1890.066,1,0.044468056,0
9,26,1890.125,1,0.042743467,0
65,28,1890.198,1,0.048492428,0
196,29,1890.223,1,0.012437155,0
177,30,1890.265,1,0.033999570,0
49,37,1890.519,1,0.048704106,0
282,38,1890.548,1,0.010879510,0
345,39,1890.577,1,0.009950492,0
211,40,1890.61,1,0.013903118,0
295,45,1890.787,1,0.010734833,0
292,47,1890.86,1,0.010808319,0
26,47,1890.873,1,0.028523760,0
95,49,1890.945,1,0.048438367,0
82,50,1890.965,1,0.048008975,0
60,53,1891.071,1,0.008980270,0
241,70,1891.121,1,0.993645310,1
202,54,1891.124,1,0.009254463,0
111,55,1891.144,1,0.008712076,0
35,56,1891.178,1,0.004545033,0
184,62,1891.387,1,0.009117164,0
247,66,1891.535,1,0.026122632,0
162,70,1891.669,1,0.009695114,0
95,72,1891.741,1,0.008723021,0
332,77,1891.92,1,0.006909722,0
63,84,1892.171,1,0.011769388,0
241,71,1892.248,0,0.999220371,1
271,88,1892.304,1,0.009415617,0
267,93,1892.498,1,0.010550444,0
246,94,1892.522,1,0.010118785,0
269,94,1892.533,1,0.010791350,0
109,95,1892.553,1,0.009734574,0
281,107,1893.002,1,0.010286641,0
151,111,1893.122,1,0.015265075,0
128,112,1893.153,1,0.014846155,0
64,114,1893.224,1,0.010303126,0
88,114,1893.23,1,0.011508382,0
61,118,1893.376,1,0.010540314,0
137,120,1893.438,1,0.014874336,0
136,123,1893.543,1,0.012617391,0
243,70,1894.345,0,0.551599622,0
183,152,1894.57,1,0.026162984,0
176,154,1894.644,1,0.027644491,0
316,183,1895.655,1,0.007789619,0
39,200,1896.258,1,0.008466428,0
132,206,1896.494,1,0.009856778,0
240,211,1896.643,1,0.006659294,0
232,214,1896.747,1,0.006289509,0
332,216,1896.838,1,0.007108332,0
44,222,1897.031,1,0.009192286,0
311,227,1897.21,1,0.007219094,0
84,231,1897.353,1,0.008453517,0
4,231,1897.377,1,0.008134071,0
246,232,1897.402,1,0.005631747,0
80,238,1897.614,1,0.009320516,0
198,245,1897.861,1,0.007820971,0
5,246,1897.88,1,0.008256197,0
122,246,1897.903,1,0.009359051,0
188,259,1898.335,1,0.012959018,0
240,70,1900.866,1,0.945518076,1
245,66,1901.556,1,0.033564270,0
240,69,1902.881,1,0.037521884,0
242,72,1911.225,0,0.984455705,1
187,8,1920.044,1,0.007742345,0
302,15,1920.287,1,0.007355492,0
247,16,1920.33,1,0.006946986,0
212,37,1921.07,1,0.008960690,0
144,47,1921.418,1,0.009194789,0
338,47,1921.436,1,0.006788475,0
80,48,1921.473,1,0.009148492,0
119,56,1921.75,1,0.009149391,0
239,58,1921.802,1,0.016479911,0
61,60,1921.894,1,0.009062276,0
70,64,1922.034,1,0.037302367,0
332,72,1922.297,1,0.010154424,0
308,80,1922.594,1,0.011004600,0
86,87,1922.822,1,0.029404001,0
341,94,1923.073,1,0.007021414,0
50,95,1923.108,1,0.010168070,0
242,72,1923.266,0,0.998120487,1
248,101,1923.317,1,0.009301617,0
157,103,1923.389,1,0.005755674,0
241,72,1924.018,0,0.999769986,1
104,126,1924.201,1,0.011256305,0
311,127,1924.23,1,0.007995585,0
112,128,1924.284,1,0.011867868,0
244,71,1924.309,0,0.969009638,1
324,131,1924.401,1,0.007911239,0
120,132,1924.421,1,0.011713305,0
133,144,1924.845,1,0.010858697,0
194,159,1925.358,1,0.010292774,0
192,165,1925.581,1,0.009605768,0
298,174,1925.888,1,0.008203196,0
204,174,1925.894,1,0.009274264,0
33,175,1925.931,1,0.008569075,0
152,180,1926.114,1,0.015763277,0
254,182,1926.172,1,0.012107347,0
120,188,1926.402,1,0.014395218,0
200,189,1926.423,1,0.011082017,0
224,191,1926.491,1,0.005590506,0
55,195,1926.633,1,0.013935515,0
127,204,1926.945,1,0.014192660,0
72,211,1927.223,1,0.009380587,0
289,213,1927.262,1,0.007471746,0
80,222,1927.584,1,0.008691510,0
275,246,1928.43,1,0.006951385,0
88,246,1928.443,1,0.009439597,0
229,254,1928.729,1,0.004399712,0
181,3,1929.312,1,0.008280748,0
119,8,1929.489,1,0.009988831,0
124,13,1929.672,1,0.009971607,0
85,14,1929.699,1,0.009734252,0
261,16,1929.78,1,0.007738239,0
261,18,1929.854,1,0.007329513,0
62,19,1929.87,1,0.009653048,0
64,23,1930.016,1,0.045098245,0
253,24,1930.051,1,0.010578082,0
303,24,1930.071,1,0.010525748,0
249,26,1930.115,1,0.010603635,0
300,26,1930.129,1,0.010564078,0
283,28,1930.201,1,0.010691019,0
43,29,1930.224,1,0.048366591,0
224,32,1930.336,1,0.011068851,0
218,32,1930.351,1,0.011158383,0
294,38,1930.554,1,0.010690656,0
234,39,1930.584,1,0.011912316,0
109,40,1930.618,1,0.049583867,0
288,44,1930.755,1,0.010838741,0
169,45,1930.788,1,0.048944816,0
184,47,1930.867,1,0.049947239,0
32,48,1930.913,1,0.030986013,0
147,50,1930.973,1,0.048344508,0
4,51,1931.019,1,0.011756549,0
31,53,1931.073,1,0.003983108,0
65,54,1931.106,1,0.008663781,0
335,56,1931.176,1,0.007104894,0
119,88,1932.305,1,0.004956428,0
288,99,1932.698,1,0.009736376,0
280,102,1932.801,1,0.010067821,0
197,112,1933.155,1,0.008852295,0
329,116,1933.321,1,0.007638489,0
104,122,1933.52,1,0.011326274,0
244,72,1933.592,0,0.974847555,1
261,124,1933.596,1,0.010850741,0
288,125,1933.619,1,0.009659993,0
159,126,1933.656,1,0.016197598,0
116,133,1933.906,1,0.010854754,0
127,138,1934.073,1,0.023792341,0
41,155,1934.67,1,0.014331304,0
140,170,1935.213,1,0.009399913,0
47,207,1936.517,1,0.008237399,0
100,213,1936.735,1,0.008833019,0
72,223,1937.066,1,0.008184704,0
293,229,1937.29,1,0.007043440,0
134,232,1937.406,1,0.008678919,0
234,242,1937.759,1,0.005081973,0
241,71,1940.432,1,0.991729200,1
32,48,1951.937,1,0.009186638,0
244,73,1957.274,0,0.935694933,1
241,71,1958.134,1,0.038739160,0
275,3,1959.862,1,0.007145281,0
117,11,1960.168,1,0.009552910,0
249,14,1960.253,1,0.007188797,0
211,20,1960.459,1,0.006805807,0
319,21,1960.508,1,0.007367056,0
262,23,1960.582,1,0.007604275,0
113,30,1960.811,1,0.009398009,0
176,30,1960.828,1,0.009332099,0
222,32,1960.884,1,0.008998954,0
218,38,1961.121,1,0.017534217,0
88,40,1961.169,1,0.009105222,0
250,45,1961.35,1,0.131347373,0
212,56,1961.733,1,0.035982914,0
48,57,1961.765,1,0.009349479,0
143,60,1961.878,1,0.009803724,0
299,61,1961.908,1,0.008349340,0
207,61,1961.932,1,0.035709169,0
201,62,1961.947,1,0.010488289,0
240,68,1962.174,1,0.014823194,0
241,69,1962.19,1,0.076923124,0
16,69,1962.202,1,0.015907908,0
153,70,1962.225,1,0.055402461,0
240,70,1962.234,1,0.033001631,0
241,72,1962.302,1,0.045258902,0
128,72,1962.312,1,0.051791511,0
114,75,1962.404,1,0.049172711,0
135,76,1962.435,1,0.053583760,0
151,78,1962.513,1,0.059374243,0
154,80,1962.58,1,0.061331697,0
79,88,1962.865,1,0.025530219,0
95,108,1963.568,1,0.011830099,0
89,112,1963.705,1,0.011452515,0
158,115,1963.804,1,0.016979856,0
13,117,1963.883,1,0.009176422,0
219,123,1964.097,1,0.009604017,0
51,125,1964.184,1,0.009054857,0
171,127,1964.238,1,0.009027861,0
276,127,1964.238,1,0.010322179,0
228,130,1964.35,1,0.009807172,0
83,135,1964.523,1,0.009472559,0
227,141,1964.744,1,0.009140844,0
14,144,1964.854,1,0.008583415,0
141,146,1964.909,1,0.011307414,0
112,155,1965.223,1,0.009393979,0
21,168,1965.702,1,0.008648363,0
161,170,1965.757,1,0.010493274,0
296,174,1965.895,1,0.007996236,0
36,179,1966.077,1,0.013972308,0
18,181,1966.139,1,0.013642237,0
163,184,1966.246,1,0.016894635,0
257,208,1967.094,1,0.008145301,0
331,211,1967.212,1,0.007282738,0
233,221,1967.562,1,0.005160084,0
72,240,1968.241,1,0.008627959,0
259,245,1968.405,1,0.005654013,0
132,258,1968.861,1,0.008436320,0
215,12,1969.636,1,0.006823309,0
204,15,1969.729,1,0.006763992,0
149,16,1969.764,1,0.009596708,0
227,22,1969.978,1,0.007106350,0
282,22,1970.004,1,0.010328630,0
282,26,1970.124,1,0.011010600,0
286,26,1970.144,1,0.009247825,0
152,30,1970.26,1,0.046953917,0
217,38,1970.545,1,0.012226818,0
178,39,1970.588,1,0.047562171,0
231,40,1970.619,1,0.012249304,0
244,73,1970.787,0,0.573134005,0
76,45,1970.808,1,0.048622675,0
108,46,1970.824,1,0.048806794,0
105,50,1970.976,1,0.048137240,0
187,51,1971.004,1,0.008638160,0
107,53,1971.09,1,0.008588116,0
198,66,1971.539,1,0.009096880,0
53,69,1971.635,1,0.007137810,0
48,69,1971.646,1,0.012349144,0
318,70,1971.675,1,0.007059542,0
247,74,1971.84,1,0.196085289,0
174,85,1972.205,1,0.010765105,0
37,86,1972.234,1,0.009955077,0
147,90,1972.383,1,0.010292609,0
271,101,1972.777,1,0.009285302,0
32,48,1972.876,1,0.009260643,0
291,109,1973.044,1,0.009269656,0
241,111,1973.117,1,0.009998649,0
232,118,1973.37,1,0.010111976,0
273,129,1973.749,1,0.009789689,0
207,131,1973.826,1,0.009076696,0
283,134,1973.94,1,0.010246610,0
68,143,1974.243,1,0.014983222,0
264,145,1974.342,1,0.018162955,0
248,147,1974.391,1,0.020655729,0
30,162,1974.943,1,0.014086502,0
314,171,1975.237,1,0.007965118,0
222,189,1975.871,1,0.003863299,0
71,198,1976.202,1,0.008623061,0
320,212,1976.706,1,0.007347309,0
154,214,1976.757,1,0.010040400,0
200,224,1977.098,1,0.007440459,0
203,230,1977.342,1,0.007948921,0
204,247,1977.929,1,0.007141301,0
335,256,1978.248,1,0.009807696,0
32,48,1979.574,1,0.009214958,0
243,73,1984.334,0,0.988059103,1
241,71,1990.025,1,0.038788065,0
245,73,1993.303,0,0.967676759,1
28,16,2000.326,1,0.009142745,0
244,74,2000.331,0,0.971005619,1
311,24,2000.617,1,0.007173553,0
192,32,2000.884,1,0.009666811,0
242,72,2000.962,1,0.987438023,1
239,40,2001.183,1,0.009672107,0
179,52,2001.593,1,0.009108699,0
224,54,2001.674,1,0.008981960,0
95,56,2001.736,1,0.008922264,0
181,56,2001.749,1,0.009033724,0
180,61,2001.921,1,0.009256694,0
87,62,2001.938,1,0.008861780,0
115,62,2001.949,1,0.009061377,0
94,64,2002.007,1,0.061363094,0
95,65,2002.044,1,0.143832818,0
280,66,2002.078,1,0.012020160,0
214,69,2002.198,1,0.036433607,0
204,70,2002.225,1,0.048890520,0
212,71,2002.258,1,0.040335514,0
240,71,2002.262,1,0.012946313,0
9,71,2002.27,1,0.015126764,0
241,72,2002.29,1,0.013007953,0
245,74,2002.297,0,0.579564691,0
165,73,2002.327,1,0.059472766,0
295,74,2002.362,1,0.011425177,0
185,77,2002.473,1,0.056535132,0
191,78,2002.505,1,0.053873006,0
121,79,2002.557,1,0.050189283,0
306,83,2002.694,1,0.011258609,0
205,84,2002.742,1,0.018592972,0
208,87,2002.827,1,0.024647098,0
67,94,2003.07,1,0.010937540,0
313,94,2003.084,1,0.007908164,0
291,95,2003.114,1,0.008928401,0
247,96,2003.138,1,0.009144032,0
320,96,2003.158,1,0.007569902,0
279,97,2003.179,1,0.009726161,0
240,101,2003.313,1,0.009711117,0
221,102,2003.357,1,0.009081664,0
312,104,2003.417,1,0.008049645,0
160,110,2003.634,1,0.006679619,0
115,110,2003.643,1,0.012904143,0
207,111,2003.668,1,0.008664104,0
66,111,2003.678,1,0.010191280,0
68,112,2003.702,1,0.009998243,0
204,116,2003.849,1,0.007026140,0
200,116,2003.85,1,0.006685244,0
136,118,2003.912,1,0.017448762,0
139,119,2003.947,1,0.015835632,0
127,120,2003.985,1,0.012574696,0
258,120,2003.993,1,0.009529940,0
34,120,2004.004,1,0.009286908,0
35,122,2004.069,1,0.009205803,0
341,124,2004.142,1,0.007172853,0
212,125,2004.176,1,0.009433785,0
34,126,2004.205,1,0.009031479,0
166,127,2004.23,1,0.008683162,0
38,128,2004.268,1,0.008968981,0
169,130,2004.341,1,0.013513714,0
116,131,2004.381,1,0.011424358,0
136,132,2004.428,1,0.012846139,0
123,134,2004.484,1,0.011400665,0
308,136,2004.569,1,0.008411005,0
250,139,2004.666,1,0.011325958,0
40,140,2004.691,1,0.009362557,0
127,141,2004.732,1,0.010628281,0
255,141,2004.746,1,0.008933554,0
257,143,2004.823,1,0.009004424,0
97,147,2004.951,1,0.009358807,0
280,151,2005.088,1,0.009501470,0
227,152,2005.113,1,0.009230004,0
143,152,2005.122,1,0.010811649,0
176,152,2005.122,1,0.012656843,0
324,157,2005.29,1,0.007718774,0
315,158,2005.323,1,0.007754894,0
138,158,2005.342,1,0.010198797,0
321,159,2005.364,1,0.008157954,0
310,162,2005.466,1,0.008119611,0
144,162,2005.476,1,0.010211083,0
71,166,2005.61,1,0.009006442,0
275,167,2005.65,1,0.008653441,0
290,168,2005.693,1,0.008071935,0
300,176,2005.974,1,0.007985044,0
287,187,2006.354,1,0.011139086,0
141,192,2006.537,1,0.014563049,0
136,196,2006.673,1,0.014409378,0
266,196,2006.692,1,0.011086226,0
194,197,2006.698,1,0.011590401,0
40,198,2006.746,1,0.013710869,0
175,205,2006.988,1,0.015066033,0
306,208,2007.088,1,0.007472659,0
217,221,2007.544,1,0.009107825,0
220,223,2007.634,1,0.005353768,0
172,252,2008.651,1,0.009743136,0
57,4,2009.365,1,0.009554186,0
24,5,2009.38,1,0.009312982,0
111,13,2009.66,1,0.009633361,0
60,14,2009.703,1,0.009491337,0
124,20,2009.906,1,0.009639277,0
160,24,2010.046,1,0.044681948,0
1,29,2010.224,1,0.035703782,0
128,30,2010.263,1,0.046141788,0
310,31,2010.322,1,0.010484786,0
307,32,2010.328,1,0.010528296,0
242,35,2010.456,1,0.010949312,0
37,37,2010.506,1,0.048293833,0
173,39,2010.579,1,0.048935693,0
249,45,2010.801,1,0.012031824,0
76,46,2010.822,1,0.048559673,0
176,46,2010.835,1,0.048979443,0
193,52,2011.042,1,0.009973024,0
84,52,2011.057,1,0.009085596,0
249,55,2011.144,1,0.011225539,0
338,63,2011.419,1,0.006793049,0
193,63,2011.43,1,0.009312150,0
243,70,2011.67,1,0.907662511,1
244,72,2011.74,1,0.997260690,1
243,72,2011.753,1,0.982026875,1
243,73,2011.771,1,0.994594395,1
241,73,2011.777,1,0.979159594,1
74,80,2012.02,1,0.014026425,0
74,81,2012.06,1,0.014660514,0
78,83,2012.157,1,0.011152319,0
321,86,2012.236,1,0.007542749,0
143,88,2012.31,1,0.010746025,0
257,97,2012.637,1,0.009013389,0
205,102,2012.802,1,0.008483405,0
207,102,2012.815,1,0.007920736,0
122,117,2013.337,1,0.012421072,0
56,118,2013.364,1,0.010156937,0
129,118,2013.375,1,0.013331851,0
60,119,2013.402,1,0.009840573,0
256,127,2013.68,1,0.011660207,0
114,128,2013.717,1,0.012245497,0
96,132,2013.856,1,0.010454298,0
120,135,2013.968,1,0.011243405,0
300,143,2014.264,1,0.012114130,0
160,144,2014.285,1,0.036995005,0
203,148,2014.437,1,0.014075786,0
204,149,2014.455,1,0.013614419,0
88,160,2014.851,1,0.014920073,0
320,163,2014.954,1,0.011115455,0
87,168,2015.128,1,0.008886461,0
82,175,2015.384,1,0.008941998,0
223,181,2015.589,1,0.008098716,0
10,136,2015.749,1,0.008638724,0
130,192,2015.989,1,0.009182021,0
128,194,2016.063,1,0.010063160,0
112,207,2016.5,1,0.009493767,0
278,229,2017.285,1,0.006835016,0
100,232,2017.395,1,0.008981540,0
15,248,2017.949,1,0.008349033,0
91,255,2018.212,1,0.013241201,0
244,74,2021.48,0,0.975030065,1
244,75,2034.049,0,0.925211430,1
244,73,2036.097,1,0.987858772,1
243,75,2037.603,0,0.980549514,1
242,72,2037.757,1,0.907039225,1
132,4,2039.9,1,0.009429245,0
269,6,2039.973,1,0.007262761,0
247,13,2040.213,1,0.006272521,0
241,14,2040.271,1,0.006578631,0
247,16,2040.316,1,0.006916233,0
199,19,2040.428,1,0.007219792,0
187,24,2040.61,1,0.009222141,0
182,24,2040.624,1,0.010399644,0
214,28,2040.74,1,0.007691005,0
204,29,2040.789,1,0.008320754,0
313,31,2040.848,1,0.007485696,0
159,35,2040.989,1,0.009118542,0
153,36,2041.026,1,0.009355643,0
289,38,2041.097,1,0.008468478,0
273,40,2041.167,1,0.008692726,0
56,46,2041.385,1,0.010787697,0
55,47,2041.436,1,0.009460415,0
145,49,2041.481,1,0.008942310,0
217,52,2041.603,1,0.340978295,0
205,55,2041.714,1,0.017202035,0
197,56,2041.731,1,0.011217804,0
112,56,2041.748,1,0.008946178,0
159,64,2042.038,1,0.053524379,0
242,73,2042.333,1,0.040034719,0
279,75,2042.422,1,0.012799874,0
107,76,2042.454,1,0.044086270,0
201,77,2042.469,1,0.049406242,0
158,79,2042.566,1,0.062001102,0
264,82,2042.662,1,0.021570122,0
256,83,2042.708,1,0.030099779,0
71,84,2042.733,1,0.022920068,0
78,85,2042.764,1,0.025960516,0
234,87,2042.834,1,0.044736058,0
63,88,2042.88,1,0.018937791,0
107,91,2042.969,1,0.039908573,0
112,91,2042.978,1,0.041066930,0
248,92,2043.001,1,0.009373541,0
258,92,2043.01,1,0.009283481,0
47,93,2043.044,1,0.010346470,0
25,97,2043.199,1,0.009892127,0
129,99,2043.26,1,0.006693992,0
56,101,2043.318,1,0.010306534,0
207,103,2043.412,1,0.008682956,0
237,104,2043.428,1,0.009286087,0
122,106,2043.511,1,0.016823361,0
44,116,2043.857,1,0.009494148,0
1,117,2043.888,1,0.009089632,0
343,118,2043.924,1,0.007302349,0
319,126,2044.202,1,0.007805158,0
247,128,2044.293,1,0.008883984,0
248,130,2044.351,1,0.009207913,0
71,132,2044.429,1,0.009401676,0
232,143,2044.803,1,0.009429228,0
132,144,2044.84,1,0.011049853,0
295,151,2045.089,1,0.008864649,0
127,152,2045.123,1,0.010168223,0
108,175,2045.931,1,0.008861520,0
11,182,2046.171,1,0.013519252,0
109,183,2046.216,1,0.014622174,0
215,192,2046.534,1,0.011937520,0
245,192,2046.551,1,0.012484913,0
325,199,2046.784,1,0.010658553,0
135,210,2047.162,1,0.008553044,0
15,212,2047.244,1,0.008037193,0
183,233,2047.97,1,0.010170632,0
5,2,2049.275,1,0.009045445,0
106,8,2049.487,1,0.009849349,0
107,10,2049.562,1,0.009751476,0
104,11,2049.616,1,0.010794156,0
108,12,2049.623,1,0.009894504,0
200,12,2049.635,1,0.006601372,0
264,13,2049.658,1,0.007087188,0
322,14,2049.695,1,0.007091108,0
197,16,2049.781,1,0.007515513,0
40,17,2049.808,1,0.009411264,0
199,17,2049.827,1,0.007077407,0
44,18,2049.835,1,0.009458682,0
16,19,2049.873,1,0.009310475,0
187,23,2050.017,1,0.012762042,0
34,24,2050.058,1,0.046636395,0
257,24,2050.062,1,0.010605510,0
15,27,2050.172,1,0.045910146,0
55,28,2050.195,1,0.048457779,0
7,30,2050.259,1,0.037977360,0
257,31,2050.294,1,0.010736733,0
263,31,2050.302,1,0.010756422,0
12,32,2050.351,1,0.038790680,0
140,36,2050.496,1,0.048658546,0
108,38,2050.543,1,0.049728431,0
299,39,2050.596,1,0.010642264,0
85,42,2050.689,1,0.049032852,0
191,45,2050.79,1,0.048544694,0
103,47,2050.856,1,0.048758645,0
42,47,2050.869,1,0.041672282,0
89,50,2050.968,1,0.070286036,0
92,50,2050.979,1,0.106320053,0
111,51,2051.006,1,0.008640215,0
87,53,2051.072,1,0.005362050,0
87,54,2051.114,1,0.012095257,0
232,55,2051.144,1,0.011544468,0
115,58,2051.253,1,0.008689127,0
239,62,2051.414,1,0.008999345,0
248,63,2051.436,1,0.016480599,0
118,64,2051.464,1,0.009067205,0
215,68,2051.61,1,0.008700133,0
117,69,2051.634,1,0.008955493,0
268,71,2051.716,1,0.010442514,0
138,72,2051.742,1,0.009414479,0
242,74,2051.806,1,0.974081278,1
97,85,2052.208,1,0.005625107,0
58,87,2052.271,1,0.011480739,0
192,91,2052.415,1,0.009274355,0
197,93,2052.481,1,0.008755302,0
178,97,2052.623,1,0.010311414,0
135,105,2052.919,1,0.012815198,0
140,106,2052.943,1,0.013349895,0
246,75,2053.222,0,0.977017760,1
244,74,2053.298,1,0.976107121,1
291,118,2053.372,1,0.009407469,0
231,122,2053.507,1,0.009599137,0
15,124,2053.586,1,0.009249117,0
209,126,2053.66,1,0.009437649,0
75,134,2053.93,1,0.009698776,0
313,136,2054.003,1,0.011568374,0
316,137,2054.042,1,0.011435851,0
16,139,2054.115,1,0.013937211,0
135,140,2054.154,1,0.026690755,0
271,144,2054.281,1,0.016139988,0
174,147,2054.409,1,0.033867024,0
45,152,2054.561,1,0.014423043,0
157,156,2054.702,1,0.026954874,0
127,156,2054.726,1,0.016603064,0
8,158,2054.776,1,0.013784833,0
268,159,2054.819,1,0.012974043,0
239,175,2055.381,1,0.009866100,0
338,175,2055.398,1,0.007616866,0
188,179,2055.516,1,0.010403886,0
134,190,2055.92,1,0.009220794,0
54,191,2055.963,1,0.009221111,0
189,200,2056.255,1,0.008635099,0
208,236,2057.552,1,0.007192222,0
244,74,2067.556,1,0.960334659,1
244,76,2071.56,0,0.995241046,1
243,74,2072.963,1,0.992284358,1
245,76,2072.969,0,0.998230636,1
213,1,2079.788,1,0.006563640,0
147,18,2080.39,1,0.009367888,0
144,19,2080.42,1,0.010331614,0
200,23,2080.57,1,0.007859414,0
264,28,2080.753,1,0.007755470,0
145,28,2080.764,1,0.009771549,0
139,36,2081.025,1,0.009593827,0
70,48,2081.451,1,0.009314626,0
87,64,2082.014,1,0.046338141,0
264,66,2082.092,1,0.014125129,0
293,69,2082.186,1,0.011370561,0
55,71,2082.272,1,0.020315478,0
89,76,2082.437,1,0.037207983,0
32,48,2082.48,1,0.034064155,0
175,77,2082.485,1,0.102386393,0
175,79,2082.549,1,0.115462966,0
201,84,2082.718,1,0.048929483,0
184,86,2082.803,1,0.062568873,0
170,91,2082.966,1,0.082659483,0
239,95,2083.111,1,0.009126922,0
16,96,2083.148,1,0.010233087,0
65,102,2083.35,1,0.010287262,0
286,102,2083.36,1,0.010095098,0
312,106,2083.496,1,0.008059010,0
73,109,2083.601,1,0.010451392,0
258,109,2083.607,1,0.013512025,0
281,110,2083.633,1,0.009805539,0
63,110,2083.64,1,0.010013320,0
39,113,2083.754,1,0.010347564,0
327,114,2083.793,1,0.007882287,0
329,117,2083.907,1,0.007374278,0
40,118,2083.913,1,0.009608296,0
327,123,2084.114,1,0.007712696,0
55,128,2084.275,1,0.009137109,0
30,137,2084.591,1,0.009228961,0
186,156,2085.261,1,0.011538604,0
25,158,2085.333,1,0.009395882,0
245,76,2085.53,0,0.998961687,1
214,165,2085.577,1,0.003223973,0
98,166,2085.617,1,0.009710984,0
244,76,2085.922,0,0.999548733,1
244,74,2086.157,1,0.051686551,0
235,182,2086.178,1,0.018251145,0
137,187,2086.359,1,0.014539534,0
104,187,2086.367,1,0.014575352,0
91,191,2086.487,1,0.014383018,0
245,74,2086.496,1,0.057091981,0
127,191,2086.502,1,0.014340455,0
120,203,2086.921,1,0.014146919,0
126,208,2087.092,1,0.008942859,0
219,215,2087.34,1,0.009084325,0
106,216,2087.389,1,0.009197451,0
197,238,2088.159,1,0.007729505,0
178,248,2088.501,1,0.010821419,0
167,251,2088.615,1,0.009327820,0
184,254,2088.741,1,0.009434061,0
152,5,2089.376,1,0.011536058,0
108,5,2089.388,1,0.009996549,0
80,7,2089.447,1,0.009894107,0
100,14,2089.696,1,0.010384492,0
112,14,2089.696,1,0.009753820,0
10,15,2089.737,1,0.009367946,0
31,23,2090.026,1,0.045990370,0
58,24,2090.047,1,0.045994844,0
228,24,2090.053,1,0.010331921,0
324,24,2090.068,1,0.010285170,0
201,26,2090.133,1,0.011147934,0
100,27,2090.155,1,0.044436209,0
232,30,2090.259,1,0.010683426,0
207,31,2090.299,1,0.011544506,0
102,32,2090.329,1,0.047905661,0
279,36,2090.472,1,0.010886928,0
261,38,2090.539,1,0.028248081,0
92,38,2090.546,1,0.049761150,0
253,39,2090.583,1,0.011099621,0
260,39,2090.592,1,0.023007438,0
81,40,2090.608,1,0.048870903,0
104,40,2090.614,1,0.049694508,0
84,41,2090.648,1,0.048838969,0
47,44,2090.752,1,0.047026582,0
337,46,2090.826,1,0.010094551,0
134,47,2090.882,1,0.048323702,0
130,48,2090.899,1,0.048275758,0
206,48,2090.9,1,0.040157925,0
24,52,2091.033,1,0.005052109,0
30,52,2091.041,1,0.003570784,0
216,56,2091.199,1,0.009084698,0
184,61,2091.356,1,0.009105067,0
124,62,2091.398,1,0.009252041,0
204,71,2091.706,1,0.009018596,0
69,72,2091.746,1,0.004119838,0
23,73,2091.8,1,0.010335364,0
295,100,2092.735,1,0.008840123,0
243,103,2092.836,1,0.009639746,0
291,103,2092.851,1,0.009282622,0
41,109,2093.072,1,0.009731237,0
257,111,2093.131,1,0.010373726,0
278,115,2093.28,1,0.010626234,0
317,119,2093.399,1,0.007970707,0
313,120,2093.433,1,0.008521348,0
115,120,2093.434,1,0.012856847,0
117,124,2093.602,1,0.009158737,0
117,125,2093.614,1,0.015275653,0
187,126,2093.646,1,0.004655698,0
141,128,2093.721,1,0.012539334,0
214,131,2093.821,1,0.009805650,0
71,135,2093.968,1,0.009477683,0
3,144,2094.286,1,0.028076822,0
2,144,2094.308,1,0.017186863,0
181,149,2094.467,1,0.029546713,0
108,157,2094.743,1,0.015320807,0
127,162,2094.944,1,0.015241584,0
119,163,2094.953,1,0.015123461,0
125,166,2095.061,1,0.008887679,0
127,168,2095.127,1,0.007169485,0
232,168,2095.147,1,0.009696712,0
131,168,2095.147,1,0.009398137,0
79,183,2095.664,1,0.009143574,0
184,184,2095.695,1,0.009723419,0
140,199,2096.236,1,0.008948511,0
290,206,2096.485,1,0.007286966,0
158,210,2096.606,1,0.008871049,0
153,215,2096.78,1,0.008447476,0
245,76,2096.812,0,0.999947309,1
245,75,2097.015,1,0.999975920,1
152,225,2097.164,1,0.008471894,0
261,226,2097.195,1,0.007338386,0
247,76,2097.2,0,0.977552414,1
151,230,2097.327,1,0.008624223,0
184,235,2097.494,1,0.008976528,0
307,249,2097.999,1,0.006585066,0
243,74,2101.918,1,0.979795337,1
246,74,2119.775,1,0.976542652,1
23,1,2119.803,1,0.008765696,0
288,5,2119.932,1,0.007104910,0
16,6,2119.972,1,0.009032858,0
67,13,2120.219,1,0.009461139,0
207,18,2120.391,1,0.006681632,0
243,20,2120.473,1,0.007051755,0
318,24,2120.602,1,0.007510254,0
120,31,2120.845,1,0.009574925,0
259,38,2121.113,1,0.008710779,0
207,45,2121.345,1,0.010577094,0
311,46,2121.386,1,0.008120663,0
240,55,2121.695,1,0.010479069,0
244,56,2121.741,1,0.009820402,0
244,58,2121.808,1,0.007530965,0
171,70,2122.249,1,0.056927506,0
207,71,2122.259,1,0.048741486,0
244,74,2122.36,1,0.039219994,0
246,75,2122.377,1,0.038225710,0
242,80,2122.582,1,0.044642963,0
34,96,2123.149,1,0.009824511,0
100,96,2123.165,1,0.014889465,0
247,77,2123.333,0,0.989867210,1
16,103,2123.399,1,0.009652053,0
154,106,2123.495,1,0.005766290,0
154,109,2123.602,1,0.012446253,0
217,135,2124.513,1,0.009569707,0
230,149,2125.014,1,0.009426235,0
35,150,2125.053,1,0.009011924,0
283,151,2125.081,1,0.009472730,0
341,151,2125.1,1,0.007635819,0
24,159,2125.36,1,0.008647203,0
83,160,2125.394,1,0.009364233,0
344,164,2125.547,1,0.007336889,0
305,168,2125.688,1,0.008303695,0
129,176,2125.976,1,0.009141945,0
220,182,2126.178,1,0.010592500,0
172,184,2126.246,1,0.015774889,0
276,194,2126.605,1,0.011037676,0
66,197,2126.703,1,0.014031463,0
341,220,2127.539,1,0.007072104,0
249,5,2129.377,1,0.006915473,0
49,5,2129.385,1,0.009626680,0
325,12,2129.647,1,0.007257678,0
251,13,2129.663,1,0.007016714,0
79,16,2129.767,1,0.009463217,0
310,16,2129.793,1,0.007265395,0
71,18,2129.851,1,0.009390961,0
73,23,2130.024,1,0.044256959,0
77,24,2130.048,1,0.044599749,0
226,28,2130.186,1,0.010614390,0
70,28,2130.192,1,0.047855157,0
96,36,2130.47,1,0.049514670,0
38,38,2130.541,1,0.048400313,0
54,44,2130.751,1,0.048274398,0
32,48,2130.891,1,0.035893284,0
38,50,2130.972,1,0.035432287,0
29,51,2131.0,1,0.003623596,0
24,52,2131.032,1,0.005480143,0
310,52,2131.04,1,0.007310563,0
99,56,2131.173,1,0.008516930,0
112,64,2131.465,1,0.009295730,0
121,80,2132.034,1,0.009910863,0
343,90,2132.373,1,0.006759966,0
245,77,2132.466,0,0.996654868,1
101,93,2132.485,1,0.009918323,0
294,94,2132.517,1,0.008622414,0
27,120,2133.451,1,0.009399523,0
77,126,2133.656,1,0.009761123,0
119,136,2134.012,1,0.022483626,0
23,139,2134.104,1,0.014077493,0
17,142,2134.216,1,0.013958964,0
294,144,2134.282,1,0.028445121,0
293,145,2134.316,1,0.016104242,0
47,150,2134.491,1,0.014474303,0
248,150,2134.508,1,0.023016186,0
310,152,2134.574,1,0.011597263,0
16,157,2134.758,1,0.013941387,0
300,158,2134.78,1,0.011869580,0
254,160,2134.843,1,0.013520695,0
232,161,2134.883,1,0.021561459,0
19,182,2135.646,1,0.008624402,0
81,204,2136.409,1,0.008472338,0
243,228,2137.245,1,0.005910052,0
189,240,2137.682,1,0.009854439,0
159,258,2138.305,1,0.013913490,0
246,77,2140.538,0,0.996413529,1
244,76,2144.658,1,0.998342156,1
248,76,2146.118,0,0.589986145,0
245,78,2152.572,0,0.996109426,1
246,78,2153.712,0,0.999104321,1
242,78,2153.853,1,0.736733496,0
247,78,2158.209,0,0.605248988,0
286,6,2159.967,1,0.006964650,0
156,14,2160.259,1,0.009379559,0
31,20,2160.465,1,0.008875217,0
127,24,2160.605,1,0.009425955,0
284,36,2161.052,1,0.007646489,0
190,38,2161.096,1,0.009296301,0
142,40,2161.168,1,0.008868642,0
234,47,2161.417,1,0.009865210,0
63,47,2161.431,1,0.008976656,0
141,48,2161.456,1,0.009031666,0
177,56,2161.739,1,0.009067711,0
287,67,2162.122,1,0.011633174,0
189,67,2162.132,1,0.050924465,0
113,69,2162.19,1,0.049816474,0
105,73,2162.338,1,0.046304986,0
308,74,2162.38,1,0.010721659,0
303,76,2162.458,1,0.011083099,0
299,77,2162.472,1,0.011341855,0
109,79,2162.545,1,0.044311177,0
127,88,2162.863,1,0.057402950,0
243,98,2163.222,1,0.009190358,0
169,103,2163.411,1,0.004926024,0
229,108,2163.572,1,0.009332681,0
291,109,2163.594,1,0.009195496,0
264,118,2163.923,1,0.008312307,0
71,118,2163.938,1,0.009578855,0
21,119,2163.957,1,0.009412972,0
59,126,2164.208,1,0.009305199,0
223,132,2164.414,1,0.009406296,0
160,134,2164.482,1,0.014660576,0
320,135,2164.516,1,0.008071186,0
131,143,2164.8,1,0.010737290,0
256,144,2164.843,1,0.009589030,0
264,148,2164.972,1,0.010168731,0
228,149,2165.032,1,0.009449068,0
189,153,2165.169,1,0.012171065,0
245,76,2165.906,1,0.983950853,1
202,175,2165.927,1,0.008849797,0
237,205,2166.985,1,0.011601911,0
12,206,2167.02,1,0.008570757,0
246,215,2167.334,1,0.006714104,0
122,219,2167.482,1,0.009421143,0
213,227,2167.762,1,0.008400095,0
69,238,2168.153,1,0.008145293,0
200,243,2168.329,1,0.008275393,0
41,252,2168.639,1,0.008337130,0
150,4,2169.343,1,0.012744377,0
247,78,2169.446,0,0.999643922,1
230,7,2169.448,1,0.006451106,0
246,78,2169.607,0,0.999763787,1
159,18,2169.834,1,0.009562962,0
242,20,2169.911,1,0.006968582,0
260,23,2170.013,1,0.010604556,0
100,24,2170.047,1,0.044581134,0
91,24,2170.058,1,0.043715432,0
192,25,2170.085,1,0.012121814,0
190,32,2170.33,1,0.022682989,0
297,33,2170.372,1,0.010619455,0
51,39,2170.579,1,0.048706491,0
343,40,2170.613,1,0.009960033,0
180,55,2171.144,1,0.008920165,0
203,56,2171.19,1,0.008757500,0
72,62,2171.389,1,0.008889624,0
4,72,2171.757,1,0.009677892,0
287,74,2171.811,1,0.006561663,0
288,75,2171.865,1,0.005817571,0
247,76,2171.882,1,0.998958468,1
32,48,2172.261,1,0.008976359,0
104,88,2172.313,1,0.005794580,0
338,95,2172.564,1,0.007260155,0
23,100,2172.728,1,0.009650404,0
254,104,2172.87,1,0.009120000,0
152,110,2173.086,1,0.012097217,0
8,120,2173.436,1,0.009317937,0
195,127,2173.681,1,0.009289119,0
50,137,2174.054,1,0.014624078,0
242,140,2174.147,1,0.027786806,0
204,80,2174.157,1,0.048796169,0
271,149,2174.459,1,0.014311233,0
240,154,2174.65,1,0.020893637,0
47,158,2174.778,1,0.014398742,0
259,159,2174.829,1,0.013380569,0
285,163,2174.952,1,0.012072521,0
81,164,2175.001,1,0.008861839,0
181,165,2175.023,1,0.011352296,0
102,165,2175.037,1,0.009224327,0
89,178,2175.481,1,0.008946740,0
152,183,2175.683,1,0.009938999,0
116,199,2176.221,1,0.008832761,0
80,201,2176.291,1,0.008629614,0
72,208,2176.547,1,0.010674020,0
182,211,2176.639,1,0.009176983,0
74,212,2176.687,1,0.008437325,0
176,215,2176.794,1,0.009498939,0
86,233,2177.421,1,0.008095717,0
28,242,2177.747,1,0.019543566,0
29,243,2177.773,1,0.002856732,0
63,245,2177.85,1,0.008023256,0
200,224,2178.938,1,0.010894114,0
248,77,2179.236,0,0.994020641,1
223,32,2179.609,1,0.007906180,0
247,78,2180.776,0,0.993107617,1
248,76,2193.742,1,0.996535778,1
247,77,2194.005,1,0.998181462,1
145,8,2200.046,1,0.008791573,0
27,11,2200.159,1,0.009012462,0
15,26,2200.684,1,0.008666554,0
21,28,2200.752,1,0.008667856,0
173,29,2200.788,1,0.008969901,0
201,34,2200.958,1,0.009271709,0
8,40,2201.163,1,0.008957718,0
343,42,2201.242,1,0.007573993,0
335,45,2201.355,1,0.007756435,0
318,47,2201.419,1,0.007036664,0
150,50,2201.529,1,0.007185904,0
148,52,2201.591,1,0.007067599,0
145,56,2201.739,1,0.009744742,0
142,64,2202.017,1,0.050547350,0
137,64,2202.028,1,0.050357684,0
246,77,2202.16,1,0.933331311,1
248,79,2202.228,0,0.591882229,0
130,71,2202.254,1,0.051757883,0
294,72,2202.295,1,0.011397312,0
245,75,2202.4,1,0.039721474,0
107,80,2202.598,1,0.045575101,0
46,91,2202.967,1,0.016557725,0
44,92,2202.999,1,0.016271805,0
302,93,2203.031,1,0.008366030,0
114,94,2203.086,1,0.006155285,0
34,100,2203.29,1,0.010202374,0
152,105,2203.472,1,0.006357369,0
182,109,2203.608,1,0.010100055,0
171,113,2203.737,1,0.005426222,0
10,118,2203.92,1,0.009078570,0
178,123,2204.094,1,0.005535490,0
110,128,2204.275,1,0.012173462,0
331,134,2204.478,1,0.007853042,0
156,143,2204.798,1,0.012979772,0
157,151,2205.09,1,0.012263378,0
44,152,2205.127,1,0.009699270,0
76,155,2205.23,1,0.009150900,0
130,162,2205.465,1,0.010146806,0
333,164,2205.547,1,0.008141623,0
131,165,2205.571,1,0.009392897,0
168,168,2205.675,1,0.011162652,0
251,172,2205.847,1,0.009472599,0
331,178,2206.038,1,0.010793550,0
58,180,2206.103,1,0.014267971,0
80,187,2206.354,1,0.014352996,0
83,191,2206.494,1,0.014317825,0
246,196,2206.691,1,0.011907586,0
86,203,2206.934,1,0.014132616,0
160,210,2207.17,1,0.009325885,0
190,232,2207.945,1,0.008499292,0
44,254,2208.721,1,0.008595236,0
186,256,2208.781,1,0.009376787,0
214,5,2209.376,1,0.006293229,0
191,12,2209.629,1,0.008085985,0
27,12,2209.653,1,0.007184300,0
31,16,2209.767,1,0.005322955,0
63,18,2209.845,1,0.009535469,0
43,20,2209.906,1,0.009516871,0
23,21,2209.965,1,0.008881981,0
146,24,2210.056,1,0.044680491,0
181,28,2210.204,1,0.020948760,0
150,30,2210.262,1,0.046844639,0
96,30,2210.279,1,0.047427721,0
280,31,2210.299,1,0.010731041,0
93,35,2210.451,1,0.015303293,0
136,36,2210.471,1,0.048685394,0
39,36,2210.488,1,0.047689863,0
31,37,2210.509,1,0.084921263,0
29,37,2210.509,1,0.100537121,0
90,38,2210.542,1,0.014697445,0
262,39,2210.586,1,0.011055350,0
130,40,2210.616,1,0.049907815,0
272,40,2210.626,1,0.011012969,0
173,43,2210.733,1,0.049933873,0
86,45,2210.786,1,0.048818715,0
255,45,2210.794,1,0.011785666,0
80,45,2210.798,1,0.048704702,0
174,47,2210.87,1,0.048981607,0
332,48,2210.898,1,0.010173392,0
24,52,2211.034,1,0.004935973,0
149,54,2211.113,1,0.008709062,0
238,56,2211.177,1,0.011937612,0
247,58,2211.262,1,0.009469370,0
130,59,2211.278,1,0.009239698,0
164,59,2211.29,1,0.008146849,0
159,60,2211.334,1,0.008760969,0
166,61,2211.354,1,0.009271258,0
151,63,2211.434,1,0.008901143,0
132,64,2211.456,1,0.009340315,0
162,64,2211.461,1,0.009648003,0
186,64,2211.474,1,0.009145303,0
255,68,2211.597,1,0.010066177,0
243,75,2211.843,1,0.884510636,0
197,78,2211.956,1,0.008977670,0
341,85,2212.227,1,0.006829160,0
232,87,2212.277,1,0.012367815,0
167,94,2212.52,1,0.008452954,0
127,116,2213.32,1,0.014611426,0
168,117,2213.328,1,0.005811273,0
221,119,2213.407,1,0.009674898,0
96,126,2213.644,1,0.010814943,0
217,129,2213.75,1,0.009517940,0
24,133,2213.893,1,0.008634082,0
331,133,2213.913,1,0.007775189,0
248,79,2213.939,0,0.991362154,1
299,141,2214.179,1,0.012185009,0
16,160,2214.848,1,0.013912437,0
248,77,2215.123,1,0.995932758,1
262,168,2215.128,1,0.008532370,0
320,172,2215.27,1,0.007880893,0
328,172,2215.283,1,0.007651101,0
263,175,2215.402,1,0.008444001,0
261,184,2215.699,1,0.008358101,0
247,79,2216.186,0,0.999400377,1
249,79,2216.223,0,0.990648925,1
111,211,2216.661,1,0.008940231,0
166,232,2217.383,1,0.009535871,0
247,78,2217.648,1,0.994651794,1
273,248,2217.959,1,0.007433100,0
279,252,2218.094,1,0.009990912,0
228,252,2218.114,1,0.006525552,0
94,254,2218.166,1,0.013304081,0
247,78,2230.182,1,0.039531697,0
246,77,2235.266,1,0.998190343,1
246,78,2237.02,1,0.999686837,1
248,80,2237.66,0,0.998717308,1
247,80,2238.19,0,0.994741082,1
157,4,2239.911,1,0.010626922,0
262,6,2239.99,1,0.006851914,0
38,43,2241.284,1,0.009011712,0
165,47,2241.414,1,0.008919524,0
76,49,2241.484,1,0.009119094,0
71,50,2241.521,1,0.009273728,0
203,52,2241.591,1,0.008983314,0
204,54,2241.661,1,0.009540136,0
200,56,2241.737,1,0.011572076,0
199,57,2241.764,1,0.010688412,0
96,58,2241.801,1,0.008920345,0
199,68,2242.164,1,0.048942316,0
183,71,2242.264,1,0.018731916,0
104,71,2242.282,1,0.048062932,0
184,72,2242.313,1,0.042086821,0
185,73,2242.327,1,0.070962839,0
250,75,2242.406,1,0.032971852,0
194,75,2242.413,1,0.051844306,0
267,77,2242.467,1,0.022681409,0
331,77,2242.492,1,0.010142344,0
248,78,2242.502,1,0.038426064,0
29,78,2242.508,1,0.016430760,0
186,78,2242.514,1,0.056573778,0
153,78,2242.529,1,0.059837911,0
328,79,2242.547,1,0.010259572,0
192,79,2242.565,1,0.085082576,0
192,81,2242.624,1,0.082394309,0
194,84,2242.721,1,0.053160254,0
120,93,2243.03,1,0.005947539,0
223,95,2243.104,1,0.009129773,0
271,97,2243.186,1,0.009893532,0
171,101,2243.334,1,0.006677086,0
185,102,2243.35,1,0.009480468,0
267,102,2243.362,1,0.011483635,0
78,107,2243.54,1,0.011169286,0
240,108,2243.56,1,0.009401938,0
242,112,2243.71,1,0.009422866,0
234,122,2244.059,1,0.009775301,0
1,125,2244.19,1,0.008498335,0
276,127,2244.232,1,0.010113370,0
299,139,2244.664,1,0.008366770,0
227,144,2244.829,1,0.008996437,0
121,155,2245.242,1,0.009581003,0
77,165,2245.575,1,0.009286702,0
79,166,2245.617,1,0.009943326,0
103,168,2245.681,1,0.009393597,0
245,169,2245.716,1,0.009944316,0
133,172,2245.826,1,0.009395638,0
209,174,2245.906,1,0.007418391,0
152,179,2246.068,1,0.015935574,0
150,183,2246.212,1,0.015362651,0
136,184,2246.253,1,0.014555196,0
327,184,2246.256,1,0.010829594,0
103,191,2246.503,1,0.014503144,0
138,192,2246.549,1,0.014480486,0
78,203,2246.914,1,0.014051606,0
188,206,2247.023,1,0.009158651,0
167,212,2247.244,1,0.009328405,0
54,216,2247.377,1,0.008366002,0
176,222,2247.585,1,0.011157122,0
200,224,2247.651,1,0.007598822,0
53,224,2247.656,1,0.008173869,0
225,233,2247.973,1,0.004528419,0
57,256,2248.795,1,0.007920432,0
291,1,2249.235,1,0.007612221,0
157,3,2249.319,1,0.010054727,0
83,4,2249.34,1,0.010064338,0
335,6,2249.425,1,0.007730411,0
233,9,2249.514,1,0.007109100,0
86,10,2249.557,1,0.009913679,0
83,11,2249.589,1,0.009490235,0
59,12,2249.627,1,0.009751545,0
191,13,2249.668,1,0.008050887,0
198,16,2249.771,1,0.007441822,0
231,22,2249.987,1,0.007780061,0
249,23,2250.028,1,0.010540996,0
239,24,2250.05,1,0.010437721,0
149,25,2250.111,1,0.044697300,0
165,26,2250.117,1,0.044694528,0
234,27,2250.153,1,0.010522168,0
60,28,2250.189,1,0.047900222,0
71,31,2250.319,1,0.048947688,0
335,32,2250.331,1,0.010099397,0
327,32,2250.34,1,0.010252598,0
168,32,2250.358,1,0.044753864,0
1,33,2250.364,1,0.032336932,0
265,35,2250.445,1,0.010889958,0
224,36,2250.469,1,0.011766848,0
62,36,2250.478,1,0.035415847,0
104,37,2250.509,1,0.049472716,0
107,38,2250.54,1,0.049720466,0
172,38,2250.547,1,0.048465770,0
58,40,2250.612,1,0.022737769,0
28,42,2250.686,1,0.039407589,0
231,45,2250.786,1,0.014589136,0
181,46,2250.832,1,0.049970087,0
127,47,2250.86,1,0.048225254,0
187,47,2250.869,1,0.049748547,0
234,48,2250.901,1,0.012892959,0
64,51,2251.002,1,0.008962516,0
155,56,2251.176,1,0.008637810,0
183,56,2251.186,1,0.008617193,0
304,56,2251.2,1,0.007460312,0
160,59,2251.278,1,0.009093541,0
240,63,2251.428,1,0.009194063,0
245,64,2251.457,1,0.013416428,0
64,67,2251.567,1,0.005718478,0
139,68,2251.6,1,0.009109934,0
25,68,2251.622,1,0.011129589,0
248,70,2251.668,1,0.008977831,0
116,70,2251.674,1,0.009895849,0
114,71,2251.718,1,0.009788044,0
247,72,2251.738,1,0.008689612,0
247,80,2251.841,0,0.987344265,1
175,76,2251.878,1,0.009783035,0
169,76,2251.885,1,0.010150083,0
10,80,2252.024,1,0.010101547,0
65,85,2252.213,1,0.011597072,0
69,86,2252.251,1,0.012011096,0
9,87,2252.278,1,0.009481252,0
335,89,2252.342,1,0.007140469,0
331,93,2252.494,1,0.007326401,0
61,96,2252.592,1,0.010536660,0
83,100,2252.727,1,0.011638088,0
138,104,2252.876,1,0.008645081,0
187,106,2252.953,1,0.009233701,0
56,109,2253.045,1,0.009906872,0
308,111,2253.119,1,0.008130970,0
325,112,2253.151,1,0.008015713,0
325,116,2253.29,1,0.008679760,0
139,120,2253.436,1,0.014924608,0
103,124,2253.587,1,0.011437339,0
247,126,2253.645,1,0.009139700,0
160,127,2253.683,1,0.015956830,0
343,135,2253.965,1,0.007417012,0
239,142,2254.21,1,0.027961235,0
47,143,2254.241,1,0.014533052,0
263,143,2254.259,1,0.021787496,0
144,158,2254.783,1,0.021300733,0
66,168,2255.131,1,0.008928182,0
271,173,2255.309,1,0.008370441,0
295,175,2255.372,1,0.008167258,0
232,200,2256.256,1,0.007207873,0
233,208,2256.549,1,0.005488275,0
166,216,2256.846,1,0.008856923,0
161,228,2257.248,1,0.008775392,0
10,231,2257.377,1,0.007860428,0
122,233,2257.422,1,0.008186729,0
271,245,2257.843,1,0.006791408,0
180,247,2257.915,1,0.009021677,0
54,255,2258.196,1,0.012837985,0
103,256,2258.234,1,0.013207433,0
250,80,2260.927,0,0.999856710,1
250,79,2261.117,0,0.997765303,1
247,78,2263.264,1,0.997864187,1
248,79,2276.51,1,0.999253929,1
208,8,2280.063,1,0.006411436,0
342,14,2280.255,1,0.007134509,0
264,27,2280.713,1,0.007612624,0
250,31,2280.853,1,0.007745731,0
141,36,2281.03,1,0.009571656,0
113,37,2281.069,1,0.008994592,0
159,38,2281.104,1,0.009439922,0
215,53,2281.643,1,0.008980619,0
341,54,2281.666,1,0.007533210,0
57,62,2281.96,1,0.010225846,0
128,72,2282.295,1,0.051790595,0
140,84,2282.732,1,0.056779072,0
313,86,2282.791,1,0.011057749,0
90,88,2282.865,1,0.031202158,0
94,93,2283.032,1,0.014840291,0
207,94,2283.08,1,0.008678554,0
161,95,2283.108,1,0.005818591,0
182,95,2283.12,1,0.010010300,0
127,102,2283.349,1,0.008316927,0
184,103,2283.385,1,0.009501411,0
288,104,2283.438,1,0.009674639,0
106,106,2283.518,1,0.013144359,0
325,110,2283.644,1,0.007790798,0
210,112,2283.712,1,0.009065093,0
24,115,2283.813,1,0.009782245,0
207,118,2283.923,1,0.008823044,0
295,123,2284.088,1,0.008677335,0
163,127,2284.239,1,0.016393496,0
192,140,2284.694,1,0.004501723,0
227,141,2284.722,1,0.009231425,0
102,141,2284.735,1,0.009902617,0
163,158,2285.338,1,0.011944138,0
287,174,2285.897,1,0.008326044,0
336,190,2286.459,1,0.010700914,0
279,224,2287.654,1,0.007223142,0
297,251,2288.635,1,0.006318788,0
112,255,2288.757,1,0.008571307,0
333,4,2289.349,1,0.006990363,0
45,7,2289.448,1,0.009540830,0
167,8,2289.485,1,0.009672149,0
162,9,2289.524,1,0.010263020,0
118,11,2289.591,1,0.009947720,0
182,15,2289.74,1,0.008370394,0
223,16,2289.77,1,0.007094860,0
125,18,2289.839,1,0.009508521,0
157,20,2289.913,1,0.009629208,0
221,22,2289.976,1,0.006989689,0
204,23,2290.011,1,0.010737228,0
206,23,2290.021,1,0.011820097,0
4,29,2290.221,1,0.037862979,0
56,30,2290.258,1,0.048631411,0
69,34,2290.398,1,0.049352277,0
224,39,2290.577,1,0.012317197,0
155,40,2290.628,1,0.049691942,0
44,44,2290.768,1,0.045584079,0
35,50,2290.976,1,0.035138287,0
79,51,2291.027,1,0.008649867,0
216,59,2291.281,1,0.009040514,0
263,63,2291.436,1,0.009938029,0
230,64,2291.464,1,0.009640642,0
223,67,2291.576,1,0.008997568,0
11,74,2291.811,1,0.009657839,0
297,88,2292.317,1,0.008306094,0
95,152,2294.565,1,0.015289000,0
0,156,2294.708,1,0.013860309,0
1,157,2294.74,1,0.028378595,0
204,158,2294.776,1,0.014459706,0
95,163,2294.95,1,0.014956145,0
330,167,2295.099,1,0.007669732,0
143,168,2295.124,1,0.009327837,0
146,168,2295.155,1,0.011071315,0
136,173,2295.312,1,0.009302552,0
45,174,2295.348,1,0.008728725,0
187,175,2295.392,1,0.010302474,0
296,182,2295.623,1,0.007938907,0
16,184,2295.693,1,0.008537035,0
20,188,2295.833,1,0.007535086,0
48,188,2295.853,1,0.009053907,0
107,191,2295.959,1,0.010334929,0
32,48,2296.205,1,0.009013939,0
243,200,2296.267,1,0.007643802,0
52,202,2296.343,1,0.009089314,0
247,208,2296.54,1,0.007383915,0
122,220,2296.978,1,0.010088106,0
311,222,2297.053,1,0.007886901,0
160,224,2297.127,1,0.009054909,0
25,229,2297.281,1,0.008198150,0
162,231,2297.376,1,0.009298668,0
151,232,2297.398,1,0.009312859,0
293,240,2297.673,1,0.007500253,0
248,81,2297.815,0,0.988449693,1
237,254,2298.175,1,0.012140008,0
247,79,2305.869,1,0.956579685,1
250,79,2318.03,1,0.036713049,0
248,80,2318.68,1,0.039588224,0
200,10,2320.128,1,0.006627829,0
162,13,2320.219,1,0.010682781,0
288,14,2320.273,1,0.007274969,0
249,82,2320.569,0,0.981258690,1
269,24,2320.613,1,0.007365560,0
266,30,2320.82,1,0.007452241,0
163,38,2321.114,1,0.009047776,0
112,54,2321.681,1,0.008850010,0
323,60,2321.886,1,0.007378580,0
255,62,2321.946,1,0.010009298,0
329,64,2322.015,1,0.010200920,0
215,76,2322.439,1,0.048908561,0
204,80,2322.571,1,0.048800115,0
331,84,2322.719,1,0.010305109,0
267,85,2322.75,1,0.021441702,0
41,88,2322.861,1,0.016494347,0
157,103,2322.972,1,0.088955685,0
182,92,2322.998,1,0.060752936,0
28,93,2323.039,1,0.010110301,0
95,95,2323.113,1,0.013733179,0
118,100,2323.287,1,0.018874079,0
121,101,2323.313,1,0.007437456,0
120,101,2323.324,1,0.007797175,0
124,104,2323.428,1,0.007569328,0
161,110,2323.63,1,0.005670792,0
120,112,2323.714,1,0.013933346,0
317,115,2323.81,1,0.008065965,0
67,117,2323.901,1,0.009717044,0
315,119,2323.956,1,0.008171299,0
220,122,2324.064,1,0.009547042,0
86,126,2324.219,1,0.010256266,0
166,128,2324.281,1,0.017054172,0
127,140,2324.697,1,0.011067295,0
265,158,2325.337,1,0.009550333,0
8,161,2325.44,1,0.008327808,0
32,186,2326.329,1,0.013832768,0
188,193,2326.581,1,0.012968403,0
130,199,2326.785,1,0.014238399,0
24,207,2327.07,1,0.008990772,0
183,224,2327.656,1,0.010140477,0
320,241,2328.266,1,0.006776382,0
178,248,2328.502,1,0.010084492,0
99,2,2329.3,1,0.009689622,0
132,3,2329.309,1,0.009552458,0
214,6,2329.416,1,0.006669437,0
306,15,2329.733,1,0.007034644,0
104,23,2330.019,1,0.044590354,0
102,24,2330.062,1,0.044585653,0
130,27,2330.166,1,0.044746131,0
218,29,2330.245,1,0.010747703,0
183,31,2330.305,1,0.023619808,0
68,32,2330.328,1,0.048988614,0
172,36,2330.472,1,0.046705760,0
171,43,2330.725,1,0.049771510,0
31,46,2330.83,1,0.036628917,0
74,60,2331.328,1,0.008849437,0
204,64,2331.462,1,0.009492714,0
202,65,2331.51,1,0.009989236,0
199,66,2331.543,1,0.009097284,0
311,71,2331.709,1,0.007831238,0
213,79,2331.993,1,0.008738240,0
79,79,2332.009,1,0.005087748,0
249,80,2332.02,1,0.999638319,1
194,83,2332.129,1,0.009447162,0
200,84,2332.168,1,0.009222593,0
193,86,2332.255,1,0.009157816,0
73,88,2332.31,1,0.012335896,0
47,98,2332.667,1,0.009815673,0
226,100,2332.738,1,0.010079077,0
41,101,2332.773,1,0.009740800,0
91,102,2332.8,1,0.010041124,0
90,102,2332.811,1,0.006600991,0
93,103,2332.834,1,0.011977948,0
189,109,2333.048,1,0.009248131,0
46,109,2333.068,1,0.009744351,0
167,110,2333.083,1,0.006256384,0
184,122,2333.515,1,0.004369689,0
251,82,2333.926,0,0.992138326,1
328,144,2334.286,1,0.010915690,0
204,80,2334.355,1,0.048800640,0
61,159,2334.807,1,0.014602854,0
103,162,2334.924,1,0.015107922,0
233,167,2335.11,1,0.009253414,0
250,82,2335.502,0,0.997694910,1
285,183,2335.659,1,0.008091563,0
251,81,2336.204,0,0.999626160,1
149,206,2336.492,1,0.008924549,0
247,80,2336.576,1,0.997574151,1
24,216,2336.818,1,0.008615242,0
316,221,2337.004,1,0.006977421,0
121,223,2337.073,1,0.008508043,0
43,225,2337.155,1,0.008201167,0
32,48,2337.16,1,0.009255766,0
231,240,2337.687,1,0.005841564,0
242,250,2338.026,1,0.007008367,0
7,251,2338.069,1,0.012549948,0
249,81,2346.826,1,0.039006017,0
248,80,2353.361,1,0.985465527,1
55,4,2359.895,1,0.009367215,0
77,7,2360.005,1,0.009615999,0
95,9,2360.07,1,0.009620232,0
90,16,2360.327,1,0.009859506,0
95,18,2360.39,1,0.009906927,0
208,25,2360.65,1,0.007497414,0
50,29,2360.777,1,0.009117612,0
239,30,2360.82,1,0.007520863,0
135,31,2360.846,1,0.009298004,0
51,32,2360.879,1,0.008719838,0
50,34,2360.957,1,0.009386571,0
186,34,2360.957,1,0.011365244,0
188,36,2361.032,1,0.009297557,0
50,39,2361.132,1,0.009101750,0
55,39,2361.144,1,0.009001918,0
53,48,2361.456,1,0.009468757,0
56,51,2361.577,1,0.009428925,0
232,53,2361.643,1,0.011971815,0
64,56,2361.733,1,0.008910208,0
176,56,2361.755,1,0.007297892,0
270,58,2361.824,1,0.008538434,0
180,60,2361.871,1,0.005358310,0
185,62,2361.939,1,0.009543073,0
95,69,2362.2,1,0.045316733,0
152,71,2362.267,1,0.055524278,0
26,75,2362.415,1,0.016482377,0
40,76,2362.444,1,0.017534545,0
250,83,2362.767,0,0.999911547,1
81,86,2362.788,1,0.027544063,0
238,86,2362.804,1,0.044697665,0
102,90,2362.945,1,0.037554987,0
100,91,2362.966,1,0.036084183,0
229,95,2363.11,1,0.009175404,0
251,95,2363.111,1,0.009314002,0
152,100,2363.283,1,0.005504542,0
124,105,2363.459,1,0.007398173,0
125,105,2363.481,1,0.009198991,0
249,83,2363.511,0,0.995438278,1
135,110,2363.654,1,0.016408365,0
216,111,2363.671,1,0.009270755,0
268,117,2363.895,1,0.011037482,0
206,118,2363.921,1,0.009065718,0
105,120,2363.986,1,0.011785971,0
248,122,2364.069,1,0.009177285,0
250,81,2364.105,1,0.999905825,1
166,127,2364.231,1,0.018150009,0
106,127,2364.242,1,0.011179723,0
2,133,2364.451,1,0.008619805,0
223,135,2364.52,1,0.009602893,0
251,143,2364.806,1,0.010347228,0
249,144,2364.841,1,0.010915994,0
241,149,2365.017,1,0.011313455,0
315,159,2365.36,1,0.008096004,0
183,160,2365.424,1,0.011728683,0
177,166,2365.61,1,0.011175960,0
129,167,2365.662,1,0.009245688,0
66,172,2365.842,1,0.009197104,0
240,183,2366.212,1,0.013997498,0
336,184,2366.25,1,0.010729917,0
337,188,2366.389,1,0.010709641,0
119,191,2366.492,1,0.014339038,0
37,191,2366.516,1,0.013838677,0
53,200,2366.817,1,0.013839483,0
169,208,2367.106,1,0.009008331,0
68,218,2367.458,1,0.008442113,0
339,229,2367.83,1,0.007014418,0
343,232,2367.936,1,0.013133448,0
342,233,2367.988,1,0.005495591,0
235,237,2368.116,1,0.004450143,0
157,248,2368.503,1,0.008259797,0
8,252,2368.64,1,0.008220610,0
151,255,2368.755,1,0.008246417,0
201,4,2369.36,1,0.006381091,0
208,5,2369.381,1,0.006184385,0
243,5,2369.401,1,0.006917062,0
212,6,2369.418,1,0.006510109,0
73,8,2369.482,1,0.009683802,0
236,8,2369.489,1,0.006575020,0
297,10,2369.555,1,0.007437101,0
256,12,2369.624,1,0.007011048,0
95,14,2369.704,1,0.009670011,0
336,14,2369.72,1,0.007151488,0
274,14,2369.72,1,0.006996258,0
257,15,2369.75,1,0.007458444,0
334,20,2369.911,1,0.006883891,0
95,21,2369.943,1,0.009529752,0
45,23,2370.011,1,0.045366652,0
135,24,2370.062,1,0.044674888,0
36,26,2370.138,1,0.047124393,0
272,29,2370.223,1,0.010721438,0
298,32,2370.328,1,0.010592939,0
345,32,2370.338,1,0.009888905,0
95,32,2370.339,1,0.048621792,0
102,36,2370.497,1,0.049384601,0
95,37,2370.519,1,0.049685266,0
71,38,2370.542,1,0.049280256,0
97,45,2370.807,1,0.049015533,0
288,48,2370.895,1,0.010831662,0
248,53,2371.077,1,0.009995935,0
16,56,2371.191,1,0.008142574,0
17,57,2371.236,1,0.007161215,0
61,59,2371.287,1,0.008441950,0
198,61,2371.357,1,0.008910225,0
18,62,2371.415,1,0.011742603,0
75,69,2371.638,1,0.007249848,0
73,71,2371.707,1,0.006906974,0
167,76,2371.886,1,0.010229181,0
32,48,2372.107,1,0.008860335,0
275,88,2372.333,1,0.009617428,0
156,92,2372.451,1,0.009890404,0
207,93,2372.486,1,0.008594030,0
88,103,2372.836,1,0.012475669,0
250,83,2372.986,0,0.978103757,1
116,107,2372.989,1,0.015509523,0
311,110,2373.088,1,0.006047253,0
312,111,2373.119,1,0.005187161,0
183,122,2373.526,1,0.004768784,0
178,126,2373.667,1,0.004390283,0
189,128,2373.72,1,0.004540823,0
180,128,2373.733,1,0.006653004,0
182,140,2374.139,1,0.033390079,0
213,140,2374.144,1,0.044677868,0
183,142,2374.208,1,0.031760182,0
171,150,2374.52,1,0.032169368,0
166,152,2374.573,1,0.029953482,0
128,158,2374.774,1,0.016517570,0
118,168,2375.152,1,0.009806979,0
31,170,2375.203,1,0.006092677,0
30,171,2375.238,1,0.006856589,0
287,172,2375.271,1,0.008504794,0
28,173,2375.305,1,0.006619449,0
66,186,2375.77,1,0.008966756,0
87,188,2375.839,1,0.009087167,0
243,207,2376.51,1,0.006919339,0
135,221,2377.02,1,0.008948888,0
32,48,2378.793,1,0.034950588,0
252,82,2385.111,0,0.987894595,1
251,81,2387.013,1,0.999882817,1
250,82,2388.109,1,0.999748528,1
249,84,2390.089,0,0.641234875,0
251,84,2394.724,0,0.636510909,0
246,37,2401.06,1,0.007643968,0
181,38,2401.101,1,0.009828812,0
91,52,2401.615,1,0.009348220,0
268,56,2401.734,1,0.008784808,0
55,59,2401.838,1,0.009016376,0
270,60,2401.879,1,0.008903233,0
127,66,2402.084,1,0.050357692,0
317,68,2402.154,1,0.010331687,0
123,69,2402.189,1,0.050616570,0
106,69,2402.196,1,0.049278736,0
129,70,2402.228,1,0.051402453,0
317,72,2402.306,1,0.010705145,0
87,76,2402.451,1,0.037047114,0
234,77,2402.474,1,0.044738133,0
311,77,2402.496,1,0.010720173,0
192,78,2402.521,1,0.053531185,0
160,79,2402.543,1,0.062825963,0
204,80,2402.574,1,0.035786323,0
198,80,2402.582,1,0.050743204,0
202,82,2402.669,1,0.041289635,0
283,84,2402.734,1,0.013456875,0
143,85,2402.762,1,0.058622718,0
247,86,2402.814,1,0.991962850,1
122,87,2402.829,1,0.054250352,0
156,88,2402.865,1,0.080499575,0
23,88,2402.879,1,0.014869509,0
155,92,2403.007,1,0.009276586,0
237,93,2403.033,1,0.009689195,0
63,95,2403.107,1,0.011005720,0
171,96,2403.16,1,0.010102377,0
179,102,2403.372,1,0.009970189,0
248,103,2403.393,1,0.009535172,0
138,106,2403.494,1,0.015430158,0
252,84,2403.689,0,0.975149572,1
195,124,2404.13,1,0.008805663,0
8,135,2404.525,1,0.009121516,0
335,136,2404.549,1,0.007525130,0
54,140,2404.69,1,0.009335079,0
249,84,2404.806,0,0.982617557,1
246,144,2404.84,1,0.009646495,0
221,148,2404.989,1,0.009334260,0
33,163,2405.511,1,0.009083916,0
19,166,2405.61,1,0.009182420,0
32,166,2405.62,1,0.009405891,0
204,174,2405.888,1,0.025581760,0
205,174,2405.9,1,0.017134026,0
95,175,2405.922,1,0.008886692,0
154,181,2406.139,1,0.016140237,0
125,181,2406.16,1,0.014495240,0
87,183,2406.209,1,0.014489622,0
10,136,2406.33,1,0.013929317,0
178,188,2406.386,1,0.014806150,0
119,188,2406.395,1,0.014393182,0
110,189,2406.418,1,0.014471656,0
93,191,2406.51,1,0.014412988,0
60,205,2406.982,1,0.013820058,0
57,213,2407.281,1,0.009440404,0
86,216,2407.378,1,0.008720056,0
248,82,2407.562,1,0.985027313,1
101,224,2407.668,1,0.008744111,0
172,232,2407.954,1,0.010000467,0
249,81,2408.085,1,0.984865546,1
37,2,2409.271,1,0.009499576,0
148,4,2409.35,1,0.011017991,0
236,6,2409.415,1,0.006746523,0
40,7,2409.456,1,0.009431539,0
112,9,2409.517,1,0.005281922,0
113,10,2409.558,1,0.014524872,0
170,16,2409.766,1,0.009584692,0
144,19,2409.868,1,0.010043642,0
1,22,2409.982,1,0.009102087,0
216,23,2410.01,1,0.010233923,0
80,25,2410.083,1,0.044508193,0
58,27,2410.155,1,0.047096074,0
165,28,2410.194,1,0.044718530,0
242,30,2410.261,1,0.010670094,0
166,31,2410.293,1,0.044752292,0
152,31,2410.307,1,0.046985783,0
47,35,2410.437,1,0.048617557,0
52,36,2410.469,1,0.048729237,0
7,36,2410.476,1,0.033101723,0
98,37,2410.505,1,0.049571283,0
44,37,2410.514,1,0.047966614,0
116,38,2410.537,1,0.049587045,0
301,40,2410.612,1,0.010608859,0
227,40,2410.627,1,0.012606856,0
272,44,2410.768,1,0.013170847,0
304,45,2410.788,1,0.010609603,0
160,45,2410.797,1,0.048855871,0
274,46,2410.826,1,0.009245881,0
82,47,2410.859,1,0.048627373,0
129,53,2411.09,1,0.008673213,0
58,54,2411.113,1,0.008845778,0
97,64,2411.466,1,0.008634617,0
78,79,2411.991,1,0.004995728,0
251,82,2412.102,1,0.960649669,1
296,88,2412.305,1,0.008612534,0
77,125,2413.622,1,0.009711185,0
291,128,2413.719,1,0.009675474,0
292,133,2413.901,1,0.009365998,0
81,143,2414.247,1,0.015332047,0
278,157,2414.75,1,0.013185214,0
207,162,2414.93,1,0.014448029,0
250,167,2415.093,1,0.009254450,0
219,176,2415.409,1,0.007028881,0
218,192,2415.973,1,0.004890151,0
218,196,2416.119,1,0.005055633,0
49,204,2416.411,1,0.008264028,0
252,84,2417.08,0,0.995348513,1
200,240,2417.668,1,0.007121520,0
287,240,2417.677,1,0.007104574,0
286,243,2417.778,1,0.006828646,0
94,252,2418.103,1,0.013344089,0
251,84,2418.515,0,0.999531627,1
250,83,2419.896,1,0.997101128,1
252,82,2434.635,1,0.025757238,0
251,83,2434.642,1,0.030576613,0
275,6,2439.975,1,0.007266763,0
150,13,2440.218,1,0.009603200,0
68,14,2440.248,1,0.009250009,0
247,16,2440.318,1,0.007141751,0
179,16,2440.324,1,0.008884151,0
278,23,2440.564,1,0.007660736,0
87,26,2440.687,1,0.009289706,0
156,30,2440.818,1,0.009389498,0
54,32,2440.898,1,0.008935032,0
200,38,2441.097,1,0.009889031,0
101,42,2441.241,1,0.009359081,0
189,42,2441.255,1,0.009710769,0
125,44,2441.327,1,0.009397436,0
250,85,2441.48,0,0.996617019,1
320,51,2441.552,1,0.007176930,0
72,51,2441.558,1,0.009129242,0
251,85,2441.569,0,0.997992396,1
333,64,2442.015,1,0.010120390,0
201,70,2442.228,1,0.049323481,0
95,79,2442.544,1,0.040508069,0
175,80,2442.602,1,0.061528049,0
250,81,2442.607,1,0.038104948,0
247,82,2442.655,1,0.042524017,0
291,86,2442.793,1,0.012333562,0
189,88,2442.855,1,0.056605261,0
203,88,2442.868,1,0.048746780,0
255,90,2442.947,1,0.034686420,0
250,95,2443.108,1,0.007004004,0
254,95,2443.128,1,0.011369248,0
245,96,2443.163,1,0.009547077,0
166,98,2443.212,1,0.006339291,0
139,104,2443.425,1,0.007018043,0
254,110,2443.639,1,0.009178257,0
87,118,2443.927,1,0.010477398,0
167,121,2444.024,1,0.006075558,0
292,122,2444.061,1,0.009357499,0
136,125,2444.165,1,0.007919091,0
136,126,2444.219,1,0.020433044,0
331,134,2444.256,1,0.007559824,0
61,134,2444.502,1,0.009365070,0
28,141,2444.739,1,0.009067265,0
172,148,2444.97,1,0.013349934,0
251,159,2445.36,1,0.010079400,0
141,164,2445.542,1,0.009988676,0
70,170,2445.754,1,0.009243762,0
136,172,2445.848,1,0.009838558,0
63,174,2445.895,1,0.009130886,0
171,181,2446.14,1,0.016511427,0
215,191,2446.5,1,0.012155601,0
228,192,2446.525,1,0.015998319,0
59,199,2446.78,1,0.013932016,0
149,200,2446.832,1,0.014617758,0
328,206,2447.029,1,0.007332476,0
107,215,2447.347,1,0.009160983,0
105,216,2447.39,1,0.008625190,0
340,220,2447.52,1,0.007101873,0
310,223,2447.616,1,0.007062962,0
63,223,2447.629,1,0.008939070,0
221,228,2447.808,1,0.005016438,0
229,232,2447.946,1,0.004451745,0
137,246,2448.438,1,0.008221796,0
181,253,2448.69,1,0.008972542,0
184,7,2449.454,1,0.007575929,0
111,7,2449.475,1,0.010008755,0
306,8,2449.482,1,0.007167208,0
111,12,2449.629,1,0.009478127,0
250,13,2449.667,1,0.006960199,0
101,14,2449.702,1,0.009823764,0
104,16,2449.779,1,0.010372551,0
249,85,2449.905,0,0.967992127,1
232,22,2449.975,1,0.006894629,0
320,22,2449.99,1,0.007110368,0
280,22,2450.001,1,0.010576081,0
322,23,2450.012,1,0.010273644,0
15,23,2450.017,1,0.045474254,0
282,23,2450.042,1,0.010583398,0
23,24,2450.049,1,0.045892939,0
107,24,2450.064,1,0.044597495,0
270,32,2450.328,1,0.010772507,0
220,38,2450.547,1,0.012212342,0
191,40,2450.611,1,0.038159464,0
167,42,2450.685,1,0.049478378,0
201,45,2450.796,1,0.038012601,0
132,46,2450.835,1,0.048647102,0
109,47,2450.858,1,0.048605509,0
207,49,2450.928,1,0.041530021,0
251,85,2451.014,0,0.977903187,1
168,52,2451.046,1,0.009157314,0
187,53,2451.072,1,0.008677130,0
5,56,2451.176,1,0.011619641,0
25,56,2451.189,1,0.005347023,0
218,59,2451.286,1,0.008027129,0
216,59,2451.297,1,0.008479452,0
228,63,2451.431,1,0.009788686,0
248,69,2451.633,1,0.009619259,0
75,71,2451.703,1,0.009076267,0
39,72,2451.756,1,0.011317680,0
19,76,2451.88,1,0.009938709,0
126,77,2451.918,1,0.009424347,0
36,80,2452.032,1,0.010995961,0
211,80,2452.032,1,0.008632985,0
263,80,2452.048,1,0.011866665,0
250,82,2452.092,1,0.906073511,1
14,85,2452.203,1,0.008659453,0
11,86,2452.248,1,0.008447920,0
11,88,2452.315,1,0.010002568,0
124,90,2452.403,1,0.004853358,0
208,102,2452.799,1,0.008841770,0
56,105,2452.909,1,0.010737938,0
228,106,2452.939,1,0.009657754,0
252,85,2453.084,0,0.987839341,1
225,110,2453.093,1,0.009489150,0
28,111,2453.117,1,0.009387241,0
130,111,2453.128,1,0.015898997,0
69,126,2453.664,1,0.009592499,0
211,153,2454.596,1,0.035472844,0
102,166,2455.062,1,0.009445016,0
16,167,2455.1,1,0.009190736,0
18,168,2455.125,1,0.008682258,0
164,190,2455.9,1,0.010091358,0
200,208,2456.535,1,0.008105936,0
98,212,2456.7,1,0.009476090,0
207,213,2456.729,1,0.007191306,0
174,232,2457.396,1,0.009538027,0
296,241,2457.721,1,0.006644281,0
249,83,2458.176,1,0.040271793,0
251,85,2461.227,0,0.999132216,1
251,84,2461.578,1,0.999236226,1
251,83,2469.121,1,0.997996986,1
250,83,2470.1,1,0.999921918,1
160,199,2470.29,1,0.015521817,0
250,84,2471.051,1,0.994995236,1
251,84,2473.872,1,0.962201655,1
250,86,2477.479,0,0.983678102,1
253,86,2478.216,0,0.640353978,0
207,6,2479.974,1,0.006821944,0
211,6,2479.986,1,0.006366759,0
255,14,2480.261,1,0.007094923,0
124,15,2480.284,1,0.009968928,0
79,15,2480.299,1,0.009561557,0
252,86,2480.374,0,0.975120187,1
103,27,2480.712,1,0.009607007,0
162,29,2480.792,1,0.009762053,0
182,33,2480.923,1,0.010145317,0
183,33,2480.938,1,0.014195461,0
276,34,2480.958,1,0.007756630,0
176,37,2481.076,1,0.009770040,0
277,40,2481.166,1,0.008081256,0
48,56,2481.73,1,0.009002076,0
248,59,2481.838,1,0.010339852,0
312,59,2481.85,1,0.007253504,0
144,60,2481.879,1,0.008983772,0
337,61,2481.911,1,0.007097318,0
169,64,2482.025,1,0.053976323,0
339,70,2482.233,1,0.009987096,0
250,71,2482.259,1,0.027856372,0
74,73,2482.34,1,0.036072873,0
248,78,2482.51,1,0.038978998,0
76,80,2482.577,1,0.024978226,0
251,80,2482.585,1,0.036406804,0
156,86,2482.805,1,0.074657269,0
152,87,2482.821,1,0.070896350,0
331,88,2482.884,1,0.010422597,0
301,91,2482.961,1,0.011787437,0
282,93,2483.043,1,0.009410282,0
32,48,2483.325,1,0.009068016,0
37,102,2483.351,1,0.013470645,0
185,102,2483.351,1,0.009513795,0
37,103,2483.382,1,0.007251479,0
58,104,2483.426,1,0.010195783,0
298,104,2483.426,1,0.008617247,0
55,106,2483.498,1,0.010029211,0
104,106,2483.512,1,0.013078630,0
109,108,2483.567,1,0.012947045,0
101,111,2483.681,1,0.012860043,0
254,118,2483.918,1,0.009272515,0
237,119,2483.971,1,0.009453077,0
209,127,2484.258,1,0.008883798,0
192,128,2484.273,1,0.019325471,0
191,128,2484.283,1,0.013948514,0
194,130,2484.362,1,0.011723930,0
240,139,2484.672,1,0.009352461,0
127,139,2484.684,1,0.011178426,0
259,141,2484.742,1,0.009488805,0
63,148,2484.982,1,0.008987768,0
332,150,2485.049,1,0.007394519,0
81,150,2485.058,1,0.013992010,0
81,151,2485.098,1,0.007079877,0
128,159,2485.373,1,0.009497163,0
184,174,2485.89,1,0.010093355,0
34,188,2486.401,1,0.022865888,0
34,189,2486.418,1,0.026215740,0
182,191,2486.494,1,0.014049280,0
168,192,2486.541,1,0.015817219,0
161,196,2486.663,1,0.015865697,0
218,208,2487.096,1,0.005477232,0
220,210,2487.161,1,0.004327449,0
62,211,2487.195,1,0.008877352,0
40,212,2487.236,1,0.008492973,0
56,214,2487.308,1,0.008602289,0
128,215,2487.355,1,0.008681130,0
255,222,2487.589,1,0.007120090,0
128,223,2487.627,1,0.008530200,0
92,224,2487.681,1,0.008706740,0
111,230,2487.872,1,0.008554026,0
192,3,2489.321,1,0.006936210,0
198,4,2489.341,1,0.006561457,0
49,4,2489.357,1,0.009665340,0
68,5,2489.377,1,0.009944692,0
120,12,2489.624,1,0.009640274,0
274,13,2489.666,1,0.007227869,0
262,14,2489.721,1,0.007380920,0
192,16,2489.769,1,0.007703221,0
295,19,2489.88,1,0.007734111,0
40,21,2489.947,1,0.009431472,0
172,23,2490.011,1,0.024584629,0
279,23,2490.034,1,0.010592765,0
32,24,2490.059,1,0.045973536,0
45,24,2490.073,1,0.045751028,0
171,26,2490.122,1,0.035754070,0
7,26,2490.141,1,0.043478914,0
173,28,2490.188,1,0.018767394,0
48,29,2490.238,1,0.048280608,0
252,86,2490.249,0,0.996966898,1
163,31,2490.297,1,0.044866856,0
223,32,2490.328,1,0.011125438,0
68,32,2490.337,1,0.048844863,0
316,32,2490.343,1,0.010384888,0
173,32,2490.351,1,0.022487121,0
311,35,2490.439,1,0.010467841,0
111,36,2490.474,1,0.049307272,0
250,38,2490.549,1,0.011097816,0
259,43,2490.717,1,0.011481042,0
229,45,2490.795,1,0.014297771,0
320,47,2490.887,1,0.010360332,0
319,49,2490.949,1,0.010381204,0
7,55,2491.145,1,0.011570615,0
253,86,2491.216,0,0.992939711,1
97,60,2491.33,1,0.009152063,0
93,61,2491.362,1,0.008720580,0
96,63,2491.449,1,0.009251857,0
98,64,2491.461,1,0.014587245,0
100,64,2491.468,1,0.011899908,0
98,70,2491.669,1,0.009075071,0
137,70,2491.673,1,0.007872269,0
223,71,2491.707,1,0.010933027,0
135,72,2491.751,1,0.007448005,0
64,75,2491.854,1,0.006358942,0
329,78,2491.953,1,0.006896636,0
330,80,2492.025,1,0.007024243,0
110,82,2492.116,1,0.009663291,0
252,84,2492.166,1,0.992147028,1
328,85,2492.22,1,0.007183232,0
174,92,2492.458,1,0.010031560,0
164,99,2492.693,1,0.005716952,0
162,100,2492.732,1,0.004955067,0
125,103,2492.855,1,0.011158757,0
258,110,2493.096,1,0.010278042,0
151,50,2493.121,1,0.008798604,0
57,112,2493.152,1,0.009917447,0
92,114,2493.218,1,0.011697777,0
188,117,2493.332,1,0.009954556,0
248,119,2493.403,1,0.009463330,0
159,120,2493.438,1,0.018063238,0
204,80,2493.608,1,0.008858422,0
330,136,2494.009,1,0.010052743,0
264,138,2494.082,1,0.020360809,0
334,140,2494.138,1,0.010651381,0
213,147,2494.387,1,0.041472942,0
147,151,2494.557,1,0.028133281,0
7,152,2494.567,1,0.013794918,0
332,175,2495.386,1,0.007571058,0
320,186,2495.767,1,0.007722191,0
304,193,2496.009,1,0.007895162,0
7,221,2497.02,1,0.008001968,0
213,241,2497.707,1,0.007428439,0
88,246,2497.894,1,0.008646405,0
159,248,2497.966,1,0.008641032,0
250,84,2501.109,1,0.983897865,1
249,85,2502.488,1,0.985427022,1
32,48,2504.196,1,0.008883064,0
251,84,2514.22,1,0.971130311,1
251,87,2516.018,0,0.992012560,1
252,85,2516.172,1,0.992601097,1
249,84,2516.181,1,0.913749099,1
253,87,2517.271,0,0.984633386,1
152,4,2519.905,1,0.009738210,0
94,13,2520.223,1,0.009869119,0
49,16,2520.32,1,0.008997760,0
192,22,2520.548,1,0.008361510,0
263,24,2520.62,1,0.007442346,0
206,31,2520.853,1,0.008388969,0
320,34,2520.974,1,0.007355373,0
120,37,2521.062,1,0.009273728,0
263,40,2521.176,1,0.008757400,0
152,44,2521.309,1,0.008082139,0
152,47,2521.418,1,0.008256251,0
8,49,2521.498,1,0.006298062,0
15,50,2521.526,1,0.005569373,0
126,60,2521.882,1,0.009009672,0
272,63,2521.983,1,0.008620881,0
92,64,2522.02,1,0.048520960,0
91,67,2522.119,1,0.046047274,0
340,69,2522.202,1,0.009974794,0
89,71,2522.26,1,0.040327109,0
145,71,2522.281,1,0.053579509,0
241,75,2522.398,1,0.044640541,0
87,79,2522.547,1,0.044909868,0
250,85,2522.754,1,0.039861754,0
246,85,2522.76,1,0.033951856,0
245,85,2522.772,1,0.047663394,0
39,86,2522.798,1,0.016616154,0
159,91,2522.971,1,0.091610707,0
301,99,2523.258,1,0.008494101,0
191,104,2523.44,1,0.009316546,0
135,106,2523.491,1,0.013168938,0
142,108,2523.561,1,0.013509647,0
83,109,2523.604,1,0.012052870,0
151,115,2523.809,1,0.023842236,0
252,87,2523.858,0,0.991362810,1
123,126,2524.216,1,0.012544890,0
108,128,2524.275,1,0.012349964,0
106,131,2524.387,1,0.011200263,0
14,149,2525.026,1,0.008441750,0
254,86,2525.132,0,0.991544127,1
131,165,2525.57,1,0.009496009,0
126,167,2525.645,1,0.009188322,0
267,168,2525.704,1,0.009456011,0
44,189,2526.43,1,0.013968386,0
18,190,2526.456,1,0.013559285,0
48,191,2526.509,1,0.013973636,0
88,192,2526.529,1,0.014358939,0
22,192,2526.551,1,0.013596646,0
254,195,2526.632,1,0.011719047,0
95,197,2526.7,1,0.014341539,0
116,214,2527.306,1,0.008961102,0
192,219,2527.48,1,0.009573039,0
20,220,2527.542,1,0.008427261,0
39,223,2527.624,1,0.009314306,0
327,232,2527.937,1,0.007004976,0
105,259,2528.9,1,0.008150160,0
253,87,2528.963,0,0.986144066,1
78,4,2529.361,1,0.009757211,0
278,8,2529.483,1,0.007358880,0
138,12,2529.642,1,0.009750417,0
114,12,2529.652,1,0.009759284,0
216,16,2529.772,1,0.006749118,0
4,19,2529.875,1,0.009448202,0
4,24,2530.047,1,0.043708686,0
32,27,2530.157,1,0.047164634,0
134,29,2530.223,1,0.045716263,0
128,29,2530.235,1,0.045499768,0
76,30,2530.266,1,0.047879972,0
74,31,2530.298,1,0.048447706,0
55,37,2530.516,1,0.048714861,0
40,42,2530.688,1,0.046255663,0
308,50,2530.962,1,0.010562751,0
120,59,2531.309,1,0.009191861,0
11,63,2531.423,1,0.011008529,0
3,64,2531.481,1,0.009949065,0
32,48,2531.504,1,0.009041343,0
96,72,2531.755,1,0.009028936,0
302,85,2532.209,1,0.008372501,0
183,86,2532.242,1,0.010488774,0
140,88,2532.305,1,0.011112132,0
160,91,2532.412,1,0.010363119,0
165,94,2532.514,1,0.009038121,0
189,100,2532.755,1,0.009252531,0
311,101,2532.766,1,0.008124744,0
24,112,2533.175,1,0.010239213,0
120,113,2533.191,1,0.013702792,0
304,114,2533.219,1,0.008626200,0
309,114,2533.231,1,0.008836427,0
213,119,2533.402,1,0.009191930,0
320,135,2533.962,1,0.007965751,0
133,138,2534.082,1,0.027825978,0
206,148,2534.426,1,0.022521816,0
155,150,2534.491,1,0.031246841,0
337,154,2534.639,1,0.010712808,0
188,188,2535.838,1,0.009243229,0
123,205,2536.453,1,0.008841871,0
252,86,2536.738,1,0.996251166,1
168,231,2537.366,1,0.010125780,0
245,243,2537.771,1,0.005187624,0
343,255,2538.202,1,0.009849010,0
251,256,2538.238,1,0.007156691,0
254,87,2541.192,0,0.987400949,1
251,85,2548.841,1,0.990252972,1
252,85,2554.26,1,0.999925852,1
253,88,2554.82,0,0.648881316,0
253,86,2555.008,1,0.999034762,1
252,88,2556.58,0,0.996621847,1
254,88,2557.973,0,0.981262863,1
167,29,2560.782,1,0.009643826,0
169,32,2560.892,1,0.009653932,0
123,35,2560.994,1,0.008987144,0
210,48,2561.446,1,0.010813281,0
63,54,2561.671,1,0.008819904,0
219,57,2561.763,1,0.009152945,0
224,58,2561.804,1,0.009607211,0
87,58,2561.804,1,0.009025455,0
129,64,2562.016,1,0.049981195,0
256,66,2562.086,1,0.021508267,0
234,72,2562.294,1,0.044716328,0
168,80,2562.577,1,0.062573381,0
235,80,2562.596,1,0.044738330,0
318,86,2562.797,1,0.010803401,0
28,94,2563.092,1,0.010081151,0
31,96,2563.143,1,0.009725174,0
37,109,2563.604,1,0.009741053,0
290,117,2563.9,1,0.009352647,0
248,123,2564.111,1,0.009296086,0
270,135,2564.526,1,0.009805320,0
321,136,2564.555,1,0.007769842,0
256,148,2564.981,1,0.009868924,0
119,149,2565.01,1,0.009870471,0
204,158,2565.329,1,0.004656180,0
312,158,2565.333,1,0.008035087,0
184,159,2565.384,1,0.011284424,0
115,160,2565.398,1,0.009683208,0
144,160,2565.409,1,0.011318913,0
148,161,2565.45,1,0.010286534,0
39,164,2565.544,1,0.009049459,0
206,172,2565.827,1,0.007677847,0
13,175,2565.927,1,0.008419495,0
162,180,2566.105,1,0.017723078,0
5,192,2566.523,1,0.013320259,0
316,196,2566.688,1,0.010769058,0
314,199,2566.775,1,0.010753590,0
151,216,2567.379,1,0.008442273,0
150,222,2567.6,1,0.011921626,0
151,223,2567.624,1,0.005256482,0
127,232,2567.947,1,0.008456511,0
2,239,2568.201,1,0.008786830,0
137,244,2568.359,1,0.008659510,0
175,245,2568.398,1,0.009514362,0
270,248,2568.512,1,0.006274648,0
88,252,2568.65,1,0.010220032,0
265,253,2568.68,1,0.005920087,0
229,256,2568.783,1,0.005014672,0
200,224,2568.979,1,0.008421928,0
335,3,2569.305,1,0.007208297,0
102,7,2569.451,1,0.009930223,0
239,7,2569.462,1,0.007473514,0
192,8,2569.496,1,0.007223197,0
179,9,2569.531,1,0.008966456,0
192,10,2569.551,1,0.007228366,0
198,14,2569.697,1,0.007046381,0
135,15,2569.732,1,0.009861322,0
223,19,2569.874,1,0.006901076,0
126,20,2569.916,1,0.009923031,0
184,23,2570.018,1,0.013447345,0
307,23,2570.02,1,0.010427905,0
2,24,2570.051,1,0.042992361,0
92,28,2570.188,1,0.045374617,0
309,32,2570.341,1,0.010464097,0
152,34,2570.399,1,0.047905888,0
252,88,2570.43,0,0.663770199,0
254,88,2570.568,0,0.846303940,0
81,39,2570.575,1,0.049535930,0
120,40,2570.613,1,0.049817886,0
128,43,2570.715,1,0.049095914,0
198,43,2570.731,1,0.035598386,0
238,47,2570.87,1,0.013949354,0
240,53,2571.073,1,0.009745869,0
212,58,2571.263,1,0.006697418,0
216,62,2571.391,1,0.005167969,0
61,8,2571.468,1,0.009140948,0
181,64,2571.474,1,0.008706835,0
185,67,2571.566,1,0.008672430,0
19,71,2571.708,1,0.010377520,0
49,72,2571.739,1,0.009736110,0
303,78,2571.953,1,0.007866871,0
197,84,2572.163,1,0.008847584,0
179,84,2572.176,1,0.010353509,0
178,86,2572.237,1,0.010557336,0
289,87,2572.27,1,0.008544880,0
32,48,2572.392,1,0.008844391,0
245,90,2572.404,1,0.009975377,0
24,91,2572.426,1,0.010025012,0
111,93,2572.482,1,0.005684184,0
165,95,2572.552,1,0.008705634,0
285,98,2572.658,1,0.010615286,0
331,102,2572.8,1,0.007363026,0
304,105,2572.912,1,0.008528257,0
250,106,2572.946,1,0.009258245,0
252,108,2573.008,1,0.009849299,0
248,108,2573.015,1,0.007443598,0
93,114,2573.223,1,0.008299707,0
93,117,2573.337,1,0.008646683,0
80,122,2573.526,1,0.010163329,0
110,134,2573.928,1,0.010984695,0
33,142,2574.217,1,0.014314655,0
141,158,2574.784,1,0.020823959,0
143,166,2575.055,1,0.009723029,0
189,166,2575.069,1,0.010132444,0
278,204,2576.422,1,0.007570761,0
324,212,2576.688,1,0.007299616,0
13,222,2577.038,1,0.008235954,0
24,229,2577.285,1,0.007936240,0
151,229,2577.307,1,0.008393421,0
234,238,2577.597,1,0.004652561,0
224,239,2577.643,1,0.004117216,0
32,245,2577.844,1,0.006294914,0
32,248,2577.976,1,0.007151322,0
104,255,2578.207,1,0.013235901,0
251,86,2587.165,1,0.998467147,1
253,86,2587.601,1,0.999577582,1
252,87,2588.196,1,0.999690890,1
255,88,2588.601,0,0.979985952,1
252,89,2590.213,0,0.648189604,0
10,4,2599.908,1,0.009005947,0
62,7,2600.023,1,0.009542655,0
61,8,2600.034,1,0.007947466,0
50,13,2600.212,1,0.009366830,0
81,24,2600.62,1,0.009261973,0
191,27,2600.711,1,0.008803620,0
20,39,2601.135,1,0.008913986,0
184,42,2601.236,1,0.009309230,0
234,47,2601.415,1,0.009993647,0
295,53,2601.629,1,0.008277941,0
96,58,2601.828,1,0.008943777,0
247,62,2601.945,1,0.011020325,0
239,67,2602.117,1,0.037432503,0
160,68,2602.164,1,0.056404941,0
159,72,2602.304,1,0.058384556,0
1,82,2602.643,1,0.013800075,0
88,85,2602.754,1,0.030026777,0
78,90,2602.934,1,0.025567953,0
138,91,2602.965,1,0.061753884,0
112,95,2603.12,1,0.006367688,0
174,96,2603.154,1,0.010763781,0
272,108,2603.57,1,0.010061916,0
4,111,2603.681,1,0.009148392,0
336,112,2603.723,1,0.007355575,0
274,115,2603.829,1,0.009839129,0
69,116,2603.848,1,0.010186813,0
274,120,2603.987,1,0.009242963,0
1,125,2604.167,1,0.008565131,0
276,128,2604.288,1,0.010119238,0
302,131,2604.402,1,0.008609986,0
30,134,2604.477,1,0.008808826,0
9,135,2604.523,1,0.008411251,0
315,143,2604.799,1,0.007914050,0
55,151,2605.084,1,0.008960716,0
208,163,2605.515,1,0.004635419,0
206,164,2605.539,1,0.005336001,0
113,167,2605.655,1,0.009160919,0
168,168,2605.68,1,0.011311818,0
167,171,2605.792,1,0.010643740,0
335,180,2606.113,1,0.010750111,0
101,183,2606.232,1,0.014638797,0
328,184,2606.241,1,0.010792440,0
284,185,2606.287,1,0.011302953,0
281,190,2606.48,1,0.011166332,0
104,196,2606.673,1,0.014398020,0
58,198,2606.739,1,0.013950836,0
98,200,2606.806,1,0.014319345,0
102,205,2606.992,1,0.014235234,0
114,216,2607.385,1,0.008774455,0
79,230,2607.894,1,0.008137468,0
246,7,2609.452,1,0.006791511,0
39,8,2609.485,1,0.009308578,0
292,13,2609.664,1,0.007068198,0
77,14,2609.717,1,0.009909254,0
71,15,2609.728,1,0.009246532,0
254,87,2609.774,1,0.979720533,1
286,21,2609.95,1,0.004949336,0
287,22,2609.988,1,0.005363708,0
96,23,2610.014,1,0.044570554,0
12,23,2610.024,1,0.045294087,0
162,26,2610.126,1,0.044699568,0
82,30,2610.27,1,0.047707420,0
181,32,2610.353,1,0.028731082,0
63,36,2610.469,1,0.049090337,0
0,37,2610.513,1,0.023860365,0
199,38,2610.544,1,0.021255335,0
280,39,2610.589,1,0.010840163,0
171,40,2610.61,1,0.049465086,0
261,40,2610.639,1,0.011088243,0
175,42,2610.689,1,0.049570225,0
82,43,2610.733,1,0.048990045,0
344,50,2610.964,1,0.009944814,0
27,59,2611.31,1,0.009676470,0
24,60,2611.339,1,0.015306182,0
41,62,2611.392,1,0.004703620,0
148,66,2611.534,1,0.009242365,0
207,69,2611.634,1,0.008700870,0
182,70,2611.67,1,0.009200215,0
291,78,2611.97,1,0.008415007,0
277,88,2612.306,1,0.009247750,0
271,92,2612.459,1,0.009985743,0
51,93,2612.495,1,0.010111694,0
53,94,2612.528,1,0.010469574,0
44,108,2613.014,1,0.010184919,0
154,108,2613.014,1,0.006721330,0
79,110,2613.083,1,0.011091716,0
39,112,2613.152,1,0.009703229,0
32,112,2613.159,1,0.009742253,0
140,112,2613.175,1,0.017337410,0
64,114,2613.227,1,0.010173834,0
176,116,2613.295,1,0.004899369,0
276,127,2613.679,1,0.009897863,0
212,132,2613.863,1,0.009472559,0
220,135,2613.968,1,0.009887313,0
82,136,2614.002,1,0.016153950,0
209,139,2614.106,1,0.045522410,0
80,139,2614.133,1,0.015450912,0
35,152,2614.565,1,0.014303383,0
338,152,2614.573,1,0.031719994,0
338,153,2614.6,1,0.012838360,0
316,158,2614.787,1,0.011291687,0
152,161,2614.902,1,0.024309212,0
253,88,2614.993,1,0.037440106,0
135,183,2615.661,1,0.009660111,0
251,87,2616.2,1,0.990530074,1
310,199,2616.235,1,0.007782142,0
306,200,2616.267,1,0.008043735,0
323,224,2617.1,1,0.008247404,0
252,87,2617.297,1,0.961494327,1
253,88,2626.171,1,0.999553740,1
252,88,2627.078,1,0.991385460,1
253,90,2630.982,0,0.657315314,0
255,90,2631.495,0,0.961569369,1
254,90,2634.591,0,0.655001462,0
223,32,2636.356,1,0.007786211,0
191,4,2639.893,1,0.007051678,0
235,6,2639.964,1,0.006535007,0
8,8,2640.043,1,0.008952229,0
134,13,2640.226,1,0.009799656,0
241,16,2640.34,1,0.006803551,0
85,19,2640.429,1,0.009548237,0
239,21,2640.497,1,0.007108611,0
154,31,2640.852,1,0.009621199,0
332,47,2641.423,1,0.006831692,0
32,48,2641.464,1,0.008882531,0
255,50,2641.534,1,0.009033968,0
299,55,2641.693,1,0.007719640,0
214,57,2641.782,1,0.009116177,0
235,63,2641.979,1,0.009582353,0
215,80,2642.589,1,0.048984196,0
18,96,2643.136,1,0.009816577,0
219,96,2643.157,1,0.008967583,0
255,90,2643.318,0,0.974110365,1
281,103,2643.395,1,0.011033491,0
30,104,2643.424,1,0.009739456,0
6,109,2643.595,1,0.009211994,0
56,115,2643.825,1,0.009801799,0
84,119,2643.955,1,0.010519269,0
96,119,2643.965,1,0.011447748,0
10,120,2643.99,1,0.008892162,0
166,127,2644.229,1,0.018583464,0
255,127,2644.241,1,0.010436293,0
320,130,2644.36,1,0.007844977,0
33,132,2644.422,1,0.008812596,0
298,164,2645.545,1,0.008048918,0
262,165,2645.572,1,0.009092767,0
264,166,2645.605,1,0.009356076,0
167,172,2645.826,1,0.010607148,0
166,182,2646.17,1,0.016919330,0
150,192,2646.53,1,0.012306761,0
150,194,2646.603,1,0.012049533,0
82,196,2646.677,1,0.014242262,0
144,198,2646.737,1,0.014494795,0
147,199,2646.781,1,0.014569989,0
54,207,2647.057,1,0.009039877,0
271,208,2647.093,1,0.007750170,0
82,219,2647.479,1,0.008964418,0
31,220,2647.51,1,0.008317268,0
329,224,2647.665,1,0.007085552,0
288,229,2647.837,1,0.006991688,0
335,230,2647.879,1,0.007185072,0
148,235,2648.049,1,0.009057824,0
327,256,2648.795,1,0.006429166,0
62,3,2649.316,1,0.010042798,0
84,5,2649.394,1,0.009885474,0
22,7,2649.446,1,0.009273431,0
55,12,2649.625,1,0.009485386,0
189,13,2649.659,1,0.007936117,0
291,14,2649.698,1,0.008184042,0
173,15,2649.745,1,0.005457100,0
168,16,2649.764,1,0.010321468,0
234,16,2649.775,1,0.006958040,0
173,16,2649.791,1,0.010783118,0
243,18,2649.858,1,0.007396685,0
266,19,2649.871,1,0.007174647,0
170,24,2650.047,1,0.074162453,0
266,24,2650.053,1,0.010624816,0
256,24,2650.062,1,0.010596008,0
172,24,2650.076,1,0.078955002,0
269,25,2650.082,1,0.010645865,0
44,30,2650.286,1,0.048130862,0
180,31,2650.295,1,0.027327655,0
104,33,2650.364,1,0.052807152,0
101,33,2650.375,1,0.057506189,0
102,35,2650.438,1,0.028879203,0
263,36,2650.479,1,0.010895501,0
97,37,2650.518,1,0.025135070,0
19,38,2650.553,1,0.039037917,0
258,40,2650.621,1,0.011181869,0
95,42,2650.682,1,0.082243204,0
88,43,2650.719,1,0.048970636,0
94,43,2650.737,1,0.071252488,0
122,48,2650.896,1,0.048178408,0
208,50,2650.968,1,0.043173190,0
245,53,2651.091,1,0.009850461,0
241,54,2651.106,1,0.009985046,0
89,56,2651.181,1,0.008585644,0
93,58,2651.246,1,0.009489532,0
193,58,2651.275,1,0.010699258,0
191,59,2651.299,1,0.009730451,0
119,60,2651.333,1,0.008824412,0
200,62,2651.395,1,0.009102120,0
94,62,2651.41,1,0.009166279,0
331,63,2651.448,1,0.007228748,0
328,64,2651.462,1,0.008254698,0
223,69,2651.637,1,0.009866952,0
169,71,2651.711,1,0.009468498,0
174,72,2651.743,1,0.010150486,0
88,72,2651.75,1,0.009042842,0
175,74,2651.819,1,0.009469907,0
181,80,2652.024,1,0.009931720,0
175,81,2652.065,1,0.010434786,0
340,86,2652.239,1,0.007106952,0
253,88,2652.302,1,0.952296317,1
79,92,2652.45,1,0.012339807,0
231,93,2652.487,1,0.013061893,0
235,96,2652.596,1,0.009474765,0
79,104,2652.868,1,0.011342496,0
172,112,2653.151,1,0.004864967,0
222,114,2653.235,1,0.009836932,0
104,120,2653.456,1,0.012110604,0
104,125,2653.621,1,0.011689676,0
327,140,2654.139,1,0.010945915,0
103,184,2655.692,1,0.008826914,0
254,90,2656.579,0,0.925087571,1
252,89,2671.975,1,0.947062492,1
255,88,2673.586,1,0.973980188,1
255,91,2676.161,0,0.976283193,1
22,2,2679.839,1,0.009129656,0
200,4,2679.916,1,0.006776805,0
212,5,2679.938,1,0.006520769,0
21,7,2680.003,1,0.008737075,0
200,10,2680.107,1,0.006742032,0
31,12,2680.185,1,0.008883052,0
202,15,2680.281,1,0.006828193,0
261,21,2680.514,1,0.007410491,0
51,32,2680.889,1,0.007968016,0
54,35,2680.997,1,0.009113258,0
57,38,2681.106,1,0.009045403,0
218,61,2681.92,1,0.009345660,0
213,63,2681.976,1,0.009049241,0
132,68,2682.156,1,0.050907254,0
341,70,2682.235,1,0.009950956,0
338,71,2682.268,1,0.009983118,0
245,72,2682.299,1,0.037241444,0
39,74,2682.385,1,0.017482622,0
240,77,2682.489,1,0.044669606,0
163,78,2682.528,1,0.061189197,0
278,81,2682.615,1,0.014106828,0
95,85,2682.754,1,0.035562407,0
97,88,2682.861,1,0.034000583,0
88,88,2682.871,1,0.030585309,0
250,90,2682.929,1,0.040462401,0
279,92,2682.999,1,0.017056506,0
89,95,2683.107,1,0.013257379,0
246,100,2683.295,1,0.009395869,0
255,103,2683.397,1,0.008891830,0
0,104,2683.429,1,0.009147217,0
5,110,2683.637,1,0.009362451,0
173,112,2683.714,1,0.004791900,0
250,114,2683.797,1,0.009333757,0
23,115,2683.816,1,0.009743237,0
19,117,2683.908,1,0.010022764,0
176,119,2683.963,1,0.005356407,0
88,127,2684.243,1,0.010437283,0
221,128,2684.282,1,0.009549300,0
303,135,2684.521,1,0.008354593,0
184,149,2685.009,1,0.013021220,0
44,152,2685.116,1,0.009167673,0
10,158,2685.344,1,0.009001237,0
12,159,2685.368,1,0.008578077,0
297,161,2685.457,1,0.008567536,0
60,163,2685.516,1,0.008782350,0
332,165,2685.571,1,0.007550189,0
212,166,2685.618,1,0.003555838,0
300,166,2685.627,1,0.008536777,0
194,180,2686.119,1,0.012527112,0
327,184,2686.25,1,0.010816718,0
254,90,2687.493,1,0.999045074,1
253,222,2687.607,1,0.006853680,0
37,239,2688.19,1,0.007971914,0
254,91,2688.437,0,0.998767138,1
144,5,2689.39,1,0.005368019,0
144,6,2689.417,1,0.011440239,0
16,8,2689.482,1,0.009344370,0
160,8,2689.49,1,0.010368446,0
319,10,2689.572,1,0.007231497,0
181,13,2689.659,1,0.008423517,0
260,14,2689.694,1,0.007076914,0
59,16,2689.771,1,0.009422002,0
229,17,2689.806,1,0.006701209,0
197,18,2689.846,1,0.007909839,0
225,19,2689.871,1,0.007069838,0
138,20,2689.905,1,0.009700320,0
99,24,2690.049,1,0.044577740,0
222,29,2690.229,1,0.010733121,0
200,31,2690.298,1,0.012147937,0
204,32,2690.329,1,0.011924759,0
20,36,2690.483,1,0.023561610,0
17,39,2690.576,1,0.018936016,0
265,44,2690.77,1,0.011301620,0
230,47,2690.863,1,0.017404379,0
78,50,2690.971,1,0.048111871,0
94,53,2691.068,1,0.008928937,0
334,55,2691.146,1,0.006817359,0
163,56,2691.189,1,0.008684644,0
167,62,2691.386,1,0.008935986,0
139,70,2691.692,1,0.009218216,0
276,87,2692.282,1,0.009803140,0
339,88,2692.305,1,0.006859086,0
263,90,2692.375,1,0.013419319,0
268,92,2692.447,1,0.011262435,0
71,95,2692.563,1,0.011425936,0
282,101,2692.766,1,0.009783761,0
270,110,2693.086,1,0.011110130,0
89,112,2693.149,1,0.011564362,0
181,116,2693.293,1,0.005589281,0
136,118,2693.361,1,0.016644703,0
134,119,2693.398,1,0.015258492,0
178,120,2693.435,1,0.005015041,0
224,134,2693.933,1,0.009680588,0
3,141,2694.177,1,0.013821423,0
103,143,2694.248,1,0.017218763,0
330,175,2695.375,1,0.007690645,0
48,178,2695.507,1,0.008869988,0
248,191,2695.957,1,0.008654223,0
224,200,2696.264,1,0.004120848,0
230,201,2696.297,1,0.007756314,0
84,206,2696.479,1,0.008880349,0
159,207,2696.505,1,0.009185688,0
89,210,2696.609,1,0.008374131,0
209,221,2697.003,1,0.007145853,0
254,90,2697.192,1,0.981435180,1
287,232,2697.408,1,0.007641693,0
230,238,2697.593,1,0.005339190,0
56,253,2698.145,1,0.012917749,0
223,255,2698.202,1,0.013081092,0
48,256,2698.249,1,0.012778958,0
256,92,2708.341,0,0.964023769,1
255,90,2710.185,1,0.034980524,0
253,90,2711.172,1,0.978095651,1
254,90,2712.378,1,0.968067050,1
252,90,2712.603,1,0.991916716,1
253,92,2713.151,0,0.919302106,1
255,92,2713.712,0,0.969943106,1
32,48,2716.755,1,0.009021907,0
147,7,2720.006,1,0.012358843,0
234,8,2720.046,1,0.006719362,0
120,8,2720.06,1,0.009648020,0
256,92,2720.136,0,0.967560232,1
135,24,2720.614,1,0.009650929,0
139,29,2720.774,1,0.006872892,0
246,29,2720.781,1,0.007656725,0
129,29,2720.789,1,0.009488912,0
137,31,2720.854,1,0.007950286,0
305,35,2720.985,1,0.007254228,0
312,40,2721.172,1,0.007776153,0
231,44,2721.304,1,0.010303690,0
143,44,2721.317,1,0.009392763,0
124,46,2721.4,1,0.009644331,0
148,48,2721.457,1,0.009504319,0
3,51,2721.562,1,0.010671962,0
111,54,2721.662,1,0.009218298,0
267,56,2721.731,1,0.009068950,0
193,63,2721.975,1,0.008933465,0
276,67,2722.122,1,0.012324533,0
124,68,2722.166,1,0.050502077,0
202,71,2722.278,1,0.049453761,0
261,77,2722.484,1,0.023176054,0
152,80,2722.581,1,0.060386460,0
224,80,2722.592,1,0.022102207,0
246,82,2722.648,1,0.044589899,0
226,82,2722.654,1,0.029714258,0
224,84,2722.736,1,0.012385022,0
254,87,2722.829,1,0.036471590,0
205,91,2722.968,1,0.048467454,0
317,93,2723.038,1,0.008005285,0
226,95,2723.111,1,0.011362256,0
207,96,2723.155,1,0.008738533,0
315,98,2723.207,1,0.008312649,0
127,100,2723.296,1,0.005940565,0
33,101,2723.331,1,0.009813968,0
96,103,2723.389,1,0.013241817,0
40,103,2723.407,1,0.010360439,0
32,48,2723.561,1,0.008928667,0
152,117,2723.892,1,0.019542672,0
163,119,2723.961,1,0.011929790,0
253,119,2723.974,1,0.008806325,0
56,122,2724.061,1,0.010011679,0
34,126,2724.193,1,0.009683962,0
249,134,2724.477,1,0.008957993,0
176,134,2724.507,1,0.009320441,0
176,136,2724.555,1,0.007063169,0
178,138,2724.632,1,0.014920122,0
227,144,2724.83,1,0.008953926,0
191,158,2725.343,1,0.010895630,0
82,167,2725.667,1,0.008827523,0
36,173,2725.852,1,0.008825162,0
73,189,2726.426,1,0.014281947,0
33,206,2727.023,1,0.008469308,0
27,208,2727.089,1,0.008516528,0
317,215,2727.344,1,0.007514680,0
153,216,2727.392,1,0.009776580,0
127,222,2727.586,1,0.009054610,0
112,230,2727.877,1,0.008779798,0
72,235,2728.055,1,0.008847681,0
76,237,2728.123,1,0.008386039,0
244,245,2728.408,1,0.005341555,0
188,248,2728.51,1,0.009047561,0
185,252,2728.64,1,0.008605668,0
157,4,2729.34,1,0.011065468,0
115,6,2729.431,1,0.009685855,0
269,8,2729.49,1,0.007636860,0
271,9,2729.53,1,0.007069403,0
279,15,2729.738,1,0.007624395,0
178,29,2730.228,1,0.025639297,0
322,30,2730.28,1,0.010277698,0
197,32,2730.338,1,0.013185135,0
119,36,2730.475,1,0.049097687,0
255,40,2730.617,1,0.011256336,0
301,44,2730.757,1,0.010614065,0
186,45,2730.803,1,0.049489953,0
60,48,2730.893,1,0.048083302,0
171,48,2730.902,1,0.048700426,0
327,54,2731.107,1,0.007004628,0
254,55,2731.144,1,0.009732905,0
61,55,2731.157,1,0.008594395,0
129,56,2731.18,1,0.008627959,0
84,61,2731.353,1,0.008912158,0
306,72,2731.742,1,0.007498048,0
320,74,2731.822,1,0.007080591,0
65,76,2731.885,1,0.004988396,0
211,77,2731.922,1,0.008647549,0
186,79,2731.995,1,0.009411727,0
97,85,2732.197,1,0.005039027,0
256,87,2732.271,1,0.625637710,0
174,88,2732.308,1,0.010270943,0
183,100,2732.727,1,0.009829309,0
80,100,2732.729,1,0.012147588,0
254,104,2732.871,1,0.008858936,0
192,108,2733.01,1,0.008855788,0
341,110,2733.09,1,0.007156935,0
52,111,2733.141,1,0.009744218,0
252,125,2733.612,1,0.009646550,0
31,126,2733.646,1,0.009593301,0
228,127,2733.68,1,0.009976131,0
149,128,2733.716,1,0.014239015,0
63,130,2733.789,1,0.009806778,0
23,143,2734.249,1,0.014124955,0
295,175,2735.384,1,0.008137946,0
111,223,2737.077,1,0.008337982,0
87,228,2737.264,1,0.008636099,0
273,229,2737.282,1,0.007288139,0
104,239,2737.638,1,0.008190834,0
98,242,2737.738,1,0.008644463,0
254,91,2737.746,1,0.970796406,1
224,4,2738.446,1,0.009858464,0
253,90,2745.316,1,0.991117358,1
256,93,2745.933,0,0.993429124,1
255,93,2748.634,0,0.985079587,1
32,48,2750.964,1,0.035985347,0
255,93,2757.384,0,0.994198561,1
256,93,2757.678,0,0.991731465,1
32,48,2757.851,1,0.009446051,0
306,4,2759.906,1,0.006791090,0
234,5,2759.942,1,0.006607755,0
196,20,2760.462,1,0.007517288,0
128,22,2760.53,1,0.009608780,0
248,30,2760.82,1,0.007523231,0
335,45,2761.359,1,0.007329308,0
8,61,2761.911,1,0.011229742,0
182,63,2761.979,1,0.009393157,0
175,68,2762.171,1,0.054897457,0
240,69,2762.191,1,0.038978111,0
154,70,2762.226,1,0.055543732,0
14,76,2762.441,1,0.015432629,0
293,78,2762.522,1,0.011796060,0
251,82,2762.65,1,0.038203936,0
223,91,2762.967,1,0.048408911,0
295,94,2763.075,1,0.008761367,0
161,95,2763.101,1,0.006988220,0
252,95,2763.115,1,0.916877449,1
14,98,2763.213,1,0.009627626,0
182,103,2763.401,1,0.009596989,0
218,120,2764.001,1,0.009734629,0
192,134,2764.481,1,0.005110477,0
105,139,2764.667,1,0.009820152,0
86,148,2764.983,1,0.009518614,0
45,152,2765.116,1,0.009059027,0
197,158,2765.331,1,0.010934358,0
275,164,2765.555,1,0.008850881,0
80,173,2765.87,1,0.008799199,0
255,92,2766.157,1,0.691345394,0
11,182,2766.17,1,0.013577398,0
109,189,2766.444,1,0.014472894,0
157,227,2767.774,1,0.007608087,0
157,230,2767.869,1,0.008235338,0
240,238,2768.159,1,0.004838220,0
257,244,2768.358,1,0.005778180,0
62,245,2768.394,1,0.008175600,0
176,246,2768.43,1,0.008942171,0
161,248,2768.508,1,0.008313593,0
8,256,2768.785,1,0.008217159,0
155,6,2769.414,1,0.009478695,0
89,7,2769.469,1,0.009968669,0
159,10,2769.558,1,0.007976308,0
241,11,2769.588,1,0.006926862,0
154,13,2769.658,1,0.009197091,0
164,13,2769.674,1,0.009901041,0
89,17,2769.804,1,0.010086872,0
123,20,2769.906,1,0.009560050,0
272,23,2770.014,1,0.010602284,0
265,24,2770.057,1,0.010591281,0
264,27,2770.153,1,0.012021325,0
265,28,2770.188,1,0.013208159,0
199,28,2770.194,1,0.011621567,0
24,29,2770.229,1,0.047436029,0
208,31,2770.306,1,0.011363032,0
15,40,2770.62,1,0.022948561,0
12,43,2770.74,1,0.010875109,0
232,44,2770.755,1,0.013666151,0
123,45,2770.793,1,0.048822314,0
334,47,2770.861,1,0.010084463,0
32,48,2770.894,1,0.036055561,0
90,48,2770.906,1,0.048735641,0
274,56,2771.179,1,0.008025045,0
277,58,2771.262,1,0.008257610,0
252,58,2771.274,1,0.010121321,0
216,59,2771.282,1,0.009031572,0
52,61,2771.357,1,0.009384001,0
221,63,2771.426,1,0.008751389,0
261,64,2771.463,1,0.009780722,0
256,68,2771.606,1,0.009971187,0
48,82,2772.097,1,0.011486986,0
47,86,2772.243,1,0.010798458,0
319,88,2772.306,1,0.007391083,0
318,95,2772.557,1,0.007737032,0
149,102,2772.822,1,0.005181708,0
25,122,2773.504,1,0.009191457,0
250,132,2773.87,1,0.009174086,0
295,134,2773.929,1,0.009250022,0
232,140,2774.145,1,0.037264336,0
327,144,2774.29,1,0.010947519,0
254,92,2774.523,1,0.064493187,0
256,92,2774.647,1,0.071330801,0
208,157,2774.744,1,0.020907557,0
194,160,2774.847,1,0.014393337,0
184,169,2775.174,1,0.010868079,0
92,174,2775.341,1,0.009684859,0
136,176,2775.424,1,0.009818371,0
211,181,2775.606,1,0.008437596,0
140,189,2775.874,1,0.009225308,0
139,192,2775.979,1,0.009612548,0
77,194,2776.067,1,0.009072927,0
68,208,2776.547,1,0.009980446,0
285,235,2777.513,1,0.007233873,0
255,92,2778.395,1,0.034729823,0
255,94,2793.026,0,0.889357328,0
256,92,2793.188,1,0.929824293,1
257,91,2793.309,1,0.966956317,1
256,94,2793.392,0,0.806911647,0
154,6,2799.971,1,0.009690357,0
90,12,2800.195,1,0.009438728,0
115,13,2800.223,1,0.009629308,0
96,15,2800.281,1,0.009857262,0
116,15,2800.306,1,0.010166217,0
261,20,2800.469,1,0.007209341,0
110,26,2800.677,1,0.009642591,0
318,32,2800.88,1,0.007055606,0
311,38,2801.102,1,0.007300241,0
224,40,2801.175,1,0.009029628,0
287,48,2801.463,1,0.007954044,0
282,49,2801.481,1,0.007703568,0
218,62,2801.938,1,0.008958176,0
198,72,2802.32,1,0.050365459,0
250,76,2802.445,1,0.036297478,0
249,79,2802.546,1,0.039080173,0
203,80,2802.583,1,0.048881326,0
206,82,2802.667,1,0.048841264,0
192,88,2802.868,1,0.053560797,0
169,93,2803.031,1,0.009282662,0
237,100,2803.286,1,0.009148608,0
324,103,2803.392,1,0.007688452,0
105,104,2803.426,1,0.014312495,0
317,107,2803.533,1,0.008004255,0
6,109,2803.611,1,0.009223117,0
162,112,2803.711,1,0.006023942,0
138,116,2803.851,1,0.016812850,0
304,128,2804.269,1,0.008542897,0
184,128,2804.278,1,0.004734919,0
338,128,2804.292,1,0.006988133,0
340,131,2804.395,1,0.007244575,0
13,134,2804.487,1,0.008611940,0
288,139,2804.662,1,0.009749915,0
164,142,2804.773,1,0.013713443,0
227,143,2804.826,1,0.009196978,0
279,144,2804.85,1,0.009537775,0
274,147,2804.962,1,0.010302922,0
23,151,2805.084,1,0.008632581,0
269,157,2805.292,1,0.009953692,0
112,160,2805.403,1,0.010066157,0
183,163,2805.514,1,0.010934383,0
333,185,2806.278,1,0.010739903,0
135,189,2806.447,1,0.014473926,0
132,191,2806.497,1,0.014406391,0
223,200,2806.811,1,0.008905452,0
191,205,2806.99,1,0.012020176,0
190,207,2807.054,1,0.009904735,0
47,211,2807.195,1,0.010082035,0
56,214,2807.315,1,0.008547244,0
142,221,2807.573,1,0.011099463,0
177,226,2807.74,1,0.010767356,0
168,244,2808.382,1,0.011121011,0
128,2,2809.271,1,0.009290913,0
55,3,2809.321,1,0.009651243,0
337,5,2809.384,1,0.006810424,0
271,7,2809.449,1,0.007204438,0
341,8,2809.504,1,0.007350456,0
71,12,2809.63,1,0.009586164,0
265,14,2809.695,1,0.007320550,0
78,14,2809.695,1,0.009778921,0
191,14,2809.721,1,0.008341223,0
66,15,2809.73,1,0.009566702,0
152,18,2809.846,1,0.010027710,0
309,20,2809.924,1,0.008124429,0
159,22,2809.975,1,0.009654775,0
305,22,2810.005,1,0.010424643,0
174,28,2810.2,1,0.029938603,0
126,32,2810.337,1,0.046799511,0
125,36,2810.471,1,0.048746694,0
141,39,2810.576,1,0.049483202,0
13,40,2810.641,1,0.033309646,0
46,42,2810.69,1,0.048443157,0
248,48,2810.91,1,0.012997359,0
74,53,2811.078,1,0.008937730,0
213,54,2811.115,1,0.008703251,0
289,59,2811.308,1,0.007918120,0
200,60,2811.319,1,0.009018822,0
112,78,2811.96,1,0.009343298,0
103,80,2812.028,1,0.010165775,0
23,80,2812.051,1,0.009966975,0
32,48,2812.254,1,0.008704506,0
256,93,2812.31,1,0.998481691,1
255,92,2812.445,1,0.998218834,1
253,92,2812.451,1,0.965261519,1
44,96,2812.594,1,0.010185299,0
328,103,2812.836,1,0.007491309,0
210,108,2813.01,1,0.009043030,0
256,95,2813.802,0,0.983834267,1
103,150,2814.496,1,0.015530454,0
123,160,2814.855,1,0.015471243,0
123,168,2815.156,1,0.009114115,0
90,176,2815.407,1,0.006795987,0
83,176,2815.426,1,0.008736848,0
90,180,2815.552,1,0.006753559,0
174,181,2815.586,1,0.010248409,0
89,184,2815.688,1,0.008868583,0
93,186,2815.789,1,0.008706856,0
289,197,2816.16,1,0.007568734,0
332,216,2816.821,1,0.007046095,0
341,238,2817.609,1,0.006977233,0
255,95,2818.55,0,0.673485637,0
257,93,2819.668,1,0.988361895,1
258,94,2820.851,0,0.999471366,1
256,93,2839.063,1,0.446139395,0
95,2,2839.853,1,0.009444450,0
137,6,2839.99,1,0.009323820,0
145,20,2840.463,1,0.009210123,0
319,36,2841.03,1,0.007936289,0
225,43,2841.273,1,0.010172826,0
214,46,2841.384,1,0.010206930,0
175,48,2841.451,1,0.009415329,0
310,52,2841.591,1,0.007503372,0
102,52,2841.605,1,0.008970491,0
171,54,2841.674,1,0.009399145,0
33,55,2841.698,1,0.003923522,0
163,60,2841.874,1,0.009759574,0
253,64,2842.024,1,0.019710111,0
254,66,2842.099,1,0.021871733,0
55,69,2842.199,1,0.023322647,0
189,72,2842.311,1,0.052557625,0
152,73,2842.33,1,0.056641661,0
170,78,2842.517,1,0.060381711,0
279,80,2842.584,1,0.013972538,0
48,83,2842.699,1,0.017865205,0
104,85,2842.78,1,0.051851254,0
253,87,2842.827,1,0.037781943,0
259,87,2842.847,1,0.030146463,0
166,88,2842.86,1,0.073994339,0
254,90,2842.947,1,0.036389541,0
204,92,2843.022,1,0.009177575,0
248,95,2843.102,1,0.010619344,0
164,95,2843.11,1,0.010086815,0
111,100,2843.308,1,0.012701546,0
1,103,2843.388,1,0.009554032,0
329,103,2843.396,1,0.007627416,0
82,109,2843.608,1,0.011492862,0
118,110,2843.636,1,0.014545554,0
93,112,2843.705,1,0.012140541,0
143,114,2843.79,1,0.017703798,0
96,116,2843.859,1,0.011980082,0
89,118,2843.919,1,0.011065584,0
120,118,2843.919,1,0.012756257,0
226,120,2843.992,1,0.009436428,0
188,124,2844.125,1,0.007906962,0
128,124,2844.134,1,0.014111755,0
205,125,2844.17,1,0.006134154,0
205,126,2844.214,1,0.015554618,0
138,128,2844.272,1,0.012930103,0
224,136,2844.552,1,0.009687232,0
230,136,2844.565,1,0.009820675,0
112,146,2844.908,1,0.010649944,0
114,149,2845.024,1,0.009732901,0
127,150,2845.059,1,0.010354980,0
271,152,2845.124,1,0.011003166,0
122,152,2845.142,1,0.010545697,0
315,159,2845.373,1,0.008163091,0
144,163,2845.52,1,0.009049532,0
144,167,2845.654,1,0.007792770,0
202,168,2845.69,1,0.009018647,0
199,172,2845.818,1,0.008762792,0
196,173,2845.867,1,0.009368007,0
201,174,2845.901,1,0.008403118,0
254,180,2846.106,1,0.012165030,0
112,184,2846.253,1,0.014538099,0
220,187,2846.346,1,0.008836686,0
207,188,2846.407,1,0.011346107,0
145,190,2846.46,1,0.014733957,0
315,197,2846.699,1,0.010774103,0
23,197,2846.707,1,0.013567554,0
110,200,2846.826,1,0.014255670,0
192,205,2846.992,1,0.011765867,0
75,208,2847.102,1,0.008403440,0
193,212,2847.248,1,0.008010164,0
42,232,2847.943,1,0.008279159,0
108,232,2847.959,1,0.008676026,0
219,250,2848.571,1,0.004480717,0
94,252,2848.645,1,0.008523806,0
72,2,2849.288,1,0.010683699,0
120,3,2849.317,1,0.009998602,0
74,5,2849.381,1,0.010006426,0
8,5,2849.386,1,0.009204037,0
257,96,2849.432,0,0.999565542,1
15,6,2849.441,1,0.009312546,0
320,8,2849.486,1,0.007267366,0
167,12,2849.626,1,0.010847687,0
171,15,2849.733,1,0.010192820,0
86,21,2849.943,1,0.009837838,0
55,23,2850.032,1,0.043231484,0
211,24,2850.056,1,0.010422056,0
87,24,2850.072,1,0.043082416,0
7,24,2850.073,1,0.044808254,0
207,25,2850.094,1,0.010595974,0
277,27,2850.153,1,0.010638403,0
256,96,2850.261,0,0.999946952,1
214,30,2850.262,1,0.010980208,0
24,32,2850.341,1,0.047029458,0
208,34,2850.404,1,0.011915522,0
31,36,2850.48,1,0.047353860,0
73,36,2850.489,1,0.049028974,0
70,37,2850.515,1,0.048991080,0
151,38,2850.542,1,0.049361628,0
74,39,2850.593,1,0.049158510,0
191,43,2850.718,1,0.047945827,0
177,43,2850.735,1,0.049630143,0
116,48,2850.895,1,0.048282426,0
280,51,2851.011,1,0.007928105,0
196,52,2851.036,1,0.009117220,0
158,53,2851.078,1,0.008982753,0
260,54,2851.111,1,0.009119943,0
255,96,2851.132,0,0.998089492,1
75,56,2851.184,1,0.008674132,0
163,64,2851.457,1,0.009064704,0
345,68,2851.61,1,0.006732972,0
315,72,2851.746,1,0.007603214,0
318,73,2851.777,1,0.007194697,0
50,78,2851.957,1,0.012415252,0
200,87,2852.29,1,0.009162650,0
222,91,2852.41,1,0.012418439,0
100,93,2852.483,1,0.010527859,0
254,104,2852.869,1,0.009217191,0
269,108,2853.014,1,0.011677645,0
250,108,2853.024,1,0.009448510,0
48,111,2853.121,1,0.010016370,0
202,125,2853.61,1,0.009153019,0
148,125,2853.625,1,0.015330155,0
258,95,2853.656,0,0.984510601,1
327,134,2853.935,1,0.008461894,0
335,136,2853.998,1,0.008272262,0
170,142,2854.239,1,0.040430024,0
48,149,2854.463,1,0.039306249,0
48,150,2854.519,1,0.031317987,0
98,151,2854.539,1,0.015392844,0
102,152,2854.565,1,0.015418245,0
214,205,2856.432,1,0.009941871,0
247,208,2856.539,1,0.007470275,0
257,94,2857.056,1,0.990666330,1
302,259,2858.353,1,0.009770322,0
257,96,2858.46,0,0.673077822,0
258,96,2862.611,0,0.670817196,0
255,94,2865.31,1,0.969787419,1
210,4,2879.916,1,0.006476247,0
181,7,2880.005,1,0.007519526,0
64,8,2880.045,1,0.009876614,0
64,13,2880.216,1,0.009520718,0
159,18,2880.392,1,0.008951519,0
194,19,2880.43,1,0.007814336,0
45,29,2880.782,1,0.008634094,0
260,30,2880.818,1,0.007504612,0
242,31,2880.858,1,0.007654697,0
223,32,2880.882,1,0.007793456,0
169,38,2881.104,1,0.009224549,0
213,43,2881.269,1,0.010250338,0
249,45,2881.343,1,0.008557036,0
323,48,2881.457,1,0.007078670,0
36,49,2881.506,1,0.008819392,0
224,51,2881.571,1,0.011904714,0
322,56,2881.736,1,0.006772688,0
135,62,2881.944,1,0.009221033,0
61,66,2882.091,1,0.031164305,0
314,68,2882.149,1,0.010419562,0
179,72,2882.3,1,0.055892248,0
138,72,2882.315,1,0.052313622,0
204,80,2882.576,1,0.048824795,0
233,80,2882.59,1,0.044763703,0
208,81,2882.632,1,0.048530187,0
256,86,2882.793,1,0.022511395,0
330,87,2882.824,1,0.010432866,0
255,87,2882.834,1,0.027440198,0
263,87,2882.851,1,0.025095223,0
255,90,2882.932,1,0.033475868,0
137,94,2883.072,1,0.004667194,0
256,95,2883.104,1,0.995030284,1
266,105,2883.481,1,0.011768771,0
261,110,2883.629,1,0.009546482,0
159,118,2883.922,1,0.010383202,0
84,120,2883.989,1,0.010384393,0
23,120,2883.996,1,0.009025507,0
56,122,2884.065,1,0.009535064,0
260,125,2884.162,1,0.012842501,0
149,125,2884.175,1,0.014854430,0
262,128,2884.276,1,0.013396068,0
159,132,2884.406,1,0.014570517,0
48,139,2884.666,1,0.009141837,0
256,97,2884.798,0,0.977988362,1
196,151,2885.085,1,0.006471364,0
45,152,2885.114,1,0.009110145,0
178,156,2885.259,1,0.012169442,0
248,156,2885.259,1,0.009799674,0
42,158,2885.331,1,0.009157465,0
254,159,2885.381,1,0.010034604,0
208,160,2885.404,1,0.003477710,0
77,166,2885.609,1,0.008950187,0
319,167,2885.645,1,0.007931339,0
58,168,2885.682,1,0.009185744,0
88,174,2885.894,1,0.009119856,0
81,174,2885.916,1,0.008917252,0
246,182,2886.178,1,0.012992246,0
207,182,2886.183,1,0.011662784,0
78,221,2887.575,1,0.009130222,0
169,3,2889.324,1,0.008657349,0
223,4,2889.342,1,0.007678090,0
170,7,2889.459,1,0.008751545,0
158,8,2889.491,1,0.010156601,0
292,10,2889.565,1,0.007212502,0
144,12,2889.643,1,0.008136099,0
62,13,2889.68,1,0.009496122,0
136,14,2889.701,1,0.010164495,0
144,15,2889.745,1,0.007901353,0
46,21,2889.944,1,0.009437279,0
255,97,2890.093,0,0.999583900,1
143,29,2890.224,1,0.045919266,0
141,32,2890.329,1,0.047252908,0
257,97,2890.496,0,0.999310851,1
258,38,2890.546,1,0.011018122,0
232,38,2890.546,1,0.011972041,0
105,46,2890.841,1,0.048843678,0
249,52,2891.039,1,0.009471217,0
295,56,2891.178,1,0.007692087,0
175,60,2891.32,1,0.008615682,0
24,62,2891.388,1,0.012115483,0
328,65,2891.504,1,0.005293803,0
205,65,2891.522,1,0.008627314,0
329,66,2891.529,1,0.005231129,0
158,67,2891.564,1,0.009340814,0
103,70,2891.683,1,0.008748802,0
20,72,2891.75,1,0.010675804,0
287,79,2891.987,1,0.008379007,0
84,84,2892.167,1,0.005228177,0
79,86,2892.238,1,0.008873317,0
26,92,2892.456,1,0.009834202,0
125,94,2892.526,1,0.005273759,0
255,95,2892.553,1,0.998393357,1
257,95,2892.553,1,0.999176085,1
93,102,2892.802,1,0.012907180,0
78,109,2893.046,1,0.011165431,0
311,109,2893.051,1,0.008220575,0
305,112,2893.172,1,0.008487185,0
79,116,2893.308,1,0.010330590,0
20,118,2893.369,1,0.009664483,0
319,124,2893.578,1,0.008057181,0
191,150,2894.5,1,0.019609803,0
62,152,2894.562,1,0.014743193,0
60,160,2894.852,1,0.014612765,0
120,166,2895.059,1,0.009290698,0
141,166,2895.076,1,0.009695346,0
69,167,2895.104,1,0.008891330,0
179,172,2895.272,1,0.011010667,0
183,173,2895.303,1,0.010323782,0
306,176,2895.432,1,0.008020772,0
332,182,2895.626,1,0.007619963,0
73,183,2895.672,1,0.008871917,0
110,189,2895.889,1,0.009019665,0
309,190,2895.905,1,0.007897546,0
34,194,2896.049,1,0.008418119,0
317,208,2896.558,1,0.007385005,0
112,212,2896.686,1,0.008778337,0
171,222,2897.039,1,0.009079287,0
311,237,2897.569,1,0.005679133,0
309,239,2897.634,1,0.006695559,0
33,244,2897.809,1,0.008220401,0
256,97,2897.859,0,0.987991273,1
257,96,2911.55,1,0.986561954,1
256,96,2913.432,1,0.967216313,1
258,96,2914.366,1,0.030133285,0
256,98,2917.628,0,0.977642775,1
256,95,2918.982,1,0.033193670,0
184,2,2919.827,1,0.007426745,0
182,4,2919.903,1,0.006397971,0
67,6,2919.965,1,0.009483545,0
149,15,2920.281,1,0.009175677,0
260,16,2920.32,1,0.007258200,0
239,19,2920.43,1,0.007210785,0
233,23,2920.57,1,0.006733911,0
80,23,2920.588,1,0.009580275,0
255,96,2920.719,1,0.897127450,0
263,30,2920.827,1,0.007571105,0
223,32,2920.88,1,0.007972850,0
215,35,2921.001,1,0.008660271,0
237,43,2921.283,1,0.009023139,0
228,44,2921.312,1,0.009378723,0
236,46,2921.379,1,0.010605740,0
123,52,2921.59,1,0.009422179,0
94,55,2921.704,1,0.009019081,0
115,56,2921.739,1,0.009590529,0
3,62,2921.968,1,0.007764822,0
2,63,2921.981,1,0.008483851,0
213,64,2922.013,1,0.048852425,0
29,64,2922.028,1,0.018147850,0
26,66,2922.085,1,0.017134828,0
212,67,2922.142,1,0.048325595,0
208,70,2922.225,1,0.048736013,0
108,70,2922.251,1,0.049565073,0
82,71,2922.278,1,0.038474042,0
86,72,2922.302,1,0.038984261,0
69,74,2922.379,1,0.032342467,0
182,75,2922.426,1,0.056259997,0
223,76,2922.436,1,0.049674116,0
313,78,2922.514,1,0.010693343,0
69,79,2922.544,1,0.022977203,0
32,48,2922.558,1,0.036594164,0
48,80,2922.584,1,0.027461417,0
231,80,2922.603,1,0.045351002,0
47,81,2922.636,1,0.025969103,0
227,82,2922.651,1,0.047906555,0
41,83,2922.693,1,0.017280536,0
240,84,2922.731,1,0.044683110,0
76,85,2922.76,1,0.025942767,0
257,98,2922.796,0,0.976490140,1
111,86,2922.801,1,0.048200279,0
244,87,2922.841,1,0.044635225,0
9,88,2922.869,1,0.014150478,0
12,90,2922.946,1,0.014301462,0
8,91,2922.965,1,0.014140729,0
344,91,2922.975,1,0.010092963,0
127,92,2923.0,1,0.004795101,0
323,93,2923.034,1,0.007704693,0
119,94,2923.079,1,0.006026986,0
255,95,2923.1,1,0.984511733,1
184,95,2923.11,1,0.009569337,0
118,96,2923.155,1,0.006174081,0
114,98,2923.214,1,0.006994231,0
309,99,2923.266,1,0.008262254,0
312,104,2923.267,1,0.008207550,0
282,101,2923.313,1,0.009520583,0
114,102,2923.354,1,0.006022494,0
158,103,2923.387,1,0.005484731,0
160,104,2923.418,1,0.007375946,0
281,104,2923.431,1,0.011402380,0
286,105,2923.453,1,0.006723486,0
245,105,2923.462,1,0.009554181,0
78,105,2923.474,1,0.011503349,0
199,107,2923.53,1,0.008619340,0
39,109,2923.609,1,0.009909969,0
33,110,2923.633,1,0.009599315,0
77,110,2923.647,1,0.010764024,0
189,111,2923.671,1,0.009026879,0
226,112,2923.717,1,0.009349766,0
43,115,2923.808,1,0.010890071,0
42,115,2923.821,1,0.009771199,0
181,117,2923.883,1,0.005040990,0
44,117,2923.892,1,0.009120882,0
47,120,2923.995,1,0.008082727,0
131,128,2924.267,1,0.012420012,0
341,128,2924.289,1,0.007162897,0
144,135,2924.541,1,0.012781093,0
227,141,2924.722,1,0.009440511,0
35,147,2924.945,1,0.008830703,0
33,148,2924.975,1,0.008804036,0
106,149,2925.021,1,0.009564873,0
217,156,2925.257,1,0.008898754,0
339,158,2925.354,1,0.007828571,0
335,159,2925.361,1,0.007929564,0
74,164,2925.538,1,0.009383460,0
149,169,2925.727,1,0.010101343,0
151,170,2925.761,1,0.010747211,0
10,136,2925.907,1,0.008969948,0
160,180,2926.107,1,0.018038159,0
101,180,2926.122,1,0.014706052,0
96,182,2926.172,1,0.014620670,0
4,193,2926.562,1,0.013318617,0
159,203,2926.917,1,0.015324663,0
116,207,2927.061,1,0.008961804,0
104,208,2927.09,1,0.009149002,0
103,211,2927.197,1,0.009100564,0
155,216,2927.382,1,0.008495475,0
249,221,2927.545,1,0.006692223,0
46,231,2927.919,1,0.008213534,0
259,98,2928.356,0,0.973178148,1
13,248,2928.5,1,0.007854131,0
179,7,2929.45,1,0.007990323,0
26,9,2929.535,1,0.009329115,0
0,15,2929.729,1,0.009225265,0
171,16,2929.767,1,0.010029286,0
199,18,2929.849,1,0.007214516,0
175,21,2929.939,1,0.010058966,0
207,22,2930.002,1,0.010310494,0
158,24,2930.055,1,0.044669606,0
44,28,2930.186,1,0.047274269,0
17,29,2930.237,1,0.046858139,0
199,30,2930.262,1,0.012013247,0
244,31,2930.295,1,0.010707033,0
87,31,2930.318,1,0.047794010,0
195,32,2930.331,1,0.013780671,0
257,37,2930.508,1,0.010983492,0
72,38,2930.549,1,0.049000647,0
281,43,2930.732,1,0.010830044,0
151,44,2930.761,1,0.049137127,0
12,45,2930.801,1,0.027823495,0
214,48,2930.908,1,0.024110656,0
208,49,2930.936,1,0.037022348,0
37,50,2930.97,1,0.037589878,0
166,53,2931.07,1,0.009017944,0
232,61,2931.36,1,0.009384425,0
74,67,2931.571,1,0.008791828,0
116,85,2932.203,1,0.005579468,0
118,86,2932.237,1,0.006769959,0
119,86,2932.25,1,0.008124371,0
119,88,2932.307,1,0.006956147,0
305,95,2932.559,1,0.008065596,0
257,96,2932.585,1,0.986640513,1
30,111,2933.119,1,0.009470381,0
88,116,2933.297,1,0.011271025,0
324,119,2933.408,1,0.007724291,0
283,122,2933.501,1,0.010602053,0
96,126,2933.642,1,0.011025112,0
53,140,2934.141,1,0.014765861,0
163,144,2934.308,1,0.039489154,0
128,149,2934.46,1,0.021179566,0
174,159,2934.81,1,0.025141167,0
33,168,2935.155,1,0.008964976,0
8,190,2935.916,1,0.008528990,0
240,204,2936.421,1,0.007543570,0
251,243,2937.773,1,0.005855038,0
256,96,2941.425,1,0.969422638,1
256,97,2943.499,1,0.984361291,1
257,97,2946.982,1,0.031369630,0
32,48,2950.426,1,0.036693972,0
183,224,2952.111,1,0.008959204,0
250,104,2952.823,1,0.009687622,0
259,96,2956.079,1,0.931614578,1
258,99,2957.364,0,0.978082061,1
259,99,2958.373,0,0.940952420,1
162,5,2959.939,1,0.009627099,0
107,6,2959.983,1,0.009217706,0
270,17,2960.355,1,0.009110080,0
272,19,2960.429,1,0.006445913,0
223,32,2960.883,1,0.007874076,0
198,35,2960.992,1,0.010204733,0
304,46,2961.38,1,0.007402787,0
71,64,2962.021,1,0.040914033,0
204,70,2962.237,1,0.049090728,0
162,71,2962.263,1,0.057687931,0
65,79,2962.538,1,0.021493480,0
146,80,2962.599,1,0.058111235,0
32,85,2962.771,1,0.016291577,0
153,88,2962.864,1,0.071470045,0
66,96,2963.143,1,0.011300763,0
114,100,2963.288,1,0.010613519,0
113,101,2963.323,1,0.010198604,0
229,102,2963.373,1,0.009196052,0
255,108,2963.568,1,0.009210327,0
110,108,2963.59,1,0.014995508,0
271,110,2963.643,1,0.010443717,0
249,110,2963.654,1,0.009068547,0
111,111,2963.68,1,0.013450363,0
105,118,2963.924,1,0.012391777,0
291,119,2963.957,1,0.009212782,0
197,120,2963.987,1,0.008754011,0
215,120,2964.014,1,0.006771341,0
217,122,2964.063,1,0.007995120,0
105,122,2964.077,1,0.011919930,0
158,123,2964.111,1,0.018811643,0
153,126,2964.2,1,0.015274364,0
237,126,2964.207,1,0.009444989,0
210,127,2964.25,1,0.009234539,0
304,133,2964.449,1,0.008560418,0
110,140,2964.698,1,0.010184578,0
223,140,2964.715,1,0.009306125,0
192,141,2964.723,1,0.004322364,0
65,142,2964.774,1,0.009255591,0
112,149,2965.014,1,0.009702862,0
323,151,2965.101,1,0.007893523,0
232,159,2965.384,1,0.012929050,0
184,161,2965.434,1,0.010698006,0
159,168,2965.678,1,0.010939886,0
258,99,2966.402,0,0.683046639,0
200,190,2966.474,1,0.010905856,0
138,191,2966.497,1,0.014491821,0
255,200,2966.825,1,0.011496053,0
8,232,2967.937,1,0.008017313,0
159,7,2969.457,1,0.010255541,0
330,8,2969.481,1,0.007118665,0
115,8,2969.493,1,0.009774890,0
258,13,2969.659,1,0.005909934,0
256,13,2969.664,1,0.006692654,0
251,13,2969.67,1,0.006749530,0
59,15,2969.728,1,0.009427692,0
341,15,2969.734,1,0.007198227,0
247,16,2969.766,1,0.007429758,0
32,17,2969.802,1,0.009337818,0
49,21,2969.963,1,0.008991061,0
136,22,2969.977,1,0.009856756,0
232,26,2970.12,1,0.010484035,0
312,26,2970.132,1,0.010352205,0
153,27,2970.159,1,0.044715434,0
303,28,2970.196,1,0.010478559,0
157,28,2970.208,1,0.044722755,0
311,29,2970.248,1,0.010388800,0
63,30,2970.26,1,0.047331888,0
2,32,2970.328,1,0.036254108,0
174,37,2970.517,1,0.046600338,0
214,38,2970.547,1,0.012440112,0
281,40,2970.62,1,0.010791849,0
256,97,2970.688,1,0.032864653,0
330,45,2970.792,1,0.010134252,0
34,48,2970.895,1,0.038325831,0
165,48,2970.905,1,0.048265267,0
207,52,2971.048,1,0.009013709,0
146,58,2971.256,1,0.009143168,0
138,80,2972.028,1,0.010087514,0
81,84,2972.179,1,0.005716568,0
255,86,2972.243,1,0.009587848,0
143,87,2972.271,1,0.010613068,0
257,98,2972.657,1,0.948674440,1
152,104,2972.871,1,0.005501651,0
272,116,2973.297,1,0.011308251,0
336,119,2973.399,1,0.007368126,0
303,120,2973.437,1,0.009753783,0
268,124,2973.577,1,0.017015088,0
39,136,2974.001,1,0.014422738,0
124,143,2974.25,1,0.022451481,0
243,149,2974.468,1,0.022972640,0
50,163,2974.965,1,0.014432693,0
238,177,2975.47,1,0.010152896,0
242,183,2975.659,1,0.009644778,0
298,195,2976.08,1,0.007956810,0
242,198,2976.193,1,0.008369143,0
308,222,2977.04,1,0.007644922,0
258,98,2979.172,1,0.985244691,1
258,97,2983.091,1,0.987811148,1
257,100,2985.953,0,0.990632653,1
259,100,2986.369,0,0.700262606,0
257,98,2986.533,1,0.909611940,1
255,98,2987.24,1,0.951472402,1
257,100,2997.77,0,0.982876480,1
260,99,2999.231,0,0.970384479,1
258,98,2999.776,1,0.891010702,0
44,152,2999.778,1,0.009137515,0
36,8,3000.042,1,0.009259221,0
33,13,3000.218,1,0.008973810,0
24,23,3000.569,1,0.009165009,0
217,31,3000.853,1,0.007738587,0
223,32,3000.897,1,0.007583346,0
242,34,3000.958,1,0.008284810,0
45,35,3000.992,1,0.008608386,0
242,37,3001.055,1,0.008210154,0
199,55,3001.717,1,0.008980038,0
184,59,3001.84,1,0.008944026,0
224,59,3001.851,1,0.007865290,0
224,60,3001.877,1,0.018665025,0
217,62,3001.949,1,0.009103291,0
234,69,3002.188,1,0.044688452,0
63,69,3002.199,1,0.033305719,0
306,71,3002.282,1,0.010723758,0
238,72,3002.31,1,0.044664916,0
239,74,3002.362,1,0.044671774,0
235,76,3002.449,1,0.044732425,0
127,78,3002.505,1,0.052908916,0
90,78,3002.528,1,0.040393390,0
153,85,3002.754,1,0.063205041,0
142,95,3003.113,1,0.006215166,0
139,95,3003.127,1,0.005721077,0
280,96,3003.142,1,0.008962465,0
259,98,3003.217,1,0.979209185,1
252,98,3003.231,1,0.021678440,0
320,99,3003.266,1,0.007723589,0
201,100,3003.292,1,0.009095875,0
200,101,3003.32,1,0.009614063,0
72,101,3003.327,1,0.011410661,0
113,103,3003.398,1,0.015944595,0
261,104,3003.438,1,0.054873317,0
120,107,3003.536,1,0.016322279,0
229,110,3003.643,1,0.009327347,0
218,111,3003.677,1,0.009274916,0
196,122,3004.07,1,0.009016133,0
72,122,3004.083,1,0.010052478,0
195,124,3004.13,1,0.008720649,0
241,126,3004.216,1,0.009306895,0
32,127,3004.25,1,0.009216335,0
292,131,3004.39,1,0.009529472,0
10,137,3004.597,1,0.008631690,0
12,138,3004.626,1,0.008644492,0
152,142,3004.768,1,0.013018371,0
128,150,3005.055,1,0.010556753,0
120,150,3005.068,1,0.010223703,0
188,152,3005.142,1,0.012239649,0
280,156,3005.273,1,0.009277668,0
299,157,3005.302,1,0.008563344,0
64,159,3005.368,1,0.008836807,0
315,159,3005.379,1,0.008154413,0
101,162,3005.47,1,0.009311342,0
197,163,3005.503,1,0.009840546,0
1,163,3005.512,1,0.008380609,0
196,165,3005.576,1,0.009884656,0
35,166,3005.616,1,0.009069400,0
213,168,3005.683,1,0.003184669,0
298,168,3005.697,1,0.007969199,0
300,181,3006.15,1,0.011334216,0
71,192,3006.53,1,0.014227896,0
135,200,3006.806,1,0.014322140,0
88,206,3007.032,1,0.008842430,0
90,208,3007.101,1,0.007768658,0
186,213,3007.266,1,0.009027891,0
40,213,3007.282,1,0.008736245,0
247,238,3008.151,1,0.005571167,0
268,242,3008.31,1,0.006770508,0
144,246,3008.432,1,0.008709745,0
240,253,3008.692,1,0.004702327,0
286,259,3008.891,1,0.006530625,0
45,4,3009.345,1,0.009285394,0
77,4,3009.355,1,0.009508711,0
237,10,3009.552,1,0.006955481,0
46,13,3009.673,1,0.009418780,0
188,15,3009.736,1,0.007725772,0
35,16,3009.766,1,0.009723084,0
32,16,3009.779,1,0.009357644,0
197,20,3009.911,1,0.007740814,0
240,25,3010.089,1,0.010521349,0
207,28,3010.188,1,0.010886055,0
81,31,3010.296,1,0.047357481,0
186,32,3010.335,1,0.021449229,0
160,34,3010.402,1,0.046990760,0
304,35,3010.439,1,0.010514654,0
90,36,3010.474,1,0.049020827,0
228,37,3010.524,1,0.011940287,0
248,39,3010.59,1,0.011332763,0
229,40,3010.613,1,0.012598655,0
335,42,3010.683,1,0.010039835,0
156,43,3010.717,1,0.049056150,0
91,45,3010.794,1,0.049027544,0
250,47,3010.871,1,0.012492799,0
329,48,3010.893,1,0.010150970,0
70,52,3011.063,1,0.008956313,0
48,53,3011.07,1,0.008866610,0
341,55,3011.153,1,0.006788301,0
197,57,3011.239,1,0.008581699,0
46,58,3011.276,1,0.009169150,0
210,61,3011.355,1,0.009028915,0
253,62,3011.388,1,0.009439646,0
47,62,3011.397,1,0.003887891,0
196,63,3011.43,1,0.009001216,0
42,64,3011.455,1,0.004878801,0
48,65,3011.503,1,0.004131801,0
216,66,3011.556,1,0.009138008,0
311,70,3011.672,1,0.007478727,0
32,48,3011.679,1,0.008787416,0
42,72,3011.744,1,0.012741853,0
243,80,3012.035,1,0.010016497,0
58,84,3012.174,1,0.011983321,0
309,84,3012.192,1,0.007770581,0
146,86,3012.236,1,0.010807019,0
116,86,3012.251,1,0.007060973,0
95,93,3012.481,1,0.009644518,0
120,93,3012.502,1,0.005688784,0
311,94,3012.515,1,0.007919952,0
123,94,3012.523,1,0.005337306,0
98,98,3012.659,1,0.015656872,0
102,101,3012.765,1,0.015085276,0
344,103,3012.835,1,0.007074636,0
272,104,3012.876,1,0.009953926,0
174,108,3013.017,1,0.005967305,0
145,112,3013.153,1,0.014495000,0
269,118,3013.366,1,0.010889706,0
55,127,3013.687,1,0.009281465,0
196,132,3013.869,1,0.009199793,0
193,134,3013.932,1,0.008890750,0
167,139,3014.112,1,0.044607025,0
169,140,3014.148,1,0.042563498,0
343,140,3014.164,1,0.010564705,0
159,142,3014.213,1,0.041030049,0
200,144,3014.282,1,0.026568050,0
204,144,3014.292,1,0.036414366,0
340,146,3014.356,1,0.010660363,0
74,152,3014.58,1,0.015013888,0
76,155,3014.67,1,0.014954031,0
222,159,3014.815,1,0.033394240,0
187,159,3014.83,1,0.017412664,0
216,160,3014.858,1,0.034004860,0
174,173,3015.324,1,0.011280051,0
3,175,3015.375,1,0.009437626,0
32,176,3015.43,1,0.008978429,0
343,183,3015.665,1,0.007738621,0
190,184,3015.692,1,0.009059051,0
0,188,3015.833,1,0.008580446,0
104,193,3016.026,1,0.009360041,0
56,229,3017.291,1,0.008419747,0
95,236,3017.53,1,0.008814774,0
120,256,3018.254,1,0.013273856,0
260,100,3020.592,0,0.991131604,1
260,101,3024.918,0,0.990771294,1
259,99,3025.948,1,0.998700380,1
258,99,3026.589,1,0.999952793,1
259,101,3027.219,0,0.987963915,1
257,98,3033.188,1,0.980633676,1
258,100,3037.387,1,0.986727536,1
130,2,3039.823,1,0.009317413,0
198,8,3040.04,1,0.006609736,0
237,15,3040.29,1,0.006544955,0
15,23,3040.562,1,0.008844533,0
135,31,3040.862,1,0.009356513,0
223,32,3040.881,1,0.007969625,0
55,40,3041.164,1,0.009751034,0
54,42,3041.238,1,0.009505384,0
248,43,3041.269,1,0.008506254,0
31,47,3041.434,1,0.008732819,0
83,50,3041.52,1,0.009301467,0
23,54,3041.686,1,0.005520501,0
207,56,3041.749,1,0.009317695,0
328,61,3041.913,1,0.006808470,0
300,62,3041.958,1,0.008101232,0
199,64,3042.012,1,0.048796792,0
5,66,3042.086,1,0.015193715,0
166,68,3042.167,1,0.055831913,0
279,70,3042.231,1,0.012335873,0
104,72,3042.291,1,0.049020641,0
112,74,3042.384,1,0.050438885,0
132,78,3042.519,1,0.053694893,0
205,82,3042.65,1,0.048741166,0
170,86,3042.808,1,0.066239350,0
91,94,3043.081,1,0.014755030,0
256,98,3043.214,1,0.970713496,1
257,100,3043.277,1,0.992534518,1
224,101,3043.317,1,0.009715007,0
312,102,3043.361,1,0.008090687,0
269,104,3043.423,1,0.010874124,0
254,108,3043.583,1,0.009163893,0
231,109,3043.602,1,0.009253860,0
216,111,3043.674,1,0.009587390,0
95,114,3043.795,1,0.012316473,0
7,118,3043.929,1,0.009094963,0
272,119,3043.973,1,0.010528569,0
302,120,3044.004,1,0.008749891,0
173,125,3044.187,1,0.005365438,0
143,131,3044.382,1,0.012374422,0
149,132,3044.413,1,0.013044779,0
8,136,3044.564,1,0.009297776,0
23,136,3044.578,1,0.008598910,0
51,140,3044.691,1,0.008986902,0
273,140,3044.718,1,0.009767180,0
137,149,3045.019,1,0.011000734,0
17,152,3045.122,1,0.009293842,0
22,154,3045.201,1,0.009186877,0
188,166,3045.619,1,0.009912271,0
253,168,3045.679,1,0.009771830,0
262,180,3046.102,1,0.011942590,0
63,181,3046.147,1,0.014329553,0
336,185,3046.283,1,0.010725418,0
192,195,3046.63,1,0.011703606,0
316,197,3046.702,1,0.010772228,0
183,224,3047.652,1,0.010320392,0
171,224,3047.674,1,0.011239335,0
259,100,3047.913,1,0.998194396,1
96,236,3048.097,1,0.009838469,0
137,243,3048.333,1,0.008498319,0
275,246,3048.432,1,0.006815422,0
137,254,3048.713,1,0.008125781,0
258,100,3048.895,1,0.999771297,1
28,11,3049.589,1,0.009317567,0
189,12,3049.649,1,0.008233146,0
239,14,3049.692,1,0.007324165,0
151,14,3049.714,1,0.009906694,0
110,15,3049.751,1,0.009894500,0
215,17,3049.805,1,0.007138766,0
178,18,3049.848,1,0.009396091,0
47,20,3049.91,1,0.009765068,0
137,23,3050.016,1,0.044654392,0
152,24,3050.044,1,0.044673041,0
260,99,3050.052,1,0.666234612,0
135,24,3050.059,1,0.044668883,0
156,25,3050.089,1,0.044683985,0
257,102,3050.177,0,0.604440749,0
277,29,3050.238,1,0.010655924,0
153,31,3050.3,1,0.045976903,0
312,32,3050.335,1,0.010393340,0
320,34,3050.399,1,0.010294183,0
272,36,3050.48,1,0.010805230,0
42,37,3050.512,1,0.048101351,0
206,38,3050.546,1,0.013641563,0
306,38,3050.556,1,0.010510453,0
23,40,3050.62,1,0.040276613,0
319,42,3050.687,1,0.010319759,0
144,46,3050.823,1,0.048860613,0
40,51,3051.026,1,0.008832699,0
192,59,3051.286,1,0.008857751,0
243,62,3051.387,1,0.009304249,0
39,63,3051.428,1,0.004909262,0
191,64,3051.46,1,0.007944125,0
187,68,3051.598,1,0.007297394,0
191,69,3051.64,1,0.008908520,0
281,72,3051.753,1,0.008721037,0
232,75,3051.866,1,0.009479891,0
240,78,3051.955,1,0.009684227,0
256,99,3052.691,1,0.974403203,1
48,103,3052.84,1,0.010672793,0
311,106,3052.949,1,0.008047399,0
34,112,3053.18,1,0.010036930,0
41,122,3053.533,1,0.009819377,0
44,126,3053.647,1,0.011046981,0
343,127,3053.685,1,0.007342271,0
43,127,3053.699,1,0.009946284,0
195,132,3053.857,1,0.009033395,0
13,140,3054.139,1,0.013938655,0
232,157,3054.751,1,0.023405496,0
105,158,3054.777,1,0.015312119,0
323,167,3055.096,1,0.007797380,0
2,184,3055.691,1,0.008506954,0
243,186,3055.764,1,0.009294408,0
219,190,3055.905,1,0.002962254,0
22,204,3056.412,1,0.008246991,0
121,205,3056.437,1,0.008568706,0
258,102,3058.157,0,0.697857022,0
260,102,3069.366,0,0.988969207,1
257,100,3069.997,1,0.993957758,1
258,102,3070.692,0,0.991377592,1
259,102,3071.58,0,0.993713915,1
260,100,3077.555,1,0.993725955,1
259,99,3079.778,1,0.997957945,1
136,3,3079.883,1,0.006886510,0
74,4,3079.895,1,0.009476475,0
138,5,3079.935,1,0.008333891,0
87,5,3079.942,1,0.009540276,0
130,7,3080.018,1,0.009799656,0
30,12,3080.18,1,0.009082840,0
252,16,3080.322,1,0.007199549,0
252,18,3080.395,1,0.006981231,0
305,28,3080.754,1,0.007368800,0
137,36,3081.02,1,0.009825231,0
135,39,3081.134,1,0.009066224,0
238,40,3081.174,1,0.008645764,0
32,48,3081.445,1,0.008843969,0
44,56,3081.742,1,0.009122757,0
160,58,3081.818,1,0.009220676,0
195,60,3081.875,1,0.009250708,0
34,64,3082.031,1,0.018488305,0
64,71,3082.263,1,0.036729269,0
3,72,3082.305,1,0.014739723,0
211,76,3082.436,1,0.048330095,0
22,78,3082.506,1,0.016040809,0
109,91,3082.971,1,0.045841116,0
166,94,3083.075,1,0.009901346,0
297,95,3083.11,1,0.008617136,0
247,96,3083.142,1,0.009146781,0
258,101,3083.313,1,0.997398257,1
265,103,3083.393,1,0.053924996,0
172,108,3083.566,1,0.004935877,0
248,109,3083.599,1,0.010391265,0
73,109,3083.607,1,0.010931073,0
245,112,3083.708,1,0.008202312,0
55,112,3083.732,1,0.009726432,0
157,119,3083.953,1,0.019550201,0
151,127,3084.239,1,0.014663043,0
74,127,3084.252,1,0.009791926,0
145,128,3084.28,1,0.013718266,0
258,103,3084.297,0,0.975276530,1
298,129,3084.302,1,0.008839459,0
207,133,3084.445,1,0.008852939,0
204,134,3084.492,1,0.009070184,0
255,136,3084.555,1,0.012014808,0
322,141,3084.731,1,0.007765355,0
103,141,3084.739,1,0.009774350,0
282,142,3084.771,1,0.009853675,0
135,143,3084.805,1,0.011562901,0
315,149,3085.027,1,0.008233667,0
123,150,3085.047,1,0.010521880,0
167,153,3085.147,1,0.012146563,0
64,155,3085.226,1,0.008902426,0
2,156,3085.28,1,0.008805918,0
128,159,3085.362,1,0.009605460,0
112,188,3086.385,1,0.014449034,0
159,190,3086.467,1,0.016258970,0
73,198,3086.743,1,0.014143614,0
197,208,3087.092,1,0.007855718,0
40,208,3087.108,1,0.008385543,0
193,210,3087.173,1,0.007896660,0
200,212,3087.235,1,0.007297525,0
320,214,3087.308,1,0.007384089,0
324,214,3087.308,1,0.006251100,0
41,216,3087.37,1,0.008110495,0
324,222,3087.589,1,0.007000327,0
275,224,3087.66,1,0.007263074,0
156,226,3087.736,1,0.011089232,0
158,227,3087.765,1,0.008646241,0
61,244,3088.36,1,0.007977433,0
55,248,3088.513,1,0.007909087,0
207,3,3089.314,1,0.006444942,0
188,10,3089.56,1,0.007179831,0
160,11,3089.612,1,0.009958520,0
40,12,3089.632,1,0.009278646,0
120,18,3089.839,1,0.009781358,0
277,21,3089.942,1,0.007500802,0
73,21,3089.969,1,0.009732832,0
79,23,3090.014,1,0.042499881,0
314,25,3090.083,1,0.010314826,0
68,27,3090.155,1,0.045055214,0
294,28,3090.2,1,0.010566924,0
160,29,3090.23,1,0.044729192,0
163,30,3090.287,1,0.020302949,0
164,31,3090.315,1,0.024670642,0
154,32,3090.332,1,0.014870236,0
227,32,3090.345,1,0.011097161,0
43,34,3090.407,1,0.048095286,0
151,35,3090.441,1,0.014471098,0
232,37,3090.507,1,0.011821406,0
275,38,3090.546,1,0.010847947,0
273,39,3090.578,1,0.010890050,0
234,44,3090.759,1,0.013426959,0
238,45,3090.788,1,0.013247999,0
317,45,3090.794,1,0.010354803,0
142,47,3090.859,1,0.048713293,0
316,48,3090.917,1,0.010376535,0
66,50,3090.968,1,0.048005674,0
98,53,3091.075,1,0.008864817,0
99,56,3091.179,1,0.009040197,0
95,57,3091.211,1,0.008929469,0
175,58,3091.246,1,0.008600775,0
102,58,3091.257,1,0.008901657,0
312,62,3091.388,1,0.007089148,0
100,63,3091.43,1,0.009139803,0
113,64,3091.46,1,0.008805231,0
278,69,3091.635,1,0.008677580,0
308,78,3091.959,1,0.007682101,0
38,79,3091.99,1,0.011269431,0
255,94,3092.517,1,0.008967773,0
119,95,3092.564,1,0.005736553,0
284,111,3093.121,1,0.009658328,0
89,116,3093.294,1,0.011403880,0
240,121,3093.471,1,0.010054951,0
260,103,3093.647,0,0.987345159,1
243,128,3093.718,1,0.009172768,0
90,132,3093.864,1,0.010322788,0
79,142,3094.213,1,0.015353148,0
51,142,3094.224,1,0.014703288,0
179,143,3094.247,1,0.033611596,0
74,143,3094.261,1,0.015235267,0
169,147,3094.394,1,0.035821352,0
17,149,3094.478,1,0.014035166,0
32,166,3095.079,1,0.009141224,0
258,103,3095.515,0,0.998131573,1
117,201,3096.302,1,0.008878847,0
113,204,3096.425,1,0.008475861,0
64,221,3097.007,1,0.008534835,0
122,227,3097.234,1,0.008278085,0
128,228,3097.246,1,0.006721264,0
119,229,3097.291,1,0.008381329,0
128,231,3097.366,1,0.007416984,0
179,232,3097.395,1,0.010358772,0
2,234,3097.465,1,0.008856935,0
232,236,3097.547,1,0.004563611,0
126,245,3097.859,1,0.008408304,0
240,246,3097.888,1,0.004938632,0
246,247,3097.929,1,0.005095989,0
265,252,3098.096,1,0.008344091,0
339,253,3098.124,1,0.009897957,0
340,255,3098.206,1,0.009870959,0
260,101,3098.79,1,0.994973302,1
261,102,3099.466,0,0.990675271,1
257,101,3101.192,1,0.971937537,1
259,103,3106.67,0,0.977517903,1
259,102,3106.808,1,0.826711476,0
258,101,3115.911,1,0.995833218,1
260,102,3117.834,1,0.999866366,1
259,102,3118.029,1,0.999919295,1
99,4,3119.9,1,0.009246020,0
259,104,3120.003,0,0.995512307,1
258,104,3120.111,0,0.997126877,1
207,16,3120.321,1,0.006448823,0
127,24,3120.603,1,0.009755608,0
328,26,3120.691,1,0.007134907,0
167,30,3120.818,1,0.009345452,0
318,31,3120.862,1,0.007236829,0
223,32,3120.885,1,0.007822322,0
298,39,3121.137,1,0.007334073,0
176,41,3121.212,1,0.009207021,0
170,42,3121.242,1,0.008913080,0
173,44,3121.331,1,0.008143236,0
158,46,3121.378,1,0.008919064,0
88,57,3121.774,1,0.009005892,0
274,59,3121.846,1,0.008435777,0
298,70,3122.222,1,0.011107789,0
87,73,3122.332,1,0.039030928,0
32,48,3122.567,1,0.037316300,0
60,84,3122.732,1,0.021193834,0
150,87,3122.826,1,0.062670298,0
285,87,3122.84,1,0.013506609,0
60,88,3122.858,1,0.017734289,0
86,88,3122.871,1,0.030078897,0
279,90,3122.944,1,0.016790347,0
277,93,3123.044,1,0.009763833,0
215,94,3123.076,1,0.008830336,0
8,95,3123.101,1,0.009941519,0
282,103,3123.412,1,0.009975038,0
332,104,3123.42,1,0.007374470,0
124,105,3123.457,1,0.008835504,0
123,106,3123.508,1,0.009000276,0
129,111,3123.682,1,0.017126551,0
79,114,3123.789,1,0.010547323,0
173,130,3124.344,1,0.007114769,0
53,135,3124.519,1,0.009024356,0
198,142,3124.777,1,0.006424921,0
220,143,3124.8,1,0.009837233,0
255,152,3125.136,1,0.009737419,0
94,158,3125.328,1,0.009659286,0
250,158,3125.343,1,0.010706003,0
246,161,3125.448,1,0.009419523,0
241,164,3125.558,1,0.010202533,0
119,166,3125.612,1,0.009374120,0
311,168,3125.691,1,0.008372714,0
258,176,3125.964,1,0.008384679,0
343,176,3125.976,1,0.007902318,0
343,181,3126.151,1,0.010691719,0
82,190,3126.461,1,0.014360984,0
232,200,3126.817,1,0.015913775,0
240,202,3126.883,1,0.011056837,0
179,230,3127.878,1,0.010189366,0
260,104,3128.027,0,0.991779387,1
253,7,3129.446,1,0.007445944,0
169,13,3129.658,1,0.009997852,0
186,16,3129.778,1,0.007985641,0
128,19,3129.891,1,0.010135051,0
135,20,3129.931,1,0.009990100,0
241,21,3129.944,1,0.007580907,0
188,23,3130.016,1,0.012120735,0
47,30,3130.262,1,0.047802441,0
64,36,3130.471,1,0.048704244,0
261,43,3130.722,1,0.011406573,0
36,51,3131.003,1,0.008939657,0
261,103,3131.288,0,0.996056795,1
320,65,3131.506,1,0.006996854,0
243,72,3131.767,1,0.009217166,0
339,79,3132.006,1,0.006745896,0
169,80,3132.025,1,0.006648091,0
318,81,3132.077,1,0.007549217,0
169,82,3132.092,1,0.005714465,0
275,83,3132.132,1,0.009198328,0
137,84,3132.164,1,0.011247779,0
4,86,3132.262,1,0.009861634,0
175,87,3132.284,1,0.010009625,0
176,91,3132.411,1,0.010465115,0
175,95,3132.554,1,0.010192402,0
202,95,3132.565,1,0.009016691,0
25,96,3132.59,1,0.009794225,0
260,101,3132.762,1,0.997257769,1
75,101,3132.782,1,0.011249015,0
295,104,3132.899,1,0.008668734,0
56,107,3132.975,1,0.010869801,0
54,110,3133.096,1,0.010383619,0
68,112,3133.162,1,0.010582305,0
113,112,3133.181,1,0.013493311,0
221,113,3133.189,1,0.010058942,0
144,126,3133.653,1,0.014635970,0
39,135,3133.982,1,0.008903163,0
33,140,3134.144,1,0.014327876,0
269,142,3134.21,1,0.023466066,0
28,149,3134.455,1,0.014251249,0
144,155,3134.673,1,0.025592072,0
285,165,3135.023,1,0.008572471,0
200,174,3135.34,1,0.009158405,0
232,188,3135.834,1,0.008309606,0
243,188,3135.842,1,0.009311195,0
259,103,3137.472,1,0.999943018,1
260,104,3137.534,0,0.999744952,1
86,255,3138.205,1,0.013247115,0
259,104,3139.466,0,0.991332471,1
259,103,3145.604,1,0.999564469,1
259,102,3147.83,1,0.994690955,1
261,104,3148.748,0,0.984990895,1
32,48,3157.794,1,0.008660812,0
53,1,3159.797,1,0.009440743,0
163,32,3160.886,1,0.009533519,0
162,45,3161.343,1,0.009201015,0
72,50,3161.521,1,0.009135861,0
261,105,3161.669,0,0.981542528,1
47,55,3161.705,1,0.008679526,0
39,56,3161.731,1,0.009696317,0
263,56,3161.755,1,0.009719852,0
167,64,3162.013,1,0.125671849,0
168,64,3162.031,1,0.127378985,0
89,70,3162.241,1,0.043136850,0
312,71,3162.262,1,0.010558213,0
94,71,3162.285,1,0.044397675,0
64,72,3162.298,1,0.033356439,0
257,103,3162.375,1,0.999673724,1
63,79,3162.539,1,0.021177396,0
213,83,3162.692,1,0.048868604,0
316,86,3162.798,1,0.010946828,0
155,91,3162.964,1,0.081258193,0
227,92,3162.999,1,0.045169439,0
127,93,3163.04,1,0.005241518,0
222,96,3163.139,1,0.009264096,0
258,103,3163.384,1,0.998180866,1
15,108,3163.561,1,0.007869700,0
24,109,3163.599,1,0.009908748,0
250,110,3163.639,1,0.009341171,0
155,111,3163.68,1,0.006959665,0
15,112,3163.715,1,0.006487612,0
161,113,3163.746,1,0.006206149,0
13,114,3163.785,1,0.008143837,0
160,116,3163.85,1,0.015953423,0
120,119,3163.97,1,0.012914448,0
301,124,3164.138,1,0.008440497,0
275,134,3164.493,1,0.009944072,0
137,136,3164.563,1,0.012916442,0
1,141,3164.75,1,0.008418764,0
40,142,3164.775,1,0.009470502,0
256,148,3164.975,1,0.010123924,0
227,151,3165.083,1,0.009226110,0
315,159,3165.362,1,0.008197801,0
117,174,3165.891,1,0.009479613,0
92,175,3165.925,1,0.008973026,0
45,176,3165.962,1,0.009262677,0
115,188,3166.402,1,0.012750686,0
110,189,3166.418,1,0.014449522,0
296,190,3166.461,1,0.011064279,0
256,190,3166.475,1,0.011723379,0
119,192,3166.538,1,0.010407705,0
208,203,3166.932,1,0.010669742,0
323,224,3167.663,1,0.007275017,0
205,230,3167.867,1,0.007485185,0
136,259,3168.899,1,0.009339092,0
30,6,3169.421,1,0.009374590,0
259,6,3169.432,1,0.007483545,0
240,7,3169.446,1,0.008868374,0
161,7,3169.453,1,0.010032156,0
240,8,3169.485,1,0.012001645,0
114,8,3169.498,1,0.009930679,0
288,9,3169.52,1,0.006885329,0
242,12,3169.654,1,0.006665094,0
116,13,3169.661,1,0.010022575,0
240,14,3169.695,1,0.006414164,0
8,18,3169.845,1,0.006526342,0
8,19,3169.879,1,0.008147701,0
252,21,3169.952,1,0.007175775,0
68,23,3170.02,1,0.042898711,0
16,24,3170.046,1,0.044982634,0
9,24,3170.067,1,0.045081481,0
23,28,3170.188,1,0.046879601,0
311,28,3170.194,1,0.010365378,0
203,28,3170.195,1,0.011156621,0
290,32,3170.334,1,0.010623333,0
35,32,3170.344,1,0.047956318,0
192,34,3170.413,1,0.022145886,0
289,35,3170.449,1,0.010650274,0
51,36,3170.472,1,0.048444748,0
276,45,3170.806,1,0.010908721,0
273,47,3170.86,1,0.011108779,0
98,48,3170.897,1,0.048821628,0
24,52,3171.042,1,0.004142036,0
33,52,3171.042,1,0.008764760,0
18,56,3171.176,1,0.009584828,0
23,57,3171.212,1,0.005713054,0
200,57,3171.22,1,0.009133980,0
22,64,3171.464,1,0.012348452,0
219,69,3171.644,1,0.008677999,0
232,71,3171.71,1,0.009824789,0
260,103,3171.864,1,0.999685407,1
329,78,3171.955,1,0.007101392,0
223,79,3171.988,1,0.008792668,0
270,79,3172.011,1,0.010088110,0
114,87,3172.293,1,0.005840213,0
147,94,3172.526,1,0.010533433,0
128,100,3172.741,1,0.005844872,0
193,112,3173.155,1,0.009458132,0
18,117,3173.334,1,0.009144546,0
259,104,3174.176,1,0.028533140,0
88,142,3174.224,1,0.015877062,0
322,151,3174.556,1,0.011090690,0
60,154,3174.657,1,0.014689430,0
78,156,3174.713,1,0.014965675,0
80,160,3174.844,1,0.016472964,0
83,160,3174.854,1,0.019432222,0
82,177,3175.461,1,0.009607447,0
261,103,3175.585,1,0.999592125,1
224,191,3175.937,1,0.007228865,0
95,194,3176.056,1,0.008802709,0
218,199,3176.244,1,0.005167606,0
76,202,3176.34,1,0.010019936,0
74,207,3176.528,1,0.009903206,0
333,208,3176.553,1,0.007245310,0
111,238,3177.608,1,0.009096768,0
260,104,3183.58,1,0.998250186,1
73,51,3185.396,1,0.008975392,0
258,103,3192.146,1,0.972800434,1
259,106,3195.787,0,0.985253274,1
229,2,3199.831,1,0.006444126,0
16,6,3199.966,1,0.008990989,0
271,15,3200.303,1,0.007183578,0
106,16,3200.32,1,0.009531417,0
261,105,3200.514,0,0.997771144,1
159,23,3200.579,1,0.009636628,0
63,24,3200.621,1,0.008974798,0
205,27,3200.709,1,0.007383191,0
172,29,3200.795,1,0.009457042,0
238,47,3201.409,1,0.009685595,0
190,54,3201.663,1,0.008915242,0
79,56,3201.734,1,0.009023609,0
55,59,3201.84,1,0.008672156,0
277,64,3202.016,1,0.012093086,0
203,65,3202.048,1,0.048794966,0
260,76,3202.442,1,0.023997754,0
4,79,3202.554,1,0.014285023,0
328,84,3202.72,1,0.010418746,0
208,87,3202.827,1,0.015801024,0
209,88,3202.867,1,0.017991399,0
212,90,3202.953,1,0.048981074,0
240,93,3203.037,1,0.009490235,0
129,99,3203.25,1,0.006154120,0
14,100,3203.285,1,0.009623309,0
260,104,3203.448,1,0.999363005,1
203,106,3203.505,1,0.008729414,0
260,106,3203.565,0,0.998804808,1
262,109,3203.616,1,0.895710468,0
256,119,3203.957,1,0.009197543,0
91,120,3203.986,1,0.010956218,0
261,106,3203.996,0,0.999930263,1
297,126,3204.206,1,0.008716071,0
340,141,3204.742,1,0.007367607,0
108,142,3204.773,1,0.010116898,0
227,144,3204.832,1,0.008946990,0
239,144,3204.837,1,0.008764477,0
240,147,3204.946,1,0.009939416,0
201,149,3205.023,1,0.003207692,0
175,151,3205.097,1,0.012436551,0
14,152,3205.114,1,0.008942581,0
316,152,3205.127,1,0.007849236,0
168,155,3205.227,1,0.011925396,0
215,157,3205.289,1,0.008858672,0
207,158,3205.33,1,0.003203666,0
277,159,3205.362,1,0.009556290,0
313,160,3205.404,1,0.008410225,0
233,161,3205.434,1,0.010877981,0
24,162,3205.464,1,0.008993845,0
317,165,3205.601,1,0.008074397,0
26,166,3205.614,1,0.008975222,0
46,166,3205.625,1,0.009133608,0
190,168,3205.683,1,0.009559901,0
184,174,3205.901,1,0.009876796,0
335,175,3205.932,1,0.007615277,0
331,187,3206.36,1,0.010744702,0
86,191,3206.49,1,0.014383634,0
136,200,3206.804,1,0.014345294,0
110,211,3207.206,1,0.008754061,0
55,213,3207.284,1,0.009731921,0
103,220,3207.52,1,0.008305518,0
38,224,3207.671,1,0.008606290,0
109,229,3207.845,1,0.009056698,0
261,104,3208.203,1,0.999638796,1
27,246,3208.434,1,0.008115415,0
77,251,3208.616,1,0.008696203,0
8,252,3208.642,1,0.009157868,0
20,4,3209.351,1,0.009216599,0
21,7,3209.446,1,0.008813924,0
71,13,3209.676,1,0.009365317,0
258,104,3209.703,1,0.990475357,1
311,14,3209.709,1,0.007711131,0
46,22,3209.988,1,0.009415982,0
263,23,3210.012,1,0.010572609,0
47,24,3210.047,1,0.043779537,0
261,24,3210.055,1,0.010596663,0
165,28,3210.188,1,0.044698663,0
124,29,3210.226,1,0.045149464,0
239,30,3210.268,1,0.010693309,0
103,32,3210.343,1,0.046680994,0
99,38,3210.541,1,0.049325563,0
120,41,3210.654,1,0.060325760,0
50,41,3210.663,1,0.048672542,0
120,43,3210.732,1,0.063384183,0
71,46,3210.824,1,0.048634786,0
47,46,3210.832,1,0.048134554,0
52,46,3210.853,1,0.048282314,0
135,47,3210.871,1,0.048532341,0
267,48,3210.9,1,0.011549812,0
261,48,3210.908,1,0.011946950,0
251,50,3210.97,1,0.013404201,0
265,51,3211.018,1,0.008359019,0
32,52,3211.061,1,0.009119649,0
231,54,3211.124,1,0.011504179,0
133,56,3211.178,1,0.008695192,0
159,56,3211.189,1,0.008669549,0
265,56,3211.199,1,0.008882124,0
148,57,3211.23,1,0.009069018,0
134,58,3211.262,1,0.009110343,0
66,61,3211.352,1,0.008837299,0
65,66,3211.532,1,0.008727871,0
161,68,3211.61,1,0.009498114,0
166,69,3211.645,1,0.009437877,0
141,78,3211.96,1,0.009992340,0
248,83,3212.147,1,0.009805076,0
32,48,3212.254,1,0.008672016,0
190,93,3212.487,1,0.005404211,0
191,94,3212.518,1,0.009645657,0
316,94,3212.529,1,0.008024430,0
76,95,3212.557,1,0.012879058,0
176,102,3212.813,1,0.010104405,0
173,103,3212.843,1,0.009976037,0
164,111,3213.116,1,0.005529944,0
79,118,3213.363,1,0.010432250,0
9,141,3214.176,1,0.013897372,0
207,161,3214.893,1,0.016071778,0
55,204,3216.409,1,0.008271309,0
147,216,3216.822,1,0.008438114,0
134,222,3217.037,1,0.008798351,0
232,248,3217.964,1,0.004558571,0
304,255,3218.208,1,0.009840852,0
302,256,3218.228,1,0.009825611,0
71,256,3218.234,1,0.013064168,0
263,258,3218.314,1,0.007799658,0
261,107,3222.593,0,0.754492044,0
261,105,3222.612,1,0.971531510,1
260,105,3230.984,1,0.027798889,0
261,107,3232.505,0,0.988591731,1
259,107,3235.494,0,0.996717155,1
259,105,3236.471,1,0.997252285,1
97,8,3240.034,1,0.009581950,0
159,18,3240.396,1,0.009037161,0
222,31,3240.852,1,0.007766332,0
215,32,3240.882,1,0.007823984,0
211,40,3241.171,1,0.010354745,0
182,43,3241.287,1,0.009284188,0
260,45,3241.369,1,0.008417605,0
177,46,3241.398,1,0.009440547,0
160,51,3241.562,1,0.009005930,0
130,59,3241.846,1,0.007530109,0
128,61,3241.909,1,0.008261259,0
132,64,3242.017,1,0.050008144,0
208,64,3242.028,1,0.048729956,0
83,72,3242.301,1,0.038790803,0
72,79,3242.538,1,0.025255598,0
56,82,3242.656,1,0.019962486,0
216,84,3242.726,1,0.049180958,0
161,95,3243.106,1,0.008788092,0
5,100,3243.29,1,0.009337122,0
8,255,3243.295,1,0.008267335,0
256,106,3243.5,1,0.883857667,0
71,115,3243.827,1,0.010105883,0
47,118,3243.927,1,0.009427254,0
60,119,3243.956,1,0.009686084,0
105,120,3243.991,1,0.012050084,0
231,128,3244.277,1,0.009398373,0
304,132,3244.425,1,0.008485371,0
106,142,3244.763,1,0.009975170,0
310,144,3244.842,1,0.008090963,0
92,146,3244.907,1,0.010093750,0
126,149,3245.016,1,0.010093979,0
309,160,3245.403,1,0.008243416,0
87,160,3245.411,1,0.009330680,0
39,167,3245.65,1,0.008694999,0
261,105,3246.075,1,0.052116685,0
195,184,3246.247,1,0.011773493,0
260,106,3246.334,1,0.019868046,0
156,198,3246.737,1,0.015363971,0
78,205,3246.992,1,0.014071531,0
240,211,3247.194,1,0.006836026,0
246,254,3248.723,1,0.004788034,0
242,256,3248.786,1,0.004540110,0
183,1,3249.242,1,0.007364480,0
180,3,3249.315,1,0.008288055,0
2,6,3249.414,1,0.006220851,0
99,7,3249.452,1,0.010054884,0
2,8,3249.505,1,0.007503039,0
178,8,3249.512,1,0.007882134,0
6,10,3249.564,1,0.005160044,0
132,11,3249.591,1,0.009982076,0
219,13,3249.658,1,0.006583323,0
83,14,3249.695,1,0.009695196,0
57,14,3249.707,1,0.009347554,0
91,20,3249.91,1,0.009750593,0
90,22,3249.981,1,0.009625053,0
94,23,3250.015,1,0.044278499,0
31,25,3250.091,1,0.045405515,0
215,27,3250.153,1,0.010663950,0
83,28,3250.19,1,0.045572396,0
330,29,3250.225,1,0.010083377,0
227,34,3250.405,1,0.011445677,0
231,36,3250.494,1,0.011705364,0
201,38,3250.544,1,0.016991712,0
122,40,3250.617,1,0.049882513,0
287,41,3250.657,1,0.010699464,0
285,42,3250.684,1,0.010724205,0
265,43,3250.718,1,0.011202102,0
77,47,3250.865,1,0.048659097,0
18,51,3251.004,1,0.003781764,0
24,52,3251.032,1,0.003997416,0
246,53,3251.075,1,0.009875737,0
288,54,3251.106,1,0.007659917,0
124,63,3251.43,1,0.009108824,0
4,64,3251.464,1,0.010667397,0
239,67,3251.565,1,0.009175941,0
44,67,3251.572,1,0.005520894,0
182,71,3251.709,1,0.009294966,0
312,72,3251.738,1,0.007344530,0
48,72,3251.754,1,0.010552675,0
262,78,3251.957,1,0.009559336,0
49,78,3251.976,1,0.011908024,0
238,96,3252.6,1,0.009622231,0
53,98,3252.66,1,0.010119173,0
117,101,3252.763,1,0.007253013,0
192,101,3252.785,1,0.009130929,0
306,106,3252.939,1,0.008342548,0
244,107,3252.977,1,0.009898644,0
189,110,3253.097,1,0.009017842,0
315,112,3253.153,1,0.008207262,0
140,113,3253.194,1,0.016533906,0
152,116,3253.291,1,0.018745953,0
143,117,3253.326,1,0.017667331,0
281,120,3253.433,1,0.010995838,0
138,120,3253.447,1,0.015861945,0
141,121,3253.472,1,0.017081844,0
183,126,3253.654,1,0.004624452,0
332,126,3253.674,1,0.007322982,0
140,127,3253.684,1,0.013446643,0
262,107,3253.832,0,0.985702932,1
74,133,3253.902,1,0.009522044,0
320,135,3253.965,1,0.007950207,0
241,142,3254.219,1,0.032009922,0
167,143,3254.255,1,0.041072275,0
281,145,3254.329,1,0.014567895,0
321,147,3254.416,1,0.011160399,0
259,154,3254.652,1,0.019129999,0
223,156,3254.715,1,0.034550205,0
327,168,3255.147,1,0.007918027,0
95,175,3255.378,1,0.009684744,0
143,176,3255.426,1,0.009947426,0
65,181,3255.586,1,0.010090373,0
338,198,3256.186,1,0.007550875,0
307,208,3256.536,1,0.007419107,0
321,208,3256.557,1,0.007422145,0
31,210,3256.637,1,0.008230842,0
323,211,3256.644,1,0.007117570,0
143,214,3256.772,1,0.008582138,0
25,222,3257.032,1,0.008737447,0
62,231,3257.36,1,0.008475400,0
153,232,3257.387,1,0.008986536,0
158,235,3257.505,1,0.008733809,0
167,239,3257.638,1,0.009253846,0
79,239,3257.652,1,0.009003595,0
184,243,3257.801,1,0.009519778,0
56,246,3257.884,1,0.009111243,0
259,108,3258.923,0,0.999929428,1
260,108,3259.501,0,0.999851227,1
261,108,3260.663,0,0.999629259,1
258,106,3261.322,1,0.997486353,1
258,108,3261.758,0,0.989517868,1
261,108,3270.219,0,0.722154856,0
260,108,3279.205,0,0.999823511,1
258,2,3279.851,1,0.006760562,0
213,4,3279.904,1,0.006373619,0
186,4,3279.918,1,0.007171617,0
222,8,3280.049,1,0.006365684,0
273,11,3280.147,1,0.006676984,0
224,14,3280.246,1,0.006343978,0
260,107,3280.403,1,0.999933124,1
4,22,3280.539,1,0.008837358,0
167,24,3280.605,1,0.009003174,0
161,25,3280.638,1,0.009516914,0
143,27,3280.735,1,0.009582832,0
179,28,3280.754,1,0.010041744,0
137,37,3281.069,1,0.009099451,0
236,39,3281.136,1,0.008411490,0
244,42,3281.241,1,0.008314190,0
78,43,3281.286,1,0.009104904,0
182,55,3281.692,1,0.009181804,0
160,55,3281.703,1,0.009075671,0
104,57,3281.765,1,0.008832615,0
108,58,3281.818,1,0.008859079,0
188,61,3281.91,1,0.009296653,0
88,64,3282.009,1,0.048465028,0
200,64,3282.018,1,0.048800100,0
317,69,3282.198,1,0.010351984,0
92,71,3282.257,1,0.043701697,0
143,72,3282.296,1,0.053123839,0
139,73,3282.332,1,0.052554417,0
224,75,3282.408,1,0.049582887,0
188,76,3282.443,1,0.054490600,0
254,78,3282.519,1,0.033564508,0
173,81,3282.614,1,0.061060749,0
68,87,3282.823,1,0.022996016,0
163,87,3282.833,1,0.067216508,0
181,88,3282.878,1,0.060313664,0
192,92,3282.996,1,0.052306183,0
87,92,3283.007,1,0.011584234,0
197,93,3283.038,1,0.008784858,0
85,96,3283.142,1,0.013026183,0
123,102,3283.364,1,0.006402438,0
247,107,3283.532,1,0.009301498,0
240,107,3283.542,1,0.007622263,0
288,108,3283.581,1,0.009827656,0
240,109,3283.604,1,0.007825879,0
63,111,3283.672,1,0.010341399,0
230,111,3283.693,1,0.009540641,0
251,125,3284.168,1,0.008735282,0
268,134,3284.504,1,0.010422783,0
93,136,3284.557,1,0.009937385,0
227,141,3284.724,1,0.009518686,0
88,144,3284.835,1,0.010630351,0
40,164,3285.538,1,0.009187250,0
230,167,3285.649,1,0.011347464,0
200,169,3285.724,1,0.009760251,0
157,178,3286.03,1,0.031562757,0
155,178,3286.042,1,0.030315278,0
13,184,3286.256,1,0.013623982,0
142,197,3286.703,1,0.014496158,0
179,198,3286.751,1,0.014197331,0
81,199,3286.775,1,0.014211306,0
6,222,3287.602,1,0.008146267,0
200,224,3287.651,1,0.007169774,0
29,243,3288.322,1,0.008369088,0
261,107,3288.756,1,0.998641551,1
2,7,3289.452,1,0.009185249,0
37,8,3289.483,1,0.009524905,0
72,8,3289.489,1,0.009634444,0
276,12,3289.624,1,0.005508098,0
275,13,3289.665,1,0.007282160,0
276,14,3289.696,1,0.011478212,0
78,15,3289.732,1,0.009741899,0
103,16,3289.764,1,0.009688560,0
285,16,3289.777,1,0.008036681,0
99,18,3289.835,1,0.009645178,0
208,19,3289.875,1,0.006667879,0
280,20,3289.904,1,0.007781957,0
214,22,3289.975,1,0.006937032,0
32,22,3289.996,1,0.009421214,0
62,23,3290.017,1,0.042414643,0
203,24,3290.047,1,0.010621630,0
120,24,3290.058,1,0.044634145,0
20,24,3290.068,1,0.044744693,0
269,26,3290.134,1,0.010624791,0
264,27,3290.157,1,0.010645829,0
224,27,3290.171,1,0.033558585,0
261,109,3290.178,0,0.966436088,1
224,28,3290.187,1,0.044233359,0
123,30,3290.277,1,0.045578711,0
15,30,3290.288,1,0.045817543,0
216,31,3290.296,1,0.011146016,0
13,31,3290.319,1,0.043467026,0
11,32,3290.334,1,0.040382989,0
73,34,3290.419,1,0.048340391,0
120,37,3290.504,1,0.034901634,0
192,37,3290.516,1,0.032134794,0
304,38,3290.552,1,0.010516237,0
122,39,3290.574,1,0.040979195,0
190,39,3290.593,1,0.011621903,0
257,40,3290.616,1,0.011234608,0
40,40,3290.642,1,0.048062205,0
243,42,3290.69,1,0.012038564,0
185,44,3290.753,1,0.049433772,0
54,48,3290.895,1,0.034001417,0
56,50,3290.967,1,0.034259401,0
59,51,3291.006,1,0.008793581,0
107,52,3291.039,1,0.008773070,0
255,56,3291.18,1,0.009534289,0
259,109,3291.265,0,0.995662630,1
255,59,3291.282,1,0.009133224,0
15,61,3291.354,1,0.011926501,0
224,61,3291.363,1,0.006527253,0
90,62,3291.394,1,0.009121404,0
225,62,3291.41,1,0.008072940,0
189,68,3291.605,1,0.008957820,0
154,69,3291.636,1,0.009471204,0
22,72,3291.755,1,0.008988397,0
18,73,3291.776,1,0.010504915,0
20,74,3291.817,1,0.008397319,0
257,82,3292.098,1,0.009036481,0
181,84,3292.164,1,0.010133205,0
176,87,3292.277,1,0.010423467,0
40,92,3292.471,1,0.010522009,0
271,95,3292.557,1,0.010086839,0
218,100,3292.746,1,0.009346694,0
288,110,3293.097,1,0.009992953,0
293,111,3293.12,1,0.009364322,0
92,114,3293.22,1,0.012104057,0
142,117,3293.329,1,0.016934708,0
21,122,3293.509,1,0.009242771,0
281,124,3293.586,1,0.010203057,0
234,147,3294.393,1,0.031877328,0
40,152,3294.592,1,0.014418036,0
288,157,3294.751,1,0.012646389,0
280,157,3294.762,1,0.013327191,0
13,160,3294.852,1,0.013939603,0
200,162,3294.916,1,0.013416648,0
257,168,3295.14,1,0.009377349,0
152,181,3295.588,1,0.010202779,0
260,107,3295.676,1,0.999647737,1
47,197,3296.171,1,0.008837605,0
335,206,3296.468,1,0.007289446,0
339,208,3296.546,1,0.007269526,0
32,218,3296.919,1,0.009195170,0
258,107,3297.019,1,0.999844313,1
260,109,3297.359,0,0.995197833,1
72,244,3297.808,1,0.008885142,0
295,245,3297.84,1,0.006776837,0
261,109,3298.86,0,0.986036956,1
260,109,3307.532,0,0.997795939,1
259,107,3314.472,1,0.999991417,1
261,108,3314.618,1,1.000000000,1
260,108,3315.066,1,0.999995708,1
261,107,3315.36,1,0.999974251,1
229,4,3319.921,1,0.006551636,0
181,32,3320.88,1,0.010382786,0
282,40,3321.162,1,0.007693266,0
167,54,3321.665,1,0.009258303,0
167,59,3321.832,1,0.009212952,0
275,60,3321.896,1,0.009297557,0
208,63,3321.979,1,0.009021740,0
287,72,3322.294,1,0.011915263,0
288,76,3322.451,1,0.012108488,0
32,48,3322.911,1,0.037912179,0
335,93,3323.047,1,0.007281338,0
216,96,3323.147,1,0.009059964,0
68,99,3323.251,1,0.011440347,0
216,103,3323.404,1,0.009232855,0
261,104,3323.426,1,0.629377782,0
262,107,3323.527,1,0.997388184,1
259,110,3323.528,0,0.990460932,1
163,124,3324.135,1,0.011523597,0
281,126,3324.216,1,0.008996845,0
214,127,3324.232,1,0.009728063,0
82,128,3324.277,1,0.010162188,0
247,130,3324.34,1,0.008806196,0
17,132,3324.408,1,0.008765684,0
276,134,3324.478,1,0.009899369,0
242,135,3324.52,1,0.009288264,0
19,144,3324.853,1,0.008503407,0
315,159,3325.359,1,0.008123687,0
12,173,3325.862,1,0.008338503,0
11,182,3326.171,1,0.013622778,0
183,184,3326.248,1,0.014624923,0
0,187,3326.358,1,0.013371211,0
5,190,3326.475,1,0.013410199,0
269,194,3326.595,1,0.011280711,0
117,199,3326.781,1,0.014225581,0
102,200,3326.822,1,0.014326293,0
313,206,3327.043,1,0.007659802,0
262,109,3327.366,0,0.999765575,1
16,222,3327.603,1,0.008456044,0
227,231,3327.906,1,0.005885587,0
231,235,3328.049,1,0.004405324,0
271,238,3328.158,1,0.007074937,0
266,239,3328.183,1,0.007048670,0
32,242,3328.286,1,0.008340005,0
185,247,3328.47,1,0.008520430,0
130,258,3328.863,1,0.008223651,0
124,5,3329.391,1,0.009672149,0
94,8,3329.483,1,0.009637839,0
251,12,3329.652,1,0.007318232,0
61,14,3329.704,1,0.009354524,0
92,14,3329.72,1,0.010198152,0
90,15,3329.732,1,0.011271663,0
184,24,3330.047,1,0.019372921,0
184,26,3330.121,1,0.022114754,0
190,28,3330.191,1,0.012948537,0
184,29,3330.227,1,0.022834852,0
223,32,3330.326,1,0.011184142,0
132,32,3330.338,1,0.046856690,0
149,32,3330.358,1,0.046917509,0
8,37,3330.505,1,0.030123385,0
28,38,3330.545,1,0.045339171,0
7,38,3330.557,1,0.017135300,0
216,40,3330.616,1,0.013218902,0
217,44,3330.775,1,0.016935105,0
308,46,3330.824,1,0.010494165,0
25,47,3330.861,1,0.034233794,0
184,48,3330.906,1,0.056639224,0
184,50,3330.973,1,0.060553785,0
327,51,3331.002,1,0.006924279,0
71,53,3331.072,1,0.008648883,0
227,55,3331.138,1,0.008688421,0
80,55,3331.146,1,0.008917829,0
162,62,3331.393,1,0.009254538,0
212,71,3331.705,1,0.008970405,0
167,72,3331.742,1,0.009539158,0
134,72,3331.755,1,0.009352545,0
260,110,3331.97,0,0.995872200,1
255,93,3332.488,1,0.008838636,0
201,96,3332.596,1,0.008540059,0
254,100,3332.739,1,0.008941377,0
293,101,3332.769,1,0.008876908,0
294,103,3332.863,1,0.009161602,0
260,106,3332.944,1,0.984133363,1
261,108,3333.007,1,0.998665333,1
191,110,3333.086,1,0.009134458,0
149,120,3333.436,1,0.017637148,0
31,121,3333.474,1,0.009248056,0
107,135,3333.983,1,0.010571048,0
186,144,3334.293,1,0.025818771,0
241,150,3334.502,1,0.023990886,0
76,151,3334.531,1,0.015098253,0
303,178,3335.483,1,0.008519894,0
119,191,3335.944,1,0.010259230,0
97,194,3336.046,1,0.009272051,0
262,196,3336.116,1,0.007392507,0
262,200,3336.26,1,0.009064121,0
68,211,3336.661,1,0.009938807,0
8,215,3336.799,1,0.009378178,0
21,218,3336.9,1,0.008103999,0
92,221,3337.01,1,0.008673640,0
120,222,3337.059,1,0.009567114,0
287,225,3337.143,1,0.007621301,0
202,228,3337.27,1,0.007156620,0
191,237,3337.582,1,0.008068206,0
260,108,3337.801,1,0.993378460,1
260,109,3340.528,1,0.990186930,1
260,110,3342.337,0,0.740837395,0
261,109,3342.685,1,0.999691963,1
262,108,3343.806,1,0.996663272,1
258,108,3349.699,1,0.846749604,0
261,111,3354.059,0,0.737188220,0
261,109,3355.792,1,0.999008775,1
112,2,3359.85,1,0.009484660,0
161,8,3360.045,1,0.009716677,0
119,15,3360.293,1,0.009629326,0
247,16,3360.317,1,0.007217123,0
4,23,3360.578,1,0.009109482,0
311,24,3360.596,1,0.007200769,0
38,29,3360.805,1,0.009198412,0
171,31,3360.861,1,0.009426992,0
165,37,3361.062,1,0.009168219,0
88,38,3361.098,1,0.009286394,0
95,38,3361.119,1,0.009433651,0
94,40,3361.192,1,0.009400979,0
83,46,3361.401,1,0.009314117,0
259,111,3361.414,0,0.987985790,1
87,48,3361.444,1,0.009463003,0
54,54,3361.659,1,0.009184498,0
96,58,3361.798,1,0.009119107,0
216,59,3361.832,1,0.008422351,0
212,63,3361.98,1,0.007536655,0
264,64,3362.02,1,0.014018659,0
262,111,3362.281,0,0.740332782,0
309,72,3362.299,1,0.010657202,0
337,74,3362.367,1,0.009993350,0
308,75,3362.411,1,0.010837284,0
271,84,3362.722,1,0.020910759,0
261,111,3362.768,0,0.860659957,0
66,92,3362.996,1,0.020880701,0
238,93,3363.053,1,0.009792034,0
131,96,3363.149,1,0.005140628,0
285,99,3363.254,1,0.013687212,0
295,104,3363.27,1,0.008974697,0
240,103,3363.413,1,0.009556533,0
55,105,3363.459,1,0.010138012,0
144,110,3363.649,1,0.011930621,0
53,112,3363.706,1,0.010225918,0
324,117,3363.887,1,0.007780963,0
56,133,3364.449,1,0.010580128,0
175,139,3364.664,1,0.013281959,0
216,142,3364.786,1,0.009501590,0
87,146,3364.904,1,0.009572695,0
343,157,3365.299,1,0.007600663,0
225,166,3365.61,1,0.010675405,0
168,168,3365.676,1,0.011428451,0
219,173,3365.882,1,0.008131494,0
224,176,3365.971,1,0.008568864,0
169,179,3366.071,1,0.017460342,0
171,182,3366.198,1,0.016600158,0
102,183,3366.223,1,0.014668885,0
184,187,3366.358,1,0.013838422,0
150,196,3366.674,1,0.014843038,0
32,197,3366.709,1,0.013723939,0
90,202,3366.9,1,0.014246003,0
59,215,3367.345,1,0.010020873,0
76,50,3368.685,1,0.009024368,0
121,7,3369.457,1,0.009490917,0
44,15,3369.729,1,0.009360267,0
106,17,3369.815,1,0.009905128,0
261,20,3369.911,1,0.008086276,0
165,22,3369.991,1,0.009606512,0
210,23,3370.015,1,0.010360273,0
68,32,3370.332,1,0.047374953,0
223,32,3370.339,1,0.011186953,0
67,38,3370.543,1,0.074846208,0
66,38,3370.552,1,0.043185819,0
219,39,3370.582,1,0.012687563,0
252,44,3370.76,1,0.011881146,0
261,110,3371.015,1,0.998372138,1
234,56,3371.191,1,0.009559756,0
261,111,3371.233,0,1.000000000,1
341,71,3371.721,1,0.006746839,0
260,110,3371.734,1,1.000000000,1
60,77,3371.931,1,0.006932999,0
337,84,3372.166,1,0.006714597,0
16,85,3372.199,1,0.010253353,0
260,111,3372.398,0,1.000000000,1
32,91,3372.412,1,0.010565474,0
243,95,3372.566,1,0.009648326,0
256,101,3372.773,1,0.009518236,0
304,105,3372.908,1,0.008567297,0
173,106,3372.952,1,0.008165666,0
23,116,3373.303,1,0.009727580,0
239,120,3373.435,1,0.009678732,0
312,126,3373.646,1,0.007961689,0
296,136,3374.003,1,0.012620622,0
32,157,3374.747,1,0.014259543,0
192,169,3375.182,1,0.009154295,0
69,175,3375.391,1,0.008855303,0
136,190,3375.916,1,0.008946013,0
263,203,3376.372,1,0.007878440,0
145,207,3376.52,1,0.008487666,0
247,208,3376.567,1,0.007744983,0
2,233,3377.42,1,0.007810292,0
203,235,3377.493,1,0.006672328,0
79,245,3377.848,1,0.008279232,0
78,247,3377.928,1,0.009359594,0
238,255,3378.206,1,0.006893972,0
261,112,3381.272,0,0.995449007,1
259,112,3385.468,0,0.998827875,1
260,112,3387.779,0,0.999490857,1
262,112,3389.017,0,0.999417543,1
263,111,3393.172,0,0.996776283,1
303,35,3399.31,1,0.007307872,0
261,112,3400.097,0,1.000000000,1
260,112,3400.177,0,0.999995112,1
202,15,3400.284,1,0.006775698,0
132,15,3400.297,1,0.009768532,0
262,112,3400.406,0,1.000000000,1
200,26,3400.67,1,0.007844357,0
99,31,3400.849,1,0.009169588,0
304,31,3400.859,1,0.007238559,0
300,36,3401.031,1,0.007513112,0
301,37,3401.07,1,0.006786122,0
263,42,3401.259,1,0.008852625,0
261,111,3401.388,1,1.000000000,1
234,47,3401.416,1,0.010214034,0
112,50,3401.523,1,0.009203867,0
120,56,3401.741,1,0.009021651,0
93,58,3401.796,1,0.009282587,0
168,60,3401.883,1,0.008947336,0
199,62,3401.942,1,0.009604570,0
95,63,3401.991,1,0.009173067,0
190,64,3402.021,1,0.050061531,0
246,68,3402.154,1,0.032445785,0
106,68,3402.163,1,0.049175583,0
216,72,3402.299,1,0.048898403,0
215,77,3402.474,1,0.048881017,0
243,85,3402.763,1,0.013915290,0
337,85,3402.779,1,0.010157607,0
240,88,3402.867,1,0.013972281,0
281,90,3402.931,1,0.040462717,0
282,90,3402.953,1,0.049681921,0
9,94,3403.073,1,0.009697934,0
242,95,3403.116,1,0.009544985,0
87,95,3403.126,1,0.013515989,0
90,96,3403.147,1,0.014830409,0
212,102,3403.358,1,0.009061517,0
262,105,3403.47,1,0.154208601,0
329,108,3403.575,1,0.007592047,0
159,109,3403.608,1,0.005931325,0
15,114,3403.772,1,0.009130497,0
207,117,3403.882,1,0.008696984,0
142,135,3404.519,1,0.012730958,0
254,139,3404.683,1,0.011686861,0
271,143,3404.807,1,0.009270965,0
157,151,3405.078,1,0.012258498,0
49,157,3405.298,1,0.008857011,0
104,162,3405.473,1,0.009813490,0
237,162,3405.492,1,0.009783834,0
165,163,3405.528,1,0.011346881,0
160,165,3405.577,1,0.011220564,0
335,173,3405.857,1,0.007700123,0
22,176,3405.964,1,0.008923925,0
161,178,3406.036,1,0.018297849,0
110,199,3406.786,1,0.014259436,0
192,205,3406.985,1,0.031141754,0
191,205,3406.995,1,0.045792818,0
190,207,3407.062,1,0.008155933,0
24,224,3407.652,1,0.008304764,0
80,240,3408.225,1,0.008795439,0
46,244,3408.359,1,0.008246292,0
262,110,3408.844,1,0.977574646,1
71,5,3409.377,1,0.009824919,0
101,11,3409.588,1,0.009923934,0
190,11,3409.599,1,0.007159985,0
108,14,3409.706,1,0.009703595,0
294,15,3409.734,1,0.007051108,0
344,15,3409.744,1,0.006615562,0
152,15,3409.754,1,0.009442866,0
2,17,3409.802,1,0.009280780,0
24,20,3409.922,1,0.006861935,0
25,21,3409.942,1,0.011168553,0
28,23,3410.018,1,0.044123903,0
0,24,3410.052,1,0.043062791,0
152,28,3410.194,1,0.044720944,0
233,28,3410.201,1,0.010623307,0
206,28,3410.215,1,0.010914011,0
223,32,3410.334,1,0.011189753,0
55,36,3410.473,1,0.048307419,0
136,37,3410.505,1,0.049026553,0
298,38,3410.543,1,0.010569246,0
219,38,3410.543,1,0.012326175,0
130,38,3410.555,1,0.049390480,0
264,39,3410.583,1,0.010955242,0
183,40,3410.616,1,0.047207516,0
10,44,3410.765,1,0.024227424,0
240,48,3410.896,1,0.014108193,0
287,50,3410.979,1,0.010749066,0
138,51,3411.016,1,0.010484197,0
138,55,3411.147,1,0.006599406,0
139,56,3411.199,1,0.015903041,0
220,63,3411.431,1,0.009027827,0
79,69,3411.645,1,0.008546359,0
177,70,3411.674,1,0.008417167,0
175,72,3411.745,1,0.008278199,0
57,81,3412.065,1,0.010860668,0
59,82,3412.095,1,0.011071810,0
32,48,3412.208,1,0.008825554,0
135,86,3412.241,1,0.011206929,0
184,88,3412.313,1,0.009788298,0
342,90,3412.384,1,0.006978386,0
104,96,3412.591,1,0.007459292,0
196,101,3412.777,1,0.009106934,0
3,110,3413.083,1,0.009198690,0
112,110,3413.089,1,0.013039125,0
287,111,3413.125,1,0.009747434,0
114,112,3413.164,1,0.010622781,0
317,114,3413.233,1,0.008048625,0
118,115,3413.266,1,0.013928538,0
113,117,3413.35,1,0.012950513,0
290,121,3413.498,1,0.009445703,0
295,123,3413.543,1,0.009021306,0
199,134,3413.936,1,0.009065552,0
229,135,3413.976,1,0.010008727,0
219,147,3414.388,1,0.044613630,0
133,151,3414.532,1,0.023308337,0
247,158,3414.782,1,0.020427352,0
184,187,3415.756,1,0.010093783,0
31,190,3415.905,1,0.008782229,0
235,194,3416.043,1,0.008164300,0
191,258,3418.309,1,0.012454192,0
32,48,3419.245,1,0.008723853,0
260,111,3420.361,1,0.993592322,1
261,113,3426.049,0,0.747471392,0
261,113,3435.908,0,0.999986887,1
260,112,3436.806,1,0.999998927,1
259,111,3437.874,1,0.999933481,1
261,112,3439.292,1,0.996988118,1
147,32,3440.887,1,0.009024700,0
151,34,3440.958,1,0.009086488,0
146,34,3440.972,1,0.009548065,0
149,36,3441.026,1,0.009284359,0
262,111,3441.072,1,0.999858975,1
135,40,3441.173,1,0.009140926,0
231,44,3441.312,1,0.009865192,0
245,45,3441.356,1,0.009123003,0
270,50,3441.535,1,0.008032781,0
36,54,3441.664,1,0.008999852,0
263,55,3441.692,1,0.008957511,0
120,62,3441.945,1,0.008991278,0
327,64,3442.02,1,0.010114817,0
108,64,3442.032,1,0.055443965,0
109,65,3442.072,1,0.099172562,0
49,67,3442.125,1,0.023930216,0
183,72,3442.316,1,0.053669989,0
177,77,3442.473,1,0.057758704,0
331,80,3442.578,1,0.010211078,0
262,112,3442.955,1,0.999999285,1
187,100,3443.308,1,0.008138850,0
185,102,3443.357,1,0.008030422,0
83,110,3443.651,1,0.011305031,0
55,111,3443.675,1,0.010019088,0
259,114,3443.683,0,0.997618496,1
204,80,3443.69,1,0.009147982,0
261,114,3443.717,0,0.999350965,1
61,117,3443.885,1,0.009761626,0
92,117,3443.906,1,0.011652055,0
280,118,3443.923,1,0.009013091,0
184,119,3443.955,1,0.010029569,0
241,120,3443.985,1,0.009214114,0
168,120,3443.997,1,0.006105925,0
283,122,3444.058,1,0.010097919,0
125,124,3444.128,1,0.012432697,0
260,114,3444.261,0,0.999984622,1
123,128,3444.287,1,0.012455272,0
80,130,3444.339,1,0.009976814,0
322,134,3444.493,1,0.007804600,0
125,135,3444.522,1,0.011990375,0
242,137,3444.584,1,0.009329494,0
227,140,3444.692,1,0.009368459,0
21,141,3444.733,1,0.008510558,0
166,141,3444.75,1,0.014617654,0
160,142,3444.76,1,0.013393239,0
192,146,3444.907,1,0.004360694,0
199,148,3444.991,1,0.003408672,0
19,151,3445.098,1,0.008592278,0
190,152,3445.116,1,0.010165973,0
185,152,3445.125,1,0.012848970,0
278,157,3445.296,1,0.009514398,0
192,158,3445.35,1,0.010565463,0
194,159,3445.361,1,0.010282617,0
316,159,3445.379,1,0.008019228,0
223,160,3445.404,1,0.009254498,0
12,160,3445.425,1,0.009997469,0
184,161,3445.439,1,0.009277572,0
184,163,3445.51,1,0.010149177,0
131,172,3445.819,1,0.009435581,0
112,188,3446.385,1,0.014439598,0
46,189,3446.428,1,0.014048580,0
203,191,3446.497,1,0.010859152,0
29,192,3446.545,1,0.009947082,0
29,194,3446.605,1,0.010776650,0
81,202,3446.889,1,0.014165726,0
9,213,3447.27,1,0.009117160,0
215,220,3447.527,1,0.009541357,0
48,227,3447.77,1,0.008320105,0
80,228,3447.8,1,0.008650088,0
94,233,3447.97,1,0.008820584,0
6,250,3448.589,1,0.009152063,0
8,255,3448.749,1,0.008857789,0
251,8,3449.489,1,0.007671379,0
193,12,3449.624,1,0.007862980,0
270,13,3449.666,1,0.006888424,0
73,14,3449.699,1,0.009674313,0
40,16,3449.775,1,0.009364950,0
46,16,3449.787,1,0.009392670,0
100,19,3449.873,1,0.009873164,0
257,21,3449.952,1,0.007901644,0
264,24,3450.057,1,0.010578521,0
249,27,3450.153,1,0.010660806,0
280,28,3450.196,1,0.010601864,0
287,30,3450.26,1,0.010604485,0
233,31,3450.302,1,0.010860474,0
114,32,3450.342,1,0.046166174,0
162,33,3450.387,1,0.045902032,0
291,35,3450.444,1,0.010615538,0
130,36,3450.479,1,0.048538331,0
69,40,3450.612,1,0.048593048,0
276,40,3450.619,1,0.010821321,0
271,46,3450.83,1,0.011139480,0
212,47,3450.876,1,0.064975403,0
212,48,3450.893,1,0.070417553,0
252,48,3450.914,1,0.012628480,0
233,50,3450.969,1,0.024758305,0
234,51,3451.001,1,0.012431439,0
94,56,3451.184,1,0.006836117,0
92,58,3451.256,1,0.006410184,0
135,61,3451.36,1,0.008863564,0
281,71,3451.705,1,0.008607336,0
139,96,3452.617,1,0.004611759,0
261,114,3452.948,0,0.983867526,1
263,111,3453.113,1,0.986953318,1
261,112,3453.149,1,0.994801521,1
41,119,3453.4,1,0.009438317,0
327,120,3453.437,1,0.007674116,0
231,127,3453.686,1,0.009995686,0
224,140,3454.15,1,0.044649996,0
224,146,3454.356,1,0.041336372,0
260,114,3454.749,0,0.755788147,0
90,163,3454.957,1,0.014960945,0
233,179,3455.531,1,0.009405412,0
86,184,3455.707,1,0.008939500,0
94,190,3455.912,1,0.008965337,0
39,198,3456.195,1,0.008282118,0
184,204,3456.398,1,0.009049998,0
142,210,3456.637,1,0.008629113,0
121,215,3456.803,1,0.008427951,0
173,216,3456.83,1,0.009033092,0
184,221,3457.027,1,0.008551718,0
271,231,3457.365,1,0.007268414,0
156,240,3457.687,1,0.008756164,0
154,241,3457.725,1,0.008411673,0
262,114,3459.053,0,0.991424263,1
32,48,3460.353,1,0.008760535,0
261,114,3461.022,0,0.988546491,1
260,111,3464.071,1,0.983817697,1
261,113,3465.283,1,0.999018669,1
261,113,3474.101,1,0.999488235,1
260,113,3475.08,1,0.997198224,1
260,115,3476.54,0,0.972508252,1
275,2,3479.824,1,0.006833417,0
156,10,3480.118,1,0.009499441,0
157,12,3480.177,1,0.011445601,0
47,14,3480.251,1,0.006699705,0
141,15,3480.292,1,0.009638416,0
49,16,3480.315,1,0.008030110,0
158,16,3480.329,1,0.009374506,0
303,22,3480.547,1,0.007202750,0
72,23,3480.577,1,0.009499706,0
59,28,3480.749,1,0.009013615,0
23,32,3480.899,1,0.007654316,0
152,34,3480.961,1,0.009336129,0
17,34,3480.961,1,0.008400794,0
23,35,3480.993,1,0.007151326,0
17,37,3481.067,1,0.008739706,0
177,38,3481.115,1,0.009600961,0
157,39,3481.143,1,0.009085204,0
141,39,3481.158,1,0.008996522,0
304,42,3481.242,1,0.007133664,0
173,45,3481.351,1,0.009004211,0
206,47,3481.426,1,0.009551678,0
249,48,3481.457,1,0.010079813,0
136,48,3481.466,1,0.009354101,0
139,49,3481.484,1,0.008843011,0
95,49,3481.494,1,0.008917076,0
15,52,3481.614,1,0.005315578,0
72,53,3481.628,1,0.009112078,0
8,54,3481.661,1,0.005830564,0
9,54,3481.661,1,0.012320900,0
227,54,3481.675,1,0.007141460,0
229,56,3481.736,1,0.011086569,0
230,63,3481.983,1,0.010462983,0
162,64,3482.009,1,0.053216312,0
255,66,3482.103,1,0.021830905,0
164,68,3482.175,1,0.055463433,0
160,70,3482.239,1,0.056649163,0
162,71,3482.256,1,0.056993313,0
326,71,3482.268,1,0.010161603,0
128,72,3482.29,1,0.051602077,0
262,115,3482.302,0,0.756819725,0
125,76,3482.452,1,0.052249074,0
263,78,3482.514,1,0.023278587,0
159,82,3482.653,1,0.062100343,0
165,84,3482.729,1,0.062426638,0
309,85,3482.757,1,0.011288547,0
32,93,3483.049,1,0.010189967,0
277,94,3483.083,1,0.007636650,0
277,95,3483.117,1,0.008934293,0
18,96,3483.137,1,0.009776003,0
244,99,3483.259,1,0.009495081,0
176,102,3483.35,1,0.009962878,0
336,102,3483.358,1,0.007313796,0
341,104,3483.424,1,0.007315469,0
179,104,3483.438,1,0.009760279,0
308,105,3483.472,1,0.008248633,0
320,109,3483.607,1,0.007913226,0
39,111,3483.688,1,0.010090602,0
86,120,3483.99,1,0.010869227,0
167,120,3483.998,1,0.005764147,0
8,127,3484.261,1,0.009618320,0
129,128,3484.281,1,0.012642776,0
160,133,3484.46,1,0.016582785,0
140,140,3484.7,1,0.013261727,0
257,145,3484.876,1,0.010218700,0
295,147,3484.941,1,0.008611639,0
87,150,3485.061,1,0.010202220,0
141,157,3485.3,1,0.010539101,0
47,157,3485.315,1,0.008866233,0
315,159,3485.363,1,0.008302651,0
272,165,3485.592,1,0.009166088,0
264,166,3485.608,1,0.009333038,0
278,168,3485.681,1,0.008608037,0
144,176,3485.965,1,0.010295125,0
150,181,3486.144,1,0.016285501,0
10,136,3486.22,1,0.014063165,0
146,183,3486.224,1,0.015386306,0
327,184,3486.241,1,0.034201842,0
328,184,3486.253,1,0.037403569,0
319,188,3486.409,1,0.010951599,0
111,190,3486.473,1,0.014412135,0
161,196,3486.666,1,0.016155761,0
336,198,3486.749,1,0.010670240,0
9,199,3486.774,1,0.013359679,0
270,215,3487.36,1,0.007472751,0
27,216,3487.374,1,0.008124885,0
138,237,3488.134,1,0.008796317,0
264,7,3489.454,1,0.007075722,0
207,12,3489.624,1,0.006753543,0
86,15,3489.732,1,0.009630091,0
287,15,3489.741,1,0.007357129,0
83,16,3489.775,1,0.009582800,0
226,17,3489.802,1,0.006724620,0
147,19,3489.878,1,0.009639878,0
184,22,3489.987,1,0.009426996,0
329,23,3490.013,1,0.010066980,0
219,23,3490.021,1,0.010267274,0
280,24,3490.063,1,0.010529851,0
71,26,3490.146,1,0.043680292,0
290,28,3490.188,1,0.010559174,0
223,32,3490.329,1,0.011195363,0
330,32,3490.333,1,0.010064390,0
36,38,3490.544,1,0.047559738,0
225,40,3490.613,1,0.012892098,0
314,48,3490.9,1,0.010374103,0
199,52,3491.035,1,0.008799119,0
176,70,3491.671,1,0.009336204,0
65,79,3492.0,1,0.005087482,0
108,80,3492.029,1,0.009399154,0
92,84,3492.177,1,0.004429858,0
326,85,3492.205,1,0.007568375,0
288,86,3492.239,1,0.009262739,0
242,96,3492.587,1,0.009641754,0
157,103,3492.834,1,0.005224163,0
16,112,3493.166,1,0.009888624,0
256,114,3493.23,1,0.027544739,0
95,117,3493.338,1,0.011852484,0
17,126,3493.653,1,0.009642054,0
284,128,3493.742,1,0.010268345,0
12,132,3493.86,1,0.008945721,0
1,134,3493.942,1,0.009323273,0
283,135,3493.976,1,0.010015566,0
160,136,3494.022,1,0.049705014,0
63,140,3494.14,1,0.015082740,0
312,140,3494.165,1,0.011593564,0
161,143,3494.25,1,0.041094862,0
262,115,3494.342,0,0.948795319,1
101,150,3494.498,1,0.015602409,0
313,150,3494.518,1,0.011467089,0
41,156,3494.709,1,0.014411552,0
95,160,3494.874,1,0.015128247,0
342,175,3495.392,1,0.007519682,0
14,184,3495.694,1,0.008744847,0
201,190,3495.905,1,0.008887067,0
262,113,3496.282,1,0.984854341,1
292,206,3496.473,1,0.007676172,0
77,208,3496.536,1,0.008502916,0
127,209,3496.578,1,0.009014850,0
78,215,3496.79,1,0.008602574,0
71,216,3496.828,1,0.008414183,0
144,220,3496.96,1,0.009113340,0
118,221,3497.017,1,0.009137965,0
121,240,3497.682,1,0.008903411,0
187,248,3497.96,1,0.010478693,0
261,113,3498.251,1,0.027350567,0
32,48,3501.985,1,0.008821659,0
261,114,3503.311,1,0.995317817,1
263,113,3504.379,1,0.999988079,1
263,115,3504.482,0,0.998856544,1
260,116,3504.515,0,0.990915358,1
262,114,3504.771,1,0.999995828,1
260,113,3505.494,1,0.990864336,1
260,114,3505.591,1,0.988644719,1
261,116,3512.246,0,0.943662763,1
135,4,3519.895,1,0.009072112,0
223,4,3519.913,1,0.006523989,0
217,5,3519.933,1,0.006297761,0
141,7,3520.006,1,0.009211533,0
280,8,3520.039,1,0.007176111,0
261,116,3520.209,0,0.995784819,1
215,14,3520.255,1,0.006833265,0
211,15,3520.29,1,0.006664219,0
135,18,3520.392,1,0.009405114,0
290,21,3520.498,1,0.007251046,0
80,23,3520.569,1,0.009713048,0
221,26,3520.677,1,0.007111089,0
139,29,3520.778,1,0.009473673,0
152,30,3520.832,1,0.009515449,0
262,116,3520.872,0,0.999518275,1
288,36,3521.022,1,0.007497455,0
116,37,3521.065,1,0.009320618,0
106,40,3521.174,1,0.009080282,0
84,46,3521.404,1,0.008955505,0
94,47,3521.42,1,0.009144166,0
70,48,3521.45,1,0.008969549,0
303,48,3521.457,1,0.007587683,0
216,53,3521.644,1,0.008901669,0
312,54,3521.673,1,0.007118692,0
120,55,3521.696,1,0.009056886,0
65,56,3521.738,1,0.009030016,0
216,59,3521.841,1,0.009084471,0
183,61,3521.92,1,0.008927722,0
177,61,3521.929,1,0.009133842,0
54,63,3522.0,1,0.035969224,0
69,64,3522.017,1,0.041334994,0
199,67,3522.13,1,0.049660280,0
239,72,3522.299,1,0.044654276,0
337,75,3522.407,1,0.009993614,0
184,76,3522.443,1,0.055095058,0
168,77,3522.48,1,0.033553042,0
203,78,3522.526,1,0.048938107,0
60,79,3522.538,1,0.020926330,0
168,80,3522.577,1,0.036558390,0
204,80,3522.587,1,0.048836455,0
32,48,3522.839,1,0.038449116,0
184,87,3522.849,1,0.057781659,0
197,92,3523.004,1,0.008751438,0
322,93,3523.052,1,0.007492546,0
324,94,3523.072,1,0.007631236,0
256,94,3523.081,1,0.009244998,0
185,95,3523.129,1,0.009379493,0
59,97,3523.2,1,0.010639533,0
235,102,3523.359,1,0.009174459,0
79,102,3523.364,1,0.007814802,0
78,103,3523.402,1,0.009881204,0
304,107,3523.533,1,0.008290999,0
306,108,3523.587,1,0.008370687,0
285,109,3523.603,1,0.010008037,0
126,109,3523.611,1,0.017195312,0
63,110,3523.643,1,0.010127475,0
239,112,3523.707,1,0.009172326,0
260,112,3523.716,1,0.920677543,1
167,112,3523.727,1,0.008701679,0
167,113,3523.744,1,0.017675022,0
80,122,3524.061,1,0.010318526,0
162,122,3524.076,1,0.008664166,0
96,125,3524.186,1,0.011218682,0
104,127,3524.23,1,0.011910947,0
94,128,3524.29,1,0.007323052,0
94,131,3524.398,1,0.008304955,0
132,134,3524.495,1,0.013013065,0
202,135,3524.521,1,0.009092424,0
2,136,3524.556,1,0.008605027,0
80,136,3524.556,1,0.010082384,0
231,140,3524.72,1,0.009312392,0
261,143,3524.797,1,0.009998036,0
189,151,3525.093,1,0.009549892,0
37,165,3525.602,1,0.008686790,0
50,172,3525.827,1,0.009076932,0
189,172,3525.838,1,0.009399589,0
172,176,3525.97,1,0.010574120,0
62,179,3526.071,1,0.014369957,0
64,180,3526.108,1,0.014372139,0
169,183,3526.207,1,0.016619818,0
167,184,3526.257,1,0.016621424,0
231,192,3526.547,1,0.016574295,0
27,198,3526.738,1,0.013657888,0
296,198,3526.748,1,0.010839088,0
280,199,3526.771,1,0.010976579,0
0,203,3526.914,1,0.013159845,0
8,206,3527.022,1,0.008857567,0
117,207,3527.075,1,0.008780254,0
47,208,3527.096,1,0.008569278,0
40,212,3527.23,1,0.008643189,0
289,213,3527.29,1,0.007604434,0
125,214,3527.318,1,0.008445755,0
100,215,3527.356,1,0.008987752,0
296,216,3527.383,1,0.007276408,0
62,218,3527.451,1,0.009738582,0
64,218,3527.466,1,0.010030868,0
64,221,3527.554,1,0.007644069,0
126,230,3527.882,1,0.009173054,0
210,232,3527.943,1,0.007405142,0
26,241,3528.255,1,0.010775658,0
136,248,3528.509,1,0.008759255,0
224,255,3528.746,1,0.004975192,0
153,255,3528.768,1,0.008450643,0
161,256,3528.799,1,0.008370659,0
212,259,3528.906,1,0.009371910,0
41,1,3529.238,1,0.009010187,0
101,4,3529.353,1,0.009772380,0
156,4,3529.369,1,0.010193715,0
81,5,3529.398,1,0.009658210,0
37,7,3529.446,1,0.009010694,0
17,8,3529.483,1,0.009408806,0
88,8,3529.492,1,0.010025939,0
206,19,3529.872,1,0.006712098,0
271,20,3529.908,1,0.007565277,0
7,21,3529.947,1,0.008869733,0
278,21,3529.951,1,0.006855569,0
239,22,3529.987,1,0.007912724,0
222,23,3530.015,1,0.010247006,0
44,24,3530.058,1,0.043138999,0
3,27,3530.155,1,0.051616546,0
6,27,3530.167,1,0.069295883,0
103,28,3530.203,1,0.044511043,0
341,30,3530.256,1,0.009844835,0
262,115,3530.27,1,0.862696767,0
183,32,3530.344,1,0.022969086,0
135,32,3530.357,1,0.046903033,0
196,34,3530.403,1,0.014071233,0
264,36,3530.48,1,0.010834233,0
141,37,3530.517,1,0.048919708,0
308,37,3530.529,1,0.010444441,0
169,38,3530.549,1,0.037659246,0
104,39,3530.596,1,0.049780499,0
167,40,3530.615,1,0.036830992,0
260,117,3530.787,0,0.774931312,0
161,46,3530.825,1,0.048352327,0
80,46,3530.845,1,0.048814841,0
241,47,3530.857,1,0.013764368,0
18,47,3530.866,1,0.026287822,0
34,50,3530.977,1,0.037403621,0
256,53,3531.069,1,0.009367201,0
191,53,3531.076,1,0.008635389,0
35,54,3531.111,1,0.008750901,0
308,55,3531.146,1,0.007131466,0
329,56,3531.176,1,0.007020158,0
236,56,3531.181,1,0.011105380,0
137,56,3531.181,1,0.008760473,0
135,60,3531.318,1,0.008689912,0
175,61,3531.358,1,0.008917320,0
88,62,3531.399,1,0.009104413,0
332,63,3531.431,1,0.006754158,0
59,64,3531.461,1,0.008624271,0
212,71,3531.702,1,0.008932478,0
166,77,3531.921,1,0.009844338,0
69,85,3532.202,1,0.009700310,0
236,86,3532.242,1,0.009611858,0
260,114,3532.591,1,0.999668479,1
164,103,3532.849,1,0.005176418,0
286,104,3532.88,1,0.010681345,0
261,114,3533.222,1,0.999503851,1
261,115,3533.258,1,0.999951839,1
22,116,3533.31,1,0.009550136,0
16,117,3533.332,1,0.009083419,0
256,118,3533.374,1,0.012304199,0
223,124,3533.585,1,0.009554236,0
263,125,3533.614,1,0.009971183,0
261,117,3534.115,0,0.770748854,0
9,149,3534.458,1,0.013902797,0
12,150,3534.497,1,0.013965076,0
67,163,3534.954,1,0.014684255,0
157,171,3535.254,1,0.010729826,0
95,175,3535.375,1,0.009664693,0
203,175,3535.396,1,0.009345391,0
161,192,3535.975,1,0.009708619,0
51,212,3536.686,1,0.008249089,0
199,214,3536.755,1,0.006976000,0
166,237,3537.562,1,0.008537659,0
259,114,3537.969,1,0.957783163,1
257,252,3538.098,1,0.007827609,0
260,117,3541.924,0,0.992688596,1
261,117,3542.392,0,0.972050905,1
262,117,3543.453,0,0.992813885,1
32,48,3543.533,1,0.008715185,0
261,117,3549.494,0,0.997837245,1
261,116,3549.736,1,0.998286426,1
76,50,3556.127,1,0.008970991,0
262,115,3556.944,1,0.979652643,1
261,116,3558.57,1,0.999933124,1
260,116,3559.516,1,0.997805536,1
85,3,3559.872,1,0.009565971,0
82,6,3559.972,1,0.008392829,0
333,8,3560.046,1,0.006849828,0
79,12,3560.178,1,0.009825063,0
74,16,3560.323,1,0.009386673,0
97,17,3560.374,1,0.009595702,0
127,22,3560.54,1,0.009389898,0
165,27,3560.714,1,0.007842138,0
168,30,3560.825,1,0.008610157,0
207,32,3560.883,1,0.008130071,0
170,32,3560.896,1,0.008204267,0
263,115,3561.009,1,0.975753009,1
179,36,3561.046,1,0.009681370,0
208,37,3561.064,1,0.008720905,0
253,42,3561.251,1,0.008803982,0
248,43,3561.267,1,0.008350849,0
193,46,3561.38,1,0.009459419,0
137,48,3561.451,1,0.009353367,0
265,48,3561.467,1,0.009160053,0
43,55,3561.695,1,0.008676932,0
34,56,3561.736,1,0.008666755,0
33,59,3561.833,1,0.004812364,0
242,60,3561.891,1,0.010412348,0
185,64,3562.02,1,0.050556190,0
265,66,3562.084,1,0.014131998,0
263,67,3562.121,1,0.016805734,0
293,69,3562.19,1,0.011346421,0
185,71,3562.262,1,0.052703582,0
141,76,3562.449,1,0.054079887,0
261,118,3563.028,0,0.990605533,1
39,100,3563.283,1,0.009866486,0
220,101,3563.332,1,0.009259423,0
209,103,3563.398,1,0.008647897,0
164,105,3563.483,1,0.004731485,0
330,112,3563.702,1,0.007521736,0
335,113,3563.75,1,0.007548309,0
170,120,3563.986,1,0.006107126,0
221,122,3564.061,1,0.009545946,0
89,132,3564.426,1,0.010002568,0
40,140,3564.69,1,0.009300672,0
227,141,3564.724,1,0.009592092,0
96,144,3564.845,1,0.009877132,0
160,147,3564.948,1,0.013134225,0
3,151,3565.09,1,0.008442628,0
40,151,3565.105,1,0.008714609,0
135,152,3565.118,1,0.010946947,0
86,152,3565.126,1,0.009794220,0
334,152,3565.142,1,0.007300967,0
157,155,3565.224,1,0.012066989,0
239,156,3565.275,1,0.010685885,0
237,161,3565.443,1,0.009724876,0
7,166,3565.617,1,0.008976460,0
27,167,3565.648,1,0.008636704,0
68,175,3565.93,1,0.008750052,0
309,176,3565.959,1,0.008128818,0
200,186,3566.332,1,0.010972071,0
256,190,3566.454,1,0.011798800,0
245,197,3566.707,1,0.012254105,0
30,203,3566.915,1,0.013594447,0
229,205,3567.0,1,0.006005531,0
87,209,3567.125,1,0.009017944,0
106,212,3567.231,1,0.008729744,0
54,215,3567.351,1,0.008572062,0
260,118,3567.689,0,0.993702829,1
80,229,3567.852,1,0.008782852,0
234,232,3567.948,1,0.005004086,0
257,237,3568.112,1,0.006222493,0
0,243,3568.352,1,0.008107151,0
215,248,3568.505,1,0.004792237,0
215,252,3568.643,1,0.006140821,0
14,2,3569.295,1,0.009021716,0
69,6,3569.418,1,0.009623563,0
255,8,3569.512,1,0.007274352,0
175,14,3569.697,1,0.008772688,0
181,16,3569.769,1,0.008655462,0
96,21,3569.957,1,0.009806571,0
304,22,3569.983,1,0.007236020,0
135,24,3570.047,1,0.044665150,0
173,25,3570.11,1,0.022201726,0
128,28,3570.195,1,0.044783667,0
83,32,3570.347,1,0.046897575,0
336,34,3570.403,1,0.009936902,0
342,35,3570.439,1,0.009846007,0
50,38,3570.552,1,0.048447829,0
185,40,3570.617,1,0.046646085,0
269,44,3570.76,1,0.012849012,0
94,44,3570.772,1,0.034899358,0
270,45,3570.791,1,0.013415556,0
190,45,3570.791,1,0.049434297,0
159,46,3570.827,1,0.048423674,0
96,46,3570.834,1,0.039649896,0
247,46,3570.847,1,0.012642020,0
99,51,3570.999,1,0.048212368,0
120,52,3571.036,1,0.008817437,0
117,54,3571.105,1,0.008622658,0
216,57,3571.218,1,0.009019512,0
168,61,3571.361,1,0.008971903,0
172,64,3571.468,1,0.009350782,0
190,66,3571.557,1,0.008852821,0
193,69,3571.649,1,0.010625198,0
237,70,3571.687,1,0.009204515,0
301,72,3571.755,1,0.007921777,0
75,88,3572.305,1,0.010204744,0
231,92,3572.452,1,0.009398227,0
159,93,3572.493,1,0.009914952,0
104,94,3572.521,1,0.005613171,0
69,101,3572.771,1,0.010961247,0
288,105,3572.918,1,0.010098039,0
31,107,3572.985,1,0.009600407,0
261,116,3573.294,1,0.993079603,1
259,116,3573.319,1,0.995009780,1
160,122,3573.505,1,0.013455414,0
166,124,3573.577,1,0.016893977,0
165,125,3573.613,1,0.006070932,0
166,126,3573.657,1,0.013688287,0
249,134,3573.936,1,0.009190042,0
259,118,3573.955,0,0.992671371,1
288,143,3574.248,1,0.013600203,0
20,144,3574.303,1,0.014123470,0
327,147,3574.385,1,0.010910774,0
154,149,3574.457,1,0.032978740,0
288,159,3574.814,1,0.012563949,0
134,164,3574.991,1,0.017726308,0
10,136,3575.562,1,0.009280947,0
336,180,3575.575,1,0.007414365,0
95,184,3575.694,1,0.008802043,0
177,188,3575.844,1,0.009743173,0
93,190,3575.904,1,0.009176634,0
74,192,3575.987,1,0.009256238,0
80,195,3576.085,1,0.008916629,0
88,195,3576.098,1,0.008768033,0
239,206,3576.476,1,0.007343240,0
188,216,3576.821,1,0.009612743,0
100,217,3576.874,1,0.010009478,0
93,220,3576.968,1,0.008431518,0
321,223,3577.084,1,0.007761869,0
89,224,3577.106,1,0.009384422,0
323,224,3577.118,1,0.007928945,0
285,97,3577.548,1,0.025411109,0
262,116,3577.72,1,0.999667168,1
261,117,3579.053,1,0.997876883,1
263,118,3579.594,0,0.989265561,1
261,115,3580.194,1,0.999162674,1
263,116,3581.762,1,0.980378568,1
260,116,3581.85,1,0.993267775,1
261,118,3582.532,0,0.776377320,0
260,118,3588.38,0,0.998520076,1
260,119,3589.452,0,0.996806741,1
260,117,3598.424,1,0.996648014,1
261,119,3600.003,0,0.999266684,1
51,7,3600.012,1,0.009312691,0
239,21,3600.496,1,0.007096731,0
39,24,3600.604,1,0.008864373,0
260,119,3600.819,0,0.997225821,1
220,39,3601.146,1,0.008900091,0
120,43,3601.298,1,0.009225334,0
262,117,3601.672,1,0.998301387,1
14,55,3601.699,1,0.006038008,0
15,56,3601.744,1,0.010018323,0
14,62,3601.937,1,0.011635181,0
31,67,3602.123,1,0.018565256,0
40,72,3602.318,1,0.019430701,0
261,117,3602.445,1,0.999949098,1
46,77,3602.494,1,0.019672358,0
94,79,3602.546,1,0.042956013,0
204,80,3602.572,1,0.048837207,0
263,119,3602.696,0,0.986373782,1
308,84,3602.716,1,0.011299084,0
343,84,3602.737,1,0.009958419,0
40,86,3602.791,1,0.017147545,0
112,87,3602.848,1,0.049754642,0
168,91,3602.961,1,0.066915102,0
261,92,3603.007,1,0.008759972,0
253,93,3603.038,1,0.008926916,0
58,93,3603.041,1,0.011364736,0
66,96,3603.137,1,0.011669805,0
190,96,3603.149,1,0.009012376,0
110,100,3603.288,1,0.012034760,0
190,103,3603.39,1,0.009337665,0
151,50,3603.394,1,0.008617666,0
47,104,3603.431,1,0.010168443,0
48,106,3603.501,1,0.009894201,0
6,109,3603.597,1,0.009304794,0
42,110,3603.658,1,0.009798193,0
187,111,3603.666,1,0.009009507,0
206,111,3603.681,1,0.008993168,0
111,117,3603.886,1,0.012248473,0
139,118,3603.916,1,0.016140040,0
64,123,3604.102,1,0.009763778,0
24,127,3604.235,1,0.009092840,0
143,130,3604.353,1,0.013233446,0
287,142,3604.773,1,0.009453456,0
106,154,3605.184,1,0.008006561,0
207,156,3605.265,1,0.005437498,0
106,158,3605.33,1,0.007074275,0
227,160,3605.396,1,0.009238751,0
231,166,3605.61,1,0.010365873,0
95,175,3605.924,1,0.008924208,0
217,176,3605.975,1,0.008366935,0
47,182,3606.18,1,0.014194468,0
146,182,3606.193,1,0.015547613,0
201,188,3606.392,1,0.010929011,0
71,205,3607.005,1,0.009147433,0
65,212,3607.261,1,0.008530369,0
116,213,3607.282,1,0.008130336,0
24,216,3607.371,1,0.008497978,0
113,216,3607.387,1,0.008184345,0
180,232,3607.942,1,0.010006629,0
241,232,3607.954,1,0.005788583,0
179,234,3608.017,1,0.009158473,0
184,236,3608.078,1,0.009583714,0
258,254,3608.723,1,0.005623909,0
48,256,3608.782,1,0.009195149,0
188,7,3609.469,1,0.006712391,0
229,8,3609.485,1,0.007671528,0
200,224,3609.534,1,0.007272359,0
140,12,3609.634,1,0.009516830,0
123,12,3609.648,1,0.009655149,0
193,14,3609.692,1,0.007943870,0
196,15,3609.734,1,0.006691773,0
153,17,3609.812,1,0.009146322,0
28,24,3610.077,1,0.044311743,0
59,26,3610.12,1,0.043266080,0
296,31,3610.299,1,0.010534775,0
246,38,3610.551,1,0.011358865,0
62,44,3610.769,1,0.048728630,0
5,45,3610.806,1,0.015498416,0
6,46,3610.822,1,0.018528463,0
198,47,3610.86,1,0.082806878,0
196,47,3610.874,1,0.090707399,0
226,47,3610.885,1,0.022264553,0
4,48,3610.901,1,0.024680277,0
261,118,3610.938,1,0.027423218,0
168,53,3611.082,1,0.008973653,0
262,54,3611.106,1,0.008913152,0
16,54,3611.115,1,0.005249598,0
187,56,3611.178,1,0.008702770,0
152,56,3611.19,1,0.009212838,0
157,58,3611.246,1,0.008690059,0
163,61,3611.358,1,0.009182069,0
17,62,3611.387,1,0.010231349,0
177,63,3611.435,1,0.009020433,0
293,64,3611.459,1,0.008154813,0
248,64,3611.483,1,0.010361256,0
296,65,3611.498,1,0.007811023,0
247,68,3611.616,1,0.009432283,0
65,72,3611.74,1,0.005632876,0
23,72,3611.756,1,0.011314277,0
144,80,3612.027,1,0.010060439,0
319,85,3612.208,1,0.007714185,0
80,86,3612.235,1,0.006094101,0
291,87,3612.276,1,0.008862019,0
108,90,3612.387,1,0.005116401,0
57,93,3612.481,1,0.010979773,0
32,94,3612.515,1,0.010225451,0
229,95,3612.557,1,0.009624058,0
259,119,3612.59,0,0.970272005,1
32,48,3612.802,1,0.008696384,0
229,103,3612.837,1,0.009634103,0
287,138,3614.093,1,0.014003791,0
246,142,3614.221,1,0.027775420,0
196,150,3614.492,1,0.019582728,0
137,152,3614.569,1,0.025059057,0
174,158,3614.781,1,0.025505917,0
202,164,3615.009,1,0.008693749,0
199,166,3615.083,1,0.010682428,0
20,169,3615.191,1,0.008975244,0
68,179,3615.521,1,0.009230588,0
82,188,3615.84,1,0.009410046,0
133,189,3615.874,1,0.009503475,0
296,189,3615.895,1,0.008010952,0
83,192,3615.972,1,0.008851905,0
55,200,3616.259,1,0.008397413,0
301,204,3616.421,1,0.007536980,0
114,208,3616.548,1,0.008876605,0
122,215,3616.798,1,0.008701269,0
93,238,3617.604,1,0.008725206,0
63,242,3617.744,1,0.008573079,0
8,252,3618.087,1,0.012456895,0
147,256,3618.255,1,0.013562111,0
260,120,3622.564,0,0.789609551,0
262,120,3627.291,0,0.991268277,1
260,120,3635.706,0,0.989326715,1
324,4,3639.899,1,0.009017820,0
107,6,3639.979,1,0.009705754,0
110,7,3640.007,1,0.010288446,0
261,20,3640.473,1,0.007293429,0
282,21,3640.506,1,0.007427248,0
262,22,3640.553,1,0.007342656,0
328,23,3640.587,1,0.007015193,0
268,26,3640.691,1,0.007643769,0
287,27,3640.711,1,0.007375339,0
237,28,3640.759,1,0.007395110,0
320,34,3640.953,1,0.007026402,0
121,36,3641.022,1,0.009618778,0
170,38,3641.096,1,0.009330627,0
133,40,3641.171,1,0.009443214,0
261,120,3641.573,0,0.992751598,1
182,55,3641.692,1,0.009532655,0
285,55,3641.707,1,0.008307328,0
262,117,3642.24,1,0.026800152,0
144,95,3643.113,1,0.010300199,0
163,96,3643.142,1,0.010140534,0
261,119,3643.224,1,0.991878271,1
176,99,3643.258,1,0.009923147,0
290,104,3643.431,1,0.009470954,0
257,114,3643.8,1,0.009473776,0
272,126,3644.215,1,0.010540951,0
29,127,3644.243,1,0.008893171,0
98,128,3644.281,1,0.010959510,0
241,133,3644.448,1,0.009258543,0
342,135,3644.52,1,0.007385413,0
253,135,3644.52,1,0.010216415,0
46,140,3644.703,1,0.009041462,0
156,143,3644.797,1,0.013155876,0
300,143,3644.825,1,0.008704827,0
125,145,3644.894,1,0.010743015,0
36,150,3645.063,1,0.009145470,0
255,151,3645.093,1,0.010270846,0
128,160,3645.418,1,0.010058858,0
263,120,3645.423,0,0.988176763,1
246,163,3645.504,1,0.010118703,0
256,163,3645.512,1,0.009861597,0
204,174,3645.888,1,0.009480160,0
96,174,3645.904,1,0.009528748,0
71,181,3646.161,1,0.014422475,0
71,215,3647.338,1,0.008852566,0
45,218,3647.458,1,0.008152150,0
169,222,3647.608,1,0.009304130,0
311,237,3648.117,1,0.006741444,0
305,243,3648.338,1,0.006513474,0
8,255,3648.75,1,0.008253866,0
30,3,3649.307,1,0.009178668,0
72,5,3649.377,1,0.010355336,0
79,5,3649.39,1,0.009722901,0
115,7,3649.453,1,0.009765294,0
61,8,3649.482,1,0.009353751,0
58,8,3649.495,1,0.009161226,0
32,8,3649.51,1,0.009455027,0
226,12,3649.624,1,0.006533236,0
47,23,3650.012,1,0.041899502,0
129,24,3650.056,1,0.044662196,0
202,30,3650.26,1,0.011514780,0
279,40,3650.612,1,0.010746896,0
184,44,3650.756,1,0.049452115,0
267,47,3650.872,1,0.011473555,0
148,48,3650.897,1,0.048407603,0
154,51,3651.015,1,0.008863706,0
157,53,3651.079,1,0.010554432,0
110,53,3651.1,1,0.008891434,0
157,54,3651.108,1,0.017145792,0
32,57,3651.21,1,0.004148813,0
96,61,3651.352,1,0.009055092,0
71,66,3651.532,1,0.008383624,0
310,69,3651.65,1,0.007301212,0
236,71,3651.704,1,0.009681287,0
120,71,3651.714,1,0.009162342,0
295,75,3651.848,1,0.008110031,0
43,82,3652.103,1,0.011456661,0
69,88,3652.32,1,0.012691242,0
206,93,3652.487,1,0.009106607,0
265,94,3652.523,1,0.012055551,0
19,96,3652.597,1,0.009632338,0
329,103,3652.836,1,0.007383813,0
297,110,3653.082,1,0.009689950,0
261,119,3653.396,1,0.963752985,1
260,127,3653.681,1,0.011117813,0
32,128,3653.728,1,0.009902744,0
32,131,3653.824,1,0.011967839,0
34,131,3653.835,1,0.007625742,0
32,132,3653.868,1,0.010003332,0
23,160,3654.865,1,0.014114834,0
319,165,3655.025,1,0.007939289,0
40,173,3655.308,1,0.009582551,0
163,184,3655.689,1,0.010864307,0
320,188,3655.835,1,0.007678145,0
262,118,3658.648,1,0.026801907,0
260,121,3666.596,0,0.794908047,0
260,119,3673.546,1,0.967730582,1
262,121,3674.908,0,0.790659666,0
174,2,3679.827,1,0.007754037,0
30,6,3679.965,1,0.009092350,0
209,8,3680.04,1,0.006408696,0
309,11,3680.145,1,0.006815919,0
74,12,3680.184,1,0.009429196,0
160,14,3680.256,1,0.010690958,0
303,26,3680.697,1,0.007251228,0
85,29,3680.785,1,0.008995077,0
334,32,3680.888,1,0.007043086,0
238,52,3681.607,1,0.010184216,0
216,59,3681.836,1,0.009543988,0
128,64,3682.016,1,0.049807165,0
114,67,3682.125,1,0.049524903,0
217,68,3682.157,1,0.049042262,0
248,71,3682.258,1,0.035097640,0
46,71,3682.265,1,0.019881364,0
149,71,3682.275,1,0.054137237,0
152,72,3682.293,1,0.055820957,0
199,78,3682.521,1,0.050577823,0
63,79,3682.548,1,0.021631833,0
204,80,3682.575,1,0.048837941,0
229,86,3682.805,1,0.045504790,0
99,88,3682.869,1,0.048756521,0
70,93,3683.039,1,0.012470711,0
111,94,3683.075,1,0.005942140,0
169,95,3683.111,1,0.010614500,0
97,100,3683.296,1,0.013977592,0
63,100,3683.307,1,0.010722322,0
134,101,3683.325,1,0.005954957,0
98,102,3683.36,1,0.014311145,0
335,104,3683.425,1,0.007676663,0
328,104,3683.431,1,0.007812931,0
329,105,3683.473,1,0.006084448,0
104,108,3683.576,1,0.014005180,0
181,111,3683.669,1,0.009680387,0
260,121,3683.674,0,0.981058002,1
136,116,3683.866,1,0.018378656,0
135,118,3683.93,1,0.017793378,0
78,119,3683.962,1,0.010446275,0
92,120,3683.994,1,0.011944738,0
72,120,3684.005,1,0.010393864,0
279,124,3684.133,1,0.010154271,0
238,125,3684.181,1,0.009925036,0
256,128,3684.293,1,0.008901042,0
214,131,3684.373,1,0.010351375,0
159,134,3684.48,1,0.014739300,0
331,134,3684.497,1,0.007581600,0
28,142,3684.771,1,0.009159937,0
269,150,3685.052,1,0.011142910,0
315,158,3685.325,1,0.008673574,0
161,158,3685.338,1,0.012450328,0
32,159,3685.377,1,0.008871288,0
311,160,3685.399,1,0.009095280,0
308,161,3685.451,1,0.009455940,0
186,163,3685.527,1,0.010120012,0
304,164,3685.548,1,0.008965044,0
216,166,3685.618,1,0.008448922,0
337,168,3685.684,1,0.007968268,0
70,172,3685.823,1,0.009451590,0
36,173,3685.853,1,0.008680277,0
95,178,3686.047,1,0.014715521,0
21,187,3686.362,1,0.013746244,0
136,200,3686.806,1,0.014370768,0
261,221,3687.552,1,0.007774498,0
310,223,3687.622,1,0.007137766,0
54,224,3687.663,1,0.008472251,0
259,119,3687.907,1,0.980272114,1
152,7,3689.45,1,0.009561807,0
23,8,3689.494,1,0.009404155,0
159,16,3689.767,1,0.011447554,0
318,16,3689.771,1,0.007407803,0
59,18,3689.851,1,0.009622872,0
105,20,3689.911,1,0.009786722,0
178,21,3689.941,1,0.009568361,0
263,21,3689.954,1,0.007780245,0
176,23,3690.033,1,0.017380046,0
306,30,3690.273,1,0.010405334,0
112,33,3690.367,1,0.046980094,0
135,38,3690.541,1,0.049371533,0
219,43,3690.726,1,0.014709942,0
300,47,3690.86,1,0.010585266,0
195,47,3690.875,1,0.049610123,0
330,50,3690.981,1,0.010071334,0
289,53,3691.078,1,0.007672958,0
72,54,3691.105,1,0.009037712,0
71,56,3691.178,1,0.008717975,0
195,64,3691.466,1,0.008615315,0
133,66,3691.529,1,0.008901916,0
131,72,3691.744,1,0.009211932,0
168,84,3692.178,1,0.010522839,0
223,85,3692.204,1,0.008735101,0
67,91,3692.421,1,0.011872031,0
51,110,3693.085,1,0.009969916,0
47,120,3693.439,1,0.008326812,0
44,123,3693.554,1,0.008850371,0
214,128,3693.718,1,0.009536032,0
197,128,3693.74,1,0.009481059,0
193,131,3693.832,1,0.009306693,0
59,141,3694.177,1,0.014980436,0
60,143,3694.254,1,0.014967572,0
41,146,3694.359,1,0.014501548,0
167,151,3694.528,1,0.014946594,0
168,152,3694.569,1,0.020665150,0
168,159,3694.812,1,0.026329987,0
173,160,3694.846,1,0.024727225,0
342,167,3695.096,1,0.007406235,0
0,173,3695.328,1,0.008879487,0
311,186,3695.76,1,0.007932221,0
206,200,3696.261,1,0.008162477,0
323,224,3697.132,1,0.007509942,0
338,236,3697.539,1,0.006741403,0
26,249,3697.997,1,0.007770727,0
260,120,3704.618,1,0.881458342,0
263,119,3705.599,1,0.932529688,1
260,122,3706.192,0,0.746642828,0
263,121,3711.786,0,0.994725406,1
262,122,3711.82,0,0.998667002,1
261,122,3711.922,0,0.995906830,1
215,5,3719.946,1,0.006722782,0
32,13,3720.238,1,0.009260686,0
69,34,3720.963,1,0.008791961,0
224,39,3721.127,1,0.008787212,0
345,52,3721.586,1,0.007673888,0
119,53,3721.621,1,0.008779652,0
136,53,3721.635,1,0.009037174,0
147,54,3721.668,1,0.009637817,0
82,56,3721.74,1,0.009032900,0
184,60,3721.882,1,0.009320983,0
185,62,3721.946,1,0.009401872,0
240,72,3722.299,1,0.027782515,0
211,72,3722.309,1,0.048512377,0
242,74,3722.368,1,0.024281114,0
258,75,3722.422,1,0.026306959,0
166,79,3722.543,1,0.060037456,0
139,80,3722.585,1,0.055230219,0
261,122,3722.685,0,0.707111299,0
143,85,3722.751,1,0.058609862,0
74,86,3722.791,1,0.025818625,0
260,122,3722.954,0,0.770631552,0
32,48,3723.078,1,0.008728865,0
254,102,3723.351,1,0.009243325,0
11,104,3723.429,1,0.007391205,0
268,104,3723.441,1,0.012180367,0
250,104,3723.45,1,0.009293556,0
286,105,3723.47,1,0.009985932,0
12,105,3723.485,1,0.005652169,0
216,111,3723.674,1,0.009259724,0
218,112,3723.716,1,0.009548990,0
175,116,3723.852,1,0.004555796,0
72,117,3723.894,1,0.010325185,0
288,120,3723.992,1,0.010159065,0
290,121,3724.03,1,0.009651730,0
296,126,3724.208,1,0.008987343,0
232,127,3724.248,1,0.009772735,0
160,134,3724.488,1,0.015725046,0
227,136,3724.558,1,0.009917443,0
39,137,3724.598,1,0.008881222,0
227,141,3724.74,1,0.009439950,0
60,151,3725.08,1,0.008979698,0
284,151,3725.09,1,0.009616438,0
136,154,3725.202,1,0.010808069,0
137,157,3725.321,1,0.010324161,0
303,163,3725.52,1,0.008397900,0
305,167,3725.646,1,0.008406167,0
251,168,3725.691,1,0.009826993,0
256,174,3725.89,1,0.008870692,0
259,181,3726.141,1,0.012125932,0
263,183,3726.207,1,0.011938825,0
1,187,3726.36,1,0.013419956,0
170,189,3726.427,1,0.013820649,0
44,190,3726.455,1,0.014022793,0
185,190,3726.466,1,0.013065951,0
170,190,3726.481,1,0.027415875,0
224,191,3726.491,1,0.016713707,0
6,192,3726.53,1,0.013430269,0
160,199,3726.684,1,0.015944781,0
95,198,3726.735,1,0.014375160,0
339,223,3727.629,1,0.007170938,0
181,228,3727.805,1,0.009011128,0
262,122,3728.072,0,0.968465030,1
136,8,3729.485,1,0.009339759,0
87,11,3729.588,1,0.009786126,0
253,12,3729.633,1,0.007367471,0
254,21,3729.962,1,0.007121142,0
255,24,3730.059,1,0.010607568,0
298,30,3730.27,1,0.010497062,0
188,31,3730.3,1,0.016427469,0
56,35,3730.436,1,0.048109945,0
296,38,3730.55,1,0.010570086,0
256,39,3730.592,1,0.011170281,0
36,43,3730.743,1,0.046369530,0
33,44,3730.766,1,0.043196231,0
105,45,3730.801,1,0.048973825,0
176,47,3730.883,1,0.048953850,0
251,48,3730.897,1,0.012781075,0
40,50,3730.964,1,0.024753589,0
39,50,3730.973,1,0.015652860,0
73,51,3730.998,1,0.048104662,0
161,51,3731.02,1,0.008705942,0
195,52,3731.053,1,0.007837480,0
45,54,3731.105,1,0.008491736,0
8,56,3731.177,1,0.009288671,0
191,56,3731.185,1,0.007111823,0
54,56,3731.2,1,0.008860058,0
14,57,3731.23,1,0.008714111,0
9,63,3731.421,1,0.011699651,0
112,63,3731.443,1,0.008978111,0
103,65,3731.5,1,0.008796537,0
200,67,3731.59,1,0.009129255,0
84,69,3731.638,1,0.008936556,0
217,72,3731.768,1,0.008779005,0
156,75,3731.848,1,0.009951511,0
195,78,3731.954,1,0.009028590,0
229,80,3732.024,1,0.009284947,0
288,80,3732.029,1,0.008893831,0
77,86,3732.238,1,0.006486453,0
151,88,3732.305,1,0.010158048,0
20,88,3732.332,1,0.010145963,0
164,93,3732.487,1,0.010939046,0
154,96,3732.6,1,0.005686176,0
164,104,3732.885,1,0.004852856,0
246,110,3733.085,1,0.009834202,0
315,119,3733.4,1,0.008069362,0
300,119,3733.418,1,0.008548310,0
1,125,3733.61,1,0.008725665,0
177,144,3734.306,1,0.034100261,0
26,146,3734.356,1,0.014261595,0
232,147,3734.393,1,0.035925120,0
75,152,3734.563,1,0.015080692,0
215,152,3734.59,1,0.043359894,0
332,156,3734.706,1,0.010722591,0
275,160,3734.854,1,0.013747996,0
192,166,3735.06,1,0.009621562,0
1,172,3735.277,1,0.008716212,0
171,175,3735.375,1,0.010879583,0
82,215,3736.794,1,0.010212004,0
241,221,3736.999,1,0.006028640,0
215,228,3737.263,1,0.009644805,0
284,236,3737.532,1,0.005920269,0
282,238,3737.605,1,0.006542788,0
287,240,3737.678,1,0.007314180,0
26,246,3737.878,1,0.008928822,0
191,251,3738.057,1,0.012504411,0
304,252,3738.089,1,0.009903711,0
74,256,3738.24,1,0.013127040,0
260,121,3741.124,1,0.969397187,1
240,6,3759.981,1,0.006798394,0
204,7,3760.003,1,0.006387271,0
21,7,3760.009,1,0.008658512,0
155,14,3760.252,1,0.012199608,0
239,18,3760.408,1,0.006813508,0
65,20,3760.471,1,0.009174480,0
207,24,3760.616,1,0.007190877,0
104,24,3760.628,1,0.009372526,0
147,28,3760.752,1,0.009412189,0
223,32,3760.822,1,0.007893206,0
112,31,3760.845,1,0.009891954,0
316,36,3761.03,1,0.007118675,0
276,39,3761.136,1,0.007573294,0
272,45,3761.352,1,0.007610712,0
339,48,3761.453,1,0.006919483,0
271,48,3761.466,1,0.008094308,0
27,52,3761.585,1,0.009356601,0
28,55,3761.693,1,0.005351105,0
32,56,3761.74,1,0.006137001,0
229,62,3761.953,1,0.015214591,0
229,63,3762.0,1,0.032833684,0
340,64,3762.023,1,0.009919672,0
144,69,3762.192,1,0.051919755,0
238,70,3762.229,1,0.044648051,0
140,71,3762.263,1,0.051926792,0
329,78,3762.513,1,0.010224760,0
341,79,3762.539,1,0.009955435,0
173,83,3762.683,1,0.060535118,0
175,84,3762.722,1,0.060436189,0
160,88,3762.875,1,0.064878523,0
242,96,3763.136,1,0.009488393,0
247,102,3763.361,1,0.009123495,0
65,103,3763.392,1,0.011297289,0
32,48,3763.425,1,0.008756779,0
151,108,3763.579,1,0.005721624,0
146,114,3763.777,1,0.018000480,0
74,116,3763.847,1,0.010311215,0
96,117,3763.886,1,0.012257591,0
260,119,3763.956,1,0.991725802,1
243,119,3763.968,1,0.009493780,0
259,120,3763.983,1,0.970372140,1
262,120,3764.012,1,0.995739222,1
262,121,3764.044,1,0.994745374,1
186,123,3764.107,1,0.009883125,0
172,125,3764.171,1,0.005859002,0
11,126,3764.201,1,0.008771826,0
295,140,3764.701,1,0.008748336,0
192,141,3764.724,1,0.003723162,0
255,141,3764.755,1,0.012990051,0
131,151,3765.082,1,0.010554442,0
153,156,3765.267,1,0.012017186,0
53,158,3765.355,1,0.009021984,0
22,161,3765.436,1,0.008492993,0
195,165,3765.584,1,0.009592535,0
168,168,3765.676,1,0.011165215,0
169,172,3765.84,1,0.010878135,0
204,174,3765.891,1,0.008279624,0
276,180,3766.112,1,0.011804696,0
220,182,3766.183,1,0.018835321,0
116,187,3766.356,1,0.014409344,0
62,198,3766.74,1,0.014067245,0
230,238,3768.149,1,0.004828512,0
67,254,3768.716,1,0.008014215,0
146,8,3769.497,1,0.012396405,0
72,13,3769.658,1,0.009754584,0
257,13,3769.665,1,0.007395243,0
139,14,3769.7,1,0.009790462,0
26,14,3769.718,1,0.009353764,0
96,15,3769.729,1,0.009862280,0
136,16,3769.785,1,0.010049389,0
104,20,3769.908,1,0.009649416,0
15,23,3770.012,1,0.043534704,0
60,26,3770.134,1,0.021522356,0
77,28,3770.188,1,0.044517145,0
60,30,3770.267,1,0.023044558,0
182,31,3770.302,1,0.020954872,0
177,37,3770.529,1,0.045097183,0
116,38,3770.539,1,0.049428470,0
247,38,3770.563,1,0.011339256,0
187,42,3770.694,1,0.048194733,0
236,47,3770.865,1,0.014768107,0
188,48,3770.894,1,0.049882907,0
80,51,3771.008,1,0.009023314,0
33,53,3771.075,1,0.008801885,0
245,54,3771.122,1,0.009961546,0
257,55,3771.143,1,0.009392674,0
81,62,3771.391,1,0.008590227,0
224,64,3771.483,1,0.009223425,0
245,66,3771.526,1,0.009243042,0
128,72,3771.741,1,0.009465090,0
129,74,3771.813,1,0.009466078,0
135,78,3771.96,1,0.009790841,0
102,83,3772.131,1,0.010125402,0
15,90,3772.397,1,0.009540406,0
227,94,3772.52,1,0.009377619,0
221,104,3772.875,1,0.009150987,0
217,105,3772.909,1,0.008857182,0
336,107,3772.976,1,0.007388128,0
87,114,3773.235,1,0.011858707,0
24,120,3773.434,1,0.008895962,0
52,120,3773.448,1,0.009887215,0
56,122,3773.505,1,0.010048013,0
27,123,3773.547,1,0.007480142,0
143,125,3773.614,1,0.015478654,0
58,128,3773.729,1,0.009277089,0
60,130,3773.795,1,0.008165118,0
83,131,3773.837,1,0.009904870,0
57,135,3773.967,1,0.009286022,0
247,142,3774.237,1,0.027567092,0
253,143,3774.254,1,0.023895219,0
283,144,3774.284,1,0.014205469,0
35,148,3774.451,1,0.014402005,0
201,156,3774.715,1,0.015513433,0
261,123,3774.722,0,0.803110719,0
106,159,3774.821,1,0.015345501,0
289,160,3774.865,1,0.012477802,0
191,163,3774.979,1,0.013983171,0
177,166,3775.085,1,0.011139480,0
196,178,3775.484,1,0.009276161,0
109,180,3775.552,1,0.007004581,0
109,182,3775.64,1,0.007035760,0
242,195,3776.096,1,0.009211781,0
246,200,3776.257,1,0.008794334,0
191,209,3776.575,1,0.007596086,0
260,121,3776.779,1,0.925473571,1
263,121,3777.12,1,0.954502165,1
100,230,3777.339,1,0.008800804,0
141,236,3777.527,1,0.008588684,0
261,122,3778.142,1,0.027650796,0
259,121,3786.173,1,0.029410876,0
167,8,3800.035,1,0.008736749,0
257,18,3800.394,1,0.007196312,0
207,19,3800.433,1,0.006645083,0
218,20,3800.469,1,0.006946410,0
216,21,3800.511,1,0.006881854,0
145,32,3800.901,1,0.009266376,0
195,36,3801.035,1,0.010972842,0
205,37,3801.082,1,0.009150610,0
221,39,3801.139,1,0.009195953,0
219,44,3801.315,1,0.010752799,0
336,49,3801.501,1,0.006792791,0
207,61,3801.913,1,0.008875317,0
41,76,3802.457,1,0.018809745,0
313,80,3802.584,1,0.010844555,0
116,88,3802.87,1,0.053260788,0
295,91,3802.972,1,0.012318381,0
261,124,3803.009,0,0.943992674,1
98,93,3803.038,1,0.006033136,0
208,94,3803.087,1,0.009133130,0
262,104,3803.421,1,0.012040567,0
173,104,3803.439,1,0.009920534,0
167,105,3803.454,1,0.005387561,0
48,109,3803.607,1,0.010745680,0
141,110,3803.647,1,0.015566831,0
144,112,3803.707,1,0.013574390,0
6,115,3803.816,1,0.009114602,0
311,119,3803.952,1,0.008373735,0
163,121,3804.046,1,0.005751162,0
166,127,3804.232,1,0.011865755,0
328,128,3804.274,1,0.007797690,0
194,128,3804.297,1,0.009445365,0
336,129,3804.308,1,0.007496175,0
107,132,3804.418,1,0.011301892,0
240,133,3804.448,1,0.009600730,0
328,134,3804.479,1,0.007475418,0
230,135,3804.515,1,0.010641093,0
169,138,3804.629,1,0.015305398,0
50,140,3804.699,1,0.010040271,0
263,142,3804.761,1,0.010191031,0
230,143,3804.806,1,0.010317693,0
0,144,3804.832,1,0.009313910,0
256,146,3804.928,1,0.011469900,0
250,149,3805.015,1,0.013317245,0
261,150,3805.065,1,0.009773948,0
157,151,3805.078,1,0.012311161,0
44,152,3805.116,1,0.009602906,0
284,152,3805.127,1,0.009774051,0
42,153,3805.159,1,0.009126865,0
247,154,3805.184,1,0.011363761,0
256,159,3805.36,1,0.010048963,0
315,159,3805.367,1,0.008236704,0
188,160,3805.402,1,0.010779548,0
46,160,3805.409,1,0.009463003,0
281,166,3805.622,1,0.008999817,0
159,172,3805.841,1,0.011087171,0
28,182,3806.201,1,0.013946134,0
15,184,3806.259,1,0.013699427,0
15,191,3806.491,1,0.013599256,0
194,191,3806.502,1,0.011456974,0
109,192,3806.537,1,0.014387900,0
10,199,3806.777,1,0.013401943,0
110,228,3807.802,1,0.008700549,0
168,232,3807.952,1,0.009612853,0
140,239,3808.191,1,0.008943718,0
298,240,3808.218,1,0.006793783,0
302,241,3808.259,1,0.006875356,0
273,246,3808.446,1,0.006893094,0
343,3,3809.317,1,0.007097292,0
256,4,3809.347,1,0.007515040,0
224,4,3809.353,1,0.006482764,0
260,5,3809.376,1,0.006647980,0
227,7,3809.458,1,0.006243383,0
193,8,3809.484,1,0.007057310,0
233,8,3809.485,1,0.007035524,0
1,8,3809.497,1,0.009675853,0
48,8,3809.51,1,0.009576806,0
197,10,3809.553,1,0.007045184,0
0,10,3809.559,1,0.010324791,0
295,14,3809.703,1,0.007432210,0
62,15,3809.73,1,0.009355165,0
146,16,3809.767,1,0.008058872,0
23,16,3809.767,1,0.009414524,0
51,16,3809.778,1,0.009489729,0
285,18,3809.838,1,0.007826912,0
146,19,3809.881,1,0.007786510,0
151,22,3809.978,1,0.009743830,0
31,26,3810.118,1,0.045117170,0
246,28,3810.2,1,0.010675707,0
224,30,3810.259,1,0.010880548,0
176,32,3810.351,1,0.016526852,0
70,35,3810.436,1,0.047929481,0
176,36,3810.477,1,0.020958638,0
181,37,3810.508,1,0.040917035,0
218,40,3810.616,1,0.013204468,0
108,40,3810.627,1,0.049777601,0
222,42,3810.683,1,0.094885454,0
221,42,3810.698,1,0.079156347,0
224,43,3810.723,1,0.014165538,0
231,45,3810.792,1,0.014620657,0
99,45,3810.8,1,0.049058605,0
163,47,3810.865,1,0.048297819,0
297,48,3810.905,1,0.010613980,0
131,50,3810.985,1,0.048355255,0
304,52,3811.037,1,0.007357302,0
297,54,3811.113,1,0.007628853,0
130,56,3811.183,1,0.009241941,0
210,60,3811.318,1,0.008203840,0
210,62,3811.403,1,0.007926410,0
132,64,3811.459,1,0.009268872,0
158,68,3811.602,1,0.009487443,0
75,69,3811.64,1,0.008471578,0
120,69,3811.64,1,0.009335366,0
255,72,3811.743,1,0.009295589,0
165,75,3811.851,1,0.009694806,0
15,76,3811.888,1,0.009977295,0
32,48,3811.91,1,0.008734128,0
162,77,3811.929,1,0.010090220,0
117,78,3811.955,1,0.009259646,0
98,78,3811.967,1,0.009174285,0
27,82,3812.113,1,0.010539658,0
29,86,3812.242,1,0.010123036,0
139,88,3812.306,1,0.010869320,0
330,90,3812.379,1,0.007605247,0
15,91,3812.413,1,0.009477602,0
189,93,3812.483,1,0.009148967,0
183,94,3812.547,1,0.009654939,0
329,103,3812.834,1,0.007448563,0
58,110,3813.083,1,0.010516154,0
97,123,3813.542,1,0.011650606,0
329,132,3813.863,1,0.007913593,0
218,132,3813.884,1,0.009856523,0
115,152,3814.58,1,0.017879125,0
124,159,3814.814,1,0.017326072,0
0,167,3815.111,1,0.008716154,0
24,168,3815.136,1,0.008845975,0
78,176,3815.411,1,0.009374913,0
77,180,3815.55,1,0.008990245,0
247,191,3815.942,1,0.017584147,0
246,192,3815.974,1,0.008077416,0
262,124,3821.724,0,0.972056091,1
260,124,3823.388,0,0.984732151,1
7,7,3840.01,1,0.008506665,0
223,32,3840.891,1,0.007955723,0
203,32,3840.905,1,0.008271156,0
124,38,3841.102,1,0.009176211,0
270,42,3841.234,1,0.007744613,0
216,63,3841.976,1,0.009329749,0
67,64,3842.012,1,0.031882208,0
69,66,3842.086,1,0.025124311,0
241,70,3842.249,1,0.043353811,0
318,74,3842.376,1,0.010470266,0
147,77,3842.492,1,0.056632537,0
311,78,3842.523,1,0.010854365,0
93,86,3842.812,1,0.046268057,0
91,87,3842.829,1,0.034528203,0
148,92,3843.009,1,0.010778109,0
134,93,3843.043,1,0.009809035,0
80,95,3843.113,1,0.013138182,0
203,96,3843.151,1,0.008573204,0
157,98,3843.222,1,0.004934327,0
207,101,3843.324,1,0.008787154,0
257,101,3843.339,1,0.008745024,0
217,102,3843.35,1,0.008890423,0
140,102,3843.366,1,0.005570580,0
304,103,3843.398,1,0.008355213,0
170,104,3843.426,1,0.010375194,0
127,108,3843.563,1,0.012315528,0
173,108,3843.58,1,0.008557946,0
17,110,3843.643,1,0.009324890,0
329,116,3843.844,1,0.007633745,0
112,117,3843.909,1,0.012915220,0
53,118,3843.919,1,0.009521730,0
239,118,3843.933,1,0.009241243,0
234,119,3843.955,1,0.009437364,0
289,120,3843.994,1,0.009129735,0
262,121,3844.019,1,0.361292928,0
295,121,3844.038,1,0.008646298,0
259,122,3844.054,1,0.332769930,0
262,122,3844.06,1,0.777964771,0
280,123,3844.099,1,0.019647576,0
308,124,3844.133,1,0.008274923,0
255,127,3844.253,1,0.009715627,0
336,135,3844.52,1,0.019229911,0
250,135,3844.531,1,0.009336830,0
335,136,3844.549,1,0.007625146,0
117,140,3844.701,1,0.011201778,0
328,143,3844.798,1,0.007572591,0
128,152,3845.119,1,0.010784186,0
48,158,3845.334,1,0.009157846,0
55,159,3845.367,1,0.008934331,0
280,160,3845.406,1,0.009514500,0
283,165,3845.581,1,0.008412564,0
23,165,3845.592,1,0.008566730,0
178,167,3845.651,1,0.010770520,0
283,168,3845.685,1,0.007523438,0
31,168,3845.685,1,0.008952251,0
24,170,3845.769,1,0.009155354,0
105,171,3845.786,1,0.009090877,0
286,171,3845.797,1,0.008194643,0
24,175,3845.944,1,0.008600101,0
304,177,3846.006,1,0.011434680,0
193,182,3846.183,1,0.011973356,0
87,183,3846.216,1,0.014555065,0
142,189,3846.417,1,0.014862992,0
32,192,3846.542,1,0.013853149,0
120,193,3846.588,1,0.014329175,0
324,200,3846.836,1,0.010711656,0
255,207,3847.057,1,0.008176521,0
192,208,3847.094,1,0.008207973,0
199,209,3847.126,1,0.007491834,0
19,219,3847.487,1,0.009459142,0
279,223,3847.621,1,0.007438397,0
274,240,3848.216,1,0.007180287,0
226,244,3848.37,1,0.004908057,0
311,246,3848.431,1,0.006674679,0
93,255,3848.746,1,0.008180069,0
88,255,3848.774,1,0.008253155,0
237,6,3849.415,1,0.007356603,0
263,6,3849.44,1,0.007826512,0
148,8,3849.483,1,0.013730330,0
57,8,3849.492,1,0.009585159,0
15,8,3849.505,1,0.009375051,0
152,11,3849.598,1,0.012951835,0
239,12,3849.633,1,0.007953574,0
145,14,3849.71,1,0.009772140,0
84,16,3849.766,1,0.010711555,0
173,16,3849.766,1,0.009238178,0
290,17,3849.802,1,0.006960990,0
47,18,3849.856,1,0.009466665,0
82,19,3849.879,1,0.010515145,0
173,20,3849.911,1,0.010719061,0
167,20,3849.936,1,0.011127831,0
161,21,3849.947,1,0.009212195,0
36,23,3850.011,1,0.042328514,0
308,24,3850.057,1,0.010321444,0
240,26,3850.126,1,0.010596843,0
65,30,3850.278,1,0.045305490,0
224,31,3850.3,1,0.011039799,0
85,32,3850.34,1,0.046531260,0
141,33,3850.374,1,0.047380097,0
86,34,3850.424,1,0.047329027,0
122,35,3850.457,1,0.025468929,0
238,38,3850.565,1,0.011758345,0
126,39,3850.577,1,0.019235101,0
320,40,3850.619,1,0.010223617,0
326,41,3850.655,1,0.010118259,0
103,47,3850.865,1,0.048837386,0
117,48,3850.895,1,0.048385050,0
133,54,3851.119,1,0.008754748,0
330,64,3851.46,1,0.006671933,0
62,68,3851.599,1,0.008979838,0
71,68,3851.618,1,0.008352409,0
103,72,3851.743,1,0.008796059,0
142,72,3851.761,1,0.009355447,0
116,91,3852.423,1,0.004866810,0
100,95,3852.56,1,0.007899843,0
97,104,3852.893,1,0.013439707,0
24,116,3853.294,1,0.009727865,0
260,124,3853.534,0,0.933889031,1
261,123,3853.538,1,0.955620170,1
134,128,3853.717,1,0.013242803,0
333,134,3853.932,1,0.007845241,0
137,134,3853.958,1,0.012510519,0
140,136,3854.005,1,0.039053123,0
138,139,3854.109,1,0.033452012,0
197,140,3854.146,1,0.019133279,0
19,142,3854.211,1,0.014119785,0
200,143,3854.246,1,0.021028943,0
195,160,3854.844,1,0.014069870,0
119,162,3854.933,1,0.015412370,0
16,163,3854.954,1,0.013988538,0
261,165,3855.051,1,0.009510336,0
255,168,3855.146,1,0.009652519,0
78,182,3855.65,1,0.008857283,0
263,208,3856.551,1,0.007679685,0
25,218,3856.894,1,0.008022343,0
53,255,3858.198,1,0.012914503,0
261,125,3873.13,0,0.805075228,0
97,5,3879.939,1,0.009481265,0
68,12,3880.182,1,0.009286552,0
158,19,3880.438,1,0.009374958,0
158,24,3880.608,1,0.009513130,0
193,28,3880.746,1,0.008509210,0
54,29,3880.778,1,0.009267667,0
246,34,3880.959,1,0.007815275,0
232,39,3881.152,1,0.008671057,0
312,42,3881.24,1,0.007573079,0
138,44,3881.311,1,0.008537664,0
140,44,3881.321,1,0.008876727,0
313,44,3881.332,1,0.007376990,0
305,45,3881.346,1,0.007437766,0
210,46,3881.403,1,0.011311220,0
63,48,3881.473,1,0.009483890,0
324,54,3881.672,1,0.007328163,0
231,56,3881.74,1,0.009623685,0
206,56,3881.752,1,0.009056582,0
213,60,3881.869,1,0.009343042,0
103,62,3881.945,1,0.009526242,0
100,64,3882.02,1,0.048665289,0
40,69,3882.188,1,0.019239392,0
97,71,3882.256,1,0.047919605,0
112,71,3882.266,1,0.050016843,0
80,72,3882.301,1,0.039225824,0
61,8,3882.322,1,0.042481475,0
335,76,3882.439,1,0.010021776,0
263,79,3882.549,1,0.023713388,0
255,80,3882.58,1,0.034926422,0
165,80,3882.604,1,0.060310613,0
243,84,3882.717,1,0.044660736,0
105,84,3882.731,1,0.046913415,0
52,85,3882.755,1,0.018632270,0
103,85,3882.766,1,0.044912495,0
189,87,3882.825,1,0.053710669,0
122,87,3882.826,1,0.050674848,0
119,88,3882.857,1,0.052231871,0
40,90,3882.936,1,0.016815113,0
216,93,3883.049,1,0.009076159,0
96,94,3883.073,1,0.006996643,0
192,95,3883.106,1,0.009112504,0
128,96,3883.153,1,0.005203860,0
94,96,3883.169,1,0.011027842,0
87,101,3883.333,1,0.013095936,0
176,102,3883.353,1,0.009825498,0
251,109,3883.609,1,0.008889864,0
264,110,3883.663,1,0.012210478,0
170,111,3883.669,1,0.004684939,0
151,50,3883.686,1,0.008569918,0
119,112,3883.714,1,0.014925589,0
205,116,3883.849,1,0.008766044,0
231,118,3883.92,1,0.009224758,0
253,120,3883.988,1,0.009112040,0
220,121,3884.05,1,0.006337183,0
221,122,3884.058,1,0.007880925,0
180,133,3884.449,1,0.005420269,0
272,138,3884.626,1,0.009664163,0
184,138,3884.632,1,0.004936938,0
320,139,3884.661,1,0.008067709,0
239,149,3885.015,1,0.009100216,0
265,156,3885.279,1,0.009817699,0
227,160,3885.405,1,0.009153075,0
274,164,3885.538,1,0.009044915,0
130,166,3885.63,1,0.009908373,0
223,167,3885.647,1,0.008596962,0
264,167,3885.661,1,0.009416872,0
123,173,3885.86,1,0.009114346,0
182,182,3886.177,1,0.014842724,0
332,187,3886.366,1,0.010740486,0
331,190,3886.464,1,0.010736408,0
279,192,3886.532,1,0.011299095,0
39,204,3886.97,1,0.013695234,0
216,213,3887.272,1,0.005720667,0
146,231,3887.928,1,0.008931596,0
117,248,3888.506,1,0.008090419,0
293,248,3888.52,1,0.006565773,0
165,3,3889.328,1,0.008614712,0
43,6,3889.412,1,0.009064006,0
27,8,3889.494,1,0.009181258,0
262,11,3889.601,1,0.006969845,0
208,13,3889.661,1,0.006275157,0
208,15,3889.729,1,0.006652548,0
82,15,3889.759,1,0.009784278,0
198,17,3889.805,1,0.007034611,0
280,17,3889.81,1,0.007309826,0
281,20,3889.909,1,0.007402556,0
231,24,3890.053,1,0.010437027,0
3,24,3890.061,1,0.043824621,0
250,27,3890.18,1,0.010675124,0
319,28,3890.197,1,0.010213377,0
229,29,3890.226,1,0.010733153,0
166,33,3890.366,1,0.044746049,0
305,35,3890.444,1,0.010440169,0
231,38,3890.549,1,0.012127743,0
176,38,3890.562,1,0.023730138,0
164,40,3890.62,1,0.049845394,0
180,42,3890.682,1,0.018196300,0
126,42,3890.711,1,0.049669284,0
168,42,3890.711,1,0.049997158,0
253,44,3890.754,1,0.011866789,0
179,46,3890.843,1,0.049914185,0
271,51,3891.012,1,0.008178649,0
112,53,3891.072,1,0.009008782,0
118,55,3891.153,1,0.008695006,0
122,56,3891.176,1,0.009024313,0
78,61,3891.373,1,0.008898501,0
192,62,3891.417,1,0.009073202,0
335,64,3891.46,1,0.006786836,0
326,70,3891.68,1,0.006807344,0
17,70,3891.7,1,0.010870345,0
38,79,3891.989,1,0.011586806,0
225,86,3892.254,1,0.008906314,0
264,87,3892.276,1,0.010416564,0
114,93,3892.483,1,0.005515872,0
4,95,3892.576,1,0.009869958,0
83,102,3892.804,1,0.012330786,0
312,104,3892.884,1,0.008128121,0
311,109,3893.044,1,0.008152099,0
25,111,3893.121,1,0.009553226,0
92,114,3893.22,1,0.012444215,0
93,117,3893.337,1,0.011862272,0
39,118,3893.392,1,0.009602883,0
261,123,3893.557,1,0.061252490,0
23,125,3893.615,1,0.009071667,0
28,128,3893.719,1,0.009137589,0
276,136,3894.002,1,0.023701739,0
319,142,3894.22,1,0.011271828,0
327,143,3894.246,1,0.010933769,0
180,156,3894.713,1,0.022883255,0
301,182,3895.618,1,0.008358651,0
36,185,3895.726,1,0.009062412,0
47,206,3896.484,1,0.008405761,0
201,223,3897.094,1,0.007086792,0
183,224,3897.099,1,0.009870606,0
8,252,3898.097,1,0.012466155,0
344,8,3920.045,1,0.006912664,0
74,13,3920.229,1,0.009544643,0
260,18,3920.393,1,0.007258478,0
151,20,3920.471,1,0.009443093,0
38,20,3920.484,1,0.008995472,0
145,22,3920.535,1,0.009533430,0
265,23,3920.57,1,0.007052747,0
15,23,3920.581,1,0.008658062,0
303,28,3920.75,1,0.007219792,0
297,31,3920.854,1,0.007135867,0
275,44,3921.307,1,0.007778527,0
32,48,3921.447,1,0.008889233,0
171,50,3921.533,1,0.008977021,0
27,52,3921.587,1,0.009327657,0
174,54,3921.663,1,0.009049887,0
28,56,3921.737,1,0.004143732,0
218,58,3921.822,1,0.008972216,0
80,59,3921.846,1,0.009169514,0
276,63,3921.978,1,0.008533104,0
161,72,3922.294,1,0.056954011,0
223,32,3922.345,1,0.011225709,0
193,74,3922.378,1,0.052176967,0
302,86,3922.787,1,0.011681559,0
54,86,3922.793,1,0.018858602,0
132,86,3922.804,1,0.056080919,0
39,88,3922.884,1,0.016959701,0
237,91,3922.969,1,0.044710599,0
178,94,3923.097,1,0.009988417,0
0,97,3923.197,1,0.009616152,0
296,100,3923.287,1,0.008944512,0
63,101,3923.322,1,0.010785111,0
72,104,3923.432,1,0.011428026,0
198,106,3923.504,1,0.009049096,0
48,107,3923.526,1,0.010253812,0
194,108,3923.57,1,0.009085711,0
223,111,3923.684,1,0.009513194,0
270,112,3923.721,1,0.008781628,0
141,115,3923.826,1,0.019327354,0
154,117,3923.887,1,0.013850654,0
136,118,3923.916,1,0.019041471,0
159,119,3923.972,1,0.006460805,0
252,125,3924.169,1,0.009320758,0
125,128,3924.277,1,0.012589062,0
143,145,3924.89,1,0.012387658,0
144,147,3924.941,1,0.012753291,0
183,150,3925.056,1,0.007323981,0
183,151,3925.095,1,0.007931526,0
319,157,3925.295,1,0.008012774,0
61,159,3925.346,1,0.008969414,0
263,164,3925.561,1,0.009872214,0
231,166,3925.612,1,0.011068506,0
39,168,3925.686,1,0.008898224,0
208,170,3925.773,1,0.004931003,0
166,182,3926.179,1,0.017130187,0
304,183,3926.205,1,0.011354314,0
109,185,3926.28,1,0.014520744,0
3,187,3926.352,1,0.013468858,0
108,189,3926.424,1,0.014450684,0
302,195,3926.629,1,0.010960166,0
184,200,3926.813,1,0.013045657,0
141,200,3926.838,1,0.014483425,0
247,205,3926.999,1,0.011834737,0
247,208,3927.089,1,0.008216354,0
290,209,3927.126,1,0.007517103,0
51,214,3927.328,1,0.006243440,0
51,218,3927.449,1,0.006950694,0
31,228,3927.813,1,0.008241910,0
236,233,3927.995,1,0.005309364,0
240,238,3928.146,1,0.005485717,0
31,240,3928.229,1,0.008274669,0
89,251,3928.622,1,0.008518267,0
341,1,3929.256,1,0.007059222,0
240,4,3929.344,1,0.006935951,0
7,6,3929.422,1,0.009175386,0
248,6,3929.441,1,0.006842378,0
143,12,3929.628,1,0.009595843,0
147,14,3929.698,1,0.009441965,0
115,16,3929.766,1,0.009811656,0
45,20,3929.913,1,0.009499840,0
2,21,3929.942,1,0.009228315,0
101,23,3930.019,1,0.044578750,0
51,23,3930.026,1,0.041058715,0
30,24,3930.05,1,0.043603610,0
274,26,3930.127,1,0.010558273,0
317,29,3930.23,1,0.010242485,0
152,36,3930.473,1,0.048331499,0
117,38,3930.543,1,0.049413159,0
181,40,3930.616,1,0.035107523,0
74,40,3930.633,1,0.048231684,0
177,44,3930.78,1,0.022595860,0
27,48,3930.915,1,0.036277778,0
320,51,3931.003,1,0.018462159,0
321,51,3931.009,1,0.019344449,0
296,52,3931.056,1,0.007615564,0
23,53,3931.088,1,0.004922485,0
27,54,3931.113,1,0.006781117,0
152,55,3931.142,1,0.009097680,0
45,64,3931.48,1,0.003927229,0
80,67,3931.565,1,0.008975766,0
87,69,3931.635,1,0.008816732,0
41,69,3931.643,1,0.007283369,0
295,87,3932.27,1,0.008594467,0
42,119,3933.403,1,0.009411460,0
202,124,3933.578,1,0.009791377,0
313,168,3935.13,1,0.008139540,0
149,179,3935.525,1,0.009958608,0
103,190,3935.912,1,0.008711775,0
154,215,3936.785,1,0.009151768,0
36,243,3937.783,1,0.008160674,0
217,244,3937.819,1,0.006163014,0
5,253,3938.149,1,0.012431252,0
262,124,3943.994,1,0.233342066,0
24,52,3959.549,1,0.008958594,0
175,3,3959.882,1,0.007898154,0
319,6,3959.981,1,0.007075675,0
247,10,3960.112,1,0.006836487,0
239,16,3960.324,1,0.006952418,0
177,16,3960.332,1,0.008655741,0
223,18,3960.403,1,0.006803245,0
199,22,3960.539,1,0.007462364,0
334,29,3960.78,1,0.006925161,0
39,31,3960.868,1,0.008694962,0
188,34,3960.957,1,0.010139448,0
304,36,3961.049,1,0.007397452,0
310,37,3961.076,1,0.007086735,0
47,42,3961.237,1,0.009278947,0
74,44,3961.315,1,0.009018864,0
329,47,3961.415,1,0.007286269,0
31,52,3961.603,1,0.009297095,0
26,55,3961.703,1,0.005275568,0
238,56,3961.738,1,0.012069467,0
216,62,3961.943,1,0.009052239,0
201,63,3961.989,1,0.009020314,0
114,69,3962.205,1,0.049802393,0
84,70,3962.224,1,0.042630509,0
287,70,3962.235,1,0.011852578,0
64,80,3962.58,1,0.022173459,0
32,48,3962.905,1,0.039399900,0
76,94,3963.077,1,0.012803108,0
161,95,3963.104,1,0.009921789,0
25,99,3963.255,1,0.009842423,0
304,102,3963.38,1,0.008506045,0
267,103,3963.397,1,0.011702690,0
285,103,3963.412,1,0.009428403,0
254,104,3963.419,1,0.009252006,0
252,107,3963.533,1,0.005532207,0
253,108,3963.574,1,0.005792308,0
180,115,3963.809,1,0.010054547,0
200,118,3963.941,1,0.009114718,0
310,119,3963.954,1,0.008139482,0
152,131,3964.402,1,0.015714267,0
192,133,3964.453,1,0.009505545,0
257,141,3964.741,1,0.013416118,0
312,142,3964.768,1,0.008061740,0
86,149,3965.035,1,0.007413147,0
86,151,3965.102,1,0.007768776,0
44,152,3965.118,1,0.009455082,0
184,155,3965.238,1,0.011574553,0
124,157,3965.307,1,0.009769870,0
315,159,3965.381,1,0.008100769,0
178,160,3965.421,1,0.011510291,0
234,164,3965.56,1,0.010323626,0
71,175,3965.943,1,0.008811254,0
36,180,3966.106,1,0.014110892,0
104,180,3966.118,1,0.014688182,0
136,189,3966.44,1,0.014631934,0
88,190,3966.468,1,0.014449217,0
122,192,3966.535,1,0.014350918,0
30,197,3966.705,1,0.013738120,0
168,199,3966.777,1,0.015541786,0
189,200,3966.815,1,0.011795715,0
191,205,3966.998,1,0.011389922,0
185,206,3967.039,1,0.008644643,0
7,247,3968.472,1,0.007855064,0
251,256,3968.796,1,0.005018721,0
143,6,3969.422,1,0.010728181,0
44,7,3969.467,1,0.009692413,0
42,8,3969.484,1,0.009267777,0
49,19,3969.87,1,0.009268180,0
231,20,3969.91,1,0.007021952,0
223,20,3969.919,1,0.006790344,0
217,22,3969.983,1,0.007040816,0
64,23,3970.025,1,0.041641194,0
267,24,3970.065,1,0.010542558,0
182,30,3970.258,1,0.021592453,0
108,32,3970.343,1,0.046035036,0
97,32,3970.359,1,0.046230510,0
77,34,3970.424,1,0.046909630,0
258,36,3970.491,1,0.010875811,0
11,37,3970.526,1,0.018460797,0
60,38,3970.564,1,0.048161358,0
170,40,3970.621,1,0.049373318,0
11,40,3970.621,1,0.027095895,0
133,42,3970.682,1,0.049815200,0
12,42,3970.69,1,0.033469073,0
195,42,3970.711,1,0.013816608,0
192,43,3970.724,1,0.053709712,0
123,43,3970.738,1,0.049012493,0
192,45,3970.791,1,0.019446775,0
9,46,3970.824,1,0.025067667,0
198,46,3970.828,1,0.046389513,0
191,47,3970.886,1,0.049815748,0
23,48,3970.904,1,0.033441197,0
127,48,3970.924,1,0.048280377,0
133,50,3970.966,1,0.048352372,0
141,52,3971.036,1,0.008660636,0
200,56,3971.206,1,0.009065385,0
135,59,3971.302,1,0.008790091,0
96,62,3971.41,1,0.009081432,0
327,63,3971.428,1,0.006749240,0
144,64,3971.457,1,0.009397618,0
301,64,3971.464,1,0.007616076,0
102,64,3971.477,1,0.009126620,0
153,68,3971.611,1,0.009283495,0
136,69,3971.644,1,0.009189117,0
317,71,3971.705,1,0.007278658,0
132,71,3971.714,1,0.009265824,0
56,71,3971.735,1,0.003760960,0
306,72,3971.742,1,0.007364365,0
313,72,3971.766,1,0.007484179,0
259,79,3971.986,1,0.008823123,0
232,83,3972.153,1,0.010268161,0
238,84,3972.183,1,0.009894392,0
334,88,3972.319,1,0.007070835,0
331,90,3972.388,1,0.007961912,0
331,92,3972.447,1,0.006905106,0
172,92,3972.452,1,0.010402963,0
117,93,3972.49,1,0.005013820,0
303,98,3972.68,1,0.008356825,0
282,106,3972.944,1,0.010233745,0
226,107,3972.981,1,0.009718494,0
285,108,3973.012,1,0.018631181,0
284,108,3973.023,1,0.019217944,0
312,112,3973.171,1,0.007980370,0
179,116,3973.3,1,0.008789779,0
10,120,3973.434,1,0.009389148,0
160,128,3973.739,1,0.017446676,0
144,134,3973.932,1,0.012960415,0
31,139,3974.106,1,0.014330030,0
209,140,3974.143,1,0.045787074,0
115,141,3974.176,1,0.022361293,0
275,143,3974.256,1,0.020956164,0
322,144,3974.286,1,0.011127920,0
30,150,3974.5,1,0.014320968,0
133,152,3974.565,1,0.021113077,0
133,156,3974.705,1,0.016400555,0
218,158,3974.794,1,0.041670244,0
158,164,3974.986,1,0.023413055,0
230,167,3975.103,1,0.010907378,0
190,175,3975.403,1,0.009608776,0
294,228,3977.25,1,0.007013250,0
233,236,3977.526,1,0.005415379,0
296,259,3978.346,1,0.009814150,0
21,7,4000.001,1,0.008641817,0
140,13,4000.219,1,0.009995491,0
263,18,4000.412,1,0.007359660,0
260,20,4000.464,1,0.007714842,0
127,24,4000.607,1,0.009264226,0
135,37,4001.064,1,0.009037822,0
158,40,4001.183,1,0.009329899,0
277,43,4001.286,1,0.008050787,0
39,46,4001.381,1,0.009204437,0
108,48,4001.451,1,0.009252723,0
176,51,4001.581,1,0.009481028,0
110,56,4001.736,1,0.009292393,0
219,63,4001.975,1,0.008975031,0
272,65,4002.057,1,0.012904901,0
294,68,4002.15,1,0.011271030,0
335,69,4002.206,1,0.009984070,0
122,76,4002.441,1,0.051886912,0
339,78,4002.508,1,0.009969347,0
272,78,4002.525,1,0.019995011,0
97,85,4002.755,1,0.044198912,0
118,95,4003.103,1,0.005646707,0
222,95,4003.131,1,0.009343564,0
26,101,4003.323,1,0.009938436,0
16,102,4003.355,1,0.010490339,0
19,103,4003.402,1,0.009812596,0
268,104,4003.419,1,0.010195130,0
187,104,4003.433,1,0.008833328,0
268,105,4003.466,1,0.010671322,0
28,109,4003.625,1,0.009813208,0
339,117,4003.888,1,0.007432421,0
48,123,4004.104,1,0.009957442,0
264,124,4004.142,1,0.012687299,0
96,126,4004.194,1,0.012331638,0
51,127,4004.262,1,0.009136107,0
279,134,4004.49,1,0.010649190,0
5,139,4004.665,1,0.008806555,0
230,141,4004.732,1,0.009993053,0
8,141,4004.752,1,0.008624696,0
50,142,4004.766,1,0.009432916,0
158,148,4004.973,1,0.013630647,0
84,149,4005.021,1,0.009624081,0
157,151,4005.079,1,0.013243862,0
301,153,4005.16,1,0.008781504,0
231,163,4005.505,1,0.011428554,0
237,168,4005.685,1,0.010745280,0
165,173,4005.866,1,0.010465589,0
204,174,4005.889,1,0.008854537,0
120,181,4006.159,1,0.014524094,0
10,136,4006.165,1,0.014128052,0
175,192,4006.543,1,0.015028112,0
38,202,4006.906,1,0.013731028,0
211,203,4006.931,1,0.010752044,0
20,209,4007.128,1,0.008447248,0
18,212,4007.235,1,0.010121274,0
40,212,4007.247,1,0.007354415,0
183,215,4007.337,1,0.009703714,0
71,215,4007.348,1,0.010008306,0
124,216,4007.372,1,0.009006185,0
36,216,4007.38,1,0.008363265,0
119,219,4007.484,1,0.009759658,0
140,245,4008.406,1,0.009019637,0
46,247,4008.469,1,0.009950352,0
109,247,4008.487,1,0.008243209,0
96,256,4008.807,1,0.009112362,0
247,4,4009.359,1,0.007353477,0
105,7,4009.468,1,0.009626526,0
247,8,4009.494,1,0.007704923,0
187,12,4009.635,1,0.008445092,0
187,14,4009.697,1,0.008112126,0
247,14,4009.697,1,0.007831465,0
256,15,4009.745,1,0.006869882,0
102,16,4009.766,1,0.009805460,0
131,18,4009.836,1,0.009692481,0
192,23,4010.02,1,0.011306871,0
128,24,4010.054,1,0.044658780,0
136,28,4010.219,1,0.044895150,0
132,30,4010.258,1,0.045683175,0
49,30,4010.264,1,0.045818377,0
225,30,4010.286,1,0.010876868,0
137,31,4010.297,1,0.046340890,0
121,31,4010.304,1,0.045778546,0
232,35,4010.443,1,0.011585108,0
15,36,4010.473,1,0.041365549,0
13,37,4010.523,1,0.039881870,0
297,38,4010.571,1,0.010544840,0
237,40,4010.619,1,0.012131188,0
231,45,4010.8,1,0.014857396,0
116,46,4010.828,1,0.048833776,0
32,48,4010.892,1,0.046165414,0
35,48,4010.9,1,0.073999487,0
55,59,4011.283,1,0.008494881,0
136,61,4011.383,1,0.009126944,0
199,63,4011.426,1,0.008703860,0
70,64,4011.463,1,0.008842322,0
15,64,4011.476,1,0.011585911,0
248,70,4011.674,1,0.009365768,0
328,78,4011.954,1,0.006992986,0
247,80,4012.03,1,0.009424592,0
20,84,4012.18,1,0.010118590,0
174,89,4012.35,1,0.010236546,0
88,93,4012.49,1,0.012240069,0
167,96,4012.601,1,0.010111532,0
35,100,4012.732,1,0.009663291,0
38,102,4012.806,1,0.009944316,0
31,103,4012.836,1,0.009590561,0
112,112,4013.169,1,0.014239810,0
204,80,4013.588,1,0.008841373,0
160,126,4013.646,1,0.015412261,0
155,126,4013.654,1,0.017316567,0
278,126,4013.665,1,0.009092278,0
130,128,4013.72,1,0.012885922,0
65,134,4013.935,1,0.009504373,0
320,135,4013.961,1,0.007868513,0
123,142,4014.232,1,0.024830284,0
186,144,4014.281,1,0.025012346,0
13,148,4014.421,1,0.014016102,0
40,149,4014.483,1,0.014481303,0
23,150,4014.504,1,0.014216951,0
157,152,4014.565,1,0.030765865,0
295,152,4014.579,1,0.012305798,0
119,165,4015.029,1,0.009485570,0
80,173,4015.304,1,0.009092961,0
334,176,4015.42,1,0.007739927,0
336,177,4015.464,1,0.007485355,0
184,183,4015.663,1,0.009435960,0
341,183,4015.665,1,0.007551664,0
152,195,4016.081,1,0.009329494,0
48,230,4017.317,1,0.008529813,0
176,232,4017.388,1,0.009213809,0
51,232,4017.396,1,0.008303793,0
232,243,4017.782,1,0.004450760,0
106,246,4017.899,1,0.008278560,0
258,125,4029.054,0,0.290277988,0
240,5,4039.945,1,0.006817078,0
26,6,4039.967,1,0.009044539,0
58,6,4039.98,1,0.009322141,0
46,21,4040.497,1,0.009272874,0
151,40,4041.164,1,0.009392488,0
65,40,4041.19,1,0.009273992,0
206,41,4041.215,1,0.010315644,0
169,42,4041.259,1,0.009396020,0
45,47,4041.437,1,0.009002909,0
16,48,4041.46,1,0.009088906,0
121,49,4041.495,1,0.008896206,0
280,51,4041.572,1,0.007688575,0
24,52,4041.587,1,0.006818741,0
273,52,4041.596,1,0.008855575,0
28,52,4041.612,1,0.007588452,0
273,53,4041.635,1,0.009219396,0
46,55,4041.7,1,0.008723048,0
119,56,4041.731,1,0.009505015,0
101,59,4041.837,1,0.008793648,0
298,60,4041.871,1,0.007606704,0
335,61,4041.93,1,0.007416966,0
104,62,4041.953,1,0.010708559,0
130,64,4042.034,1,0.049825910,0
132,65,4042.065,1,0.050073825,0
291,69,4042.206,1,0.011495024,0
7,71,4042.274,1,0.015373531,0
220,77,4042.484,1,0.049463302,0
282,86,4042.787,1,0.014108552,0
246,86,4042.793,1,0.044621538,0
144,96,4043.139,1,0.009735947,0
93,96,4043.161,1,0.010530065,0
151,98,4043.224,1,0.004529377,0
282,101,4043.322,1,0.010619835,0
202,102,4043.37,1,0.008986180,0
160,103,4043.397,1,0.004824559,0
120,104,4043.43,1,0.008821072,0
136,104,4043.439,1,0.006141257,0
121,105,4043.485,1,0.017844483,0
200,110,4043.659,1,0.009033046,0
159,111,4043.67,1,0.005884451,0
9,111,4043.678,1,0.009479559,0
183,112,4043.705,1,0.008996922,0
277,112,4043.72,1,0.010034875,0
271,116,4043.847,1,0.011036936,0
111,118,4043.938,1,0.012272842,0
344,121,4044.024,1,0.007227161,0
320,124,4044.15,1,0.007771588,0
144,125,4044.166,1,0.016801512,0
236,125,4044.177,1,0.009819609,0
127,130,4044.35,1,0.012480052,0
61,134,4044.48,1,0.009412003,0
133,134,4044.487,1,0.012487031,0
213,135,4044.513,1,0.008694328,0
210,135,4044.537,1,0.008497769,0
295,137,4044.585,1,0.008744458,0
227,141,4044.732,1,0.009627212,0
188,141,4044.741,1,0.004563930,0
112,148,4044.977,1,0.013063172,0
114,148,4044.977,1,0.015328182,0
136,151,4045.095,1,0.011170787,0
336,158,4045.34,1,0.007501839,0
255,160,4045.4,1,0.009623208,0
261,160,4045.407,1,0.010084930,0
153,164,4045.554,1,0.011155896,0
288,173,4045.883,1,0.008385800,0
309,176,4045.963,1,0.008130651,0
119,194,4046.598,1,0.014316069,0
1,197,4046.706,1,0.013302629,0
136,200,4046.72,1,0.014389914,0
24,200,4046.818,1,0.013616416,0
28,201,4046.848,1,0.013641344,0
24,207,4047.071,1,0.008426685,0
26,208,4047.093,1,0.008192837,0
231,215,4047.351,1,0.006016816,0
228,216,4047.385,1,0.008170324,0
168,220,4047.52,1,0.009469396,0
134,223,4047.639,1,0.008827111,0
328,231,4047.92,1,0.007026250,0
87,232,4047.951,1,0.008201024,0
214,255,4048.757,1,0.007385134,0
168,5,4049.384,1,0.008233687,0
296,5,4049.384,1,0.006947268,0
274,6,4049.415,1,0.006608718,0
239,6,4049.424,1,0.006776352,0
344,7,4049.452,1,0.006626269,0
271,8,4049.484,1,0.007080872,0
297,8,4049.489,1,0.007147988,0
69,10,4049.563,1,0.009480781,0
86,12,4049.63,1,0.009661047,0
220,14,4049.695,1,0.019920483,0
81,14,4049.696,1,0.009581076,0
302,14,4049.704,1,0.006949595,0
219,14,4049.714,1,0.012696799,0
23,15,4049.733,1,0.008976419,0
116,16,4049.766,1,0.009988549,0
136,19,4049.873,1,0.009967070,0
15,21,4049.943,1,0.009012712,0
116,21,4049.957,1,0.009903893,0
10,21,4049.97,1,0.009255989,0
15,23,4050.012,1,0.043116428,0
271,24,4050.073,1,0.010523946,0
103,27,4050.154,1,0.015090115,0
171,30,4050.264,1,0.048009541,0
248,30,4050.27,1,0.011166437,0
100,30,4050.279,1,0.014188571,0
171,32,4050.332,1,0.050709672,0
266,32,4050.338,1,0.010690096,0
244,34,4050.411,1,0.009752452,0
270,34,4050.423,1,0.010695836,0
327,35,4050.438,1,0.010076303,0
272,37,4050.514,1,0.010732327,0
56,40,4050.641,1,0.017194822,0
120,42,4050.704,1,0.049254924,0
113,43,4050.718,1,0.049054049,0
59,43,4050.744,1,0.021824179,0
125,45,4050.788,1,0.048875444,0
238,47,4050.857,1,0.014144858,0
274,48,4050.895,1,0.011142638,0
235,54,4051.107,1,0.010431271,0
269,54,4051.117,1,0.008192221,0
147,56,4051.183,1,0.008631700,0
285,57,4051.221,1,0.008040292,0
282,58,4051.247,1,0.009180933,0
267,60,4051.328,1,0.009092888,0
144,62,4051.394,1,0.009226882,0
267,62,4051.405,1,0.007540130,0
64,68,4051.601,1,0.008968337,0
187,70,4051.673,1,0.008721569,0
170,78,4051.961,1,0.009725348,0
101,84,4052.17,1,0.008595834,0
118,85,4052.203,1,0.009792579,0
174,86,4052.244,1,0.010361813,0
95,86,4052.264,1,0.004454482,0
32,48,4052.485,1,0.008694448,0
196,94,4052.522,1,0.008823836,0
308,96,4052.59,1,0.007800193,0
308,99,4052.704,1,0.008136303,0
44,106,4052.951,1,0.010019558,0
244,111,4053.137,1,0.009957038,0
120,134,4053.94,1,0.012538679,0
155,163,4054.956,1,0.023833048,0
56,214,4056.75,1,0.009210841,0
212,229,4057.284,1,0.007876808,0
161,236,4057.536,1,0.009429503,0
204,237,4057.58,1,0.007364846,0
63,4,4079.9,1,0.009315006,0
283,10,4080.114,1,0.006855381,0
285,15,4080.292,1,0.006866336,0
204,16,4080.331,1,0.006427180,0
11,22,4080.544,1,0.008691933,0
319,30,4080.813,1,0.006940600,0
138,37,4081.063,1,0.009356416,0
336,37,4081.085,1,0.006599208,0
248,43,4081.267,1,0.008429119,0
178,47,4081.419,1,0.009087979,0
264,52,4081.603,1,0.008555899,0
80,54,4081.663,1,0.009110571,0
312,78,4082.513,1,0.010814494,0
116,81,4082.616,1,0.050828520,0
0,84,4082.732,1,0.013859665,0
201,93,4083.038,1,0.007217751,0
201,94,4083.073,1,0.016327111,0
189,94,4083.089,1,0.008888452,0
153,103,4083.393,1,0.005516050,0
156,114,4083.783,1,0.006156209,0
152,119,4083.957,1,0.018369811,0
103,119,4083.967,1,0.012250735,0
284,120,4083.984,1,0.009516043,0
208,131,4084.385,1,0.009247466,0
144,136,4084.557,1,0.012737234,0
146,137,4084.594,1,0.012832771,0
272,141,4084.748,1,0.009620977,0
206,143,4084.805,1,0.009092592,0
220,144,4084.832,1,0.009630032,0
215,147,4084.945,1,0.009306108,0
287,160,4085.401,1,0.009040681,0
167,167,4085.643,1,0.011220460,0
224,180,4086.102,1,0.023221096,0
287,195,4086.64,1,0.011121567,0
170,201,4086.86,1,0.015373055,0
200,208,4087.09,1,0.007658327,0
327,211,4087.203,1,0.007577320,0
94,252,4088.651,1,0.010319149,0
29,4,4089.343,1,0.009639249,0
23,4,4089.35,1,0.009107248,0
27,5,4089.38,1,0.009155899,0
15,6,4089.414,1,0.009392266,0
76,7,4089.45,1,0.009899036,0
134,8,4089.491,1,0.006342286,0
135,8,4089.508,1,0.012646235,0
188,11,4089.589,1,0.007084736,0
133,12,4089.643,1,0.009665551,0
33,13,4089.663,1,0.008888267,0
43,14,4089.709,1,0.009290524,0
337,15,4089.741,1,0.007199641,0
106,16,4089.766,1,0.009813088,0
239,19,4089.873,1,0.007548134,0
136,20,4089.91,1,0.009969046,0
0,22,4089.997,1,0.009190420,0
2,23,4090.028,1,0.043233227,0
135,24,4090.047,1,0.044661324,0
117,24,4090.075,1,0.044622157,0
310,28,4090.195,1,0.010309352,0
113,29,4090.244,1,0.044627059,0
303,31,4090.295,1,0.010420428,0
235,34,4090.409,1,0.011340207,0
37,35,4090.435,1,0.047766834,0
128,35,4090.464,1,0.047792368,0
56,36,4090.489,1,0.047944918,0
6,38,4090.543,1,0.034509350,0
93,40,4090.621,1,0.034830388,0
89,40,4090.627,1,0.043871164,0
273,40,4090.641,1,0.010782528,0
160,44,4090.769,1,0.048873562,0
187,45,4090.79,1,0.049493060,0
95,48,4090.895,1,0.048857704,0
207,48,4090.904,1,0.031111518,0
0,51,4091.024,1,0.007134664,0
271,52,4091.049,1,0.008184240,0
205,52,4091.049,1,0.008733941,0
140,55,4091.145,1,0.009000039,0
227,55,4091.154,1,0.008750320,0
151,56,4091.182,1,0.008712006,0
1,63,4091.424,1,0.010686158,0
185,69,4091.636,1,0.008969112,0
269,70,4091.676,1,0.010107700,0
157,74,4091.822,1,0.009994118,0
245,80,4092.032,1,0.009500191,0
33,102,4092.799,1,0.009804788,0
212,103,4092.859,1,0.009137424,0
251,110,4093.093,1,0.009179536,0
9,112,4093.164,1,0.009299590,0
150,117,4093.329,1,0.017899908,0
323,126,4093.65,1,0.007738657,0
313,127,4093.682,1,0.008158567,0
61,132,4093.865,1,0.009502241,0
169,140,4094.143,1,0.041870359,0
104,143,4094.246,1,0.019259786,0
32,150,4094.499,1,0.014358291,0
309,158,4094.779,1,0.011573499,0
157,159,4094.809,1,0.011878907,0
280,159,4094.833,1,0.013448509,0
121,160,4094.853,1,0.016628314,0
160,162,4094.921,1,0.010890878,0
294,164,4094.997,1,0.012084681,0
159,168,4095.13,1,0.011165595,0
154,168,4095.14,1,0.011235207,0
291,168,4095.156,1,0.008590373,0
263,169,4095.189,1,0.009304973,0
10,136,4095.293,1,0.008672705,0
265,175,4095.374,1,0.008632535,0
193,178,4095.485,1,0.009084067,0
52,199,4096.235,1,0.008605787,0
16,207,4096.51,1,0.008498954,0
127,212,4096.682,1,0.008536478,0
106,217,4096.869,1,0.008599333,0
324,231,4097.362,1,0.007014735,0
325,242,4097.746,1,0.006919997,0
88,246,4097.891,1,0.008687139,0
136,254,4098.162,1,0.013488989,0
78,254,4098.176,1,0.013226915,0
200,224,4098.902,1,0.010323510,0
9,24,4120.597,1,0.008742743,0
129,24,4120.607,1,0.009347484,0
293,24,4120.629,1,0.007264442,0
128,25,4120.66,1,0.011385106,0
168,29,4120.782,1,0.009770368,0
161,30,4120.834,1,0.009986271,0
6,34,4120.97,1,0.008748766,0
65,36,4121.03,1,0.009649583,0
1,37,4121.069,1,0.008696885,0
153,40,4121.171,1,0.009467116,0
14,45,4121.346,1,0.009109857,0
48,46,4121.379,1,0.009002710,0
291,48,4121.469,1,0.008356443,0
238,54,4121.663,1,0.011439867,0
132,58,4121.821,1,0.009029888,0
134,63,4121.977,1,0.009154315,0
282,63,4121.987,1,0.008445004,0
21,69,4122.201,1,0.016405625,0
15,70,4122.229,1,0.015963038,0
326,71,4122.27,1,0.010142827,0
16,71,4122.273,1,0.018408073,0
150,76,4122.442,1,0.057125438,0
296,80,4122.578,1,0.011851568,0
253,88,4122.865,1,0.039180849,0
322,103,4123.393,1,0.007753995,0
320,104,4123.44,1,0.008059082,0
328,110,4123.637,1,0.007547916,0
261,110,4123.651,1,0.009259742,0
286,111,4123.671,1,0.009913656,0
89,112,4123.731,1,0.012016677,0
16,114,4123.786,1,0.009705749,0
177,119,4123.966,1,0.004494028,0
257,127,4124.24,1,0.032158270,0
270,144,4124.846,1,0.010010730,0
267,150,4125.056,1,0.010179791,0
88,152,4125.123,1,0.010153187,0
228,153,4125.158,1,0.009614264,0
195,157,4125.317,1,0.008188286,0
303,159,4125.376,1,0.008493419,0
93,160,4125.397,1,0.009717117,0
192,162,4125.486,1,0.010024302,0
183,163,4125.507,1,0.010154395,0
200,165,4125.584,1,0.006854758,0
232,165,4125.596,1,0.011561408,0
197,168,4125.69,1,0.009872909,0
326,171,4125.814,1,0.007507920,0
30,172,4125.834,1,0.009419243,0
325,175,4125.923,1,0.008075295,0
211,176,4125.982,1,0.005366871,0
94,180,4126.115,1,0.014690562,0
163,184,4126.252,1,0.017012073,0
191,189,4126.423,1,0.011952079,0
160,212,4127.242,1,0.009597611,0
279,232,4127.96,1,0.007188756,0
140,247,4128.479,1,0.009236014,0
52,247,4128.48,1,0.008846451,0
93,6,4129.417,1,0.009721965,0
126,8,4129.509,1,0.009803173,0
103,12,4129.639,1,0.009724526,0
207,13,4129.667,1,0.006646532,0
231,14,4129.695,1,0.007275323,0
89,19,4129.871,1,0.005659976,0
90,20,4129.908,1,0.014349711,0
205,20,4129.917,1,0.007171895,0
130,23,4130.014,1,0.063702099,0
133,23,4130.023,1,0.092215836,0
15,26,4130.129,1,0.044705901,0
23,29,4130.225,1,0.046116706,0
162,30,4130.276,1,0.044727307,0
223,32,4130.329,1,0.011240347,0
161,32,4130.334,1,0.045004457,0
202,40,4130.618,1,0.018702751,0
17,46,4130.831,1,0.032258414,0
152,48,4130.909,1,0.048233960,0
275,64,4131.465,1,0.008837329,0
268,70,4131.67,1,0.009868747,0
323,86,4132.239,1,0.007558940,0
157,88,4132.308,1,0.010416775,0
53,94,4132.523,1,0.010887615,0
47,95,4132.555,1,0.010185890,0
296,95,4132.579,1,0.009043141,0
49,96,4132.589,1,0.006211091,0
50,96,4132.601,1,0.011064103,0
55,101,4132.767,1,0.010342238,0
153,102,4132.816,1,0.005199044,0
271,112,4133.16,1,0.011963847,0
11,120,4133.44,1,0.009372513,0
289,121,4133.483,1,0.009995803,0
144,123,4133.543,1,0.016134037,0
268,133,4133.894,1,0.013279153,0
48,138,4134.072,1,0.014762897,0
212,141,4134.198,1,0.044524714,0
128,148,4134.426,1,0.024175936,0
262,152,4134.571,1,0.021391157,0
328,155,4134.666,1,0.010798810,0
209,156,4134.706,1,0.025296506,0
71,166,4135.073,1,0.009102654,0
327,175,4135.381,1,0.007761341,0
176,211,4136.65,1,0.010457252,0
311,230,4137.32,1,0.007878942,0
225,233,4137.44,1,0.005597753,0
230,234,4137.46,1,0.005165591,0
274,75,4140.626,1,0.010154238,0
32,48,4141.84,1,0.008872336,0
262,125,4159.193,1,0.309163123,0
258,124,4159.78,0,0.576990902,0
145,10,4160.113,1,0.009733103,0
87,12,4160.194,1,0.009423047,0
212,15,4160.303,1,0.006531723,0
271,19,4160.431,1,0.007124309,0
259,123,4160.461,0,0.319901586,0
245,23,4160.568,1,0.007164136,0
162,24,4160.601,1,0.009178868,0
166,25,4160.643,1,0.009216970,0
165,26,4160.669,1,0.008986583,0
179,26,4160.675,1,0.010371201,0
176,28,4160.754,1,0.010927783,0
113,32,4160.888,1,0.009385010,0
209,33,4160.93,1,0.008055747,0
305,43,4161.288,1,0.007452474,0
215,44,4161.313,1,0.010218218,0
227,46,4161.396,1,0.010261171,0
150,52,4161.587,1,0.008817670,0
155,54,4161.671,1,0.008832265,0
248,55,4161.718,1,0.010041669,0
94,57,4161.769,1,0.009050739,0
54,61,4161.917,1,0.008872059,0
263,63,4161.986,1,0.010152076,0
156,70,4162.221,1,0.055851121,0
36,71,4162.259,1,0.019044433,0
241,72,4162.305,1,0.044633511,0
120,79,4162.562,1,0.052348085,0
204,80,4162.574,1,0.048836622,0
32,48,4162.625,1,0.039863560,0
23,85,4162.765,1,0.015916942,0
42,86,4162.794,1,0.017513430,0
256,88,4162.86,1,0.035685476,0
80,94,4163.074,1,0.013583709,0
186,101,4163.326,1,0.009101975,0
185,104,4163.422,1,0.009057862,0
78,106,4163.502,1,0.011808145,0
67,114,4163.786,1,0.010171338,0
222,123,4164.105,1,0.009714090,0
117,137,4164.587,1,0.011440078,0
228,142,4164.761,1,0.009574725,0
240,148,4164.977,1,0.009131119,0
256,150,4165.068,1,0.010719040,0
316,151,4165.095,1,0.008008614,0
149,152,4165.12,1,0.012503969,0
275,158,4165.356,1,0.009958236,0
293,160,4165.403,1,0.019116784,0
292,160,4165.42,1,0.018360317,0
165,165,4165.589,1,0.008432340,0
133,166,4165.613,1,0.009869794,0
239,167,4165.645,1,0.010214245,0
168,168,4165.68,1,0.007732072,0
99,168,4165.692,1,0.009490051,0
63,172,4165.824,1,0.009100268,0
68,173,4165.853,1,0.008723696,0
300,174,4165.898,1,0.008262488,0
295,175,4165.932,1,0.008414092,0
88,176,4165.969,1,0.009769455,0
8,180,4166.107,1,0.013670587,0
200,182,4166.194,1,0.011259839,0
235,184,4166.247,1,0.015575873,0
136,184,4166.256,1,0.014913702,0
159,186,4166.333,1,0.017111773,0
320,197,4166.717,1,0.010773575,0
64,199,4166.789,1,0.014094200,0
144,201,4166.868,1,0.014607096,0
258,208,4167.09,1,0.007837135,0
73,212,4167.237,1,0.008743251,0
87,215,4167.345,1,0.010053294,0
200,224,4167.661,1,0.008133679,0
279,224,4167.675,1,0.007515637,0
176,246,4168.433,1,0.011068423,0
76,251,4168.608,1,0.008258910,0
2,252,4168.639,1,0.008590337,0
73,255,4168.75,1,0.008452442,0
186,256,4168.787,1,0.009444516,0
267,3,4169.31,1,0.007429494,0
308,6,4169.412,1,0.007013635,0
157,8,4169.482,1,0.010796483,0
191,8,4169.502,1,0.007707023,0
174,13,4169.661,1,0.008229093,0
27,13,4169.682,1,0.008890620,0
8,14,4169.723,1,0.009321115,0
118,15,4169.744,1,0.010101805,0
139,16,4169.765,1,0.009412447,0
255,16,4169.776,1,0.008017282,0
142,16,4169.786,1,0.010697931,0
130,20,4169.919,1,0.009802386,0
83,21,4169.949,1,0.009569612,0
183,22,4169.99,1,0.008803537,0
148,27,4170.155,1,0.044699404,0
306,28,4170.214,1,0.010352991,0
205,29,4170.23,1,0.011049039,0
3,30,4170.283,1,0.041269545,0
0,32,4170.337,1,0.037455086,0
2,35,4170.447,1,0.036226381,0
120,37,4170.508,1,0.049141150,0
127,40,4170.617,1,0.049717482,0
311,47,4170.87,1,0.010361417,0
131,55,4171.141,1,0.008678705,0
216,59,4171.279,1,0.008990764,0
104,60,4171.321,1,0.008730420,0
71,60,4171.333,1,0.008540818,0
63,61,4171.356,1,0.006946002,0
23,61,4171.37,1,0.005851692,0
61,63,4171.427,1,0.007062508,0
96,64,4171.469,1,0.009165174,0
104,67,4171.575,1,0.009178729,0
291,72,4171.743,1,0.008278297,0
63,79,4171.992,1,0.004831475,0
135,84,4172.163,1,0.004644378,0
81,84,4172.181,1,0.004998699,0
253,85,4172.202,1,0.009362937,0
248,87,4172.273,1,0.009561643,0
138,87,4172.299,1,0.010217809,0
129,92,4172.448,1,0.009076799,0
128,93,4172.493,1,0.021236084,0
150,96,4172.587,1,0.013277060,0
148,96,4172.592,1,0.005375458,0
189,98,4172.66,1,0.008819425,0
151,50,4172.668,1,0.008560277,0
151,99,4172.698,1,0.005687762,0
123,101,4172.782,1,0.005724091,0
75,102,4172.805,1,0.011546426,0
284,106,4172.97,1,0.009160391,0
240,108,4173.019,1,0.009678764,0
279,111,4173.116,1,0.009314112,0
265,114,4173.224,1,0.014484120,0
200,117,4173.332,1,0.009295814,0
55,117,4173.346,1,0.009696281,0
40,118,4173.369,1,0.009879720,0
58,119,4173.399,1,0.009608073,0
105,121,4173.469,1,0.012364390,0
110,122,4173.522,1,0.012548288,0
245,123,4173.539,1,0.010122234,0
159,125,4173.62,1,0.014254196,0
258,126,4173.649,1,0.062118314,0
159,127,4173.69,1,0.020132994,0
199,128,4173.727,1,0.007229365,0
61,128,4173.733,1,0.009513846,0
201,130,4173.787,1,0.007529472,0
203,130,4173.816,1,0.007952373,0
206,131,4173.823,1,0.009161823,0
320,135,4173.965,1,0.007871730,0
38,135,4173.973,1,0.008866090,0
194,136,4174.012,1,0.047367580,0
131,136,4174.025,1,0.031800151,0
128,137,4174.039,1,0.029406324,0
124,138,4174.09,1,0.027091250,0
296,160,4174.875,1,0.012113743,0
103,163,4174.963,1,0.015209297,0
12,168,4175.131,1,0.010115982,0
10,169,4175.164,1,0.008732649,0
60,182,4175.622,1,0.008765290,0
9,190,4175.918,1,0.008230802,0
46,191,4175.943,1,0.008637144,0
41,192,4175.977,1,0.008420145,0
149,198,4176.186,1,0.009042975,0
108,211,4176.653,1,0.008705949,0
120,219,4176.947,1,0.008788005,0
172,224,4177.113,1,0.009047882,0
167,228,4177.249,1,0.008934491,0
224,255,4178.219,1,0.005425448,0
66,13,4200.213,1,0.009507157,0
27,52,4201.584,1,0.009875057,0
240,57,4201.77,1,0.012778537,0
331,60,4201.872,1,0.007638367,0
260,68,4202.173,1,0.021092907,0
320,69,4202.193,1,0.010269552,0
270,71,4202.278,1,0.015169603,0
192,75,4202.419,1,0.052052338,0
176,77,4202.478,1,0.056083281,0
263,78,4202.513,1,0.023595948,0
221,79,4202.552,1,0.049918503,0
254,90,4202.924,1,0.037891679,0
104,95,4203.119,1,0.005674364,0
247,96,4203.139,1,0.009278931,0
271,98,4203.21,1,0.010411934,0
277,98,4203.217,1,0.009412558,0
292,98,4203.232,1,0.009475308,0
248,99,4203.252,1,0.009771904,0
92,101,4203.325,1,0.013816445,0
228,102,4203.357,1,0.009472282,0
291,103,4203.39,1,0.009196357,0
42,105,4203.461,1,0.010400645,0
47,105,4203.47,1,0.009953070,0
314,112,4203.709,1,0.007907333,0
72,112,4203.727,1,0.010919427,0
11,122,4204.069,1,0.008975464,0
173,125,4204.173,1,0.005251732,0
13,126,4204.208,1,0.008855244,0
236,127,4204.238,1,0.018634390,0
235,127,4204.25,1,0.018545428,0
48,132,4204.408,1,0.009452594,0
138,132,4204.43,1,0.012845082,0
95,134,4204.49,1,0.010163482,0
65,135,4204.52,1,0.009316339,0
98,135,4204.526,1,0.010585046,0
239,138,4204.629,1,0.008971771,0
132,143,4204.801,1,0.012364048,0
111,144,4204.838,1,0.010150001,0
8,146,4204.912,1,0.008780537,0
63,148,4204.993,1,0.009095827,0
15,149,4205.016,1,0.008606954,0
200,158,4205.338,1,0.004821538,0
194,159,4205.367,1,0.010389323,0
262,159,4205.378,1,0.009952940,0
145,160,4205.409,1,0.011013737,0
209,162,4205.48,1,0.004161115,0
78,162,4205.49,1,0.009530318,0
206,167,4205.65,1,0.004677791,0
147,170,4205.774,1,0.010189659,0
117,175,4205.934,1,0.008982372,0
145,180,4206.108,1,0.016139859,0
313,189,4206.423,1,0.011072666,0
241,189,4206.431,1,0.013232874,0
159,191,4206.496,1,0.016661596,0
48,195,4206.641,1,0.013997142,0
160,199,4206.77,1,0.016134392,0
264,202,4206.904,1,0.009091143,0
265,203,4206.935,1,0.009481825,0
266,204,4206.97,1,0.013715571,0
136,207,4207.062,1,0.008719322,0
34,213,4207.275,1,0.008458435,0
137,213,4207.296,1,0.008166740,0
140,215,4207.336,1,0.006476870,0
140,216,4207.376,1,0.005691528,0
44,219,4207.479,1,0.008624806,0
230,222,4207.601,1,0.005672059,0
261,124,4208.238,1,0.573585629,0
89,254,4208.72,1,0.008012998,0
30,6,4209.415,1,0.009142632,0
94,7,4209.45,1,0.009905445,0
64,7,4209.45,1,0.009802025,0
239,9,4209.53,1,0.006792225,0
78,11,4209.589,1,0.009758744,0
224,12,4209.625,1,0.006529879,0
20,13,4209.687,1,0.009211711,0
237,14,4209.694,1,0.006862146,0
280,14,4209.701,1,0.006963331,0
83,15,4209.747,1,0.009854988,0
88,16,4209.768,1,0.009890991,0
22,16,4209.775,1,0.009513917,0
205,19,4209.875,1,0.006926465,0
18,19,4209.884,1,0.011299926,0
19,21,4209.949,1,0.008993976,0
95,22,4209.979,1,0.009498063,0
63,23,4210.01,1,0.041284092,0
116,24,4210.057,1,0.082921319,0
114,24,4210.074,1,0.078053646,0
112,25,4210.091,1,0.044605684,0
287,25,4210.111,1,0.010458708,0
272,29,4210.229,1,0.010598743,0
98,32,4210.33,1,0.045627840,0
50,35,4210.44,1,0.047812968,0
308,35,4210.453,1,0.010379627,0
150,38,4210.557,1,0.049322169,0
240,40,4210.612,1,0.011998976,0
155,45,4210.791,1,0.048838127,0
224,46,4210.827,1,0.022652440,0
32,48,4210.895,1,0.039975397,0
70,48,4210.902,1,0.048616458,0
257,51,4211.03,1,0.009009033,0
344,54,4211.132,1,0.006490772,0
40,56,4211.181,1,0.008781906,0
241,60,4211.319,1,0.009057049,0
14,62,4211.387,1,0.011189953,0
197,64,4211.472,1,0.005632006,0
198,65,4211.503,1,0.009776626,0
258,69,4211.639,1,0.010787300,0
144,71,4211.724,1,0.009374249,0
191,72,4211.742,1,0.009098677,0
188,75,4211.849,1,0.009044189,0
40,77,4211.917,1,0.012264620,0
121,79,4211.996,1,0.009437150,0
39,83,4212.129,1,0.011125014,0
34,85,4212.2,1,0.010786536,0
223,32,4212.314,1,0.007820013,0
151,91,4212.417,1,0.010177859,0
86,92,4212.449,1,0.008630765,0
120,100,4212.749,1,0.005719244,0
255,104,4212.867,1,0.017052950,0
254,104,4212.872,1,0.021866759,0
47,112,4213.171,1,0.009978604,0
230,115,4213.262,1,0.010076759,0
88,119,4213.405,1,0.011279982,0
57,120,4213.444,1,0.009665295,0
199,123,4213.543,1,0.008914677,0
195,124,4213.577,1,0.008720052,0
255,134,4213.931,1,0.009086698,0
206,141,4214.197,1,0.042854864,0
41,144,4214.281,1,0.014540949,0
216,147,4214.389,1,0.044610519,0
176,151,4214.535,1,0.029033793,0
288,166,4215.066,1,0.009079261,0
183,182,4215.623,1,0.009759284,0
197,182,4215.65,1,0.009243959,0
277,202,4216.354,1,0.007927596,0
273,205,4216.435,1,0.007699016,0
271,206,4216.465,1,0.008691436,0
295,213,4216.715,1,0.007431231,0
64,221,4217.004,1,0.008460795,0
248,248,4217.957,1,0.005340864,0
261,122,4219.849,0,0.917607903,1
259,122,4221.34,0,0.876449347,0
260,122,4223.114,0,0.969923556,1
262,124,4223.965,1,0.974540651,1
258,124,4224.741,1,0.659319222,0
262,122,4225.662,0,0.885444939,0
260,122,4238.657,0,0.798651576,0
259,124,4238.662,1,0.030257875,0
213,3,4239.872,1,0.006547638,0
235,7,4240.0,1,0.006600821,0
269,10,4240.114,1,0.006873471,0
225,10,4240.119,1,0.009352597,0
227,12,4240.182,1,0.007152727,0
151,17,4240.36,1,0.009031910,0
1,21,4240.495,1,0.008607980,0
96,22,4240.549,1,0.009564258,0
189,24,4240.611,1,0.008284932,0
98,30,4240.816,1,0.009385755,0
153,30,4240.833,1,0.009563684,0
66,32,4240.894,1,0.008831475,0
112,37,4241.084,1,0.009264699,0
66,39,4241.133,1,0.008983628,0
184,42,4241.242,1,0.009211480,0
227,43,4241.293,1,0.010113485,0
282,45,4241.341,1,0.007552075,0
64,48,4241.459,1,0.008928503,0
121,51,4241.568,1,0.008873481,0
145,51,4241.581,1,0.008938655,0
277,56,4241.732,1,0.008509581,0
81,61,4241.915,1,0.008846560,0
321,62,4241.945,1,0.007070477,0
260,123,4242.023,1,0.029609269,0
99,64,4242.03,1,0.048647232,0
148,70,4242.227,1,0.053288355,0
249,72,4242.301,1,0.036960877,0
149,79,4242.551,1,0.058170993,0
132,80,4242.593,1,0.054091256,0
131,87,4242.828,1,0.056105673,0
76,90,4242.928,1,0.027554315,0
108,93,4243.058,1,0.005721880,0
320,94,4243.087,1,0.007664540,0
16,96,4243.143,1,0.009988888,0
24,96,4243.151,1,0.010652038,0
55,102,4243.356,1,0.010251645,0
79,107,4243.534,1,0.012279925,0
38,110,4243.649,1,0.009840462,0
152,112,4243.728,1,0.007020044,0
92,114,4243.771,1,0.012206804,0
49,115,4243.813,1,0.010101233,0
88,115,4243.836,1,0.011870793,0
220,118,4243.921,1,0.009400926,0
95,119,4243.956,1,0.011945099,0
129,120,4243.99,1,0.014844188,0
80,125,4244.18,1,0.010526652,0
300,128,4244.278,1,0.008643965,0
56,128,4244.296,1,0.009570476,0
249,130,4244.349,1,0.008899663,0
255,132,4244.42,1,0.008871895,0
160,134,4244.478,1,0.016008109,0
145,135,4244.52,1,0.012556958,0
149,136,4244.554,1,0.012935935,0
333,138,4244.636,1,0.007439882,0
159,140,4244.702,1,0.013625495,0
264,141,4244.747,1,0.012004879,0
156,142,4244.765,1,0.013307674,0
143,143,4244.799,1,0.012271940,0
58,143,4244.809,1,0.009319856,0
11,146,4244.903,1,0.008438538,0
311,146,4244.914,1,0.008123625,0
304,149,4245.01,1,0.008397267,0
167,149,4245.026,1,0.012925345,0
79,151,4245.082,1,0.009329498,0
40,151,4245.089,1,0.008736270,0
297,158,4245.326,1,0.008578082,0
208,160,4245.414,1,0.004451514,0
21,165,4245.587,1,0.008573399,0
247,166,4245.633,1,0.010191021,0
194,172,4245.825,1,0.008966845,0
21,178,4246.041,1,0.013919000,0
294,180,4246.118,1,0.011615265,0
160,187,4246.349,1,0.016843168,0
151,188,4246.392,1,0.016016752,0
111,192,4246.533,1,0.014355451,0
186,208,4247.094,1,0.008664882,0
227,216,4247.391,1,0.006368032,0
323,224,4247.655,1,0.007381797,0
208,6,4249.412,1,0.006715069,0
16,6,4249.425,1,0.009313597,0
145,6,4249.438,1,0.013385157,0
144,8,4249.499,1,0.010333608,0
203,14,4249.706,1,0.006764738,0
219,20,4249.908,1,0.007778611,0
207,20,4249.919,1,0.007971153,0
197,22,4249.988,1,0.008209348,0
239,23,4250.04,1,0.010508123,0
216,24,4250.047,1,0.010435535,0
312,24,4250.077,1,0.009092660,0
312,27,4250.177,1,0.009721344,0
163,29,4250.225,1,0.051801145,0
80,29,4250.247,1,0.044374354,0
163,31,4250.295,1,0.051806137,0
304,33,4250.365,1,0.010411679,0
76,37,4250.536,1,0.047834810,0
159,45,4250.795,1,0.048666138,0
288,54,4251.114,1,0.007795607,0
83,61,4251.367,1,0.008769346,0
248,62,4251.395,1,0.009728517,0
143,70,4251.672,1,0.009158335,0
97,72,4251.746,1,0.010617211,0
96,73,4251.781,1,0.018048830,0
131,78,4251.983,1,0.009644021,0
208,88,4252.31,1,0.009049883,0
79,101,4252.781,1,0.012242625,0
32,48,4252.844,1,0.008820125,0
34,109,4253.049,1,0.009929305,0
31,117,4253.338,1,0.009578715,0
204,80,4253.557,1,0.009144101,0
260,124,4253.574,1,0.730665863,0
34,132,4253.867,1,0.009737843,0
53,135,4253.96,1,0.009211214,0
135,139,4254.106,1,0.032472767,0
180,142,4254.215,1,0.030349646,0
107,142,4254.23,1,0.020328417,0
305,144,4254.306,1,0.011860519,0
12,147,4254.387,1,0.014011022,0
211,148,4254.439,1,0.041560996,0
269,158,4254.795,1,0.015749887,0
282,162,4254.923,1,0.013045698,0
288,181,4255.614,1,0.008312334,0
303,192,4255.977,1,0.008015784,0
313,200,4256.282,1,0.007610885,0
139,204,4256.418,1,0.008601019,0
125,205,4256.445,1,0.008681832,0
46,208,4256.567,1,0.008605465,0
75,252,4258.091,1,0.013235974,0
287,257,4258.274,1,0.009870615,0
15,259,4258.348,1,0.012461114,0
10,136,4261.438,1,0.009085123,0
259,121,4265.955,0,0.960347235,1
261,123,4269.55,1,0.986212730,1
259,123,4269.629,1,0.994617283,1
258,123,4270.696,1,0.990416408,1
260,121,4271.641,0,0.965980470,1
293,24,4280.607,1,0.007261819,0
181,29,4280.784,1,0.009325092,0
288,32,4280.888,1,0.007529233,0
8,46,4281.382,1,0.008936899,0
117,55,4281.71,1,0.008930143,0
296,58,4281.817,1,0.007542221,0
132,64,4282.009,1,0.049862638,0
94,68,4282.15,1,0.048659593,0
140,70,4282.245,1,0.051540468,0
36,72,4282.302,1,0.019105490,0
38,76,4282.454,1,0.018678922,0
159,78,4282.513,1,0.059379052,0
253,79,4282.547,1,0.037776861,0
259,80,4282.585,1,0.029383320,0
252,82,4282.647,1,0.040661704,0
247,83,4282.688,1,0.044610977,0
72,86,4282.804,1,0.025363071,0
117,87,4282.826,1,0.048675217,0
50,92,4283.001,1,0.011063069,0
335,94,4283.083,1,0.007221771,0
110,97,4283.186,1,0.005711670,0
241,98,4283.21,1,0.009275998,0
308,102,4283.354,1,0.008308742,0
152,102,4283.373,1,0.005841071,0
241,104,4283.438,1,0.009190937,0
88,104,4283.45,1,0.013090711,0
31,120,4283.994,1,0.009277164,0
144,121,4284.038,1,0.018699145,0
3,126,4284.208,1,0.008676510,0
13,130,4284.344,1,0.008887209,0
7,131,4284.393,1,0.008578539,0
91,144,4284.84,1,0.009658423,0
94,146,4284.908,1,0.009891332,0
182,149,4285.027,1,0.011759542,0
104,152,4285.127,1,0.009990397,0
261,121,4285.178,0,0.974906027,1
0,159,4285.36,1,0.008364597,0
315,159,4285.375,1,0.018492788,0
314,159,4285.392,1,0.020497093,0
122,160,4285.406,1,0.010125861,0
184,162,4285.475,1,0.010192994,0
21,164,4285.54,1,0.009773528,0
18,164,4285.551,1,0.008506319,0
120,165,4285.575,1,0.009515341,0
272,168,4285.686,1,0.009215272,0
259,121,4286.095,0,0.964307904,1
68,181,4286.164,1,0.014421565,0
16,182,4286.191,1,0.013784192,0
327,184,4286.249,1,0.010792521,0
140,192,4286.532,1,0.014743221,0
43,194,4286.615,1,0.013965201,0
62,197,4286.728,1,0.014117940,0
136,200,4286.806,1,0.014402703,0
206,200,4286.82,1,0.010662728,0
38,205,4286.985,1,0.013688562,0
271,208,4287.096,1,0.007857889,0
12,211,4287.195,1,0.008603565,0
223,216,4287.377,1,0.004968743,0
260,121,4287.53,0,0.982678890,1
134,253,4288.687,1,0.008279440,0
257,254,4288.716,1,0.005403772,0
162,6,4289.431,1,0.008722831,0
55,8,4289.486,1,0.009365295,0
30,13,4289.664,1,0.009331591,0
64,16,4289.785,1,0.009562546,0
278,23,4290.012,1,0.010454445,0
182,23,4290.02,1,0.012722097,0
276,24,4290.05,1,0.010482091,0
84,28,4290.19,1,0.043596473,0
255,29,4290.24,1,0.010691806,0
60,31,4290.296,1,0.045081832,0
24,31,4290.311,1,0.046874285,0
321,32,4290.346,1,0.010156672,0
238,36,4290.471,1,0.011516870,0
177,36,4290.478,1,0.042893238,0
191,36,4290.484,1,0.019722350,0
88,40,4290.614,1,0.048330370,0
192,40,4290.642,1,0.029384932,0
92,42,4290.685,1,0.048507337,0
103,44,4290.756,1,0.049015228,0
166,45,4290.793,1,0.088370137,0
166,46,4290.831,1,0.135598108,0
43,48,4290.902,1,0.020855816,0
42,48,4290.92,1,0.016503206,0
41,51,4291.013,1,0.008597089,0
64,52,4291.051,1,0.009022039,0
271,55,4291.142,1,0.008224250,0
127,57,4291.231,1,0.008815113,0
125,58,4291.275,1,0.009332218,0
95,61,4291.377,1,0.008655467,0
21,64,4291.461,1,0.011011411,0
293,69,4291.634,1,0.008008270,0
164,69,4291.641,1,0.009348534,0
8,71,4291.718,1,0.010511649,0
153,79,4291.996,1,0.010308072,0
4,84,4292.17,1,0.009843896,0
183,102,4292.805,1,0.009213879,0
191,103,4292.841,1,0.009176314,0
298,104,4292.869,1,0.007522459,0
295,104,4292.874,1,0.007902015,0
28,104,4292.877,1,0.010062809,0
13,104,4292.897,1,0.009592245,0
54,107,4292.975,1,0.010518878,0
87,118,4293.364,1,0.011500269,0
260,123,4293.537,1,0.830147386,0
58,124,4293.577,1,0.009829856,0
243,136,4294.0,1,0.036281884,0
39,142,4294.216,1,0.014508583,0
228,158,4294.776,1,0.029166963,0
278,173,4295.315,1,0.008509533,0
200,226,4297.199,1,0.007219894,0
145,230,4297.318,1,0.009099833,0
306,231,4297.356,1,0.006900642,0
133,234,4297.463,1,0.009179635,0
53,255,4298.199,1,0.012938700,0
139,259,4298.354,1,0.013455003,0
259,120,4302.731,0,0.790255129,0
262,120,4303.182,0,0.961210728,1
259,122,4313.127,1,0.912099361,1
259,120,4318.202,0,0.837165058,0
261,120,4318.686,0,0.913504422,1
129,4,4319.913,1,0.009336958,0
122,8,4320.037,1,0.009512389,0
290,8,4320.047,1,0.007077139,0
244,10,4320.121,1,0.007210873,0
185,13,4320.217,1,0.007492157,0
248,15,4320.299,1,0.007323478,0
126,16,4320.331,1,0.009463731,0
260,120,4320.353,0,0.975832582,1
336,26,4320.693,1,0.006950352,0
268,28,4320.75,1,0.007542103,0
36,29,4320.788,1,0.009265211,0
132,31,4320.866,1,0.009949623,0
51,32,4320.894,1,0.008844670,0
87,46,4321.404,1,0.009220467,0
38,47,4321.425,1,0.008987429,0
32,48,4321.447,1,0.009138383,0
198,48,4321.46,1,0.009287618,0
5,48,4321.47,1,0.003873000,0
5,53,4321.628,1,0.006551221,0
215,59,4321.844,1,0.008997810,0
48,64,4322.027,1,0.029999318,0
205,75,4322.417,1,0.048877615,0
204,80,4322.427,1,0.048829421,0
81,84,4322.714,1,0.033326048,0
331,86,4322.801,1,0.010395753,0
120,95,4323.103,1,0.005290487,0
6,95,4323.114,1,0.009763579,0
164,102,4323.364,1,0.008493358,0
151,50,4323.441,1,0.008812100,0
35,106,4323.509,1,0.009977351,0
13,109,4323.597,1,0.009441363,0
219,110,4323.637,1,0.009499289,0
201,115,4323.814,1,0.008737596,0
160,116,4323.861,1,0.006324527,0
124,119,4323.966,1,0.015054565,0
261,123,4324.104,1,0.929980993,1
257,123,4324.115,1,0.630858183,0
222,124,4324.129,1,0.009626817,0
209,126,4324.227,1,0.008958460,0
16,127,4324.243,1,0.009088738,0
8,255,4324.298,1,0.008376827,0
211,140,4324.711,1,0.008980211,0
225,142,4324.767,1,0.009389357,0
131,143,4324.805,1,0.011985189,0
30,144,4324.844,1,0.008913414,0
226,158,4325.354,1,0.009342306,0
175,159,4325.361,1,0.011765473,0
128,159,4325.361,1,0.009965959,0
214,159,4325.384,1,0.009130419,0
230,167,4325.651,1,0.012286937,0
79,167,4325.671,1,0.008937730,0
235,200,4326.805,1,0.011874127,0
113,205,4326.994,1,0.014147877,0
238,208,4327.087,1,0.007590833,0
178,4,4329.353,1,0.007669899,0
156,8,4329.483,1,0.010279454,0
180,8,4329.501,1,0.007764226,0
8,9,4329.529,1,0.008946752,0
153,12,4329.624,1,0.008015265,0
10,12,4329.624,1,0.007813819,0
220,13,4329.663,1,0.006395552,0
10,14,4329.705,1,0.007541629,0
181,14,4329.718,1,0.008513110,0
153,15,4329.736,1,0.008400722,0
15,23,4330.02,1,0.042702030,0
145,24,4330.056,1,0.044659078,0
9,30,4330.261,1,0.044770367,0
16,31,4330.299,1,0.046821766,0
52,31,4330.321,1,0.045501560,0
249,38,4330.544,1,0.011325333,0
29,39,4330.585,1,0.046929676,0
210,40,4330.622,1,0.013708774,0
134,41,4330.657,1,0.049940206,0
272,43,4330.722,1,0.010856715,0
199,45,4330.789,1,0.036018163,0
120,45,4330.797,1,0.048893332,0
210,46,4330.828,1,0.021258049,0
295,48,4330.898,1,0.010603424,0
288,49,4330.929,1,0.010674922,0
287,59,4331.297,1,0.007944602,0
20,61,4331.356,1,0.008322777,0
279,63,4331.431,1,0.008481184,0
162,64,4331.462,1,0.009175590,0
125,69,4331.644,1,0.008992046,0
319,72,4331.74,1,0.008899048,0
318,73,4331.789,1,0.007793277,0
175,78,4331.953,1,0.009599215,0
295,79,4331.992,1,0.008394837,0
106,85,4332.205,1,0.010159886,0
63,87,4332.279,1,0.011794477,0
206,88,4332.309,1,0.008791620,0
254,93,4332.495,1,0.009358684,0
48,97,4332.636,1,0.010880973,0
53,103,4332.846,1,0.010056939,0
254,104,4332.873,1,0.009155751,0
248,105,4332.903,1,0.010280754,0
248,111,4333.124,1,0.009831885,0
204,80,4333.229,1,0.008856676,0
320,117,4333.327,1,0.007808911,0
14,119,4333.399,1,0.009062228,0
212,124,4333.581,1,0.009302860,0
249,125,4333.628,1,0.009507138,0
319,129,4333.761,1,0.007899137,0
317,132,4333.861,1,0.008460335,0
40,140,4334.158,1,0.014551037,0
129,154,4334.634,1,0.022348955,0
184,158,4334.787,1,0.018013595,0
87,164,4334.99,1,0.014947676,0
29,173,4335.319,1,0.008896184,0
260,120,4335.46,0,0.987083673,1
122,179,4335.521,1,0.009306882,0
66,215,4336.796,1,0.008408805,0
245,215,4336.806,1,0.007075645,0
247,243,4337.781,1,0.005651065,0
274,244,4337.814,1,0.006846358,0
278,247,4337.929,1,0.006719891,0
116,251,4338.07,1,0.013385203,0
258,119,4343.823,0,0.971702635,1
258,120,4345.976,0,0.982252479,1
260,121,4348.123,1,0.986553848,1
259,119,4348.997,0,0.973855674,1
261,120,4355.02,0,0.995209277,1
260,119,4355.977,0,0.992185175,1
259,121,4357.025,1,0.979935646,1
175,8,4360.055,1,0.007930911,0
112,16,4360.32,1,0.009903608,0
113,19,4360.439,1,0.009607051,0
262,29,4360.784,1,0.007609084,0
64,45,4361.345,1,0.009718288,0
67,46,4361.383,1,0.009663154,0
24,52,4361.598,1,0.009093601,0
143,74,4362.367,1,0.053411480,0
21,79,4362.557,1,0.016295742,0
12,80,4362.574,1,0.015406864,0
32,48,4362.701,1,0.040277839,0
305,85,4362.769,1,0.011508274,0
87,87,4362.831,1,0.033325110,0
53,94,4363.07,1,0.010884402,0
275,96,4363.144,1,0.009834331,0
96,99,4363.26,1,0.016148569,0
260,103,4363.388,1,0.009117780,0
279,104,4363.424,1,0.011084436,0
133,104,4363.442,1,0.005774905,0
126,111,4363.673,1,0.017252905,0
150,111,4363.688,1,0.007001282,0
64,112,4363.73,1,0.010464019,0
275,116,4363.859,1,0.009483737,0
88,120,4363.995,1,0.011338278,0
260,122,4364.086,1,0.969437659,1
96,126,4364.195,1,0.011832017,0
48,134,4364.493,1,0.009342968,0
224,134,4364.502,1,0.009617524,0
320,135,4364.515,1,0.008021204,0
52,135,4364.537,1,0.009355134,0
259,119,4364.564,0,0.970436037,1
283,139,4364.681,1,0.009262153,0
227,141,4364.726,1,0.008182398,0
230,144,4364.855,1,0.009825586,0
268,145,4364.873,1,0.010025263,0
189,148,4364.994,1,0.004702399,0
63,151,4365.085,1,0.009146110,0
297,154,4365.195,1,0.008639096,0
311,155,4365.244,1,0.008240975,0
144,159,4365.362,1,0.010935832,0
222,160,4365.405,1,0.009175750,0
131,160,4365.421,1,0.010338423,0
81,162,4365.481,1,0.009445694,0
111,166,4365.615,1,0.009268640,0
103,166,4365.633,1,0.009209727,0
177,168,4365.692,1,0.010664382,0
216,168,4365.708,1,0.008217077,0
104,173,4365.881,1,0.008957037,0
217,174,4365.902,1,0.008231444,0
163,184,4366.242,1,0.016957944,0
57,188,4366.39,1,0.014223207,0
331,189,4366.442,1,0.010742228,0
18,192,4366.552,1,0.013680073,0
143,197,4366.709,1,0.014721903,0
97,198,4366.739,1,0.014388692,0
160,224,4367.656,1,0.009228014,0
168,226,4367.733,1,0.009090152,0
116,229,4367.855,1,0.009306222,0
191,234,4368.025,1,0.007494288,0
186,256,4368.78,1,0.008675760,0
217,256,4368.793,1,0.004922840,0
342,258,4368.863,1,0.006345055,0
260,120,4369.109,1,0.991291940,1
260,119,4369.307,0,0.988117993,1
183,4,4369.352,1,0.007307647,0
214,16,4369.789,1,0.006453888,0
249,20,4369.907,1,0.007453464,0
185,23,4370.021,1,0.012093000,0
44,23,4370.033,1,0.040514585,0
315,24,4370.053,1,0.010197198,0
244,30,4370.263,1,0.010723926,0
212,30,4370.272,1,0.011111560,0
299,32,4370.334,1,0.010455674,0
6,35,4370.438,1,0.038805261,0
85,40,4370.642,1,0.048238065,0
184,42,4370.698,1,0.048557162,0
166,48,4370.922,1,0.048553597,0
30,49,4370.934,1,0.038019191,0
175,51,4371.031,1,0.008677778,0
157,61,4371.363,1,0.008893217,0
87,62,4371.395,1,0.008611945,0
218,64,4371.475,1,0.009071371,0
243,68,4371.615,1,0.009136358,0
8,70,4371.678,1,0.010703458,0
92,71,4371.715,1,0.009089082,0
122,80,4372.045,1,0.009462641,0
128,81,4372.058,1,0.009817319,0
164,84,4372.193,1,0.010620973,0
228,85,4372.203,1,0.009429860,0
28,85,4372.217,1,0.010878418,0
105,92,4372.459,1,0.005246019,0
39,94,4372.53,1,0.010031573,0
295,98,4372.672,1,0.008901480,0
55,106,4372.94,1,0.010154242,0
333,106,4372.952,1,0.007330429,0
166,122,4373.507,1,0.005656212,0
191,125,4373.614,1,0.008915592,0
71,136,4373.999,1,0.009864716,0
217,136,4374.005,1,0.044749778,0
304,141,4374.174,1,0.011951735,0
258,142,4374.212,1,0.024080431,0
72,142,4374.233,1,0.015304263,0
141,143,4374.248,1,0.033990584,0
143,144,4374.289,1,0.034708902,0
135,150,4374.52,1,0.026958138,0
132,151,4374.533,1,0.025103772,0
186,156,4374.731,1,0.018087357,0
213,163,4374.955,1,0.024848757,0
158,171,4375.236,1,0.011009157,0
204,174,4375.339,1,0.008227241,0
2,176,4375.42,1,0.008638287,0
245,186,4375.786,1,0.009296139,0
309,191,4375.955,1,0.007926691,0
112,207,4376.505,1,0.010068020,0
56,214,4376.753,1,0.009761145,0
205,222,4377.054,1,0.007653541,0
142,223,4377.079,1,0.008997691,0
260,120,4380.269,1,0.939793289,1
260,118,4391.698,0,0.897865534,0
262,118,4391.89,0,0.906979859,1
261,120,4393.239,1,0.997008145,1
15,3,4399.874,1,0.008693766,0
90,7,4400.009,1,0.009950911,0
143,17,4400.369,1,0.009626235,0
317,30,4400.812,1,0.006924951,0
223,32,4400.882,1,0.007961068,0
71,35,4400.995,1,0.008680210,0
95,40,4401.184,1,0.009184751,0
311,48,4401.456,1,0.007451080,0
287,61,4401.933,1,0.008348621,0
176,69,4402.199,1,0.052515976,0
76,71,4402.265,1,0.039778333,0
219,78,4402.516,1,0.049010348,0
117,79,4402.549,1,0.052015387,0
122,84,4402.733,1,0.087421179,0
122,85,4402.768,1,0.089282691,0
16,90,4402.926,1,0.014677301,0
18,91,4402.975,1,0.014762532,0
212,92,4402.999,1,0.049044438,0
240,92,4403.026,1,0.009421458,0
15,93,4403.033,1,0.009673834,0
14,95,4403.118,1,0.009793551,0
110,96,4403.141,1,0.005969789,0
105,97,4403.193,1,0.006027611,0
74,99,4403.256,1,0.008906087,0
73,100,4403.289,1,0.005625837,0
73,101,4403.319,1,0.009621940,0
275,102,4403.362,1,0.009710893,0
304,105,4403.455,1,0.008424536,0
152,111,4403.674,1,0.006416713,0
41,111,4403.683,1,0.010212496,0
79,112,4403.709,1,0.011291842,0
315,116,4403.859,1,0.008044865,0
312,118,4403.92,1,0.008294795,0
260,120,4403.985,1,0.995264292,1
258,122,4404.064,1,0.969352424,1
111,126,4404.227,1,0.012400370,0
182,127,4404.235,1,0.005282521,0
183,128,4404.276,1,0.010514624,0
135,133,4404.457,1,0.012110073,0
44,133,4404.473,1,0.009248257,0
82,135,4404.519,1,0.009953132,0
112,136,4404.555,1,0.011924074,0
200,137,4404.596,1,0.009103458,0
303,138,4404.626,1,0.007222595,0
301,140,4404.703,1,0.007424383,0
203,143,4404.81,1,0.008583594,0
39,148,4404.974,1,0.008815570,0
32,149,4405.011,1,0.008672594,0
248,150,4405.042,1,0.012467470,0
79,152,4405.132,1,0.009495637,0
1,163,4405.499,1,0.008438459,0
109,173,4405.862,1,0.009049370,0
197,174,4405.91,1,0.009287280,0
132,181,4406.151,1,0.014953756,0
157,194,4406.596,1,0.016372042,0
119,196,4406.675,1,0.014292947,0
112,198,4406.75,1,0.014250270,0
136,200,4406.808,1,0.014414756,0
35,206,4407.023,1,0.008580892,0
146,218,4407.446,1,0.008878091,0
148,220,4407.52,1,0.009201728,0
15,224,4407.669,1,0.008257461,0
166,232,4407.941,1,0.010659075,0
311,237,4408.123,1,0.007039902,0
52,240,4408.224,1,0.009378040,0
280,245,4408.413,1,0.007056649,0
61,8,4409.484,1,0.009714686,0
61,14,4409.71,1,0.007357860,0
63,16,4409.773,1,0.008156920,0
278,22,4409.983,1,0.007401255,0
282,24,4410.049,1,0.010445747,0
297,29,4410.237,1,0.010454356,0
1,35,4410.449,1,0.036257252,0
321,36,4410.475,1,0.009055068,0
285,38,4410.543,1,0.010635379,0
87,38,4410.57,1,0.047774568,0
321,39,4410.578,1,0.009524171,0
207,41,4410.658,1,0.014560038,0
32,48,4410.705,1,0.040367868,0
279,42,4410.709,1,0.010715037,0
31,44,4410.778,1,0.043978505,0
172,45,4410.791,1,0.049619339,0
310,46,4410.831,1,0.010355185,0
35,46,4410.848,1,0.043999821,0
62,52,4411.037,1,0.007989551,0
62,55,4411.141,1,0.007884069,0
299,58,4411.245,1,0.007541614,0
279,58,4411.253,1,0.008247131,0
4,64,4411.458,1,0.011310352,0
23,64,4411.471,1,0.007946909,0
164,66,4411.555,1,0.009264025,0
292,88,4412.308,1,0.008918001,0
135,94,4412.52,1,0.010093179,0
271,97,4412.627,1,0.013053265,0
189,104,4412.884,1,0.008605176,0
76,106,4412.94,1,0.011684989,0
183,110,4413.088,1,0.009182099,0
64,116,4413.298,1,0.009039062,0
66,118,4413.367,1,0.008512486,0
259,119,4413.401,1,0.983959138,1
156,128,4413.746,1,0.005908256,0
158,130,4413.795,1,0.015622114,0
159,133,4413.895,1,0.016079819,0
220,136,4414.026,1,0.044738710,0
183,139,4414.109,1,0.029552463,0
203,157,4414.75,1,0.018831147,0
342,158,4414.777,1,0.010612673,0
261,119,4416.63,1,0.999789298,1
197,211,4416.646,1,0.006941090,0
262,119,4417.129,1,0.997387230,1
161,254,4418.171,1,0.014255550,0
299,256,4418.24,1,0.009876255,0
260,117,4421.603,0,0.958758414,1
260,119,4421.695,1,0.998388886,1
259,120,4423.671,1,0.999392629,1
262,117,4423.751,0,0.953540325,1
259,119,4430.065,1,0.031346560,0
259,117,4431.831,0,0.987526953,1
260,117,4432.598,0,0.996156514,1
22,4,4439.901,1,0.009163087,0
239,5,4439.94,1,0.006811866,0
138,6,4439.972,1,0.009282351,0
190,10,4440.125,1,0.007034827,0
109,13,4440.224,1,0.009463065,0
160,19,4440.428,1,0.009707748,0
165,21,4440.51,1,0.012046377,0
243,26,4440.689,1,0.008379415,0
246,27,4440.719,1,0.007627791,0
23,28,4440.755,1,0.008715573,0
319,29,4440.797,1,0.007194071,0
202,31,4440.85,1,0.008411803,0
223,32,4440.889,1,0.007988829,0
33,45,4441.348,1,0.008817558,0
73,51,4441.567,1,0.008960145,0
216,59,4441.832,1,0.008936211,0
218,62,4441.946,1,0.009199259,0
230,71,4442.265,1,0.047234926,0
116,72,4442.304,1,0.050416704,0
63,79,4442.545,1,0.023936598,0
208,87,4442.823,1,0.080116391,0
209,87,4442.834,1,0.117851906,0
307,87,4442.848,1,0.011445196,0
276,95,4443.114,1,0.009562664,0
331,98,4443.227,1,0.007671619,0
183,103,4443.402,1,0.009061304,0
166,106,4443.502,1,0.006241948,0
246,107,4443.543,1,0.009589143,0
111,109,4443.605,1,0.016635410,0
148,110,4443.654,1,0.006836117,0
92,111,4443.686,1,0.012497648,0
118,112,4443.717,1,0.015972300,0
177,113,4443.74,1,0.010013780,0
88,116,4443.851,1,0.011886124,0
24,118,4443.915,1,0.009486372,0
275,124,4444.128,1,0.009857705,0
67,124,4444.14,1,0.009687662,0
327,124,4444.146,1,0.007737024,0
278,127,4444.238,1,0.010256290,0
260,127,4444.244,1,0.009865360,0
230,131,4444.394,1,0.010417955,0
215,131,4444.395,1,0.009547470,0
149,132,4444.42,1,0.013887169,0
132,133,4444.455,1,0.008801524,0
149,134,4444.509,1,0.014613555,0
120,135,4444.515,1,0.012823845,0
132,136,4444.557,1,0.008573071,0
129,138,4444.624,1,0.012608317,0
16,140,4444.707,1,0.009382674,0
44,152,4445.116,1,0.009467138,0
272,152,4445.124,1,0.010270734,0
60,152,4445.138,1,0.009868477,0
56,154,4445.201,1,0.010076222,0
234,156,4445.261,1,0.009420867,0
82,158,4445.332,1,0.009874536,0
266,160,4445.42,1,0.011233598,0
15,166,4445.615,1,0.009103945,0
277,167,4445.643,1,0.009536649,0
167,183,4446.232,1,0.016868709,0
107,191,4446.488,1,0.014410623,0
161,196,4446.67,1,0.016132729,0
318,196,4446.679,1,0.010846923,0
274,197,4446.722,1,0.011305298,0
143,200,4446.81,1,0.014646489,0
54,225,4447.702,1,0.008683535,0
296,245,4448.395,1,0.006986932,0
151,246,4448.438,1,0.008167366,0
136,2,4449.273,1,0.014094206,0
55,6,4449.432,1,0.009687100,0
70,7,4449.447,1,0.010109385,0
219,7,4449.454,1,0.006501263,0
253,7,4449.454,1,0.007132013,0
127,10,4449.582,1,0.007145606,0
210,13,4449.689,1,0.006308169,0
127,14,4449.701,1,0.006418389,0
240,15,4449.732,1,0.007067676,0
99,16,4449.773,1,0.009728655,0
28,18,4449.859,1,0.009547835,0
260,23,4450.012,1,0.010502075,0
119,23,4450.029,1,0.044626489,0
84,24,4450.064,1,0.041893769,0
168,26,4450.124,1,0.027709002,0
157,30,4450.261,1,0.044721767,0
156,32,4450.334,1,0.044872809,0
72,35,4450.438,1,0.046566904,0
178,38,4450.545,1,0.045810256,0
160,39,4450.578,1,0.049856588,0
194,39,4450.589,1,0.022915691,0
251,40,4450.613,1,0.011494346,0
28,40,4450.62,1,0.045568779,0
236,44,4450.753,1,0.013540274,0
232,47,4450.864,1,0.018835356,0
338,47,4450.872,1,0.009903758,0
153,48,4450.904,1,0.027835065,0
34,48,4450.921,1,0.037042558,0
160,50,4450.979,1,0.048806649,0
316,53,4451.073,1,0.007041456,0
15,55,4451.152,1,0.004405357,0
192,56,4451.178,1,0.008858711,0
198,56,4451.196,1,0.008888532,0
232,61,4451.353,1,0.009440262,0
307,68,4451.616,1,0.007641888,0
107,69,4451.64,1,0.009053865,0
331,70,4451.679,1,0.007098475,0
107,71,4451.723,1,0.008800576,0
138,72,4451.745,1,0.009384847,0
167,76,4451.884,1,0.009661229,0
32,48,4452.031,1,0.007562063,0
279,88,4452.31,1,0.009685705,0
151,50,4452.382,1,0.006977863,0
285,92,4452.45,1,0.009954711,0
240,94,4452.529,1,0.009458284,0
180,95,4452.557,1,0.009581108,0
259,118,4452.668,1,0.974582732,1
11,105,4452.904,1,0.009412745,0
217,108,4453.016,1,0.009466887,0
65,109,4453.047,1,0.010677168,0
63,110,4453.086,1,0.011733244,0
139,117,4453.334,1,0.017654780,0
106,119,4453.409,1,0.012358657,0
265,127,4453.691,1,0.009940886,0
269,128,4453.719,1,0.011424336,0
136,128,4453.72,1,0.011699034,0
140,132,4453.858,1,0.011825752,0
266,134,4453.934,1,0.013470765,0
304,143,4454.252,1,0.011923170,0
90,153,4454.599,1,0.019466424,0
93,153,4454.611,1,0.020580523,0
123,191,4455.966,1,0.010865198,0
66,207,4456.505,1,0.009091809,0
240,211,4456.65,1,0.007732695,0
159,230,4457.319,1,0.009488200,0
260,116,4460.243,0,0.998207927,1
260,118,4460.715,1,0.991270900,1
259,116,4461.291,0,0.993566930,1
261,116,4462.344,0,0.763139367,0
262,118,4466.349,1,0.028594395,0
259,116,4472.658,0,0.999901772,1
260,117,4473.877,1,0.999272406,1
336,2,4479.842,1,0.006619060,0
285,5,4479.944,1,0.006901703,0
289,12,4480.192,1,0.006875939,0
111,18,4480.398,1,0.007526027,0
111,21,4480.503,1,0.007053572,0
57,23,4480.565,1,0.008598975,0
56,24,4480.605,1,0.008137018,0
105,24,4480.62,1,0.010021311,0
127,30,4480.835,1,0.009229968,0
23,45,4481.36,1,0.008667291,0
104,46,4481.378,1,0.008982932,0
238,47,4481.411,1,0.010021477,0
273,48,4481.459,1,0.008066049,0
233,52,4481.591,1,0.011733812,0
176,55,4481.71,1,0.009104963,0
270,56,4481.734,1,0.008295308,0
280,58,4481.812,1,0.007941334,0
217,62,4481.951,1,0.009037511,0
228,72,4482.297,1,0.048745878,0
168,80,4482.575,1,0.058825575,0
96,80,4482.587,1,0.042018287,0
204,86,4482.798,1,0.048743431,0
77,88,4482.862,1,0.027589006,0
337,92,4483.013,1,0.007216812,0
309,93,4483.043,1,0.008017763,0
199,94,4483.074,1,0.008604900,0
77,95,4483.109,1,0.012938230,0
230,96,4483.157,1,0.009399443,0
224,97,4483.188,1,0.009377597,0
208,99,4483.266,1,0.009024346,0
295,103,4483.398,1,0.008926802,0
250,104,4483.421,1,0.009340853,0
39,104,4483.437,1,0.009713604,0
31,106,4483.496,1,0.009642414,0
69,110,4483.639,1,0.004536069,0
70,110,4483.639,1,0.012427226,0
95,114,4483.775,1,0.012057125,0
16,115,4483.816,1,0.009386452,0
104,116,4483.847,1,0.012515463,0
260,117,4483.878,1,0.990455925,1
128,118,4483.919,1,0.016466731,0
330,118,4483.928,1,0.007395372,0
260,119,4483.95,1,0.962754071,1
110,119,4483.973,1,0.012707862,0
222,120,4483.986,1,0.009397134,0
208,120,4483.999,1,0.009269678,0
24,122,4484.059,1,0.009384971,0
191,124,4484.143,1,0.008475460,0
135,128,4484.285,1,0.013747220,0
180,132,4484.418,1,0.013351416,0
183,132,4484.439,1,0.003599142,0
314,135,4484.525,1,0.008295398,0
88,138,4484.637,1,0.009938722,0
250,139,4484.672,1,0.009270715,0
312,140,4484.697,1,0.008164674,0
32,141,4484.733,1,0.009263242,0
54,144,4484.842,1,0.009189789,0
119,151,4485.089,1,0.010163147,0
259,117,4485.374,1,0.968636513,1
234,163,4485.52,1,0.012476962,0
147,163,4485.531,1,0.010908320,0
105,164,4485.553,1,0.009534429,0
131,165,4485.572,1,0.009848233,0
140,165,4485.585,1,0.010014124,0
166,167,4485.651,1,0.011163713,0
106,168,4485.677,1,0.009369702,0
238,168,4485.685,1,0.010288597,0
260,115,4485.764,0,0.983188927,1
213,171,4485.791,1,0.006041566,0
47,174,4485.899,1,0.008690894,0
164,175,4485.929,1,0.010331058,0
231,175,4485.935,1,0.009662155,0
161,194,4486.605,1,0.016282020,0
44,198,4486.742,1,0.013908309,0
260,116,4487.013,0,0.999108255,1
129,206,4487.025,1,0.009124179,0
193,210,4487.163,1,0.008151239,0
139,214,4487.313,1,0.008537469,0
142,216,4487.382,1,0.008979117,0
234,236,4488.082,1,0.005185404,0
12,238,4488.146,1,0.010198633,0
261,115,4488.64,0,0.999519587,1
48,256,4488.785,1,0.008908158,0
221,256,4488.796,1,0.003988772,0
82,259,4488.899,1,0.009490083,0
40,4,4489.355,1,0.009427428,0
34,6,4489.436,1,0.009573758,0
55,9,4489.524,1,0.009342309,0
248,11,4489.598,1,0.007030848,0
48,12,4489.633,1,0.009662589,0
282,13,4489.679,1,0.006861002,0
63,14,4489.721,1,0.009634103,0
190,14,4489.721,1,0.007394497,0
332,15,4489.74,1,0.007258829,0
311,16,4489.788,1,0.007456566,0
142,20,4489.907,1,0.009683948,0
97,20,4489.921,1,0.009949253,0
317,20,4489.935,1,0.007648364,0
101,22,4489.985,1,0.009681438,0
267,23,4490.023,1,0.010487449,0
121,24,4490.052,1,0.044638958,0
88,24,4490.072,1,0.042287894,0
91,28,4490.212,1,0.042618833,0
218,31,4490.301,1,0.011180809,0
166,32,4490.329,1,0.044709016,0
41,32,4490.337,1,0.046579994,0
280,32,4490.341,1,0.010594308,0
5,34,4490.42,1,0.038726192,0
40,35,4490.436,1,0.047941744,0
54,36,4490.474,1,0.047618832,0
231,37,4490.527,1,0.012021660,0
224,38,4490.543,1,0.012334380,0
324,38,4490.55,1,0.010090567,0
209,39,4490.581,1,0.015311926,0
211,40,4490.619,1,0.013677624,0
209,41,4490.652,1,0.015837295,0
271,44,4490.768,1,0.010989559,0
24,45,4490.802,1,0.038986742,0
128,48,4490.894,1,0.048315983,0
134,50,4490.964,1,0.048319850,0
227,52,4491.035,1,0.011495717,0
317,52,4491.043,1,0.007076110,0
270,52,4491.066,1,0.008210975,0
336,53,4491.099,1,0.006629779,0
134,56,4491.184,1,0.009022650,0
120,64,4491.46,1,0.009300935,0
136,64,4491.479,1,0.009291735,0
143,66,4491.535,1,0.008934601,0
146,72,4491.747,1,0.009446078,0
254,74,4491.829,1,0.009322762,0
261,116,4491.933,0,0.982555747,1
181,78,4491.982,1,0.009265089,0
176,79,4491.991,1,0.009524442,0
78,102,4492.807,1,0.012536854,0
188,108,4493.017,1,0.008959154,0
163,115,4493.258,1,0.005573206,0
204,80,4493.727,1,0.008876073,0
144,148,4494.426,1,0.032394007,0
225,149,4494.461,1,0.041881453,0
274,151,4494.532,1,0.017223040,0
195,151,4494.557,1,0.019773571,0
145,152,4494.564,1,0.030366546,0
197,158,4494.778,1,0.014902330,0
67,160,4494.857,1,0.014779630,0
319,167,4495.091,1,0.007701388,0
325,167,4495.111,1,0.007693640,0
263,168,4495.141,1,0.009632275,0
261,172,4495.271,1,0.009559806,0
143,172,4495.281,1,0.009741995,0
204,174,4495.339,1,0.008464576,0
46,180,4495.558,1,0.008734428,0
260,199,4496.228,1,0.008332117,0
259,115,4496.69,0,0.990894437,1
260,115,4497.13,0,0.995364308,1
258,116,4501.931,0,0.979172528,1
261,115,4502.658,0,0.757254779,0
260,117,4504.045,1,0.950057507,1
260,116,4506.989,1,0.030673727,0
259,115,4511.684,0,0.995742381,1
258,117,4512.468,1,0.995719492,1
260,116,4515.847,1,0.999261081,1
259,116,4516.811,1,0.999059975,1
262,116,4519.502,1,0.980924666,1
233,5,4519.941,1,0.006926056,0
201,8,4520.054,1,0.006374627,0
302,9,4520.092,1,0.007147014,0
220,15,4520.291,1,0.006614920,0
150,21,4520.517,1,0.010065355,0
263,28,4520.769,1,0.007987745,0
265,29,4520.787,1,0.007437840,0
36,33,4520.92,1,0.009231263,0
135,34,4520.967,1,0.009139795,0
185,37,4521.07,1,0.009178924,0
261,114,4521.086,0,0.965087831,1
296,46,4521.381,1,0.007456658,0
32,48,4521.384,1,0.008915654,0
25,52,4521.611,1,0.009755478,0
236,53,4521.633,1,0.011544353,0
293,63,4521.982,1,0.008495945,0
171,64,4522.022,1,0.051392607,0
57,72,4522.299,1,0.034580700,0
258,116,4522.764,1,0.032860141,0
120,93,4523.035,1,0.004730926,0
40,96,4523.144,1,0.010176193,0
104,100,4523.305,1,0.011273278,0
258,114,4523.376,0,0.986977398,1
254,104,4523.42,1,0.009341290,0
309,106,4523.521,1,0.007737581,0
250,109,4523.604,1,0.009417650,0
311,112,4523.709,1,0.008467181,0
40,112,4523.734,1,0.008065744,0
307,113,4523.765,1,0.008539699,0
41,114,4523.8,1,0.010415419,0
43,115,4523.821,1,0.008433979,0
101,118,4523.918,1,0.012245416,0
292,119,4523.968,1,0.009268635,0
87,124,4524.128,1,0.005312248,0
88,125,4524.17,1,0.009238322,0
204,126,4524.204,1,0.008901387,0
224,127,4524.242,1,0.009828343,0
307,136,4524.555,1,0.008288321,0
160,137,4524.593,1,0.015992187,0
304,138,4524.626,1,0.008533439,0
161,140,4524.705,1,0.014242549,0
11,144,4524.839,1,0.008461731,0
191,150,4525.062,1,0.004799351,0
341,156,4525.268,1,0.007382967,0
122,157,4525.308,1,0.009775222,0
111,158,4525.351,1,0.009738131,0
132,164,4525.568,1,0.010202880,0
153,176,4525.98,1,0.010297666,0
310,177,4526.001,1,0.011253646,0
159,177,4526.011,1,0.018563401,0
110,186,4526.326,1,0.014469371,0
60,186,4526.338,1,0.014286049,0
30,192,4526.543,1,0.013872379,0
24,196,4526.686,1,0.013724811,0
314,199,4526.771,1,0.010850475,0
76,200,4526.805,1,0.014208533,0
304,204,4526.963,1,0.010753429,0
100,205,4526.999,1,0.014223690,0
130,206,4527.027,1,0.008977886,0
25,206,4527.045,1,0.008210571,0
128,221,4527.556,1,0.008920662,0
261,116,4528.318,1,0.987849891,1
317,250,4528.59,1,0.006624107,0
344,4,4529.343,1,0.006868320,0
26,5,4529.379,1,0.005517143,0
27,6,4529.424,1,0.012140151,0
135,12,4529.655,1,0.009681768,0
53,13,4529.666,1,0.009593274,0
140,14,4529.696,1,0.009761575,0
32,14,4529.714,1,0.009398147,0
236,16,4529.768,1,0.006751400,0
141,16,4529.779,1,0.009740151,0
157,19,4529.884,1,0.009135502,0
116,20,4529.915,1,0.009733792,0
115,24,4530.047,1,0.044614114,0
223,26,4530.132,1,0.010584557,0
111,27,4530.154,1,0.044610050,0
295,28,4530.191,1,0.010453552,0
180,28,4530.204,1,0.017338824,0
296,30,4530.288,1,0.010464202,0
14,31,4530.304,1,0.046642184,0
192,36,4530.474,1,0.022525338,0
232,37,4530.511,1,0.011994025,0
260,37,4530.521,1,0.010867930,0
296,39,4530.585,1,0.010526980,0
243,40,4530.612,1,0.011871845,0
119,44,4530.758,1,0.049014136,0
326,45,4530.795,1,0.010058245,0
296,48,4530.903,1,0.010579195,0
324,52,4531.065,1,0.006753620,0
122,60,4531.331,1,0.010771445,0
121,61,4531.372,1,0.023041477,0
115,68,4531.611,1,0.008768741,0
15,84,4532.166,1,0.009748308,0
260,116,4532.175,1,0.999561489,1
172,91,4532.416,1,0.010230885,0
229,96,4532.59,1,0.009733663,0
223,98,4532.673,1,0.007301900,0
223,100,4532.735,1,0.006987965,0
78,108,4533.031,1,0.012099439,0
151,50,4533.164,1,0.008658540,0
259,116,4533.296,1,0.998567939,1
114,120,4533.442,1,0.013137155,0
51,127,4533.687,1,0.009286215,0
296,150,4534.498,1,0.012273889,0
95,175,4535.374,1,0.009399886,0
89,175,4535.398,1,0.009394067,0
255,183,4535.662,1,0.008607655,0
201,184,4535.708,1,0.009506982,0
56,187,4535.826,1,0.009178334,0
112,188,4535.834,1,0.008992225,0
260,114,4536.102,0,0.992755234,1
72,201,4536.302,1,0.010077054,0
157,224,4537.108,1,0.009640683,0
306,228,4537.241,1,0.007019758,0
261,114,4537.413,0,0.995752931,1
193,240,4537.671,1,0.008807549,0
58,251,4538.078,1,0.013075633,0
250,252,4538.09,1,0.007524197,0
55,252,4538.105,1,0.013024902,0
259,114,4544.428,0,0.996198595,1
259,115,4544.975,1,0.994251847,1
260,115,4555.05,1,0.995816767,1
261,115,4555.44,1,0.985428870,1
260,113,4555.774,0,0.976567566,1
261,113,4557.095,0,0.969741464,1
259,115,4557.786,1,0.937946379,1
106,6,4559.97,1,0.009349011,0
200,10,4560.111,1,0.006441169,0
262,13,4560.236,1,0.007040138,0
316,20,4560.464,1,0.007183976,0
240,24,4560.615,1,0.007223734,0
188,26,4560.678,1,0.008622996,0
313,27,4560.717,1,0.006909097,0
135,30,4560.831,1,0.009228315,0
223,32,4560.89,1,0.006541691,0
221,32,4560.892,1,0.006919634,0
215,32,4560.911,1,0.007749172,0
72,48,4561.46,1,0.008973611,0
24,52,4561.591,1,0.008925692,0
159,52,4561.615,1,0.009022760,0
154,54,4561.665,1,0.008798250,0
336,58,4561.822,1,0.006870822,0
236,61,4561.917,1,0.009476761,0
135,67,4562.135,1,0.050528251,0
298,70,4562.237,1,0.022613470,0
178,72,4562.297,1,0.089093871,0
298,72,4562.304,1,0.020561155,0
181,72,4562.316,1,0.078941420,0
298,73,4562.351,1,0.019095331,0
180,74,4562.362,1,0.051745046,0
78,80,4562.589,1,0.035939772,0
32,48,4562.809,1,0.040654376,0
72,88,4562.866,1,0.026007704,0
191,95,4563.119,1,0.008802131,0
152,101,4563.328,1,0.005144939,0
311,102,4563.35,1,0.008831058,0
309,103,4563.391,1,0.008505779,0
208,104,4563.432,1,0.008939146,0
5,108,4563.575,1,0.009416222,0
207,109,4563.598,1,0.008480029,0
210,109,4563.609,1,0.009475919,0
35,109,4563.622,1,0.009951206,0
215,112,4563.71,1,0.009265711,0
37,114,4563.783,1,0.009601913,0
303,117,4563.894,1,0.008488657,0
234,124,4564.139,1,0.009731136,0
173,125,4564.17,1,0.005320546,0
169,127,4564.24,1,0.005489381,0
261,150,4565.049,1,0.010523940,0
260,113,4565.392,0,0.977281690,1
321,175,4565.932,1,0.007936763,0
94,194,4566.602,1,0.014466597,0
56,205,4566.996,1,0.013907158,0
56,208,4567.103,1,0.008678938,0
327,211,4567.193,1,0.007428717,0
138,214,4567.316,1,0.009869883,0
240,221,4567.557,1,0.006735981,0
43,224,4567.659,1,0.008435733,0
131,227,4567.774,1,0.009291037,0
84,229,4567.854,1,0.009326163,0
135,232,4567.941,1,0.008704465,0
39,236,4568.083,1,0.008012721,0
67,240,4568.218,1,0.008107146,0
264,243,4568.331,1,0.007028481,0
68,6,4569.423,1,0.009706441,0
221,14,4569.709,1,0.007451253,0
117,20,4569.909,1,0.009630450,0
271,23,4570.018,1,0.010468088,0
136,25,4570.113,1,0.044673909,0
278,32,4570.336,1,0.010596944,0
77,40,4570.62,1,0.048004564,0
173,46,4570.832,1,0.049282346,0
59,47,4570.863,1,0.048572112,0
240,52,4571.05,1,0.010224099,0
241,56,4571.181,1,0.010534557,0
219,72,4571.749,1,0.008995625,0
105,80,4572.033,1,0.009621808,0
17,104,4572.875,1,0.009931677,0
42,107,4572.975,1,0.010668855,0
126,110,4573.085,1,0.014389211,0
76,111,4573.13,1,0.011502921,0
204,80,4573.378,1,0.009295717,0
262,119,4573.402,1,0.055324156,0
35,123,4573.559,1,0.009344450,0
165,124,4573.581,1,0.007154288,0
184,125,4573.615,1,0.010047107,0
81,127,4573.695,1,0.010206727,0
221,131,4573.839,1,0.009578099,0
88,131,4573.852,1,0.010414734,0
69,139,4574.103,1,0.015357213,0
192,140,4574.142,1,0.033973649,0
227,146,4574.353,1,0.044610001,0
220,151,4574.535,1,0.044606112,0
118,159,4574.828,1,0.017031806,0
100,168,4575.136,1,0.009634052,0
260,114,4575.348,1,0.993887484,1
261,113,4575.551,0,0.998967528,1
109,191,4575.942,1,0.009101587,0
188,200,4576.284,1,0.009010281,0
321,206,4576.476,1,0.007668813,0
190,207,4576.505,1,0.008077709,0
201,227,4577.209,1,0.006851668,0
88,230,4577.328,1,0.009291555,0
258,115,4578.528,1,0.033086929,0
260,113,4581.804,0,0.988020122,1
261,115,4583.019,1,0.996326506,1
261,114,4587.181,1,0.983980417,1
259,114,4593.291,1,0.975604355,1
261,112,4594.823,0,0.739120722,0
260,112,4599.3,0,0.929744124,1
274,5,4599.935,1,0.006805656,0
216,5,4599.944,1,0.006437566,0
48,14,4600.258,1,0.009242994,0
205,16,4600.32,1,0.006596924,0
206,22,4600.54,1,0.007166262,0
290,28,4600.739,1,0.007516089,0
218,33,4600.922,1,0.008361530,0
335,38,4601.102,1,0.007445676,0
220,40,4601.168,1,0.009266949,0
69,48,4601.452,1,0.009349170,0
243,50,4601.52,1,0.010834381,0
295,59,4601.851,1,0.008119262,0
155,60,4601.885,1,0.009619241,0
312,64,4602.036,1,0.010397122,0
328,68,4602.16,1,0.010079943,0
311,68,4602.161,1,0.010535426,0
239,71,4602.263,1,0.044651214,0
293,71,4602.283,1,0.011536956,0
306,72,4602.293,1,0.010867393,0
167,80,4602.581,1,0.058680676,0
162,81,4602.619,1,0.059434969,0
199,82,4602.648,1,0.049429428,0
117,85,4602.763,1,0.050837412,0
124,87,4602.831,1,0.054492690,0
133,89,4602.891,1,0.056882240,0
173,96,4603.152,1,0.010181655,0
327,104,4603.431,1,0.007662723,0
143,107,4603.535,1,0.006117572,0
292,109,4603.605,1,0.009264073,0
123,111,4603.684,1,0.017906031,0
259,115,4603.808,1,0.990323067,1
263,124,4604.131,1,0.011784766,0
146,124,4604.139,1,0.016990533,0
7,125,4604.169,1,0.008772074,0
86,127,4604.239,1,0.010826228,0
56,147,4604.946,1,0.009270212,0
321,156,4605.264,1,0.008089459,0
303,157,4605.304,1,0.008602284,0
259,159,4605.363,1,0.009754419,0
199,163,4605.506,1,0.006412508,0
11,182,4606.175,1,0.013727076,0
207,224,4607.668,1,0.007742327,0
260,114,4607.818,1,0.971230686,1
266,239,4608.182,1,0.007129363,0
136,246,4608.439,1,0.008717748,0
235,252,4608.64,1,0.004348536,0
41,254,4608.712,1,0.007840042,0
256,117,4608.948,1,0.905067503,1
225,4,4609.368,1,0.006594840,0
204,6,4609.438,1,0.006521646,0
231,8,4609.485,1,0.006899583,0
231,15,4609.732,1,0.006975921,0
3,15,4609.755,1,0.008836803,0
270,16,4609.766,1,0.006940044,0
78,29,4610.241,1,0.043623369,0
120,31,4610.302,1,0.045558587,0
177,32,4610.332,1,0.027314642,0
82,32,4610.35,1,0.045160413,0
253,35,4610.446,1,0.010867935,0
250,37,4610.509,1,0.011195811,0
172,39,4610.578,1,0.048098121,0
119,39,4610.595,1,0.049456574,0
163,40,4610.616,1,0.049792722,0
264,46,4610.839,1,0.011598477,0
32,48,4610.895,1,0.040745340,0
13,48,4610.905,1,0.025280720,0
232,48,4610.915,1,0.022337945,0
76,50,4610.962,1,0.048627894,0
236,52,4611.041,1,0.010265739,0
334,55,4611.161,1,0.006592254,0
262,58,4611.249,1,0.009448028,0
257,58,4611.26,1,0.009595671,0
261,60,4611.329,1,0.009936390,0
239,70,4611.68,1,0.009274386,0
294,74,4611.816,1,0.008178749,0
237,88,4612.329,1,0.009541402,0
301,96,4612.593,1,0.008361162,0
94,102,4612.805,1,0.013977723,0
317,103,4612.852,1,0.007672149,0
276,127,4613.682,1,0.010717004,0
215,128,4613.73,1,0.009730809,0
214,131,4613.824,1,0.010655386,0
216,132,4613.863,1,0.009789971,0
60,135,4613.974,1,0.009310835,0
45,144,4614.286,1,0.014668794,0
0,155,4614.672,1,0.013803379,0
285,159,4614.823,1,0.013190154,0
7,175,4615.392,1,0.010122634,0
239,183,4615.673,1,0.009407646,0
256,190,4615.875,1,0.008571689,0
32,215,4616.798,1,0.009100031,0
99,223,4617.079,1,0.008567487,0
235,230,4617.323,1,0.006118500,0
123,240,4617.677,1,0.009273453,0
261,114,4618.391,1,0.997303247,1
260,113,4618.486,1,0.999999881,1
259,113,4619.003,1,0.999937534,1
258,111,4619.917,0,0.986868382,1
260,111,4620.067,0,0.981523693,1
259,111,4623.683,0,0.996198833,1
261,111,4623.819,0,0.989959598,1
261,113,4626.316,1,0.030150520,0
243,4,4639.912,1,0.006815406,0
99,8,4640.041,1,0.009368396,0
290,14,4640.272,1,0.007116455,0
200,16,4640.33,1,0.006712724,0
235,22,4640.536,1,0.007149582,0
181,22,4640.547,1,0.008743198,0
280,30,4640.837,1,0.007665959,0
293,35,4641.009,1,0.007531443,0
288,36,4641.038,1,0.007837695,0
242,37,4641.064,1,0.007962831,0
6,46,4641.381,1,0.009071418,0
101,47,4641.417,1,0.008979877,0
71,48,4641.445,1,0.009354935,0
238,59,4641.841,1,0.009415351,0
205,60,4641.875,1,0.009323313,0
46,63,4641.984,1,0.009035406,0
192,66,4642.109,1,0.050040718,0
235,67,4642.122,1,0.044661719,0
79,68,4642.162,1,0.044138465,0
146,70,4642.226,1,0.052740719,0
231,70,4642.233,1,0.045940369,0
271,72,4642.301,1,0.015752494,0
268,73,4642.343,1,0.021401506,0
59,75,4642.41,1,0.030636726,0
256,76,4642.441,1,0.031991784,0
133,77,4642.497,1,0.053054806,0
269,78,4642.527,1,0.019779908,0
95,80,4642.586,1,0.041866858,0
220,86,4642.792,1,0.049848020,0
171,89,4642.895,1,0.060684606,0
190,93,4643.033,1,0.009102770,0
144,94,4643.085,1,0.011011027,0
138,96,4643.145,1,0.010029555,0
31,104,4643.427,1,0.009631642,0
260,113,4643.737,1,0.975612044,1
258,114,4643.785,1,0.981841028,1
303,116,4643.847,1,0.008519656,0
301,120,4643.996,1,0.008855462,0
113,124,4644.141,1,0.012396802,0
111,125,4644.18,1,0.012378939,0
141,126,4644.216,1,0.015302552,0
157,131,4644.385,1,0.008078355,0
156,132,4644.416,1,0.018709315,0
48,143,4644.807,1,0.009571673,0
263,145,4644.865,1,0.010688185,0
284,154,4645.197,1,0.009946566,0
196,158,4645.334,1,0.008047335,0
338,160,4645.401,1,0.007455014,0
137,164,4645.545,1,0.010618237,0
259,112,4645.77,1,0.982523859,1
260,112,4646.083,1,0.997394562,1
48,184,4646.256,1,0.014276270,0
56,184,4646.264,1,0.014286386,0
48,185,4646.307,1,0.027786605,0
229,191,4646.489,1,0.017585894,0
136,200,4646.805,1,0.014438892,0
136,218,4647.448,1,0.009906245,0
130,221,4647.555,1,0.009863595,0
324,222,4647.595,1,0.007236811,0
76,246,4648.433,1,0.009678156,0
85,5,4649.378,1,0.009571280,0
205,6,4649.432,1,0.007177127,0
153,8,4649.486,1,0.011022684,0
224,8,4649.497,1,0.006702720,0
341,9,4649.535,1,0.006839290,0
138,12,4649.637,1,0.009536830,0
180,15,4649.734,1,0.008227572,0
141,20,4649.935,1,0.009770165,0
168,22,4649.984,1,0.010434939,0
156,22,4650.007,1,0.039896078,0
183,27,4650.153,1,0.013586169,0
292,27,4650.169,1,0.010438277,0
259,28,4650.192,1,0.010641992,0
290,30,4650.259,1,0.010503517,0
141,30,4650.265,1,0.045608625,0
261,110,4650.408,0,0.728926182,0
189,36,4650.478,1,0.048905130,0
189,37,4650.519,1,0.077569894,0
168,38,4650.565,1,0.048311539,0
295,40,4650.641,1,0.010536878,0
292,44,4650.758,1,0.010590596,0
142,46,4650.843,1,0.048852969,0
280,51,4651.024,1,0.007803311,0
165,53,4651.084,1,0.008644161,0
283,55,4651.148,1,0.007980782,0
216,62,4651.4,1,0.009078219,0
127,66,4651.555,1,0.008815928,0
64,67,4651.565,1,0.008800541,0
131,68,4651.611,1,0.009037789,0
128,72,4651.742,1,0.009355143,0
116,78,4651.965,1,0.009387188,0
292,79,4651.998,1,0.008538330,0
32,48,4652.027,1,0.008692747,0
97,85,4652.199,1,0.007298668,0
312,88,4652.307,1,0.007994685,0
327,92,4652.451,1,0.008125300,0
327,94,4652.519,1,0.006947571,0
75,96,4652.594,1,0.012372261,0
244,102,4652.804,1,0.009645392,0
262,108,4653.024,1,0.753819287,0
261,112,4653.17,1,0.972662687,1
69,117,4653.33,1,0.010364547,0
107,118,4653.363,1,0.012567227,0
247,120,4653.441,1,0.009901798,0
240,121,4653.472,1,0.010197155,0
61,124,4653.586,1,0.009719476,0
60,126,4653.657,1,0.009609870,0
84,134,4653.929,1,0.010219873,0
128,135,4653.967,1,0.012543887,0
323,140,4654.142,1,0.011075423,0
306,140,4654.152,1,0.011871873,0
328,142,4654.211,1,0.010746046,0
326,142,4654.23,1,0.011207183,0
167,146,4654.35,1,0.036795467,0
280,147,4654.394,1,0.016205197,0
165,150,4654.504,1,0.033594701,0
204,157,4654.741,1,0.023567105,0
162,160,4654.852,1,0.025948305,0
165,161,4654.891,1,0.025430091,0
258,110,4655.116,0,0.988853693,1
309,168,4655.134,1,0.008359956,0
260,110,4655.42,0,0.993154049,1
29,203,4656.378,1,0.008245045,0
149,207,4656.504,1,0.008690178,0
165,211,4656.647,1,0.009065454,0
258,112,4656.779,1,0.991525829,1
120,215,4656.787,1,0.009290418,0
332,219,4656.929,1,0.007254332,0
95,220,4656.969,1,0.008315790,0
64,221,4657.005,1,0.008223651,0
132,230,4657.326,1,0.008751550,0
64,248,4657.958,1,0.008461654,0
66,251,4658.076,1,0.013172979,0
0,258,4658.314,1,0.012343662,0
32,48,4658.688,1,0.040838927,0
200,224,4658.802,1,0.010323008,0
259,112,4660.478,1,0.991038740,1
260,112,4661.78,1,0.998251975,1
261,110,4669.644,0,0.979063809,1
259,111,4676.667,1,0.992499053,1
207,4,4679.905,1,0.006431706,0
69,5,4679.937,1,0.009583385,0
225,11,4680.15,1,0.006363016,0
287,16,4680.341,1,0.007043603,0
240,23,4680.57,1,0.007305419,0
154,31,4680.85,1,0.009704929,0
121,36,4681.043,1,0.009596488,0
317,38,4681.116,1,0.007803584,0
169,39,4681.149,1,0.009087236,0
186,44,4681.308,1,0.009211607,0
8,54,4681.657,1,0.004802771,0
30,56,4681.736,1,0.009067681,0
196,56,4681.749,1,0.009123184,0
281,59,4681.839,1,0.008632793,0
87,59,4681.844,1,0.008977068,0
193,62,4681.961,1,0.009582045,0
88,63,4681.984,1,0.009817254,0
259,109,4682.078,0,0.728208840,0
238,69,4682.188,1,0.044644177,0
232,69,4682.204,1,0.044722084,0
186,72,4682.292,1,0.051271800,0
157,72,4682.308,1,0.071433760,0
130,72,4682.323,1,0.051521871,0
158,73,4682.353,1,0.163830057,0
183,74,4682.374,1,0.052213449,0
37,80,4682.587,1,0.017490536,0
112,85,4682.752,1,0.048009180,0
36,85,4682.761,1,0.017255621,0
186,91,4682.977,1,0.052120212,0
232,92,4683.006,1,0.009405789,0
187,93,4683.051,1,0.008914243,0
161,95,4683.104,1,0.010521736,0
195,100,4683.289,1,0.008507569,0
261,112,4683.301,1,0.990400493,1
157,103,4683.403,1,0.004923303,0
207,104,4683.426,1,0.008799776,0
208,107,4683.547,1,0.008822493,0
62,112,4683.713,1,0.010388648,0
261,117,4683.887,1,0.017223267,0
11,124,4684.138,1,0.008949632,0
65,126,4684.204,1,0.009629067,0
305,128,4684.271,1,0.008207251,0
13,128,4684.292,1,0.008828036,0
224,134,4684.489,1,0.009597734,0
112,142,4684.769,1,0.011062281,0
260,109,4684.786,0,0.970431745,1
288,167,4685.665,1,0.008693667,0
55,181,4686.154,1,0.014324563,0
319,183,4686.211,1,0.010973364,0
173,184,4686.246,1,0.015999768,0
206,191,4686.506,1,0.011149380,0
280,193,4686.568,1,0.011414561,0
286,196,4686.691,1,0.011216439,0
279,199,4686.775,1,0.011203907,0
139,208,4687.103,1,0.008534646,0
6,211,4687.207,1,0.008377478,0
323,215,4687.337,1,0.007436133,0
215,221,4687.558,1,0.005388264,0
104,228,4687.812,1,0.008599719,0
277,230,4687.882,1,0.007273271,0
261,111,4688.093,1,0.998936832,1
259,111,4688.402,1,0.999420524,1
79,4,4689.35,1,0.009554394,0
72,14,4689.705,1,0.009761528,0
271,15,4689.734,1,0.007879561,0
265,15,4689.745,1,0.006964016,0
77,16,4689.771,1,0.009700874,0
271,16,4689.777,1,0.010047493,0
73,18,4689.837,1,0.009471704,0
74,21,4689.946,1,0.009605478,0
212,21,4689.972,1,0.006924849,0
8,23,4690.017,1,0.042299334,0
90,24,4690.05,1,0.042783357,0
175,26,4690.128,1,0.022032425,0
176,29,4690.232,1,0.020886408,0
94,31,4690.302,1,0.044316798,0
54,31,4690.32,1,0.044487737,0
151,32,4690.333,1,0.044939335,0
143,33,4690.372,1,0.046779215,0
85,37,4690.519,1,0.046922732,0
49,38,4690.554,1,0.047909435,0
14,46,4690.823,1,0.031916272,0
262,48,4690.897,1,0.011929446,0
51,58,4691.249,1,0.008523661,0
156,63,4691.426,1,0.009286237,0
72,69,4691.649,1,0.008791433,0
64,70,4691.676,1,0.008775549,0
213,71,4691.733,1,0.008615421,0
97,74,4691.827,1,0.008752828,0
282,87,4692.275,1,0.010187673,0
256,92,4692.45,1,0.009210027,0
208,96,4692.603,1,0.008918630,0
184,106,4692.95,1,0.008816315,0
175,108,4693.023,1,0.009920130,0
278,112,4693.152,1,0.010424914,0
272,112,4693.168,1,0.011407864,0
96,115,4693.262,1,0.012222914,0
259,109,4693.516,0,0.993283153,1
304,126,4693.648,1,0.008170522,0
116,130,4693.805,1,0.012868513,0
118,133,4693.894,1,0.012410593,0
129,143,4694.245,1,0.027959554,0
71,144,4694.284,1,0.015274614,0
16,147,4694.39,1,0.014123767,0
260,109,4694.54,0,0.964664400,1
119,156,4694.71,1,0.018660031,0
88,168,4695.149,1,0.009247020,0
84,174,4695.341,1,0.009679157,0
295,175,4695.382,1,0.008316077,0
90,184,4695.691,1,0.009268442,0
195,193,4696.019,1,0.007859777,0
257,198,4696.2,1,0.008286946,0
95,210,4696.636,1,0.008674074,0
35,216,4696.846,1,0.008333989,0
259,109,4706.038,0,0.971748352,1
259,110,4706.781,1,0.999966145,1
258,111,4707.224,1,0.997411788,1
260,110,4713.204,1,0.998595297,1
261,108,4719.437,0,0.998906732,1
259,110,4719.624,1,0.999569356,1
165,4,4719.919,1,0.005798103,0
166,5,4719.931,1,0.007467536,0
301,17,4720.358,1,0.006811498,0
79,20,4720.467,1,0.009228521,0
80,23,4720.568,1,0.009754161,0
260,108,4720.637,0,0.999480426,1
314,32,4720.9,1,0.007172765,0
319,39,4721.145,1,0.007252430,0
135,48,4721.45,1,0.009092076,0
114,53,4721.622,1,0.009138085,0
184,55,4721.715,1,0.009204623,0
218,58,4721.817,1,0.008880273,0
156,61,4721.917,1,0.009268263,0
193,64,4722.041,1,0.049292214,0
198,67,4722.122,1,0.049932923,0
314,69,4722.193,1,0.010473024,0
233,69,4722.213,1,0.044709638,0
339,73,4722.335,1,0.009940060,0
63,79,4722.54,1,0.024596449,0
136,80,4722.579,1,0.054538179,0
271,81,4722.615,1,0.020337814,0
89,86,4722.796,1,0.050083600,0
331,88,4722.872,1,0.010449005,0
227,97,4723.184,1,0.009568026,0
31,102,4723.36,1,0.009687891,0
8,115,4723.814,1,0.009274264,0
257,116,4723.846,1,0.021973208,0
261,120,4723.993,1,0.006258987,0
205,125,4724.171,1,0.008610063,0
132,135,4724.522,1,0.013041943,0
281,138,4724.638,1,0.009244456,0
287,138,4724.641,1,0.009038994,0
196,142,4724.775,1,0.008782715,0
222,143,4724.827,1,0.009632587,0
315,145,4724.874,1,0.008124596,0
319,145,4724.887,1,0.006638899,0
151,152,4725.123,1,0.012881296,0
143,153,4725.156,1,0.012010451,0
279,158,4725.351,1,0.009814505,0
171,159,4725.38,1,0.011911643,0
180,165,4725.581,1,0.010133530,0
104,172,4725.833,1,0.009558813,0
109,198,4726.747,1,0.014253941,0
259,199,4726.777,1,0.011547351,0
72,206,4727.018,1,0.008614367,0
53,207,4727.066,1,0.009846518,0
36,212,4727.25,1,0.008629313,0
71,215,4727.333,1,0.009484553,0
158,222,4727.596,1,0.011183213,0
115,226,4727.73,1,0.008788995,0
32,48,4727.99,1,0.008829660,0
181,247,4728.469,1,0.009420289,0
198,253,4728.689,1,0.008469491,0
117,2,4729.272,1,0.009623999,0
279,2,4729.277,1,0.007500692,0
227,2,4729.282,1,0.007277683,0
343,3,4729.31,1,0.016456008,0
344,3,4729.335,1,0.017550636,0
345,7,4729.45,1,0.006863865,0
61,8,4729.482,1,0.006286857,0
62,8,4729.49,1,0.010362106,0
159,13,4729.661,1,0.010330196,0
176,16,4729.766,1,0.008633001,0
177,20,4729.91,1,0.009730336,0
153,20,4729.927,1,0.009872898,0
288,27,4730.156,1,0.010449429,0
152,28,4730.192,1,0.044696137,0
173,30,4730.27,1,0.027389761,0
330,31,4730.304,1,0.009941584,0
43,32,4730.335,1,0.016012670,0
46,35,4730.438,1,0.018648107,0
277,46,4730.84,1,0.010791748,0
192,48,4730.898,1,0.049894627,0
5,54,4731.111,1,0.005529078,0
129,54,4731.128,1,0.008629304,0
280,56,4731.179,1,0.008082788,0
99,56,4731.187,1,0.008541278,0
305,59,4731.288,1,0.007336101,0
278,60,4731.319,1,0.008331680,0
324,62,4731.403,1,0.006789967,0
49,64,4731.486,1,0.008696380,0
75,69,4731.634,1,0.008526200,0
303,71,4731.71,1,0.007819347,0
327,71,4731.723,1,0.006938418,0
40,72,4731.74,1,0.007911498,0
257,73,4731.798,1,0.010038436,0
47,79,4731.989,1,0.010406178,0
18,80,4732.026,1,0.010403478,0
196,83,4732.139,1,0.009168028,0
203,85,4732.218,1,0.008536219,0
151,50,4732.309,1,0.008534573,0
242,91,4732.42,1,0.009804145,0
232,91,4732.42,1,0.010115022,0
287,95,4732.559,1,0.009528132,0
177,103,4732.843,1,0.009566680,0
182,104,4732.889,1,0.009148030,0
123,108,4733.01,1,0.011711236,0
260,110,4733.078,1,0.985406041,1
255,110,4733.094,1,0.972611845,1
183,111,4733.119,1,0.009064914,0
159,118,4733.393,1,0.006061092,0
196,119,4733.408,1,0.009267098,0
204,80,4733.611,1,0.008839212,0
291,127,4733.682,1,0.009729601,0
87,151,4734.528,1,0.015355916,0
272,156,4734.708,1,0.016218210,0
269,157,4734.739,1,0.017168669,0
234,159,4734.82,1,0.025675155,0
259,108,4734.821,0,0.722836137,0
296,163,4734.953,1,0.012095963,0
271,165,4735.021,1,0.009634147,0
311,176,4735.411,1,0.008027858,0
120,182,4735.623,1,0.009028006,0
207,192,4735.993,1,0.009706217,0
263,195,4736.105,1,0.008244605,0
118,203,4736.369,1,0.008696280,0
259,109,4736.482,1,0.999928713,1
258,110,4736.588,1,0.998936594,1
215,213,4736.723,1,0.004657994,0
8,223,4737.087,1,0.008024054,0
341,230,4737.324,1,0.007205871,0
173,235,4737.492,1,0.007658834,0
175,237,4737.562,1,0.008364887,0
258,107,4742.654,0,0.723648608,0
261,107,4742.836,0,0.787482917,0
89,112,4745.044,1,0.013040076,0
260,107,4747.644,0,0.979295373,1
259,110,4748.948,1,0.979887724,1
261,109,4750.688,1,0.030680912,0
261,107,4759.713,0,0.977933288,1
260,109,4759.777,1,0.999270260,1
145,2,4759.824,1,0.009963973,0
97,8,4760.038,1,0.009468556,0
216,12,4760.185,1,0.006541728,0
56,12,4760.207,1,0.009198099,0
67,14,4760.26,1,0.009287000,0
272,14,4760.27,1,0.007301367,0
75,16,4760.323,1,0.009635140,0
97,19,4760.438,1,0.009610632,0
76,23,4760.564,1,0.010156063,0
152,35,4760.991,1,0.009511616,0
199,35,4761.006,1,0.009442661,0
300,36,4761.023,1,0.007241065,0
182,37,4761.062,1,0.009358175,0
191,37,4761.07,1,0.010533448,0
64,40,4761.178,1,0.009154350,0
72,42,4761.236,1,0.009117009,0
305,47,4761.418,1,0.007817886,0
173,49,4761.509,1,0.008896934,0
224,52,4761.59,1,0.010623944,0
231,54,4761.664,1,0.009642751,0
193,55,4761.698,1,0.008957083,0
20,56,4761.732,1,0.003978462,0
175,56,4761.741,1,0.009043539,0
176,58,4761.8,1,0.009499324,0
15,62,4761.945,1,0.006499797,0
13,62,4761.96,1,0.005576892,0
318,71,4762.269,1,0.010402157,0
151,80,4762.581,1,0.058785155,0
18,92,4763.024,1,0.010027909,0
56,93,4763.038,1,0.011786721,0
182,94,4763.081,1,0.008268137,0
180,96,4763.149,1,0.008361912,0
248,103,4763.402,1,0.189402282,0
144,104,4763.446,1,0.005806833,0
226,110,4763.644,1,0.009419167,0
75,113,4763.756,1,0.009153560,0
79,114,4763.795,1,0.012174251,0
72,116,4763.853,1,0.008486559,0
222,120,4763.992,1,0.009983689,0
224,121,4764.034,1,0.010949627,0
38,124,4764.138,1,0.009901167,0
50,124,4764.15,1,0.010172279,0
187,128,4764.29,1,0.009039822,0
175,136,4764.551,1,0.006388285,0
160,143,4764.802,1,0.014530730,0
142,145,4764.892,1,0.012983889,0
48,152,4765.122,1,0.009430337,0
214,156,4765.273,1,0.009731802,0
54,157,4765.31,1,0.008934133,0
313,159,4765.371,1,0.008164832,0
311,160,4765.409,1,0.009110157,0
171,173,4765.857,1,0.010606606,0
181,174,4765.895,1,0.009615431,0
67,187,4766.353,1,0.014340770,0
72,189,4766.421,1,0.014353791,0
79,189,4766.428,1,0.014414511,0
299,189,4766.445,1,0.011309435,0
136,192,4766.554,1,0.014679649,0
120,214,4767.311,1,0.008917914,0
41,216,4767.381,1,0.008228611,0
183,224,4767.644,1,0.008503673,0
303,228,4767.807,1,0.007255369,0
180,229,4767.838,1,0.009596817,0
145,232,4767.965,1,0.008434210,0
71,248,4768.509,1,0.008044983,0
344,254,4768.711,1,0.006814550,0
186,256,4768.782,1,0.009228364,0
212,2,4769.277,1,0.006996533,0
71,5,4769.378,1,0.007830667,0
207,8,4769.487,1,0.007037769,0
71,8,4769.497,1,0.007784443,0
254,10,4769.553,1,0.006994519,0
15,11,4769.606,1,0.008962376,0
14,14,4769.697,1,0.009413861,0
171,14,4769.705,1,0.009189022,0
293,24,4770.049,1,0.010364370,0
56,27,4770.16,1,0.041404095,0
50,28,4770.202,1,0.042473868,0
203,31,4770.302,1,0.011425672,0
314,35,4770.435,1,0.010238362,0
167,35,4770.442,1,0.045556877,0
215,37,4770.524,1,0.012296419,0
46,43,4770.724,1,0.047860801,0
43,44,4770.756,1,0.048151106,0
219,53,4771.075,1,0.008881561,0
168,54,4771.114,1,0.009637015,0
170,55,4771.145,1,0.009122455,0
119,56,4771.179,1,0.008570290,0
112,59,4771.305,1,0.009176947,0
268,60,4771.32,1,0.009225425,0
102,72,4771.742,1,0.009226720,0
255,82,4772.096,1,0.009166612,0
330,90,4772.377,1,0.007615798,0
67,100,4772.73,1,0.011592908,0
72,101,4772.764,1,0.008239931,0
75,104,4772.888,1,0.008788641,0
26,107,4772.991,1,0.010157195,0
260,108,4773.018,1,0.983377576,1
249,110,4773.094,1,0.009492037,0
239,111,4773.121,1,0.010003559,0
2,116,4773.3,1,0.009610006,0
0,118,4773.368,1,0.008653920,0
161,127,4773.687,1,0.011442871,0
40,134,4773.954,1,0.009843766,0
32,160,4774.85,1,0.014314063,0
96,162,4774.941,1,0.015174122,0
135,163,4774.959,1,0.020799546,0
315,165,4775.024,1,0.008020179,0
226,165,4775.046,1,0.009428443,0
64,175,4775.398,1,0.009921283,0
315,176,4775.433,1,0.008231706,0
49,180,4775.564,1,0.009113817,0
273,182,4775.636,1,0.009022611,0
190,188,4775.849,1,0.008650125,0
0,189,4775.896,1,0.009079875,0
225,196,4776.134,1,0.007745342,0
32,216,4776.824,1,0.008986575,0
199,232,4777.387,1,0.007281208,0
195,240,4777.682,1,0.008055516,0
3,253,4778.141,1,0.012442761,0
8,255,4778.197,1,0.012465481,0
259,106,4779.915,0,0.973242283,1
260,106,4781.981,0,0.960010827,1
259,108,4785.873,1,0.999615908,1
261,106,4786.186,0,0.707448661,0
258,107,4786.663,0,0.999866724,1
259,106,4790.317,0,0.869787514,0
260,106,4791.54,0,0.933271766,1
221,4,4799.898,1,0.006372668,0
120,6,4799.977,1,0.009386607,0
197,15,4800.29,1,0.006528200,0
200,17,4800.368,1,0.006717998,0
239,21,4800.493,1,0.009329882,0
241,23,4800.57,1,0.006589366,0
237,23,4800.583,1,0.007334694,0
76,28,4800.741,1,0.009147269,0
147,38,4801.099,1,0.009183235,0
87,48,4801.446,1,0.008938225,0
261,105,4801.465,0,0.892130077,0
73,51,4801.551,1,0.008928912,0
27,52,4801.586,1,0.009057759,0
52,55,4801.709,1,0.009049160,0
238,60,4801.87,1,0.009097607,0
238,61,4801.906,1,0.010277881,0
172,63,4801.989,1,0.009266923,0
176,63,4802.005,1,0.050058007,0
293,69,4802.194,1,0.011432449,0
120,71,4802.26,1,0.050494447,0
72,72,4802.297,1,0.038700026,0
75,74,4802.372,1,0.038356390,0
276,77,4802.485,1,0.015362485,0
236,77,4802.488,1,0.044724997,0
202,83,4802.687,1,0.048848569,0
308,84,4802.722,1,0.011361752,0
138,84,4802.722,1,0.056175526,0
1,85,4802.755,1,0.013976428,0
135,86,4802.793,1,0.056456819,0
192,87,4802.827,1,0.049944017,0
26,88,4802.861,1,0.016132502,0
31,88,4802.869,1,0.016562501,0
259,88,4802.879,1,0.032384396,0
26,101,4803.315,1,0.009912276,0
53,107,4803.556,1,0.010228210,0
32,48,4803.575,1,0.008782052,0
29,112,4803.705,1,0.009705309,0
134,122,4804.063,1,0.016047208,0
276,127,4804.234,1,0.010167585,0
212,130,4804.346,1,0.010088667,0
214,131,4804.376,1,0.009866291,0
167,133,4804.471,1,0.009324511,0
213,134,4804.486,1,0.009171776,0
327,139,4804.661,1,0.007663859,0
225,141,4804.74,1,0.009618361,0
46,143,4804.821,1,0.009163434,0
40,150,4805.058,1,0.008984957,0
45,152,4805.113,1,0.009038789,0
143,163,4805.518,1,0.010636632,0
141,164,4805.54,1,0.010821653,0
177,166,4805.613,1,0.010752089,0
258,105,4806.229,0,0.807525396,0
261,107,4806.266,1,0.030705776,0
19,192,4806.534,1,0.013732649,0
258,108,4806.785,1,0.822643399,0
323,224,4807.658,1,0.007450118,0
319,226,4807.731,1,0.007500451,0
269,229,4807.832,1,0.007457300,0
11,237,4808.125,1,0.008128257,0
233,244,4808.368,1,0.004718457,0
202,246,4808.438,1,0.007857479,0
302,256,4808.793,1,0.006694474,0
306,259,4808.889,1,0.006510451,0
60,5,4809.385,1,0.009884667,0
333,6,4809.414,1,0.017103793,0
334,6,4809.442,1,0.021590324,0
240,16,4809.769,1,0.007148256,0
264,20,4809.909,1,0.009176921,0
266,22,4809.978,1,0.006722942,0
169,24,4810.051,1,0.020903796,0
223,32,4810.269,1,0.011285169,0
144,37,4810.509,1,0.048817866,0
1,39,4810.585,1,0.031797465,0
265,40,4810.612,1,0.010901247,0
134,42,4810.688,1,0.049847327,0
269,46,4810.834,1,0.011294478,0
96,53,4811.078,1,0.008965855,0
186,54,4811.109,1,0.008889074,0
164,57,4811.21,1,0.008893440,0
167,60,4811.318,1,0.010860587,0
185,62,4811.388,1,0.008572592,0
164,62,4811.394,1,0.009479009,0
295,63,4811.426,1,0.007907257,0
231,64,4811.466,1,0.009181132,0
260,107,4811.643,1,0.995143890,1
244,79,4811.991,1,0.009665971,0
248,80,4812.027,1,0.009506914,0
57,81,4812.075,1,0.005946622,0
34,85,4812.217,1,0.011049336,0
211,91,4812.415,1,0.008619148,0
196,93,4812.484,1,0.009137126,0
250,93,4812.493,1,0.009745810,0
90,94,4812.525,1,0.006345725,0
271,100,4812.736,1,0.011498362,0
143,101,4812.771,1,0.004645443,0
258,107,4812.911,1,0.994110882,1
259,105,4812.978,0,0.966566682,1
233,107,4812.983,1,0.009635809,0
235,108,4813.013,1,0.009723644,0
204,80,4813.866,1,0.008847761,0
64,134,4813.955,1,0.009871323,0
302,141,4814.191,1,0.012049152,0
260,144,4814.287,1,0.023765858,0
178,150,4814.499,1,0.026642570,0
76,156,4814.714,1,0.015050805,0
106,161,4814.893,1,0.015341005,0
161,162,4814.92,1,0.024890300,0
56,173,4815.326,1,0.009212673,0
325,175,4815.371,1,0.007741499,0
42,201,4816.294,1,0.008505820,0
244,213,4816.714,1,0.007959691,0
49,227,4817.216,1,0.008181461,0
120,228,4817.247,1,0.008679898,0
291,228,4817.262,1,0.007342107,0
141,229,4817.284,1,0.008334151,0
197,235,4817.503,1,0.006681303,0
224,240,4817.681,1,0.004847249,0
335,246,4817.898,1,0.006959171,0
183,250,4818.027,1,0.013394285,0
291,258,4818.323,1,0.009869683,0
259,107,4818.388,1,0.033132985,0
260,105,4818.691,0,0.704234302,0
257,106,4819.988,0,0.942943156,1
261,107,4821.989,1,0.954827011,1
261,105,4822.222,0,0.884950817,0
259,105,4822.976,0,0.761468887,0
259,105,4834.069,0,0.980847716,1
260,105,4834.249,0,0.999602497,1
259,106,4835.749,1,0.997688174,1
171,8,4840.056,1,0.009612793,0
170,9,4840.074,1,0.009951492,0
271,13,4840.217,1,0.007292090,0
261,16,4840.329,1,0.007136529,0
111,16,4840.337,1,0.006674174,0
256,17,4840.364,1,0.008070087,0
107,18,4840.403,1,0.009182486,0
255,19,4840.433,1,0.007326752,0
111,20,4840.467,1,0.006316487,0
108,22,4840.543,1,0.009563012,0
82,26,4840.674,1,0.009255255,0
165,28,4840.76,1,0.009057087,0
144,30,4840.822,1,0.009520358,0
181,36,4841.031,1,0.009699852,0
248,38,4841.103,1,0.007707289,0
250,39,4841.138,1,0.008123752,0
236,46,4841.388,1,0.010541334,0
86,55,4841.701,1,0.009053736,0
315,64,4842.015,1,0.010301264,0
292,65,4842.05,1,0.011278998,0
260,107,4842.09,1,0.999993443,1
287,67,4842.125,1,0.011750363,0
331,71,4842.259,1,0.010036940,0
239,83,4842.683,1,0.044698216,0
232,85,4842.758,1,0.044771336,0
260,106,4842.773,1,0.915097892,1
283,88,4842.878,1,0.014366182,0
200,91,4842.986,1,0.048766907,0
199,93,4843.039,1,0.008744156,0
97,96,4843.16,1,0.005851641,0
258,107,4843.256,1,0.999998450,1
85,102,4843.351,1,0.012851873,0
120,105,4843.475,1,0.007919971,0
259,108,4843.564,1,0.999796808,1
239,109,4843.607,1,0.007832124,0
239,110,4843.644,1,0.009194919,0
56,111,4843.675,1,0.010464948,0
137,112,4843.706,1,0.008492896,0
255,112,4843.731,1,0.009724333,0
276,115,4843.81,1,0.011028197,0
225,116,4843.851,1,0.009187029,0
116,118,4843.921,1,0.014159554,0
144,118,4843.928,1,0.019998806,0
48,118,4843.94,1,0.009777055,0
140,120,4843.996,1,0.017569086,0
195,124,4844.141,1,0.008619246,0
164,126,4844.201,1,0.005471770,0
266,128,4844.275,1,0.011807127,0
164,128,4844.294,1,0.016039107,0
328,135,4844.522,1,0.007368877,0
335,135,4844.531,1,0.007173913,0
289,136,4844.553,1,0.009663592,0
287,139,4844.665,1,0.009928443,0
320,150,4845.063,1,0.007855896,0
328,152,4845.116,1,0.007505070,0
293,157,4845.311,1,0.008977712,0
168,158,4845.335,1,0.012114297,0
174,159,4845.375,1,0.011584349,0
143,166,4845.617,1,0.010573762,0
106,171,4845.792,1,0.009025075,0
204,174,4845.89,1,0.006632195,0
195,175,4845.931,1,0.009039647,0
335,176,4845.982,1,0.007817302,0
163,184,4846.243,1,0.016961917,0
189,186,4846.313,1,0.012134816,0
179,189,4846.422,1,0.014045225,0
160,192,4846.527,1,0.016377702,0
183,192,4846.541,1,0.012816827,0
232,200,4846.809,1,0.012928873,0
183,200,4846.824,1,0.012745302,0
81,208,4847.088,1,0.008604273,0
110,214,4847.319,1,0.008790041,0
240,216,4847.381,1,0.007295792,0
206,225,4847.697,1,0.007684051,0
258,106,4847.882,1,0.998101652,1
310,246,4848.449,1,0.006538531,0
259,104,4848.549,0,0.992065609,1
259,106,4848.943,1,0.996099591,1
200,2,4849.279,1,0.006852272,0
335,6,4849.418,1,0.006847882,0
198,6,4849.434,1,0.006218215,0
166,8,4849.487,1,0.010358312,0
80,10,4849.555,1,0.010102940,0
166,11,4849.595,1,0.006241209,0
164,13,4849.682,1,0.007360681,0
93,14,4849.697,1,0.009640738,0
143,14,4849.705,1,0.009329569,0
113,15,4849.73,1,0.010132325,0
224,16,4849.773,1,0.006527528,0
81,16,4849.785,1,0.009772288,0
227,19,4849.877,1,0.006413820,0
293,21,4849.943,1,0.007283359,0
254,26,4850.141,1,0.010626602,0
281,28,4850.19,1,0.010489408,0
90,28,4850.204,1,0.042241774,0
157,31,4850.3,1,0.044741459,0
128,38,4850.554,1,0.049307048,0
119,40,4850.617,1,0.049712863,0
48,45,4850.789,1,0.048532069,0
298,46,4850.827,1,0.010522298,0
247,48,4850.898,1,0.013409612,0
148,50,4850.977,1,0.048493441,0
230,52,4851.046,1,0.010883663,0
27,55,4851.15,1,0.008791924,0
48,58,4851.252,1,0.008697300,0
55,59,4851.287,1,0.008585810,0
152,68,4851.612,1,0.009338347,0
204,71,4851.708,1,0.009027909,0
32,48,4852.143,1,0.008887721,0
226,88,4852.318,1,0.009125430,0
249,93,4852.491,1,0.009648545,0
258,104,4853.172,0,0.988125563,1
280,124,4853.583,1,0.009628845,0
34,126,4853.651,1,0.009558041,0
281,127,4853.685,1,0.010128839,0
265,136,4854.006,1,0.024410699,0
31,141,4854.179,1,0.014388333,0
239,141,4854.188,1,0.038520541,0
237,142,4854.215,1,0.039917134,0
136,159,4854.816,1,0.024215734,0
253,159,4854.827,1,0.019761799,0
200,161,4854.905,1,0.014666094,0
191,165,4855.028,1,0.009800549,0
273,168,4855.134,1,0.008712294,0
273,172,4855.296,1,0.010285534,0
240,187,4855.811,1,0.009532866,0
129,220,4856.988,1,0.008670488,0
48,224,4857.113,1,0.009401535,0
37,229,4857.285,1,0.008691567,0
280,231,4857.349,1,0.007038793,0
71,239,4857.642,1,0.008591259,0
46,246,4857.888,1,0.009255259,0
175,247,4857.92,1,0.009370252,0
257,106,4859.49,1,0.968141258,1
259,105,4867.842,1,0.993309736,1
260,105,4869.812,1,0.997501910,1
259,104,4870.421,0,0.986624241,1
261,105,4872.623,1,0.995265007,1
261,103,4876.908,0,0.977311194,1
258,103,4877.255,0,0.982418478,1
181,4,4879.913,1,0.007241936,0
47,19,4880.427,1,0.008837299,0
46,21,4880.505,1,0.009546199,0
154,22,4880.555,1,0.009478063,0
42,24,4880.6,1,0.008903280,0
34,25,4880.642,1,0.009142092,0
198,29,4880.799,1,0.008195709,0
233,41,4881.212,1,0.009288495,0
238,47,4881.414,1,0.010204642,0
176,48,4881.46,1,0.009056656,0
182,49,4881.503,1,0.009167734,0
233,52,4881.586,1,0.008139101,0
235,52,4881.608,1,0.007855525,0
180,56,4881.753,1,0.008909323,0
199,64,4882.022,1,0.048951741,0
86,70,4882.252,1,0.045763172,0
133,71,4882.28,1,0.051338468,0
135,76,4882.457,1,0.052865602,0
121,78,4882.518,1,0.052118260,0
312,79,4882.56,1,0.010910702,0
288,87,4882.829,1,0.013291836,0
146,87,4882.844,1,0.059165195,0
62,90,4882.942,1,0.022451289,0
58,91,4882.977,1,0.020495206,0
163,92,4883.004,1,0.010325647,0
137,93,4883.042,1,0.010895517,0
275,93,4883.062,1,0.009142092,0
237,94,4883.075,1,0.009226166,0
10,99,4883.254,1,0.009679564,0
111,101,4883.328,1,0.005955607,0
259,106,4883.497,1,0.983962953,1
243,109,4883.618,1,0.009639460,0
184,110,4883.633,1,0.009150303,0
262,110,4883.642,1,0.051281914,0
248,110,4883.657,1,0.010149494,0
259,111,4883.67,1,0.013402789,0
7,111,4883.683,1,0.009292956,0
63,116,4883.856,1,0.008610930,0
162,117,4883.896,1,0.005637590,0
63,118,4883.926,1,0.009053326,0
257,103,4883.994,0,0.972657084,1
339,125,4884.176,1,0.007553065,0
8,126,4884.207,1,0.009048861,0
337,128,4884.272,1,0.007554835,0
153,136,4884.55,1,0.014227227,0
259,103,4884.568,0,0.981300235,1
220,139,4884.68,1,0.009929511,0
287,142,4884.762,1,0.009458289,0
57,144,4884.845,1,0.009288745,0
26,159,4885.383,1,0.008558638,0
111,164,4885.552,1,0.009607015,0
324,173,4885.864,1,0.007602192,0
107,183,4886.221,1,0.014557774,0
232,184,4886.253,1,0.017408049,0
56,188,4886.387,1,0.014235114,0
39,192,4886.542,1,0.012751946,0
37,194,4886.595,1,0.013028392,0
321,194,4886.615,1,0.010855651,0
104,196,4886.68,1,0.014338559,0
217,205,4886.99,1,0.014943281,0
19,208,4887.093,1,0.008536050,0
311,214,4887.308,1,0.007567598,0
272,215,4887.341,1,0.007381699,0
265,216,4887.381,1,0.007375790,0
115,231,4887.912,1,0.009532020,0
249,234,4888.011,1,0.006389441,0
192,236,4888.085,1,0.008571336,0
110,239,4888.196,1,0.008527732,0
250,240,4888.229,1,0.006184271,0
253,256,4888.796,1,0.005240976,0
159,5,4889.378,1,0.009360881,0
235,6,4889.413,1,0.007611753,0
220,11,4889.59,1,0.006276615,0
260,103,4889.609,0,0.984133005,1
222,14,4889.705,1,0.006696437,0
116,14,4889.715,1,0.007608944,0
114,16,4889.77,1,0.007521163,0
144,16,4889.785,1,0.009928190,0
154,20,4889.93,1,0.009524104,0
227,21,4889.944,1,0.007308044,0
117,23,4890.016,1,0.044618305,0
90,25,4890.089,1,0.042383164,0
74,26,4890.125,1,0.042049143,0
138,26,4890.148,1,0.044688240,0
115,27,4890.164,1,0.044627484,0
175,28,4890.189,1,0.013938759,0
137,29,4890.23,1,0.017273121,0
139,31,4890.295,1,0.026574703,0
175,31,4890.299,1,0.014167891,0
140,32,4890.336,1,0.039196424,0
199,34,4890.428,1,0.012443552,0
222,36,4890.478,1,0.011995472,0
142,38,4890.56,1,0.049263079,0
341,39,4890.577,1,0.009810021,0
233,40,4890.613,1,0.012623349,0
143,46,4890.835,1,0.048839703,0
41,48,4890.898,1,0.047033392,0
199,50,4890.99,1,0.049544744,0
36,52,4891.051,1,0.008797023,0
206,54,4891.111,1,0.009024832,0
29,55,4891.141,1,0.008743099,0
24,55,4891.16,1,0.008973815,0
98,56,4891.2,1,0.009053364,0
261,106,4891.22,1,0.984971821,1
80,62,4891.39,1,0.009178218,0
342,64,4891.463,1,0.006483581,0
314,68,4891.599,1,0.007249540,0
263,68,4891.611,1,0.010143900,0
258,103,4891.893,0,0.994541109,1
272,77,4891.92,1,0.010124188,0
343,80,4892.026,1,0.006657727,0
136,85,4892.223,1,0.010294314,0
130,88,4892.308,1,0.010222926,0
74,94,4892.534,1,0.013175980,0
181,98,4892.671,1,0.009446091,0
291,103,4892.847,1,0.009280978,0
261,105,4892.905,1,0.998878062,1
249,107,4892.983,1,0.009566819,0
212,108,4893.018,1,0.009213918,0
80,118,4893.372,1,0.011259431,0
208,124,4893.577,1,0.009239689,0
247,125,4893.631,1,0.009964717,0
51,127,4893.685,1,0.009321626,0
204,80,4893.722,1,0.008984108,0
70,134,4893.936,1,0.010291895,0
96,135,4893.981,1,0.010649320,0
337,139,4894.107,1,0.010594629,0
40,141,4894.187,1,0.014597731,0
219,142,4894.224,1,0.044704102,0
190,144,4894.299,1,0.034879714,0
159,161,4894.889,1,0.025425412,0
23,162,4894.917,1,0.014168004,0
259,103,4894.951,0,0.982517302,1
206,165,4895.033,1,0.003438733,0
233,190,4895.903,1,0.009953846,0
184,200,4896.262,1,0.009305348,0
56,206,4896.479,1,0.009292713,0
202,211,4896.648,1,0.007877922,0
29,217,4896.869,1,0.008355292,0
20,218,4896.894,1,0.008731940,0
41,247,4897.932,1,0.008097558,0
272,256,4898.236,1,0.009662822,0
259,105,4902.815,1,0.033269525,0
259,103,4910.523,0,0.695364654,0
259,104,4912.968,1,0.985540569,1
259,102,4919.177,0,0.365300596,0
130,8,4920.043,1,0.009414102,0
130,16,4920.331,1,0.010754143,0
15,23,4920.564,1,0.008766283,0
130,23,4920.577,1,0.010412283,0
258,104,4920.58,1,0.995224714,1
279,28,4920.748,1,0.007250806,0
171,28,4920.753,1,0.013357316,0
199,38,4921.098,1,0.010969391,0
34,49,4921.512,1,0.009060768,0
267,51,4921.56,1,0.008579842,0
271,53,4921.631,1,0.008462654,0
190,62,4921.947,1,0.009329828,0
68,66,4922.096,1,0.041978158,0
199,77,4922.48,1,0.049963035,0
186,78,4922.529,1,0.052247621,0
265,80,4922.582,1,0.023828821,0
72,80,4922.599,1,0.040007971,0
42,91,4922.991,1,0.017289812,0
88,94,4923.069,1,0.008821334,0
1,95,4923.115,1,0.009781437,0
64,95,4923.125,1,0.012236606,0
229,95,4923.134,1,0.009510570,0
8,100,4923.286,1,0.009851219,0
99,102,4923.362,1,0.012635116,0
282,109,4923.602,1,0.009348220,0
44,117,4923.88,1,0.009881289,0
195,118,4923.927,1,0.008717830,0
255,125,4924.163,1,0.009464724,0
13,126,4924.226,1,0.008989658,0
128,129,4924.317,1,0.013638028,0
172,143,4924.815,1,0.015594820,0
45,152,4925.134,1,0.010407361,0
41,153,4925.154,1,0.008877810,0
87,159,4925.384,1,0.009251477,0
217,176,4925.979,1,0.010798810,0
217,177,4925.996,1,0.007539366,0
176,224,4927.669,1,0.009806547,0
176,231,4927.924,1,0.009310887,0
78,232,4927.946,1,0.008340186,0
123,3,4929.308,1,0.009379843,0
263,4,4929.357,1,0.007025720,0
312,6,4929.418,1,0.006721534,0
125,7,4929.472,1,0.009792690,0
225,8,4929.485,1,0.006583691,0
155,8,4929.494,1,0.010254873,0
154,12,4929.652,1,0.009923775,0
247,13,4929.668,1,0.007101887,0
90,14,4929.696,1,0.009709728,0
223,14,4929.705,1,0.006953259,0
56,15,4929.736,1,0.009775859,0
49,16,4929.765,1,0.009452916,0
259,18,4929.849,1,0.007352112,0
152,19,4929.883,1,0.010555842,0
286,19,4929.897,1,0.006973510,0
268,20,4929.905,1,0.007023725,0
334,20,4929.915,1,0.006569843,0
159,21,4929.944,1,0.009178495,0
149,22,4929.985,1,0.008361972,0
107,22,4929.995,1,0.009448666,0
216,23,4930.032,1,0.010369997,0
127,24,4930.051,1,0.044651080,0
27,24,4930.058,1,0.019790968,0
31,28,4930.195,1,0.017739605,0
200,31,4930.296,1,0.011597685,0
110,32,4930.329,1,0.045591865,0
223,32,4930.335,1,0.011294435,0
121,32,4930.351,1,0.045984678,0
221,35,4930.435,1,0.011830261,0
120,36,4930.472,1,0.048409391,0
255,37,4930.51,1,0.011011987,0
236,38,4930.549,1,0.011997574,0
226,38,4930.56,1,0.012340435,0
279,39,4930.578,1,0.010668317,0
248,43,4930.717,1,0.012016660,0
47,45,4930.789,1,0.048507929,0
46,47,4930.862,1,0.048430394,0
294,51,4931.007,1,0.007343796,0
344,53,4931.083,1,0.006467818,0
137,54,4931.11,1,0.008536025,0
320,55,4931.143,1,0.006900720,0
127,56,4931.18,1,0.008523500,0
250,59,4931.284,1,0.010192008,0
216,59,4931.29,1,0.008983696,0
110,64,4931.459,1,0.009166209,0
26,69,4931.639,1,0.011749533,0
115,72,4931.755,1,0.008912798,0
239,77,4931.92,1,0.009466431,0
225,77,4931.938,1,0.008720919,0
199,78,4931.975,1,0.008748845,0
252,81,4932.075,1,0.009658428,0
251,84,4932.176,1,0.009132301,0
5,95,4932.556,1,0.009498589,0
315,95,4932.563,1,0.007815475,0
141,101,4932.767,1,0.004534598,0
260,104,4932.867,1,0.988904834,1
298,108,4933.014,1,0.008413519,0
257,112,4933.157,1,0.009263851,0
150,116,4933.312,1,0.009768675,0
124,121,4933.474,1,0.014524906,0
168,127,4933.705,1,0.005630206,0
251,128,4933.722,1,0.009284280,0
34,142,4934.213,1,0.014448280,0
168,144,4934.284,1,0.038052909,0
279,151,4934.534,1,0.015725201,0
250,156,4934.713,1,0.022991044,0
88,159,4934.815,1,0.015153463,0
141,161,4934.887,1,0.025546126,0
60,175,4935.404,1,0.009363742,0
27,181,4935.588,1,0.010355219,0
132,183,4935.678,1,0.010067555,0
63,187,4935.801,1,0.009620182,0
71,207,4936.507,1,0.008727211,0
133,207,4936.525,1,0.008876526,0
107,211,4936.663,1,0.008790199,0
201,214,4936.765,1,0.007356763,0
190,217,4936.868,1,0.007879305,0
183,224,4937.103,1,0.009131753,0
259,103,4939.134,1,0.998937905,1
259,102,4945.887,0,0.999963522,1
260,103,4946.023,1,0.999999762,1
258,103,4946.496,1,0.999880672,1
258,101,4946.751,0,1.000000000,1
260,101,4948.526,0,0.986738324,1
261,103,4949.574,1,0.982882500,1
259,103,4949.753,1,0.998213053,1
257,102,4951.171,0,0.996891201,1
259,101,4952.739,0,0.998333752,1
31,4,4959.902,1,0.009037357,0
224,22,4960.538,1,0.007108645,0
116,32,4960.886,1,0.009445016,0
228,32,4960.895,1,0.008063833,0
50,33,4960.92,1,0.009176851,0
183,45,4961.348,1,0.008930692,0
199,46,4961.396,1,0.009627535,0
133,48,4961.451,1,0.007130457,0
134,48,4961.461,1,0.011066784,0
119,48,4961.461,1,0.009261163,0
242,50,4961.525,1,0.010246440,0
164,53,4961.63,1,0.008980106,0
50,64,4962.023,1,0.035333309,0
131,73,4962.354,1,0.051786900,0
171,76,4962.438,1,0.055374034,0
15,77,4962.486,1,0.016039951,0
168,80,4962.575,1,0.057937112,0
224,83,4962.687,1,0.035785269,0
205,83,4962.695,1,0.026496075,0
199,84,4962.72,1,0.048930880,0
204,84,4962.73,1,0.079588391,0
88,85,4962.758,1,0.042253010,0
226,85,4962.772,1,0.036860045,0
344,87,4962.829,1,0.010016087,0
174,93,4963.043,1,0.009941659,0
57,94,4963.096,1,0.011659400,0
285,96,4963.141,1,0.010611126,0
224,100,4963.288,1,0.009379144,0
96,100,4963.296,1,0.009180611,0
252,101,4963.32,1,0.015984364,0
96,101,4963.332,1,0.015408969,0
86,104,4963.434,1,0.013387167,0
258,104,4963.448,1,0.999424934,1
48,107,4963.528,1,0.006701215,0
49,108,4963.571,1,0.008963566,0
31,115,4963.839,1,0.009669856,0
293,116,4963.848,1,0.009256734,0
186,116,4963.859,1,0.009165145,0
103,118,4963.928,1,0.012666733,0
164,125,4964.165,1,0.006582983,0
56,126,4964.225,1,0.010096909,0
96,127,4964.236,1,0.012337425,0
217,131,4964.372,1,0.009596283,0
315,134,4964.49,1,0.008241630,0
30,134,4964.499,1,0.009266652,0
25,136,4964.557,1,0.009137748,0
135,137,4964.605,1,0.006042517,0
135,138,4964.631,1,0.014366210,0
3,142,4964.793,1,0.008525882,0
165,152,4965.121,1,0.012911415,0
3,153,4965.175,1,0.008456159,0
43,158,4965.339,1,0.009177628,0
139,162,4965.476,1,0.010713652,0
166,167,4965.646,1,0.011183819,0
267,167,4965.66,1,0.009998691,0
87,172,4965.833,1,0.009533379,0
96,173,4965.861,1,0.009014689,0
95,175,4965.924,1,0.009278422,0
129,179,4966.091,1,0.015077081,0
311,195,4966.66,1,0.011046840,0
87,202,4966.884,1,0.014293088,0
179,212,4967.238,1,0.009162711,0
87,216,4967.381,1,0.008498752,0
155,219,4967.485,1,0.010447200,0
9,237,4968.131,1,0.008152573,0
138,242,4968.289,1,0.010203780,0
199,247,4968.487,1,0.006614249,0
69,8,4969.486,1,0.009779756,0
103,20,4969.907,1,0.005437124,0
104,21,4969.96,1,0.013346837,0
106,22,4969.982,1,0.009937249,0
75,24,4970.049,1,0.041183829,0
71,30,4970.272,1,0.042991538,0
64,32,4970.342,1,0.043933522,0
258,103,4970.377,1,0.034300573,0
333,34,4970.412,1,0.009900097,0
32,35,4970.437,1,0.047523402,0
202,46,4970.83,1,0.029535256,0
212,48,4970.903,1,0.025353683,0
36,53,4971.076,1,0.008805119,0
138,54,4971.11,1,0.010243896,0
210,54,4971.134,1,0.008808348,0
137,55,4971.148,1,0.016230410,0
224,59,4971.291,1,0.009183752,0
226,60,4971.318,1,0.009395776,0
247,60,4971.326,1,0.010372159,0
142,67,4971.564,1,0.009079432,0
138,73,4971.787,1,0.009329067,0
263,78,4971.977,1,0.011670599,0
234,100,4972.733,1,0.009811952,0
124,105,4972.917,1,0.006606859,0
169,108,4973.013,1,0.010826948,0
24,108,4973.039,1,0.009997196,0
124,109,4973.049,1,0.014589575,0
286,110,4973.096,1,0.011371767,0
286,112,4973.158,1,0.010954642,0
342,125,4973.612,1,0.007224373,0
145,138,4974.069,1,0.044987489,0
304,152,4974.572,1,0.011831499,0
311,156,4974.727,1,0.011487544,0
40,164,4974.997,1,0.014402403,0
160,173,4975.309,1,0.011028023,0
231,176,4975.415,1,0.009799925,0
52,207,4976.506,1,0.008473013,0
134,216,4976.848,1,0.008652742,0
260,102,4977.061,1,0.998994887,1
283,252,4978.106,1,0.009985277,0
259,103,4978.552,1,1.000000000,1
260,101,4979.535,0,0.999981403,1
259,102,4979.945,1,0.998916030,1
257,100,4981.474,0,0.997896433,1
258,102,4981.538,1,0.999963284,1
257,103,4981.778,1,0.999794185,1
308,105,4989.753,1,0.008249265,0
257,102,4991.037,1,0.992342293,1
89,112,4993.126,1,0.012160876,0
259,100,4999.622,0,0.995543778,1
259,102,4999.777,1,0.999409080,1
171,2,4999.843,1,0.008045531,0
122,6,4999.98,1,0.009488074,0
174,7,5000.012,1,0.007858681,0
172,12,5000.198,1,0.008577911,0
206,16,5000.33,1,0.006689168,0
159,18,5000.41,1,0.007394033,0
157,20,5000.469,1,0.008919713,0
156,21,5000.505,1,0.011126488,0
267,23,5000.575,1,0.007395201,0
272,31,5000.853,1,0.007594990,0
148,32,5000.889,1,0.009602552,0
23,36,5001.039,1,0.009220109,0
330,40,5001.186,1,0.006913374,0
239,46,5001.383,1,0.010566316,0
39,55,5001.709,1,0.008671906,0
222,63,5001.982,1,0.009275538,0
62,66,5002.091,1,0.039703801,0
60,67,5002.122,1,0.037872918,0
88,70,5002.235,1,0.047034334,0
206,75,5002.417,1,0.048787892,0
183,78,5002.512,1,0.052682351,0
243,78,5002.523,1,0.044650134,0
96,87,5002.834,1,0.043363594,0
230,87,5002.848,1,0.044793069,0
78,92,5003.026,1,0.010500351,0
260,102,5003.355,1,0.997406662,1
159,124,5004.129,1,0.006271584,0
278,126,5004.212,1,0.010256911,0
255,127,5004.249,1,0.008902014,0
232,136,5004.562,1,0.009630633,0
236,138,5004.632,1,0.009541898,0
33,148,5004.972,1,0.008851186,0
57,149,5005.019,1,0.009149231,0
40,151,5005.08,1,0.008778183,0
75,160,5005.396,1,0.009572971,0
237,161,5005.441,1,0.010752029,0
120,165,5005.576,1,0.009460031,0
71,166,5005.608,1,0.009066438,0
308,176,5005.981,1,0.007940867,0
131,182,5006.172,1,0.015008289,0
45,188,5006.392,1,0.014141195,0
159,197,5006.709,1,0.016128603,0
46,197,5006.727,1,0.013983540,0
156,198,5006.741,1,0.016269643,0
142,201,5006.861,1,0.014680268,0
0,203,5006.912,1,0.013277946,0
47,207,5007.054,1,0.008965116,0
277,212,5007.241,1,0.007855937,0
111,219,5007.496,1,0.009002663,0
53,224,5007.654,1,0.008142755,0
98,243,5008.334,1,0.008260883,0
160,245,5008.4,1,0.009324572,0
272,248,5008.529,1,0.006861415,0
274,255,5008.767,1,0.006639599,0
117,6,5009.42,1,0.010501620,0
294,7,5009.451,1,0.006739276,0
116,7,5009.464,1,0.009052077,0
232,14,5009.698,1,0.006503925,0
173,14,5009.713,1,0.009215041,0
219,15,5009.736,1,0.006620377,0
173,16,5009.765,1,0.008097391,0
167,16,5009.772,1,0.009589523,0
209,19,5009.885,1,0.006966160,0
5,22,5009.979,1,0.009079257,0
160,26,5010.122,1,0.041622836,0
156,27,5010.154,1,0.044681218,0
234,32,5010.359,1,0.011217523,0
222,34,5010.402,1,0.011644513,0
219,36,5010.49,1,0.012044952,0
266,37,5010.515,1,0.016007841,0
267,38,5010.542,1,0.016208256,0
22,39,5010.579,1,0.044579104,0
227,45,5010.803,1,0.018289264,0
205,46,5010.837,1,0.024954006,0
7,47,5010.881,1,0.022721548,0
32,48,5010.902,1,0.041644316,0
312,54,5011.107,1,0.006964986,0
34,54,5011.126,1,0.008641343,0
243,59,5011.283,1,0.010661394,0
259,101,5011.47,1,0.998703241,1
31,67,5011.573,1,0.005328451,0
176,85,5012.216,1,0.009640798,0
344,95,5012.559,1,0.007009292,0
324,96,5012.606,1,0.007761524,0
263,99,5012.709,1,0.847583771,0
260,101,5012.763,1,0.998779356,1
7,101,5012.776,1,0.009424107,0
78,104,5012.882,1,0.012336960,0
177,119,5013.4,1,0.008647030,0
121,126,5013.651,1,0.012844410,0
258,99,5013.92,0,0.980330169,1
258,101,5014.181,1,0.986671865,1
135,141,5014.181,1,0.033361856,0
273,159,5014.811,1,0.014929305,0
214,181,5015.595,1,0.003633465,0
137,200,5016.265,1,0.008808931,0
311,205,5016.455,1,0.007774920,0
56,207,5016.531,1,0.009888457,0
108,211,5016.651,1,0.009316480,0
128,237,5017.583,1,0.008948859,0
69,259,5018.35,1,0.013090792,0
260,99,5026.656,0,0.606059790,0
258,99,5026.912,0,0.997518659,1
257,100,5027.495,0,0.993093014,1
192,7,5040.012,1,0.006513007,0
41,22,5040.531,1,0.008710387,0
191,27,5040.705,1,0.008367157,0
123,32,5040.891,1,0.009227988,0
296,43,5041.285,1,0.007281035,0
33,46,5041.391,1,0.008863296,0
36,47,5041.412,1,0.009217171,0
167,50,5041.521,1,0.008965824,0
220,64,5042.018,1,0.049229000,0
218,65,5042.059,1,0.049025375,0
168,67,5042.122,1,0.052335668,0
198,75,5042.411,1,0.050478093,0
197,78,5042.528,1,0.050107323,0
338,82,5042.651,1,0.010069484,0
75,84,5042.727,1,0.030645836,0
208,86,5042.806,1,0.048319466,0
205,87,5042.827,1,0.048649363,0
206,92,5043.024,1,0.008983035,0
125,95,5043.114,1,0.005196174,0
174,101,5043.343,1,0.009569671,0
318,102,5043.366,1,0.007835593,0
258,99,5043.376,0,0.986567259,1
324,103,5043.389,1,0.007429388,0
317,104,5043.435,1,0.007750995,0
145,104,5043.445,1,0.005624342,0
7,110,5043.644,1,0.009683495,0
5,111,5043.672,1,0.009494682,0
73,112,5043.717,1,0.011163393,0
282,119,5043.963,1,0.009421147,0
269,120,5043.999,1,0.013887241,0
267,122,5044.081,1,0.009672038,0
208,127,5044.26,1,0.009214501,0
102,128,5044.275,1,0.012107108,0
338,138,5044.631,1,0.007277838,0
192,141,5044.725,1,0.009283293,0
227,144,5044.835,1,0.009393659,0
315,148,5044.99,1,0.007910484,0
218,149,5045.015,1,0.008891733,0
276,151,5045.084,1,0.010085802,0
221,152,5045.124,1,0.009861620,0
223,156,5045.255,1,0.009239331,0
204,158,5045.326,1,0.005018345,0
319,161,5045.459,1,0.007845798,0
326,162,5045.489,1,0.007288701,0
313,165,5045.579,1,0.008138435,0
344,165,5045.598,1,0.007308083,0
26,166,5045.615,1,0.009020578,0
119,175,5045.927,1,0.009112693,0
10,193,5046.559,1,0.013588827,0
97,206,5047.027,1,0.009018818,0
327,211,5047.193,1,0.007491309,0
322,212,5047.243,1,0.007408650,0
56,212,5047.255,1,0.008816403,0
200,222,5047.591,1,0.006860298,0
200,224,5047.666,1,0.007163396,0
166,228,5047.795,1,0.011482888,0
259,100,5048.023,1,0.990188658,1
234,236,5048.082,1,0.005588173,0
99,246,5048.433,1,0.008135125,0
264,248,5048.502,1,0.006636066,0
143,251,5048.622,1,0.008421255,0
111,258,5048.861,1,0.008089742,0
289,5,5049.377,1,0.007152622,0
207,7,5049.468,1,0.006349427,0
211,8,5049.492,1,0.006838772,0
100,8,5049.506,1,0.010212202,0
207,9,5049.521,1,0.006598108,0
101,12,5049.629,1,0.009943284,0
211,13,5049.659,1,0.005763267,0
49,14,5049.702,1,0.009641971,0
99,15,5049.742,1,0.009269607,0
192,18,5049.867,1,0.006763456,0
194,20,5049.915,1,0.008664837,0
168,20,5049.927,1,0.010158758,0
104,22,5050.006,1,0.023095708,0
104,26,5050.122,1,0.022503214,0
311,30,5050.286,1,0.010241548,0
68,31,5050.31,1,0.043171957,0
39,32,5050.328,1,0.045634046,0
208,32,5050.336,1,0.011541888,0
112,32,5050.344,1,0.045627311,0
214,32,5050.353,1,0.011078736,0
212,34,5050.41,1,0.009548981,0
210,35,5050.448,1,0.012037567,0
216,36,5050.484,1,0.012100666,0
218,37,5050.508,1,0.012246333,0
252,38,5050.548,1,0.011260471,0
129,44,5050.757,1,0.049069658,0
176,44,5050.778,1,0.049756616,0
332,45,5050.801,1,0.009932503,0
96,47,5050.869,1,0.048980232,0
170,48,5050.912,1,0.048947498,0
143,49,5050.935,1,0.048246287,0
147,53,5051.082,1,0.008665009,0
70,59,5051.3,1,0.008974455,0
51,61,5051.358,1,0.008478041,0
71,64,5051.464,1,0.008569659,0
46,70,5051.678,1,0.003915043,0
214,71,5051.707,1,0.008914480,0
230,73,5051.78,1,0.009228103,0
180,74,5051.815,1,0.009287338,0
32,48,5052.061,1,0.008710223,0
99,84,5052.168,1,0.009965154,0
158,84,5052.177,1,0.010775095,0
156,88,5052.311,1,0.010592360,0
78,98,5052.661,1,0.012730742,0
290,103,5052.838,1,0.009642696,0
119,103,5052.846,1,0.005667279,0
79,111,5053.122,1,0.011699993,0
225,112,5053.154,1,0.006967760,0
229,112,5053.157,1,0.009067998,0
328,112,5053.171,1,0.007520366,0
284,113,5053.198,1,0.009522975,0
281,116,5053.298,1,0.009798106,0
35,117,5053.35,1,0.009565673,0
151,118,5053.363,1,0.009430105,0
8,124,5053.577,1,0.009530837,0
204,80,5053.76,1,0.008987343,0
289,133,5053.899,1,0.009891487,0
48,136,5054.006,1,0.082998924,0
48,137,5054.053,1,0.068299159,0
50,140,5054.138,1,0.014896670,0
170,140,5054.168,1,0.037807953,0
320,142,5054.213,1,0.011206258,0
220,143,5054.247,1,0.044695597,0
30,148,5054.429,1,0.013080785,0
28,150,5054.5,1,0.012877385,0
313,151,5054.54,1,0.011437134,0
206,152,5054.563,1,0.035318147,0
222,158,5054.785,1,0.038069624,0
257,100,5056.813,1,0.999311209,1
257,98,5056.898,0,0.987865269,1
165,222,5057.056,1,0.009024009,0
260,100,5057.09,1,0.989409685,1
39,224,5057.108,1,0.008335589,0
31,225,5057.146,1,0.008246114,0
259,98,5057.592,0,0.977091372,1
246,241,5057.731,1,0.005649249,0
41,248,5057.954,1,0.008358762,0
211,251,5058.082,1,0.009963523,0
259,100,5064.207,1,0.999872565,1
258,100,5065.899,1,0.999997854,1
257,101,5068.397,1,0.998373389,1
259,99,5077.088,1,0.968331575,1
49,7,5080.007,1,0.009195092,0
247,16,5080.322,1,0.007143168,0
77,22,5080.54,1,0.009444320,0
76,30,5080.818,1,0.009226960,0
327,31,5080.853,1,0.007012453,0
256,32,5080.897,1,0.007669644,0
224,39,5081.136,1,0.008964134,0
155,40,5081.172,1,0.009419341,0
152,47,5081.414,1,0.009117387,0
80,56,5081.737,1,0.009023934,0
187,64,5082.031,1,0.049337111,0
220,78,5082.513,1,0.049403530,0
281,80,5082.576,1,0.014069203,0
264,81,5082.615,1,0.025319083,0
81,84,5082.714,1,0.045508593,0
98,85,5082.766,1,0.044847086,0
223,88,5082.862,1,0.049129076,0
95,91,5082.965,1,0.045711488,0
159,92,5082.999,1,0.061362706,0
204,95,5083.111,1,0.008969380,0
240,96,5083.142,1,0.009435835,0
51,102,5083.376,1,0.010415413,0
320,106,5083.5,1,0.007872632,0
133,110,5083.641,1,0.009893490,0
295,112,5083.724,1,0.009204959,0
215,118,5083.914,1,0.009313074,0
321,123,5084.097,1,0.007703571,0
96,126,5084.196,1,0.012756869,0
53,126,5084.207,1,0.009340284,0
51,127,5084.233,1,0.009607520,0
20,129,5084.324,1,0.009285090,0
16,131,5084.374,1,0.010030720,0
239,135,5084.525,1,0.009594053,0
332,136,5084.557,1,0.007721258,0
303,142,5084.779,1,0.008517997,0
316,144,5084.85,1,0.008241136,0
255,150,5085.053,1,0.010315819,0
72,151,5085.079,1,0.009595155,0
44,152,5085.116,1,0.009740183,0
293,152,5085.138,1,0.009766019,0
334,157,5085.317,1,0.007402839,0
0,158,5085.348,1,0.008869669,0
0,159,5085.374,1,0.016842578,0
227,160,5085.397,1,0.009580162,0
230,163,5085.527,1,0.015122495,0
188,164,5085.546,1,0.010344660,0
264,165,5085.585,1,0.010128676,0
227,166,5085.617,1,0.009797607,0
127,166,5085.632,1,0.010320090,0
262,183,5086.237,1,0.012275056,0
72,206,5087.02,1,0.008643678,0
67,214,5087.311,1,0.008320739,0
86,221,5087.573,1,0.008678980,0
323,224,5087.653,1,0.007230399,0
123,224,5087.681,1,0.008398602,0
327,228,5087.799,1,0.007231826,0
72,229,5087.835,1,0.009209491,0
91,236,5088.093,1,0.008243119,0
340,256,5088.8,1,0.006647162,0
344,5,5089.381,1,0.006517975,0
285,6,5089.413,1,0.007463352,0
107,6,5089.418,1,0.009570060,0
280,7,5089.456,1,0.006919355,0
175,9,5089.522,1,0.007936541,0
196,14,5089.71,1,0.007382199,0
227,14,5089.722,1,0.007222113,0
163,16,5089.767,1,0.010255192,0
259,16,5089.772,1,0.007613539,0
167,20,5089.906,1,0.004910612,0
165,20,5089.915,1,0.008123902,0
68,20,5089.923,1,0.009627071,0
46,30,5090.263,1,0.043555733,0
323,31,5090.31,1,0.010045448,0
337,36,5090.47,1,0.009841670,0
93,37,5090.517,1,0.046842955,0
266,38,5090.568,1,0.010771181,0
204,39,5090.578,1,0.013722952,0
131,48,5090.908,1,0.048441343,0
135,52,5091.038,1,0.008525205,0
127,52,5091.043,1,0.008537834,0
119,53,5091.072,1,0.008786153,0
162,54,5091.114,1,0.011103306,0
165,54,5091.13,1,0.011758434,0
120,56,5091.178,1,0.009001714,0
245,56,5091.207,1,0.010339647,0
216,59,5091.282,1,0.009054614,0
160,66,5091.531,1,0.009275801,0
235,70,5091.679,1,0.009319081,0
26,77,5091.919,1,0.011693692,0
343,78,5091.956,1,0.006994910,0
236,78,5091.969,1,0.009409985,0
260,99,5092.693,1,0.997130215,1
257,100,5092.733,1,0.983996212,1
255,101,5092.768,1,0.980545640,1
215,104,5092.873,1,0.008865261,0
250,112,5093.158,1,0.009730346,0
131,118,5093.373,1,0.017003823,0
91,120,5093.434,1,0.012717946,0
159,123,5093.544,1,0.006332548,0
233,127,5093.691,1,0.009662543,0
88,128,5093.722,1,0.011292779,0
40,140,5094.142,1,0.014623248,0
16,143,5094.261,1,0.014146348,0
258,151,5094.534,1,0.022306252,0
324,159,5094.825,1,0.010915427,0
104,188,5095.837,1,0.009286228,0
240,192,5095.982,1,0.009506187,0
258,99,5096.247,1,1.000000000,1
231,207,5096.513,1,0.007094202,0
4,224,5097.134,1,0.009058457,0
257,98,5097.483,0,1.000000000,1
302,254,5098.185,1,0.009935504,0
257,99,5101.581,1,0.995912850,1
259,97,5102.45,0,0.987549186,1
259,99,5104.429,1,0.997395277,1
258,97,5116.288,0,0.987574637,1
258,98,5118.241,1,0.903432727,1
259,97,5118.436,0,0.819512665,0
344,4,5119.906,1,0.006663825,0
288,15,5120.286,1,0.007052105,0
238,24,5120.607,1,0.007421664,0
235,28,5120.743,1,0.007643078,0
66,40,5121.175,1,0.009101316,0
188,47,5121.414,1,0.009201989,0
237,48,5121.472,1,0.010675139,0
236,49,5121.479,1,0.011583050,0
298,52,5121.617,1,0.007319947,0
78,55,5121.695,1,0.009092002,0
104,55,5121.711,1,0.009043342,0
112,64,5122.019,1,0.048844509,0
206,67,5122.116,1,0.049040206,0
235,68,5122.181,1,0.044676319,0
116,71,5122.26,1,0.050181419,0
233,72,5122.321,1,0.044755373,0
126,77,5122.473,1,0.052314956,0
198,78,5122.512,1,0.049710046,0
344,79,5122.547,1,0.009900022,0
204,80,5122.574,1,0.048785139,0
107,83,5122.691,1,0.047201429,0
250,87,5122.831,1,0.043821976,0
315,159,5123.049,1,0.007983971,0
195,94,5123.069,1,0.008706391,0
279,101,5123.329,1,0.009702848,0
232,110,5123.639,1,0.009390607,0
324,111,5123.68,1,0.007710124,0
197,117,5123.901,1,0.008642887,0
268,124,5124.138,1,0.010336475,0
281,125,5124.177,1,0.009790008,0
22,128,5124.275,1,0.009089460,0
294,132,5124.438,1,0.009207394,0
184,134,5124.481,1,0.005055921,0
73,135,5124.535,1,0.009580208,0
109,143,5124.815,1,0.010445860,0
131,149,5125.011,1,0.011668298,0
123,151,5125.1,1,0.010694696,0
283,152,5125.123,1,0.009889245,0
95,157,5125.319,1,0.009428354,0
320,158,5125.333,1,0.008137253,0
140,162,5125.471,1,0.010978495,0
152,164,5125.542,1,0.011709618,0
235,165,5125.582,1,0.011769294,0
184,166,5125.635,1,0.009601709,0
223,167,5125.646,1,0.008913115,0
146,168,5125.694,1,0.010525951,0
148,170,5125.756,1,0.008919894,0
183,178,5126.039,1,0.013727698,0
64,184,5126.249,1,0.014374302,0
12,189,5126.422,1,0.013685576,0
63,189,5126.443,1,0.014290113,0
68,191,5126.497,1,0.014303076,0
149,197,5126.718,1,0.015589816,0
118,203,5126.915,1,0.014202096,0
90,203,5126.923,1,0.014309839,0
191,205,5127.01,1,0.008406635,0
88,206,5127.027,1,0.008625960,0
259,98,5127.247,1,0.996366858,1
172,224,5127.68,1,0.010061859,0
35,231,5127.908,1,0.010037158,0
100,234,5128.037,1,0.010846151,0
240,238,5128.162,1,0.006080613,0
297,240,5128.235,1,0.006785939,0
160,241,5128.254,1,0.007766618,0
160,242,5128.293,1,0.006463076,0
260,96,5128.525,0,0.970970690,1
101,2,5129.274,1,0.009696689,0
257,96,5129.474,0,0.982062161,1
105,8,5129.493,1,0.009758357,0
52,20,5129.911,1,0.009394902,0
334,22,5129.98,1,0.006891814,0
14,26,5130.122,1,0.043209989,0
7,31,5130.296,1,0.044572167,0
245,32,5130.331,1,0.010840085,0
272,32,5130.339,1,0.010590981,0
250,32,5130.355,1,0.010755346,0
31,35,5130.438,1,0.047426779,0
283,36,5130.477,1,0.010601119,0
26,36,5130.494,1,0.047151357,0
242,37,5130.514,1,0.011541585,0
27,38,5130.545,1,0.046817999,0
201,45,5130.788,1,0.027313594,0
143,51,5131.003,1,0.008595699,0
145,54,5131.108,1,0.008698028,0
217,54,5131.117,1,0.008861273,0
170,56,5131.184,1,0.009022351,0
231,63,5131.438,1,0.009563589,0
257,98,5131.581,1,0.999177516,1
271,77,5131.922,1,0.008915490,0
51,79,5131.999,1,0.006747015,0
101,80,5132.025,1,0.009212881,0
96,81,5132.061,1,0.009236436,0
144,91,5132.414,1,0.011243505,0
21,95,5132.555,1,0.009535735,0
146,96,5132.593,1,0.010083192,0
258,98,5132.661,1,0.999895215,1
260,100,5132.736,1,0.992964864,1
121,102,5132.815,1,0.005847208,0
186,119,5133.404,1,0.008692824,0
179,120,5133.44,1,0.010709262,0
177,121,5133.492,1,0.005744249,0
165,126,5133.653,1,0.005996233,0
342,135,5133.964,1,0.007217421,0
104,142,5134.217,1,0.020739889,0
295,157,5134.744,1,0.012300433,0
295,175,5135.387,1,0.008382367,0
87,176,5135.425,1,0.008825859,0
196,187,5135.8,1,0.008685563,0
312,188,5135.86,1,0.007806118,0
209,190,5135.922,1,0.009523610,0
168,198,5136.189,1,0.009832233,0
174,199,5136.243,1,0.009520214,0
285,200,5136.263,1,0.007781011,0
58,206,5136.481,1,0.008450328,0
59,208,5136.539,1,0.008393131,0
236,209,5136.574,1,0.007998105,0
88,211,5136.671,1,0.008622299,0
253,213,5136.741,1,0.007882544,0
260,98,5136.811,1,0.950070858,1
280,219,5136.933,1,0.007792420,0
141,221,5137.003,1,0.007246096,0
280,222,5137.036,1,0.007717712,0
138,224,5137.11,1,0.007964545,0
175,229,5137.281,1,0.008892376,0
258,96,5137.301,0,0.975853205,1
168,231,5137.355,1,0.009019832,0
50,246,5137.896,1,0.008275119,0
257,97,5146.757,0,0.921393394,1
258,96,5147.555,0,0.967675328,1
259,98,5148.317,1,0.973682165,1
258,97,5155.555,1,0.988937974,1
127,6,5159.988,1,0.009317452,0
257,95,5159.991,0,0.900137961,1
210,8,5160.052,1,0.006326712,0
209,12,5160.191,1,0.006347557,0
327,21,5160.5,1,0.006861181,0
260,95,5160.525,0,0.963702381,1
72,31,5160.856,1,0.009332420,0
209,31,5160.873,1,0.008121808,0
22,32,5160.887,1,0.008938892,0
247,36,5161.031,1,0.008819567,0
257,98,5161.358,1,0.964808762,1
258,96,5161.655,0,0.941144705,1
72,56,5161.732,1,0.009114213,0
83,56,5161.749,1,0.009426565,0
247,62,5161.941,1,0.009767208,0
203,63,5162.006,1,0.048795979,0
273,76,5162.45,1,0.018490100,0
103,78,5162.508,1,0.048429292,0
125,85,5162.764,1,0.054544006,0
55,88,5162.864,1,0.020585492,0
244,89,5162.901,1,0.044652689,0
78,93,5163.037,1,0.011655185,0
245,94,5163.076,1,0.009177844,0
47,95,5163.111,1,0.010917964,0
260,99,5163.245,1,0.966379285,1
195,102,5163.375,1,0.008555102,0
36,104,5163.451,1,0.009958326,0
46,107,5163.534,1,0.010248655,0
328,108,5163.567,1,0.007501111,0
135,114,5163.785,1,0.011719064,0
136,118,5163.935,1,0.019357428,0
217,128,5164.269,1,0.009543628,0
8,130,5164.355,1,0.009236834,0
227,141,5164.731,1,0.009630341,0
45,152,5165.117,1,0.009171191,0
234,152,5165.14,1,0.009212608,0
128,154,5165.197,1,0.010980463,0
43,156,5165.26,1,0.009312578,0
225,156,5165.283,1,0.009164949,0
177,159,5165.363,1,0.011059298,0
22,161,5165.456,1,0.008528559,0
74,163,5165.511,1,0.008941312,0
267,164,5165.556,1,0.009980908,0
231,166,5165.606,1,0.010776563,0
87,185,5166.151,1,0.014580414,0
64,181,5166.163,1,0.014421416,0
340,182,5166.173,1,0.010661746,0
130,184,5166.257,1,0.014886262,0
8,190,5166.463,1,0.013608362,0
5,191,5166.501,1,0.013544758,0
92,192,5166.529,1,0.014508788,0
274,229,5167.84,1,0.007273285,0
260,230,5167.885,1,0.007386256,0
201,232,5167.945,1,0.007106320,0
205,234,5168.014,1,0.007233164,0
186,256,5168.782,1,0.008886625,0
105,4,5169.345,1,0.009676524,0
16,4,5169.364,1,0.009140650,0
123,5,5169.38,1,0.009196639,0
150,6,5169.414,1,0.009751204,0
278,11,5169.6,1,0.006857874,0
169,12,5169.64,1,0.005822300,0
170,13,5169.665,1,0.008252090,0
248,14,5169.701,1,0.006996745,0
236,15,5169.734,1,0.006756285,0
101,15,5169.746,1,0.009855635,0
116,16,5169.769,1,0.010173489,0
190,18,5169.846,1,0.007231182,0
114,19,5169.888,1,0.009964595,0
319,23,5170.02,1,0.010071272,0
203,28,5170.197,1,0.010923286,0
300,30,5170.266,1,0.010369454,0
279,32,5170.33,1,0.010547563,0
47,32,5170.348,1,0.044498015,0
273,34,5170.414,1,0.010613009,0
286,35,5170.438,1,0.010566051,0
148,36,5170.471,1,0.048233982,0
47,38,5170.542,1,0.047758538,0
103,38,5170.569,1,0.049408652,0
141,39,5170.581,1,0.049436312,0
288,40,5170.623,1,0.010575886,0
120,43,5170.739,1,0.049069207,0
18,45,5170.791,1,0.037201621,0
171,46,5170.827,1,0.049082313,0
22,48,5170.9,1,0.035929695,0
24,52,5171.042,1,0.008803912,0
340,53,5171.078,1,0.006448430,0
92,58,5171.255,1,0.008984754,0
165,61,5171.363,1,0.008893006,0
271,62,5171.39,1,0.009213218,0
206,68,5171.608,1,0.009131610,0
13,71,5171.725,1,0.011575049,0
200,78,5171.971,1,0.009146417,0
95,79,5171.992,1,0.008865437,0
258,95,5172.084,0,0.974436045,1
115,85,5172.206,1,0.009870936,0
233,86,5172.244,1,0.009456644,0
257,90,5172.379,1,0.013907512,0
255,91,5172.422,1,0.012748830,0
259,92,5172.451,1,0.021225424,0
151,94,5172.53,1,0.008544876,0
154,94,5172.539,1,0.011769871,0
210,95,5172.565,1,0.009110278,0
259,97,5172.621,1,0.999783695,1
260,97,5172.635,1,0.995298684,1
258,98,5172.658,1,0.999967813,1
258,99,5172.711,1,0.996080577,1
94,100,5172.731,1,0.011556994,0
225,102,5172.805,1,0.009647743,0
221,107,5172.977,1,0.009558474,0
304,110,5173.095,1,0.008215911,0
285,111,5173.134,1,0.009448568,0
93,114,5173.224,1,0.012373880,0
259,95,5173.356,0,0.993670583,1
320,118,5173.366,1,0.007715927,0
81,119,5173.402,1,0.011086789,0
43,120,5173.438,1,0.009726243,0
207,124,5173.578,1,0.008936058,0
193,124,5173.592,1,0.008936604,0
96,128,5173.72,1,0.011662560,0
129,136,5174.018,1,0.033976529,0
229,140,5174.147,1,0.044671204,0
264,151,5174.53,1,0.020034682,0
11,156,5174.707,1,0.014052453,0
139,157,5174.741,1,0.027280593,0
253,184,5175.698,1,0.009137135,0
325,204,5176.396,1,0.007559176,0
103,212,5176.688,1,0.008627770,0
31,221,5176.997,1,0.008355414,0
72,224,5177.12,1,0.009291875,0
286,228,5177.249,1,0.007157907,0
29,230,5177.326,1,0.008369461,0
56,256,5178.249,1,0.013004023,0
131,258,5178.307,1,0.013421799,0
214,5,5199.945,1,0.006384647,0
209,8,5200.05,1,0.006379885,0
252,19,5200.44,1,0.007176291,0
255,20,5200.466,1,0.007384554,0
232,23,5200.566,1,0.007097692,0
160,27,5200.707,1,0.009921480,0
32,29,5200.78,1,0.007159565,0
26,29,5200.79,1,0.009049802,0
130,31,5200.854,1,0.009774696,0
30,31,5200.872,1,0.006943043,0
255,32,5200.89,1,0.007515396,0
221,34,5200.953,1,0.008202254,0
183,39,5201.149,1,0.009152525,0
123,40,5201.17,1,0.009443022,0
121,41,5201.208,1,0.009134674,0
165,43,5201.282,1,0.009278816,0
168,43,5201.291,1,0.012889137,0
287,45,5201.347,1,0.007668774,0
54,47,5201.421,1,0.009110184,0
262,48,5201.446,1,0.008345863,0
150,48,5201.456,1,0.008982278,0
94,51,5201.575,1,0.009149568,0
138,56,5201.733,1,0.008803924,0
162,64,5202.015,1,0.051753134,0
112,73,5202.345,1,0.050234348,0
267,76,5202.441,1,0.021021949,0
138,78,5202.509,1,0.072974913,0
266,79,5202.546,1,0.023159415,0
139,79,5202.572,1,0.164698705,0
168,80,5202.576,1,0.057272960,0
203,86,5202.802,1,0.048727755,0
254,90,5202.915,1,0.038294777,0
66,96,5203.141,1,0.012572760,0
259,96,5203.151,1,0.998900533,1
136,96,5203.162,1,0.011066314,0
135,99,5203.248,1,0.004741427,0
129,101,5203.327,1,0.005412492,0
176,102,5203.356,1,0.009436183,0
157,103,5203.389,1,0.005261581,0
332,104,5203.427,1,0.007160927,0
324,104,5203.436,1,0.007693484,0
259,94,5203.462,0,0.992321432,1
56,107,5203.527,1,0.010635428,0
321,110,5203.664,1,0.007771169,0
86,112,5203.71,1,0.012356567,0
315,119,5203.954,1,0.008090736,0
150,120,5203.997,1,0.015769493,0
258,95,5204.37,0,0.998728931,1
227,141,5204.726,1,0.009619033,0
192,141,5204.742,1,0.009275105,0
258,96,5204.819,1,0.997162521,1
45,147,5204.954,1,0.008854269,0
295,148,5204.996,1,0.008669988,0
216,149,5205.018,1,0.009574383,0
128,150,5205.054,1,0.011603331,0
321,167,5205.659,1,0.007932539,0
221,182,5206.195,1,0.023598591,0
192,183,5206.223,1,0.011558868,0
163,184,5206.244,1,0.016944626,0
128,187,5206.365,1,0.014649365,0
314,197,5206.71,1,0.010972511,0
232,197,5206.718,1,0.013438264,0
253,204,5206.955,1,0.011598838,0
129,206,5207.033,1,0.009074817,0
342,223,5207.623,1,0.007004289,0
136,237,5208.12,1,0.009857411,0
83,245,5208.395,1,0.008572698,0
88,246,5208.439,1,0.010975580,0
87,247,5208.475,1,0.009820369,0
250,252,5208.64,1,0.005656351,0
96,4,5209.343,1,0.009754834,0
271,5,5209.388,1,0.007435977,0
93,15,5209.747,1,0.009626735,0
247,16,5209.764,1,0.007860373,0
243,20,5209.907,1,0.007113140,0
251,20,5209.915,1,0.006190006,0
320,21,5209.943,1,0.006791801,0
39,22,5209.982,1,0.009360589,0
99,23,5210.013,1,0.022745540,0
98,23,5210.021,1,0.013773686,0
250,24,5210.053,1,0.010597783,0
165,31,5210.31,1,0.044034656,0
217,32,5210.35,1,0.011390148,0
239,35,5210.445,1,0.011462398,0
311,37,5210.535,1,0.010251915,0
295,38,5210.542,1,0.010484139,0
175,38,5210.548,1,0.046333909,0
148,43,5210.733,1,0.049086247,0
132,45,5210.799,1,0.049009871,0
32,46,5210.824,1,0.044625651,0
84,51,5211.019,1,0.009243933,0
81,53,5211.074,1,0.008945607,0
232,57,5211.223,1,0.008168463,0
232,61,5211.359,1,0.007310290,0
151,68,5211.605,1,0.009224641,0
24,71,5211.716,1,0.012446576,0
140,74,5211.826,1,0.009481655,0
296,77,5211.918,1,0.008463583,0
169,85,5212.211,1,0.010231349,0
257,92,5212.475,1,0.724110842,0
141,94,5212.525,1,0.010402874,0
92,95,5212.558,1,0.006603014,0
69,96,5212.592,1,0.012379265,0
250,104,5212.876,1,0.009561988,0
216,110,5213.104,1,0.009630327,0
176,111,5213.12,1,0.009442701,0
319,122,5213.527,1,0.008282083,0
151,128,5213.72,1,0.017483098,0
204,80,5213.788,1,0.008949053,0
13,138,5214.085,1,0.014179950,0
168,141,5214.177,1,0.038757727,0
202,144,5214.289,1,0.040829904,0
257,96,5214.471,1,0.035377316,0
2,150,5214.502,1,0.013878264,0
240,155,5214.68,1,0.028507371,0
133,174,5215.357,1,0.010008151,0
96,176,5215.433,1,0.009223443,0
101,182,5215.634,1,0.009047211,0
160,183,5215.673,1,0.010792552,0
89,184,5215.69,1,0.008767892,0
46,185,5215.73,1,0.008857144,0
205,187,5215.814,1,0.009305663,0
201,188,5215.833,1,0.009618397,0
203,192,5216.001,1,0.008887822,0
152,194,5216.056,1,0.010571451,0
297,197,5216.156,1,0.007765274,0
100,197,5216.172,1,0.009470277,0
140,198,5216.188,1,0.010375807,0
217,200,5216.284,1,0.003525863,0
256,97,5216.458,1,0.983008921,1
182,211,5216.654,1,0.009069961,0
117,216,5216.827,1,0.008536126,0
256,95,5219.547,0,0.983447194,1
259,94,5224.867,0,0.959599316,1
260,96,5228.273,1,0.968437910,1
258,94,5229.475,0,0.986137569,1
232,6,5239.976,1,0.006580061,0
201,14,5240.263,1,0.006599115,0
298,20,5240.482,1,0.007198741,0
165,28,5240.743,1,0.009019154,0
239,43,5241.28,1,0.009612026,0
258,95,5241.672,1,0.989759684,1
177,60,5241.878,1,0.009241121,0
170,61,5241.914,1,0.008904222,0
253,68,5242.152,1,0.026859775,0
10,69,5242.191,1,0.015602992,0
220,70,5242.221,1,0.049092520,0
333,71,5242.265,1,0.009991657,0
72,71,5242.279,1,0.040354125,0
12,72,5242.3,1,0.011868685,0
88,74,5242.37,1,0.043533608,0
8,76,5242.433,1,0.010780021,0
195,80,5242.579,1,0.123878472,0
197,80,5242.587,1,0.105155222,0
336,80,5242.597,1,0.010080984,0
193,81,5242.638,1,0.050262529,0
168,87,5242.844,1,0.059256017,0
277,88,5242.863,1,0.023092123,0
272,91,5242.965,1,0.024742525,0
276,91,5242.973,1,0.013693147,0
252,92,5243.005,1,0.011595613,0
185,92,5243.023,1,0.009048571,0
191,93,5243.056,1,0.007006466,0
51,94,5243.069,1,0.011349926,0
2,95,5243.115,1,0.009713071,0
257,96,5243.14,1,0.979434788,1
192,96,5243.151,1,0.009600322,0
191,97,5243.175,1,0.018731944,0
6,97,5243.19,1,0.009651986,0
320,100,5243.294,1,0.007756131,0
259,100,5243.304,1,0.263813496,0
116,102,5243.365,1,0.006001678,0
188,103,5243.397,1,0.009042231,0
73,104,5243.433,1,0.011861200,0
127,110,5243.648,1,0.008631772,0
31,110,5243.663,1,0.009642554,0
89,112,5243.689,1,0.013087434,0
149,112,5243.716,1,0.005926267,0
259,112,5243.73,1,0.009040890,0
150,113,5243.747,1,0.015076444,0
92,114,5243.772,1,0.014659982,0
95,114,5243.778,1,0.014365785,0
88,114,5243.784,1,0.012119730,0
144,116,5243.853,1,0.007807004,0
180,116,5243.864,1,0.009439084,0
320,116,5243.875,1,0.008586788,0
323,117,5243.882,1,0.007807256,0
160,119,5243.965,1,0.005778241,0
144,120,5243.999,1,0.005922127,0
103,125,5244.177,1,0.012109110,0
207,125,5244.188,1,0.008682894,0
225,127,5244.241,1,0.009625126,0
5,128,5244.281,1,0.008827085,0
42,131,5244.402,1,0.009248747,0
253,133,5244.451,1,0.008951921,0
249,134,5244.488,1,0.009055875,0
231,141,5244.746,1,0.009638562,0
83,144,5244.842,1,0.009588305,0
87,147,5244.94,1,0.009479720,0
251,155,5245.23,1,0.011561124,0
151,165,5245.598,1,0.011212786,0
36,167,5245.655,1,0.008653054,0
103,170,5245.753,1,0.009361734,0
222,182,5246.186,1,0.023557495,0
63,195,5246.643,1,0.014203471,0
325,199,5246.771,1,0.010762664,0
195,199,5246.781,1,0.010626832,0
327,200,5246.827,1,0.010739473,0
94,204,5246.963,1,0.014286164,0
101,212,5247.254,1,0.008472110,0
57,214,5247.317,1,0.008313384,0
3,216,5247.383,1,0.008017392,0
173,230,5247.885,1,0.009521519,0
226,5,5249.379,1,0.004609014,0
97,8,5249.483,1,0.009829182,0
223,8,5249.489,1,0.005703078,0
60,10,5249.554,1,0.009377770,0
203,11,5249.593,1,0.006473986,0
98,12,5249.635,1,0.009567529,0
221,12,5249.644,1,0.006983268,0
218,13,5249.669,1,0.006272714,0
31,14,5249.699,1,0.009017747,0
200,224,5249.724,1,0.007079635,0
137,18,5249.838,1,0.009533196,0
261,19,5249.879,1,0.007271292,0
44,21,5249.943,1,0.009284464,0
293,24,5250.048,1,0.050364055,0
126,24,5250.076,1,0.044648141,0
292,25,5250.088,1,0.023529340,0
220,28,5250.194,1,0.010760105,0
254,31,5250.304,1,0.010711510,0
227,31,5250.325,1,0.011120912,0
139,32,5250.336,1,0.046229072,0
14,32,5250.336,1,0.046179131,0
248,37,5250.515,1,0.011295079,0
313,40,5250.635,1,0.010215306,0
108,45,5250.792,1,0.049036436,0
286,46,5250.827,1,0.010624461,0
291,47,5250.869,1,0.010583374,0
208,48,5250.896,1,0.027309321,0
256,48,5250.911,1,0.012309554,0
280,51,5251.0,1,0.007793825,0
50,53,5251.075,1,0.008968821,0
109,54,5251.107,1,0.008584150,0
288,54,5251.107,1,0.007563248,0
248,54,5251.131,1,0.010168765,0
256,56,5251.196,1,0.010099999,0
20,58,5251.249,1,0.003573046,0
95,60,5251.321,1,0.005770163,0
96,60,5251.339,1,0.010281064,0
273,64,5251.46,1,0.009107645,0
101,64,5251.468,1,0.008891377,0
168,70,5251.688,1,0.009219334,0
300,70,5251.701,1,0.007802658,0
32,48,5251.958,1,0.008820721,0
153,78,5251.958,1,0.010256092,0
172,86,5252.237,1,0.009993524,0
275,88,5252.311,1,0.009983980,0
50,88,5252.325,1,0.011991086,0
53,93,5252.493,1,0.011393972,0
40,101,5252.774,1,0.010687539,0
51,127,5253.687,1,0.009341206,0
15,163,5254.958,1,0.014059852,0
12,166,5255.076,1,0.008869061,0
184,190,5255.92,1,0.008819204,0
80,204,5256.4,1,0.008893814,0
178,225,5257.148,1,0.008888948,0
245,243,5257.784,1,0.005929683,0
178,250,5258.045,1,0.013801470,0
179,255,5258.213,1,0.013630654,0
257,95,5259.437,1,0.990512788,1
259,93,5259.77,0,0.999745548,1
258,93,5260.926,0,0.999529719,1
260,93,5260.963,0,0.999569118,1
148,5,5279.958,1,0.010100008,0
269,6,5279.966,1,0.006920991,0
152,8,5280.048,1,0.011019862,0
153,11,5280.155,1,0.008952576,0
272,18,5280.403,1,0.006999834,0
276,24,5280.6,1,0.006950249,0
265,24,5280.62,1,0.007219071,0
312,30,5280.825,1,0.007248524,0
267,31,5280.863,1,0.007455755,0
223,32,5280.885,1,0.008114620,0
151,42,5281.255,1,0.009208291,0
148,45,5281.355,1,0.008943743,0
62,46,5281.379,1,0.006408887,0
62,47,5281.418,1,0.013563011,0
99,48,5281.454,1,0.009410139,0
286,49,5281.493,1,0.007410657,0
310,51,5281.578,1,0.006959801,0
233,52,5281.588,1,0.011054016,0
160,53,5281.64,1,0.008913283,0
149,54,5281.666,1,0.009284095,0
99,56,5281.728,1,0.009381863,0
95,59,5281.843,1,0.009298668,0
203,60,5281.873,1,0.009460388,0
99,61,5281.909,1,0.008933799,0
259,95,5281.929,1,0.959972143,1
338,63,5281.976,1,0.006521952,0
120,63,5281.988,1,0.009308992,0
100,64,5282.011,1,0.048645947,0
67,64,5282.016,1,0.025997618,0
66,65,5282.071,1,0.089047596,0
137,71,5282.264,1,0.051474873,0
129,71,5282.274,1,0.051039126,0
296,74,5282.374,1,0.011584152,0
278,77,5282.478,1,0.014227934,0
195,79,5282.541,1,0.050058752,0
92,80,5282.581,1,0.041836347,0
102,85,5282.772,1,0.044883184,0
206,86,5282.788,1,0.048520993,0
99,86,5282.799,1,0.045615517,0
122,87,5282.821,1,0.054437872,0
203,87,5282.827,1,0.048796915,0
253,91,5282.977,1,0.039337486,0
63,92,5283.018,1,0.012736804,0
59,95,5283.132,1,0.011949033,0
247,96,5283.158,1,0.009332492,0
22,98,5283.216,1,0.010044091,0
157,101,5283.334,1,0.007995407,0
246,104,5283.442,1,0.009483102,0
241,107,5283.549,1,0.009379648,0
95,109,5283.604,1,0.013897724,0
147,111,5283.681,1,0.007105573,0
163,116,5283.856,1,0.005167898,0
93,117,5283.888,1,0.012454069,0
26,134,5284.507,1,0.009330812,0
191,138,5284.631,1,0.008965719,0
184,140,5284.693,1,0.003888911,0
174,142,5284.766,1,0.011028758,0
207,142,5284.775,1,0.008998317,0
215,157,5285.302,1,0.008939648,0
226,160,5285.401,1,0.009239741,0
79,164,5285.551,1,0.009570504,0
71,166,5285.616,1,0.009406340,0
237,167,5285.667,1,0.010406728,0
141,168,5285.684,1,0.010410264,0
48,168,5285.699,1,0.010164758,0
52,170,5285.755,1,0.009890636,0
216,175,5285.934,1,0.009723048,0
50,175,5285.952,1,0.008623664,0
216,176,5285.962,1,0.008963566,0
54,176,5285.975,1,0.009437449,0
157,182,5286.178,1,0.017678177,0
163,193,5286.565,1,0.015903257,0
279,198,5286.743,1,0.011360637,0
120,213,5287.27,1,0.009745773,0
187,254,5288.734,1,0.008032112,0
158,3,5289.33,1,0.008515573,0
49,4,5289.356,1,0.009552260,0
233,6,5289.421,1,0.007408076,0
157,7,5289.457,1,0.009344146,0
146,7,5289.464,1,0.010093573,0
176,15,5289.734,1,0.008360706,0
260,95,5289.848,1,0.992167056,1
317,18,5289.848,1,0.007736160,0
161,24,5290.049,1,0.033013657,0
104,30,5290.273,1,0.044437993,0
283,35,5290.438,1,0.010575287,0
118,36,5290.488,1,0.048371013,0
109,40,5290.641,1,0.049837358,0
335,48,5290.9,1,0.009889231,0
259,92,5291.068,0,0.982228220,1
74,56,5291.181,1,0.008969722,0
79,57,5291.225,1,0.008716537,0
72,62,5291.399,1,0.008932528,0
228,64,5291.463,1,0.009264506,0
144,65,5291.497,1,0.009188071,0
194,72,5291.743,1,0.009171594,0
260,76,5291.884,1,0.010237430,0
220,79,5292.004,1,0.009152158,0
279,87,5292.273,1,0.011058245,0
65,91,5292.419,1,0.012796180,0
257,95,5292.574,1,0.998309851,1
11,104,5292.868,1,0.008352354,0
8,107,5292.98,1,0.008403687,0
32,48,5292.986,1,0.008826260,0
41,108,5293.016,1,0.009879478,0
15,112,5293.154,1,0.009605473,0
92,114,5293.224,1,0.013424174,0
308,115,5293.262,1,0.008192767,0
31,116,5293.315,1,0.009938544,0
10,118,5293.374,1,0.009638153,0
87,119,5293.405,1,0.011747091,0
118,120,5293.443,1,0.014386264,0
141,124,5293.58,1,0.016917523,0
192,132,5293.858,1,0.009345249,0
174,132,5293.867,1,0.005158524,0
1,141,5294.191,1,0.013957213,0
314,199,5296.226,1,0.012869671,0
313,200,5296.269,1,0.007530916,0
214,244,5297.83,1,0.005172069,0
30,246,5297.88,1,0.008215772,0
207,248,5297.955,1,0.007851059,0
73,0,5298.078,1,0.044401430,0
256,93,5311.143,0,0.998579860,1
257,94,5312.809,1,0.999798238,1
257,93,5312.943,0,0.998856306,1
259,94,5313.351,1,0.944721580,1
128,7,5320.017,1,0.009451434,0
104,8,5320.045,1,0.009574291,0
176,14,5320.275,1,0.008297451,0
125,32,5320.889,1,0.009279378,0
87,32,5320.906,1,0.009033622,0
86,38,5321.11,1,0.009038301,0
86,40,5321.176,1,0.008243216,0
73,46,5321.39,1,0.009266270,0
67,49,5321.495,1,0.008856256,0
119,58,5321.811,1,0.009366994,0
240,61,5321.924,1,0.009413598,0
222,62,5321.958,1,0.009097752,0
51,66,5322.088,1,0.035139464,0
272,67,5322.144,1,0.013868968,0
306,69,5322.193,1,0.010758436,0
178,70,5322.224,1,0.051146310,0
126,71,5322.267,1,0.050860386,0
133,72,5322.303,1,0.051544316,0
268,74,5322.367,1,0.021018431,0
272,80,5322.58,1,0.021090977,0
8,83,5322.683,1,0.015092753,0
106,83,5322.699,1,0.047119819,0
103,84,5322.718,1,0.045193717,0
29,87,5322.838,1,0.016619740,0
241,88,5322.857,1,0.044679474,0
258,92,5322.897,0,0.641610146,0
16,93,5323.044,1,0.009882827,0
25,94,5323.069,1,0.009692403,0
185,96,5323.141,1,0.008789863,0
104,99,5323.259,1,0.005928958,0
257,104,5323.433,1,0.009043334,0
41,120,5323.997,1,0.009656572,0
99,126,5324.219,1,0.006029871,0
100,127,5324.26,1,0.013165605,0
63,133,5324.464,1,0.009400797,0
160,134,5324.49,1,0.017117482,0
300,137,5324.594,1,0.008825459,0
259,92,5324.603,0,0.969228864,1
263,145,5324.867,1,0.012541838,0
259,148,5324.982,1,0.008895041,0
53,150,5325.049,1,0.010612578,0
49,151,5325.106,1,0.009160962,0
204,158,5325.324,1,0.007253845,0
152,165,5325.586,1,0.011181595,0
306,183,5326.213,1,0.011352152,0
55,184,5326.247,1,0.014304291,0
56,186,5326.317,1,0.014282780,0
137,190,5326.464,1,0.014928631,0
2,197,5326.713,1,0.013422216,0
72,198,5326.76,1,0.014239015,0
130,199,5326.784,1,0.014397242,0
46,200,5326.815,1,0.013942758,0
42,205,5327.009,1,0.008685406,0
56,214,5327.303,1,0.008451981,0
24,216,5327.376,1,0.008432647,0
167,222,5327.589,1,0.008930541,0
206,246,5328.445,1,0.007399297,0
55,254,5328.738,1,0.007870583,0
53,255,5328.749,1,0.008386458,0
38,6,5329.423,1,0.009160815,0
183,8,5329.489,1,0.007339626,0
235,16,5329.774,1,0.007064113,0
159,18,5329.862,1,0.012381067,0
155,20,5329.925,1,0.009399979,0
264,22,5329.982,1,0.007076309,0
235,23,5330.012,1,0.010469018,0
13,24,5330.056,1,0.041832827,0
329,24,5330.067,1,0.009874479,0
279,30,5330.274,1,0.010496671,0
318,31,5330.302,1,0.010110764,0
164,32,5330.334,1,0.044709671,0
331,32,5330.343,1,0.009896648,0
11,34,5330.431,1,0.044540934,0
160,38,5330.543,1,0.049457762,0
14,40,5330.615,1,0.040966604,0
11,42,5330.684,1,0.036828030,0
231,43,5330.728,1,0.014035972,0
191,44,5330.756,1,0.046467867,0
185,46,5330.826,1,0.049867012,0
226,46,5330.833,1,0.023386089,0
249,46,5330.833,1,0.012510189,0
160,47,5330.868,1,0.048379529,0
252,47,5330.876,1,0.012422563,0
13,56,5331.192,1,0.003782504,0
98,60,5331.332,1,0.009042723,0
58,61,5331.381,1,0.008879027,0
178,64,5331.462,1,0.009154835,0
239,67,5331.582,1,0.009623057,0
184,68,5331.607,1,0.009306773,0
48,70,5331.675,1,0.004743198,0
166,70,5331.693,1,0.009267134,0
236,72,5331.752,1,0.009569712,0
314,85,5332.202,1,0.007943967,0
117,99,5332.697,1,0.005423017,0
232,101,5332.778,1,0.009734720,0
176,102,5332.799,1,0.009435317,0
336,110,5333.103,1,0.007252626,0
200,111,5333.119,1,0.009184416,0
237,112,5333.159,1,0.009613401,0
206,112,5333.165,1,0.008930692,0
115,115,5333.288,1,0.015610348,0
97,126,5333.653,1,0.012346179,0
333,128,5333.714,1,0.007520280,0
20,141,5334.177,1,0.014229707,0
121,147,5334.402,1,0.024425501,0
218,148,5334.429,1,0.044671293,0
83,151,5334.53,1,0.015339695,0
126,152,5334.571,1,0.024221968,0
64,167,5335.093,1,0.009663378,0
37,167,5335.116,1,0.010073725,0
26,198,5336.191,1,0.010991560,0
64,221,5336.998,1,0.009564669,0
119,231,5337.372,1,0.008912457,0
201,238,5337.601,1,0.007347176,0
120,238,5337.619,1,0.008812379,0
162,244,5337.821,1,0.009222811,0
189,245,5337.857,1,0.007774001,0
51,251,5338.054,1,0.013041151,0
256,259,5338.341,1,0.007639759,0
257,94,5352.944,1,0.811864972,0
152,7,5360.01,1,0.010420059,0
15,12,5360.197,1,0.008707617,0
47,16,5360.327,1,0.008865734,0
136,27,5360.731,1,0.009922496,0
258,37,5361.071,1,0.007720827,0
329,40,5361.171,1,0.007478861,0
331,42,5361.243,1,0.005132292,0
231,45,5361.339,1,0.009808557,0
209,45,5361.35,1,0.009694111,0
225,46,5361.381,1,0.009451281,0
24,50,5361.544,1,0.008898287,0
114,53,5361.624,1,0.009063195,0
216,62,5361.946,1,0.008994325,0
80,65,5362.06,1,0.048382059,0
126,69,5362.209,1,0.050493754,0
54,70,5362.224,1,0.031919092,0
20,70,5362.236,1,0.017400123,0
194,77,5362.476,1,0.050626874,0
248,79,5362.546,1,0.044582270,0
119,85,5362.76,1,0.053489424,0
32,48,5362.78,1,0.042600110,0
263,93,5363.045,1,0.058909547,0
256,94,5363.071,1,0.790721238,0
186,95,5363.12,1,0.009192768,0
133,102,5363.372,1,0.005282734,0
96,103,5363.406,1,0.015813226,0
316,107,5363.544,1,0.007926084,0
6,109,5363.596,1,0.009459105,0
126,116,5363.852,1,0.017077424,0
290,126,5364.204,1,0.009658570,0
319,127,5364.253,1,0.007877235,0
192,138,5364.627,1,0.005899749,0
198,138,5364.641,1,0.008895651,0
193,139,5364.673,1,0.008614432,0
192,141,5364.728,1,0.009975462,0
18,157,5365.294,1,0.008522226,0
269,157,5365.302,1,0.010238865,0
194,159,5365.372,1,0.005805025,0
223,166,5365.619,1,0.009227579,0
174,167,5365.65,1,0.010576055,0
173,174,5365.892,1,0.010379876,0
123,182,5366.181,1,0.011485438,0
343,182,5366.197,1,0.010617455,0
87,183,5366.227,1,0.014624435,0
123,184,5366.253,1,0.011732381,0
95,186,5366.336,1,0.048509132,0
94,187,5366.354,1,0.021342542,0
93,190,5366.461,1,0.014562591,0
180,195,5366.636,1,0.013068146,0
136,200,5366.806,1,0.014550457,0
64,200,5366.82,1,0.014137500,0
140,203,5366.917,1,0.014614915,0
89,210,5367.161,1,0.008576062,0
153,216,5367.378,1,0.009767619,0
125,222,5367.603,1,0.009228773,0
167,7,5369.453,1,0.008743396,0
61,8,5369.483,1,0.009608391,0
88,9,5369.525,1,0.009900154,0
35,12,5369.626,1,0.009383384,0
155,14,5369.697,1,0.011024109,0
64,14,5369.706,1,0.009419776,0
15,16,5369.767,1,0.009340492,0
224,18,5369.838,1,0.007263380,0
15,23,5370.013,1,0.040876441,0
79,24,5370.058,1,0.041090343,0
326,25,5370.087,1,0.009925931,0
152,28,5370.202,1,0.044686202,0
149,29,5370.225,1,0.044700455,0
4,34,5370.405,1,0.040828530,0
340,34,5370.41,1,0.009760003,0
343,44,5370.76,1,0.009786366,0
215,46,5370.831,1,0.019995769,0
86,47,5370.87,1,0.047393527,0
183,56,5371.178,1,0.008598012,0
2,79,5371.994,1,0.009937694,0
30,86,5372.264,1,0.010739271,0
263,94,5372.52,1,0.054881528,0
45,95,5372.553,1,0.010483985,0
19,111,5373.117,1,0.009585689,0
101,112,5373.165,1,0.013832255,0
293,116,5373.294,1,0.009382817,0
56,127,5373.684,1,0.009440521,0
279,128,5373.719,1,0.009758146,0
214,131,5373.825,1,0.009769528,0
191,151,5374.551,1,0.020771420,0
305,156,5374.705,1,0.011764824,0
343,167,5375.096,1,0.007389016,0
127,172,5375.272,1,0.009438429,0
169,186,5375.776,1,0.010144355,0
199,195,5376.089,1,0.007953566,0
96,196,5376.117,1,0.009164585,0
119,224,5377.117,1,0.009000571,0
234,244,5377.812,1,0.005372397,0
344,254,5378.175,1,0.009947434,0
258,91,5391.121,0,0.915612161,1
257,91,5395.772,0,0.859386027,0
259,94,5396.205,1,0.928826749,1
337,4,5399.918,1,0.006801802,0
261,5,5399.943,1,0.007164331,0
208,16,5400.339,1,0.006787013,0
55,20,5400.486,1,0.009031368,0
122,24,5400.607,1,0.010247916,0
113,24,5400.617,1,0.009613624,0
112,30,5400.839,1,0.009633993,0
236,30,5400.839,1,0.007849458,0
120,40,5401.167,1,0.009174610,0
293,40,5401.182,1,0.008123394,0
31,56,5401.756,1,0.009490289,0
114,62,5401.953,1,0.009331222,0
216,64,5402.015,1,0.048782647,0
241,65,5402.052,1,0.040155038,0
102,69,5402.2,1,0.048892602,0
296,69,5402.211,1,0.012330971,0
298,71,5402.263,1,0.008105709,0
195,71,5402.282,1,0.050068878,0
26,71,5402.287,1,0.018210918,0
30,72,5402.3,1,0.018623065,0
23,79,5402.544,1,0.016868362,0
15,80,5402.578,1,0.015985809,0
200,80,5402.585,1,0.048915643,0
272,82,5402.654,1,0.014491159,0
274,84,5402.72,1,0.009966919,0
36,87,5402.841,1,0.017340489,0
225,88,5402.861,1,0.048174519,0
120,88,5402.871,1,0.053527024,0
177,91,5402.969,1,0.054790545,0
153,92,5403.001,1,0.009804279,0
152,92,5403.02,1,0.008041669,0
169,93,5403.033,1,0.010300238,0
30,93,5403.057,1,0.010189458,0
177,94,5403.073,1,0.009426684,0
170,95,5403.108,1,0.010067279,0
161,95,5403.114,1,0.010677491,0
174,96,5403.148,1,0.009771263,0
171,100,5403.297,1,0.009703490,0
110,101,5403.34,1,0.006204270,0
67,103,5403.387,1,0.011591744,0
150,104,5403.43,1,0.005684613,0
105,105,5403.473,1,0.015682673,0
31,106,5403.496,1,0.009750283,0
111,108,5403.567,1,0.017521719,0
249,108,5403.567,1,0.009240365,0
153,109,5403.599,1,0.005929360,0
119,109,5403.605,1,0.007776049,0
290,109,5403.623,1,0.008226117,0
120,109,5403.623,1,0.009392861,0
73,110,5403.659,1,0.011665786,0
58,111,5403.668,1,0.010695932,0
255,111,5403.681,1,0.009282140,0
287,112,5403.713,1,0.009232935,0
142,115,5403.808,1,0.011690089,0
304,116,5403.868,1,0.008567321,0
44,118,5403.928,1,0.009753810,0
141,119,5403.952,1,0.020593802,0
147,122,5404.06,1,0.018716525,0
6,123,5404.105,1,0.009083333,0
146,125,5404.166,1,0.018387079,0
38,126,5404.203,1,0.009548873,0
317,126,5404.224,1,0.007877984,0
144,128,5404.272,1,0.017044647,0
327,129,5404.316,1,0.007337438,0
333,131,5404.384,1,0.007300072,0
263,133,5404.47,1,0.009244942,0
14,135,5404.545,1,0.009061364,0
166,138,5404.635,1,0.013869477,0
309,138,5404.642,1,0.008395044,0
63,139,5404.68,1,0.009480956,0
119,140,5404.7,1,0.012075827,0
230,140,5404.704,1,0.009508850,0
5,142,5404.769,1,0.009131279,0
110,146,5404.92,1,0.010643629,0
49,150,5405.053,1,0.009780828,0
45,152,5405.114,1,0.009532097,0
103,152,5405.124,1,0.010618287,0
61,159,5405.164,1,0.009019555,0
28,157,5405.298,1,0.008846527,0
211,159,5405.387,1,0.008533241,0
180,160,5405.402,1,0.008501526,0
183,163,5405.512,1,0.010168621,0
303,167,5405.655,1,0.008644190,0
21,168,5405.685,1,0.010138405,0
17,169,5405.722,1,0.009098247,0
104,169,5405.738,1,0.009586259,0
64,173,5405.858,1,0.006738817,0
65,174,5405.892,1,0.008097946,0
232,174,5405.906,1,0.010167647,0
208,175,5405.943,1,0.004235047,0
44,184,5406.251,1,0.014211433,0
106,184,5406.266,1,0.013741829,0
104,186,5406.321,1,0.013794249,0
113,197,5406.705,1,0.014284827,0
109,199,5406.792,1,0.014247799,0
224,200,5406.808,1,0.016292103,0
72,201,5406.865,1,0.014196509,0
272,202,5406.893,1,0.011334553,0
76,203,5406.928,1,0.014198866,0
223,204,5406.964,1,0.012440154,0
53,210,5407.18,1,0.008540842,0
199,219,5407.486,1,0.007832324,0
180,222,5407.6,1,0.009274982,0
304,223,5407.625,1,0.007255198,0
88,223,5407.643,1,0.009112418,0
95,226,5407.735,1,0.008268234,0
124,232,5407.962,1,0.009031863,0
188,237,5408.131,1,0.009629577,0
27,238,5408.154,1,0.007969606,0
53,248,5408.508,1,0.008143532,0
130,252,5408.648,1,0.008612050,0
27,3,5409.306,1,0.008931828,0
246,4,5409.342,1,0.006770764,0
39,4,5409.347,1,0.009375772,0
66,6,5409.415,1,0.009904389,0
167,6,5409.441,1,0.008893402,0
144,7,5409.467,1,0.011092396,0
215,8,5409.488,1,0.006711071,0
163,8,5409.488,1,0.006886627,0
315,8,5409.512,1,0.007188875,0
161,10,5409.584,1,0.007934948,0
163,11,5409.607,1,0.008545098,0
219,12,5409.632,1,0.006088316,0
241,14,5409.695,1,0.007355736,0
61,14,5409.724,1,0.009658957,0
263,20,5409.908,1,0.007611789,0
54,22,5409.98,1,0.009657590,0
260,22,5410.003,1,0.010435135,0
304,23,5410.019,1,0.010230036,0
309,24,5410.048,1,0.030825170,0
55,24,5410.059,1,0.036684677,0
82,24,5410.072,1,0.041187532,0
308,25,5410.098,1,0.020048635,0
60,26,5410.119,1,0.040510852,0
54,26,5410.137,1,0.040100675,0
51,28,5410.196,1,0.017944476,0
298,32,5410.361,1,0.010392796,0
48,36,5410.472,1,0.046433050,0
298,37,5410.522,1,0.010429981,0
299,40,5410.615,1,0.010439677,0
59,40,5410.623,1,0.047497775,0
32,48,5410.653,1,0.042737018,0
170,43,5410.749,1,0.049846750,0
317,46,5410.824,1,0.010134927,0
25,46,5410.841,1,0.040952407,0
148,48,5410.898,1,0.048269596,0
27,52,5411.044,1,0.008426325,0
4,55,5411.17,1,0.005425744,0
218,56,5411.191,1,0.007755679,0
219,57,5411.212,1,0.008513613,0
220,58,5411.271,1,0.009685997,0
3,63,5411.434,1,0.011848280,0
85,64,5411.471,1,0.008725891,0
208,67,5411.574,1,0.009496368,0
107,68,5411.623,1,0.008734007,0
135,70,5411.683,1,0.009088116,0
312,71,5411.707,1,0.007536245,0
205,71,5411.717,1,0.009066354,0
151,77,5411.918,1,0.010039873,0
144,79,5411.996,1,0.010131742,0
40,79,5412.003,1,0.013315302,0
260,93,5412.485,1,0.883214116,0
49,94,5412.517,1,0.011360290,0
23,94,5412.531,1,0.009810437,0
148,118,5413.366,1,0.013949274,0
166,127,5413.68,1,0.005714912,0
202,132,5413.869,1,0.009120830,0
248,142,5414.221,1,0.033784103,0
56,147,5414.388,1,0.014956334,0
51,150,5414.497,1,0.014779422,0
38,152,5414.57,1,0.014505447,0
192,163,5414.955,1,0.013868733,0
23,168,5415.131,1,0.008573982,0
93,183,5415.665,1,0.010551002,0
80,184,5415.691,1,0.009220136,0
136,206,5416.479,1,0.009859017,0
31,209,5416.585,1,0.008479159,0
72,259,5418.346,1,0.013147093,0
132,64,5418.71,1,0.049718045,0
98,7,5440.006,1,0.009883069,0
160,15,5440.304,1,0.010538260,0
235,18,5440.4,1,0.006878125,0
39,24,5440.612,1,0.008803279,0
251,32,5440.895,1,0.007512832,0
240,62,5441.969,1,0.009617802,0
228,67,5442.119,1,0.048186217,0
111,68,5442.165,1,0.049323279,0
70,69,5442.192,1,0.041326322,0
316,69,5442.213,1,0.010420777,0
44,71,5442.268,1,0.024894163,0
105,74,5442.371,1,0.049853209,0
255,77,5442.475,1,0.035217877,0
119,83,5442.69,1,0.052958872,0
142,85,5442.761,1,0.056763407,0
251,86,5442.814,1,0.042410631,0
116,87,5442.825,1,0.051428150,0
41,87,5442.836,1,0.017731024,0
41,101,5443.319,1,0.010025699,0
340,101,5443.334,1,0.007061321,0
140,103,5443.401,1,0.005201972,0
326,104,5443.434,1,0.007626946,0
306,105,5443.465,1,0.008274582,0
257,110,5443.653,1,0.008909022,0
68,112,5443.71,1,0.011150585,0
96,126,5444.201,1,0.012497471,0
250,135,5444.524,1,0.009354944,0
227,141,5444.728,1,0.009595453,0
69,144,5444.846,1,0.009516658,0
152,150,5445.057,1,0.012678796,0
72,150,5445.07,1,0.009728145,0
319,151,5445.086,1,0.008059314,0
161,156,5445.284,1,0.012189505,0
118,160,5445.406,1,0.010138725,0
166,167,5445.651,1,0.011124054,0
47,188,5446.395,1,0.014178536,0
160,199,5446.77,1,0.015832227,0
271,206,5447.028,1,0.008270578,0
180,224,5447.654,1,0.010200390,0
119,226,5447.745,1,0.009667582,0
8,227,5447.762,1,0.008759988,0
343,228,5447.805,1,0.007216638,0
263,232,5447.95,1,0.007608487,0
14,247,5448.469,1,0.008146325,0
12,251,5448.624,1,0.007220671,0
8,255,5448.748,1,0.007597308,0
48,256,5448.785,1,0.010478466,0
95,5,5449.397,1,0.009869380,0
45,6,5449.413,1,0.009464237,0
308,6,5449.427,1,0.006878987,0
4,12,5449.634,1,0.007105906,0
19,12,5449.651,1,0.009438421,0
163,13,5449.661,1,0.009785386,0
161,14,5449.696,1,0.011324693,0
2,14,5449.702,1,0.007719915,0
321,14,5449.721,1,0.007591439,0
3,16,5449.77,1,0.009346636,0
261,20,5449.909,1,0.008013408,0
39,21,5449.951,1,0.008958354,0
41,23,5450.014,1,0.038526792,0
272,30,5450.264,1,0.010530711,0
71,34,5450.416,1,0.043796495,0
171,35,5450.467,1,0.044703580,0
264,37,5450.52,1,0.010762298,0
193,38,5450.546,1,0.021643879,0
195,39,5450.585,1,0.021761641,0
119,56,5451.189,1,0.008659129,0
114,58,5451.258,1,0.009083750,0
240,59,5451.286,1,0.009299951,0
118,60,5451.32,1,0.009209836,0
246,63,5451.441,1,0.009201789,0
3,68,5451.603,1,0.010636034,0
207,75,5451.856,1,0.008669692,0
141,77,5451.935,1,0.009629423,0
32,79,5451.993,1,0.011766426,0
250,80,5452.033,1,0.009577349,0
197,86,5452.247,1,0.008550056,0
6,91,5452.416,1,0.009828853,0
90,93,5452.504,1,0.005405807,0
175,103,5452.843,1,0.009502103,0
305,104,5452.875,1,0.008297211,0
32,48,5453.088,1,0.008807096,0
221,112,5453.163,1,0.009568059,0
257,91,5453.502,0,0.899363995,0
268,124,5453.586,1,0.013331958,0
166,127,5453.68,1,0.005498440,0
262,140,5454.142,1,0.026469989,0
255,143,5454.248,1,0.028765541,0
204,174,5455.351,1,0.005860583,0
136,176,5455.41,1,0.009808086,0
49,183,5455.676,1,0.008941710,0
166,186,5455.789,1,0.010242480,0
241,188,5455.836,1,0.009462265,0
162,222,5457.057,1,0.009057763,0
235,6,5479.969,1,0.006710747,0
95,27,5480.717,1,0.009355890,0
88,32,5480.889,1,0.009185028,0
236,40,5481.178,1,0.008770856,0
234,47,5481.411,1,0.010058027,0
304,48,5481.453,1,0.007226891,0
37,52,5481.598,1,0.009307691,0
140,56,5481.732,1,0.009021400,0
76,56,5481.745,1,0.006993963,0
72,59,5481.841,1,0.009150787,0
80,60,5481.885,1,0.005483452,0
36,72,5482.301,1,0.019210465,0
67,75,5482.417,1,0.037260436,0
38,79,5482.543,1,0.019270079,0
32,80,5482.577,1,0.017293166,0
87,82,5482.658,1,0.042581882,0
39,84,5482.739,1,0.018669490,0
39,88,5482.868,1,0.015382216,0
264,93,5483.058,1,0.013256406,0
262,95,5483.105,1,0.020161025,0
152,95,5483.12,1,0.010628105,0
183,96,5483.153,1,0.008887419,0
219,104,5483.443,1,0.008469211,0
222,107,5483.539,1,0.010152387,0
151,111,5483.674,1,0.005841262,0
158,113,5483.765,1,0.005477861,0
329,116,5483.845,1,0.007661911,0
80,122,5484.079,1,0.011502427,0
329,128,5484.274,1,0.007406883,0
335,134,5484.491,1,0.007227387,0
111,136,5484.556,1,0.011844919,0
257,90,5485.044,0,0.771037519,0
72,155,5485.24,1,0.009152292,0
253,156,5485.26,1,0.011942454,0
76,157,5485.299,1,0.009141207,0
102,162,5485.475,1,0.006071880,0
102,163,5485.522,1,0.008676006,0
279,170,5485.759,1,0.009443182,0
273,174,5485.9,1,0.009366702,0
302,177,5486.001,1,0.011539337,0
298,184,5486.261,1,0.011613864,0
207,190,5486.46,1,0.011474328,0
336,197,5486.703,1,0.010693945,0
339,221,5487.552,1,0.007382705,0
335,222,5487.596,1,0.007253882,0
340,223,5487.637,1,0.007006907,0
200,224,5487.665,1,0.007236874,0
253,228,5487.814,1,0.007576130,0
66,7,5489.464,1,0.009786972,0
128,10,5489.567,1,0.009595635,0
329,12,5489.653,1,0.006721871,0
242,21,5489.95,1,0.007232288,0
129,24,5490.057,1,0.044647727,0
135,24,5490.068,1,0.044650532,0
173,26,5490.138,1,0.020855233,0
287,28,5490.217,1,0.010409783,0
258,29,5490.231,1,0.010647743,0
197,30,5490.259,1,0.011573728,0
202,36,5490.473,1,0.012448206,0
192,37,5490.506,1,0.021697050,0
342,37,5490.519,1,0.009742579,0
205,38,5490.545,1,0.013113457,0
95,38,5490.551,1,0.047508199,0
322,40,5490.628,1,0.010033989,0
237,46,5490.827,1,0.014140889,0
241,48,5490.895,1,0.014294545,0
72,55,5491.146,1,0.008991532,0
284,55,5491.16,1,0.007936744,0
169,56,5491.184,1,0.008710742,0
321,61,5491.361,1,0.006958446,0
174,66,5491.55,1,0.009141773,0
76,67,5491.577,1,0.008924081,0
16,68,5491.612,1,0.012275218,0
249,69,5491.652,1,0.008779848,0
217,70,5491.686,1,0.008714089,0
87,70,5491.7,1,0.008532862,0
252,71,5491.72,1,0.008976046,0
60,76,5491.905,1,0.005604403,0
84,77,5491.918,1,0.010899618,0
82,77,5491.928,1,0.010508445,0
86,78,5491.958,1,0.010013926,0
63,79,5492.013,1,0.003741021,0
309,84,5492.164,1,0.007832998,0
180,84,5492.181,1,0.009491852,0
103,88,5492.309,1,0.008926419,0
62,94,5492.524,1,0.012281654,0
144,96,5492.593,1,0.010682464,0
150,97,5492.633,1,0.010403999,0
304,104,5492.873,1,0.008501385,0
245,105,5492.912,1,0.009652852,0
260,112,5493.154,1,0.009329049,0
258,116,5493.297,1,0.009102946,0
151,135,5493.968,1,0.015145429,0
143,136,5494.007,1,0.048450183,0
40,140,5494.142,1,0.014663559,0
304,144,5494.284,1,0.011924619,0
307,145,5494.343,1,0.011758345,0
111,148,5494.425,1,0.020737885,0
147,167,5495.111,1,0.011931078,0
331,188,5495.843,1,0.006925508,0
333,190,5495.923,1,0.005169349,0
327,192,5495.987,1,0.007810358,0
323,224,5497.12,1,0.008208614,0
178,248,5497.947,1,0.009573853,0
161,6,5519.971,1,0.008719236,0
193,16,5520.336,1,0.006931988,0
199,18,5520.407,1,0.006781065,0
112,23,5520.59,1,0.009904478,0
230,24,5520.601,1,0.007079528,0
73,30,5520.823,1,0.008861780,0
241,36,5521.03,1,0.008274889,0
13,38,5521.103,1,0.008846000,0
262,39,5521.133,1,0.007795382,0
264,40,5521.181,1,0.008400445,0
198,43,5521.275,1,0.006983383,0
341,45,5521.343,1,0.006755668,0
196,45,5521.349,1,0.007617485,0
238,47,5521.412,1,0.009912336,0
44,48,5521.464,1,0.008922563,0
88,52,5521.615,1,0.008992811,0
212,56,5521.73,1,0.009150108,0
194,56,5521.74,1,0.008993704,0
34,58,5521.801,1,0.008814362,0
153,58,5521.806,1,0.009047010,0
216,59,5521.85,1,0.009184438,0
186,61,5521.904,1,0.009227914,0
87,62,5521.966,1,0.008742528,0
162,63,5521.982,1,0.009288904,0
36,64,5522.014,1,0.030169526,0
32,48,5522.161,1,0.043057535,0
144,69,5522.207,1,0.051611766,0
120,72,5522.3,1,0.050576575,0
125,74,5522.37,1,0.051465079,0
176,78,5522.504,1,0.053028882,0
168,79,5522.55,1,0.055948183,0
66,80,5522.591,1,0.037603475,0
70,82,5522.651,1,0.036280844,0
204,85,5522.776,1,0.048841331,0
181,86,5522.789,1,0.053419508,0
64,87,5522.828,1,0.023886157,0
56,88,5522.865,1,0.021859536,0
261,92,5523.004,1,0.643496275,0
72,94,5523.075,1,0.014073132,0
238,94,5523.091,1,0.009418393,0
205,104,5523.428,1,0.008802230,0
308,106,5523.495,1,0.008556846,0
309,108,5523.573,1,0.008414043,0
204,110,5523.639,1,0.009031096,0
303,114,5523.781,1,0.008458375,0
22,119,5523.959,1,0.009465050,0
188,120,5524.003,1,0.008809451,0
190,121,5524.026,1,0.009057973,0
31,123,5524.098,1,0.009184022,0
246,125,5524.168,1,0.009850828,0
258,90,5524.35,0,0.778370678,0
121,131,5524.383,1,0.012287625,0
195,132,5524.412,1,0.008636074,0
109,133,5524.454,1,0.011916331,0
114,134,5524.488,1,0.013215426,0
112,135,5524.522,1,0.012587604,0
220,143,5524.799,1,0.009849811,0
15,144,5524.833,1,0.008606494,0
9,149,5525.013,1,0.008551253,0
34,150,5525.046,1,0.009206925,0
167,150,5525.075,1,0.012567546,0
190,160,5525.416,1,0.009591217,0
150,162,5525.484,1,0.011866024,0
148,168,5525.694,1,0.011219539,0
135,173,5525.863,1,0.009703091,0
312,174,5525.897,1,0.007805685,0
288,175,5525.937,1,0.008694325,0
59,177,5526.006,1,0.014456267,0
62,179,5526.083,1,0.014451520,0
65,191,5526.511,1,0.014292826,0
71,195,5526.647,1,0.014284043,0
8,196,5526.675,1,0.013552049,0
219,197,5526.707,1,0.014800071,0
266,210,5527.192,1,0.008045040,0
267,215,5527.344,1,0.007787083,0
76,216,5527.38,1,0.008672324,0
89,226,5527.733,1,0.008646695,0
239,238,5528.153,1,0.005958896,0
191,247,5528.473,1,0.007761799,0
128,251,5528.624,1,0.008722872,0
57,256,5528.795,1,0.008062849,0
339,258,5528.867,1,0.006569394,0
58,259,5528.899,1,0.008487409,0
195,4,5529.352,1,0.007304492,0
289,9,5529.533,1,0.006876883,0
296,10,5529.563,1,0.006524011,0
242,15,5529.742,1,0.006730597,0
152,16,5529.767,1,0.009963630,0
20,16,5529.775,1,0.009065809,0
22,19,5529.874,1,0.009128940,0
151,19,5529.897,1,0.009446721,0
239,20,5529.912,1,0.008423163,0
249,22,5529.99,1,0.007920754,0
156,23,5530.023,1,0.038175296,0
263,29,5530.226,1,0.010601789,0
176,30,5530.268,1,0.020365512,0
176,31,5530.296,1,0.029734839,0
291,31,5530.316,1,0.010446314,0
181,32,5530.332,1,0.020222813,0
177,34,5530.422,1,0.029800534,0
178,36,5530.481,1,0.018547667,0
14,37,5530.511,1,0.043894891,0
222,38,5530.55,1,0.012484760,0
24,39,5530.588,1,0.046622872,0
182,40,5530.614,1,0.014100051,0
231,44,5530.756,1,0.014625527,0
285,44,5530.764,1,0.010606581,0
281,45,5530.794,1,0.010649928,0
172,46,5530.837,1,0.049461789,0
314,47,5530.887,1,0.010177620,0
48,54,5531.115,1,0.009059655,0
38,56,5531.184,1,0.008895045,0
342,57,5531.227,1,0.006568404,0
244,66,5531.534,1,0.009499729,0
7,70,5531.679,1,0.011083245,0
182,103,5532.843,1,0.009168201,0
296,109,5533.054,1,0.008957320,0
145,118,5533.372,1,0.015497223,0
154,126,5533.649,1,0.014862881,0
136,147,5534.396,1,0.031041859,0
157,159,5534.82,1,0.026678570,0
287,175,5535.376,1,0.009170281,0
83,192,5535.976,1,0.008710911,0
176,195,5536.081,1,0.010342272,0
104,212,5536.684,1,0.009038097,0
244,213,5536.74,1,0.008492752,0
62,214,5536.754,1,0.008628824,0
193,216,5536.839,1,0.007159588,0
38,232,5537.39,1,0.008851709,0
233,236,5537.539,1,0.006033116,0
53,241,5537.722,1,0.008205152,0
94,252,5538.094,1,0.013342142,0
111,5,5559.942,1,0.009484024,0
273,7,5560.016,1,0.007082361,0
327,11,5560.167,1,0.007134742,0
201,16,5560.328,1,0.007049909,0
200,18,5560.398,1,0.018754352,0
199,19,5560.424,1,0.015301093,0
197,20,5560.467,1,0.007037433,0
136,28,5560.745,1,0.010085934,0
145,29,5560.793,1,0.009613179,0
268,30,5560.817,1,0.007491990,0
292,31,5560.85,1,0.007454350,0
175,32,5560.896,1,0.010202571,0
305,35,5560.986,1,0.007466041,0
74,44,5561.329,1,0.009071234,0
88,45,5561.365,1,0.009147766,0
28,55,5561.704,1,0.008931043,0
32,76,5562.464,1,0.018814851,0
118,79,5562.548,1,0.051963106,0
87,86,5562.809,1,0.041378874,0
103,93,5563.04,1,0.004868958,0
59,101,5563.321,1,0.011308180,0
232,102,5563.356,1,0.009430247,0
32,48,5563.584,1,0.008865663,0
27,108,5563.592,1,0.009606544,0
73,109,5563.602,1,0.011749544,0
207,111,5563.671,1,0.008676457,0
201,111,5563.678,1,0.008582661,0
254,112,5563.723,1,0.009332386,0
291,117,5563.909,1,0.009427063,0
251,119,5563.952,1,0.009365680,0
290,119,5563.959,1,0.009784702,0
182,123,5564.096,1,0.007711138,0
211,124,5564.135,1,0.008866526,0
180,125,5564.173,1,0.003064608,0
26,128,5564.273,1,0.009127681,0
32,129,5564.314,1,0.009221904,0
277,131,5564.4,1,0.009261330,0
231,134,5564.483,1,0.009353977,0
219,134,5564.499,1,0.009370375,0
294,135,5564.52,1,0.009485543,0
73,136,5564.566,1,0.009753857,0
256,148,5564.976,1,0.013421409,0
144,151,5565.088,1,0.012511226,0
185,151,5565.104,1,0.005951512,0
44,152,5565.114,1,0.009359621,0
256,157,5565.294,1,0.011559424,0
332,168,5565.689,1,0.007377134,0
242,180,5566.11,1,0.014050337,0
68,182,5566.18,1,0.014461111,0
161,185,5566.291,1,0.016879151,0
186,189,5566.441,1,0.012146512,0
112,207,5567.057,1,0.009216317,0
40,212,5567.236,1,0.008474463,0
69,223,5567.626,1,0.009020084,0
183,224,5567.655,1,0.008445407,0
45,240,5568.226,1,0.007966153,0
140,241,5568.255,1,0.008564450,0
326,253,5568.679,1,0.006656147,0
237,0,5569.232,1,0.006662642,0
145,4,5569.353,1,0.010226998,0
56,6,5569.415,1,0.009586644,0
88,6,5569.443,1,0.009706615,0
52,8,5569.487,1,0.010423388,0
92,8,5569.514,1,0.009746623,0
291,10,5569.576,1,0.006998703,0
49,11,5569.593,1,0.008133451,0
243,12,5569.633,1,0.007202853,0
272,16,5569.786,1,0.007176423,0
110,20,5569.924,1,0.009598240,0
188,22,5569.98,1,0.007814935,0
253,26,5570.121,1,0.010611767,0
84,30,5570.266,1,0.043079615,0
186,44,5570.757,1,0.049464446,0
292,47,5570.865,1,0.028526880,0
292,48,5570.901,1,0.014908429,0
88,48,5570.911,1,0.047881808,0
24,52,5571.034,1,0.008683896,0
103,54,5571.116,1,0.008635352,0
168,55,5571.143,1,0.008984932,0
37,56,5571.182,1,0.012966188,0
36,56,5571.198,1,0.006934368,0
207,61,5571.358,1,0.008604964,0
157,62,5571.388,1,0.008800549,0
311,64,5571.485,1,0.007309767,0
199,68,5571.624,1,0.008950081,0
193,69,5571.647,1,0.008763110,0
296,70,5571.674,1,0.007991003,0
79,75,5571.849,1,0.008596983,0
223,32,5572.03,1,0.007923550,0
176,86,5572.241,1,0.009747461,0
240,87,5572.273,1,0.010030991,0
1,88,5572.313,1,0.009603102,0
215,91,5572.44,1,0.008589500,0
256,92,5572.446,1,0.019605139,0
64,92,5572.453,1,0.012944461,0
209,92,5572.474,1,0.008618318,0
176,110,5573.099,1,0.009103631,0
335,121,5573.487,1,0.007475181,0
276,127,5573.693,1,0.010427703,0
258,142,5574.21,1,0.027846741,0
270,149,5574.462,1,0.020566227,0
237,164,5574.989,1,0.023521418,0
234,166,5575.077,1,0.008728362,0
312,167,5575.095,1,0.007952863,0
98,168,5575.129,1,0.009477795,0
267,173,5575.309,1,0.009340571,0
160,181,5575.589,1,0.011127275,0
154,184,5575.706,1,0.010679592,0
124,189,5575.899,1,0.009964755,0
72,195,5576.083,1,0.010202249,0
232,215,5576.803,1,0.007581602,0
25,231,5577.36,1,0.008284215,0
103,4,5599.92,1,0.009460518,0
98,6,5599.973,1,0.009428876,0
149,14,5600.269,1,0.011380648,0
88,23,5600.59,1,0.010137050,0
337,24,5600.607,1,0.006519868,0
193,36,5601.036,1,0.011045168,0
169,38,5601.124,1,0.009723309,0
216,48,5601.453,1,0.012406591,0
221,49,5601.499,1,0.012322153,0
204,60,5601.871,1,0.009368060,0
47,60,5601.876,1,0.009058316,0
201,63,5601.979,1,0.008561410,0
4,64,5602.019,1,0.015648460,0
127,72,5602.316,1,0.051152293,0
122,79,5602.549,1,0.052330513,0
208,87,5602.824,1,0.048242610,0
152,88,5602.879,1,0.059714146,0
47,95,5603.113,1,0.011357849,0
249,96,5603.14,1,0.009155393,0
237,102,5603.357,1,0.008175292,0
233,102,5603.37,1,0.006825206,0
247,103,5603.393,1,0.009623444,0
265,107,5603.549,1,0.009552436,0
67,110,5603.654,1,0.010921575,0
178,111,5603.685,1,0.009349312,0
319,112,5603.709,1,0.007907747,0
90,113,5603.77,1,0.012427236,0
314,115,5603.824,1,0.008062758,0
327,122,5604.067,1,0.007696732,0
112,125,5604.171,1,0.013329504,0
133,126,5604.206,1,0.014962905,0
104,127,5604.232,1,0.013101115,0
51,127,5604.256,1,0.009436856,0
88,131,5604.374,1,0.011240978,0
214,132,5604.414,1,0.009836124,0
223,133,5604.454,1,0.009582311,0
101,139,5604.683,1,0.010768276,0
150,144,5604.846,1,0.013397348,0
119,149,5605.013,1,0.011176665,0
128,150,5605.045,1,0.011969142,0
138,155,5605.23,1,0.011787803,0
174,159,5605.38,1,0.011344993,0
26,166,5605.612,1,0.009374771,0
86,175,5605.936,1,0.008839551,0
230,182,5606.204,1,0.019524286,0
343,184,5606.247,1,0.010612473,0
247,188,5606.393,1,0.012886614,0
34,190,5606.467,1,0.014022871,0
271,200,5606.827,1,0.011472571,0
187,207,5607.063,1,0.009033041,0
327,208,5607.113,1,0.007975494,0
323,211,5607.202,1,0.007390887,0
146,229,5607.836,1,0.010652220,0
213,239,5608.206,1,0.005193611,0
67,240,5608.218,1,0.008129502,0
11,250,5608.58,1,0.008162770,0
19,6,5609.442,1,0.009296086,0
131,7,5609.45,1,0.009144399,0
122,7,5609.459,1,0.010009501,0
254,8,5609.508,1,0.006866574,0
292,10,5609.554,1,0.006844656,0
72,10,5609.583,1,0.009954608,0
278,11,5609.594,1,0.007444260,0
109,12,5609.634,1,0.009718110,0
249,13,5609.665,1,0.007181558,0
71,14,5609.71,1,0.009524878,0
177,15,5609.742,1,0.008924583,0
182,16,5609.776,1,0.007666009,0
253,20,5609.913,1,0.007682495,0
35,22,5609.989,1,0.009379582,0
316,22,5609.999,1,0.007156752,0
330,23,5610.019,1,0.023893988,0
329,24,5610.052,1,0.016078241,0
94,24,5610.064,1,0.043509357,0
133,26,5610.119,1,0.044680350,0
225,28,5610.2,1,0.010768413,0
127,32,5610.349,1,0.045989119,0
131,34,5610.402,1,0.047096800,0
47,34,5610.412,1,0.044725038,0
140,38,5610.554,1,0.049233072,0
237,39,5610.586,1,0.012116659,0
162,40,5610.635,1,0.049688075,0
63,44,5610.758,1,0.047284588,0
333,45,5610.795,1,0.009890725,0
162,45,5610.804,1,0.048998259,0
58,48,5610.903,1,0.048311345,0
221,51,5611.012,1,0.009414546,0
136,52,5611.04,1,0.009093060,0
57,56,5611.176,1,0.009079780,0
135,56,5611.194,1,0.008539545,0
55,59,5611.293,1,0.008670868,0
177,60,5611.32,1,0.008624635,0
54,62,5611.393,1,0.009254533,0
85,68,5611.628,1,0.008593294,0
162,72,5611.763,1,0.009337232,0
32,48,5611.784,1,0.008902877,0
198,84,5612.167,1,0.008868232,0
236,92,5612.452,1,0.009588667,0
200,114,5613.228,1,0.009037469,0
64,116,5613.295,1,0.010760720,0
125,116,5613.306,1,0.016750578,0
198,118,5613.374,1,0.008954607,0
71,126,5613.656,1,0.010134764,0
109,151,5614.536,1,0.019634824,0
118,152,5614.564,1,0.021551305,0
336,189,5615.894,1,0.007536591,0
97,192,5615.983,1,0.008747215,0
60,197,5616.155,1,0.009175161,0
142,197,5616.175,1,0.009125508,0
86,198,5616.204,1,0.008709919,0
279,199,5616.232,1,0.008085978,0
156,206,5616.493,1,0.009585819,0
142,214,5616.756,1,0.008576054,0
272,215,5616.788,1,0.007933857,0
82,225,5617.155,1,0.008306786,0
83,231,5617.355,1,0.008293344,0
121,244,5617.82,1,0.008558209,0
159,252,5618.092,1,0.014381248,0
199,256,5618.24,1,0.009886631,0
162,7,5640.011,1,0.008901711,0
278,8,5640.04,1,0.007379327,0
142,12,5640.197,1,0.009367733,0
44,16,5640.328,1,0.009307722,0
40,17,5640.364,1,0.009283604,0
185,30,5640.82,1,0.009561666,0
248,43,5641.276,1,0.008976372,0
320,43,5641.283,1,0.006502208,0
327,44,5641.314,1,0.007157321,0
39,52,5641.596,1,0.009284020,0
194,54,5641.688,1,0.009071598,0
22,59,5641.845,1,0.005245364,0
162,71,5642.287,1,0.054098211,0
239,78,5642.511,1,0.044689041,0
138,86,5642.791,1,0.056544244,0
83,86,5642.812,1,0.045656212,0
249,87,5642.844,1,0.044572338,0
161,95,5643.108,1,0.010606166,0
66,95,5643.117,1,0.012576532,0
180,101,5643.336,1,0.009157149,0
290,102,5643.366,1,0.009651178,0
213,104,5643.438,1,0.008904543,0
87,108,5643.573,1,0.012803899,0
31,114,5643.779,1,0.009583398,0
309,120,5643.993,1,0.008167115,0
28,125,5644.177,1,0.009431526,0
265,126,5644.198,1,0.010464005,0
60,127,5644.242,1,0.009891505,0
183,130,5644.369,1,0.009158771,0
165,134,5644.496,1,0.009171416,0
226,142,5644.779,1,0.009645507,0
77,150,5645.067,1,0.009448497,0
277,151,5645.102,1,0.010214969,0
22,152,5645.125,1,0.009149174,0
325,161,5645.45,1,0.007866559,0
287,168,5645.686,1,0.009113706,0
264,168,5645.706,1,0.009920848,0
206,171,5645.809,1,0.003431071,0
219,173,5645.868,1,0.007957729,0
208,176,5645.969,1,0.003930231,0
91,180,5646.115,1,0.014730192,0
84,181,5646.143,1,0.008571425,0
88,182,5646.175,1,0.014664819,0
84,184,5646.245,1,0.009882786,0
40,187,5646.355,1,0.014137194,0
58,189,5646.425,1,0.014267314,0
272,196,5646.675,1,0.011623819,0
227,198,5646.761,1,0.019455584,0
317,200,5646.815,1,0.010908973,0
200,212,5647.234,1,0.007761234,0
80,219,5647.479,1,0.008682066,0
216,226,5647.73,1,0.004150195,0
212,242,5648.297,1,0.005445144,0
193,4,5649.36,1,0.006533041,0
313,5,5649.387,1,0.006719436,0
308,12,5649.626,1,0.007094916,0
115,21,5649.944,1,0.009513768,0
119,22,5649.979,1,0.009672505,0
284,22,5649.997,1,0.007011131,0
125,23,5650.017,1,0.044628795,0
183,24,5650.051,1,0.012013989,0
124,26,5650.121,1,0.044664845,0
64,30,5650.277,1,0.041558716,0
177,36,5650.471,1,0.036786325,0
129,40,5650.625,1,0.049565453,0
312,41,5650.668,1,0.010196097,0
317,42,5650.707,1,0.007700645,0
95,44,5650.755,1,0.049067862,0
134,44,5650.763,1,0.034688622,0
314,45,5650.808,1,0.009018706,0
130,48,5650.895,1,0.022424024,0
190,49,5650.931,1,0.049544264,0
61,51,5651.021,1,0.008657963,0
295,56,5651.197,1,0.007607954,0
93,64,5651.489,1,0.008824604,0
90,66,5651.531,1,0.009134131,0
69,68,5651.61,1,0.008869314,0
49,68,5651.631,1,0.008841645,0
73,69,5651.652,1,0.008414445,0
66,72,5651.765,1,0.008878099,0
272,74,5651.821,1,0.009606131,0
231,76,5651.9,1,0.009081191,0
153,86,5652.247,1,0.010695408,0
136,88,5652.312,1,0.011369312,0
138,89,5652.349,1,0.007652791,0
138,91,5652.414,1,0.008362359,0
117,92,5652.451,1,0.005766872,0
118,93,5652.494,1,0.017127546,0
329,104,5652.87,1,0.007434134,0
336,106,5652.96,1,0.007397529,0
343,108,5653.021,1,0.007264649,0
133,112,5653.163,1,0.008049642,0
130,114,5653.223,1,0.014579517,0
247,116,5653.293,1,0.009542398,0
295,123,5653.565,1,0.008961292,0
302,125,5653.616,1,0.008370248,0
42,126,5653.674,1,0.009727020,0
163,128,5653.716,1,0.007394480,0
189,128,5653.719,1,0.009052048,0
72,128,5653.736,1,0.010190799,0
75,133,5653.896,1,0.009884462,0
234,134,5653.945,1,0.009716278,0
281,139,5654.106,1,0.018502735,0
155,140,5654.152,1,0.046080031,0
94,143,5654.251,1,0.019219534,0
161,144,5654.311,1,0.040075276,0
300,156,5654.712,1,0.012014979,0
251,159,5654.819,1,0.022993557,0
200,160,5654.847,1,0.019180933,0
140,163,5654.953,1,0.025461648,0
119,172,5655.289,1,0.009315723,0
115,175,5655.401,1,0.009554294,0
192,194,5656.058,1,0.009577253,0
152,196,5656.122,1,0.011039060,0
235,197,5656.154,1,0.009143833,0
303,204,5656.425,1,0.007903364,0
296,206,5656.498,1,0.007902741,0
184,207,5656.505,1,0.009202742,0
255,214,5656.751,1,0.007961637,0
256,224,5657.134,1,0.007755753,0
25,225,5657.146,1,0.008073897,0
256,230,5657.327,1,0.007916855,0
29,231,5657.353,1,0.008375932,0
120,244,5657.811,1,0.009364056,0
333,253,5658.123,1,0.009996931,0
8,253,5658.14,1,0.009092883,0
8,255,5658.195,1,0.009463861,0
212,255,5658.214,1,0.013249035,0
192,0,5658.55,1,0.009633880,0
207,85,5659.327,1,0.008845854,0
320,135,5671.611,1,0.007873950,0
272,8,5680.044,1,0.006800258,0
168,23,5680.563,1,0.010137759,0
130,23,5680.579,1,0.010014848,0
292,28,5680.756,1,0.007241641,0
310,29,5680.784,1,0.007036737,0
156,37,5681.07,1,0.009286069,0
140,39,5681.138,1,0.009304970,0
71,41,5681.219,1,0.008953732,0
75,44,5681.314,1,0.008885126,0
335,45,5681.35,1,0.006863378,0
210,46,5681.379,1,0.010783886,0
64,47,5681.442,1,0.009137687,0
33,48,5681.449,1,0.009192816,0
1,52,5681.588,1,0.003869588,0
35,53,5681.628,1,0.008761959,0
37,54,5681.688,1,0.009214623,0
220,56,5681.751,1,0.009025383,0
18,63,5681.981,1,0.005007304,0
180,66,5682.086,1,0.019673070,0
241,68,5682.16,1,0.044594266,0
207,69,5682.189,1,0.048879545,0
183,69,5682.208,1,0.031079505,0
242,71,5682.286,1,0.044617217,0
71,72,5682.302,1,0.040330533,0
256,72,5682.313,1,0.028591659,0
184,77,5682.5,1,0.051083744,0
67,79,5682.562,1,0.033510655,0
168,80,5682.59,1,0.055868514,0
102,82,5682.645,1,0.046651673,0
120,85,5682.755,1,0.053624496,0
207,86,5682.815,1,0.048365172,0
99,92,5682.998,1,0.057796527,0
315,92,5683.027,1,0.007483248,0
320,93,5683.041,1,0.007528991,0
100,96,5683.159,1,0.006130066,0
313,98,5683.221,1,0.008220337,0
314,101,5683.318,1,0.007791558,0
56,102,5683.359,1,0.011060695,0
100,103,5683.391,1,0.012460122,0
231,103,5683.404,1,0.009560338,0
135,104,5683.428,1,0.005181961,0
131,108,5683.585,1,0.006074375,0
318,119,5683.954,1,0.007817195,0
44,119,5683.964,1,0.009715581,0
17,121,5684.027,1,0.009107727,0
71,125,5684.193,1,0.009874008,0
66,126,5684.203,1,0.009824038,0
259,128,5684.272,1,0.008880902,0
323,133,5684.457,1,0.007374620,0
264,134,5684.481,1,0.009283600,0
337,134,5684.495,1,0.007262036,0
9,138,5684.624,1,0.008677490,0
144,156,5685.27,1,0.012356708,0
260,159,5685.374,1,0.010271811,0
207,160,5685.407,1,0.008280098,0
328,184,5686.25,1,0.010774433,0
36,197,5686.73,1,0.013911670,0
108,198,5686.756,1,0.014265691,0
21,202,5686.878,1,0.013642987,0
297,206,5687.032,1,0.007974139,0
238,208,5687.096,1,0.008334887,0
250,223,5687.624,1,0.007729845,0
140,245,5688.407,1,0.009661092,0
170,256,5688.791,1,0.009669367,0
167,3,5689.313,1,0.008294579,0
31,10,5689.563,1,0.009510660,0
166,13,5689.661,1,0.008537518,0
296,14,5689.718,1,0.006934559,0
223,15,5689.739,1,0.007015016,0
110,16,5689.779,1,0.009947946,0
109,20,5689.911,1,0.009616530,0
201,22,5689.983,1,0.007952288,0
311,24,5690.062,1,0.010149849,0
303,28,5690.204,1,0.010277842,0
86,32,5690.334,1,0.043819714,0
204,34,5690.403,1,0.011955317,0
84,37,5690.507,1,0.045285624,0
121,40,5690.619,1,0.049609836,0
159,45,5690.801,1,0.048859097,0
78,47,5690.864,1,0.047045201,0
341,47,5690.87,1,0.009805275,0
10,47,5690.89,1,0.030656366,0
73,51,5691.005,1,0.008596605,0
24,52,5691.039,1,0.008664912,0
216,53,5691.074,1,0.009133082,0
217,55,5691.148,1,0.008537846,0
99,62,5691.39,1,0.008565467,0
318,63,5691.435,1,0.006901432,0
210,70,5691.672,1,0.009089121,0
288,78,5691.957,1,0.008972471,0
270,80,5692.039,1,0.011540742,0
118,95,5692.559,1,0.006034938,0
115,96,5692.604,1,0.004923641,0
182,100,5692.733,1,0.008927596,0
123,101,5692.765,1,0.005306929,0
282,107,5692.988,1,0.010464859,0
44,110,5693.113,1,0.010378221,0
176,112,5693.164,1,0.009024666,0
297,113,5693.19,1,0.008932507,0
17,114,5693.229,1,0.009510965,0
120,115,5693.267,1,0.016034661,0
263,117,5693.338,1,0.009427303,0
127,126,5693.662,1,0.014905523,0
204,80,5693.789,1,0.008838770,0
28,133,5693.902,1,0.008934715,0
227,134,5693.958,1,0.009484584,0
151,138,5694.082,1,0.048289642,0
223,144,5694.286,1,0.044701789,0
12,152,5694.57,1,0.014118378,0
214,174,5695.345,1,0.007806812,0
158,198,5696.213,1,0.009956784,0
111,206,5696.474,1,0.008509902,0
154,230,5697.325,1,0.008913801,0
32,48,5701.751,1,0.009131659,0
61,8,5720.046,1,0.009302684,0
155,32,5720.908,1,0.009439740,0
12,37,5721.063,1,0.008960306,0
260,39,5721.132,1,0.007899511,0
131,44,5721.317,1,0.009466190,0
243,54,5721.673,1,0.010640702,0
174,55,5721.715,1,0.008998703,0
104,56,5721.735,1,0.009002369,0
110,62,5721.97,1,0.009079587,0
238,64,5722.02,1,0.043540880,0
32,48,5722.095,1,0.043637928,0
203,69,5722.202,1,0.049541388,0
145,72,5722.299,1,0.052909996,0
263,78,5722.505,1,0.026214460,0
295,78,5722.511,1,0.011972453,0
38,79,5722.546,1,0.019478502,0
309,84,5722.716,1,0.011340364,0
148,84,5722.726,1,0.057894688,0
280,91,5722.99,1,0.019059466,0
6,93,5723.041,1,0.009731972,0
76,102,5723.361,1,0.013349469,0
295,104,5723.429,1,0.009089078,0
203,104,5723.448,1,0.008950487,0
143,108,5723.585,1,0.005701096,0
218,111,5723.675,1,0.009291774,0
58,112,5723.721,1,0.010553735,0
136,117,5723.91,1,0.016231529,0
293,118,5723.945,1,0.009586928,0
94,119,5723.958,1,0.012547082,0
200,119,5723.971,1,0.009089520,0
156,123,5724.122,1,0.007555314,0
121,127,5724.241,1,0.013074223,0
124,134,5724.485,1,0.013202963,0
8,139,5724.68,1,0.010432378,0
39,143,5724.816,1,0.008950901,0
138,150,5725.067,1,0.012743616,0
39,151,5725.085,1,0.008955170,0
127,152,5725.127,1,0.012121157,0
64,152,5725.138,1,0.010136199,0
40,159,5725.369,1,0.010691992,0
39,159,5725.384,1,0.007446501,0
228,164,5725.542,1,0.009790752,0
225,167,5725.648,1,0.008490239,0
99,170,5725.757,1,0.009640601,0
9,175,5725.933,1,0.008605974,0
41,179,5726.077,1,0.014272726,0
303,184,5726.249,1,0.011442089,0
24,216,5727.388,1,0.008723738,0
15,255,5728.755,1,0.007898573,0
181,7,5729.45,1,0.007291024,0
96,8,5729.515,1,0.009848364,0
271,12,5729.653,1,0.007442378,0
277,14,5729.71,1,0.007504917,0
90,16,5729.778,1,0.009949253,0
116,16,5729.778,1,0.010046947,0
111,17,5729.815,1,0.009339720,0
91,19,5729.875,1,0.009533357,0
177,24,5730.06,1,0.013266582,0
80,25,5730.086,1,0.040978689,0
203,27,5730.163,1,0.010786720,0
88,31,5730.297,1,0.043432631,0
281,31,5730.318,1,0.010473918,0
141,36,5730.5,1,0.025212731,0
65,38,5730.55,1,0.045628637,0
145,40,5730.621,1,0.019185677,0
310,52,5731.04,1,0.007018435,0
34,53,5731.072,1,0.008788978,0
256,54,5731.118,1,0.009896363,0
108,56,5731.189,1,0.009052393,0
255,60,5731.32,1,0.009726083,0
264,62,5731.399,1,0.010133472,0
158,70,5731.677,1,0.009540190,0
204,71,5731.71,1,0.009124387,0
304,71,5731.715,1,0.007924514,0
12,79,5731.994,1,0.010654928,0
180,80,5732.033,1,0.009241099,0
343,90,5732.383,1,0.007064120,0
86,91,5732.415,1,0.005319403,0
298,95,5732.577,1,0.008962695,0
287,105,5732.909,1,0.009327820,0
127,111,5733.121,1,0.010385427,0
47,113,5733.194,1,0.010042389,0
71,117,5733.334,1,0.010902847,0
301,118,5733.374,1,0.009040856,0
55,123,5733.559,1,0.009631683,0
57,127,5733.689,1,0.009559891,0
255,132,5733.857,1,0.009585091,0
209,134,5733.939,1,0.009783507,0
82,139,5734.118,1,0.018271282,0
151,140,5734.154,1,0.045894057,0
206,154,5734.645,1,0.035528373,0
151,158,5734.774,1,0.027259978,0
254,176,5735.413,1,0.009810952,0
259,180,5735.549,1,0.009308452,0
200,190,5735.917,1,0.009330407,0
100,200,5736.264,1,0.009636496,0
322,202,5736.356,1,0.007682629,0
152,207,5736.516,1,0.011275984,0
23,221,5737.007,1,0.008378912,0
257,244,5737.807,1,0.007369212,0
24,251,5738.084,1,0.012759657,0
98,254,5738.169,1,0.013324208,0
209,4,5759.895,1,0.006423053,0
207,6,5759.976,1,0.006055906,0
78,16,5760.34,1,0.009531835,0
239,21,5760.496,1,0.007141352,0
200,27,5760.713,1,0.007746262,0
195,38,5761.112,1,0.010111799,0
22,39,5761.128,1,0.008983650,0
235,48,5761.448,1,0.005762169,0
236,49,5761.489,1,0.009171165,0
107,52,5761.61,1,0.008957502,0
39,53,5761.639,1,0.008853600,0
148,54,5761.663,1,0.008836210,0
38,55,5761.705,1,0.011485059,0
164,57,5761.791,1,0.009124438,0
319,62,5761.95,1,0.007076881,0
164,64,5762.021,1,0.051028498,0
104,68,5762.159,1,0.023519712,0
105,68,5762.159,1,0.077105954,0
117,71,5762.263,1,0.050182298,0
340,72,5762.321,1,0.009908163,0
12,89,5762.898,1,0.014995987,0
315,96,5763.146,1,0.007940810,0
102,101,5763.324,1,0.006754343,0
184,103,5763.397,1,0.009336398,0
186,104,5763.426,1,0.009947542,0
85,106,5763.505,1,0.013262189,0
257,107,5763.537,1,0.010532842,0
226,110,5763.634,1,0.009418264,0
179,112,5763.708,1,0.008674353,0
32,48,5763.821,1,0.008813878,0
204,80,5763.821,1,0.009077018,0
196,126,5764.207,1,0.008303869,0
197,127,5764.237,1,0.011668992,0
194,127,5764.262,1,0.010569436,0
162,138,5764.633,1,0.016556734,0
302,146,5764.908,1,0.008440353,0
341,149,5765.024,1,0.007447323,0
336,151,5765.089,1,0.007437896,0
46,155,5765.242,1,0.008824674,0
315,159,5765.386,1,0.008054574,0
141,164,5765.539,1,0.010997897,0
114,165,5765.58,1,0.009426857,0
327,184,5766.243,1,0.010790968,0
255,184,5766.264,1,0.012800113,0
342,189,5766.432,1,0.010635172,0
72,206,5767.035,1,0.008847417,0
106,215,5767.357,1,0.009210305,0
78,221,5767.55,1,0.008975469,0
272,247,5768.496,1,0.006663547,0
280,248,5768.504,1,0.007098660,0
287,256,5768.793,1,0.006706454,0
282,257,5768.842,1,0.006823654,0
191,4,5769.344,1,0.007553354,0
213,4,5769.35,1,0.006672328,0
103,7,5769.454,1,0.009556040,0
206,8,5769.5,1,0.006848816,0
100,10,5769.556,1,0.008964824,0
97,11,5769.591,1,0.009451015,0
240,11,5769.608,1,0.006648390,0
207,12,5769.625,1,0.007330505,0
7,13,5769.661,1,0.008755564,0
36,14,5769.702,1,0.009369940,0
267,21,5769.961,1,0.007597488,0
209,22,5769.986,1,0.008170676,0
170,24,5770.058,1,0.020000190,0
278,27,5770.161,1,0.010406703,0
279,29,5770.225,1,0.010441963,0
128,32,5770.343,1,0.045975685,0
224,33,5770.382,1,0.011516104,0
319,34,5770.403,1,0.010054770,0
229,35,5770.439,1,0.011829535,0
18,38,5770.543,1,0.045532946,0
32,48,5770.55,1,0.043787532,0
105,39,5770.581,1,0.049494158,0
130,40,5770.612,1,0.049548600,0
19,40,5770.625,1,0.043927770,0
127,41,5770.647,1,0.049850952,0
236,42,5770.687,1,0.012927760,0
20,43,5770.721,1,0.066409029,0
235,44,5770.755,1,0.013875740,0
20,45,5770.794,1,0.065792441,0
117,46,5770.84,1,0.048929323,0
242,48,5770.899,1,0.014134063,0
173,48,5770.92,1,0.049112659,0
35,49,5770.936,1,0.044457965,0
321,52,5771.046,1,0.006936845,0
292,53,5771.071,1,0.007562063,0
32,54,5771.135,1,0.008689571,0
144,55,5771.165,1,0.009048672,0
150,56,5771.179,1,0.009005403,0
84,56,5771.192,1,0.009010864,0
46,63,5771.424,1,0.008742119,0
77,71,5771.71,1,0.008602658,0
137,72,5771.745,1,0.009169536,0
126,82,5772.106,1,0.009709668,0
7,93,5772.495,1,0.009411612,0
83,96,5772.602,1,0.009139056,0
40,99,5772.709,1,0.010632483,0
121,108,5773.017,1,0.007258440,0
166,127,5773.589,1,0.005350199,0
224,128,5773.724,1,0.009699885,0
331,134,5773.926,1,0.007575979,0
335,136,5773.997,1,0.007442889,0
127,144,5774.284,1,0.028990790,0
263,152,5774.572,1,0.020950217,0
328,154,5774.639,1,0.010767920,0
116,157,5774.743,1,0.019192742,0
119,158,5774.777,1,0.019698488,0
134,165,5775.038,1,0.010356518,0
59,169,5775.194,1,0.009172543,0
295,179,5775.524,1,0.008338005,0
163,205,5776.451,1,0.009550798,0
47,216,5776.821,1,0.008228311,0
308,222,5777.033,1,0.007322827,0
139,222,5777.042,1,0.008683107,0
208,227,5777.218,1,0.008699245,0
211,228,5777.251,1,0.006432063,0
109,0,5797.064,1,0.009447479,0
256,3,5799.866,1,0.006611791,0
95,6,5799.977,1,0.009423795,0
253,7,5800.004,1,0.006910838,0
181,8,5800.047,1,0.006723890,0
184,11,5800.157,1,0.006513761,0
242,22,5800.539,1,0.007677535,0
222,25,5800.653,1,0.007458857,0
295,27,5800.718,1,0.007159218,0
201,37,5801.063,1,0.009234386,0
47,40,5801.165,1,0.009472416,0
208,40,5801.183,1,0.009739986,0
215,40,5801.183,1,0.010066624,0
254,46,5801.382,1,0.008619198,0
157,46,5801.391,1,0.009342481,0
33,49,5801.485,1,0.008781732,0
273,58,5801.798,1,0.019759541,0
274,58,5801.808,1,0.024868768,0
79,61,5801.915,1,0.009051157,0
271,63,5801.98,1,0.010726243,0
132,64,5802.01,1,0.049669359,0
128,66,5802.092,1,0.049870808,0
94,66,5802.1,1,0.048606511,0
134,68,5802.173,1,0.050512124,0
88,81,5802.637,1,0.040808357,0
136,85,5802.754,1,0.153163239,0
138,85,5802.762,1,0.118374817,0
279,92,5803.015,1,0.009517522,0
209,93,5803.051,1,0.008692669,0
272,96,5803.146,1,0.011417973,0
13,100,5803.296,1,0.009641125,0
8,104,5803.437,1,0.009822196,0
281,109,5803.603,1,0.009541430,0
155,110,5803.646,1,0.005086980,0
226,112,5803.727,1,0.009371760,0
326,115,5803.82,1,0.012936258,0
325,116,5803.848,1,0.007076352,0
97,133,5804.452,1,0.011075942,0
149,135,5804.53,1,0.014357192,0
47,142,5804.769,1,0.009043334,0
24,152,5805.122,1,0.009281578,0
288,157,5805.292,1,0.009371796,0
197,158,5805.33,1,0.003341087,0
6,162,5805.476,1,0.008956686,0
51,174,5805.905,1,0.008883455,0
301,182,5806.186,1,0.011514062,0
163,184,5806.244,1,0.016886875,0
89,184,5806.253,1,0.014647212,0
239,213,5807.277,1,0.007794936,0
79,230,5807.872,1,0.008196898,0
153,249,5808.541,1,0.008369880,0
4,253,5808.684,1,0.008133128,0
17,5,5809.385,1,0.008764217,0
22,6,5809.425,1,0.009120543,0
151,7,5809.459,1,0.010188708,0
232,7,5809.478,1,0.006227829,0
194,12,5809.634,1,0.006240263,0
239,14,5809.696,1,0.006996447,0
192,15,5809.733,1,0.006776937,0
97,15,5809.737,1,0.009850893,0
266,16,5809.768,1,0.006969186,0
202,20,5809.911,1,0.006656617,0
103,24,5810.056,1,0.044568244,0
19,27,5810.173,1,0.042360671,0
268,28,5810.188,1,0.010496577,0
168,29,5810.228,1,0.028228430,0
171,30,5810.263,1,0.026338588,0
299,31,5810.32,1,0.010341175,0
333,32,5810.333,1,0.009834828,0
189,32,5810.354,1,0.013504202,0
332,36,5810.475,1,0.009881988,0
327,37,5810.508,1,0.009938174,0
156,40,5810.628,1,0.049931891,0
32,48,5810.904,1,0.043925326,0
107,48,5810.923,1,0.048833076,0
90,51,5811.01,1,0.008973526,0
110,54,5811.109,1,0.009033566,0
250,54,5811.136,1,0.010187434,0
50,55,5811.148,1,0.008931941,0
247,60,5811.318,1,0.011729688,0
2,60,5811.326,1,0.009580243,0
58,63,5811.425,1,0.008831275,0
238,66,5811.53,1,0.009367976,0
208,71,5811.715,1,0.009035526,0
147,72,5811.755,1,0.009453018,0
5,88,5812.332,1,0.009572971,0
20,90,5812.38,1,0.010049749,0
71,92,5812.469,1,0.009296252,0
224,94,5812.524,1,0.009143842,0
221,101,5812.772,1,0.009263785,0
203,112,5813.158,1,0.008902636,0
131,117,5813.336,1,0.017074775,0
68,130,5813.817,1,0.010141909,0
83,134,5813.95,1,0.010189318,0
59,136,5814.004,1,0.015266503,0
25,149,5814.466,1,0.014357052,0
87,157,5814.756,1,0.015273846,0
21,203,5816.361,1,0.008755323,0
89,210,5816.635,1,0.008649283,0
28,20,5840.476,1,0.008855156,0
223,32,5840.723,1,0.007983318,0
326,32,5840.883,1,0.006877398,0
304,39,5841.144,1,0.007129576,0
168,44,5841.329,1,0.009086085,0
74,51,5841.558,1,0.008863325,0
72,52,5841.598,1,0.008837346,0
208,57,5841.766,1,0.009101914,0
64,69,5842.193,1,0.040356960,0
269,72,5842.305,1,0.021749824,0
283,78,5842.517,1,0.013593533,0
269,99,5843.269,1,0.012771219,0
264,101,5843.326,1,0.009350478,0
74,102,5843.364,1,0.012574388,0
55,106,5843.491,1,0.010453941,0
163,108,5843.59,1,0.005439376,0
164,109,5843.622,1,0.014983525,0
168,110,5843.638,1,0.010013868,0
59,111,5843.684,1,0.010728171,0
339,123,5844.109,1,0.007341840,0
32,125,5844.174,1,0.009976452,0
250,135,5844.521,1,0.009396295,0
214,136,5844.57,1,0.009547312,0
116,151,5845.103,1,0.010282283,0
48,156,5845.273,1,0.009930759,0
318,159,5845.364,1,0.007884002,0
138,159,5845.389,1,0.011213060,0
304,164,5845.551,1,0.008290884,0
34,166,5845.613,1,0.009115527,0
300,166,5845.623,1,0.008303954,0
14,168,5845.681,1,0.008789704,0
8,175,5845.927,1,0.008366943,0
120,180,5846.113,1,0.014821794,0
176,195,5846.636,1,0.013805366,0
136,200,5846.807,1,0.014633811,0
208,215,5847.349,1,0.009681768,0
183,222,5847.588,1,0.008730330,0
206,237,5848.123,1,0.009130704,0
100,6,5849.414,1,0.009804478,0
182,7,5849.452,1,0.006915251,0
200,7,5849.479,1,0.006405979,0
56,8,5849.488,1,0.009446163,0
111,15,5849.743,1,0.009677123,0
287,18,5849.837,1,0.006670107,0
287,21,5849.949,1,0.007541065,0
292,23,5850.021,1,0.010254723,0
6,29,5850.239,1,0.043974355,0
177,30,5850.261,1,0.021002803,0
212,31,5850.295,1,0.011339042,0
215,32,5850.332,1,0.011460717,0
320,34,5850.401,1,0.010029807,0
87,39,5850.587,1,0.045920979,0
145,45,5850.802,1,0.048870865,0
313,52,5851.043,1,0.007236405,0
69,54,5851.118,1,0.008959987,0
53,59,5851.302,1,0.008681667,0
155,70,5851.676,1,0.009319059,0
199,71,5851.721,1,0.008905809,0
194,79,5851.997,1,0.009027605,0
169,93,5852.483,1,0.010327442,0
93,100,5852.732,1,0.009259147,0
216,111,5853.122,1,0.009542146,0
248,112,5853.159,1,0.009866604,0
162,120,5853.439,1,0.005597129,0
123,126,5853.663,1,0.015138470,0
100,131,5853.829,1,0.011740467,0
167,132,5853.862,1,0.007493100,0
160,134,5853.928,1,0.014225928,0
43,144,5854.288,1,0.014739322,0
62,152,5854.563,1,0.015020115,0
47,152,5854.57,1,0.014689459,0
165,156,5854.711,1,0.027951464,0
72,157,5854.743,1,0.015032558,0
124,181,5855.593,1,0.009969013,0
25,196,5856.116,1,0.008475455,0
87,208,5856.55,1,0.008562203,0
55,218,5856.9,1,0.008262621,0
90,228,5857.257,1,0.009028864,0
105,229,5857.31,1,0.008402864,0
223,256,5858.237,1,0.007675486,0
32,48,5866.829,1,0.044097900,0
151,16,5880.327,1,0.013973189,0
246,19,5880.454,1,0.007180202,0
240,21,5880.518,1,0.007414144,0
150,23,5880.571,1,0.010098935,0
4,25,5880.66,1,0.009114981,0
184,42,5881.249,1,0.009239597,0
32,48,5881.317,1,0.009213526,0
47,48,5881.463,1,0.009173626,0
37,49,5881.491,1,0.008842301,0
265,64,5882.018,1,0.016484974,0
44,69,5882.205,1,0.030772822,0
254,79,5882.547,1,0.038269859,0
174,85,5882.752,1,0.054867197,0
161,95,5883.105,1,0.010660062,0
231,96,5883.15,1,0.009133406,0
148,96,5883.17,1,0.010851007,0
185,102,5883.358,1,0.008722447,0
3,102,5883.374,1,0.009428568,0
64,103,5883.406,1,0.011704123,0
252,106,5883.501,1,0.009414555,0
88,111,5883.683,1,0.012664937,0
216,112,5883.714,1,0.009362097,0
252,119,5883.964,1,0.009428662,0
17,119,5883.981,1,0.009450255,0
273,126,5884.206,1,0.005456898,0
274,127,5884.241,1,0.006202406,0
280,128,5884.273,1,0.009339186,0
237,130,5884.364,1,0.009535785,0
296,132,5884.418,1,0.009252693,0
2,133,5884.452,1,0.008838010,0
66,136,5884.551,1,0.012457857,0
68,136,5884.561,1,0.014176510,0
175,140,5884.712,1,0.005584399,0
44,152,5884.934,1,0.011181658,0
283,149,5885.038,1,0.010197155,0
114,151,5885.11,1,0.010197218,0
45,152,5885.12,1,0.008406357,0
204,158,5885.347,1,0.008323914,0
248,188,5886.397,1,0.012931838,0
191,226,5887.745,1,0.007298845,0
166,232,5887.968,1,0.008757847,0
165,239,5888.189,1,0.008687583,0
164,3,5889.315,1,0.008003668,0
119,11,5889.604,1,0.009889012,0
189,12,5889.641,1,0.006902485,0
311,14,5889.705,1,0.006905404,0
247,16,5889.766,1,0.007353246,0
258,17,5889.818,1,0.007001813,0
103,17,5889.832,1,0.009607056,0
34,20,5889.934,1,0.007836190,0
34,22,5889.99,1,0.007672120,0
243,24,5890.051,1,0.010591426,0
248,29,5890.227,1,0.010688150,0
188,29,5890.234,1,0.012287470,0
49,30,5890.276,1,0.041371413,0
196,34,5890.402,1,0.012571469,0
214,34,5890.423,1,0.011815459,0
334,44,5890.763,1,0.009864045,0
67,44,5890.764,1,0.047309842,0
45,54,5891.119,1,0.008720633,0
183,62,5891.406,1,0.008706358,0
305,71,5891.711,1,0.007786428,0
128,72,5891.741,1,0.009399345,0
40,72,5891.755,1,0.005086968,0
132,73,5891.782,1,0.009221386,0
46,79,5891.996,1,0.007536919,0
47,95,5892.55,1,0.010995059,0
288,102,5892.8,1,0.009822313,0
298,104,5892.881,1,0.008691049,0
329,111,5893.119,1,0.007740756,0
45,116,5893.308,1,0.009868415,0
285,120,5893.441,1,0.010529076,0
182,122,5893.516,1,0.009027400,0
56,122,5893.528,1,0.010089187,0
96,123,5893.54,1,0.012243155,0
184,126,5893.649,1,0.012264827,0
181,126,5893.659,1,0.006065776,0
288,130,5893.795,1,0.009598621,0
327,155,5894.677,1,0.010801209,0
303,173,5895.314,1,0.008108390,0
298,176,5895.44,1,0.008604689,0
62,188,5895.848,1,0.009192208,0
73,195,5896.082,1,0.008662314,0
79,195,5896.095,1,0.008543478,0
156,198,5896.192,1,0.010807315,0
314,198,5896.206,1,0.007893601,0
33,203,5896.363,1,0.008548246,0
291,204,5896.404,1,0.007873439,0
126,220,5896.965,1,0.010211811,0
72,230,5897.316,1,0.008433922,0
66,231,5897.357,1,0.008258449,0
32,237,5897.566,1,0.008299354,0
12,238,5897.624,1,0.008910831,0
296,243,5897.775,1,0.006842786,0
72,248,5897.969,1,0.009316853,0
75,251,5898.067,1,0.013345896,0
189,254,5898.166,1,0.011853377,0
226,256,5898.236,1,0.007637110,0
208,8,5920.051,1,0.006498409,0
119,12,5920.203,1,0.009316092,0
206,13,5920.221,1,0.006494389,0
126,15,5920.29,1,0.010080932,0
80,23,5920.587,1,0.009701368,0
229,24,5920.62,1,0.007067589,0
164,24,5920.621,1,0.010250179,0
272,29,5920.787,1,0.007553991,0
40,29,5920.807,1,0.009304705,0
166,30,5920.824,1,0.009057716,0
223,32,5920.885,1,0.008112881,0
216,35,5921.005,1,0.008619927,0
224,36,5921.039,1,0.007620990,0
227,36,5921.052,1,0.007402303,0
212,37,5921.067,1,0.008844692,0
278,38,5921.104,1,0.007612261,0
73,39,5921.138,1,0.008930515,0
151,47,5921.415,1,0.008997899,0
132,47,5921.425,1,0.009518645,0
32,48,5921.454,1,0.009238969,0
144,50,5921.531,1,0.009137299,0
274,55,5921.7,1,0.008277937,0
307,61,5921.919,1,0.006647306,0
303,61,5921.931,1,0.008061889,0
260,64,5922.021,1,0.021711331,0
240,66,5922.094,1,0.044306353,0
179,67,5922.14,1,0.049795151,0
248,70,5922.228,1,0.038900465,0
53,76,5922.439,1,0.031926632,0
26,76,5922.456,1,0.017657701,0
104,77,5922.475,1,0.050256021,0
263,80,5922.588,1,0.027462520,0
46,83,5922.694,1,0.020144712,0
264,88,5922.874,1,0.028337883,0
258,90,5922.933,1,0.035086464,0
161,96,5923.146,1,0.010571278,0
271,96,5923.155,1,0.012764829,0
306,96,5923.166,1,0.008402311,0
224,100,5923.282,1,0.009410695,0
76,105,5923.468,1,0.008155157,0
75,106,5923.494,1,0.013532881,0
76,109,5923.606,1,0.013352528,0
20,111,5923.685,1,0.009881852,0
260,116,5923.855,1,0.009710150,0
211,116,5923.87,1,0.009002956,0
231,119,5923.961,1,0.009352722,0
152,120,5924.004,1,0.006425682,0
115,123,5924.099,1,0.013496321,0
7,124,5924.132,1,0.008980428,0
16,125,5924.174,1,0.009464214,0
111,138,5924.632,1,0.011979821,0
42,141,5924.739,1,0.009569056,0
227,144,5924.838,1,0.009337069,0
194,151,5925.101,1,0.003648723,0
312,152,5925.117,1,0.008717172,0
274,152,5925.127,1,0.009598812,0
315,156,5925.264,1,0.007933661,0
315,159,5925.367,1,0.008014560,0
259,166,5925.609,1,0.010770348,0
195,168,5925.683,1,0.007137347,0
155,170,5925.78,1,0.011277829,0
300,189,5926.429,1,0.011516402,0
6,200,5926.813,1,0.013493706,0
125,207,5927.061,1,0.009876736,0
238,211,5927.202,1,0.007903309,0
224,215,5927.343,1,0.006899998,0
35,215,5927.346,1,0.008950094,0
125,216,5927.378,1,0.008518436,0
40,219,5927.489,1,0.008860473,0
128,221,5927.552,1,0.009097314,0
323,231,5927.906,1,0.007362465,0
154,232,5927.943,1,0.009841703,0
200,1,5929.24,1,0.006337685,0
335,3,5929.316,1,0.006808528,0
143,7,5929.451,1,0.009955985,0
185,12,5929.624,1,0.007993902,0
278,15,5929.733,1,0.005039151,0
279,16,5929.767,1,0.007397239,0
239,21,5929.943,1,0.020131268,0
238,21,5929.962,1,0.012688369,0
175,24,5930.061,1,0.013739799,0
48,28,5930.19,1,0.040064473,0
10,28,5930.19,1,0.043213852,0
229,28,5930.201,1,0.010779278,0
246,29,5930.242,1,0.010694610,0
239,30,5930.261,1,0.010854509,0
302,31,5930.299,1,0.010295169,0
51,32,5930.339,1,0.042506285,0
47,33,5930.367,1,0.043345358,0
199,39,5930.585,1,0.014138921,0
112,44,5930.773,1,0.048859961,0
226,48,5930.898,1,0.020902056,0
90,52,5931.043,1,0.008984095,0
184,54,5931.135,1,0.009035906,0
77,55,5931.147,1,0.008642090,0
86,64,5931.462,1,0.008879250,0
11,68,5931.608,1,0.011511914,0
128,70,5931.692,1,0.009340514,0
201,71,5931.72,1,0.008805426,0
174,72,5931.744,1,0.009038314,0
177,76,5931.885,1,0.009107456,0
175,80,5932.027,1,0.009418513,0
171,83,5932.133,1,0.009704672,0
58,87,5932.301,1,0.011592842,0
256,90,5932.39,1,0.120062917,0
253,90,5932.39,1,0.011731690,0
333,92,5932.458,1,0.007136870,0
94,94,5932.518,1,0.005462488,0
88,94,5932.525,1,0.005499642,0
141,95,5932.558,1,0.010398844,0
80,102,5932.802,1,0.013054248,0
75,103,5932.848,1,0.012315086,0
6,104,5932.882,1,0.009652336,0
121,104,5932.9,1,0.005856603,0
125,107,5932.98,1,0.005738702,0
128,111,5933.12,1,0.007919267,0
232,112,5933.167,1,0.009708027,0
84,120,5933.436,1,0.011933045,0
160,121,5933.47,1,0.005545505,0
161,150,5934.505,1,0.034234077,0
96,160,5934.853,1,0.015336742,0
187,168,5935.156,1,0.009902010,0
184,170,5935.217,1,0.010394630,0
191,173,5935.306,1,0.009050340,0
49,173,5935.325,1,0.009152209,0
191,175,5935.383,1,0.009467647,0
305,195,5936.086,1,0.007653871,0
306,200,5936.258,1,0.007807839,0
239,202,5936.334,1,0.008678791,0
55,205,5936.442,1,0.008347051,0
238,208,5936.543,1,0.008415122,0
231,209,5936.578,1,0.007425835,0
58,215,5936.798,1,0.008543563,0
56,216,5936.842,1,0.008496255,0
175,218,5936.898,1,0.008796375,0
158,224,5937.12,1,0.008962867,0
243,226,5937.198,1,0.007004014,0
146,232,5937.405,1,0.008772062,0
56,244,5937.815,1,0.008402530,0
208,254,5938.161,1,0.010158129,0
183,254,5938.169,1,0.013027324,0
32,48,5956.269,1,0.009047300,0
151,50,5957.139,1,0.008922374,0
223,4,5959.9,1,0.006481858,0
130,10,5960.125,1,0.009330062,0
185,15,5960.296,1,0.007399252,0
15,23,5960.574,1,0.008726014,0
47,24,5960.607,1,0.008790033,0
216,27,5960.731,1,0.007782925,0
306,31,5960.86,1,0.007101087,0
269,40,5961.177,1,0.008424305,0
52,48,5961.456,1,0.008969252,0
261,52,5961.599,1,0.009816350,0
184,53,5961.643,1,0.009141346,0
192,54,5961.658,1,0.008912006,0
242,56,5961.736,1,0.012581844,0
263,63,5961.985,1,0.014795837,0
212,64,5962.015,1,0.048439566,0
120,71,5962.263,1,0.050387632,0
212,71,5962.276,1,0.048481427,0
104,76,5962.449,1,0.050096031,0
80,80,5962.578,1,0.039468687,0
166,86,5962.797,1,0.057763789,0
216,87,5962.829,1,0.049251210,0
111,88,5962.865,1,0.049096193,0
251,90,5962.949,1,0.042551059,0
32,48,5963.025,1,0.009037882,0
314,96,5963.156,1,0.007943061,0
81,96,5963.169,1,0.009363849,0
150,98,5963.21,1,0.009818951,0
176,103,5963.395,1,0.009196496,0
96,104,5963.448,1,0.015906816,0
104,108,5963.562,1,0.015694529,0
99,112,5963.72,1,0.013584201,0
139,116,5963.857,1,0.009093992,0
103,120,5964.008,1,0.012449312,0
303,125,5964.186,1,0.008359011,0
278,126,5964.201,1,0.008179553,0
280,126,5964.209,1,0.009270093,0
332,134,5964.502,1,0.007583085,0
259,135,5964.531,1,0.008730941,0
256,92,5964.567,0,0.325010240,0
114,136,5964.572,1,0.012695030,0
272,139,5964.666,1,0.010857176,0
55,150,5965.048,1,0.009503273,0
260,150,5965.071,1,0.012289784,0
74,152,5965.136,1,0.009788621,0
143,159,5965.376,1,0.011871201,0
178,160,5965.405,1,0.011047200,0
184,165,5965.583,1,0.009745814,0
126,175,5965.943,1,0.009372154,0
5,184,5966.254,1,0.013709760,0
10,136,5966.294,1,0.014324496,0
95,187,5966.363,1,0.014590433,0
46,190,5966.46,1,0.014159766,0
29,200,5966.821,1,0.013789515,0
23,203,5966.922,1,0.013662560,0
116,205,5967.013,1,0.009230578,0
126,243,5968.327,1,0.008430291,0
142,244,5968.367,1,0.008411216,0
247,253,5968.698,1,0.005254004,0
257,91,5968.727,1,0.117269285,0
231,254,5968.729,1,0.004586996,0
190,6,5969.424,1,0.005548935,0
187,6,5969.424,1,0.005831584,0
260,7,5969.45,1,0.006696948,0
174,12,5969.655,1,0.008204306,0
316,14,5969.703,1,0.006715504,0
173,15,5969.731,1,0.008793240,0
136,15,5969.736,1,0.009932339,0
154,16,5969.772,1,0.005728929,0
154,17,5969.805,1,0.010757750,0
207,19,5969.877,1,0.006877488,0
123,20,5969.925,1,0.009518830,0
147,23,5970.018,1,0.044620309,0
203,23,5970.024,1,0.010491071,0
337,24,5970.047,1,0.008947644,0
152,24,5970.053,1,0.087130919,0
151,24,5970.07,1,0.039049484,0
337,26,5970.117,1,0.009752001,0
261,28,5970.196,1,0.010576859,0
179,28,5970.209,1,0.030859835,0
58,29,5970.226,1,0.040505603,0
180,29,5970.235,1,0.029037656,0
160,30,5970.277,1,0.044696067,0
91,32,5970.355,1,0.043536343,0
139,34,5970.412,1,0.046546817,0
217,36,5970.473,1,0.012124955,0
221,37,5970.506,1,0.023560623,0
221,38,5970.553,1,0.026609123,0
93,38,5970.565,1,0.046577949,0
71,40,5970.619,1,0.045843240,0
69,43,5970.75,1,0.047218073,0
106,47,5970.865,1,0.048916068,0
44,50,5970.967,1,0.048354369,0
143,50,5970.978,1,0.048426352,0
197,56,5971.183,1,0.008766496,0
102,60,5971.324,1,0.009096175,0
192,61,5971.36,1,0.009061860,0
221,61,5971.36,1,0.008637001,0
106,66,5971.55,1,0.008985674,0
239,67,5971.568,1,0.009625962,0
106,72,5971.744,1,0.008857567,0
288,72,5971.755,1,0.008471979,0
252,73,5971.796,1,0.009277471,0
106,74,5971.83,1,0.009071670,0
162,75,5971.85,1,0.009413701,0
149,77,5971.927,1,0.009794483,0
279,79,5972.011,1,0.010215557,0
110,80,5972.042,1,0.009199090,0
72,87,5972.275,1,0.005135719,0
21,88,5972.321,1,0.010164451,0
196,91,5972.417,1,0.008988826,0
64,100,5972.742,1,0.012249731,0
68,101,5972.769,1,0.012436194,0
309,105,5972.911,1,0.008006622,0
279,110,5973.086,1,0.009780075,0
80,111,5973.12,1,0.011956990,0
136,118,5973.364,1,0.015504305,0
91,118,5973.384,1,0.012349656,0
144,119,5973.405,1,0.014502229,0
184,120,5973.465,1,0.008848940,0
82,123,5973.542,1,0.011177120,0
198,134,5973.93,1,0.009101274,0
80,140,5974.153,1,0.017806016,0
162,146,5974.359,1,0.037643246,0
300,153,5974.614,1,0.012051933,0
209,157,5974.744,1,0.036106881,0
239,157,5974.752,1,0.031819921,0
227,160,5974.848,1,0.036188275,0
308,160,5974.859,1,0.011605799,0
48,165,5975.049,1,0.009455743,0
66,172,5975.278,1,0.009190055,0
159,173,5975.312,1,0.011123030,0
152,173,5975.319,1,0.010993017,0
68,176,5975.411,1,0.009298725,0
168,176,5975.432,1,0.009228744,0
168,180,5975.553,1,0.008463087,0
144,181,5975.608,1,0.009985541,0
118,189,5975.874,1,0.009719293,0
96,190,5975.934,1,0.009136829,0
305,226,5977.176,1,0.008112421,0
154,227,5977.224,1,0.009783581,0
16,259,5978.351,1,0.012553736,0
56,2,5999.829,1,0.009394738,0
336,4,5999.912,1,0.006448701,0
119,4,5999.912,1,0.009256663,0
128,8,6000.061,1,0.009348574,0
222,10,6000.131,1,0.006266606,0
316,13,6000.228,1,0.006787607,0
134,15,6000.297,1,0.009899036,0
224,24,6000.612,1,0.007081372,0
60,26,6000.679,1,0.008958857,0
184,30,6000.815,1,0.009834777,0
198,32,6000.891,1,0.008315649,0
178,32,6000.891,1,0.010978588,0
272,33,6000.941,1,0.007427691,0
339,38,6001.1,1,0.006552621,0
299,39,6001.129,1,0.007267569,0
283,39,6001.15,1,0.007594979,0
152,40,6001.169,1,0.009099704,0
239,42,6001.246,1,0.008898821,0
255,45,6001.352,1,0.008824349,0
295,46,6001.395,1,0.005212601,0
296,47,6001.415,1,0.007084730,0
145,47,6001.423,1,0.009009536,0
47,56,6001.732,1,0.009203415,0
156,56,6001.746,1,0.008878757,0
48,58,6001.797,1,0.009381239,0
41,59,6001.86,1,0.008656376,0
286,71,6002.269,1,0.012227750,0
263,72,6002.302,1,0.053961106,0
261,72,6002.31,1,0.062592611,0
284,79,6002.544,1,0.013560300,0
204,80,6002.574,1,0.048803926,0
160,80,6002.582,1,0.056569915,0
208,81,6002.632,1,0.048485674,0
125,86,6002.793,1,0.054653898,0
144,90,6002.944,1,0.058179248,0
272,93,6003.05,1,0.012682498,0
211,99,6003.268,1,0.008673398,0
329,103,6003.386,1,0.007618693,0
76,107,6003.537,1,0.012230061,0
138,111,6003.674,1,0.006405517,0
91,115,6003.817,1,0.012185986,0
179,117,6003.888,1,0.008966201,0
165,119,6003.958,1,0.004958868,0
272,125,6004.175,1,0.013141180,0
98,149,6005.034,1,0.009792782,0
344,163,6005.51,1,0.007316067,0
10,136,6005.585,1,0.009240379,0
17,166,6005.618,1,0.008879836,0
129,167,6005.663,1,0.009914841,0
276,167,6005.672,1,0.009785095,0
325,175,6005.935,1,0.007759045,0
79,186,6006.338,1,0.014521337,0
246,194,6006.609,1,0.012549270,0
86,204,6006.97,1,0.014294654,0
125,226,6007.75,1,0.008882237,0
57,227,6007.768,1,0.009472188,0
162,229,6007.845,1,0.009457499,0
31,243,6008.351,1,0.007982257,0
113,248,6008.511,1,0.008197980,0
291,6,6009.417,1,0.007403539,0
35,7,6009.452,1,0.008906264,0
301,8,6009.496,1,0.007397908,0
105,12,6009.629,1,0.009692417,0
272,13,6009.681,1,0.006902315,0
257,15,6009.731,1,0.007674102,0
212,19,6009.876,1,0.006751893,0
244,20,6009.919,1,0.007164898,0
88,21,6009.95,1,0.009952799,0
79,22,6009.986,1,0.009710939,0
210,22,6009.995,1,0.007315462,0
301,24,6010.049,1,0.010213898,0
12,29,6010.244,1,0.043621611,0
216,32,6010.334,1,0.011457238,0
65,33,6010.368,1,0.042121653,0
241,34,6010.408,1,0.011239049,0
112,40,6010.625,1,0.049655944,0
163,45,6010.796,1,0.049087014,0
112,47,6010.872,1,0.048860826,0
177,55,6011.162,1,0.008604420,0
182,56,6011.19,1,0.008822956,0
175,58,6011.259,1,0.008992815,0
208,62,6011.392,1,0.009084497,0
154,71,6011.713,1,0.009350398,0
237,72,6011.769,1,0.009247099,0
198,74,6011.817,1,0.009165871,0
49,85,6012.21,1,0.010081651,0
239,87,6012.284,1,0.009632546,0
256,91,6012.414,1,0.766691446,0
296,93,6012.482,1,0.008485512,0
304,94,6012.519,1,0.008124025,0
220,95,6012.566,1,0.009315968,0
108,103,6012.843,1,0.006532497,0
31,111,6013.124,1,0.009836300,0
274,111,6013.143,1,0.014196216,0
153,114,6013.242,1,0.006161007,0
216,119,6013.401,1,0.009737466,0
248,131,6013.831,1,0.009951644,0
224,134,6013.927,1,0.009750444,0
331,134,6013.93,1,0.007627290,0
309,136,6014.013,1,0.011754201,0
211,136,6014.026,1,0.045451220,0
247,137,6014.044,1,0.039907843,0
181,142,6014.224,1,0.031875178,0
226,143,6014.252,1,0.044702806,0
128,150,6014.492,1,0.027512243,0
242,152,6014.573,1,0.033655114,0
183,163,6014.954,1,0.014706874,0
156,167,6015.096,1,0.011481383,0
116,167,6015.119,1,0.009980234,0
245,187,6015.803,1,0.009202385,0
55,187,6015.821,1,0.009008369,0
44,195,6016.09,1,0.008799244,0
180,198,6016.205,1,0.008798770,0
88,200,6016.275,1,0.009302631,0
75,217,6016.859,1,0.009548440,0
73,217,6016.874,1,0.009529040,0
219,229,6017.285,1,0.005507279,0
195,234,6017.465,1,0.007054080,0
210,238,6017.597,1,0.005642791,0
33,244,6017.816,1,0.008745921,0
103,245,6017.845,1,0.008113757,0
302,248,6017.96,1,0.006735403,0
96,250,6018.028,1,0.013395238,0
87,251,6018.067,1,0.013381594,0
126,253,6018.154,1,0.013493635,0
296,256,6018.257,1,0.009953105,0
304,257,6018.279,1,0.009943138,0
32,48,6025.041,1,0.008918794,0
257,93,6032.798,0,0.379701674,0
0,13,6040.214,1,0.008969617,0
277,22,6040.547,1,0.006985828,0
152,28,6040.756,1,0.009743390,0
151,40,6041.177,1,0.009403271,0
192,45,6041.345,1,0.009301436,0
288,47,6041.417,1,0.007397315,0
66,53,6041.627,1,0.009173280,0
190,60,6041.898,1,0.008972003,0
247,62,6041.943,1,0.009697842,0
162,64,6042.011,1,0.050991561,0
272,64,6042.019,1,0.013601476,0
143,64,6042.032,1,0.050119366,0
167,65,6042.063,1,0.050713964,0
253,69,6042.198,1,0.029567722,0
142,71,6042.265,1,0.051682014,0
324,78,6042.512,1,0.010423649,0
180,79,6042.548,1,0.051628675,0
139,84,6042.726,1,0.055659164,0
187,88,6042.867,1,0.049733173,0
258,90,6042.927,1,0.113622338,0
256,90,6042.935,1,0.025701012,0
257,91,6042.965,1,0.194316745,0
258,91,6042.972,1,0.062430773,0
190,93,6043.041,1,0.009125822,0
40,95,6043.12,1,0.010894284,0
202,100,6043.289,1,0.008968282,0
332,104,6043.422,1,0.007489884,0
193,112,6043.718,1,0.008870076,0
170,114,6043.781,1,0.010046823,0
204,117,6043.901,1,0.009048981,0
73,134,6044.488,1,0.010209315,0
231,135,6044.52,1,0.009639104,0
87,140,6044.699,1,0.010045050,0
197,141,6044.734,1,0.008584470,0
119,148,6044.98,1,0.011336524,0
313,151,6045.085,1,0.008309423,0
44,154,6045.21,1,0.009848099,0
177,159,6045.363,1,0.019255027,0
175,159,6045.371,1,0.014058967,0
106,168,6045.691,1,0.010213734,0
108,171,6045.794,1,0.009639555,0
178,172,6045.825,1,0.010051121,0
13,174,6045.905,1,0.009068697,0
314,175,6045.934,1,0.007949376,0
89,188,6046.387,1,0.014588363,0
256,191,6046.502,1,0.012258186,0
318,196,6046.679,1,0.010949383,0
81,198,6046.76,1,0.014345571,0
99,200,6046.813,1,0.014287312,0
144,204,6046.964,1,0.015174470,0
51,205,6047.005,1,0.009220118,0
33,208,6047.1,1,0.008295760,0
148,216,6047.374,1,0.009395372,0
123,223,6047.627,1,0.009838785,0
103,224,6047.663,1,0.008352472,0
217,8,6049.496,1,0.006618881,0
328,12,6049.643,1,0.006890316,0
209,13,6049.668,1,0.006434172,0
159,18,6049.836,1,0.010562103,0
199,19,6049.873,1,0.007164020,0
193,23,6050.013,1,0.010667295,0
102,24,6050.076,1,0.044374179,0
67,29,6050.236,1,0.041033041,0
133,30,6050.268,1,0.045092937,0
72,32,6050.345,1,0.042223457,0
255,34,6050.401,1,0.010743339,0
158,36,6050.497,1,0.048627067,0
287,37,6050.521,1,0.010508778,0
277,38,6050.542,1,0.010599113,0
31,38,6050.547,1,0.083049908,0
76,38,6050.561,1,0.044537079,0
29,38,6050.573,1,0.096352726,0
191,39,6050.582,1,0.021018850,0
184,40,6050.618,1,0.037348781,0
264,43,6050.746,1,0.011292397,0
237,49,6050.953,1,0.020282213,0
149,53,6051.09,1,0.008697457,0
202,54,6051.108,1,0.009084002,0
71,54,6051.116,1,0.008934458,0
33,54,6051.128,1,0.008970177,0
31,55,6051.15,1,0.008408225,0
24,56,6051.178,1,0.004980105,0
238,56,6051.183,1,0.009624953,0
303,56,6051.191,1,0.007395838,0
235,60,6051.32,1,0.009415204,0
24,60,6051.336,1,0.006225941,0
92,64,6051.465,1,0.009155064,0
295,72,6051.744,1,0.008328383,0
24,86,6052.238,1,0.011082011,0
32,48,6052.279,1,0.008862931,0
217,88,6052.321,1,0.008786129,0
256,91,6052.421,1,0.853237510,0
256,92,6052.448,1,0.893371820,0
162,96,6052.595,1,0.011081687,0
163,102,6052.805,1,0.010587353,0
10,106,6052.945,1,0.010056778,0
193,108,6053.019,1,0.009268110,0
80,112,6053.163,1,0.012666583,0
328,118,6053.375,1,0.007750688,0
87,118,6053.393,1,0.012419153,0
199,120,6053.439,1,0.008373843,0
308,122,6053.515,1,0.008126626,0
195,124,6053.586,1,0.007279130,0
8,131,6053.829,1,0.008777777,0
52,134,6053.93,1,0.009863492,0
10,136,6053.999,1,0.009281338,0
285,140,6054.145,1,0.015032784,0
280,143,6054.275,1,0.018945597,0
216,151,6054.529,1,0.044108503,0
35,151,6054.553,1,0.014503757,0
59,152,6054.578,1,0.014975673,0
101,158,6054.777,1,0.015774705,0
334,165,6055.029,1,0.007413480,0
32,166,6055.066,1,0.009062725,0
328,166,6055.081,1,0.007364529,0
209,167,6055.093,1,0.008316868,0
116,168,6055.14,1,0.010509065,0
80,181,6055.618,1,0.009287192,0
99,188,6055.859,1,0.008987641,0
51,197,6056.161,1,0.008766698,0
224,203,6056.368,1,0.008290563,0
23,211,6056.656,1,0.008501373,0
168,246,6057.891,1,0.009623926,0
52,255,6058.201,1,0.013024676,0
32,48,6066.39,1,0.044719089,0
76,50,6068.604,1,0.008715792,0
254,90,6072.196,1,0.009388776,0
97,5,6079.945,1,0.009465792,0
84,21,6080.509,1,0.009692837,0
111,32,6080.903,1,0.009376583,0
108,48,6081.451,1,0.008947319,0
235,53,6081.646,1,0.010274904,0
144,54,6081.67,1,0.008882539,0
112,64,6082.025,1,0.048856907,0
112,70,6082.241,1,0.049633402,0
234,72,6082.31,1,0.044721931,0
205,86,6082.797,1,0.048401672,0
240,93,6083.063,1,0.009612948,0
53,94,6083.081,1,0.011659608,0
68,96,6083.141,1,0.012993482,0
302,107,6083.532,1,0.008418815,0
184,118,6083.927,1,0.009015153,0
98,119,6083.963,1,0.012786438,0
200,120,6084.005,1,0.008988878,0
16,121,6084.037,1,0.009409389,0
293,128,6084.271,1,0.009310039,0
296,129,6084.333,1,0.008929473,0
16,131,6084.377,1,0.006222932,0
17,132,6084.421,1,0.008065325,0
304,132,6084.43,1,0.008081432,0
168,133,6084.456,1,0.006634004,0
307,134,6084.49,1,0.008149982,0
249,134,6084.502,1,0.009294610,0
163,135,6084.525,1,0.009989746,0
9,142,6084.77,1,0.008554314,0
60,156,6085.268,1,0.009295914,0
55,157,6085.301,1,0.009028582,0
315,159,6085.362,1,0.007935096,0
259,162,6085.473,1,0.009587164,0
316,167,6085.652,1,0.007722530,0
51,172,6085.824,1,0.008881876,0
36,173,6085.856,1,0.008571700,0
295,199,6086.784,1,0.011253869,0
101,214,6087.322,1,0.008716981,0
192,224,6087.662,1,0.007392335,0
316,256,6088.806,1,0.006586691,0
176,2,6089.276,1,0.007269199,0
130,5,6089.381,1,0.009941636,0
127,5,6089.394,1,0.009936460,0
73,10,6089.557,1,0.009689177,0
232,13,6089.67,1,0.006143933,0
232,15,6089.745,1,0.006335847,0
25,20,6089.92,1,0.009230653,0
73,22,6089.978,1,0.009475064,0
29,22,6089.998,1,0.009221473,0
291,28,6090.191,1,0.010338613,0
341,30,6090.259,1,0.009677827,0
223,30,6090.267,1,0.011067056,0
56,37,6090.508,1,0.044761334,0
56,44,6090.757,1,0.047225025,0
209,55,6091.146,1,0.008620094,0
94,61,6091.364,1,0.009115828,0
91,64,6091.479,1,0.008692459,0
48,67,6091.582,1,0.008990016,0
96,68,6091.611,1,0.009312550,0
104,70,6091.674,1,0.009234430,0
46,72,6091.747,1,0.004361810,0
108,72,6091.764,1,0.009268398,0
242,75,6091.869,1,0.009963362,0
245,76,6091.884,1,0.009579692,0
234,77,6091.936,1,0.009641745,0
334,91,6092.412,1,0.007341843,0
285,102,6092.805,1,0.009598812,0
135,102,6092.815,1,0.004481825,0
182,102,6092.83,1,0.008961470,0
230,104,6092.881,1,0.009728536,0
311,108,6093.02,1,0.008201548,0
263,112,6093.156,1,0.009584162,0
6,112,6093.18,1,0.009705319,0
115,117,6093.35,1,0.009141963,0
5,118,6093.384,1,0.009829745,0
99,120,6093.44,1,0.014919120,0
115,120,6093.463,1,0.008687697,0
177,126,6093.651,1,0.008384924,0
96,126,6093.659,1,0.012494846,0
120,128,6093.723,1,0.013600247,0
124,133,6093.899,1,0.012563583,0
40,133,6093.915,1,0.009042574,0
61,141,6094.179,1,0.015228384,0
9,143,6094.276,1,0.014072456,0
184,149,6094.463,1,0.023228409,0
320,222,6097.041,1,0.007350369,0
42,224,6097.12,1,0.008510285,0
230,238,6097.599,1,0.005708194,0
191,240,6097.693,1,0.007463447,0
88,245,6097.86,1,0.008069759,0
148,248,6097.953,1,0.008560504,0
336,252,6098.107,1,0.010026375,0
224,255,6098.215,1,0.008550978,0
2,252,6109.142,1,0.008490299,0
15,4,6119.898,1,0.008853491,0
173,6,6119.977,1,0.007875410,0
282,31,6120.851,1,0.007588002,0
252,37,6121.069,1,0.007911243,0
54,43,6121.297,1,0.009134722,0
145,58,6121.8,1,0.009488805,0
145,60,6121.882,1,0.008881599,0
201,63,6121.991,1,0.009034586,0
309,64,6122.032,1,0.010513850,0
212,67,6122.132,1,0.048575036,0
156,70,6122.235,1,0.053505167,0
167,71,6122.282,1,0.052048612,0
310,72,6122.3,1,0.010737957,0
244,78,6122.528,1,0.044630285,0
83,80,6122.577,1,0.039897624,0
162,80,6122.588,1,0.056190759,0
275,83,6122.691,1,0.021844221,0
11,85,6122.755,1,0.015435578,0
4,88,6122.863,1,0.014383525,0
27,95,6123.104,1,0.010080318,0
39,99,6123.271,1,0.010214385,0
202,103,6123.401,1,0.008991570,0
152,133,6124.461,1,0.017333195,0
175,135,6124.528,1,0.004773367,0
64,145,6124.895,1,0.009888872,0
330,147,6124.95,1,0.007739690,0
168,151,6125.086,1,0.012133393,0
257,154,6125.196,1,0.010732646,0
48,154,6125.213,1,0.009299134,0
10,156,6125.262,1,0.009006344,0
52,157,6125.303,1,0.008888603,0
231,166,6125.617,1,0.009415285,0
167,167,6125.65,1,0.011317637,0
151,168,6125.697,1,0.011754345,0
27,171,6125.797,1,0.008656191,0
182,208,6125.872,1,0.008232935,0
178,178,6126.044,1,0.014292639,0
145,179,6126.078,1,0.019359628,0
166,182,6126.176,1,0.017160818,0
116,183,6126.213,1,0.014562706,0
300,186,6126.325,1,0.011529519,0
12,190,6126.472,1,0.013752943,0
299,191,6126.498,1,0.011506451,0
95,198,6126.739,1,0.013534592,0
93,200,6126.819,1,0.013620291,0
127,203,6126.938,1,0.014343089,0
121,204,6126.954,1,0.014253358,0
88,206,6127.027,1,0.008782728,0
31,214,6127.317,1,0.008145474,0
24,216,6127.382,1,0.008298792,0
265,228,6127.803,1,0.007614390,0
257,94,6128.905,0,0.546384275,0
194,4,6129.346,1,0.006318881,0
198,5,6129.394,1,0.009858650,0
208,5,6129.403,1,0.006339156,0
197,6,6129.444,1,0.008749916,0
50,8,6129.493,1,0.009345805,0
258,92,6129.598,1,0.877893150,0
88,12,6129.65,1,0.009709311,0
320,15,6129.742,1,0.006647397,0
113,18,6129.845,1,0.009645706,0
261,24,6130.079,1,0.010456245,0
258,28,6130.214,1,0.010596334,0
226,29,6130.25,1,0.010903275,0
224,34,6130.403,1,0.011715833,0
106,35,6130.441,1,0.047745205,0
288,36,6130.482,1,0.010485093,0
285,40,6130.618,1,0.010546378,0
8,52,6131.047,1,0.004794646,0
8,54,6131.107,1,0.007945737,0
44,55,6131.15,1,0.008907939,0
173,56,6131.187,1,0.008588136,0
130,60,6131.327,1,0.009132465,0
336,68,6131.617,1,0.006590377,0
154,70,6131.673,1,0.009362536,0
214,74,6131.816,1,0.008976491,0
137,87,6132.273,1,0.011219152,0
259,91,6132.41,1,0.864297390,0
256,91,6132.417,1,0.839712024,0
256,92,6132.445,1,0.862131476,0
192,92,6132.461,1,0.008850366,0
54,93,6132.499,1,0.012160978,0
142,94,6132.519,1,0.010869381,0
264,96,6132.604,1,0.009347766,0
232,97,6132.635,1,0.009777516,0
54,102,6132.81,1,0.011081154,0
169,104,6132.877,1,0.009341140,0
168,105,6132.927,1,0.028908158,0
240,108,6133.012,1,0.009710608,0
100,120,6133.451,1,0.013708650,0
97,122,6133.515,1,0.012549204,0
160,123,6133.55,1,0.005447187,0
155,134,6133.935,1,0.016517414,0
303,147,6134.39,1,0.011957757,0
154,147,6134.415,1,0.038205151,0
128,159,6134.815,1,0.023696586,0
46,167,6135.101,1,0.009475423,0
188,179,6135.518,1,0.009702550,0
345,181,6135.593,1,0.007662541,0
263,189,6135.876,1,0.008700092,0
87,200,6136.264,1,0.008760025,0
212,213,6136.73,1,0.004658828,0
207,227,6137.218,1,0.008092489,0
282,246,6137.889,1,0.007047176,0
215,247,6137.919,1,0.005035411,0
260,93,6152.03,0,0.249257982,0
259,92,6153.897,1,0.470856279,0
103,16,6160.327,1,0.009382054,0
302,16,6160.348,1,0.006802021,0
238,47,6161.41,1,0.009839008,0
169,48,6161.457,1,0.009002021,0
256,52,6161.61,1,0.010384398,0
253,53,6161.63,1,0.010384923,0
28,55,6161.692,1,0.008815253,0
112,56,6161.738,1,0.008978107,0
93,58,6161.822,1,0.008916987,0
304,59,6161.843,1,0.007206181,0
296,60,6161.897,1,0.007342388,0
94,63,6161.991,1,0.009269300,0
209,70,6162.228,1,0.048720598,0
264,71,6162.274,1,0.020791259,0
306,72,6162.3,1,0.010957468,0
180,74,6162.363,1,0.050487589,0
309,74,6162.37,1,0.010894772,0
131,85,6162.76,1,0.055271253,0
175,86,6162.799,1,0.053872924,0
135,86,6162.817,1,0.056094654,0
32,48,6162.848,1,0.045022368,0
154,89,6162.901,1,0.058744233,0
223,90,6162.941,1,0.048650034,0
283,100,6163.293,1,0.014047234,0
159,104,6163.426,1,0.010208423,0
253,110,6163.654,1,0.009160776,0
234,112,6163.713,1,0.009392781,0
167,117,6163.895,1,0.004624678,0
162,119,6163.959,1,0.005516236,0
279,130,6164.363,1,0.009195575,0
262,135,6164.534,1,0.009437467,0
32,141,6164.743,1,0.009026188,0
311,145,6164.885,1,0.008011452,0
38,148,6164.993,1,0.008952023,0
33,150,6165.071,1,0.008924841,0
48,158,6165.334,1,0.009292349,0
117,167,6165.654,1,0.009577873,0
44,168,6165.681,1,0.009956572,0
131,172,6165.826,1,0.009443945,0
135,172,6165.844,1,0.011780179,0
40,175,6165.947,1,0.008581812,0
163,178,6166.039,1,0.018473595,0
62,179,6166.073,1,0.014480486,0
199,183,6166.223,1,0.011676962,0
159,186,6166.324,1,0.016871942,0
296,195,6166.638,1,0.011405820,0
75,205,6166.987,1,0.014190999,0
136,219,6167.483,1,0.009240950,0
87,221,6167.557,1,0.010351603,0
193,223,6167.627,1,0.007857639,0
130,229,6167.836,1,0.009063736,0
31,240,6168.219,1,0.007996693,0
27,243,6168.33,1,0.008048435,0
299,246,6168.444,1,0.006769847,0
142,248,6168.515,1,0.010158307,0
268,255,6168.754,1,0.006763537,0
219,256,6168.813,1,0.004275146,0
144,2,6169.282,1,0.010721376,0
65,7,6169.451,1,0.009393641,0
109,7,6169.468,1,0.009538563,0
296,8,6169.495,1,0.006945601,0
57,12,6169.629,1,0.009456140,0
136,14,6169.697,1,0.009786593,0
217,16,6169.767,1,0.006749706,0
135,16,6169.782,1,0.009689515,0
222,21,6169.954,1,0.006796679,0
168,21,6169.973,1,0.010662733,0
56,22,6169.989,1,0.009385170,0
31,23,6170.016,1,0.037926748,0
24,24,6170.055,1,0.039133705,0
136,24,6170.079,1,0.044638246,0
106,27,6170.157,1,0.044590283,0
304,28,6170.204,1,0.010230345,0
167,30,6170.274,1,0.032189950,0
31,32,6170.337,1,0.044009097,0
190,36,6170.473,1,0.017726399,0
108,38,6170.545,1,0.049342651,0
101,39,6170.584,1,0.049420115,0
273,40,6170.619,1,0.010678765,0
80,44,6170.756,1,0.047030706,0
248,45,6170.808,1,0.012503969,0
271,54,6171.115,1,0.008786008,0
3,58,6171.252,1,0.005845658,0
220,59,6171.293,1,0.009022986,0
150,59,6171.302,1,0.009074338,0
222,63,6171.422,1,0.008893481,0
145,63,6171.431,1,0.009103553,0
132,64,6171.461,1,0.006888330,0
133,64,6171.467,1,0.009093287,0
192,69,6171.637,1,0.009164811,0
84,71,6171.729,1,0.009047928,0
58,76,6171.898,1,0.009165906,0
128,76,6171.913,1,0.009439161,0
132,78,6171.957,1,0.009559544,0
176,80,6172.037,1,0.009413145,0
178,81,6172.063,1,0.009445734,0
181,83,6172.133,1,0.009487913,0
116,85,6172.2,1,0.011212775,0
93,88,6172.308,1,0.007484179,0
113,88,6172.329,1,0.004628360,0
43,93,6172.495,1,0.011108485,0
115,95,6172.562,1,0.005368414,0
48,97,6172.632,1,0.011496601,0
315,109,6173.054,1,0.008218776,0
56,120,6173.437,1,0.010609624,0
63,122,6173.522,1,0.010284724,0
278,124,6173.584,1,0.010793606,0
200,143,6174.259,1,0.043581944,0
143,180,6175.572,1,0.009842065,0
247,183,6175.659,1,0.009644760,0
15,207,6176.51,1,0.008611346,0
178,213,6176.718,1,0.009212381,0
180,216,6176.826,1,0.009062931,0
119,244,6177.812,1,0.008837721,0
108,15,6200.305,1,0.009818919,0
24,21,6200.514,1,0.009103240,0
8,37,6201.064,1,0.008865240,0
119,37,6201.081,1,0.009044407,0
116,39,6201.15,1,0.009900738,0
208,55,6201.704,1,0.009198789,0
279,64,6202.019,1,0.012323581,0
320,71,6202.268,1,0.010360532,0
0,71,6202.278,1,0.015002679,0
95,77,6202.472,1,0.047764298,0
188,77,6202.485,1,0.050480176,0
100,78,6202.509,1,0.049802203,0
257,93,6203.048,1,0.830430090,0
250,94,6203.074,1,0.009367366,0
125,102,6203.361,1,0.005226605,0
295,104,6203.422,1,0.008746807,0
301,109,6203.608,1,0.008567795,0
213,110,6203.644,1,0.009005084,0
293,116,6203.85,1,0.009064833,0
44,117,6203.885,1,0.009919518,0
101,125,6204.17,1,0.012223593,0
252,125,6204.185,1,0.010183140,0
152,126,6204.201,1,0.012312407,0
116,127,6204.241,1,0.013405683,0
255,127,6204.259,1,0.009236040,0
214,131,6204.394,1,0.009877263,0
76,135,6204.535,1,0.010274769,0
287,142,6204.786,1,0.009595495,0
211,143,6204.801,1,0.009436615,0
176,151,6205.092,1,0.011062745,0
335,156,6205.275,1,0.007761267,0
270,159,6205.37,1,0.010087552,0
83,160,6205.405,1,0.009493925,0
319,167,6205.661,1,0.007860461,0
147,168,6205.686,1,0.011341255,0
22,168,6205.702,1,0.009033140,0
311,174,6205.914,1,0.008104202,0
327,176,6205.989,1,0.007639698,0
187,178,6206.037,1,0.011991820,0
1,179,6206.081,1,0.013734962,0
152,192,6206.533,1,0.016797394,0
281,216,6207.397,1,0.007876341,0
108,219,6207.5,1,0.008852344,0
323,224,6207.653,1,0.007457445,0
223,8,6209.486,1,0.006695720,0
276,8,6209.5,1,0.006698921,0
56,14,6209.7,1,0.009404514,0
61,15,6209.745,1,0.009133971,0
46,21,6209.95,1,0.009295612,0
92,22,6210.004,1,0.043313868,0
29,23,6210.013,1,0.038018826,0
201,30,6210.265,1,0.011290915,0
223,32,6210.33,1,0.011394056,0
40,36,6210.481,1,0.045673698,0
294,36,6210.491,1,0.010412548,0
78,38,6210.558,1,0.044371009,0
231,44,6210.766,1,0.014982942,0
71,48,6210.897,1,0.047040723,0
287,48,6210.911,1,0.010639508,0
56,51,6211.007,1,0.009019861,0
231,54,6211.108,1,0.009226240,0
327,54,6211.129,1,0.007028884,0
159,69,6211.647,1,0.009073556,0
10,72,6211.75,1,0.011534362,0
33,84,6212.17,1,0.011582903,0
111,84,6212.192,1,0.009596782,0
46,87,6212.289,1,0.012238168,0
147,88,6212.329,1,0.010823924,0
264,91,6212.432,1,0.035853203,0
255,92,6212.45,1,0.246920079,0
221,94,6212.519,1,0.008865269,0
120,94,6212.543,1,0.010139510,0
248,96,6212.601,1,0.009632251,0
0,98,6212.661,1,0.009698570,0
282,101,6212.763,1,0.009074410,0
320,103,6212.837,1,0.007966949,0
282,104,6212.892,1,0.009505711,0
246,108,6213.013,1,0.009777864,0
284,108,6213.043,1,0.006261898,0
284,109,6213.077,1,0.013052688,0
284,111,6213.129,1,0.004864385,0
134,112,6213.155,1,0.006683996,0
285,112,6213.169,1,0.007348619,0
129,117,6213.341,1,0.015565319,0
238,118,6213.366,1,0.009723438,0
288,118,6213.37,1,0.009688207,0
122,126,6213.672,1,0.014797840,0
184,128,6213.729,1,0.009110967,0
156,151,6214.532,1,0.033706628,0
47,162,6214.923,1,0.014604282,0
30,171,6215.236,1,0.008765679,0
246,179,6215.515,1,0.009849126,0
247,191,6215.939,1,0.009171772,0
64,207,6216.507,1,0.009978793,0
201,212,6216.689,1,0.007888263,0
238,213,6216.73,1,0.008386419,0
200,224,6217.11,1,0.007761229,0
143,228,6217.271,1,0.007441223,0
143,230,6217.339,1,0.007360176,0
311,231,6217.352,1,0.007784626,0
18,254,6218.171,1,0.012669499,0
258,95,6222.904,0,0.647032142,0
261,95,6223.056,0,0.851224422,0
260,95,6234.373,0,0.645437121,0
160,199,6237.29,1,0.010083792,0
8,8,6240.041,1,0.008973408,0
235,15,6240.296,1,0.006681629,0
148,17,6240.374,1,0.009610492,0
144,18,6240.395,1,0.009463325,0
189,30,6240.837,1,0.008705304,0
181,32,6240.895,1,0.009723112,0
85,47,6241.412,1,0.008629480,0
87,47,6241.428,1,0.008471373,0
39,48,6241.46,1,0.009344829,0
73,51,6241.552,1,0.008844850,0
78,54,6241.687,1,0.009202185,0
158,56,6241.743,1,0.009421797,0
156,59,6241.861,1,0.009823008,0
304,60,6241.877,1,0.007828897,0
305,62,6241.953,1,0.008097474,0
249,64,6242.042,1,0.028675200,0
47,72,6242.303,1,0.031539831,0
204,80,6242.575,1,0.048844963,0
259,83,6242.712,1,0.034288380,0
259,93,6243.048,1,0.957252443,1
339,100,6243.288,1,0.007255022,0
204,103,6243.394,1,0.009112017,0
132,105,6243.465,1,0.005690896,0
268,112,6243.729,1,0.016848421,0
92,114,6243.775,1,0.012905388,0
40,118,6243.917,1,0.009919442,0
255,119,6243.958,1,0.009690188,0
67,133,6244.452,1,0.009727079,0
311,135,6244.526,1,0.008196608,0
39,136,6244.554,1,0.009001156,0
300,140,6244.698,1,0.008864000,0
202,141,6244.756,1,0.009350177,0
231,148,6244.992,1,0.009274404,0
43,153,6245.158,1,0.008925118,0
315,159,6245.371,1,0.008134818,0
136,162,6245.489,1,0.011746050,0
165,164,6245.545,1,0.011812353,0
329,168,6245.689,1,0.007804400,0
143,168,6245.705,1,0.011318027,0
137,169,6245.722,1,0.010546503,0
35,170,6245.754,1,0.009211007,0
320,179,6246.089,1,0.010944743,0
136,182,6246.183,1,0.015909392,0
336,190,6246.478,1,0.010700030,0
200,208,6247.094,1,0.008163453,0
39,231,6247.905,1,0.009887052,0
154,231,6247.93,1,0.010795637,0
57,252,6248.66,1,0.008068095,0
105,6,6249.42,1,0.009681410,0
238,7,6249.457,1,0.006524523,0
176,8,6249.49,1,0.007500650,0
119,8,6249.498,1,0.009719302,0
162,12,6249.629,1,0.008306173,0
240,12,6249.638,1,0.006840023,0
165,15,6249.736,1,0.008406834,0
280,16,6249.77,1,0.006846627,0
243,16,6249.794,1,0.007370387,0
327,16,6249.794,1,0.007368594,0
281,19,6249.893,1,0.007482475,0
45,22,6249.99,1,0.009461144,0
160,23,6250.015,1,0.026458822,0
215,24,6250.049,1,0.010543671,0
175,27,6250.168,1,0.015718000,0
202,29,6250.234,1,0.011130434,0
274,32,6250.332,1,0.010497587,0
209,32,6250.343,1,0.011572240,0
54,39,6250.588,1,0.045938794,0
229,39,6250.603,1,0.012673694,0
167,45,6250.793,1,0.049308799,0
301,46,6250.833,1,0.010401391,0
18,48,6250.904,1,0.036682002,0
330,67,6251.567,1,0.006688411,0
84,74,6251.815,1,0.009088231,0
262,79,6251.998,1,0.009883547,0
206,80,6252.034,1,0.007168851,0
303,82,6252.105,1,0.008095258,0
24,85,6252.204,1,0.011086758,0
257,93,6252.482,1,0.958939135,1
256,96,6252.591,1,0.823287427,0
268,96,6252.601,1,0.010329742,0
298,104,6252.871,1,0.009130632,0
295,105,6252.922,1,0.008653806,0
332,108,6253.023,1,0.007420049,0
78,117,6253.342,1,0.011560296,0
293,125,6253.618,1,0.009358763,0
249,135,6253.981,1,0.009828153,0
335,136,6254.008,1,0.010586805,0
204,80,6254.013,1,0.025298068,0
318,138,6254.092,1,0.011254367,0
331,142,6254.23,1,0.010692814,0
151,151,6254.535,1,0.032682694,0
244,196,6256.123,1,0.009044749,0
26,197,6256.164,1,0.006701552,0
27,198,6256.209,1,0.007780915,0
104,213,6256.732,1,0.008969117,0
205,242,6257.745,1,0.008098000,0
72,247,6257.924,1,0.007995491,0
186,256,6258.234,1,0.012337833,0
260,94,6267.488,1,0.921095848,1
265,5,6279.947,1,0.006943457,0
226,6,6279.987,1,0.006825772,0
263,7,6280.007,1,0.007009777,0
204,11,6280.148,1,0.006513449,0
202,15,6280.287,1,0.007165247,0
243,20,6280.467,1,0.007662775,0
255,23,6280.573,1,0.007312636,0
193,31,6280.859,1,0.008500903,0
308,36,6281.04,1,0.007155448,0
248,40,6281.178,1,0.008250802,0
192,52,6281.599,1,0.009051799,0
92,53,6281.628,1,0.009236389,0
223,55,6281.698,1,0.009130946,0
131,56,6281.754,1,0.009455542,0
55,60,6281.879,1,0.009233938,0
159,65,6282.047,1,0.051533721,0
273,66,6282.107,1,0.013861803,0
220,70,6282.238,1,0.049122881,0
306,76,6282.45,1,0.011169402,0
63,79,6282.544,1,0.032026511,0
186,80,6282.578,1,0.050815199,0
207,80,6282.598,1,0.048531737,0
13,82,6282.659,1,0.015911102,0
208,82,6282.669,1,0.048357416,0
224,86,6282.807,1,0.048932206,0
160,90,6282.95,1,0.058408916,0
257,91,6282.974,1,0.036683109,0
256,93,6283.04,1,0.810129344,0
158,95,6283.11,1,0.010873052,0
335,100,6283.293,1,0.007315389,0
240,101,6283.318,1,0.009769413,0
143,102,6283.359,1,0.004793356,0
50,104,6283.439,1,0.010490403,0
239,108,6283.57,1,0.009220937,0
50,108,6283.581,1,0.008673234,0
222,120,6283.992,1,0.009343833,0
32,127,6284.246,1,0.009595934,0
157,151,6285.085,1,0.013107909,0
314,153,6285.178,1,0.008024991,0
115,166,6285.631,1,0.009993874,0
80,174,6285.896,1,0.009523286,0
131,174,6285.905,1,0.010061682,0
22,176,6285.969,1,0.009008599,0
179,180,6286.107,1,0.013610743,0
180,183,6286.239,1,0.013135104,0
119,191,6286.503,1,0.014427952,0
23,192,6286.547,1,0.013901561,0
262,95,6287.136,0,0.719131708,0
62,216,6287.379,1,0.009085406,0
59,216,6287.403,1,0.008020013,0
325,224,6287.671,1,0.007475393,0
168,240,6288.227,1,0.009589451,0
209,16,6289.774,1,0.006914559,0
211,22,6289.997,1,0.007395190,0
156,30,6290.274,1,0.044729985,0
8,31,6290.311,1,0.044414502,0
223,32,6290.33,1,0.011400316,0
239,36,6290.477,1,0.011591913,0
287,39,6290.591,1,0.010506051,0
292,40,6290.638,1,0.010457059,0
195,46,6290.827,1,0.035111010,0
256,46,6290.848,1,0.012222344,0
148,47,6290.886,1,0.048219699,0
197,48,6290.898,1,0.040719718,0
266,51,6291.005,1,0.008469359,0
62,52,6291.042,1,0.008978578,0
87,56,6291.179,1,0.008621672,0
334,61,6291.363,1,0.006620534,0
231,78,6291.956,1,0.009272016,0
343,80,6292.027,1,0.006526091,0
209,80,6292.034,1,0.008578681,0
327,80,6292.054,1,0.007452706,0
324,81,6292.06,1,0.007684946,0
338,82,6292.107,1,0.006970525,0
328,84,6292.167,1,0.007577793,0
335,86,6292.245,1,0.007244078,0
206,94,6292.524,1,0.008865223,0
291,109,6293.049,1,0.009742166,0
194,111,6293.124,1,0.009232297,0
223,112,6293.16,1,0.009557513,0
208,115,6293.272,1,0.009330622,0
314,118,6293.375,1,0.007842309,0
57,123,6293.547,1,0.009710696,0
321,135,6293.971,1,0.008014541,0
303,150,6294.495,1,0.011922934,0
128,155,6294.674,1,0.025991378,0
93,162,6294.924,1,0.015259135,0
92,168,6295.147,1,0.009418713,0
177,188,6295.835,1,0.009401086,0
95,192,6295.985,1,0.008951971,0
218,192,6295.998,1,0.007950286,0
220,194,6296.064,1,0.009098221,0
291,199,6296.227,1,0.007988875,0
74,202,6296.327,1,0.010567059,0
206,204,6296.403,1,0.009564615,0
182,208,6296.544,1,0.009767983,0
188,218,6296.899,1,0.008825462,0
259,94,6301.751,1,0.920040071,1
61,8,6305.932,1,0.009717608,0
259,96,6314.979,0,0.651728332,0
27,52,6318.659,1,0.037695214,0
97,8,6320.055,1,0.009539464,0
246,15,6320.288,1,0.007006343,0
112,24,6320.605,1,0.009599669,0
171,26,6320.677,1,0.009643566,0
18,30,6320.821,1,0.008806683,0
54,35,6320.996,1,0.009099765,0
95,36,6321.035,1,0.009267116,0
49,39,6321.151,1,0.008947856,0
16,40,6321.186,1,0.008808107,0
183,224,6321.388,1,0.008620608,0
234,47,6321.41,1,0.009945509,0
223,51,6321.556,1,0.009185054,0
39,54,6321.674,1,0.008980326,0
36,55,6321.71,1,0.009714915,0
290,57,6321.78,1,0.007655764,0
295,60,6321.879,1,0.008038897,0
199,66,6322.095,1,0.049034134,0
300,69,6322.204,1,0.011144313,0
219,70,6322.234,1,0.048986915,0
210,75,6322.427,1,0.048542537,0
316,77,6322.484,1,0.010675980,0
190,79,6322.548,1,0.050149303,0
56,80,6322.582,1,0.027176445,0
337,86,6322.799,1,0.010234976,0
254,90,6322.927,1,0.039628141,0
122,92,6323.017,1,0.010138419,0
139,93,6323.038,1,0.010737021,0
143,95,6323.108,1,0.010653456,0
268,104,6323.429,1,0.018158428,0
266,107,6323.551,1,0.007838904,0
266,109,6323.606,1,0.007731426,0
0,112,6323.708,1,0.009351078,0
216,113,6323.751,1,0.009543903,0
222,115,6323.814,1,0.009593374,0
209,120,6323.992,1,0.008963079,0
295,122,6324.084,1,0.008960755,0
70,125,6324.175,1,0.010545542,0
138,128,6324.285,1,0.016202386,0
16,142,6324.781,1,0.007540490,0
17,143,6324.806,1,0.007148479,0
14,143,6324.826,1,0.008803088,0
100,151,6325.092,1,0.009809716,0
239,152,6325.12,1,0.009142322,0
275,152,6325.13,1,0.009978637,0
280,158,6325.356,1,0.009764460,0
56,159,6325.365,1,0.008907114,0
163,168,6325.679,1,0.011562862,0
50,171,6325.807,1,0.008670668,0
330,174,6325.904,1,0.007450643,0
16,176,6325.97,1,0.009161001,0
151,217,6327.408,1,0.009627480,0
151,222,6327.591,1,0.010119201,0
178,248,6328.499,1,0.009997234,0
224,251,6328.637,1,0.003792641,0
224,255,6328.753,1,0.004673535,0
180,10,6329.555,1,0.007143323,0
11,23,6330.016,1,0.039359942,0
92,23,6330.045,1,0.042973720,0
183,26,6330.13,1,0.012124236,0
187,28,6330.192,1,0.012062470,0
199,29,6330.236,1,0.011130597,0
72,39,6330.581,1,0.044510927,0
166,39,6330.605,1,0.048703186,0
301,41,6330.658,1,0.010328562,0
107,43,6330.724,1,0.049634520,0
80,46,6330.848,1,0.047212750,0
32,53,6331.074,1,0.008841402,0
148,56,6331.195,1,0.009172972,0
98,57,6331.219,1,0.009158725,0
96,58,6331.264,1,0.009765442,0
14,62,6331.39,1,0.004886465,0
63,85,6332.206,1,0.004951589,0
223,32,6332.25,1,0.007936443,0
185,93,6332.506,1,0.008652525,0
151,50,6332.738,1,0.008515665,0
333,104,6332.881,1,0.007312976,0
52,107,6332.993,1,0.011316117,0
336,108,6333.014,1,0.007603131,0
26,108,6333.035,1,0.010246010,0
177,110,6333.084,1,0.009038327,0
24,111,6333.127,1,0.009749506,0
107,112,6333.178,1,0.015352563,0
235,115,6333.265,1,0.010027094,0
69,117,6333.331,1,0.010895235,0
316,127,6333.692,1,0.007945207,0
33,139,6334.113,1,0.014562331,0
40,140,6334.166,1,0.014733304,0
339,142,6334.228,1,0.010517056,0
146,152,6334.573,1,0.031147853,0
146,160,6334.846,1,0.026146704,0
77,161,6334.887,1,0.015021775,0
329,162,6334.924,1,0.010718221,0
73,166,6335.086,1,0.008981616,0
66,169,6335.178,1,0.009198911,0
138,190,6335.915,1,0.009258202,0
311,218,6336.909,1,0.007420312,0
303,223,6337.084,1,0.007496455,0
65,232,6337.417,1,0.008603306,0
311,240,6337.697,1,0.007245251,0
36,244,6337.814,1,0.008356070,0
135,4,6359.911,1,0.008910044,0
52,6,6359.992,1,0.009317713,0
176,21,6360.504,1,0.008564094,0
181,22,6360.538,1,0.008254178,0
313,22,6360.548,1,0.006608984,0
311,24,6360.61,1,0.006575886,0
191,24,6360.619,1,0.007741822,0
129,30,6360.838,1,0.009508247,0
42,39,6361.156,1,0.009183305,0
61,40,6361.17,1,0.009370481,0
304,44,6361.315,1,0.007376195,0
328,45,6361.35,1,0.006841904,0
300,46,6361.385,1,0.007489366,0
238,47,6361.417,1,0.010473177,0
146,48,6361.455,1,0.009042928,0
150,50,6361.527,1,0.008969981,0
7,56,6361.737,1,0.020490427,0
6,57,6361.775,1,0.015663920,0
239,58,6361.809,1,0.009699188,0
119,63,6361.988,1,0.009063500,0
241,64,6362.015,1,0.039931849,0
2,64,6362.03,1,0.015761843,0
138,65,6362.071,1,0.049975779,0
143,66,6362.094,1,0.050517231,0
213,72,6362.299,1,0.048314687,0
231,72,6362.305,1,0.046552852,0
7,78,6362.506,1,0.015511832,0
201,78,6362.525,1,0.048769839,0
143,85,6362.752,1,0.056103088,0
151,86,6362.793,1,0.057701372,0
39,86,6362.818,1,0.018063566,0
199,88,6362.878,1,0.048776269,0
116,89,6362.898,1,0.052982949,0
259,95,6362.912,1,0.034784682,0
161,95,6363.107,1,0.010308306,0
198,96,6363.141,1,0.009017513,0
125,96,6363.146,1,0.010070255,0
250,96,6363.156,1,0.009421241,0
340,100,6363.294,1,0.007207447,0
168,101,6363.337,1,0.009603010,0
156,103,6363.408,1,0.010425346,0
164,104,6363.429,1,0.009877482,0
312,108,6363.576,1,0.008267542,0
232,108,6363.587,1,0.009493082,0
63,110,6363.635,1,0.011069665,0
137,111,6363.676,1,0.006359411,0
102,113,6363.751,1,0.014892093,0
194,117,6363.887,1,0.009068191,0
7,117,6363.902,1,0.010511346,0
68,119,6363.962,1,0.010784482,0
108,120,6364.002,1,0.013929114,0
331,123,6364.114,1,0.007543114,0
97,125,6364.164,1,0.012225321,0
263,96,6364.328,0,0.784381270,0
54,133,6364.45,1,0.009701094,0
230,135,6364.518,1,0.009902448,0
138,135,6364.529,1,0.014720934,0
143,140,6364.692,1,0.013389850,0
227,144,6364.834,1,0.009536481,0
272,144,6364.849,1,0.010523896,0
93,145,6364.884,1,0.009818325,0
278,147,6364.95,1,0.010047254,0
287,148,6364.997,1,0.009626721,0
288,150,6365.049,1,0.010156265,0
231,151,6365.084,1,0.021264177,0
40,151,6365.084,1,0.009021115,0
45,152,6365.117,1,0.008165017,0
230,152,6365.139,1,0.008859531,0
46,154,6365.187,1,0.009931710,0
135,155,6365.241,1,0.011888902,0
45,156,6365.259,1,0.006911182,0
114,158,6365.338,1,0.010270769,0
224,160,6365.416,1,0.009661476,0
205,163,6365.513,1,0.008082770,0
47,165,6365.578,1,0.008840091,0
94,165,6365.589,1,0.009300816,0
88,166,6365.609,1,0.009545572,0
305,166,6365.618,1,0.008531139,0
56,167,6365.665,1,0.008780034,0
200,168,6365.709,1,0.004042305,0
312,169,6365.727,1,0.008014984,0
315,174,6365.906,1,0.008171268,0
62,184,6366.256,1,0.014405649,0
140,185,6366.309,1,0.012362923,0
137,188,6366.391,1,0.010248195,0
200,194,6366.627,1,0.011087443,0
87,198,6366.754,1,0.014409541,0
53,199,6366.783,1,0.014099673,0
104,200,6366.811,1,0.014240876,0
155,211,6367.215,1,0.010274099,0
131,213,6367.269,1,0.010328046,0
129,214,6367.305,1,0.009447216,0
109,216,6367.38,1,0.008434785,0
183,224,6367.653,1,0.007816895,0
288,227,6367.768,1,0.007386595,0
304,237,6368.127,1,0.007330300,0
12,238,6368.149,1,0.008596939,0
344,254,6368.711,1,0.006906539,0
132,258,6368.853,1,0.009313563,0
54,4,6369.356,1,0.009692037,0
48,7,6369.467,1,0.009578126,0
238,8,6369.486,1,0.006940324,0
307,15,6369.735,1,0.007046542,0
271,15,6369.743,1,0.007196449,0
54,15,6369.743,1,0.009304837,0
181,19,6369.874,1,0.008120088,0
86,21,6369.952,1,0.005370609,0
86,22,6369.98,1,0.012334061,0
224,23,6370.027,1,0.010402029,0
296,24,6370.057,1,0.011627090,0
303,24,6370.076,1,0.010172557,0
298,26,6370.138,1,0.007383354,0
223,28,6370.209,1,0.010805582,0
55,29,6370.225,1,0.039851073,0
23,30,6370.262,1,0.042878825,0
79,31,6370.3,1,0.042025350,0
28,31,6370.307,1,0.043180536,0
59,32,6370.331,1,0.040939365,0
239,32,6370.335,1,0.011101453,0
152,34,6370.408,1,0.047074370,0
64,35,6370.441,1,0.042496476,0
295,35,6370.459,1,0.010381332,0
40,39,6370.599,1,0.047169171,0
231,40,6370.613,1,0.012908765,0
178,40,6370.635,1,0.047920711,0
166,42,6370.683,1,0.049748279,0
198,42,6370.687,1,0.025542537,0
327,43,6370.721,1,0.009924946,0
329,44,6370.762,1,0.009911737,0
292,45,6370.794,1,0.010542980,0
195,45,6370.805,1,0.022183251,0
308,47,6370.874,1,0.010287087,0
185,48,6370.897,1,0.049691685,0
117,50,6370.969,1,0.048339281,0
74,53,6371.09,1,0.008886742,0
8,54,6371.105,1,0.008361576,0
7,54,6371.109,1,0.005472299,0
141,56,6371.18,1,0.008730615,0
59,56,6371.184,1,0.008692616,0
107,56,6371.194,1,0.008567038,0
177,56,6371.207,1,0.008598544,0
184,58,6371.25,1,0.009068328,0
175,62,6371.395,1,0.008892754,0
142,62,6371.395,1,0.009201872,0
62,64,6371.474,1,0.008857504,0
59,70,6371.677,1,0.008431443,0
258,70,6371.702,1,0.009833384,0
15,75,6371.85,1,0.011584179,0
34,80,6372.034,1,0.012670984,0
104,80,6372.046,1,0.009255565,0
63,86,6372.243,1,0.005029588,0
68,87,6372.277,1,0.005111369,0
155,90,6372.386,1,0.010885208,0
89,92,6372.458,1,0.005033785,0
231,102,6372.808,1,0.009379365,0
220,108,6373.025,1,0.010003583,0
263,118,6373.369,1,0.011638335,0
182,120,6373.438,1,0.008790772,0
166,127,6373.693,1,0.005268253,0
9,132,6373.859,1,0.009191001,0
103,139,6374.114,1,0.024336582,0
101,152,6374.568,1,0.018324921,0
318,160,6374.846,1,0.011152565,0
133,167,6375.101,1,0.011434201,0
279,176,6375.417,1,0.009283521,0
48,181,6375.592,1,0.009343833,0
190,186,6375.763,1,0.008712014,0
260,211,6376.67,1,0.008300142,0
288,216,6376.841,1,0.007732976,0
39,230,6377.333,1,0.008865914,0
39,257,6378.271,1,0.012863390,0
223,1,6399.796,1,0.006413704,0
12,2,6399.844,1,0.008894541,0
202,4,6399.92,1,0.006706178,0
55,7,6400.007,1,0.009439998,0
45,12,6400.185,1,0.008963922,0
245,18,6400.407,1,0.007031621,0
48,20,6400.469,1,0.010905876,0
47,21,6400.514,1,0.009201785,0
74,31,6400.851,1,0.009228499,0
292,32,6400.904,1,0.007317023,0
320,34,6400.969,1,0.006924672,0
6,250,6401.0,1,0.008198046,0
88,37,6401.074,1,0.009235783,0
48,40,6401.173,1,0.009095147,0
252,43,6401.287,1,0.008357564,0
248,44,6401.319,1,0.009026492,0
213,55,6401.702,1,0.009153706,0
216,56,6401.736,1,0.007027218,0
218,58,6401.801,1,0.007413277,0
221,59,6401.837,1,0.008893196,0
175,63,6401.995,1,0.008980114,0
160,64,6402.021,1,0.050878886,0
168,68,6402.163,1,0.050714914,0
258,80,6402.585,1,0.035076287,0
203,88,6402.87,1,0.048362292,0
259,96,6403.12,1,0.937944293,1
238,95,6403.126,1,0.009546261,0
256,102,6403.358,1,0.010143574,0
127,102,6403.371,1,0.010305484,0
126,103,6403.393,1,0.012697230,0
134,104,6403.425,1,0.005953860,0
130,107,6403.528,1,0.020350356,0
105,110,6403.65,1,0.015410583,0
261,97,6403.693,0,0.867005646,0
307,114,6403.781,1,0.008393858,0
141,114,6403.805,1,0.006435126,0
143,119,6403.961,1,0.017774751,0
238,126,6404.198,1,0.009659354,0
213,126,6404.215,1,0.009260468,0
57,142,6404.763,1,0.009245775,0
156,143,6404.802,1,0.014722131,0
175,147,6404.96,1,0.008049405,0
283,150,6405.049,1,0.010111322,0
343,155,6405.236,1,0.007379345,0
263,96,6405.579,0,0.852105439,0
241,171,6405.807,1,0.010163765,0
152,187,6406.366,1,0.017182980,0
24,224,6407.66,1,0.008322222,0
338,4,6409.355,1,0.006781573,0
147,6,6409.414,1,0.011018891,0
202,7,6409.451,1,0.006348471,0
43,7,6409.462,1,0.008954024,0
262,8,6409.501,1,0.006757402,0
255,10,6409.56,1,0.007677570,0
150,14,6409.701,1,0.011878470,0
225,14,6409.707,1,0.007353922,0
246,16,6409.791,1,0.007207539,0
241,17,6409.802,1,0.006535972,0
239,19,6409.872,1,0.007313072,0
274,19,6409.891,1,0.006925413,0
320,22,6409.977,1,0.006939542,0
236,22,6410.003,1,0.010388225,0
136,26,6410.149,1,0.044660803,0
244,28,6410.189,1,0.009506012,0
300,28,6410.196,1,0.010261965,0
216,29,6410.237,1,0.011006125,0
248,32,6410.332,1,0.009369654,0
225,37,6410.508,1,0.012281289,0
240,37,6410.519,1,0.011667095,0
224,39,6410.577,1,0.012946642,0
250,40,6410.617,1,0.011601151,0
167,42,6410.701,1,0.049630683,0
10,48,6410.926,1,0.031190487,0
325,50,6410.97,1,0.010010646,0
36,50,6410.977,1,0.045883339,0
93,58,6411.249,1,0.008626742,0
42,58,6411.255,1,0.008786386,0
94,60,6411.331,1,0.008898347,0
192,63,6411.425,1,0.009059441,0
32,68,6411.606,1,0.003927475,0
180,74,6411.812,1,0.009385858,0
126,76,6411.887,1,0.009312225,0
102,79,6411.996,1,0.009130852,0
220,85,6412.206,1,0.009185088,0
52,87,6412.282,1,0.010245840,0
48,88,6412.315,1,0.006104930,0
48,91,6412.43,1,0.006621412,0
194,106,6412.959,1,0.008713349,0
308,107,6412.983,1,0.008457435,0
197,108,6413.012,1,0.008840486,0
329,113,6413.189,1,0.007638031,0
288,117,6413.339,1,0.010056593,0
286,118,6413.368,1,0.009205024,0
204,80,6413.404,1,0.008887721,0
328,120,6413.434,1,0.007520825,0
9,120,6413.452,1,0.009321027,0
96,125,6413.622,1,0.012414579,0
40,126,6413.65,1,0.009728085,0
16,126,6413.661,1,0.009601519,0
215,148,6414.424,1,0.044603489,0
262,97,6414.564,0,0.654887497,0
293,152,6414.592,1,0.012776763,0
121,159,6414.821,1,0.021292895,0
231,166,6415.071,1,0.008932638,0
76,50,6427.391,1,0.009044359,0
260,95,6439.64,1,0.923220754,1
210,4,6439.921,1,0.006351314,0
208,7,6440.009,1,0.006731761,0
130,23,6440.573,1,0.009978415,0
232,39,6441.132,1,0.008641290,0
22,39,6441.143,1,0.009070523,0
251,41,6441.202,1,0.008771079,0
118,47,6441.417,1,0.009164867,0
189,50,6441.525,1,0.009320900,0
185,55,6441.697,1,0.008885852,0
216,59,6441.857,1,0.009187419,0
332,66,6442.09,1,0.009959566,0
135,68,6442.168,1,0.050456613,0
127,69,6442.198,1,0.050350513,0
119,70,6442.231,1,0.050086107,0
184,71,6442.266,1,0.049785536,0
332,77,6442.475,1,0.010145317,0
230,82,6442.652,1,0.045376450,0
11,88,6442.862,1,0.015298436,0
282,101,6443.315,1,0.009665062,0
327,101,6443.327,1,0.007676757,0
159,108,6443.572,1,0.008020248,0
42,108,6443.592,1,0.010083549,0
200,112,6443.711,1,0.009224615,0
15,119,6443.973,1,0.009365932,0
320,122,6444.068,1,0.007894090,0
306,122,6444.081,1,0.008341145,0
200,124,6444.15,1,0.008923554,0
130,125,6444.169,1,0.017215656,0
136,136,6444.557,1,0.013892851,0
281,138,6444.626,1,0.009687310,0
340,157,6445.308,1,0.007300607,0
112,158,6445.345,1,0.010205138,0
92,159,6445.384,1,0.009357114,0
138,164,6445.54,1,0.011419578,0
32,164,6445.556,1,0.009063543,0
336,165,6445.591,1,0.007391334,0
149,166,6445.613,1,0.011422888,0
112,172,6445.84,1,0.009588821,0
125,174,6445.909,1,0.009670736,0
46,188,6446.393,1,0.014210123,0
133,192,6446.535,1,0.014909935,0
136,200,6446.66,1,0.014751487,0
344,204,6446.96,1,0.010593964,0
144,205,6446.993,1,0.015301517,0
340,206,6447.038,1,0.007363089,0
311,207,6447.071,1,0.007822470,0
306,208,6447.099,1,0.007719727,0
18,216,6447.378,1,0.008403912,0
39,224,6447.665,1,0.008088124,0
311,237,6448.115,1,0.006907864,0
303,239,6448.187,1,0.006966457,0
328,242,6448.305,1,0.006971886,0
233,250,6448.6,1,0.005176092,0
242,253,6448.706,1,0.005666511,0
133,258,6448.859,1,0.007981340,0
107,4,6449.348,1,0.009550883,0
83,8,6449.49,1,0.009519580,0
71,10,6449.557,1,0.009480308,0
325,11,6449.602,1,0.006766052,0
260,14,6449.698,1,0.006811311,0
256,15,6449.732,1,0.006737308,0
120,15,6449.742,1,0.009967431,0
107,16,6449.778,1,0.010112759,0
56,18,6449.847,1,0.009201993,0
111,19,6449.881,1,0.007941926,0
104,20,6449.912,1,0.009769534,0
111,22,6449.983,1,0.007419742,0
81,23,6450.022,1,0.040841877,0
109,24,6450.049,1,0.044589981,0
294,29,6450.228,1,0.010312441,0
153,31,6450.296,1,0.044741515,0
52,33,6450.365,1,0.041840505,0
255,47,6450.861,1,0.012523886,0
197,47,6450.889,1,0.037231036,0
313,56,6451.182,1,0.007088927,0
224,63,6451.428,1,0.009116858,0
32,48,6451.789,1,0.008866024,0
65,79,6451.993,1,0.009174745,0
262,86,6452.237,1,0.008980156,0
87,89,6452.349,1,0.004270756,0
261,95,6452.554,1,0.944476306,1
246,103,6452.84,1,0.009662502,0
177,104,6452.871,1,0.008816745,0
99,116,6453.305,1,0.013566819,0
246,148,6454.426,1,0.034914307,0
312,156,6454.718,1,0.011454679,0
182,158,6454.777,1,0.016380208,0
15,175,6455.402,1,0.010042907,0
256,190,6455.904,1,0.008811384,0
40,246,6457.898,1,0.009427606,0
215,253,6458.145,1,0.011066152,0
19,254,6458.181,1,0.012693747,0
167,257,6458.291,1,0.014384505,0
262,98,6460.374,0,0.961051822,1
261,96,6460.713,1,0.791397989,0
263,98,6462.631,0,0.945185900,1
344,5,6479.94,1,0.006633306,0
136,7,6480.012,1,0.011838943,0
192,8,6480.046,1,0.006492165,0
304,16,6480.326,1,0.006851505,0
56,20,6480.464,1,0.009013381,0
152,20,6480.474,1,0.009201298,0
200,24,6480.609,1,0.007187973,0
61,32,6480.893,1,0.008784937,0
75,36,6481.027,1,0.009138193,0
72,46,6481.377,1,0.009028642,0
50,48,6481.456,1,0.008911367,0
234,54,6481.675,1,0.010732120,0
53,55,6481.704,1,0.008973424,0
166,63,6481.984,1,0.009227557,0
185,70,6482.23,1,0.049644735,0
96,72,6482.301,1,0.048866898,0
306,75,6482.407,1,0.011129552,0
167,78,6482.517,1,0.053218942,0
89,79,6482.544,1,0.044000082,0
204,80,6482.574,1,0.048758999,0
6,80,6482.585,1,0.015373958,0
100,84,6482.728,1,0.046370037,0
103,85,6482.782,1,0.047305781,0
16,95,6483.115,1,0.009977662,0
259,96,6483.14,1,0.967978954,1
18,96,6483.14,1,0.009694243,0
178,96,6483.156,1,0.010121197,0
176,96,6483.167,1,0.012019910,0
258,97,6483.174,1,0.959573865,1
190,98,6483.232,1,0.008353791,0
190,100,6483.296,1,0.007476486,0
188,102,6483.353,1,0.007196169,0
179,102,6483.365,1,0.009001731,0
18,103,6483.386,1,0.009812430,0
268,103,6483.395,1,0.009698726,0
68,103,6483.408,1,0.012480551,0
178,104,6483.428,1,0.009493431,0
16,107,6483.547,1,0.009790638,0
291,109,6483.6,1,0.009394010,0
112,111,6483.682,1,0.015352316,0
279,112,6483.706,1,0.008870491,0
87,115,6483.819,1,0.012394169,0
335,120,6483.989,1,0.007383125,0
175,127,6484.25,1,0.005627537,0
268,128,6484.292,1,0.009725918,0
212,131,6484.385,1,0.009834223,0
2,133,6484.445,1,0.009075521,0
331,134,6484.482,1,0.007248295,0
321,134,6484.487,1,0.007658095,0
6,134,6484.499,1,0.010235962,0
208,136,6484.557,1,0.009387392,0
220,143,6484.799,1,0.010060325,0
80,148,6484.985,1,0.010021033,0
214,151,6485.093,1,0.009596736,0
45,152,6485.114,1,0.009124059,0
317,156,6485.269,1,0.008035072,0
190,157,6485.311,1,0.004263037,0
182,159,6485.376,1,0.009793592,0
175,159,6485.393,1,0.011316117,0
54,160,6485.417,1,0.009286614,0
267,162,6485.491,1,0.010216772,0
48,164,6485.545,1,0.010161238,0
34,166,6485.641,1,0.008888314,0
280,167,6485.655,1,0.009633898,0
37,167,6485.665,1,0.008936260,0
168,168,6485.678,1,0.011537194,0
282,168,6485.683,1,0.009787457,0
175,170,6485.755,1,0.009855932,0
10,136,6486.058,1,0.014363759,0
32,182,6486.181,1,0.014176150,0
89,184,6486.25,1,0.014678414,0
103,184,6486.251,1,0.014539397,0
112,190,6486.466,1,0.014406292,0
203,191,6486.489,1,0.011504369,0
44,192,6486.543,1,0.014131824,0
67,200,6486.817,1,0.008442006,0
67,203,6486.927,1,0.009715585,0
69,204,6486.966,1,0.014167543,0
162,204,6486.98,1,0.015304278,0
72,206,6487.018,1,0.009166928,0
304,214,6487.314,1,0.007548052,0
107,216,6487.393,1,0.008854495,0
223,218,6487.448,1,0.007188344,0
183,224,6487.455,1,0.008668865,0
335,3,6489.32,1,0.006764821,0
293,6,6489.426,1,0.007380479,0
10,7,6489.46,1,0.009045381,0
16,8,6489.484,1,0.009132193,0
199,8,6489.491,1,0.007245519,0
232,8,6489.503,1,0.006770883,0
85,10,6489.584,1,0.009697562,0
81,12,6489.632,1,0.009724626,0
197,12,6489.644,1,0.007064417,0
156,14,6489.7,1,0.011503838,0
159,14,6489.705,1,0.009742722,0
200,224,6489.732,1,0.007450055,0
264,16,6489.768,1,0.006791990,0
73,16,6489.776,1,0.009647164,0
207,18,6489.849,1,0.007610496,0
49,19,6489.873,1,0.008922808,0
98,21,6489.948,1,0.009861299,0
24,22,6489.985,1,0.009298927,0
26,24,6490.055,1,0.038346499,0
46,24,6490.074,1,0.037942942,0
104,28,6490.192,1,0.044552434,0
16,29,6490.244,1,0.042471532,0
195,30,6490.261,1,0.014406331,0
190,30,6490.267,1,0.012100540,0
197,30,6490.285,1,0.027889268,0
218,32,6490.347,1,0.011464213,0
239,35,6490.445,1,0.011466942,0
156,39,6490.58,1,0.049827836,0
298,39,6490.588,1,0.010365006,0
315,41,6490.673,1,0.010078011,0
255,42,6490.703,1,0.011704305,0
109,43,6490.725,1,0.049682021,0
174,46,6490.827,1,0.049826823,0
183,47,6490.873,1,0.049845554,0
149,50,6490.967,1,0.048578911,0
17,52,6491.039,1,0.008588973,0
332,53,6491.08,1,0.007532109,0
247,53,6491.08,1,0.009818283,0
304,54,6491.11,1,0.007092616,0
334,55,6491.148,1,0.005024872,0
93,56,6491.187,1,0.008736249,0
159,60,6491.319,1,0.008829757,0
219,62,6491.391,1,0.008882435,0
338,63,6491.428,1,0.006543878,0
240,68,6491.601,1,0.009496224,0
264,98,6491.78,0,0.646458983,0
314,79,6491.994,1,0.007645090,0
288,88,6492.313,1,0.009797629,0
271,97,6492.646,1,0.021245982,0
32,48,6492.75,1,0.009079093,0
277,102,6492.815,1,0.011861809,0
157,103,6492.834,1,0.006884856,0
157,104,6492.874,1,0.016579645,0
308,105,6492.913,1,0.008647840,0
6,109,6493.045,1,0.009390043,0
258,109,6493.052,1,0.010482877,0
111,112,6493.167,1,0.014930589,0
202,118,6493.392,1,0.009091190,0
135,125,6493.614,1,0.017206833,0
71,166,6495.062,1,0.008937608,0
252,198,6496.215,1,0.008851533,0
76,209,6496.583,1,0.009197921,0
207,238,6497.609,1,0.009281671,0
253,252,6498.105,1,0.008512538,0
183,224,6512.21,1,0.007654971,0
8,5,6519.938,1,0.006078752,0
9,6,6519.991,1,0.012887177,0
188,12,6520.207,1,0.006760702,0
125,16,6520.325,1,0.009682425,0
133,20,6520.467,1,0.009417343,0
167,32,6520.893,1,0.009065454,0
221,48,6521.475,1,0.012187070,0
35,50,6521.525,1,0.009406247,0
304,56,6521.75,1,0.007477463,0
313,64,6522.018,1,0.010394974,0
175,64,6522.037,1,0.049052779,0
314,68,6522.179,1,0.010472910,0
200,70,6522.232,1,0.049188841,0
113,72,6522.299,1,0.049964417,0
168,76,6522.436,1,0.052344281,0
249,76,6522.45,1,0.044278949,0
118,77,6522.47,1,0.051351335,0
268,77,6522.486,1,0.022163441,0
271,79,6522.555,1,0.021839067,0
166,80,6522.586,1,0.054003380,0
195,88,6522.888,1,0.048748139,0
287,90,6522.946,1,0.013957423,0
248,93,6523.057,1,0.009505379,0
217,96,6523.154,1,0.008980814,0
102,104,6523.435,1,0.007584463,0
124,105,6523.464,1,0.005956484,0
11,108,6523.572,1,0.009483236,0
202,117,6523.888,1,0.009043458,0
110,118,6523.922,1,0.014541154,0
265,97,6524.098,0,0.195523128,0
254,123,6524.111,1,0.009686789,0
215,127,6524.25,1,0.009602598,0
85,128,6524.275,1,0.011300033,0
167,135,6524.524,1,0.005900084,0
281,139,6524.657,1,0.009109728,0
320,141,6524.748,1,0.008091291,0
158,148,6524.993,1,0.013639080,0
60,151,6525.082,1,0.009147061,0
40,152,6525.131,1,0.009677448,0
305,154,6525.2,1,0.008777341,0
305,155,6525.228,1,0.008428525,0
194,159,6525.362,1,0.003500104,0
71,159,6525.372,1,0.009162273,0
127,163,6525.509,1,0.010259065,0
329,173,6525.882,1,0.007723974,0
81,179,6526.095,1,0.014687243,0
110,180,6526.111,1,0.014620251,0
195,184,6526.247,1,0.011505784,0
164,187,6526.367,1,0.016495097,0
134,188,6526.397,1,0.013017299,0
134,190,6526.463,1,0.012887232,0
132,191,6526.499,1,0.014938151,0
287,191,6526.512,1,0.011767769,0
284,192,6526.536,1,0.011773536,0
129,197,6526.718,1,0.014590789,0
232,200,6526.833,1,0.013456826,0
67,208,6527.096,1,0.008422685,0
237,240,6528.223,1,0.006013480,0
0,251,6528.638,1,0.008216233,0
25,254,6528.725,1,0.007846996,0
6,256,6528.792,1,0.007908515,0
271,6,6529.415,1,0.006916057,0
106,8,6529.484,1,0.009561327,0
159,10,6529.566,1,0.009194636,0
112,14,6529.698,1,0.009612656,0
40,14,6529.708,1,0.009222562,0
181,16,6529.771,1,0.005890460,0
118,16,6529.798,1,0.009672837,0
181,17,6529.81,1,0.010226353,0
184,18,6529.852,1,0.007925731,0
177,23,6530.018,1,0.012300677,0
111,23,6530.037,1,0.044593401,0
207,24,6530.05,1,0.010653145,0
209,24,6530.068,1,0.011876534,0
28,27,6530.165,1,0.039988730,0
75,28,6530.19,1,0.040701780,0
303,28,6530.209,1,0.010216304,0
160,29,6530.227,1,0.040767472,0
187,30,6530.285,1,0.012572992,0
83,32,6530.335,1,0.042423669,0
310,32,6530.351,1,0.010139922,0
17,37,6530.511,1,0.046709478,0
301,38,6530.573,1,0.009219357,0
305,39,6530.59,1,0.010235246,0
174,39,6530.606,1,0.047410388,0
301,40,6530.622,1,0.010562059,0
50,40,6530.636,1,0.046458673,0
268,44,6530.776,1,0.011325478,0
181,46,6530.835,1,0.104256444,0
182,46,6530.844,1,0.099143133,0
295,47,6530.866,1,0.010517483,0
240,48,6530.902,1,0.015465288,0
244,52,6531.045,1,0.010571940,0
148,52,6531.057,1,0.009137800,0
144,53,6531.073,1,0.009110687,0
240,53,6531.073,1,0.009214074,0
296,54,6531.11,1,0.006590765,0
268,54,6531.123,1,0.008733917,0
294,56,6531.188,1,0.007075166,0
243,56,6531.197,1,0.009180529,0
250,60,6531.321,1,0.009818608,0
254,64,6531.461,1,0.005454295,0
109,64,6531.466,1,0.008674481,0
88,64,6531.467,1,0.008915886,0
309,66,6531.533,1,0.007425360,0
88,69,6531.653,1,0.009108075,0
292,70,6531.672,1,0.008301277,0
108,70,6531.69,1,0.009136521,0
250,72,6531.744,1,0.009358670,0
77,77,6531.926,1,0.008613011,0
179,79,6531.999,1,0.009111966,0
116,80,6532.026,1,0.007845077,0
112,80,6532.055,1,0.006742271,0
6,81,6532.084,1,0.010445895,0
1,82,6532.103,1,0.009730442,0
233,92,6532.451,1,0.007440568,0
14,94,6532.518,1,0.009785036,0
233,94,6532.535,1,0.007160229,0
273,101,6532.775,1,0.011009666,0
254,102,6532.809,1,0.009464178,0
50,112,6533.16,1,0.010757863,0
74,117,6533.334,1,0.011339914,0
330,132,6533.869,1,0.006184227,0
328,134,6533.933,1,0.006502714,0
78,144,6534.307,1,0.016791685,0
44,152,6534.567,1,0.014682731,0
184,160,6534.854,1,0.015367903,0
143,160,6534.875,1,0.032682214,0
141,162,6534.931,1,0.025232514,0
142,164,6534.999,1,0.024937054,0
120,173,6535.305,1,0.010306463,0
161,175,6535.405,1,0.011089304,0
165,176,6535.424,1,0.010715663,0
89,184,6535.692,1,0.009596537,0
164,184,6535.709,1,0.010559488,0
93,190,6535.91,1,0.008929173,0
20,209,6536.598,1,0.009864847,0
163,224,6537.133,1,0.010199943,0
168,225,6537.147,1,0.009205137,0
327,238,6537.622,1,0.007931140,0
323,240,6537.681,1,0.007881690,0
297,245,6537.85,1,0.007294994,0
244,250,6538.033,1,0.008268907,0
262,96,6538.388,1,0.031647548,0
264,98,6545.202,0,0.392042309,0
115,21,6560.502,1,0.009612861,0
278,23,6560.573,1,0.007260468,0
146,24,6560.628,1,0.009476609,0
268,28,6560.741,1,0.007335330,0
27,35,6560.998,1,0.008855902,0
32,48,6561.447,1,0.009288202,0
272,48,6561.464,1,0.008248759,0
76,50,6561.515,1,0.009294887,0
328,50,6561.528,1,0.007280067,0
28,55,6561.694,1,0.009091882,0
256,62,6561.963,1,0.012285750,0
211,64,6562.023,1,0.048727572,0
212,71,6562.257,1,0.048462100,0
73,76,6562.45,1,0.040137149,0
59,80,6562.586,1,0.037048504,0
21,87,6562.842,1,0.016279882,0
342,90,6562.938,1,0.010149652,0
54,94,6563.08,1,0.012668140,0
34,95,6563.116,1,0.010691841,0
317,98,6563.227,1,0.008117603,0
113,102,6563.368,1,0.005919307,0
239,105,6563.464,1,0.008849981,0
292,108,6563.569,1,0.009574214,0
235,109,6563.609,1,0.006764696,0
47,110,6563.65,1,0.010704367,0
132,112,6563.715,1,0.007492862,0
160,116,6563.846,1,0.005276109,0
275,119,6563.956,1,0.015339939,0
72,119,6563.963,1,0.011224126,0
323,120,6564.007,1,0.007660690,0
290,127,6564.24,1,0.010171012,0
322,128,6564.292,1,0.007780930,0
158,138,6564.633,1,0.016626295,0
227,141,6564.726,1,0.009526367,0
334,142,6564.787,1,0.007647355,0
247,144,6564.841,1,0.008967688,0
265,148,6564.983,1,0.012561276,0
248,150,6565.056,1,0.009593111,0
42,151,6565.087,1,0.009009617,0
37,152,6565.117,1,0.009197987,0
146,158,6565.343,1,0.012454784,0
315,158,6565.35,1,0.008742657,0
106,160,6565.399,1,0.010434455,0
246,166,6565.617,1,0.013396945,0
212,168,6565.702,1,0.009023045,0
260,173,6565.864,1,0.010393203,0
264,174,6565.904,1,0.010991991,0
210,174,6565.922,1,0.008293649,0
72,183,6566.223,1,0.014528981,0
327,184,6566.243,1,0.010793631,0
11,192,6566.534,1,0.013743496,0
83,192,6566.556,1,0.014482671,0
15,193,6566.566,1,0.013795865,0
284,196,6566.673,1,0.011624378,0
24,197,6566.707,1,0.013829842,0
92,197,6566.714,1,0.014402156,0
32,199,6566.782,1,0.013880366,0
224,206,6567.029,1,0.007948124,0
38,212,6567.251,1,0.008732067,0
112,222,6567.603,1,0.009008242,0
162,225,6567.716,1,0.010101289,0
228,230,6567.873,1,0.006197658,0
142,236,6568.087,1,0.009038719,0
216,1,6569.244,1,0.006250301,0
132,4,6569.345,1,0.008257029,0
134,4,6569.354,1,0.008786852,0
15,6,6569.418,1,0.009179198,0
277,8,6569.488,1,0.007508719,0
252,8,6569.513,1,0.007248593,0
256,12,6569.628,1,0.005543055,0
87,12,6569.633,1,0.009935429,0
254,12,6569.643,1,0.006762467,0
151,13,6569.666,1,0.009913529,0
28,16,6569.768,1,0.009316704,0
188,20,6569.909,1,0.007511164,0
143,23,6570.037,1,0.044611458,0
277,24,6570.05,1,0.010294037,0
95,30,6570.263,1,0.041547209,0
240,31,6570.298,1,0.010934610,0
190,32,6570.347,1,0.012726590,0
186,35,6570.441,1,0.020859789,0
192,39,6570.585,1,0.021677509,0
169,40,6570.618,1,0.048809540,0
206,40,6570.629,1,0.013967592,0
167,41,6570.658,1,0.049438369,0
120,47,6570.871,1,0.048890829,0
212,48,6570.91,1,0.026632920,0
112,49,6570.952,1,0.048660610,0
117,51,6571.001,1,0.006970031,0
214,51,6571.011,1,0.009163736,0
118,52,6571.038,1,0.021762393,0
106,56,6571.178,1,0.008711438,0
103,58,6571.257,1,0.008575786,0
219,60,6571.325,1,0.008738739,0
104,61,6571.366,1,0.008886503,0
110,63,6571.435,1,0.008921902,0
277,70,6571.68,1,0.008941270,0
334,74,6571.822,1,0.006602261,0
329,74,6571.822,1,0.006945338,0
71,84,6572.169,1,0.004052889,0
215,88,6572.306,1,0.008676195,0
192,88,6572.321,1,0.008821680,0
250,90,6572.4,1,0.009691694,0
131,98,6572.663,1,0.010318127,0
311,98,6572.687,1,0.008086433,0
287,107,6572.983,1,0.009475973,0
68,112,6573.153,1,0.011603486,0
109,116,6573.299,1,0.015179729,0
70,117,6573.331,1,0.011244057,0
31,125,6573.619,1,0.009314614,0
264,126,6573.65,1,0.009898788,0
150,134,6573.932,1,0.016026312,0
312,139,6574.128,1,0.011613639,0
131,142,6574.228,1,0.034963779,0
12,142,6574.242,1,0.014155979,0
186,148,6574.423,1,0.031898364,0
103,155,6574.675,1,0.017930482,0
31,158,6574.78,1,0.014417900,0
105,159,6574.813,1,0.016872790,0
230,162,6574.921,1,0.034548722,0
255,166,6575.061,1,0.009905881,0
156,168,6575.133,1,0.011456965,0
15,170,6575.206,1,0.008463035,0
81,175,6575.379,1,0.009184051,0
320,176,6575.412,1,0.007706498,0
240,188,6575.855,1,0.009969709,0
217,194,6576.062,1,0.008164284,0
143,199,6576.225,1,0.009122144,0
158,199,6576.24,1,0.010045135,0
79,206,6576.478,1,0.008484881,0
145,215,6576.788,1,0.008594172,0
24,216,6576.823,1,0.008654440,0
50,220,6576.974,1,0.008329833,0
123,231,6577.371,1,0.008383925,0
46,232,6577.392,1,0.008429291,0
23,243,6577.8,1,0.007899772,0
16,244,6577.814,1,0.006959948,0
17,244,6577.823,1,0.008482560,0
29,245,6577.849,1,0.008035399,0
31,246,6577.889,1,0.007943332,0
32,247,6577.94,1,0.007062448,0
109,252,6578.116,1,0.013411379,0
262,97,6587.182,1,0.144302994,0
345,2,6599.837,1,0.006945706,0
61,11,6600.161,1,0.009414217,0
88,13,6600.224,1,0.009805187,0
150,22,6600.552,1,0.009407309,0
70,23,6600.57,1,0.009279422,0
132,29,6600.787,1,0.009782509,0
223,32,6600.881,1,0.008082365,0
51,32,6600.906,1,0.008820667,0
147,46,6601.376,1,0.009248716,0
117,47,6601.415,1,0.008990007,0
266,99,6601.415,0,0.275970548,0
220,47,6601.421,1,0.012163424,0
183,48,6601.464,1,0.009283201,0
24,52,6601.536,1,0.008793195,0
263,98,6601.576,1,0.309018046,0
183,54,6601.663,1,0.009752590,0
119,62,6601.953,1,0.009614894,0
248,67,6602.147,1,0.035221636,0
32,48,6602.267,1,0.045998942,0
95,72,6602.3,1,0.048793364,0
263,77,6602.478,1,0.027087543,0
4,77,6602.501,1,0.015313571,0
183,79,6602.557,1,0.050699316,0
89,80,6602.584,1,0.043627638,0
87,84,6602.727,1,0.041729227,0
200,84,6602.746,1,0.048843071,0
141,88,6602.878,1,0.056758668,0
261,97,6603.186,1,0.458088189,0
261,98,6603.216,1,0.071532160,0
260,98,6603.226,1,0.037894811,0
43,106,6603.504,1,0.010019826,0
93,117,6603.9,1,0.012379352,0
159,118,6603.917,1,0.005287863,0
221,123,6604.113,1,0.009621308,0
113,132,6604.423,1,0.012503929,0
25,139,6604.665,1,0.008684528,0
259,143,6604.804,1,0.007784381,0
261,143,6604.805,1,0.008765525,0
242,143,6604.828,1,0.009902509,0
59,147,6604.965,1,0.009199542,0
167,162,6605.5,1,0.011912691,0
12,164,6605.563,1,0.008924546,0
199,174,6605.897,1,0.005187136,0
295,175,6605.94,1,0.008620986,0
77,183,6606.221,1,0.014580790,0
107,187,6606.353,1,0.014443724,0
93,192,6606.533,1,0.010530110,0
93,196,6606.68,1,0.010400572,0
139,208,6607.105,1,0.008747675,0
69,240,6608.244,1,0.008095771,0
181,4,6609.346,1,0.006905905,0
33,7,6609.451,1,0.008930810,0
70,8,6609.493,1,0.009617038,0
118,8,6609.513,1,0.009631651,0
287,14,6609.699,1,0.006916963,0
68,14,6609.721,1,0.009666459,0
67,16,6609.772,1,0.009523255,0
65,21,6609.951,1,0.009399554,0
68,24,6610.052,1,0.039649658,0
104,27,6610.164,1,0.044582218,0
189,28,6610.19,1,0.011756794,0
243,28,6610.191,1,0.010667900,0
246,30,6610.276,1,0.010713439,0
128,47,6610.871,1,0.048833542,0
16,54,6611.118,1,0.008804793,0
79,64,6611.466,1,0.008536897,0
25,70,6611.679,1,0.005203206,0
184,80,6612.052,1,0.009128370,0
95,104,6612.882,1,0.010289573,0
123,109,6613.063,1,0.006509538,0
268,110,6613.092,1,0.011329425,0
32,111,6613.123,1,0.009696715,0
183,117,6613.335,1,0.008960060,0
55,120,6613.457,1,0.010160369,0
56,122,6613.532,1,0.009840898,0
12,126,6613.659,1,0.009499302,0
342,135,6613.965,1,0.007245902,0
103,136,6614.004,1,0.025932252,0
286,175,6615.379,1,0.008729773,0
267,176,6615.41,1,0.006497476,0
267,177,6615.446,1,0.008203200,0
144,190,6615.923,1,0.010022471,0
201,197,6616.158,1,0.009066974,0
247,208,6616.562,1,0.008429386,0
42,216,6616.849,1,0.009815729,0
275,221,6617.024,1,0.008124628,0
214,224,6617.102,1,0.003990697,0
32,48,6636.865,1,0.008757496,0
203,15,6640.292,1,0.006435129,0
208,18,6640.395,1,0.006775868,0
190,19,6640.439,1,0.007251465,0
158,30,6640.818,1,0.009629027,0
68,32,6640.891,1,0.009105773,0
150,34,6640.973,1,0.009256217,0
31,36,6641.031,1,0.009143540,0
111,39,6641.137,1,0.009034842,0
282,45,6641.354,1,0.007530227,0
86,50,6641.533,1,0.008797310,0
257,53,6641.627,1,0.009827898,0
202,55,6641.71,1,0.008670877,0
176,61,6641.924,1,0.009090121,0
259,62,6641.965,1,0.009209349,0
201,63,6641.988,1,0.008930241,0
288,66,6642.099,1,0.024615193,0
287,67,6642.124,1,0.020440785,0
242,69,6642.201,1,0.044588625,0
118,69,6642.216,1,0.049857512,0
66,70,6642.235,1,0.041874778,0
98,71,6642.263,1,0.048829846,0
283,71,6642.263,1,0.008902135,0
256,77,6642.489,1,0.036257900,0
200,82,6642.655,1,0.048799090,0
54,83,6642.686,1,0.022735497,0
239,84,6642.74,1,0.044682153,0
263,97,6642.767,1,0.030643173,0
310,88,6642.866,1,0.011413082,0
271,90,6642.94,1,0.022918049,0
176,92,6643.011,1,0.009314658,0
237,93,6643.033,1,0.015709024,0
236,93,6643.048,1,0.015454453,0
127,95,6643.107,1,0.010308330,0
256,95,6643.116,1,0.009441759,0
95,96,6643.148,1,0.005446551,0
28,100,6643.308,1,0.009976305,0
8,101,6643.325,1,0.009770663,0
44,102,6643.373,1,0.010471893,0
117,105,6643.461,1,0.005929770,0
269,107,6643.534,1,0.013541885,0
256,109,6643.61,1,0.010267333,0
241,110,6643.646,1,0.006221944,0
240,111,6643.671,1,0.017826576,0
39,111,6643.689,1,0.010093369,0
309,112,6643.736,1,0.008217155,0
283,122,6644.056,1,0.010389574,0
285,124,6644.127,1,0.007472191,0
237,131,6644.397,1,0.009637807,0
254,135,6644.523,1,0.009373823,0
165,138,6644.621,1,0.009618097,0
320,139,6644.677,1,0.007784789,0
312,140,6644.709,1,0.007916304,0
231,142,6644.789,1,0.009515467,0
29,144,6644.843,1,0.008900831,0
101,147,6644.953,1,0.010057898,0
254,149,6645.017,1,0.009511612,0
99,151,6645.1,1,0.009904870,0
299,152,6645.137,1,0.009075148,0
75,156,6645.265,1,0.009406464,0
243,158,6645.328,1,0.009217492,0
260,161,6645.444,1,0.010740031,0
316,164,6645.545,1,0.007811405,0
82,164,6645.559,1,0.009339636,0
85,165,6645.599,1,0.009189022,0
160,166,6645.617,1,0.011723367,0
16,174,6645.908,1,0.008910756,0
140,175,6645.953,1,0.010079728,0
143,176,6645.969,1,0.010482125,0
259,181,6646.15,1,0.013438997,0
26,182,6646.181,1,0.014115571,0
39,184,6646.264,1,0.014216596,0
13,186,6646.325,1,0.013865466,0
146,189,6646.435,1,0.017293967,0
56,193,6646.588,1,0.014228611,0
334,196,6646.673,1,0.010722692,0
193,198,6646.748,1,0.010775032,0
3,200,6646.809,1,0.013502727,0
8,201,6646.849,1,0.013571230,0
103,204,6646.969,1,0.014185189,0
112,207,6647.065,1,0.010199302,0
221,207,6647.086,1,0.007742935,0
125,222,6647.589,1,0.009015954,0
86,228,6647.795,1,0.008768562,0
166,232,6647.947,1,0.010892342,0
179,240,6648.23,1,0.008294960,0
109,259,6648.893,1,0.008420898,0
207,4,6649.359,1,0.007010295,0
5,5,6649.384,1,0.008692512,0
207,6,6649.417,1,0.007168314,0
165,8,6649.494,1,0.007473974,0
162,11,6649.591,1,0.008660313,0
242,14,6649.701,1,0.006984005,0
287,17,6649.805,1,0.007403417,0
66,20,6649.916,1,0.009390394,0
167,21,6649.959,1,0.010297083,0
125,28,6650.193,1,0.044682276,0
290,31,6650.317,1,0.010355102,0
7,32,6650.335,1,0.044480782,0
1,36,6650.497,1,0.040893510,0
263,37,6650.525,1,0.010732069,0
29,40,6650.615,1,0.046974875,0
32,48,6650.764,1,0.046059579,0
166,48,6650.906,1,0.048903178,0
320,51,6651.029,1,0.006838701,0
210,53,6651.098,1,0.008753320,0
99,56,6651.179,1,0.008580194,0
235,56,6651.193,1,0.009093013,0
136,59,6651.289,1,0.009039485,0
247,60,6651.326,1,0.010003862,0
255,62,6651.391,1,0.010542160,0
324,62,6651.399,1,0.006698613,0
132,64,6651.463,1,0.009250537,0
240,75,6651.853,1,0.009524933,0
313,79,6652.0,1,0.007674883,0
131,83,6652.141,1,0.007821648,0
268,85,6652.205,1,0.007842918,0
272,85,6652.224,1,0.008906710,0
44,86,6652.248,1,0.012797927,0
134,86,6652.26,1,0.009829429,0
247,95,6652.568,1,0.009644746,0
15,100,6652.732,1,0.009637438,0
297,100,6652.758,1,0.008577736,0
7,101,6652.794,1,0.008322552,0
5,103,6652.848,1,0.008093205,0
203,117,6653.335,1,0.008993568,0
277,120,6653.449,1,0.010241766,0
162,128,6653.72,1,0.005894314,0
161,131,6653.846,1,0.009093730,0
164,132,6653.87,1,0.009779581,0
10,142,6654.213,1,0.014122753,0
69,142,6654.229,1,0.016272079,0
320,144,6654.291,1,0.011153964,0
321,148,6654.434,1,0.011085565,0
50,150,6654.493,1,0.014864509,0
315,156,6654.717,1,0.011320353,0
211,161,6654.89,1,0.038574509,0
260,164,6654.99,1,0.020954249,0
244,174,6655.343,1,0.010023744,0
46,177,6655.472,1,0.008894819,0
103,187,6655.805,1,0.009460799,0
110,189,6655.876,1,0.008971084,0
303,195,6656.09,1,0.007919132,0
265,98,6656.563,1,0.708217144,0
83,219,6656.933,1,0.008463079,0
95,220,6656.972,1,0.008378322,0
122,221,6657.008,1,0.008405108,0
183,224,6657.113,1,0.008241584,0
176,227,6657.212,1,0.008578721,0
109,230,6657.342,1,0.008665509,0
267,100,6675.6,0,0.701628089,0
295,108,6677.561,1,0.010162648,0
200,224,6679.461,1,0.007703370,0
235,5,6679.939,1,0.006734398,0
316,15,6680.3,1,0.006943865,0
259,22,6680.547,1,0.006973473,0
304,37,6681.06,1,0.006844449,0
85,40,6681.195,1,0.009315331,0
79,41,6681.216,1,0.008933529,0
218,53,6681.649,1,0.009286245,0
115,54,6681.662,1,0.009286854,0
279,55,6681.7,1,0.009125245,0
193,56,6681.756,1,0.009245548,0
102,61,6681.915,1,0.009135715,0
244,65,6682.057,1,0.038128980,0
162,71,6682.26,1,0.052216370,0
224,72,6682.297,1,0.049851965,0
304,75,6682.43,1,0.011249498,0
82,83,6682.702,1,0.040718071,0
48,84,6682.727,1,0.017605709,0
52,84,6682.743,1,0.024656931,0
104,85,6682.759,1,0.048509423,0
64,86,6682.791,1,0.025674554,0
47,88,6682.862,1,0.020186841,0
0,98,6683.214,1,0.009928673,0
131,99,6683.273,1,0.009877589,0
250,101,6683.328,1,0.009477119,0
151,50,6683.435,1,0.008595150,0
288,107,6683.553,1,0.009938929,0
173,112,6683.722,1,0.008913422,0
172,118,6683.937,1,0.009957246,0
194,125,6684.181,1,0.009349806,0
151,133,6684.446,1,0.016241187,0
206,135,6684.524,1,0.009732975,0
98,138,6684.631,1,0.011219612,0
227,141,6684.726,1,0.009631136,0
209,150,6685.072,1,0.009311477,0
39,155,6685.231,1,0.008932879,0
105,156,6685.281,1,0.010149360,0
209,158,6685.336,1,0.009239095,0
274,160,6685.415,1,0.006857147,0
273,161,6685.446,1,0.007291131,0
212,163,6685.511,1,0.009201411,0
318,171,6685.793,1,0.007838133,0
132,179,6686.095,1,0.016386516,0
235,180,6686.123,1,0.018065009,0
319,191,6686.499,1,0.010947587,0
239,194,6686.6,1,0.013438947,0
241,195,6686.635,1,0.013142709,0
219,200,6686.821,1,0.015544245,0
108,206,6687.029,1,0.009076152,0
81,208,6687.091,1,0.008570112,0
177,220,6687.513,1,0.009045445,0
176,222,6687.599,1,0.009309819,0
139,236,6688.088,1,0.008531748,0
256,239,6688.212,1,0.007370115,0
255,6,6689.423,1,0.006844079,0
250,6,6689.443,1,0.006764994,0
206,7,6689.462,1,0.006246236,0
282,7,6689.476,1,0.006578123,0
109,11,6689.594,1,0.008265107,0
279,12,6689.647,1,0.007151495,0
261,13,6689.665,1,0.007193648,0
60,14,6689.696,1,0.009659149,0
90,15,6689.734,1,0.010540921,0
105,15,6689.755,1,0.006935895,0
247,16,6689.765,1,0.007203924,0
152,16,6689.769,1,0.012170686,0
92,16,6689.785,1,0.010567233,0
231,17,6689.81,1,0.006928837,0
287,20,6689.91,1,0.007370820,0
239,21,6689.943,1,0.007219919,0
25,24,6690.069,1,0.038050473,0
14,27,6690.156,1,0.040951304,0
152,28,6690.197,1,0.044675294,0
238,28,6690.203,1,0.010723587,0
82,28,6690.215,1,0.040682420,0
186,30,6690.274,1,0.012730719,0
137,31,6690.295,1,0.044720195,0
6,31,6690.314,1,0.043857802,0
208,34,6690.404,1,0.011953476,0
98,36,6690.481,1,0.018321395,0
190,38,6690.547,1,0.022003226,0
287,38,6690.555,1,0.007885487,0
98,39,6690.582,1,0.015560555,0
283,40,6690.631,1,0.026544223,0
284,41,6690.649,1,0.019206991,0
46,44,6690.757,1,0.047077596,0
41,46,6690.828,1,0.047381550,0
344,46,6690.838,1,0.009844636,0
96,46,6690.848,1,0.048852563,0
53,54,6691.108,1,0.008874613,0
152,54,6691.117,1,0.009213095,0
107,54,6691.133,1,0.008805060,0
0,55,6691.146,1,0.004173448,0
271,62,6691.396,1,0.009817722,0
263,64,6691.463,1,0.009935326,0
95,68,6691.609,1,0.008822372,0
231,68,6691.609,1,0.009154105,0
212,71,6691.708,1,0.008989557,0
21,71,6691.714,1,0.009419692,0
99,71,6691.723,1,0.008837346,0
114,72,6691.752,1,0.009349117,0
31,78,6691.96,1,0.011077638,0
337,82,6692.114,1,0.006970122,0
295,86,6692.264,1,0.008552793,0
200,88,6692.31,1,0.009003446,0
331,88,6692.319,1,0.007297674,0
279,90,6692.392,1,0.010171472,0
203,92,6692.458,1,0.008643377,0
120,93,6692.491,1,0.010204479,0
230,93,6692.491,1,0.009978430,0
287,94,6692.525,1,0.009980074,0
284,95,6692.575,1,0.010316486,0
202,96,6692.59,1,0.009123167,0
297,109,6693.056,1,0.009240523,0
327,118,6693.368,1,0.008418155,0
46,119,6693.402,1,0.009678279,0
137,119,6693.428,1,0.014929494,0
116,122,6693.507,1,0.004896002,0
117,122,6693.532,1,0.011353650,0
130,126,6693.666,1,0.016748087,0
233,130,6693.789,1,0.009699989,0
94,133,6693.919,1,0.011606805,0
190,134,6693.954,1,0.009512533,0
143,141,6694.19,1,0.043782391,0
247,142,6694.224,1,0.039042022,0
74,153,6694.606,1,0.015244146,0
80,154,6694.652,1,0.015316634,0
13,154,6694.66,1,0.014183923,0
341,159,6694.814,1,0.010513230,0
8,159,6694.828,1,0.014067926,0
338,160,6694.863,1,0.010556445,0
143,162,6694.946,1,0.025613794,0
303,165,6695.035,1,0.008349644,0
107,173,6695.333,1,0.010459650,0
255,174,6695.353,1,0.010446481,0
62,178,6695.493,1,0.008967808,0
56,182,6695.647,1,0.008852320,0
47,190,6695.914,1,0.008998130,0
125,200,6696.274,1,0.008757045,0
30,203,6696.384,1,0.008876514,0
106,206,6696.483,1,0.010114100,0
35,210,6696.624,1,0.008422004,0
87,214,6696.763,1,0.008582227,0
104,227,6697.237,1,0.008293578,0
109,231,6697.352,1,0.008366287,0
234,236,6697.526,1,0.007055909,0
141,237,6697.569,1,0.008530930,0
239,239,6697.643,1,0.006719102,0
142,244,6697.81,1,0.008624329,0
215,247,6697.915,1,0.004338053,0
151,251,6698.074,1,0.014424114,0
339,255,6698.196,1,0.010007834,0
34,258,6698.302,1,0.012808770,0
263,99,6702.159,1,0.030836219,0
231,2,6719.827,1,0.006162120,0
236,4,6719.897,1,0.006597552,0
231,4,6719.912,1,0.005950787,0
44,8,6720.042,1,0.009106336,0
240,14,6720.258,1,0.006663970,0
182,15,6720.291,1,0.007520922,0
149,16,6720.324,1,0.012704675,0
314,19,6720.443,1,0.005851852,0
317,22,6720.54,1,0.006795884,0
154,23,6720.571,1,0.009438483,0
313,24,6720.609,1,0.006897940,0
277,28,6720.749,1,0.005631485,0
274,28,6720.767,1,0.006339958,0
314,29,6720.793,1,0.006812979,0
248,30,6720.83,1,0.007330086,0
250,31,6720.858,1,0.007418890,0
236,38,6721.095,1,0.008399877,0
116,40,6721.179,1,0.009127858,0
254,41,6721.216,1,0.008224802,0
6,46,6721.382,1,0.008783371,0
51,46,6721.395,1,0.008758191,0
223,48,6721.468,1,0.011417693,0
190,52,6721.617,1,0.008953388,0
204,56,6721.752,1,0.008961326,0
232,61,6721.912,1,0.009984801,0
74,62,6721.948,1,0.008879396,0
225,62,6721.969,1,0.009099903,0
249,67,6722.122,1,0.033799052,0
252,69,6722.197,1,0.032106433,0
172,72,6722.315,1,0.050468035,0
129,76,6722.448,1,0.052165333,0
186,78,6722.511,1,0.050507836,0
204,80,6722.577,1,0.048628215,0
60,83,6722.689,1,0.027450429,0
200,85,6722.758,1,0.048665833,0
42,87,6722.836,1,0.019056132,0
119,88,6722.857,1,0.054017499,0
162,88,6722.874,1,0.057001773,0
46,92,6723.028,1,0.012030889,0
88,96,6723.16,1,0.005735169,0
265,99,6723.248,1,0.898902714,0
130,100,6723.29,1,0.007250634,0
123,101,6723.318,1,0.004977020,0
197,104,6723.435,1,0.008809559,0
288,106,6723.507,1,0.009862635,0
63,108,6723.578,1,0.011178574,0
280,108,6723.588,1,0.010717660,0
89,112,6723.705,1,0.012967316,0
210,118,6723.922,1,0.009250931,0
283,118,6723.936,1,0.008972029,0
215,119,6723.956,1,0.009069901,0
53,119,6723.973,1,0.010089144,0
1,125,6724.176,1,0.008794629,0
224,125,6724.194,1,0.009804089,0
75,128,6724.289,1,0.010376512,0
336,130,6724.368,1,0.007468073,0
321,131,6724.377,1,0.007608195,0
61,134,6724.493,1,0.009584344,0
327,135,6724.536,1,0.007517505,0
219,136,6724.565,1,0.009249542,0
158,141,6724.744,1,0.015391204,0
311,144,6724.845,1,0.008089275,0
297,150,6725.05,1,0.008787740,0
285,151,6725.087,1,0.010071876,0
87,155,6725.224,1,0.009497427,0
168,175,6725.933,1,0.010224249,0
200,175,6725.942,1,0.004599870,0
251,192,6726.539,1,0.012679585,0
96,193,6726.56,1,0.014429742,0
254,197,6726.726,1,0.012173776,0
95,198,6726.738,1,0.014348112,0
103,198,6726.751,1,0.014274948,0
192,205,6726.984,1,0.010619900,0
174,208,6727.099,1,0.009070205,0
178,211,6727.203,1,0.009074749,0
52,213,6727.267,1,0.008913574,0
131,218,6727.45,1,0.008852558,0
136,218,6727.467,1,0.008568755,0
55,228,6727.799,1,0.008319483,0
308,240,6728.221,1,0.007202542,0
238,245,6728.406,1,0.006420141,0
193,250,6728.573,1,0.006715199,0
94,252,6728.655,1,0.009337444,0
145,3,6729.337,1,0.008746319,0
160,5,6729.381,1,0.008441757,0
171,5,6729.395,1,0.007544117,0
149,7,6729.451,1,0.007262906,0
112,7,6729.462,1,0.009834202,0
146,8,6729.487,1,0.011689081,0
176,11,6729.599,1,0.008101359,0
111,12,6729.634,1,0.009853052,0
131,12,6729.634,1,0.009563748,0
246,13,6729.672,1,0.006618637,0
86,14,6729.696,1,0.009780860,0
257,14,6729.712,1,0.007654895,0
48,15,6729.734,1,0.009398031,0
74,16,6729.782,1,0.009906569,0
71,18,6729.838,1,0.009501106,0
157,18,6729.848,1,0.010495082,0
130,21,6729.955,1,0.010018715,0
31,22,6730.0,1,0.036603555,0
20,23,6730.03,1,0.037789788,0
166,24,6730.05,1,0.022872131,0
17,24,6730.056,1,0.038774744,0
91,26,6730.134,1,0.041884381,0
289,26,6730.138,1,0.010254292,0
80,27,6730.157,1,0.040497258,0
240,27,6730.179,1,0.010649531,0
164,28,6730.195,1,0.039002586,0
295,31,6730.305,1,0.010322832,0
168,31,6730.306,1,0.113163047,0
167,31,6730.321,1,0.191392362,0
141,32,6730.332,1,0.044727806,0
226,35,6730.455,1,0.011901837,0
107,36,6730.479,1,0.033754598,0
103,36,6730.486,1,0.042911761,0
74,37,6730.517,1,0.042935327,0
100,37,6730.539,1,0.049013399,0
208,38,6730.549,1,0.013058623,0
130,38,6730.558,1,0.049047064,0
255,40,6730.641,1,0.011445369,0
147,42,6730.691,1,0.049004894,0
148,44,6730.762,1,0.048899885,0
8,48,6730.904,1,0.030803178,0
78,50,6730.973,1,0.046557136,0
148,51,6731.017,1,0.008989565,0
69,52,6731.037,1,0.008582219,0
166,52,6731.049,1,0.008980038,0
146,56,6731.203,1,0.009072739,0
119,64,6731.468,1,0.008676469,0
205,110,6733.09,1,0.008993691,0
280,112,6733.167,1,0.010797765,0
162,116,6733.308,1,0.004864563,0
69,119,6733.405,1,0.010808146,0
224,133,6733.898,1,0.010091530,0
264,135,6733.971,1,0.009497194,0
176,140,6734.154,1,0.033431001,0
60,146,6734.359,1,0.011609820,0
60,148,6734.424,1,0.014193128,0
308,150,6734.506,1,0.011689451,0
297,158,6734.778,1,0.012220893,0
129,167,6735.096,1,0.010137965,0
199,182,6735.651,1,0.008720777,0
123,188,6735.837,1,0.008899553,0
129,213,6736.739,1,0.008459782,0
323,219,6736.953,1,0.007501949,0
241,222,6737.057,1,0.007749415,0
77,242,6737.75,1,0.008391687,0
104,246,6737.881,1,0.008507718,0
302,248,6737.952,1,0.006774331,0
39,253,6738.154,1,0.012950148,0
49,254,6738.165,1,0.013045516,0
132,257,6738.271,1,0.013545974,0
32,48,6747.129,1,0.008947133,0
268,100,6753.133,0,0.803875625,0
103,3,6759.873,1,0.009563012,0
124,4,6759.908,1,0.009495391,0
124,7,6760.013,1,0.009502233,0
248,8,6760.047,1,0.006092805,0
251,11,6760.15,1,0.006454913,0
144,19,6760.438,1,0.009778519,0
171,21,6760.504,1,0.009034027,0
207,26,6760.693,1,0.007539470,0
154,31,6760.867,1,0.009904173,0
8,36,6761.032,1,0.008894843,0
16,37,6761.061,1,0.008882660,0
236,41,6761.2,1,0.009387175,0
321,43,6761.292,1,0.007365068,0
66,49,6761.493,1,0.009009459,0
207,61,6761.914,1,0.008943996,0
56,61,6761.93,1,0.009166521,0
224,77,6762.5,1,0.049501710,0
230,78,6762.529,1,0.046192225,0
3,87,6762.829,1,0.014738352,0
122,87,6762.839,1,0.054282375,0
265,98,6763.21,1,0.594936550,0
177,101,6763.345,1,0.008954540,0
24,104,6763.427,1,0.009881820,0
31,106,6763.509,1,0.007651006,0
29,107,6763.549,1,0.008694250,0
184,108,6763.592,1,0.009125297,0
31,109,6763.601,1,0.008378873,0
271,111,6763.675,1,0.016312581,0
59,112,6763.713,1,0.010951228,0
176,118,6763.923,1,0.009207138,0
222,118,6763.923,1,0.009384905,0
60,119,6763.974,1,0.010530715,0
185,120,6763.997,1,0.008698451,0
283,122,6764.073,1,0.009835649,0
96,126,6764.206,1,0.012820883,0
168,131,6764.391,1,0.005172832,0
158,135,6764.521,1,0.014803818,0
139,135,6764.535,1,0.013759859,0
327,136,6764.552,1,0.007489065,0
274,138,6764.625,1,0.010359398,0
227,141,6764.742,1,0.009622618,0
258,142,6764.764,1,0.009109236,0
206,151,6765.099,1,0.009310607,0
54,157,6765.293,1,0.008961271,0
183,165,6765.581,1,0.010030991,0
83,171,6765.803,1,0.009025647,0
314,174,6765.891,1,0.007725926,0
221,176,6765.973,1,0.007399571,0
223,176,6765.984,1,0.007328042,0
314,179,6766.082,1,0.011219121,0
317,181,6766.16,1,0.011071775,0
77,182,6766.183,1,0.014605531,0
63,182,6766.192,1,0.014465747,0
163,184,6766.242,1,0.017047875,0
37,188,6766.4,1,0.014140929,0
43,191,6766.503,1,0.014149986,0
274,196,6766.693,1,0.011816556,0
151,208,6767.094,1,0.009206843,0
144,210,6767.168,1,0.009146219,0
120,216,6767.379,1,0.009090117,0
323,224,6767.666,1,0.007480216,0
81,236,6768.083,1,0.008173781,0
255,249,6768.543,1,0.006205384,0
112,251,6768.634,1,0.008509682,0
333,5,6769.382,1,0.006639427,0
178,8,6769.5,1,0.007331283,0
44,9,6769.523,1,0.009392017,0
288,9,6769.539,1,0.006572600,0
183,12,6769.635,1,0.007527113,0
311,14,6769.703,1,0.006902576,0
105,14,6769.714,1,0.009597289,0
69,14,6769.714,1,0.009338224,0
4,17,6769.82,1,0.009113662,0
159,18,6769.84,1,0.009855062,0
261,21,6769.945,1,0.007219921,0
199,22,6769.985,1,0.007346091,0
196,23,6770.014,1,0.010491734,0
158,24,6770.048,1,0.029634412,0
153,25,6770.085,1,0.012248520,0
153,26,6770.136,1,0.025801625,0
160,31,6770.296,1,0.044695660,0
104,32,6770.352,1,0.044977944,0
120,34,6770.415,1,0.046475880,0
269,100,6770.61,0,0.655480802,0
107,40,6770.614,1,0.049558908,0
64,48,6770.903,1,0.046799235,0
73,51,6771.003,1,0.008558152,0
56,55,6771.145,1,0.009103836,0
218,58,6771.249,1,0.009025784,0
168,58,6771.255,1,0.009020910,0
216,62,6771.388,1,0.008974985,0
174,64,6771.461,1,0.009284701,0
70,64,6771.469,1,0.009045214,0
280,64,6771.49,1,0.008662008,0
68,69,6771.64,1,0.008935289,0
288,69,6771.661,1,0.008477740,0
167,70,6771.68,1,0.008876782,0
128,72,6771.75,1,0.009276030,0
36,78,6771.96,1,0.009194645,0
135,83,6772.133,1,0.010237502,0
251,83,6772.143,1,0.009593038,0
328,95,6772.566,1,0.007481704,0
334,95,6772.582,1,0.007263655,0
218,99,6772.699,1,0.009270470,0
176,100,6772.741,1,0.009093395,0
297,104,6772.876,1,0.008590528,0
284,105,6772.935,1,0.009745878,0
298,106,6772.944,1,0.008772509,0
55,106,6772.953,1,0.010795947,0
55,111,6773.138,1,0.010608663,0
95,114,6773.223,1,0.013637882,0
174,119,6773.413,1,0.009525701,0
124,121,6773.47,1,0.016327502,0
129,149,6774.484,1,0.029688746,0
97,152,6774.573,1,0.017960254,0
102,153,6774.619,1,0.018792210,0
41,162,6774.922,1,0.014549267,0
40,164,6774.987,1,0.014513868,0
166,182,6775.624,1,0.010311073,0
116,184,6775.71,1,0.009648791,0
240,194,6776.062,1,0.009497952,0
307,198,6776.192,1,0.008034358,0
335,240,6777.683,1,0.007722724,0
164,244,6777.83,1,0.009334052,0
30,6,6799.976,1,0.009019073,0
113,10,6800.124,1,0.009562939,0
184,12,6800.193,1,0.006874349,0
164,12,6800.205,1,0.008715115,0
79,16,6800.328,1,0.009116781,0
76,18,6800.399,1,0.009880457,0
119,27,6800.716,1,0.009607220,0
68,37,6801.074,1,0.009253625,0
154,51,6801.553,1,0.008998894,0
261,67,6802.133,1,0.020946994,0
32,48,6802.361,1,0.046228804,0
205,77,6802.474,1,0.048815414,0
49,77,6802.481,1,0.031706106,0
208,87,6802.839,1,0.048667163,0
239,89,6802.907,1,0.044685468,0
138,91,6802.976,1,0.110198408,0
141,91,6802.988,1,0.089534186,0
316,95,6803.111,1,0.007839249,0
155,95,6803.123,1,0.010868976,0
20,96,6803.149,1,0.010575287,0
18,97,6803.196,1,0.009954509,0
103,98,6803.225,1,0.005248938,0
264,102,6803.355,1,0.719398677,0
278,102,6803.362,1,0.009465158,0
333,107,6803.541,1,0.007552558,0
272,107,6803.554,1,0.007740235,0
256,108,6803.58,1,0.009845058,0
257,109,6803.613,1,0.009520489,0
324,110,6803.634,1,0.007695870,0
60,110,6803.642,1,0.011071159,0
296,111,6803.677,1,0.008883472,0
191,112,6803.72,1,0.008712866,0
175,115,6803.814,1,0.008780088,0
62,116,6803.852,1,0.010841313,0
206,118,6803.92,1,0.009199159,0
26,119,6803.966,1,0.009592513,0
262,124,6804.145,1,0.009665938,0
152,125,6804.175,1,0.009454389,0
168,132,6804.421,1,0.005692615,0
257,133,6804.465,1,0.008913342,0
285,134,6804.488,1,0.009661420,0
212,134,6804.5,1,0.009523411,0
36,135,6804.534,1,0.009248476,0
20,136,6804.553,1,0.008961965,0
124,136,6804.564,1,0.013643861,0
228,137,6804.594,1,0.009646968,0
23,141,6804.749,1,0.008705729,0
247,142,6804.765,1,0.009211271,0
216,148,6804.998,1,0.009494320,0
185,150,6805.045,1,0.003679556,0
211,150,6805.053,1,0.009219979,0
52,151,6805.087,1,0.009062910,0
199,164,6805.547,1,0.004004310,0
299,177,6805.705,1,0.008327209,0
161,170,6805.759,1,0.011153997,0
300,184,6806.263,1,0.011543004,0
27,188,6806.395,1,0.014042427,0
130,199,6806.78,1,0.014612786,0
41,210,6807.178,1,0.008607846,0
244,214,6807.301,1,0.008613886,0
154,215,6807.342,1,0.010106279,0
286,221,6807.563,1,0.007686462,0
72,231,6807.915,1,0.008533875,0
100,247,6808.466,1,0.009548624,0
250,252,6808.642,1,0.006028917,0
218,253,6808.689,1,0.005282639,0
177,4,6809.352,1,0.007833036,0
97,8,6809.485,1,0.009860847,0
101,11,6809.599,1,0.009880985,0
115,13,6809.665,1,0.009669322,0
123,14,6809.717,1,0.009930144,0
157,16,6809.77,1,0.010748818,0
63,20,6809.928,1,0.009516497,0
127,24,6810.049,1,0.044636603,0
167,24,6810.059,1,0.019746637,0
22,27,6810.184,1,0.040148340,0
158,28,6810.193,1,0.076359004,0
160,28,6810.199,1,0.080243789,0
332,32,6810.343,1,0.009792162,0
294,38,6810.551,1,0.010397034,0
97,38,6810.551,1,0.048694991,0
329,39,6810.579,1,0.009872904,0
333,40,6810.616,1,0.009838497,0
335,45,6810.795,1,0.009857933,0
145,49,6810.952,1,0.048360456,0
81,50,6810.97,1,0.046838701,0
265,50,6810.984,1,0.012215041,0
272,54,6811.11,1,0.008714753,0
291,54,6811.133,1,0.007933575,0
37,58,6811.261,1,0.008639876,0
304,62,6811.395,1,0.007613237,0
208,63,6811.437,1,0.009028236,0
338,77,6811.928,1,0.006777453,0
63,79,6811.996,1,0.009290286,0
53,94,6812.519,1,0.012038855,0
259,98,6812.665,1,0.016052365,0
265,99,6812.694,1,0.968546033,1
267,100,6812.729,1,0.917370439,1
332,101,6812.772,1,0.007623880,0
329,103,6812.835,1,0.007583336,0
8,107,6812.982,1,0.010439957,0
151,50,6813.09,1,0.009799146,0
293,110,6813.094,1,0.009729983,0
122,126,6813.674,1,0.015170031,0
166,127,6813.683,1,0.005186661,0
168,128,6813.727,1,0.005461110,0
176,129,6813.754,1,0.010094265,0
114,135,6813.965,1,0.012584125,0
168,136,6814.001,1,0.090327747,0
168,137,6814.036,1,0.096946403,0
202,139,6814.11,1,0.047256283,0
296,170,6815.209,1,0.009257258,0
298,171,6815.264,1,0.008464972,0
260,181,6815.615,1,0.009466897,0
118,182,6815.637,1,0.009516114,0
263,183,6815.662,1,0.009226372,0
220,191,6815.97,1,0.010295042,0
224,198,6816.192,1,0.009152832,0
136,212,6816.7,1,0.009359688,0
192,218,6816.905,1,0.008774176,0
20,237,6817.585,1,0.007913814,0
150,238,6817.626,1,0.009162503,0
247,246,6817.886,1,0.006683718,0
98,248,6817.966,1,0.008683962,0
269,101,6821.704,0,0.858606100,0
193,5,6839.938,1,0.006248695,0
185,6,6839.969,1,0.006544589,0
268,7,6840.02,1,0.006921436,0
198,14,6840.258,1,0.006938625,0
48,21,6840.509,1,0.009330424,0
185,22,6840.542,1,0.007842806,0
133,23,6840.577,1,0.009587381,0
10,26,6840.69,1,0.008949315,0
237,31,6840.858,1,0.007990712,0
223,37,6841.069,1,0.009009374,0
248,43,6841.271,1,0.008415119,0
316,48,6841.449,1,0.007257678,0
249,50,6841.541,1,0.010166860,0
146,55,6841.711,1,0.009285306,0
281,61,6841.909,1,0.008839731,0
132,62,6841.953,1,0.009116867,0
338,63,6841.992,1,0.006420296,0
132,64,6842.013,1,0.049549531,0
269,64,6842.022,1,0.014862274,0
240,70,6842.251,1,0.044623934,0
65,72,6842.301,1,0.040849499,0
122,78,6842.52,1,0.051915955,0
35,80,6842.595,1,0.019206874,0
54,80,6842.604,1,0.030584790,0
183,83,6842.681,1,0.050638422,0
148,85,6842.759,1,0.056580454,0
143,88,6842.884,1,0.056895327,0
241,90,6842.944,1,0.044667408,0
192,92,6843.002,1,0.009163135,0
113,92,6843.015,1,0.010077368,0
297,92,6843.03,1,0.008793174,0
161,95,6843.106,1,0.010174439,0
194,96,6843.153,1,0.006879495,0
72,98,6843.229,1,0.014370452,0
63,99,6843.261,1,0.012328150,0
198,100,6843.296,1,0.005024772,0
69,103,6843.393,1,0.012863530,0
32,48,6843.432,1,0.008948296,0
215,105,6843.488,1,0.008854885,0
92,114,6843.781,1,0.013675134,0
179,116,6843.848,1,0.008260734,0
6,118,6843.925,1,0.009230989,0
175,118,6843.935,1,0.008996068,0
179,119,6843.977,1,0.008462999,0
256,123,6844.111,1,0.013321863,0
160,125,6844.166,1,0.005620503,0
186,134,6844.494,1,0.008910124,0
219,137,6844.601,1,0.009610220,0
24,143,6844.803,1,0.008914812,0
227,144,6844.834,1,0.009461090,0
158,148,6844.99,1,0.013343334,0
173,150,6845.05,1,0.010576455,0
167,152,6845.116,1,0.012359320,0
44,152,6845.12,1,0.008134494,0
45,152,6845.126,1,0.007955166,0
147,152,6845.139,1,0.012626607,0
46,156,6845.264,1,0.009271048,0
143,158,6845.35,1,0.012643258,0
113,163,6845.512,1,0.009751495,0
111,174,6845.918,1,0.009423888,0
136,176,6845.991,1,0.010184654,0
299,192,6846.526,1,0.011557757,0
72,206,6847.025,1,0.008821072,0
135,216,6847.381,1,0.008508563,0
128,217,6847.423,1,0.009388030,0
18,246,6848.443,1,0.007927280,0
8,252,6848.643,1,0.008122043,0
98,4,6849.352,1,0.009703124,0
312,8,6849.487,1,0.006617784,0
160,8,6849.496,1,0.008442362,0
0,8,6849.515,1,0.009121847,0
24,10,6849.586,1,0.008948537,0
237,13,6849.674,1,0.006718176,0
128,13,6849.686,1,0.010011978,0
16,14,6849.704,1,0.008922315,0
7,15,6849.73,1,0.008742558,0
233,15,6849.74,1,0.007005294,0
314,18,6849.846,1,0.006986985,0
32,19,6849.875,1,0.009233292,0
64,20,6849.912,1,0.009271968,0
120,21,6849.95,1,0.010185068,0
113,21,6849.955,1,0.009958260,0
15,23,6850.016,1,0.038085457,0
26,23,6850.016,1,0.037071448,0
70,24,6850.049,1,0.039775349,0
319,24,6850.056,1,0.009944955,0
310,27,6850.166,1,0.031033307,0
311,27,6850.182,1,0.045263309,0
164,29,6850.225,1,0.031081798,0
176,31,6850.297,1,0.020403907,0
217,31,6850.304,1,0.011336472,0
314,31,6850.32,1,0.011257642,0
223,32,6850.331,1,0.011437197,0
102,32,6850.336,1,0.044472910,0
103,37,6850.515,1,0.048923157,0
304,38,6850.567,1,0.010236633,0
306,43,6850.728,1,0.010271292,0
81,47,6850.867,1,0.046901688,0
151,48,6850.897,1,0.048376907,0
286,48,6850.897,1,0.010677601,0
32,51,6851.006,1,0.008877499,0
102,52,6851.043,1,0.009029503,0
147,54,6851.11,1,0.008545967,0
342,56,6851.188,1,0.006480633,0
88,60,6851.32,1,0.009029640,0
152,63,6851.425,1,0.009044834,0
123,64,6851.483,1,0.008655004,0
161,88,6852.31,1,0.010412082,0
279,92,6852.449,1,0.009667719,0
267,99,6852.696,1,0.812476695,0
153,100,6852.741,1,0.010817719,0
72,101,6852.772,1,0.013245095,0
65,119,6853.403,1,0.010621830,0
176,120,6853.46,1,0.009536163,0
112,141,6854.181,1,0.026886007,0
224,150,6854.496,1,0.044696830,0
98,152,6854.574,1,0.018304456,0
100,166,6855.087,1,0.009616984,0
201,188,6855.833,1,0.011730794,0
208,191,6855.943,1,0.004302898,0
110,208,6856.55,1,0.009296033,0
109,211,6856.673,1,0.008528071,0
40,214,6856.76,1,0.009586467,0
199,226,6857.179,1,0.008016012,0
268,100,6870.328,1,0.026101831,0
77,7,6880.014,1,0.009619046,0
133,18,6880.419,1,0.009592291,0
196,19,6880.438,1,0.007119517,0
210,24,6880.614,1,0.007459609,0
84,43,6881.278,1,0.007588681,0
86,45,6881.365,1,0.007523551,0
77,52,6881.618,1,0.009246881,0
247,62,6881.946,1,0.009561865,0
167,68,6882.158,1,0.050229851,0
309,68,6882.17,1,0.010635729,0
270,74,6882.379,1,0.020195004,0
289,77,6882.488,1,0.012551283,0
59,79,6882.554,1,0.030760674,0
55,80,6882.586,1,0.033863157,0
207,83,6882.688,1,0.048235193,0
279,86,6882.795,1,0.020946568,0
120,86,6882.808,1,0.053674724,0
280,92,6883.013,1,0.010098792,0
72,92,6883.021,1,0.006531324,0
151,50,6883.021,1,0.008846915,0
44,93,6883.046,1,0.011840208,0
152,96,6883.155,1,0.011828527,0
155,97,6883.184,1,0.010829129,0
266,98,6883.212,1,0.755403161,0
269,99,6883.251,1,0.880016983,0
267,100,6883.304,1,0.902888417,1
127,103,6883.418,1,0.005290044,0
37,104,6883.43,1,0.010251374,0
202,107,6883.541,1,0.009096997,0
245,108,6883.578,1,0.009444227,0
334,109,6883.6,1,0.007362423,0
38,112,6883.722,1,0.010066500,0
253,114,6883.784,1,0.009425407,0
283,122,6884.075,1,0.009110357,0
271,102,6884.795,0,0.444555044,0
28,144,6884.854,1,0.009934444,0
157,151,6885.082,1,0.013143747,0
185,153,6885.153,1,0.004216002,0
175,159,6885.365,1,0.011349680,0
11,159,6885.373,1,0.008575519,0
165,160,6885.409,1,0.012324004,0
232,161,6885.446,1,0.009514807,0
163,164,6885.556,1,0.011776511,0
21,166,6885.617,1,0.009165256,0
237,167,6885.645,1,0.009573970,0
167,167,6885.654,1,0.011284292,0
314,167,6885.665,1,0.008043084,0
253,169,6885.73,1,0.010162403,0
111,171,6885.817,1,0.009350006,0
253,174,6885.904,1,0.011397479,0
116,175,6885.943,1,0.009464348,0
168,186,6886.329,1,0.015881563,0
318,196,6886.677,1,0.010966429,0
76,197,6886.703,1,0.014350406,0
314,199,6886.781,1,0.011061061,0
53,206,6887.024,1,0.008528587,0
104,4,6889.346,1,0.010148967,0
91,8,6889.495,1,0.009684913,0
112,11,6889.597,1,0.009990680,0
325,12,6889.629,1,0.007170700,0
63,13,6889.67,1,0.009401827,0
118,14,6889.706,1,0.009831624,0
39,17,6889.812,1,0.008894660,0
92,22,6889.984,1,0.009692595,0
336,23,6890.015,1,0.009656454,0
264,27,6890.157,1,0.010445299,0
239,30,6890.265,1,0.010852891,0
232,30,6890.27,1,0.011040159,0
234,31,6890.295,1,0.011142974,0
195,32,6890.356,1,0.011842518,0
242,37,6890.508,1,0.011576490,0
153,38,6890.549,1,0.049639318,0
182,38,6890.567,1,0.028593559,0
55,39,6890.597,1,0.044370502,0
43,40,6890.618,1,0.046499722,0
231,44,6890.755,1,0.015272267,0
251,44,6890.773,1,0.012258376,0
229,55,6891.171,1,0.008783724,0
164,59,6891.293,1,0.009046659,0
113,60,6891.321,1,0.008570626,0
186,71,6891.713,1,0.009083170,0
164,72,6891.746,1,0.009300935,0
32,48,6891.962,1,0.008930047,0
37,80,6892.028,1,0.008457052,0
254,104,6892.868,1,0.009524968,0
135,108,6893.025,1,0.005866993,0
151,142,6894.225,1,0.044437300,0
343,150,6894.511,1,0.010435347,0
95,175,6895.374,1,0.009573491,0
43,186,6895.79,1,0.008519898,0
104,195,6896.103,1,0.008929347,0
120,200,6896.264,1,0.009293504,0
52,213,6896.718,1,0.008668582,0
23,216,6896.825,1,0.008120302,0
23,229,6897.304,1,0.008052715,0
213,230,6897.326,1,0.004531087,0
201,230,6897.341,1,0.008020578,0
271,101,6905.255,0,0.865090787,0
272,101,6907.287,0,0.949908078,1
268,100,6909.642,1,0.651523530,0
268,99,6911.847,1,0.737940371,0
15,1,6919.789,1,0.008583176,0
68,2,6919.843,1,0.009579850,0
66,5,6919.946,1,0.009598169,0
167,8,6920.051,1,0.007732421,0
161,15,6920.295,1,0.009500222,0
110,15,6920.312,1,0.009898993,0
223,22,6920.538,1,0.007003670,0
165,26,6920.688,1,0.010891509,0
2,29,6920.783,1,0.009174818,0
39,35,6920.992,1,0.008734338,0
293,38,6921.103,1,0.007996796,0
134,45,6921.361,1,0.009196691,0
224,54,6921.664,1,0.009408486,0
30,55,6921.719,1,0.008940494,0
178,62,6921.972,1,0.009630936,0
182,63,6921.986,1,0.009001961,0
225,70,6922.236,1,0.049518004,0
200,74,6922.371,1,0.048823413,0
339,76,6922.449,1,0.009931428,0
196,77,6922.497,1,0.048886228,0
335,78,6922.516,1,0.010085325,0
75,86,6922.799,1,0.038245961,0
105,86,6922.817,1,0.049176589,0
329,93,6923.036,1,0.007572717,0
143,94,6923.078,1,0.010793229,0
98,95,6923.112,1,0.004756374,0
144,96,6923.143,1,0.010955660,0
295,104,6923.424,1,0.009019452,0
186,111,6923.678,1,0.008908015,0
267,115,6923.812,1,0.009169484,0
166,118,6923.938,1,0.005603980,0
278,123,6924.1,1,0.010459082,0
335,124,6924.157,1,0.007265870,0
53,135,6924.531,1,0.009328815,0
294,141,6924.739,1,0.009392692,0
317,148,6924.986,1,0.007980740,0
184,149,6925.021,1,0.003828364,0
187,150,6925.061,1,0.003537422,0
316,151,6925.092,1,0.008072099,0
120,152,6925.124,1,0.011474771,0
315,158,6925.327,1,0.007856049,0
315,159,6925.361,1,0.008233146,0
194,159,6925.385,1,0.003237825,0
179,167,6925.658,1,0.009707633,0
160,172,6925.841,1,0.011136529,0
169,174,6925.917,1,0.010326029,0
124,177,6926.027,1,0.015642863,0
103,180,6926.108,1,0.014628051,0
120,183,6926.215,1,0.014935688,0
10,184,6926.247,1,0.012477501,0
8,186,6926.331,1,0.012678456,0
16,188,6926.386,1,0.013907766,0
265,188,6926.398,1,0.012478894,0
13,190,6926.474,1,0.013835403,0
108,190,6926.484,1,0.014406662,0
11,191,6926.506,1,0.013787452,0
104,192,6926.531,1,0.011034126,0
264,192,6926.547,1,0.012232204,0
108,196,6926.684,1,0.015589478,0
109,197,6926.711,1,0.016521720,0
107,198,6926.763,1,0.014286057,0
127,204,6926.973,1,0.014385797,0
141,205,6927.007,1,0.009405518,0
56,214,6927.309,1,0.008520849,0
322,216,6927.378,1,0.007506289,0
162,226,6927.732,1,0.009186786,0
295,232,6927.964,1,0.007421741,0
257,237,6928.117,1,0.007292252,0
86,6,6929.421,1,0.009711136,0
118,23,6930.024,1,0.044615652,0
171,24,6930.067,1,0.014017098,0
153,27,6930.154,1,0.044660542,0
268,28,6930.197,1,0.010413532,0
130,29,6930.242,1,0.044706114,0
288,30,6930.27,1,0.010319842,0
168,32,6930.334,1,0.033899430,0
303,34,6930.413,1,0.010228124,0
206,36,6930.48,1,0.012326442,0
328,37,6930.509,1,0.009867796,0
301,39,6930.58,1,0.010305995,0
207,39,6930.59,1,0.013600951,0
171,40,6930.616,1,0.048491511,0
115,44,6930.758,1,0.049223017,0
126,44,6930.776,1,0.048884429,0
107,52,6931.04,1,0.008655754,0
302,54,6931.118,1,0.007136185,0
89,60,6931.324,1,0.008583936,0
199,64,6931.462,1,0.008620037,0
281,64,6931.473,1,0.008905742,0
212,69,6931.646,1,0.008936455,0
99,72,6931.746,1,0.008680264,0
257,76,6931.888,1,0.009422055,0
26,86,6932.237,1,0.011461841,0
331,88,6932.307,1,0.007329607,0
297,96,6932.592,1,0.008631250,0
269,101,6932.78,1,0.774757087,0
89,102,6932.808,1,0.009460799,0
175,102,6932.818,1,0.008850387,0
18,103,6932.837,1,0.007095173,0
18,106,6932.966,1,0.008736188,0
115,108,6933.015,1,0.006587013,0
25,110,6933.089,1,0.009693282,0
214,111,6933.138,1,0.009550203,0
4,116,6933.294,1,0.009832655,0
240,120,6933.449,1,0.009693968,0
57,128,6933.726,1,0.009841382,0
301,133,6933.896,1,0.008687604,0
227,135,6933.996,1,0.010011727,0
174,136,6934.005,1,0.041169185,0
100,144,6934.308,1,0.021938987,0
297,176,6935.412,1,0.008595719,0
301,182,6935.634,1,0.008448586,0
176,199,6936.226,1,0.009663090,0
138,215,6936.789,1,0.009337796,0
176,247,6937.939,1,0.008946008,0
158,2,6959.851,1,0.008439790,0
115,5,6959.939,1,0.009276520,0
45,8,6960.038,1,0.008903970,0
100,11,6960.155,1,0.010075709,0
267,23,6960.576,1,0.007054781,0
160,27,6960.709,1,0.009496544,0
164,30,6960.834,1,0.009329878,0
101,31,6960.85,1,0.009532223,0
5,41,6961.202,1,0.008741263,0
7,45,6961.356,1,0.008581638,0
280,48,6961.453,1,0.007848284,0
207,57,6961.774,1,0.008831379,0
249,61,6961.914,1,0.011291102,0
338,63,6961.981,1,0.006542026,0
304,80,6962.584,1,0.011571177,0
61,94,6963.082,1,0.012256459,0
254,96,6963.147,1,0.009325515,0
29,96,6963.156,1,0.010594524,0
269,101,6963.33,1,0.170252919,0
26,102,6963.366,1,0.009854587,0
278,104,6963.432,1,0.009530719,0
256,106,6963.507,1,0.009406189,0
40,111,6963.674,1,0.010301094,0
171,112,6963.735,1,0.008886528,0
75,115,6963.826,1,0.011853685,0
247,119,6963.961,1,0.009529256,0
152,127,6964.261,1,0.011470792,0
220,143,6964.815,1,0.010133851,0
160,144,6964.846,1,0.014846412,0
223,150,6965.067,1,0.009767273,0
39,152,6965.123,1,0.009269870,0
156,152,6965.142,1,0.013229630,0
16,157,6965.31,1,0.008539093,0
236,158,6965.357,1,0.009285947,0
128,167,6965.649,1,0.010016938,0
150,172,6965.848,1,0.011170181,0
189,174,6965.908,1,0.009566454,0
316,176,6965.99,1,0.007828031,0
207,178,6966.044,1,0.015233657,0
199,181,6966.147,1,0.012509217,0
195,182,6966.199,1,0.011858512,0
316,184,6966.251,1,0.011055424,0
33,186,6966.319,1,0.014143275,0
7,190,6966.46,1,0.013738443,0
126,195,6966.65,1,0.014627535,0
34,202,6966.885,1,0.013867496,0
30,203,6966.915,1,0.013802237,0
192,205,6967.01,1,0.008750222,0
30,206,6967.034,1,0.008804510,0
273,208,6967.095,1,0.008210028,0
215,216,6967.392,1,0.005721655,0
261,229,6967.833,1,0.007856413,0
227,231,6967.905,1,0.006732666,0
226,234,6968.007,1,0.006652000,0
29,4,6969.356,1,0.009327234,0
155,6,6969.416,1,0.009553351,0
46,14,6969.711,1,0.009429370,0
335,18,6969.84,1,0.007236599,0
119,21,6969.944,1,0.007920679,0
115,21,6969.95,1,0.006937600,0
267,22,6969.984,1,0.007212013,0
16,23,6970.016,1,0.037769109,0
329,24,6970.057,1,0.009771526,0
237,27,6970.168,1,0.010680317,0
259,28,6970.196,1,0.010503404,0
284,29,6970.229,1,0.010314217,0
77,30,6970.266,1,0.040869072,0
68,32,6970.337,1,0.040848862,0
205,36,6970.475,1,0.012332144,0
135,38,6970.545,1,0.049163692,0
299,41,6970.676,1,0.010372380,0
299,47,6970.868,1,0.010437455,0
155,48,6970.899,1,0.048293199,0
313,48,6970.919,1,0.010194967,0
120,51,6971.009,1,0.008951658,0
182,53,6971.083,1,0.008939979,0
152,55,6971.144,1,0.009088570,0
238,56,6971.176,1,0.009314279,0
29,56,6971.181,1,0.008390953,0
15,59,6971.288,1,0.006952514,0
233,62,6971.388,1,0.009180997,0
313,64,6971.46,1,0.007307940,0
174,70,6971.671,1,0.009168101,0
181,74,6971.815,1,0.008841862,0
160,77,6971.933,1,0.009382351,0
180,78,6971.96,1,0.009342023,0
246,85,6972.218,1,0.009805182,0
31,94,6972.527,1,0.010338524,0
298,104,6972.872,1,0.008601003,0
237,104,6972.877,1,0.009588156,0
144,107,6972.979,1,0.005721631,0
145,109,6973.05,1,0.005827902,0
280,109,6973.072,1,0.010088910,0
10,117,6973.337,1,0.007300175,0
10,120,6973.437,1,0.008807861,0
56,123,6973.542,1,0.009729781,0
117,124,6973.586,1,0.014888072,0
204,80,6974.086,1,0.048534833,0
180,143,6974.252,1,0.039328314,0
106,149,6974.467,1,0.021473486,0
132,158,6974.776,1,0.027938467,0
36,159,6974.82,1,0.014509347,0
162,174,6975.354,1,0.010990322,0
92,178,6975.493,1,0.009095280,0
322,188,6975.84,1,0.007731879,0
63,231,6977.369,1,0.008215903,0
20,236,6977.528,1,0.008272024,0
235,252,6978.092,1,0.008167416,0
273,102,6996.542,0,0.598773479,0
281,4,6999.917,1,0.006836095,0
54,30,7000.818,1,0.009072859,0
176,32,7000.887,1,0.010667507,0
120,32,7000.91,1,0.009503157,0
121,55,7001.703,1,0.008942547,0
95,55,7001.717,1,0.008936692,0
115,56,7001.74,1,0.008631743,0
115,58,7001.821,1,0.008263571,0
37,60,7001.874,1,0.009164859,0
15,62,7001.968,1,0.003974278,0
319,64,7002.018,1,0.010208307,0
311,67,7002.128,1,0.010536451,0
190,69,7002.194,1,0.049319707,0
311,75,7002.407,1,0.010884294,0
175,75,7002.422,1,0.050551705,0
183,77,7002.479,1,0.050380293,0
143,85,7002.764,1,0.055865332,0
124,101,7003.337,1,0.005014750,0
240,108,7003.57,1,0.009501819,0
339,132,7004.419,1,0.007412403,0
56,147,7004.946,1,0.010139439,0
168,148,7004.98,1,0.015016221,0
32,148,7004.99,1,0.014868482,0
32,149,7005.025,1,0.019306326,0
143,152,7005.124,1,0.013205374,0
200,157,7005.299,1,0.008806196,0
81,157,7005.306,1,0.009376795,0
40,157,7005.307,1,0.009119197,0
244,158,7005.336,1,0.009674861,0
75,160,7005.403,1,0.009506051,0
79,164,7005.565,1,0.008575401,0
26,166,7005.616,1,0.009774443,0
135,171,7005.799,1,0.010252032,0
232,173,7005.865,1,0.013207202,0
40,182,7006.188,1,0.014270104,0
83,183,7006.215,1,0.014659343,0
257,189,7006.427,1,0.012817594,0
157,194,7006.599,1,0.011896360,0
157,195,7006.641,1,0.025665954,0
160,199,7006.786,1,0.015560351,0
98,200,7006.81,1,0.014272846,0
53,200,7006.818,1,0.014110661,0
72,204,7006.966,1,0.014213637,0
304,207,7007.066,1,0.007842086,0
24,216,7007.384,1,0.008848074,0
192,240,7008.227,1,0.007438027,0
8,255,7008.766,1,0.008803886,0
250,20,7009.909,1,0.007478223,0
248,21,7009.972,1,0.007200241,0
104,22,7009.978,1,0.010086796,0
182,22,7009.985,1,0.008275080,0
194,24,7010.056,1,0.010590236,0
119,30,7010.261,1,0.044665057,0
124,32,7010.348,1,0.045453507,0
209,34,7010.403,1,0.011967737,0
203,35,7010.446,1,0.012159370,0
296,38,7010.548,1,0.010378147,0
211,40,7010.611,1,0.014043509,0
205,40,7010.617,1,0.013978170,0
200,41,7010.674,1,0.016267514,0
285,43,7010.735,1,0.010596538,0
311,46,7010.838,1,0.010223746,0
36,48,7010.898,1,0.047379170,0
151,50,7010.967,1,0.069721006,0
154,50,7010.975,1,0.098684758,0
24,52,7011.037,1,0.008635176,0
145,53,7011.078,1,0.008466661,0
144,61,7011.372,1,0.009110902,0
126,63,7011.43,1,0.009121098,0
317,64,7011.467,1,0.008933773,0
316,65,7011.499,1,0.008212509,0
206,65,7011.5,1,0.008944415,0
277,67,7011.57,1,0.010134950,0
202,71,7011.71,1,0.009218198,0
27,78,7011.963,1,0.012931759,0
187,80,7012.024,1,0.008822582,0
251,80,7012.031,1,0.009294518,0
201,90,7012.377,1,0.008632393,0
209,90,7012.398,1,0.008659158,0
92,94,7012.529,1,0.004754855,0
239,95,7012.557,1,0.009641153,0
91,96,7012.593,1,0.005462494,0
279,104,7012.882,1,0.010710125,0
271,107,7012.982,1,0.037576597,0
233,124,7013.594,1,0.009823277,0
271,135,7013.974,1,0.011164572,0
134,143,7014.246,1,0.038227078,0
201,148,7014.425,1,0.043383826,0
178,151,7014.532,1,0.021696782,0
93,157,7014.749,1,0.037872717,0
94,158,7014.774,1,0.055342026,0
20,172,7015.279,1,0.009037021,0
10,136,7015.443,1,0.009467026,0
144,196,7016.123,1,0.011251492,0
165,229,7017.296,1,0.009078133,0
257,251,7018.078,1,0.009329410,0
134,5,7039.939,1,0.010650974,0
171,9,7040.087,1,0.007605434,0
11,35,7040.994,1,0.008546786,0
223,45,7041.349,1,0.009737474,0
210,46,7041.377,1,0.011679494,0
155,52,7041.588,1,0.009342441,0
233,52,7041.609,1,0.012011129,0
160,56,7041.737,1,0.009179215,0
126,56,7041.738,1,0.010620576,0
125,56,7041.749,1,0.006301058,0
61,61,7041.913,1,0.008843266,0
112,64,7042.015,1,0.033695292,0
112,68,7042.162,1,0.013809697,0
7,68,7042.179,1,0.016445801,0
111,69,7042.204,1,0.056583427,0
110,70,7042.229,1,0.027895188,0
227,70,7042.253,1,0.048987437,0
329,78,7042.504,1,0.010280420,0
147,80,7042.584,1,0.054879114,0
307,80,7042.596,1,0.013982244,0
308,84,7042.721,1,0.047562093,0
307,84,7042.744,1,0.035170604,0
168,86,7042.802,1,0.053699579,0
182,87,7042.823,1,0.050053764,0
68,87,7042.83,1,0.030924462,0
265,87,7042.842,1,0.028208405,0
7,89,7042.903,1,0.015031575,0
71,91,7042.98,1,0.027564190,0
113,93,7043.038,1,0.010073083,0
41,96,7043.148,1,0.011530116,0
40,98,7043.214,1,0.011347701,0
240,98,7043.229,1,0.009344424,0
94,101,7043.332,1,0.006061164,0
265,108,7043.575,1,0.008880475,0
224,111,7043.69,1,0.009579516,0
25,112,7043.706,1,0.009911241,0
158,115,7043.818,1,0.005078099,0
327,116,7043.853,1,0.007661765,0
237,118,7043.925,1,0.009198756,0
178,119,7043.959,1,0.009142662,0
89,120,7043.991,1,0.012824939,0
87,120,7044.003,1,0.012178531,0
83,125,7044.173,1,0.011435014,0
15,127,7044.237,1,0.009027955,0
39,130,7044.348,1,0.009157599,0
229,139,7044.669,1,0.009263780,0
228,142,7044.783,1,0.009626386,0
245,146,7044.915,1,0.008976453,0
248,158,7045.342,1,0.009031394,0
56,183,7046.218,1,0.014395448,0
246,186,7046.319,1,0.013939243,0
81,203,7046.919,1,0.014308091,0
63,211,7047.223,1,0.010044865,0
143,220,7047.526,1,0.007714225,0
143,223,7047.639,1,0.009676817,0
134,240,7048.226,1,0.010336544,0
180,248,7048.511,1,0.009479743,0
271,101,7049.203,1,0.114556603,0
301,7,7049.46,1,0.007050767,0
0,11,7049.594,1,0.008242982,0
0,13,7049.669,1,0.007639322,0
26,16,7049.776,1,0.009316911,0
96,21,7049.944,1,0.009828695,0
29,23,7050.017,1,0.036587793,0
311,24,7050.05,1,0.010051586,0
99,24,7050.056,1,0.043325007,0
227,24,7050.063,1,0.010532042,0
136,28,7050.198,1,0.044673443,0
10,36,7050.489,1,0.045484137,0
30,39,7050.579,1,0.046757501,0
51,39,7050.596,1,0.044505134,0
309,40,7050.624,1,0.010176731,0
281,42,7050.695,1,0.010624982,0
167,43,7050.73,1,0.049860254,0
247,44,7050.773,1,0.012482551,0
224,45,7050.805,1,0.021784361,0
290,46,7050.837,1,0.010573850,0
224,47,7050.864,1,0.029193783,0
238,49,7050.947,1,0.019634226,0
96,58,7051.258,1,0.009110821,0
129,61,7051.381,1,0.008857073,0
324,63,7051.428,1,0.006788112,0
214,64,7051.464,1,0.008920337,0
56,67,7051.574,1,0.008951887,0
338,70,7051.68,1,0.006557623,0
55,72,7051.75,1,0.008405943,0
190,95,7052.567,1,0.008526756,0
328,96,7052.595,1,0.007725516,0
189,96,7052.619,1,0.012215720,0
224,104,7052.89,1,0.009587268,0
136,109,7053.052,1,0.005682554,0
334,112,7053.169,1,0.007242896,0
113,116,7053.304,1,0.016340518,0
209,119,7053.408,1,0.009439058,0
166,127,7053.623,1,0.005012336,0
303,133,7053.899,1,0.008689353,0
263,135,7053.965,1,0.009124905,0
279,140,7054.152,1,0.023275577,0
9,144,7054.286,1,0.014135858,0
176,144,7054.294,1,0.027611047,0
122,147,7054.389,1,0.028435308,0
62,150,7054.496,1,0.015151520,0
179,151,7054.542,1,0.021980604,0
61,152,7054.585,1,0.015067914,0
203,165,7055.025,1,0.008056799,0
179,174,7055.369,1,0.008658111,0
177,176,7055.413,1,0.008243315,0
128,181,7055.6,1,0.009975335,0
131,183,7055.682,1,0.009724485,0
1,215,7056.785,1,0.008070583,0
96,218,7056.904,1,0.008806304,0
308,222,7057.054,1,0.007451500,0
275,103,7057.381,0,0.350436985,0
186,256,7058.232,1,0.011602316,0
39,16,7080.327,1,0.008884937,0
225,23,7080.588,1,0.007314398,0
38,24,7080.607,1,0.009266909,0
37,31,7080.858,1,0.008756325,0
288,39,7081.149,1,0.007260296,0
169,43,7081.301,1,0.008958946,0
79,56,7081.746,1,0.009292511,0
191,68,7082.184,1,0.049167123,0
206,76,7082.439,1,0.048585139,0
254,90,7082.934,1,0.040289454,0
261,93,7083.053,1,0.008810705,0
272,101,7083.324,1,0.681465864,0
283,101,7083.331,1,0.010240117,0
254,104,7083.424,1,0.009323691,0
191,110,7083.635,1,0.008695127,0
119,140,7084.721,1,0.012461471,0
44,144,7084.841,1,0.009824654,0
45,152,7085.122,1,0.009120448,0
16,155,7085.244,1,0.008556809,0
190,156,7085.262,1,0.003573649,0
197,158,7085.336,1,0.008369836,0
219,159,7085.381,1,0.009286451,0
109,160,7085.416,1,0.009949613,0
95,163,7085.509,1,0.009442041,0
34,166,7085.621,1,0.009149162,0
208,174,7085.908,1,0.008211503,0
31,191,7086.502,1,0.014047108,0
25,213,7087.287,1,0.008684020,0
41,216,7087.383,1,0.008205944,0
136,221,7087.561,1,0.009703270,0
35,226,7087.755,1,0.008068820,0
31,259,7088.892,1,0.007824491,0
97,3,7089.313,1,0.009836305,0
23,7,7089.472,1,0.008827861,0
205,8,7089.49,1,0.006437368,0
99,8,7089.513,1,0.009462762,0
102,9,7089.531,1,0.009788353,0
102,14,7089.703,1,0.009505136,0
335,16,7089.771,1,0.006655653,0
233,16,7089.787,1,0.006855436,0
264,18,7089.841,1,0.006900926,0
152,21,7089.97,1,0.009483550,0
240,22,7089.99,1,0.007159070,0
293,24,7090.049,1,0.010162710,0
336,24,7090.062,1,0.039738894,0
337,24,7090.077,1,0.049186934,0
287,29,7090.235,1,0.010291360,0
295,32,7090.343,1,0.010303850,0
96,35,7090.438,1,0.046355028,0
293,36,7090.484,1,0.010376870,0
169,36,7090.494,1,0.044999607,0
68,43,7090.722,1,0.045273479,0
144,46,7090.851,1,0.048520718,0
250,47,7090.875,1,0.013135531,0
224,48,7090.904,1,0.022975637,0
91,48,7090.914,1,0.048196934,0
128,56,7091.19,1,0.009117452,0
38,58,7091.278,1,0.008733876,0
269,69,7091.644,1,0.009699069,0
240,69,7091.658,1,0.009714117,0
245,70,7091.68,1,0.009264397,0
337,80,7092.026,1,0.006791402,0
173,95,7092.558,1,0.009306965,0
112,101,7092.784,1,0.005630084,0
52,103,7092.848,1,0.011706562,0
42,105,7092.909,1,0.010550051,0
41,107,7092.983,1,0.009955971,0
127,116,7093.312,1,0.011395663,0
166,127,7093.68,1,0.004989738,0
307,128,7093.733,1,0.008476606,0
184,130,7093.803,1,0.008996101,0
194,133,7093.901,1,0.009242719,0
113,135,7093.972,1,0.012528682,0
199,136,7094.026,1,0.048556637,0
33,157,7094.749,1,0.014485168,0
76,178,7095.482,1,0.009215676,0
249,199,7096.238,1,0.008683781,0
319,207,7096.512,1,0.007793262,0
72,213,7096.719,1,0.009584538,0
41,225,7097.165,1,0.008659785,0
266,239,7097.651,1,0.007247169,0
273,103,7115.151,1,0.656931579,0
271,102,7117.235,1,0.481864870,0
37,2,7119.842,1,0.008922496,0
233,8,7120.063,1,0.006398578,0
248,15,7120.292,1,0.006745280,0
189,17,7120.364,1,0.006611565,0
191,21,7120.502,1,0.006927765,0
247,23,7120.581,1,0.006835693,0
182,29,7120.786,1,0.008881544,0
143,39,7121.14,1,0.009029985,0
23,46,7121.385,1,0.008795032,0
68,53,7121.63,1,0.008978849,0
173,55,7121.726,1,0.008883715,0
152,58,7121.816,1,0.008905632,0
137,60,7121.88,1,0.009291291,0
132,64,7122.013,1,0.049515091,0
88,68,7122.169,1,0.048555832,0
170,69,7122.213,1,0.049918659,0
171,72,7122.304,1,0.050292939,0
103,73,7122.358,1,0.037157200,0
168,80,7122.45,1,0.139433026,0
343,76,7122.457,1,0.009865429,0
99,77,7122.497,1,0.025445903,0
156,78,7122.51,1,0.054064985,0
335,79,7122.545,1,0.010116497,0
170,80,7122.58,1,0.108410627,0
320,80,7122.586,1,0.010655607,0
294,80,7122.598,1,0.012320093,0
287,83,7122.687,1,0.013469391,0
23,84,7122.727,1,0.017004531,0
272,84,7122.741,1,0.021822728,0
136,86,7122.817,1,0.055530440,0
167,87,7122.824,1,0.054305349,0
200,87,7122.838,1,0.048392396,0
128,92,7123.029,1,0.010219776,0
245,93,7123.04,1,0.009505425,0
278,94,7123.074,1,0.010315479,0
72,100,7123.312,1,0.013639792,0
267,101,7123.328,1,0.010764792,0
98,102,7123.374,1,0.005925272,0
47,103,7123.389,1,0.010926764,0
248,103,7123.402,1,0.009608004,0
185,103,7123.417,1,0.008527204,0
303,107,7123.542,1,0.008322265,0
184,109,7123.616,1,0.008910562,0
122,111,7123.677,1,0.007289288,0
2,120,7123.999,1,0.009297320,0
217,122,7124.061,1,0.009498665,0
104,124,7124.134,1,0.013772406,0
96,126,7124.198,1,0.012716043,0
250,135,7124.523,1,0.009708114,0
77,136,7124.575,1,0.010134592,0
144,176,7125.971,1,0.010681587,0
150,176,7125.985,1,0.010814826,0
93,184,7126.257,1,0.014642430,0
93,190,7126.474,1,0.014515730,0
62,198,7126.74,1,0.014223494,0
156,199,7126.797,1,0.015834546,0
188,216,7127.374,1,0.007533513,0
268,221,7127.574,1,0.007795563,0
110,227,7127.766,1,0.009117733,0
183,3,7129.31,1,0.006639283,0
151,3,7129.321,1,0.009142965,0
255,4,7129.353,1,0.009060404,0
255,5,7129.385,1,0.009987336,0
112,8,7129.496,1,0.009898785,0
60,8,7129.497,1,0.009976715,0
148,15,7129.738,1,0.014883232,0
53,16,7129.77,1,0.009220994,0
59,16,7129.789,1,0.009474783,0
54,18,7129.861,1,0.009743376,0
138,20,7129.924,1,0.009656330,0
162,23,7130.019,1,0.019764761,0
61,24,7130.051,1,0.038532995,0
116,24,7130.074,1,0.036431819,0
118,26,7130.125,1,0.038586296,0
215,27,7130.158,1,0.010791478,0
167,27,7130.175,1,0.021778120,0
253,29,7130.248,1,0.010571956,0
320,29,7130.248,1,0.009933717,0
189,32,7130.332,1,0.012643521,0
213,32,7130.345,1,0.011574443,0
103,33,7130.381,1,0.045877714,0
101,34,7130.405,1,0.046914298,0
303,35,7130.444,1,0.010215041,0
47,36,7130.479,1,0.042582892,0
109,38,7130.542,1,0.049222250,0
26,38,7130.555,1,0.046253044,0
196,43,7130.721,1,0.021288261,0
91,44,7130.767,1,0.048104409,0
297,45,7130.793,1,0.010462374,0
169,46,7130.83,1,0.049260054,0
93,48,7130.9,1,0.049044207,0
18,52,7131.039,1,0.008647186,0
88,54,7131.108,1,0.009055174,0
279,56,7131.19,1,0.006353168,0
280,57,7131.215,1,0.008351267,0
330,60,7131.326,1,0.023813227,0
331,60,7131.33,1,0.021836577,0
328,63,7131.429,1,0.006016790,0
142,64,7131.475,1,0.009077786,0
219,65,7131.508,1,0.008991736,0
77,66,7131.538,1,0.009494153,0
75,69,7131.637,1,0.008767572,0
80,71,7131.716,1,0.008879878,0
45,78,7131.956,1,0.004402551,0
41,78,7131.961,1,0.003985966,0
240,79,7131.999,1,0.009536932,0
225,85,7132.224,1,0.009032030,0
164,87,7132.302,1,0.009837215,0
320,88,7132.308,1,0.007953589,0
208,94,7132.521,1,0.008841239,0
208,103,7132.838,1,0.009250633,0
250,104,7132.886,1,0.009598920,0
287,120,7133.438,1,0.010970120,0
283,122,7133.505,1,0.011967405,0
271,124,7133.585,1,0.012395880,0
95,127,7133.686,1,0.012448006,0
299,129,7133.762,1,0.009019085,0
48,132,7133.888,1,0.010147951,0
83,148,7134.439,1,0.017033810,0
216,150,7134.496,1,0.044668894,0
126,160,7134.872,1,0.024677906,0
328,165,7135.044,1,0.007648075,0
183,168,7135.134,1,0.010314320,0
128,175,7135.375,1,0.009908663,0
180,175,7135.403,1,0.009634111,0
118,203,7136.371,1,0.009141756,0
231,213,7136.719,1,0.007768920,0
201,232,7137.402,1,0.008348476,0
289,247,7137.927,1,0.007282310,0
204,247,7137.927,1,0.006101399,0
205,248,7137.962,1,0.005036572,0
28,252,7138.11,1,0.012865510,0
261,255,7138.205,1,0.009340386,0
276,104,7142.717,0,0.655725181,0
273,103,7150.815,1,0.022039972,0
32,48,7154.812,1,0.046826873,0
141,3,7159.881,1,0.009629299,0
80,8,7160.06,1,0.009821088,0
135,31,7160.86,1,0.009567931,0
206,34,7160.967,1,0.008370719,0
300,36,7161.04,1,0.007278085,0
207,38,7161.12,1,0.009918810,0
200,39,7161.156,1,0.009429228,0
183,40,7161.176,1,0.009566567,0
175,45,7161.368,1,0.008936814,0
65,46,7161.381,1,0.009335869,0
305,46,7161.4,1,0.007920207,0
232,53,7161.639,1,0.007771640,0
227,54,7161.667,1,0.009544295,0
232,56,7161.738,1,0.008012741,0
3,56,7161.758,1,0.004468658,0
234,57,7161.765,1,0.009293926,0
177,60,7161.87,1,0.009662407,0
254,61,7161.931,1,0.011052369,0
257,63,7161.997,1,0.011891384,0
245,67,7162.125,1,0.039718833,0
329,71,7162.27,1,0.010086030,0
187,73,7162.352,1,0.049785845,0
154,74,7162.381,1,0.053374842,0
144,77,7162.476,1,0.053235665,0
152,78,7162.506,1,0.054058228,0
74,80,7162.602,1,0.039117176,0
214,80,7162.603,1,0.048896916,0
257,83,7162.683,1,0.037300706,0
103,85,7162.752,1,0.049471527,0
7,86,7162.791,1,0.015307677,0
109,92,7163.007,1,0.010010494,0
120,96,7163.153,1,0.010343049,0
317,97,7163.194,1,0.008064325,0
314,98,7163.224,1,0.009202946,0
127,101,7163.317,1,0.005368543,0
198,107,7163.529,1,0.008984588,0
120,110,7163.651,1,0.007021603,0
17,111,7163.676,1,0.009863222,0
197,112,7163.716,1,0.008756176,0
170,118,7163.944,1,0.009706652,0
149,122,7164.087,1,0.005899377,0
181,125,7164.188,1,0.008569302,0
65,133,7164.464,1,0.009649680,0
84,135,7164.53,1,0.010941305,0
263,145,7164.867,1,0.011003442,0
151,158,7165.335,1,0.013463986,0
154,158,7165.354,1,0.014479683,0
314,159,7165.363,1,0.007995396,0
213,159,7165.377,1,0.009196565,0
192,172,7165.828,1,0.007179002,0
127,173,7165.864,1,0.009812841,0
130,174,7165.901,1,0.010043656,0
320,184,7166.249,1,0.010954125,0
170,188,7166.389,1,0.014985489,0
224,189,7166.436,1,0.019721981,0
134,191,7166.498,1,0.015288426,0
200,224,7167.669,1,0.008099321,0
274,240,7168.222,1,0.007292090,0
217,10,7169.562,1,0.006560330,0
150,11,7169.594,1,0.010019951,0
339,12,7169.631,1,0.006389810,0
144,14,7169.706,1,0.011124567,0
257,16,7169.771,1,0.006984511,0
262,18,7169.847,1,0.006885808,0
124,20,7169.912,1,0.009752885,0
121,20,7169.923,1,0.008751827,0
263,23,7170.019,1,0.010296491,0
198,26,7170.127,1,0.010729153,0
238,32,7170.338,1,0.011153240,0
262,39,7170.585,1,0.011032492,0
22,39,7170.596,1,0.046790864,0
342,8,7170.645,0,0.181426495,0
231,45,7170.8,1,0.017079176,0
236,46,7170.84,1,0.015140459,0
119,51,7171.005,1,0.008652804,0
297,61,7171.365,1,0.007726562,0
72,63,7171.432,1,0.008948173,0
134,64,7171.468,1,0.009150921,0
160,72,7171.746,1,0.009230492,0
289,85,7172.203,1,0.008907842,0
29,87,7172.28,1,0.011151678,0
144,88,7172.309,1,0.011088651,0
332,104,7172.87,1,0.007658707,0
280,104,7172.892,1,0.061337709,0
278,107,7172.989,1,0.021402702,0
286,108,7173.014,1,0.009743035,0
225,109,7173.048,1,0.010077401,0
57,115,7173.27,1,0.010698132,0
168,121,7173.487,1,0.006216292,0
265,124,7173.599,1,0.008844449,0
191,129,7173.757,1,0.009027998,0
99,135,7173.972,1,0.011796378,0
314,136,7174.032,1,0.011465462,0
255,141,7174.176,1,0.035836622,0
335,143,7174.277,1,0.010594189,0
95,144,7174.31,1,0.020858929,0
257,150,7174.497,1,0.027760183,0
153,154,7174.645,1,0.030830700,0
266,156,7174.723,1,0.021355420,0
157,160,7174.855,1,0.026527440,0
255,179,7175.536,1,0.009592159,0
254,181,7175.604,1,0.010278596,0
25,189,7175.874,1,0.009499119,0
111,207,7176.508,1,0.008837922,0
161,211,7176.667,1,0.009830761,0
198,214,7176.776,1,0.008664903,0
323,224,7177.112,1,0.008136526,0
325,230,7177.334,1,0.008333299,0
172,239,7177.633,1,0.009688325,0
342,253,7178.139,1,0.010047316,0
344,3,7179.465,0,0.078451626,0
274,102,7182.893,1,0.020828636,0
223,4,7199.905,1,0.006387619,0
178,13,7200.218,1,0.007685861,0
55,35,7201.011,1,0.009022671,0
117,36,7201.042,1,0.009803265,0
159,45,7201.349,1,0.008920329,0
238,47,7201.418,1,0.009722354,0
251,48,7201.463,1,0.009960865,0
288,54,7201.67,1,0.008352650,0
90,62,7201.953,1,0.009226471,0
246,64,7202.026,1,0.033987314,0
241,75,7202.411,1,0.044643208,0
255,83,7202.708,1,0.039157629,0
155,88,7202.866,1,0.056344483,0
223,32,7202.875,1,0.011433231,0
178,88,7202.878,1,0.050805036,0
65,92,7203.015,1,0.010380507,0
32,48,7203.022,1,0.008947815,0
232,95,7203.122,1,0.009434801,0
84,96,7203.149,1,0.005797800,0
49,99,7203.26,1,0.011834051,0
308,105,7203.484,1,0.008430574,0
148,116,7203.857,1,0.006220249,0
282,117,7203.891,1,0.010216954,0
13,124,7204.143,1,0.009742161,0
176,128,7204.277,1,0.009354481,0
93,133,7204.459,1,0.011435618,0
188,135,7204.525,1,0.009193016,0
63,136,7204.556,1,0.009244326,0
62,136,7204.564,1,0.007570779,0
37,137,7204.616,1,0.009014211,0
60,141,7204.758,1,0.009696138,0
158,150,7205.068,1,0.013245544,0
176,151,7205.084,1,0.008891624,0
95,156,7205.264,1,0.010537425,0
269,157,7205.293,1,0.009591769,0
304,160,7205.398,1,0.008316451,0
23,160,7205.425,1,0.009312106,0
120,163,7205.512,1,0.010412102,0
260,164,7205.541,1,0.011140320,0
122,164,7205.557,1,0.010675672,0
263,172,7205.83,1,0.010899803,0
72,187,7206.353,1,0.014488715,0
112,188,7206.387,1,0.014461337,0
63,190,7206.469,1,0.014356322,0
224,191,7206.5,1,0.020431593,0
326,196,7206.667,1,0.010821910,0
114,198,7206.749,1,0.014310808,0
167,200,7206.815,1,0.014579434,0
210,212,7207.242,1,0.004453028,0
208,212,7207.257,1,0.010451742,0
108,213,7207.278,1,0.010345943,0
340,219,7207.481,1,0.007406130,0
264,231,7207.912,1,0.007693196,0
120,232,7207.953,1,0.009258447,0
123,238,7208.176,1,0.008556089,0
113,246,7208.436,1,0.008646196,0
278,104,7208.71,0,0.904824972,1
166,5,7209.38,1,0.007745991,0
224,6,7209.443,1,0.007393511,0
254,7,7209.453,1,0.006245472,0
89,8,7209.498,1,0.007222349,0
259,11,7209.61,1,0.007846409,0
260,12,7209.628,1,0.009638876,0
93,12,7209.637,1,0.005271656,0
199,13,7209.672,1,0.006569616,0
254,14,7209.696,1,0.006839151,0
279,14,7209.708,1,0.007603879,0
61,16,7209.77,1,0.009813361,0
59,17,7209.802,1,0.008981247,0
58,18,7209.839,1,0.019375902,0
57,19,7209.887,1,0.012805158,0
44,22,7209.981,1,0.009345002,0
214,30,7210.264,1,0.011238525,0
106,30,7210.265,1,0.044607501,0
293,32,7210.343,1,0.008650714,0
296,32,7210.363,1,0.008119043,0
198,33,7210.386,1,0.011842263,0
324,37,7210.518,1,0.009911775,0
64,37,7210.518,1,0.041732803,0
18,39,7210.598,1,0.046768554,0
273,40,7210.622,1,0.010693909,0
158,44,7210.761,1,0.049111255,0
50,45,7210.807,1,0.047009863,0
149,48,7210.913,1,0.048338868,0
172,53,7211.073,1,0.008917050,0
223,54,7211.109,1,0.008994682,0
35,54,7211.118,1,0.008517369,0
229,56,7211.182,1,0.009179010,0
306,63,7211.434,1,0.007327338,0
129,65,7211.505,1,0.008779275,0
132,68,7211.605,1,0.011172620,0
68,72,7211.762,1,0.008965816,0
97,85,7212.232,1,0.009288584,0
227,94,7212.525,1,0.009430451,0
69,110,7213.084,1,0.011803328,0
39,110,7213.091,1,0.009013010,0
53,111,7213.12,1,0.010662934,0
37,112,7213.158,1,0.008447256,0
102,125,7213.625,1,0.012408121,0
157,128,7213.731,1,0.006425777,0
156,132,7213.862,1,0.007517917,0
157,133,7213.899,1,0.014373572,0
232,142,7214.217,1,0.044674378,0
247,145,7214.32,1,0.038489208,0
104,147,7214.409,1,0.022273300,0
262,150,7214.517,1,0.024898382,0
235,152,7214.571,1,0.042346902,0
224,157,7214.749,1,0.044038597,0
258,158,7214.782,1,0.023204912,0
103,164,7214.994,1,0.015528820,0
134,166,7215.087,1,0.010755610,0
296,176,7215.429,1,0.008559811,0
101,180,7215.57,1,0.008846012,0
98,182,7215.65,1,0.009742451,0
106,197,7216.165,1,0.008869230,0
110,200,7216.282,1,0.009194094,0
323,207,7216.512,1,0.007739712,0
82,211,7216.646,1,0.008637328,0
159,216,7216.829,1,0.009262323,0
79,222,7217.04,1,0.008546722,0
43,232,7217.386,1,0.008472992,0
53,246,7217.885,1,0.008039896,0
279,104,7225.23,0,0.787927806,0
61,8,7240.043,1,0.009388119,0
299,12,7240.199,1,0.007135721,0
182,21,7240.497,1,0.008114155,0
267,24,7240.605,1,0.007036780,0
48,32,7240.899,1,0.009047865,0
53,33,7240.925,1,0.008773877,0
211,54,7241.667,1,0.009037990,0
228,62,7241.941,1,0.009586667,0
171,67,7242.133,1,0.049551222,0
314,68,7242.153,1,0.010483822,0
311,69,7242.204,1,0.010598713,0
233,71,7242.267,1,0.044712257,0
10,71,7242.279,1,0.016706115,0
173,72,7242.304,1,0.050107822,0
115,77,7242.477,1,0.050929260,0
94,79,7242.553,1,0.048983671,0
119,82,7242.654,1,0.052511733,0
114,82,7242.668,1,0.051985055,0
125,86,7242.789,1,0.054445483,0
256,87,7242.838,1,0.038416620,0
104,91,7242.984,1,0.047218770,0
95,92,7243.009,1,0.005523968,0
185,93,7243.039,1,0.008792966,0
26,101,7243.319,1,0.010002241,0
254,102,7243.358,1,0.009310043,0
123,102,7243.365,1,0.004804316,0
248,102,7243.378,1,0.009400837,0
115,103,7243.401,1,0.005558688,0
274,103,7243.414,1,0.686998963,0
276,104,7243.422,1,0.651011527,0
287,104,7243.451,1,0.008639480,0
96,105,7243.468,1,0.010782618,0
31,106,7243.493,1,0.012548489,0
33,106,7243.505,1,0.013574761,0
144,106,7243.515,1,0.005590803,0
284,107,7243.53,1,0.010977366,0
8,108,7243.572,1,0.009586567,0
147,108,7243.574,1,0.005115294,0
216,111,7243.676,1,0.009300570,0
284,111,7243.686,1,0.009495624,0
39,112,7243.734,1,0.009890296,0
22,115,7243.84,1,0.009704201,0
138,116,7243.851,1,0.007516961,0
132,116,7243.862,1,0.009875719,0
312,117,7243.895,1,0.008066798,0
93,118,7243.918,1,0.013019650,0
50,118,7243.926,1,0.010089720,0
265,119,7243.957,1,0.009251827,0
277,119,7243.967,1,0.009831443,0
174,122,7244.062,1,0.009127371,0
118,124,7244.137,1,0.016343493,0
116,126,7244.205,1,0.010054931,0
118,128,7244.274,1,0.011865106,0
48,131,7244.377,1,0.009707386,0
69,132,7244.412,1,0.010075485,0
211,134,7244.485,1,0.008384473,0
207,134,7244.49,1,0.006725499,0
16,135,7244.535,1,0.009081530,0
280,136,7244.563,1,0.009933468,0
327,137,7244.596,1,0.007355064,0
319,138,7244.632,1,0.007660646,0
262,143,7244.805,1,0.009473491,0
130,144,7244.849,1,0.012775476,0
184,150,7245.054,1,0.003403191,0
204,158,7245.335,1,0.009039417,0
175,158,7245.346,1,0.011849647,0
83,160,7245.419,1,0.009590833,0
235,163,7245.511,1,0.009164746,0
168,168,7245.686,1,0.011045318,0
5,176,7245.965,1,0.008644055,0
163,184,7246.244,1,0.017005855,0
195,184,7246.251,1,0.011828872,0
58,191,7246.501,1,0.014299572,0
245,194,7246.604,1,0.009653080,0
249,198,7246.758,1,0.012301348,0
149,200,7246.811,1,0.016331937,0
303,200,7246.819,1,0.009164620,0
301,202,7246.881,1,0.009699821,0
192,205,7246.986,1,0.010666063,0
88,207,7247.063,1,0.008864524,0
47,213,7247.272,1,0.008402821,0
48,214,7247.321,1,0.008233387,0
88,221,7247.572,1,0.008744797,0
240,231,7247.917,1,0.007138516,0
128,240,7248.237,1,0.008720646,0
52,248,7248.514,1,0.008842372,0
50,251,7248.624,1,0.008109072,0
51,6,7249.414,1,0.009210623,0
138,7,7249.469,1,0.010759421,0
48,13,7249.668,1,0.009292056,0
303,16,7249.799,1,0.007088605,0
218,22,7249.998,1,0.006914953,0
234,23,7250.014,1,0.008698444,0
237,23,7250.026,1,0.008245816,0
295,24,7250.051,1,0.010138668,0
153,28,7250.195,1,0.044685449,0
333,30,7250.261,1,0.009734298,0
247,30,7250.289,1,0.010696164,0
334,32,7250.331,1,0.009732933,0
215,32,7250.337,1,0.011554026,0
270,32,7250.359,1,0.010458180,0
121,36,7250.473,1,0.047869399,0
5,37,7250.517,1,0.043626159,0
263,40,7250.621,1,0.011127611,0
257,42,7250.688,1,0.011748902,0
31,48,7250.921,1,0.012704362,0
189,52,7251.054,1,0.007859666,0
190,53,7251.09,1,0.014587334,0
211,55,7251.147,1,0.008553646,0
107,55,7251.167,1,0.008608859,0
91,56,7251.191,1,0.008621688,0
8,58,7251.268,1,0.004509544,0
288,68,7251.605,1,0.008544880,0
244,70,7251.682,1,0.009335864,0
32,48,7251.726,1,0.007606456,0
88,72,7251.745,1,0.009133954,0
87,75,7251.854,1,0.008800820,0
204,81,7252.062,1,0.009043423,0
134,92,7252.457,1,0.011196603,0
125,109,7253.056,1,0.005859260,0
285,115,7253.268,1,0.009539293,0
237,120,7253.445,1,0.009542816,0
283,122,7253.51,1,0.010463540,0
231,124,7253.581,1,0.009492521,0
110,125,7253.631,1,0.013476711,0
70,135,7253.973,1,0.009830841,0
228,138,7254.072,1,0.044720858,0
137,150,7254.501,1,0.032221265,0
209,151,7254.538,1,0.044417121,0
3,152,7254.569,1,0.014042723,0
5,153,7254.62,1,0.014085085,0
328,156,7254.728,1,0.010732944,0
13,158,7254.803,1,0.014182615,0
242,159,7254.814,1,0.032008160,0
271,160,7254.864,1,0.021558098,0
340,163,7254.967,1,0.010513251,0
273,174,7255.342,1,0.009958260,0
36,204,7256.415,1,0.009759163,0
182,208,7256.555,1,0.008936561,0
295,241,7257.71,1,0.007405366,0
88,248,7257.963,1,0.009082522,0
93,255,7258.211,1,0.013335777,0
21,7,7276.804,1,0.008524708,0
311,24,7279.537,1,0.006885088,0
48,8,7280.049,1,0.009304275,0
162,10,7280.114,1,0.008395703,0
49,16,7280.325,1,0.009130782,0
308,16,7280.351,1,0.006808544,0
47,24,7280.609,1,0.008694255,0
328,30,7280.821,1,0.006643916,0
151,30,7280.821,1,0.009395257,0
322,30,7280.843,1,0.006327582,0
82,39,7281.151,1,0.009232049,0
154,48,7281.465,1,0.008976334,0
23,51,7281.56,1,0.008701117,0
50,52,7281.611,1,0.009675400,0
49,53,7281.631,1,0.015185206,0
102,55,7281.699,1,0.009058362,0
208,61,7281.911,1,0.009103497,0
104,62,7281.951,1,0.008796787,0
144,69,7282.187,1,0.051329587,0
139,77,7282.479,1,0.052823182,0
275,77,7282.48,1,0.021751003,0
199,78,7282.506,1,0.048744176,0
263,78,7282.535,1,0.028416753,0
301,80,7282.585,1,0.011823016,0
296,88,7282.868,1,0.012453030,0
162,95,7283.116,1,0.009872988,0
277,104,7283.424,1,0.074228726,0
209,108,7283.568,1,0.008964863,0
32,117,7283.883,1,0.009854760,0
146,136,7284.56,1,0.015421244,0
96,164,7285.546,1,0.008509859,0
95,165,7285.594,1,0.010762217,0
177,166,7285.618,1,0.010079176,0
172,171,7285.79,1,0.010116001,0
136,181,7286.162,1,0.018008657,0
314,199,7286.78,1,0.011069258,0
136,200,7286.809,1,0.015129279,0
320,206,7287.032,1,0.007662129,0
72,208,7287.118,1,0.008958044,0
44,231,7287.911,1,0.009183618,0
41,231,7287.931,1,0.009475933,0
284,237,7288.121,1,0.007351907,0
18,245,7288.419,1,0.008913186,0
8,3,7289.312,1,0.008823194,0
169,4,7289.345,1,0.007445581,0
281,4,7289.356,1,0.007207143,0
13,5,7289.383,1,0.008532475,0
236,6,7289.424,1,0.006723881,0
151,6,7289.424,1,0.009968458,0
264,8,7289.488,1,0.006743804,0
173,8,7289.503,1,0.006593400,0
135,11,7289.601,1,0.009208665,0
223,14,7289.72,1,0.007351110,0
196,16,7289.769,1,0.006831734,0
266,16,7289.77,1,0.007264174,0
217,16,7289.794,1,0.007771651,0
257,18,7289.849,1,0.007548091,0
262,19,7289.881,1,0.006677336,0
249,20,7289.91,1,0.008090572,0
35,22,7289.98,1,0.009282113,0
278,23,7290.016,1,0.010199095,0
262,23,7290.024,1,0.010291171,0
242,24,7290.071,1,0.010495982,0
247,26,7290.143,1,0.010548607,0
140,27,7290.157,1,0.044651028,0
148,28,7290.205,1,0.044664685,0
56,30,7290.266,1,0.039161101,0
96,31,7290.297,1,0.041743267,0
58,31,7290.324,1,0.039541766,0
323,32,7290.333,1,0.008966946,0
15,33,7290.39,1,0.043529611,0
323,34,7290.403,1,0.009959102,0
297,38,7290.56,1,0.010369130,0
92,39,7290.582,1,0.046761062,0
299,39,7290.594,1,0.010346031,0
163,40,7290.617,1,0.049424667,0
137,43,7290.729,1,0.049001854,0
190,44,7290.782,1,0.016805625,0
185,45,7290.794,1,0.049899567,0
190,47,7290.891,1,0.015684653,0
245,51,7291.015,1,0.009696537,0
223,56,7291.191,1,0.009142390,0
85,58,7291.253,1,0.008661754,0
271,61,7291.365,1,0.009363314,0
35,64,7291.464,1,0.008468114,0
215,66,7291.537,1,0.008591194,0
305,68,7291.619,1,0.007689273,0
0,69,7291.64,1,0.014019490,0
2,69,7291.658,1,0.018266758,0
216,72,7291.752,1,0.009014893,0
292,86,7292.243,1,0.009106896,0
94,87,7292.272,1,0.009364525,0
151,50,7292.782,1,0.008523004,0
288,102,7292.805,1,0.009882333,0
56,107,7292.976,1,0.011858958,0
135,115,7293.274,1,0.006792724,0
238,117,7293.334,1,0.009486224,0
236,118,7293.38,1,0.009783834,0
169,120,7293.44,1,0.010648351,0
204,80,7293.62,1,0.008881913,0
233,128,7293.73,1,0.009606748,0
203,131,7293.827,1,0.009560560,0
230,134,7293.937,1,0.009802544,0
227,144,7294.308,1,0.044708733,0
228,152,7294.568,1,0.044659726,0
113,157,7294.756,1,0.021050896,0
264,166,7295.063,1,0.009990869,0
221,168,7295.134,1,0.008836740,0
192,171,7295.241,1,0.006493210,0
183,173,7295.306,1,0.009431219,0
301,173,7295.335,1,0.008382470,0
119,191,7295.961,1,0.009952991,0
238,208,7296.54,1,0.009029930,0
71,215,7296.798,1,0.008583443,0
7,232,7297.396,1,0.008347884,0
82,244,7297.821,1,0.008459622,0
276,103,7313.963,1,0.399279177,0
55,2,7319.832,1,0.009275538,0
33,11,7320.149,1,0.008647386,0
214,12,7320.211,1,0.007022767,0
247,16,7320.322,1,0.006956624,0
284,16,7320.329,1,0.007006625,0
93,19,7320.43,1,0.009576313,0
41,24,7320.611,1,0.008693770,0
42,30,7320.823,1,0.009033264,0
65,37,7321.065,1,0.008953748,0
206,47,7321.414,1,0.014090238,0
338,47,7321.432,1,0.006533954,0
232,65,7322.057,1,0.044660185,0
85,79,7322.554,1,0.044199809,0
129,80,7322.599,1,0.053037941,0
88,85,7322.759,1,0.041963626,0
257,88,7322.864,1,0.037610855,0
161,95,7323.113,1,0.009915903,0
43,95,7323.129,1,0.012168926,0
227,96,7323.145,1,0.008290211,0
223,100,7323.288,1,0.007008927,0
63,110,7323.635,1,0.011330226,0
103,112,7323.722,1,0.015730198,0
143,115,7323.821,1,0.006532487,0
113,118,7323.924,1,0.017521841,0
186,122,7324.086,1,0.009058050,0
77,125,7324.17,1,0.011102567,0
40,127,7324.256,1,0.009588396,0
47,135,7324.544,1,0.009239305,0
225,140,7324.698,1,0.009568817,0
189,141,7324.732,1,0.008683211,0
73,151,7325.095,1,0.009644090,0
45,152,7325.116,1,0.007037300,0
44,152,7325.145,1,0.006911938,0
283,157,7325.307,1,0.009506950,0
47,158,7325.335,1,0.009575047,0
56,159,7325.362,1,0.009010098,0
108,159,7325.389,1,0.010200193,0
283,160,7325.407,1,0.010083602,0
143,164,7325.542,1,0.012425043,0
11,164,7325.567,1,0.009520929,0
102,166,7325.611,1,0.009799933,0
10,167,7325.653,1,0.008491877,0
204,174,7325.892,1,0.003491950,0
40,174,7325.902,1,0.009655167,0
95,179,7326.087,1,0.014734836,0
176,180,7326.124,1,0.013566425,0
41,190,7326.463,1,0.014170688,0
176,192,7326.538,1,0.006785624,0
176,195,7326.633,1,0.009293881,0
95,198,7326.74,1,0.014332490,0
138,198,7326.757,1,0.015434962,0
191,199,7326.786,1,0.010833492,0
191,205,7326.991,1,0.010674973,0
124,205,7326.991,1,0.014339820,0
312,208,7327.103,1,0.007853931,0
32,213,7327.28,1,0.009176522,0
94,228,7327.802,1,0.010410494,0
96,229,7327.837,1,0.008765990,0
162,237,7328.135,1,0.008256488,0
164,239,7328.188,1,0.009725968,0
27,255,7328.758,1,0.008109617,0
309,3,7329.309,1,0.006670306,0
119,6,7329.425,1,0.009579163,0
47,8,7329.492,1,0.009569301,0
331,8,7329.516,1,0.007062380,0
256,10,7329.556,1,0.007159113,0
81,11,7329.601,1,0.009720844,0
132,12,7329.634,1,0.009625417,0
262,14,7329.699,1,0.006845696,0
168,16,7329.774,1,0.008647484,0
303,21,7329.954,1,0.007005035,0
152,22,7329.987,1,0.009830232,0
200,23,7330.016,1,0.078846179,0
199,23,7330.022,1,0.086671956,0
264,23,7330.038,1,0.010271923,0
249,25,7330.091,1,0.010492184,0
7,30,7330.29,1,0.042030044,0
79,34,7330.411,1,0.009639000,0
79,35,7330.467,1,0.028835047,0
87,36,7330.474,1,0.043049894,0
231,36,7330.482,1,0.012004986,0
165,37,7330.51,1,0.084667973,0
163,37,7330.526,1,0.086784430,0
101,40,7330.614,1,0.049429752,0
98,41,7330.658,1,0.049612831,0
192,42,7330.691,1,0.023831401,0
198,44,7330.754,1,0.021181930,0
102,44,7330.785,1,0.049677812,0
235,45,7330.791,1,0.014271264,0
96,45,7330.807,1,0.049379475,0
320,46,7330.836,1,0.010059854,0
89,48,7330.897,1,0.083799616,0
87,48,7330.903,1,0.097867951,0
254,53,7331.078,1,0.009821570,0
231,55,7331.16,1,0.008894752,0
99,56,7331.176,1,0.008612836,0
263,59,7331.288,1,0.009837344,0
30,62,7331.403,1,0.008811055,0
71,64,7331.471,1,0.008652518,0
120,69,7331.64,1,0.009435759,0
103,71,7331.717,1,0.008960420,0
320,75,7331.86,1,0.007533531,0
298,77,7331.931,1,0.008360023,0
214,79,7331.993,1,0.009133794,0
183,80,7332.027,1,0.009054570,0
40,88,7332.309,1,0.013063055,0
98,92,7332.449,1,0.008108907,0
139,102,7332.813,1,0.004798527,0
254,104,7332.87,1,0.009366374,0
151,113,7333.202,1,0.005334232,0
332,118,7333.366,1,0.007552300,0
161,120,7333.446,1,0.005518444,0
114,126,7333.658,1,0.014274893,0
330,133,7333.894,1,0.007524373,0
30,134,7333.932,1,0.009488357,0
64,136,7334.012,1,0.017375486,0
244,137,7334.044,1,0.044584062,0
293,140,7334.141,1,0.013338978,0
233,144,7334.289,1,0.044660419,0
37,172,7335.277,1,0.009261474,0
327,184,7335.696,1,0.007984787,0
86,205,7336.462,1,0.010031170,0
64,231,7337.359,1,0.008789908,0
39,232,7337.409,1,0.008819212,0
177,251,7338.063,1,0.013170648,0
24,6,7359.973,1,0.009011831,0
184,7,7360.016,1,0.006653931,0
97,8,7360.036,1,0.009531435,0
239,12,7360.189,1,0.006634032,0
201,13,7360.221,1,0.006354483,0
200,20,7360.486,1,0.006760511,0
132,25,7360.637,1,0.009902916,0
302,30,7360.835,1,0.007074214,0
319,40,7361.181,1,0.007063260,0
233,42,7361.24,1,0.009574888,0
317,46,7361.378,1,0.007064953,0
207,47,7361.433,1,0.012429708,0
37,49,7361.494,1,0.008833562,0
47,53,7361.636,1,0.008784592,0
73,54,7361.681,1,0.008797631,0
80,55,7361.704,1,0.009041308,0
52,56,7361.732,1,0.009175659,0
221,59,7361.853,1,0.008708987,0
220,60,7361.877,1,0.019569729,0
207,61,7361.916,1,0.008796657,0
91,68,7362.168,1,0.048596367,0
143,69,7362.204,1,0.051215421,0
294,78,7362.513,1,0.012236128,0
287,78,7362.523,1,0.013019865,0
151,78,7362.535,1,0.053628650,0
204,80,7362.605,1,0.048416205,0
205,82,7362.656,1,0.048268780,0
202,84,7362.726,1,0.048338212,0
80,86,7362.818,1,0.041037984,0
337,88,7362.867,1,0.010276267,0
110,94,7363.096,1,0.010249720,0
0,96,7363.141,1,0.009715301,0
93,102,7363.352,1,0.005667462,0
276,105,7363.465,1,0.044743713,0
328,107,7363.536,1,0.007380140,0
319,108,7363.595,1,0.007829841,0
99,111,7363.673,1,0.015587525,0
48,112,7363.709,1,0.010796111,0
191,116,7363.853,1,0.008700692,0
53,116,7363.864,1,0.010884685,0
78,119,7363.959,1,0.012027403,0
293,120,7364.01,1,0.009323736,0
263,122,7364.062,1,0.008993857,0
230,123,7364.105,1,0.009665473,0
200,123,7364.123,1,0.009234456,0
139,126,7364.206,1,0.016867870,0
216,127,7364.246,1,0.009945791,0
279,106,7364.446,0,0.333025783,0
272,134,7364.485,1,0.011273586,0
258,141,7364.735,1,0.009212886,0
258,142,7364.765,1,0.004632980,0
221,142,7364.776,1,0.009393659,0
188,143,7364.803,1,0.009313413,0
258,143,7364.811,1,0.013478403,0
103,148,7364.982,1,0.010502978,0
149,154,7365.193,1,0.010331414,0
148,155,7365.233,1,0.011649782,0
89,155,7365.247,1,0.009634771,0
176,157,7365.31,1,0.010208543,0
128,159,7365.363,1,0.011223316,0
224,159,7365.381,1,0.009411069,0
64,160,7365.402,1,0.009539099,0
268,160,7365.429,1,0.009485668,0
310,162,7365.478,1,0.008052121,0
291,166,7365.614,1,0.009314949,0
172,167,7365.645,1,0.010160038,0
272,167,7365.653,1,0.009979683,0
72,174,7365.923,1,0.009301656,0
88,183,7366.225,1,0.014719406,0
253,184,7366.273,1,0.013924294,0
333,187,7366.378,1,0.010716493,0
152,189,7366.437,1,0.016895276,0
342,198,7366.743,1,0.010624195,0
150,199,7366.795,1,0.016315283,0
183,204,7366.967,1,0.011357291,0
56,206,7367.024,1,0.009117367,0
127,214,7367.311,1,0.009057318,0
168,247,7368.47,1,0.011113510,0
245,12,7369.641,1,0.007532166,0
326,16,7369.797,1,0.010636100,0
191,22,7369.981,1,0.008069656,0
81,22,7369.989,1,0.009618596,0
68,23,7370.016,1,0.039346289,0
24,23,7370.025,1,0.036372595,0
36,24,7370.05,1,0.036626805,0
22,24,7370.053,1,0.037028708,0
86,24,7370.064,1,0.041235507,0
58,24,7370.077,1,0.038118865,0
152,28,7370.198,1,0.044682499,0
156,29,7370.226,1,0.044681907,0
261,29,7370.232,1,0.010477705,0
82,30,7370.261,1,0.040747259,0
9,30,7370.266,1,0.041807145,0
103,35,7370.448,1,0.047522876,0
116,38,7370.566,1,0.049144823,0
231,45,7370.794,1,0.017150551,0
138,46,7370.84,1,0.048793826,0
244,46,7370.852,1,0.013476596,0
307,47,7370.872,1,0.010285422,0
229,48,7370.901,1,0.021820510,0
228,51,7371.007,1,0.011465428,0
185,53,7371.075,1,0.008623461,0
263,54,7371.116,1,0.009514353,0
189,56,7371.184,1,0.008656486,0
314,56,7371.19,1,0.006842144,0
124,59,7371.29,1,0.008968934,0
315,62,7371.399,1,0.007010524,0
128,73,7371.794,1,0.009232529,0
145,75,7371.859,1,0.009464151,0
97,76,7371.887,1,0.008758013,0
229,83,7372.132,1,0.009496588,0
279,94,7372.538,1,0.009441759,0
136,95,7372.559,1,0.010817045,0
224,102,7372.805,1,0.009586028,0
134,103,7372.841,1,0.004961450,0
75,108,7373.014,1,0.015832776,0
72,108,7373.023,1,0.013672336,0
26,114,7373.24,1,0.010090686,0
291,115,7373.26,1,0.007929954,0
104,116,7373.296,1,0.015359052,0
294,118,7373.368,1,0.008941212,0
206,120,7373.449,1,0.009233487,0
164,124,7373.598,1,0.003947266,0
199,125,7373.616,1,0.009038105,0
162,126,7373.654,1,0.010948598,0
91,136,7374.005,1,0.023818299,0
177,152,7374.573,1,0.021144735,0
71,166,7375.066,1,0.008959064,0
151,198,7376.202,1,0.009827646,0
24,199,7376.248,1,0.008572434,0
200,214,7376.757,1,0.008225537,0
191,216,7376.824,1,0.007095350,0
55,219,7376.945,1,0.008191008,0
54,221,7377.018,1,0.008887515,0
51,222,7377.046,1,0.011344410,0
50,223,7377.083,1,0.010791309,0
328,227,7377.233,1,0.007423438,0
328,231,7377.379,1,0.007741976,0
235,232,7377.394,1,0.007690165,0
233,233,7377.437,1,0.006915818,0
163,239,7377.641,1,0.008743396,0
143,240,7377.695,1,0.008670192,0
189,243,7377.79,1,0.006769702,0
48,248,7377.958,1,0.008414796,0
219,256,7378.233,1,0.007960511,0
215,2,7399.834,1,0.006423944,0
77,3,7399.866,1,0.009462712,0
215,6,7399.969,1,0.007249395,0
197,18,7400.4,1,0.006750170,0
218,21,7400.519,1,0.007431710,0
217,23,7400.573,1,0.007602836,0
31,24,7400.62,1,0.008700799,0
203,30,7400.84,1,0.008015568,0
287,32,7400.883,1,0.006894230,0
281,32,7400.906,1,0.006860087,0
252,34,7400.96,1,0.007886807,0
250,38,7401.101,1,0.008166535,0
335,39,7401.133,1,0.007002757,0
7,44,7401.314,1,0.009057554,0
49,47,7401.433,1,0.008766362,0
210,50,7401.53,1,0.009106874,0
141,53,7401.628,1,0.008978942,0
199,55,7401.701,1,0.008941550,0
212,56,7401.737,1,0.006954335,0
286,56,7401.75,1,0.008142482,0
210,58,7401.808,1,0.007408356,0
109,63,7402.001,1,0.048777685,0
98,64,7402.021,1,0.048616771,0
286,70,7402.237,1,0.012319455,0
96,71,7402.275,1,0.048721317,0
109,72,7402.306,1,0.049619649,0
296,80,7402.579,1,0.012197207,0
32,48,7402.662,1,0.047041059,0
316,86,7402.811,1,0.011076991,0
89,94,7403.072,1,0.004662880,0
234,94,7403.081,1,0.009463365,0
21,96,7403.152,1,0.009865202,0
22,99,7403.246,1,0.010015150,0
80,102,7403.354,1,0.015960237,0
84,103,7403.4,1,0.009636851,0
84,104,7403.426,1,0.012677603,0
199,109,7403.616,1,0.008691490,0
332,111,7403.689,1,0.007380626,0
255,118,7403.927,1,0.009321828,0
162,123,7404.106,1,0.005139847,0
15,133,7404.471,1,0.008855813,0
160,134,7404.481,1,0.009737719,0
156,134,7404.496,1,0.010264082,0
159,135,7404.536,1,0.008387875,0
296,137,7404.607,1,0.009276349,0
109,138,7404.634,1,0.011107957,0
110,140,7404.696,1,0.013294307,0
107,140,7404.704,1,0.009672892,0
300,143,7404.798,1,0.008816395,0
163,148,7404.981,1,0.013493451,0
261,150,7405.05,1,0.010083311,0
337,156,7405.271,1,0.007326963,0
72,160,7405.424,1,0.009215202,0
77,162,7405.494,1,0.009281403,0
67,166,7405.624,1,0.009248789,0
125,168,7405.683,1,0.010110191,0
132,175,7405.946,1,0.009835233,0
119,176,7405.97,1,0.009992704,0
335,177,7406.009,1,0.010649783,0
117,180,7406.111,1,0.015096134,0
96,198,7406.745,1,0.014319951,0
47,212,7407.244,1,0.008304296,0
86,229,7407.851,1,0.008644153,0
286,234,7408.027,1,0.007265174,0
257,244,7408.364,1,0.006926777,0
135,245,7408.41,1,0.008335353,0
41,254,7408.72,1,0.007921470,0
295,259,7408.898,1,0.006773712,0
104,3,7409.327,1,0.009814817,0
108,4,7409.357,1,0.009701859,0
91,6,7409.418,1,0.009857096,0
183,7,7409.457,1,0.006611123,0
94,8,7409.514,1,0.009990704,0
32,11,7409.622,1,0.009174111,0
117,14,7409.706,1,0.009620005,0
330,16,7409.767,1,0.016943935,0
331,16,7409.772,1,0.018422080,0
25,18,7409.842,1,0.009044206,0
93,21,7409.955,1,0.009764506,0
139,23,7410.015,1,0.044600248,0
25,23,7410.022,1,0.036257319,0
152,24,7410.051,1,0.037947353,0
29,24,7410.06,1,0.036529310,0
111,29,7410.236,1,0.044625591,0
29,29,7410.249,1,0.039448727,0
25,30,7410.266,1,0.040574647,0
149,39,7410.597,1,0.049884953,0
227,40,7410.633,1,0.013431205,0
15,42,7410.688,1,0.044581849,0
285,45,7410.813,1,0.010620466,0
315,46,7410.828,1,0.010143297,0
19,47,7410.869,1,0.041340202,0
136,48,7410.901,1,0.048436686,0
168,49,7410.942,1,0.048887990,0
148,49,7410.958,1,0.048416674,0
227,55,7411.155,1,0.008765236,0
247,60,7411.326,1,0.009528091,0
168,61,7411.356,1,0.009116635,0
95,63,7411.444,1,0.008692508,0
262,68,7411.616,1,0.011691940,0
319,79,7411.994,1,0.046654448,0
319,80,7412.037,1,0.020575218,0
202,85,7412.21,1,0.009091822,0
97,87,7412.273,1,0.009430194,0
229,91,7412.419,1,0.009613230,0
280,104,7412.883,1,0.913375437,1
285,108,7413.02,1,0.011475264,0
2,112,7413.162,1,0.009750915,0
48,115,7413.265,1,0.010203014,0
152,119,7413.413,1,0.005720781,0
238,124,7413.584,1,0.009749192,0
51,127,7413.683,1,0.009545757,0
296,135,7413.97,1,0.009282135,0
7,142,7414.213,1,0.014151981,0
287,142,7414.22,1,0.014148789,0
48,150,7414.513,1,0.012862276,0
51,152,7414.579,1,0.014910951,0
56,153,7414.606,1,0.014986503,0
52,154,7414.638,1,0.010733476,0
315,159,7414.816,1,0.011315802,0
182,164,7415.012,1,0.011714801,0
152,174,7415.346,1,0.011203834,0
10,136,7416.318,1,0.009340434,0
312,224,7417.125,1,0.007578744,0
279,105,7424.665,1,0.701193631,0
32,48,7430.317,1,0.047047392,0
281,105,7433.898,1,0.894861102,0
241,5,7439.951,1,0.006703180,0
150,10,7440.119,1,0.009677438,0
27,11,7440.15,1,0.008566309,0
12,16,7440.336,1,0.008839448,0
66,19,7440.431,1,0.009240588,0
12,21,7440.5,1,0.009100543,0
148,24,7440.61,1,0.009894229,0
305,24,7440.629,1,0.007673888,0
307,26,7440.678,1,0.005385597,0
147,28,7440.758,1,0.009898167,0
200,32,7440.888,1,0.008363205,0
145,37,7441.076,1,0.009076469,0
63,40,7441.173,1,0.009147848,0
64,44,7441.325,1,0.009150511,0
257,46,7441.395,1,0.008629275,0
262,47,7441.418,1,0.008530781,0
161,51,7441.562,1,0.008921737,0
117,54,7441.679,1,0.008948073,0
96,58,7441.802,1,0.008829047,0
232,61,7441.912,1,0.009864633,0
164,62,7441.948,1,0.009034488,0
311,63,7441.981,1,0.007576241,0
160,63,7441.988,1,0.009193007,0
313,64,7442.02,1,0.010408824,0
202,66,7442.111,1,0.048888516,0
314,69,7442.191,1,0.010507929,0
99,70,7442.235,1,0.048751250,0
326,71,7442.269,1,0.010186837,0
204,72,7442.303,1,0.048720431,0
238,77,7442.49,1,0.019506833,0
237,78,7442.51,1,0.053802948,0
242,78,7442.517,1,0.044634864,0
296,79,7442.551,1,0.012156622,0
204,80,7442.575,1,0.048395861,0
120,80,7442.602,1,0.052115988,0
336,85,7442.769,1,0.010258126,0
126,88,7442.885,1,0.055028368,0
188,89,7442.904,1,0.048810147,0
247,91,7442.973,1,0.021587912,0
246,92,7443.011,1,0.007371322,0
65,103,7443.395,1,0.012734260,0
280,105,7443.459,1,0.806797147,0
228,107,7443.539,1,0.009620282,0
246,109,7443.609,1,0.009499051,0
162,110,7443.638,1,0.009622118,0
92,114,7443.782,1,0.014128018,0
152,115,7443.819,1,0.005547617,0
91,116,7443.874,1,0.013452521,0
94,117,7443.883,1,0.013731021,0
215,118,7443.923,1,0.009290431,0
104,120,7444.012,1,0.014994120,0
287,128,7444.296,1,0.009493355,0
344,130,7444.348,1,0.006765898,0
336,131,7444.382,1,0.007227961,0
135,134,7444.494,1,0.014255536,0
145,140,7444.7,1,0.015145871,0
149,141,7444.737,1,0.014043879,0
324,142,7444.783,1,0.007758810,0
192,148,7444.981,1,0.008858317,0
42,157,7445.302,1,0.008843906,0
104,165,7445.584,1,0.009474170,0
70,168,7445.689,1,0.009361027,0
322,179,7446.079,1,0.010894088,0
166,182,7446.182,1,0.016527891,0
143,182,7446.194,1,0.018741090,0
207,183,7446.217,1,0.011877961,0
247,186,7446.321,1,0.014059946,0
232,197,7446.709,1,0.014107577,0
301,198,7446.749,1,0.012664133,0
144,198,7446.765,1,0.016394356,0
302,199,7446.789,1,0.013601002,0
184,204,7446.954,1,0.011129752,0
247,211,7447.202,1,0.008839434,0
182,215,7447.35,1,0.009953537,0
13,231,7447.911,1,0.009622503,0
129,232,7447.94,1,0.008727265,0
268,236,7448.095,1,0.007557463,0
98,237,7448.121,1,0.009462543,0
291,239,7448.194,1,0.007426428,0
87,244,7448.377,1,0.008395989,0
110,244,7448.392,1,0.009336755,0
112,247,7448.468,1,0.008344052,0
189,252,7448.672,1,0.006824253,0
11,253,7448.694,1,0.008060245,0
120,256,7448.796,1,0.008846113,0
240,4,7449.352,1,0.006693986,0
134,8,7449.492,1,0.012361632,0
48,14,7449.7,1,0.009374816,0
25,16,7449.768,1,0.009269682,0
113,19,7449.874,1,0.009571529,0
39,28,7450.198,1,0.037925929,0
134,28,7450.213,1,0.044668503,0
47,29,7450.23,1,0.038271219,0
163,32,7450.334,1,0.040598352,0
207,32,7450.34,1,0.011638944,0
300,48,7450.911,1,0.010408992,0
160,51,7451.012,1,0.008918436,0
238,52,7451.041,1,0.010273237,0
118,53,7451.096,1,0.008999030,0
327,61,7451.367,1,0.007206372,0
209,63,7451.426,1,0.008652906,0
303,70,7451.676,1,0.007978437,0
67,70,7451.685,1,0.008587320,0
331,72,7451.744,1,0.007152657,0
120,78,7451.958,1,0.009280534,0
120,79,7451.993,1,0.015903853,0
147,79,7452.004,1,0.009992690,0
223,32,7452.104,1,0.008163388,0
197,83,7452.129,1,0.008567423,0
256,83,7452.16,1,0.009632374,0
143,84,7452.182,1,0.010450538,0
122,85,7452.221,1,0.009793420,0
193,86,7452.239,1,0.008663187,0
138,88,7452.324,1,0.010483026,0
240,91,7452.42,1,0.010849037,0
246,95,7452.558,1,0.018154675,0
245,95,7452.584,1,0.015124981,0
53,96,7452.602,1,0.012243363,0
192,102,7452.802,1,0.009035897,0
103,104,7452.885,1,0.005652866,0
78,108,7453.012,1,0.013705770,0
104,108,7453.02,1,0.012336960,0
109,108,7453.036,1,0.008163798,0
40,110,7453.109,1,0.011496454,0
33,116,7453.297,1,0.010166294,0
95,128,7453.721,1,0.013173277,0
3,128,7453.731,1,0.010139745,0
144,154,7454.645,1,0.030146567,0
247,163,7454.953,1,0.026555344,0
222,184,7455.702,1,0.009621817,0
203,192,7455.984,1,0.007035870,0
206,200,7456.284,1,0.006544509,0
204,202,7456.359,1,0.003297670,0
81,205,7456.437,1,0.008740797,0
330,210,7456.638,1,0.007776941,0
260,243,7457.787,1,0.007454696,0
188,258,7458.308,1,0.010822796,0
281,107,7464.028,0,0.242262572,0
284,107,7478.814,0,0.650184333,0
277,9,7480.075,1,0.006781823,0
233,21,7480.505,1,0.006716983,0
63,28,7480.771,1,0.008821823,0
76,29,7480.779,1,0.009304799,0
133,30,7480.818,1,0.009402822,0
114,32,7480.894,1,0.009628899,0
81,32,7480.897,1,0.008990908,0
32,33,7480.928,1,0.009175564,0
173,41,7481.217,1,0.009023665,0
242,43,7481.278,1,0.009514874,0
229,44,7481.321,1,0.010936549,0
43,47,7481.421,1,0.008694838,0
98,53,7481.635,1,0.009095101,0
186,55,7481.701,1,0.009204620,0
275,62,7481.949,1,0.008324021,0
271,62,7481.973,1,0.010003182,0
196,64,7482.027,1,0.048874691,0
268,73,7482.331,1,0.021098604,0
311,76,7482.442,1,0.009934444,0
320,79,7482.55,1,0.010626325,0
115,80,7482.582,1,0.051614027,0
315,80,7482.593,1,0.010402500,0
263,84,7482.723,1,0.030544383,0
168,85,7482.758,1,0.052484740,0
62,86,7482.79,1,0.029130865,0
92,88,7482.878,1,0.043982558,0
231,90,7482.938,1,0.044759143,0
136,90,7482.949,1,0.056459881,0
110,93,7483.048,1,0.009906661,0
122,96,7483.162,1,0.010226714,0
303,100,7483.283,1,0.008284332,0
223,102,7483.361,1,0.009170953,0
207,103,7483.395,1,0.008779362,0
182,111,7483.676,1,0.008884324,0
157,114,7483.781,1,0.004777750,0
279,116,7483.849,1,0.009085389,0
122,117,7483.889,1,0.014027672,0
186,118,7483.932,1,0.009107149,0
298,120,7484.016,1,0.008536271,0
32,121,7484.045,1,0.009945044,0
111,124,7484.157,1,0.013930771,0
126,126,7484.212,1,0.016112525,0
119,140,7484.705,1,0.005175000,0
120,140,7484.723,1,0.010281904,0
116,142,7484.766,1,0.012922559,0
7,144,7484.84,1,0.008523903,0
286,144,7484.854,1,0.009826770,0
79,171,7485.806,1,0.009002905,0
84,173,7485.867,1,0.008944229,0
327,186,7486.326,1,0.010810231,0
333,190,7486.475,1,0.010725767,0
339,191,7486.512,1,0.010640923,0
73,51,7486.861,1,0.046303492,0
291,204,7486.974,1,0.011402884,0
24,214,7487.312,1,0.008318567,0
306,214,7487.332,1,0.007628228,0
152,215,7487.343,1,0.009829266,0
79,229,7487.841,1,0.008762369,0
123,247,7488.496,1,0.008351378,0
297,250,7488.578,1,0.006928552,0
200,224,7489.114,1,0.008192508,0
203,5,7489.384,1,0.006348089,0
157,11,7489.595,1,0.009315190,0
200,12,7489.643,1,0.006491805,0
237,19,7489.879,1,0.006945644,0
311,19,7489.903,1,0.006900389,0
311,24,7490.057,1,0.010020006,0
304,26,7490.123,1,0.010111155,0
191,27,7490.183,1,0.011108878,0
186,29,7490.256,1,0.012073835,0
309,30,7490.266,1,0.010065521,0
175,32,7490.332,1,0.097554542,0
174,32,7490.361,1,0.099439748,0
311,33,7490.372,1,0.010047463,0
66,33,7490.38,1,0.040374398,0
320,34,7490.404,1,0.009931302,0
173,34,7490.404,1,0.033971433,0
315,35,7490.445,1,0.010004382,0
244,38,7490.545,1,0.011731497,0
79,44,7490.761,1,0.044360738,0
337,48,7490.897,1,0.009873201,0
337,51,7491.004,1,0.006648342,0
44,52,7491.048,1,0.008884193,0
230,55,7491.152,1,0.009253204,0
15,64,7491.465,1,0.003515440,0
126,66,7491.541,1,0.009176245,0
207,77,7491.925,1,0.008612371,0
303,80,7492.03,1,0.008086830,0
178,86,7492.241,1,0.009033566,0
32,48,7492.39,1,0.008831387,0
229,95,7492.555,1,0.009614551,0
148,96,7492.598,1,0.010999884,0
145,98,7492.664,1,0.010430897,0
239,103,7492.846,1,0.009640625,0
283,106,7492.946,1,0.871281803,0
140,117,7493.339,1,0.006553015,0
90,120,7493.436,1,0.012710555,0
222,125,7493.624,1,0.008522678,0
222,126,7493.652,1,0.010339828,0
282,152,7494.569,1,0.015852084,0
281,175,7495.403,1,0.009226842,0
319,176,7495.436,1,0.008001071,0
117,181,7495.589,1,0.010041836,0
169,198,7496.208,1,0.009269695,0
246,205,7496.462,1,0.009062755,0
140,214,7496.777,1,0.010860525,0
94,237,7497.576,1,0.008217839,0
146,238,7497.609,1,0.009503448,0
89,239,7497.656,1,0.008357568,0
220,253,7498.13,1,0.007928758,0
281,106,7502.308,1,0.020161105,0
283,108,7503.186,0,0.869912684,0
284,108,7508.999,0,0.914610088,1
32,48,7513.545,1,0.008922306,0
213,4,7519.897,1,0.006297895,0
265,12,7520.184,1,0.006708403,0
76,14,7520.256,1,0.009993487,0
83,15,7520.3,1,0.009562935,0
144,19,7520.428,1,0.009648768,0
112,21,7520.509,1,0.009995115,0
328,23,7520.582,1,0.006830082,0
207,30,7520.821,1,0.008038357,0
99,31,7520.848,1,0.009477057,0
46,32,7520.895,1,0.009075440,0
187,36,7521.044,1,0.010996294,0
126,38,7521.108,1,0.009428978,0
103,46,7521.385,1,0.009312836,0
71,53,7521.635,1,0.008723721,0
34,56,7521.755,1,0.009199729,0
2,61,7521.917,1,0.004904302,0
188,63,7521.986,1,0.009297649,0
276,67,7522.124,1,0.013652109,0
163,71,7522.267,1,0.050508399,0
272,79,7522.543,1,0.021263666,0
155,80,7522.583,1,0.053719442,0
206,82,7522.653,1,0.048324242,0
190,86,7522.806,1,0.048801538,0
172,92,7523.006,1,0.009351122,0
187,96,7523.148,1,0.008540320,0
156,100,7523.282,1,0.008132432,0
294,101,7523.317,1,0.007218578,0
156,102,7523.354,1,0.007226631,0
336,102,7523.369,1,0.007302359,0
101,102,7523.383,1,0.005848815,0
292,103,7523.419,1,0.007542228,0
254,104,7523.423,1,0.009465112,0
87,104,7523.439,1,0.010592978,0
280,107,7523.527,1,0.884694040,0
252,108,7523.572,1,0.009404732,0
42,109,7523.616,1,0.010659241,0
136,111,7523.686,1,0.006317094,0
139,112,7523.727,1,0.006783687,0
95,114,7523.789,1,0.015284270,0
254,118,7523.917,1,0.007070796,0
122,118,7523.927,1,0.017561147,0
94,118,7523.94,1,0.013364909,0
104,119,7523.962,1,0.014813314,0
253,119,7523.98,1,0.014194135,0
47,120,7523.988,1,0.009867175,0
312,124,7524.14,1,0.008159853,0
2,128,7524.278,1,0.009814496,0
0,129,7524.315,1,0.011655180,0
206,138,7524.626,1,0.009519136,0
46,140,7524.713,1,0.009462158,0
153,141,7524.746,1,0.014667361,0
200,142,7524.773,1,0.009488343,0
283,108,7524.933,0,0.937790871,1
66,147,7524.942,1,0.009648713,0
152,148,7524.981,1,0.014009461,0
157,151,7525.098,1,0.012841376,0
205,158,7525.349,1,0.009611000,0
118,160,7525.401,1,0.010555951,0
155,160,7525.429,1,0.012129279,0
225,167,7525.674,1,0.008946550,0
149,168,7525.693,1,0.011761698,0
77,174,7525.896,1,0.009139389,0
303,202,7526.904,1,0.011323705,0
24,207,7527.058,1,0.009852736,0
147,208,7527.096,1,0.010264155,0
216,213,7527.268,1,0.006627067,0
72,220,7527.52,1,0.008672029,0
176,223,7527.648,1,0.008417088,0
183,224,7527.655,1,0.007733152,0
109,238,7528.156,1,0.008318284,0
336,245,7528.399,1,0.006928758,0
295,245,7528.414,1,0.007121698,0
136,246,7528.46,1,0.008656490,0
200,248,7528.524,1,0.008342569,0
201,251,7528.617,1,0.008503214,0
94,252,7528.642,1,0.009303255,0
164,253,7528.685,1,0.009709440,0
102,255,7528.771,1,0.009616458,0
165,256,7528.813,1,0.008896938,0
328,1,7529.256,1,0.006552040,0
2,3,7529.338,1,0.008948034,0
335,6,7529.42,1,0.007575488,0
117,8,7529.485,1,0.009715525,0
273,10,7529.563,1,0.007833824,0
168,13,7529.666,1,0.008290050,0
318,13,7529.688,1,0.006461405,0
46,16,7529.772,1,0.009402876,0
239,19,7529.888,1,0.007199597,0
104,23,7530.046,1,0.044563647,0
45,24,7530.058,1,0.036795415,0
170,26,7530.138,1,0.015725350,0
173,28,7530.191,1,0.016610997,0
197,30,7530.267,1,0.011305425,0
193,32,7530.359,1,0.011898013,0
331,35,7530.448,1,0.009812157,0
132,36,7530.475,1,0.047833778,0
344,36,7530.485,1,0.009737006,0
308,37,7530.521,1,0.010157214,0
199,40,7530.618,1,0.014278766,0
32,42,7530.688,1,0.046916381,0
194,44,7530.762,1,0.025772210,0
234,44,7530.785,1,0.014119061,0
257,48,7530.907,1,0.012784481,0
91,51,7531.004,1,0.008538940,0
246,52,7531.049,1,0.010196131,0
214,53,7531.079,1,0.008796965,0
209,53,7531.079,1,0.008414720,0
1,54,7531.108,1,0.008671319,0
189,55,7531.142,1,0.008631229,0
96,56,7531.192,1,0.009279009,0
291,57,7531.218,1,0.007897097,0
296,57,7531.229,1,0.007488777,0
97,58,7531.254,1,0.008621594,0
101,60,7531.328,1,0.008750776,0
266,62,7531.399,1,0.010058587,0
124,63,7531.438,1,0.009089598,0
173,70,7531.673,1,0.008774915,0
335,72,7531.767,1,0.006794966,0
329,73,7531.779,1,0.006963973,0
243,82,7532.122,1,0.009383938,0
248,84,7532.174,1,0.009566355,0
61,87,7532.276,1,0.004876783,0
146,88,7532.312,1,0.010661233,0
167,91,7532.418,1,0.009839552,0
320,92,7532.46,1,0.007911202,0
313,96,7532.596,1,0.008051545,0
254,107,7532.98,1,0.009708586,0
66,108,7533.026,1,0.012243571,0
267,110,7533.1,1,0.008979621,0
141,112,7533.161,1,0.006329245,0
215,112,7533.174,1,0.009384882,0
305,116,7533.298,1,0.008647824,0
143,118,7533.37,1,0.006858982,0
132,122,7533.518,1,0.017199110,0
133,125,7533.619,1,0.017058959,0
79,126,7533.65,1,0.012059379,0
284,108,7533.738,0,0.889443934,0
89,140,7534.16,1,0.021570971,0
279,149,7534.468,1,0.020088302,0
280,152,7534.572,1,0.017589081,0
43,158,7534.789,1,0.014665728,0
130,162,7534.942,1,0.026458798,0
124,167,7535.103,1,0.010216068,0
310,172,7535.272,1,0.008021181,0
102,173,7535.316,1,0.009376096,0
72,182,7535.642,1,0.008799710,0
148,189,7535.879,1,0.010327392,0
122,190,7535.934,1,0.009140965,0
2,197,7536.157,1,0.008480839,0
184,208,7536.544,1,0.008313376,0
183,212,7536.697,1,0.007509195,0
188,216,7536.829,1,0.007890293,0
32,48,7547.798,1,0.008911741,0
308,105,7555.551,1,0.008693601,0
177,1,7559.79,1,0.007065096,0
125,1,7559.805,1,0.009925105,0
260,14,7560.248,1,0.006811753,0
61,15,7560.286,1,0.009080381,0
136,16,7560.325,1,0.009499105,0
152,26,7560.678,1,0.009442737,0
191,32,7560.892,1,0.008743230,0
130,40,7561.196,1,0.009216861,0
120,43,7561.272,1,0.009283824,0
159,46,7561.383,1,0.009376933,0
32,48,7561.447,1,0.008818434,0
72,51,7561.578,1,0.009124309,0
107,52,7561.589,1,0.009338554,0
301,53,7561.643,1,0.007766423,0
144,60,7561.883,1,0.009060439,0
4,67,7562.143,1,0.016113454,0
164,68,7562.163,1,0.049972225,0
9,74,7562.374,1,0.016075782,0
78,79,7562.555,1,0.041768737,0
167,86,7562.798,1,0.052755255,0
55,87,7562.834,1,0.022893418,0
279,90,7562.937,1,0.022354411,0
174,91,7562.989,1,0.051121525,0
286,93,7563.042,1,0.009751168,0
252,94,7563.076,1,0.009391897,0
186,95,7563.113,1,0.008898123,0
17,96,7563.165,1,0.009790933,0
268,103,7563.387,1,0.008989123,0
264,103,7563.399,1,0.007357299,0
226,103,7563.415,1,0.009656937,0
223,104,7563.431,1,0.009675186,0
279,106,7563.501,1,0.023550170,0
130,110,7563.664,1,0.005867850,0
235,112,7563.714,1,0.009551746,0
110,115,7563.813,1,0.016814839,0
232,115,7563.822,1,0.008336870,0
78,117,7563.901,1,0.012293958,0
248,119,7563.957,1,0.009611926,0
52,119,7563.965,1,0.010406498,0
225,127,7564.25,1,0.009615934,0
95,130,7564.36,1,0.012148080,0
110,132,7564.417,1,0.012746850,0
304,133,7564.465,1,0.008712171,0
68,135,7564.522,1,0.010134195,0
42,136,7564.567,1,0.009376919,0
2,143,7564.813,1,0.008691239,0
30,145,7564.877,1,0.009019993,0
304,149,7565.018,1,0.008366792,0
96,151,7565.091,1,0.009901808,0
162,156,7565.261,1,0.006982842,0
225,157,7565.304,1,0.009731351,0
166,160,7565.412,1,0.010730489,0
322,162,7565.496,1,0.007587043,0
335,166,7565.623,1,0.007761581,0
331,167,7565.66,1,0.007860235,0
58,174,7565.913,1,0.009176211,0
84,184,7566.252,1,0.014677593,0
112,188,7566.406,1,0.014498414,0
120,189,7566.427,1,0.014757989,0
104,191,7566.498,1,0.014395759,0
113,191,7566.507,1,0.014431579,0
151,202,7566.89,1,0.015987460,0
72,206,7567.021,1,0.008786290,0
237,220,7567.536,1,0.007867601,0
72,221,7567.559,1,0.005412464,0
72,222,7567.595,1,0.007123041,0
80,222,7567.612,1,0.008556716,0
43,254,7568.731,1,0.007842985,0
239,6,7569.418,1,0.006643548,0
327,7,7569.459,1,0.006708199,0
184,13,7569.662,1,0.006860301,0
84,15,7569.732,1,0.009811601,0
175,16,7569.77,1,0.009485857,0
174,16,7569.794,1,0.006033471,0
167,20,7569.911,1,0.009592218,0
22,21,7569.954,1,0.009220667,0
327,23,7570.021,1,0.009761520,0
162,26,7570.12,1,0.023203928,0
57,26,7570.129,1,0.037932813,0
59,27,7570.166,1,0.035889413,0
61,29,7570.24,1,0.040476166,0
163,30,7570.272,1,0.033459339,0
229,32,7570.341,1,0.011377435,0
23,36,7570.483,1,0.044373423,0
319,38,7570.551,1,0.009977394,0
240,39,7570.578,1,0.012106681,0
129,39,7570.589,1,0.049370434,0
174,45,7570.793,1,0.049952120,0
198,47,7570.861,1,0.030625870,0
136,47,7570.867,1,0.048650522,0
61,53,7571.087,1,0.008527132,0
8,54,7571.107,1,0.008751599,0
160,55,7571.147,1,0.008872349,0
72,59,7571.315,1,0.008987420,0
168,63,7571.427,1,0.009099803,0
129,66,7571.55,1,0.008739648,0
13,70,7571.673,1,0.007887726,0
34,72,7571.757,1,0.003747190,0
32,74,7571.815,1,0.005158064,0
72,81,7572.072,1,0.009002054,0
34,86,7572.247,1,0.011971657,0
17,94,7572.521,1,0.005037533,0
231,94,7572.528,1,0.009679934,0
18,94,7572.539,1,0.008458775,0
235,96,7572.59,1,0.009661508,0
172,96,7572.598,1,0.009080995,0
201,101,7572.781,1,0.008582470,0
312,109,7573.057,1,0.008042734,0
49,112,7573.157,1,0.010670975,0
12,116,7573.294,1,0.010582575,0
195,118,7573.37,1,0.009002063,0
88,135,7573.966,1,0.011033726,0
68,138,7574.086,1,0.018027032,0
179,144,7574.289,1,0.032910246,0
260,146,7574.358,1,0.029636085,0
183,151,7574.531,1,0.025800703,0
232,158,7574.784,1,0.041547045,0
72,163,7574.961,1,0.014967748,0
106,168,7575.144,1,0.009682083,0
293,183,7575.679,1,0.008437712,0
297,198,7576.194,1,0.008176534,0
195,203,7576.375,1,0.008290571,0
70,206,7576.489,1,0.009713713,0
83,208,7576.552,1,0.008889960,0
327,211,7576.647,1,0.007644949,0
40,212,7576.696,1,0.009286158,0
157,221,7577.001,1,0.009485665,0
85,222,7577.063,1,0.009526831,0
112,224,7577.107,1,0.009162840,0
115,226,7577.189,1,0.009317276,0
331,230,7577.319,1,0.008479051,0
343,232,7577.402,1,0.007980528,0
341,235,7577.507,1,0.008463182,0
272,239,7577.651,1,0.007332528,0
154,245,7577.851,1,0.009110700,0
89,248,7577.955,1,0.008881414,0
176,248,7577.964,1,0.008786361,0
175,254,7578.165,1,0.013270515,0
276,256,7578.24,1,0.010346851,0
284,108,7596.548,1,0.104044266,0
24,3,7599.864,1,0.008989391,0
25,8,7600.053,1,0.008640077,0
243,17,7600.379,1,0.006612943,0
42,18,7600.402,1,0.008814804,0
307,23,7600.592,1,0.006888088,0
253,31,7600.855,1,0.007012649,0
242,37,7601.059,1,0.008232203,0
260,39,7601.129,1,0.007871622,0
170,42,7601.243,1,0.009043732,0
231,45,7601.343,1,0.009061817,0
180,45,7601.357,1,0.009094168,0
230,46,7601.389,1,0.011080293,0
178,48,7601.472,1,0.006418225,0
15,50,7601.523,1,0.008640910,0
178,52,7601.596,1,0.006492402,0
119,56,7601.738,1,0.008997793,0
32,64,7602.02,1,0.033580936,0
314,68,7602.167,1,0.022804629,0
315,69,7602.2,1,0.021073211,0
27,71,7602.277,1,0.021642765,0
138,72,7602.293,1,0.051541392,0
103,72,7602.302,1,0.049211416,0
22,77,7602.481,1,0.018140715,0
197,78,7602.516,1,0.048723314,0
138,80,7602.607,1,0.053357210,0
83,91,7602.965,1,0.044395216,0
48,93,7603.041,1,0.012337931,0
187,93,7603.057,1,0.008687612,0
27,94,7603.089,1,0.010225228,0
338,95,7603.128,1,0.007086963,0
182,97,7603.183,1,0.009145380,0
251,104,7603.424,1,0.009178790,0
14,106,7603.51,1,0.010655526,0
12,107,7603.536,1,0.009764326,0
219,107,7603.559,1,0.009257310,0
254,108,7603.585,1,0.009444396,0
125,110,7603.641,1,0.005773827,0
293,112,7603.712,1,0.009497310,0
216,115,7603.818,1,0.009342932,0
104,127,7604.239,1,0.013266627,0
223,127,7604.259,1,0.009617420,0
79,128,7604.277,1,0.011075126,0
80,130,7604.351,1,0.011178548,0
15,135,7604.537,1,0.008744152,0
171,136,7604.559,1,0.004371624,0
67,141,7604.732,1,0.009567710,0
319,144,7604.851,1,0.007822854,0
313,147,7604.957,1,0.007830112,0
33,148,7604.985,1,0.008909152,0
9,149,7605.021,1,0.008617238,0
135,151,7605.096,1,0.012630478,0
61,159,7605.362,1,0.009116901,0
176,167,7605.649,1,0.009705782,0
184,176,7605.967,1,0.009185583,0
180,179,7606.081,1,0.012275051,0
245,181,7606.148,1,0.017381137,0
222,189,7606.424,1,0.019289823,0
213,190,7606.461,1,0.020796351,0
27,192,7606.531,1,0.014013656,0
240,194,7606.6,1,0.013858498,0
153,196,7606.668,1,0.048631150,0
228,197,7606.708,1,0.013925900,0
152,197,7606.726,1,0.025297480,0
136,215,7607.346,1,0.010892172,0
212,219,7607.493,1,0.004345853,0
121,223,7607.623,1,0.010287140,0
324,224,7607.686,1,0.007506764,0
334,7,7609.462,1,0.006652686,0
144,8,7609.498,1,0.010262328,0
160,14,7609.699,1,0.009148223,0
21,14,7609.708,1,0.009321027,0
96,15,7609.735,1,0.009903275,0
108,16,7609.77,1,0.009764303,0
239,16,7609.778,1,0.007233904,0
280,22,7609.989,1,0.006890568,0
164,27,7610.162,1,0.022621300,0
224,30,7610.262,1,0.011118479,0
289,30,7610.273,1,0.010255462,0
199,30,7610.282,1,0.011305478,0
40,31,7610.301,1,0.039218143,0
183,32,7610.34,1,0.014010568,0
272,36,7610.494,1,0.010392270,0
272,40,7610.62,1,0.010934908,0
35,42,7610.708,1,0.046924505,0
212,45,7610.794,1,0.021567827,0
116,46,7610.842,1,0.049092609,0
262,48,7610.896,1,0.012253170,0
341,53,7611.081,1,0.006684436,0
99,56,7611.177,1,0.008620167,0
4,61,7611.355,1,0.004598371,0
301,62,7611.42,1,0.007741147,0
102,63,7611.436,1,0.008897740,0
64,65,7611.5,1,0.008936544,0
111,76,7611.908,1,0.008962075,0
106,79,7611.994,1,0.009145769,0
279,80,7612.036,1,0.009684996,0
295,82,7612.115,1,0.008448615,0
135,86,7612.242,1,0.010460776,0
299,87,7612.278,1,0.008372440,0
130,101,7612.767,1,0.010453582,0
27,103,7612.843,1,0.009681416,0
232,104,7612.876,1,0.009526839,0
63,112,7613.155,1,0.010936868,0
63,114,7613.234,1,0.010325385,0
222,116,7613.297,1,0.009820240,0
58,119,7613.407,1,0.010478382,0
103,119,7613.427,1,0.014558239,0
324,123,7613.55,1,0.007695075,0
7,126,7613.658,1,0.009306284,0
333,128,7613.72,1,0.007659819,0
328,132,7613.866,1,0.007840465,0
266,134,7613.939,1,0.009268591,0
13,199,7616.227,1,0.008275589,0
98,200,7616.276,1,0.008871632,0
239,208,7616.563,1,0.008748969,0
2,224,7617.127,1,0.008421769,0
180,231,7617.357,1,0.007564823,0
96,234,7617.456,1,0.009118443,0
0,243,7617.788,1,0.007857178,0
248,245,7617.847,1,0.006438536,0
107,256,7618.233,1,0.013366222,0
97,256,7618.248,1,0.013339424,0
286,110,7625.643,0,0.788634062,0
285,110,7626.777,0,0.778208554,0
32,48,7637.778,1,0.009024760,0
128,2,7639.839,1,0.011013093,0
165,6,7639.977,1,0.008148301,0
211,11,7640.148,1,0.006757136,0
168,29,7640.789,1,0.012285843,0
64,36,7641.031,1,0.009283302,0
70,37,7641.071,1,0.009213965,0
151,39,7641.15,1,0.008958108,0
115,48,7641.455,1,0.009399465,0
218,55,7641.719,1,0.009141323,0
200,56,7641.735,1,0.008940075,0
207,62,7641.941,1,0.009357728,0
215,67,7642.125,1,0.048413649,0
193,75,7642.408,1,0.048926152,0
9,78,7642.51,1,0.015933210,0
186,78,7642.535,1,0.049917608,0
151,84,7642.726,1,0.054607708,0
143,85,7642.761,1,0.055628508,0
96,86,7642.797,1,0.046021014,0
173,87,7642.846,1,0.052134681,0
68,92,7643.008,1,0.006215134,0
19,93,7643.039,1,0.010635212,0
164,94,7643.073,1,0.009674318,0
112,99,7643.253,1,0.004896996,0
144,99,7643.269,1,0.011760822,0
106,100,7643.286,1,0.005591380,0
263,103,7643.389,1,0.009265583,0
224,119,7643.967,1,0.009615649,0
245,119,7643.981,1,0.009823421,0
17,120,7643.986,1,0.009393180,0
171,124,7644.14,1,0.009903589,0
173,125,7644.177,1,0.009053608,0
198,128,7644.293,1,0.009354247,0
87,130,7644.35,1,0.011761215,0
93,134,7644.501,1,0.011921507,0
50,146,7644.914,1,0.009321978,0
267,151,7645.082,1,0.010088887,0
44,152,7645.121,1,0.009121878,0
272,160,7645.407,1,0.010445693,0
226,167,7645.672,1,0.009670596,0
224,168,7645.691,1,0.009153495,0
290,184,7646.252,1,0.012080201,0
156,198,7646.741,1,0.058341086,0
157,198,7646.767,1,0.018110778,0
136,200,7646.812,1,0.020031404,0
138,200,7646.823,1,0.020693552,0
153,215,7647.35,1,0.009571145,0
41,216,7647.38,1,0.008240851,0
80,256,7648.795,1,0.008826164,0
192,4,7649.353,1,0.006684478,0
198,6,7649.433,1,0.006830618,0
199,6,7649.44,1,0.014351606,0
195,8,7649.514,1,0.006425007,0
198,11,7649.597,1,0.006317127,0
287,13,7649.665,1,0.006858596,0
256,15,7649.732,1,0.006773109,0
192,16,7649.777,1,0.006903298,0
239,24,7650.052,1,0.010420742,0
245,28,7650.201,1,0.010638906,0
271,29,7650.231,1,0.010312159,0
168,30,7650.266,1,0.023949988,0
262,31,7650.299,1,0.010499187,0
243,31,7650.309,1,0.010823333,0
269,32,7650.331,1,0.010447467,0
136,35,7650.439,1,0.047301132,0
260,37,7650.518,1,0.010923183,0
131,37,7650.527,1,0.048459336,0
177,38,7650.549,1,0.036431879,0
331,40,7650.619,1,0.009863627,0
179,40,7650.627,1,0.039106842,0
254,41,7650.652,1,0.011811334,0
80,45,7650.798,1,0.044501774,0
184,45,7650.82,1,0.049956113,0
236,46,7650.833,1,0.015387252,0
102,47,7650.872,1,0.049072951,0
53,52,7651.041,1,0.008737922,0
167,64,7651.464,1,0.010272416,0
166,65,7651.503,1,0.010451416,0
33,72,7651.755,1,0.003536567,0
38,79,7651.995,1,0.005628664,0
335,80,7652.028,1,0.006990291,0
14,86,7652.241,1,0.010592065,0
7,93,7652.487,1,0.007396345,0
7,94,7652.52,1,0.019026607,0
95,95,7652.559,1,0.004593559,0
303,106,7652.949,1,0.008045965,0
109,106,7652.957,1,0.005678509,0
78,110,7653.088,1,0.013169099,0
109,112,7653.16,1,0.014337124,0
8,131,7653.826,1,0.009148587,0
159,143,7654.255,1,0.038799178,0
110,148,7654.428,1,0.024745181,0
184,151,7654.534,1,0.029651934,0
287,110,7654.801,0,0.659784973,0
78,162,7654.927,1,0.015115637,0
71,166,7655.06,1,0.009584724,0
75,183,7655.663,1,0.010062234,0
331,216,7656.825,1,0.007590793,0
139,220,7656.984,1,0.009017458,0
333,222,7657.046,1,0.008609637,0
215,232,7657.388,1,0.005910489,0
272,238,7657.614,1,0.007718549,0
267,239,7657.636,1,0.007773302,0
223,239,7657.657,1,0.005837276,0
286,105,7672.632,1,0.016497666,0
32,48,7678.837,1,0.047099698,0
118,4,7679.912,1,0.009344327,0
213,13,7680.224,1,0.006214551,0
276,24,7680.625,1,0.006885186,0
223,32,7680.826,1,0.007998536,0
173,31,7680.858,1,0.009793530,0
79,32,7680.907,1,0.008854277,0
182,33,7680.938,1,0.010047999,0
297,36,7681.047,1,0.007252362,0
177,48,7681.469,1,0.009128539,0
66,50,7681.519,1,0.008776857,0
182,50,7681.542,1,0.008849337,0
170,51,7681.561,1,0.009091694,0
177,54,7681.673,1,0.009207495,0
65,55,7681.701,1,0.008759363,0
48,61,7681.913,1,0.008942129,0
122,66,7682.085,1,0.049409956,0
66,70,7682.236,1,0.043905571,0
162,71,7682.278,1,0.050516013,0
37,72,7682.3,1,0.031210301,0
280,73,7682.358,1,0.013820305,0
215,74,7682.367,1,0.018531749,0
231,74,7682.392,1,0.045638368,0
215,77,7682.479,1,0.016378378,0
256,78,7682.515,1,0.037746109,0
253,83,7682.686,1,0.041429415,0
80,87,7682.854,1,0.041348167,0
169,89,7682.911,1,0.052738052,0
330,90,7682.932,1,0.010489956,0
168,91,7682.976,1,0.052776102,0
112,92,7683.006,1,0.009776740,0
69,92,7683.01,1,0.005166643,0
253,93,7683.051,1,0.009251866,0
117,96,7683.155,1,0.010712323,0
60,100,7683.31,1,0.013847216,0
60,102,7683.362,1,0.016075278,0
125,105,7683.476,1,0.005161148,0
72,106,7683.522,1,0.012913900,0
122,108,7683.585,1,0.012626583,0
310,111,7683.694,1,0.008366401,0
244,112,7683.721,1,0.008640452,0
247,115,7683.822,1,0.009826724,0
160,116,7683.85,1,0.006241097,0
286,111,7683.921,0,0.242191836,0
23,118,7683.943,1,0.009692399,0
232,119,7683.969,1,0.009591494,0
10,120,7683.986,1,0.011537722,0
160,120,7683.994,1,0.004754345,0
25,120,7684.016,1,0.009716589,0
11,121,7684.041,1,0.007995537,0
89,123,7684.112,1,0.012039557,0
34,126,7684.2,1,0.009456845,0
55,126,7684.212,1,0.009751379,0
224,134,7684.501,1,0.009631360,0
171,135,7684.529,1,0.004178718,0
150,136,7684.563,1,0.016236115,0
207,139,7684.659,1,0.009571606,0
216,140,7684.715,1,0.009904365,0
167,146,7684.908,1,0.009590561,0
161,147,7684.956,1,0.013987170,0
45,152,7685.116,1,0.009227152,0
79,160,7685.411,1,0.009655030,0
173,167,7685.649,1,0.009989318,0
141,167,7685.664,1,0.011448812,0
37,167,7685.674,1,0.009012831,0
209,168,7685.686,1,0.008817799,0
246,169,7685.721,1,0.011980115,0
188,172,7685.834,1,0.008001363,0
88,175,7685.949,1,0.008937296,0
239,189,7686.425,1,0.014549172,0
233,191,7686.493,1,0.014854372,0
8,196,7686.674,1,0.013727698,0
76,200,7686.809,1,0.014335998,0
32,232,7687.949,1,0.008674181,0
190,238,7688.163,1,0.008169274,0
215,247,7688.466,1,0.004757500,0
311,254,7688.724,1,0.007041373,0
31,5,7689.39,1,0.008784633,0
2,6,7689.424,1,0.009189568,0
96,14,7689.697,1,0.009851489,0
184,15,7689.765,1,0.007004150,0
180,22,7689.99,1,0.008032344,0
165,23,7690.014,1,0.016050279,0
296,23,7690.02,1,0.010076326,0
48,23,7690.029,1,0.037084524,0
142,24,7690.08,1,0.044609971,0
288,29,7690.243,1,0.010228124,0
197,36,7690.473,1,0.038789429,0
195,36,7690.502,1,0.028023245,0
237,37,7690.512,1,0.011980725,0
170,38,7690.56,1,0.046916548,0
264,40,7690.628,1,0.011130985,0
55,40,7690.628,1,0.043215055,0
248,42,7690.692,1,0.012202227,0
223,43,7690.728,1,0.017174600,0
265,44,7690.762,1,0.011576605,0
102,45,7690.792,1,0.049347077,0
25,45,7690.799,1,0.046659257,0
266,46,7690.826,1,0.011768123,0
188,48,7690.896,1,0.049383428,0
159,48,7690.902,1,0.048567671,0
164,48,7690.909,1,0.048890971,0
27,48,7690.921,1,0.045268606,0
32,49,7690.956,1,0.046980847,0
37,50,7690.983,1,0.047007579,0
24,51,7691.003,1,0.008800338,0
260,53,7691.075,1,0.009656326,0
31,54,7691.109,1,0.008464247,0
68,55,7691.146,1,0.008918996,0
192,56,7691.179,1,0.008376337,0
192,58,7691.274,1,0.008075338,0
284,61,7691.36,1,0.008372765,0
232,62,7691.395,1,0.009405398,0
112,65,7691.503,1,0.009080480,0
241,67,7691.576,1,0.009497136,0
312,71,7691.71,1,0.007423571,0
32,72,7691.753,1,0.003816183,0
32,77,7691.924,1,0.006525447,0
227,80,7692.045,1,0.008964282,0
170,87,7692.275,1,0.009412984,0
156,88,7692.312,1,0.009947327,0
339,88,7692.324,1,0.006930859,0
220,94,7692.532,1,0.009047779,0
178,96,7692.589,1,0.008843705,0
272,98,7692.665,1,0.011866671,0
32,48,7692.753,1,0.008702877,0
279,103,7692.84,1,0.009633156,0
136,104,7692.877,1,0.004818045,0
107,118,7693.372,1,0.015553758,0
184,124,7693.59,1,0.008996607,0
129,141,7694.187,1,0.039954506,0
262,142,7694.219,1,0.029139712,0
15,144,7694.285,1,0.014289279,0
257,144,7694.292,1,0.033715706,0
11,151,7694.535,1,0.014234659,0
248,152,7694.578,1,0.034122113,0
152,160,7694.852,1,0.026606368,0
5,166,7695.06,1,0.008471018,0
34,166,7695.086,1,0.008898035,0
35,171,7695.238,1,0.009174441,0
319,173,7695.307,1,0.007837955,0
136,174,7695.349,1,0.010699016,0
68,183,7695.688,1,0.008997909,0
328,184,7695.694,1,0.007650500,0
37,191,7695.947,1,0.008720595,0
342,194,7696.061,1,0.007338414,0
159,203,7696.376,1,0.009577743,0
180,206,7696.484,1,0.008402975,0
238,208,7696.545,1,0.009070929,0
182,227,7697.22,1,0.007335993,0
287,111,7706.304,0,0.915855289,1
286,111,7706.475,0,0.911678195,1
28,6,7719.978,1,0.009060194,0
200,11,7720.159,1,0.006506793,0
121,14,7720.261,1,0.009675642,0
80,23,7720.574,1,0.009355373,0
143,31,7720.857,1,0.009611707,0
289,36,7721.038,1,0.008267929,0
285,47,7721.416,1,0.008114041,0
207,56,7721.75,1,0.009322683,0
204,60,7721.879,1,0.009183413,0
93,66,7722.09,1,0.048572138,0
119,70,7722.234,1,0.049991213,0
121,76,7722.435,1,0.051238365,0
85,77,7722.489,1,0.046820480,0
58,79,7722.55,1,0.035379764,0
126,83,7722.712,1,0.053566962,0
124,84,7722.737,1,0.053670488,0
212,88,7722.867,1,0.042098016,0
280,88,7722.882,1,0.020328730,0
213,89,7722.92,1,0.043909319,0
40,96,7723.151,1,0.011697683,0
133,97,7723.192,1,0.010749934,0
236,100,7723.311,1,0.009441260,0
185,102,7723.353,1,0.006542841,0
189,102,7723.372,1,0.006754507,0
291,103,7723.4,1,0.009944133,0
131,104,7723.428,1,0.004717713,0
44,107,7723.529,1,0.009876400,0
109,107,7723.549,1,0.006036057,0
279,108,7723.566,1,0.009533554,0
48,111,7723.688,1,0.010711883,0
77,112,7723.733,1,0.012481721,0
69,115,7723.822,1,0.011646664,0
223,119,7723.954,1,0.009456792,0
125,119,7723.959,1,0.014325500,0
321,122,7724.073,1,0.007665023,0
48,126,7724.2,1,0.009751315,0
87,126,7724.207,1,0.012013331,0
19,127,7724.247,1,0.009062781,0
145,134,7724.484,1,0.015709657,0
325,199,7724.57,1,0.007598135,0
307,139,7724.674,1,0.008259036,0
182,143,7724.813,1,0.009432328,0
63,150,7725.071,1,0.009772523,0
279,157,7725.301,1,0.010126850,0
24,158,7725.334,1,0.009227941,0
296,174,7725.894,1,0.008332519,0
336,179,7726.087,1,0.010637681,0
301,182,7726.177,1,0.011659317,0
220,182,7726.19,1,0.020485932,0
218,183,7726.216,1,0.023011802,0
160,189,7726.424,1,0.016534511,0
314,199,7726.779,1,0.011078276,0
188,202,7726.888,1,0.010797587,0
101,230,7727.885,1,0.008285923,0
125,239,7728.211,1,0.008207239,0
2,252,7728.661,1,0.007925225,0
23,2,7729.278,1,0.008865918,0
288,5,7729.384,1,0.006389568,0
184,8,7729.499,1,0.006577287,0
143,9,7729.538,1,0.009967484,0
152,11,7729.613,1,0.009643079,0
310,13,7729.667,1,0.006491225,0
128,16,7729.794,1,0.009764427,0
44,19,7729.875,1,0.009433959,0
271,20,7729.911,1,0.006982408,0
135,22,7729.983,1,0.009523323,0
267,23,7730.016,1,0.010200419,0
175,23,7730.044,1,0.012104291,0
5,24,7730.049,1,0.037717760,0
279,24,7730.063,1,0.010161827,0
120,24,7730.071,1,0.044626251,0
208,25,7730.09,1,0.031540029,0
209,26,7730.124,1,0.027304260,0
191,29,7730.24,1,0.090834141,0
192,29,7730.255,1,0.081491999,0
278,31,7730.301,1,0.010322505,0
299,32,7730.34,1,0.010236909,0
107,35,7730.445,1,0.045285460,0
106,36,7730.473,1,0.057579849,0
72,38,7730.562,1,0.041724548,0
314,43,7730.721,1,0.010135859,0
151,45,7730.819,1,0.048599917,0
178,54,7731.132,1,0.009077596,0
79,63,7731.431,1,0.008607145,0
243,64,7731.476,1,0.009041253,0
248,70,7731.68,1,0.009393358,0
95,74,7731.835,1,0.008685580,0
176,102,7732.808,1,0.008850763,0
159,111,7733.137,1,0.010231365,0
262,112,7733.165,1,0.009502332,0
172,115,7733.276,1,0.009443478,0
136,118,7733.368,1,0.010337272,0
266,127,7733.712,1,0.009424240,0
142,150,7734.496,1,0.033724710,0
315,157,7734.744,1,0.011335124,0
263,158,7734.779,1,0.021816397,0
314,177,7735.465,1,0.007945838,0
323,180,7735.571,1,0.007987236,0
63,184,7735.711,1,0.009206999,0
150,216,7736.839,1,0.010220562,0
229,225,7737.156,1,0.007735293,0
228,230,7737.329,1,0.007463790,0
3,232,7737.4,1,0.008521114,0
143,248,7737.956,1,0.009186517,0
266,252,7738.118,1,0.010594759,0
333,253,7738.144,1,0.010176029,0
286,112,7743.488,0,0.867945850,0
77,6,7759.996,1,0.009282780,0
166,15,7760.298,1,0.008689987,0
223,32,7760.89,1,0.008059082,0
127,47,7761.416,1,0.008989761,0
146,49,7761.49,1,0.009122826,0
287,112,7761.762,0,0.815536201,0
47,62,7761.95,1,0.008773931,0
216,74,7762.377,1,0.048953284,0
92,77,7762.479,1,0.049170934,0
64,78,7762.522,1,0.038668677,0
5,82,7762.664,1,0.015431070,0
154,83,7762.69,1,0.054046966,0
130,85,7762.761,1,0.054534093,0
232,92,7763.023,1,0.009434066,0
68,97,7763.201,1,0.014035298,0
20,100,7763.29,1,0.010533752,0
18,101,7763.346,1,0.009947130,0
35,111,7763.679,1,0.009959436,0
202,115,7763.819,1,0.009089129,0
87,116,7763.858,1,0.012503904,0
204,80,7763.983,1,0.009002611,0
283,121,7764.021,1,0.009394382,0
223,125,7764.172,1,0.009637229,0
220,128,7764.286,1,0.008436012,0
312,134,7764.492,1,0.008122015,0
153,135,7764.522,1,0.012316735,0
79,139,7764.675,1,0.009943026,0
266,152,7765.126,1,0.012958867,0
291,152,7765.145,1,0.009535437,0
260,160,7765.399,1,0.011896343,0
263,160,7765.404,1,0.008810709,0
184,162,7765.47,1,0.006666799,0
259,162,7765.481,1,0.011456499,0
244,172,7765.833,1,0.012519275,0
303,173,7765.864,1,0.008391996,0
327,184,7766.25,1,0.010798061,0
112,191,7766.51,1,0.014431844,0
88,208,7767.093,1,0.009809049,0
82,230,7767.876,1,0.008642699,0
54,240,7768.24,1,0.009802089,0
219,1,7769.242,1,0.006689209,0
248,2,7769.288,1,0.006717317,0
109,15,7769.734,1,0.009707610,0
176,16,7769.772,1,0.006138674,0
177,16,7769.786,1,0.010700344,0
106,16,7769.798,1,0.009608644,0
177,20,7769.913,1,0.008226895,0
220,23,7770.036,1,0.010477221,0
127,24,7770.052,1,0.044625916,0
329,24,7770.058,1,0.009724200,0
94,28,7770.196,1,0.041173369,0
271,28,7770.214,1,0.010274784,0
217,29,7770.229,1,0.011084322,0
90,30,7770.275,1,0.040444143,0
150,32,7770.338,1,0.045293737,0
211,32,7770.347,1,0.011644683,0
54,37,7770.509,1,0.041225277,0
152,38,7770.545,1,0.049671408,0
155,40,7770.614,1,0.049990803,0
228,40,7770.623,1,0.013452249,0
152,47,7770.864,1,0.048282996,0
179,53,7771.102,1,0.008724642,0
168,60,7771.328,1,0.009165213,0
174,62,7771.395,1,0.008945781,0
167,62,7771.411,1,0.009185110,0
170,63,7771.452,1,0.008921265,0
132,64,7771.469,1,0.009310743,0
222,72,7771.772,1,0.008894747,0
216,73,7771.792,1,0.009046398,0
312,74,7771.818,1,0.007950336,0
199,77,7771.927,1,0.008811271,0
266,88,7772.313,1,0.010001420,0
270,92,7772.456,1,0.005301754,0
333,100,7772.748,1,0.007380641,0
286,105,7772.905,1,0.021575285,0
287,105,7772.913,1,0.017285720,0
4,109,7773.059,1,0.009757956,0
168,111,7773.128,1,0.009345329,0
288,120,7773.449,1,0.010591281,0
98,127,7773.683,1,0.012307317,0
52,127,7773.702,1,0.010062100,0
219,127,7773.704,1,0.010089387,0
289,112,7774.073,0,0.911649764,1
258,142,7774.213,1,0.033452850,0
288,112,7774.239,0,0.907620609,1
230,142,7774.239,1,0.044697963,0
293,152,7774.574,1,0.012909307,0
249,154,7774.637,1,0.032081682,0
304,158,7774.782,1,0.011849636,0
296,159,7774.812,1,0.012316728,0
177,166,7775.07,1,0.010815847,0
23,176,7775.42,1,0.008562678,0
329,182,7775.627,1,0.007830882,0
223,187,7775.802,1,0.009947749,0
147,188,7775.85,1,0.010144475,0
131,192,7776.004,1,0.009321273,0
5,193,7776.021,1,0.008372203,0
1,200,7776.273,1,0.008379058,0
243,208,7776.551,1,0.008806658,0
95,227,7777.222,1,0.008356193,0
122,231,7777.358,1,0.008523513,0
103,236,7777.545,1,0.008672508,0
15,240,7777.679,1,0.008030638,0
72,240,7777.697,1,0.008916944,0
16,241,7777.707,1,0.007055623,0
211,2,7799.836,1,0.006104198,0
182,3,7799.874,1,0.006502154,0
220,7,7800.009,1,0.008470428,0
210,7,7800.02,1,0.006770488,0
221,8,7800.046,1,0.008751773,0
201,12,7800.186,1,0.006505274,0
247,13,7800.22,1,0.007310127,0
66,14,7800.253,1,0.009219661,0
244,15,7800.304,1,0.007954620,0
207,17,7800.367,1,0.006605388,0
261,20,7800.471,1,0.006994645,0
188,23,7800.569,1,0.007807599,0
269,30,7800.814,1,0.007071780,0
121,39,7801.158,1,0.009009502,0
301,44,7801.32,1,0.007911823,0
24,52,7801.501,1,0.009040087,0
27,52,7801.591,1,0.010410766,0
95,53,7801.629,1,0.008952665,0
98,60,7801.873,1,0.008934234,0
21,61,7801.928,1,0.008767332,0
166,62,7801.948,1,0.009201229,0
273,63,7801.987,1,0.009732299,0
204,64,7802.039,1,0.048725307,0
241,68,7802.161,1,0.044582859,0
204,70,7802.234,1,0.048712816,0
96,72,7802.299,1,0.048754685,0
61,78,7802.513,1,0.063342959,0
343,80,7802.578,1,0.020975132,0
61,80,7802.586,1,0.061934736,0
344,81,7802.628,1,0.020484924,0
28,86,7802.814,1,0.017222686,0
32,48,7803.406,1,0.008981663,0
76,50,7803.681,1,0.008974306,0
93,114,7803.778,1,0.014725977,0
224,117,7803.889,1,0.009579008,0
24,120,7804.004,1,0.009813384,0
244,122,7804.065,1,0.009637220,0
30,122,7804.073,1,0.009627744,0
212,126,7804.209,1,0.009576923,0
194,130,7804.347,1,0.008953795,0
314,135,7804.537,1,0.008156279,0
194,136,7804.582,1,0.008973941,0
45,152,7805.116,1,0.009240767,0
274,164,7805.539,1,0.009651298,0
319,167,7805.655,1,0.008246609,0
32,168,7805.688,1,0.007023262,0
321,168,7805.701,1,0.007979422,0
40,169,7805.728,1,0.008841787,0
32,170,7805.762,1,0.007670686,0
203,170,7805.774,1,0.008365903,0
244,171,7805.809,1,0.011233380,0
80,173,7805.877,1,0.008909632,0
39,175,7805.956,1,0.008983254,0
271,184,7806.246,1,0.013273288,0
58,187,7806.359,1,0.014381970,0
91,191,7806.504,1,0.014498311,0
190,207,7807.055,1,0.008061743,0
112,207,7807.063,1,0.008864883,0
164,207,7807.068,1,0.010060044,0
104,214,7807.308,1,0.008509597,0
107,225,7807.699,1,0.009285231,0
38,227,7807.764,1,0.008310825,0
287,113,7808.011,0,0.512728572,0
226,239,7808.2,1,0.006176882,0
125,244,7808.371,1,0.008200213,0
82,246,7808.45,1,0.008466168,0
130,255,7808.768,1,0.008290465,0
59,257,7808.827,1,0.008185095,0
173,1,7809.269,1,0.007086065,0
188,2,7809.284,1,0.006374884,0
181,4,7809.372,1,0.006400394,0
187,5,7809.382,1,0.006575332,0
145,6,7809.418,1,0.010149148,0
319,8,7809.517,1,0.006501365,0
28,10,7809.573,1,0.009220066,0
83,16,7809.769,1,0.009422878,0
228,20,7809.913,1,0.006781200,0
286,21,7809.947,1,0.006809827,0
287,22,7809.984,1,0.008198794,0
228,23,7810.028,1,0.010413581,0
153,24,7810.051,1,0.034164879,0
111,28,7810.213,1,0.044621468,0
303,29,7810.23,1,0.010130665,0
153,31,7810.297,1,0.044747017,0
132,32,7810.361,1,0.044711269,0
127,33,7810.386,1,0.045617040,0
104,34,7810.41,1,0.046596408,0
39,36,7810.48,1,0.042047583,0
325,37,7810.52,1,0.009903860,0
107,39,7810.591,1,0.049373481,0
279,40,7810.62,1,0.010620431,0
180,42,7810.694,1,0.048427794,0
280,46,7810.831,1,0.010939469,0
71,50,7810.97,1,0.046429321,0
65,54,7811.11,1,0.008583228,0
231,54,7811.117,1,0.009257034,0
336,55,7811.146,1,0.016200729,0
335,56,7811.181,1,0.006034271,0
331,56,7811.19,1,0.009550694,0
327,58,7811.26,1,0.006913578,0
106,59,7811.311,1,0.008909825,0
8,62,7811.403,1,0.003826973,0
293,69,7811.637,1,0.008279491,0
40,75,7811.853,1,0.004363188,0
190,76,7811.885,1,0.008897630,0
184,78,7811.954,1,0.009267041,0
223,79,7812.001,1,0.008689456,0
199,85,7812.205,1,0.008194159,0
264,85,7812.219,1,0.009344653,0
198,86,7812.241,1,0.011294797,0
175,93,7812.497,1,0.008888948,0
122,94,7812.533,1,0.010242949,0
207,95,7812.561,1,0.008597443,0
286,111,7812.741,1,0.760271549,0
8,109,7813.052,1,0.009488200,0
24,123,7813.544,1,0.009332499,0
146,130,7813.792,1,0.016880607,0
32,135,7813.978,1,0.008966777,0
316,136,7814.002,1,0.011351474,0
315,144,7814.301,1,0.011421192,0
113,147,7814.387,1,0.090932272,0
113,148,7814.426,1,0.093750887,0
266,151,7814.537,1,0.023824617,0
332,165,7815.024,1,0.007475934,0
143,165,7815.029,1,0.011925749,0
134,170,7815.215,1,0.010946889,0
101,173,7815.311,1,0.009278418,0
100,173,7815.332,1,0.008434724,0
328,176,7815.413,1,0.007504644,0
98,176,7815.421,1,0.008296097,0
70,181,7815.605,1,0.009473382,0
286,184,7815.696,1,0.008962452,0
207,192,7815.992,1,0.004310451,0
172,224,7817.104,1,0.009077618,0
288,112,7835.212,1,0.818736076,0
290,113,7835.808,0,0.365368426,0
235,7,7840.013,1,0.006451311,0
138,12,7840.204,1,0.009876442,0
157,23,7840.594,1,0.012939764,0
192,24,7840.616,1,0.007390222,0
168,45,7841.368,1,0.009197408,0
199,46,7841.399,1,0.014704492,0
187,48,7841.46,1,0.009220262,0
73,51,7841.559,1,0.008821338,0
24,52,7841.603,1,0.009132910,0
188,53,7841.629,1,0.009250739,0
184,60,7841.872,1,0.009266109,0
261,62,7841.952,1,0.010530661,0
188,62,7841.966,1,0.009332028,0
240,65,7842.065,1,0.044243559,0
70,70,7842.252,1,0.045685213,0
136,71,7842.269,1,0.051033448,0
276,80,7842.589,1,0.022642551,0
143,80,7842.595,1,0.053923257,0
278,81,7842.611,1,0.020290267,0
124,87,7842.838,1,0.054399639,0
192,88,7842.863,1,0.048841849,0
99,95,7843.117,1,0.004674076,0
116,96,7843.149,1,0.010146289,0
139,96,7843.159,1,0.010719637,0
223,32,7843.237,1,0.008222484,0
246,100,7843.29,1,0.009427798,0
142,104,7843.426,1,0.004977955,0
272,107,7843.545,1,0.012730024,0
104,108,7843.57,1,0.007468066,0
141,111,7843.676,1,0.006000134,0
287,112,7843.703,1,0.765875220,0
183,112,7843.734,1,0.008666742,0
100,113,7843.747,1,0.016736431,0
70,116,7843.868,1,0.012125275,0
280,117,7843.892,1,0.009782587,0
170,123,7844.101,1,0.009864903,0
248,124,7844.145,1,0.009649925,0
176,124,7844.158,1,0.007363072,0
178,126,7844.208,1,0.007726393,0
13,126,7844.215,1,0.009303146,0
260,127,7844.236,1,0.009385525,0
21,127,7844.252,1,0.009232393,0
299,130,7844.357,1,0.008808556,0
237,132,7844.418,1,0.009761340,0
189,132,7844.427,1,0.008817333,0
79,135,7844.545,1,0.010605721,0
238,136,7844.571,1,0.009448251,0
311,137,7844.59,1,0.007724748,0
318,138,7844.624,1,0.007722388,0
32,140,7844.71,1,0.009643621,0
233,141,7844.732,1,0.009637456,0
318,141,7844.74,1,0.020731822,0
317,141,7844.749,1,0.020242317,0
306,142,7844.778,1,0.008576629,0
273,143,7844.828,1,0.010316851,0
12,148,7844.978,1,0.010188087,0
71,149,7845.018,1,0.009540622,0
141,150,7845.067,1,0.012694594,0
9,151,7845.087,1,0.008823260,0
269,157,7845.294,1,0.010145643,0
279,160,7845.403,1,0.010582799,0
111,160,7845.418,1,0.010505669,0
137,162,7845.485,1,0.012336425,0
141,164,7845.542,1,0.012456784,0
305,165,7845.602,1,0.008669692,0
270,166,7845.616,1,0.005724368,0
59,167,7845.651,1,0.008932199,0
271,167,7845.661,1,0.005863973,0
146,168,7845.685,1,0.013638131,0
143,169,7845.73,1,0.012520796,0
288,114,7845.854,0,0.640867114,0
95,176,7845.972,1,0.009613148,0
74,179,7846.073,1,0.014677281,0
119,181,7846.146,1,0.015254242,0
163,184,7846.247,1,0.016754787,0
233,184,7846.253,1,0.018919457,0
162,186,7846.341,1,0.016703459,0
247,190,7846.465,1,0.013768340,0
218,190,7846.474,1,0.018703319,0
234,190,7846.482,1,0.014858636,0
200,199,7846.776,1,0.011313152,0
24,216,7847.384,1,0.009067689,0
26,219,7847.487,1,0.009073321,0
239,230,7847.871,1,0.007489863,0
243,237,7848.121,1,0.006753697,0
16,5,7849.386,1,0.009132297,0
117,7,7849.454,1,0.009347024,0
92,7,7849.462,1,0.009911111,0
210,14,7849.723,1,0.006885623,0
191,16,7849.77,1,0.007524000,0
248,17,7849.803,1,0.006490830,0
239,17,7849.823,1,0.006894540,0
214,20,7849.911,1,0.007866939,0
183,20,7849.918,1,0.008572346,0
178,21,7849.947,1,0.008212240,0
272,22,7849.993,1,0.006916416,0
289,22,7850.005,1,0.010062675,0
244,23,7850.025,1,0.010223699,0
182,24,7850.057,1,0.011394267,0
244,27,7850.159,1,0.010802978,0
128,28,7850.215,1,0.044679444,0
296,29,7850.229,1,0.010184227,0
108,29,7850.236,1,0.044613060,0
184,30,7850.274,1,0.012539145,0
152,32,7850.335,1,0.045720387,0
181,34,7850.411,1,0.021115081,0
51,36,7850.475,1,0.040741593,0
182,36,7850.482,1,0.020308627,0
191,37,7850.51,1,0.045887303,0
193,37,7850.515,1,0.057910644,0
124,38,7850.545,1,0.048922203,0
196,39,7850.581,1,0.013932867,0
32,39,7850.591,1,0.045091428,0
339,44,7850.761,1,0.009899236,0
137,49,7850.949,1,0.048217744,0
138,51,7851.012,1,0.008865059,0
198,52,7851.055,1,0.008887569,0
32,62,7851.397,1,0.008651095,0
38,64,7851.463,1,0.005618116,0
232,64,7851.471,1,0.009427023,0
103,64,7851.477,1,0.008617177,0
38,65,7851.499,1,0.023045305,0
112,72,7851.748,1,0.009131572,0
120,76,7851.898,1,0.009340522,0
32,48,7852.074,1,0.008847271,0
17,100,7852.731,1,0.009715810,0
266,117,7853.342,1,0.009505451,0
110,118,7853.367,1,0.015941465,0
263,120,7853.446,1,0.008603809,0
264,125,7853.636,1,0.009191327,0
198,130,7853.795,1,0.009661261,0
196,131,7853.835,1,0.010950654,0
6,140,7854.144,1,0.014275618,0
227,141,7854.174,1,0.044726770,0
264,146,7854.359,1,0.026633829,0
290,114,7854.376,0,0.674885154,0
167,151,7854.531,1,0.027353561,0
99,166,7855.087,1,0.009366698,0
128,168,7855.138,1,0.010474907,0
44,218,7856.906,1,0.009099197,0
36,219,7856.938,1,0.008378242,0
237,240,7857.679,1,0.006762931,0
186,256,7858.243,1,0.010939170,0
32,48,7865.948,1,0.008853073,0
288,114,7866.078,0,0.679601848,0
15,6,7879.97,1,0.008811459,0
55,19,7880.437,1,0.008759710,0
272,23,7880.58,1,0.006814760,0
176,28,7880.751,1,0.010184260,0
40,32,7880.912,1,0.008858899,0
85,36,7881.028,1,0.009568402,0
119,38,7881.11,1,0.009573080,0
149,40,7881.173,1,0.009506609,0
144,42,7881.236,1,0.009102814,0
91,47,7881.419,1,0.008850044,0
252,48,7881.455,1,0.009467398,0
314,49,7881.491,1,0.006677563,0
58,52,7881.603,1,0.008913295,0
122,53,7881.635,1,0.009288259,0
345,54,7881.67,1,0.007314616,0
125,55,7881.708,1,0.008942876,0
99,60,7881.889,1,0.009428831,0
95,62,7881.952,1,0.009191427,0
159,72,7882.32,1,0.050807212,0
87,76,7882.466,1,0.048676364,0
67,84,7882.747,1,0.035740905,0
35,92,7883.026,1,0.011312959,0
321,100,7883.284,1,0.007886088,0
292,105,7883.469,1,0.017802063,0
312,111,7883.686,1,0.008038494,0
239,115,7883.82,1,0.009459571,0
208,117,7883.893,1,0.009663447,0
214,119,7883.957,1,0.009437952,0
203,119,7883.976,1,0.008909135,0
271,126,7884.213,1,0.013607844,0
6,130,7884.372,1,0.005663087,0
6,131,7884.389,1,0.014448993,0
195,132,7884.412,1,0.008820104,0
8,132,7884.422,1,0.008045615,0
30,134,7884.488,1,0.009118973,0
63,135,7884.522,1,0.009644800,0
176,146,7884.917,1,0.003849908,0
153,151,7885.095,1,0.013173934,0
315,159,7885.37,1,0.008175423,0
256,160,7885.404,1,0.011812280,0
198,167,7885.654,1,0.005963059,0
107,172,7885.825,1,0.009759421,0
10,136,7885.885,1,0.009089773,0
210,176,7885.98,1,0.008150800,0
48,180,7886.123,1,0.014404525,0
319,183,7886.222,1,0.011008643,0
294,184,7886.247,1,0.011940928,0
328,184,7886.264,1,0.010772086,0
16,203,7886.925,1,0.013701051,0
225,208,7887.116,1,0.008535658,0
200,212,7887.24,1,0.008882497,0
124,215,7887.344,1,0.009525418,0
176,220,7887.526,1,0.008406767,0
244,224,7887.672,1,0.007849859,0
5,229,7887.848,1,0.008661225,0
328,231,7887.903,1,0.007282752,0
157,248,7888.528,1,0.008585007,0
153,250,7888.585,1,0.008564369,0
95,256,7888.8,1,0.008002597,0
183,224,7888.975,1,0.007265473,0
295,7,7889.46,1,0.006732954,0
147,7,7889.478,1,0.009692390,0
222,8,7889.491,1,0.006636582,0
338,8,7889.501,1,0.006510266,0
189,8,7889.511,1,0.007946180,0
190,9,7889.523,1,0.008856763,0
148,10,7889.587,1,0.010564735,0
228,12,7889.626,1,0.006578104,0
223,13,7889.666,1,0.006484859,0
134,14,7889.718,1,0.009246592,0
10,16,7889.769,1,0.009054857,0
169,18,7889.847,1,0.008578390,0
16,19,7889.884,1,0.009144282,0
115,21,7889.947,1,0.009854825,0
239,23,7890.022,1,0.010354701,0
4,24,7890.051,1,0.037442397,0
72,24,7890.079,1,0.039261963,0
255,26,7890.139,1,0.010392846,0
48,27,7890.164,1,0.037293453,0
230,27,7890.181,1,0.010739321,0
4,29,7890.228,1,0.012298823,0
3,29,7890.247,1,0.012659108,0
193,30,7890.262,1,0.011439862,0
55,30,7890.27,1,0.038450412,0
280,31,7890.3,1,0.010310499,0
71,31,7890.32,1,0.039720625,0
231,32,7890.339,1,0.011390436,0
317,35,7890.44,1,0.009974102,0
43,38,7890.544,1,0.042790975,0
136,38,7890.562,1,0.049249526,0
328,39,7890.584,1,0.009888540,0
48,39,7890.597,1,0.042890280,0
334,40,7890.622,1,0.009843729,0
135,40,7890.63,1,0.049686003,0
60,44,7890.759,1,0.036385465,0
137,44,7890.759,1,0.049034819,0
288,113,7890.811,1,0.014126843,0
161,46,7890.833,1,0.049058277,0
269,47,7890.861,1,0.011721754,0
56,48,7890.9,1,0.020719416,0
203,51,7891.006,1,0.008491279,0
75,52,7891.051,1,0.008609706,0
61,52,7891.068,1,0.008655295,0
300,55,7891.163,1,0.007392587,0
193,58,7891.253,1,0.009371021,0
207,58,7891.257,1,0.008524016,0
192,59,7891.284,1,0.010008079,0
199,59,7891.295,1,0.008576954,0
232,60,7891.325,1,0.009399594,0
31,61,7891.364,1,0.008409681,0
39,63,7891.432,1,0.008429748,0
313,67,7891.582,1,0.007415492,0
148,70,7891.675,1,0.009292982,0
119,72,7891.77,1,0.008896383,0
203,75,7891.858,1,0.008649941,0
163,78,7891.961,1,0.009149915,0
309,80,7892.03,1,0.007854990,0
61,85,7892.228,1,0.003824365,0
4,86,7892.238,1,0.010170478,0
58,86,7892.248,1,0.004436812,0
277,88,7892.308,1,0.009131097,0
336,92,7892.466,1,0.006879811,0
126,95,7892.556,1,0.010365794,0
336,96,7892.598,1,0.007824277,0
154,100,7892.734,1,0.010666823,0
337,101,7892.767,1,0.007234493,0
319,106,7892.949,1,0.007728850,0
309,112,7893.152,1,0.007087295,0
307,114,7893.232,1,0.006896528,0
93,117,7893.333,1,0.013635693,0
50,134,7893.934,1,0.009934224,0
322,140,7894.165,1,0.011061301,0
174,142,7894.222,1,0.039503548,0
136,164,7895.018,1,0.012369959,0
250,180,7895.581,1,0.010201257,0
103,185,7895.757,1,0.010141090,0
267,196,7896.132,1,0.008671754,0
256,208,7896.545,1,0.008599869,0
19,216,7896.837,1,0.008304473,0
287,113,7898.604,1,0.014586924,0
288,114,7909.274,1,0.219965041,0
289,115,7910.576,0,0.157261431,0
53,8,7920.052,1,0.009152578,0
142,11,7920.149,1,0.010463500,0
96,11,7920.159,1,0.010366381,0
65,12,7920.181,1,0.009286245,0
178,12,7920.203,1,0.007005915,0
137,13,7920.232,1,0.008851353,0
136,14,7920.259,1,0.008099953,0
111,16,7920.329,1,0.009412216,0
271,24,7920.61,1,0.006912013,0
131,29,7920.8,1,0.009609765,0
307,31,7920.879,1,0.006976000,0
254,36,7921.055,1,0.007824202,0
30,46,7921.395,1,0.008926469,0
279,54,7921.665,1,0.008334438,0
189,54,7921.678,1,0.008926304,0
164,56,7921.742,1,0.009063518,0
160,58,7921.808,1,0.009147251,0
120,60,7921.882,1,0.007261747,0
6,62,7921.942,1,0.003825838,0
118,62,7921.964,1,0.006522849,0
163,64,7922.037,1,0.049242884,0
283,70,7922.235,1,0.012708550,0
82,70,7922.249,1,0.048513290,0
232,71,7922.266,1,0.044911839,0
217,72,7922.308,1,0.049016371,0
83,77,7922.472,1,0.046499226,0
69,78,7922.516,1,0.040501028,0
235,80,7922.595,1,0.044701677,0
209,82,7922.654,1,0.087229632,0
207,82,7922.663,1,0.101551890,0
223,32,7922.805,1,0.011486829,0
235,87,7922.83,1,0.044708487,0
333,90,7922.941,1,0.010410761,0
240,90,7922.957,1,0.044663779,0
290,94,7923.079,1,0.009537788,0
252,95,7923.125,1,0.009595802,0
97,96,7923.151,1,0.004538175,0
108,102,7923.367,1,0.005596587,0
272,103,7923.394,1,0.011408325,0
140,108,7923.576,1,0.005623725,0
131,109,7923.607,1,0.006488435,0
148,109,7923.617,1,0.004961099,0
144,110,7923.638,1,0.005844860,0
207,111,7923.693,1,0.008845515,0
320,114,7923.785,1,0.007811349,0
204,80,7923.819,1,0.009042026,0
43,115,7923.832,1,0.010254195,0
95,118,7923.935,1,0.013398633,0
315,119,7923.978,1,0.007905953,0
310,128,7924.283,1,0.008261590,0
232,134,7924.503,1,0.009531309,0
124,135,7924.525,1,0.014457434,0
11,137,7924.598,1,0.008714600,0
112,140,7924.714,1,0.013171410,0
117,149,7925.015,1,0.011927896,0
45,152,7925.122,1,0.009418900,0
41,154,7925.195,1,0.008264079,0
41,155,7925.233,1,0.017275840,0
241,164,7925.549,1,0.007739997,0
241,166,7925.621,1,0.007625092,0
200,166,7925.622,1,0.008229230,0
200,167,7925.671,1,0.008600496,0
159,168,7925.682,1,0.011584092,0
64,172,7925.83,1,0.009697842,0
159,174,7925.912,1,0.011241985,0
319,175,7925.955,1,0.007994277,0
223,176,7925.974,1,0.011593072,0
8,179,7926.072,1,0.013957921,0
217,179,7926.08,1,0.024696007,0
88,179,7926.092,1,0.014802044,0
96,181,7926.144,1,0.014660204,0
112,188,7926.402,1,0.014553746,0
22,190,7926.463,1,0.014010956,0
320,193,7926.575,1,0.010959210,0
321,196,7926.68,1,0.010929949,0
94,200,7926.817,1,0.014290683,0
27,202,7926.894,1,0.013847340,0
146,214,7927.311,1,0.009604630,0
310,223,7927.624,1,0.007708402,0
18,232,7927.949,1,0.008714250,0
29,243,7928.329,1,0.008355146,0
326,254,7928.717,1,0.006906601,0
281,4,7929.345,1,0.007102516,0
321,5,7929.382,1,0.007391765,0
97,6,7929.42,1,0.009701745,0
88,8,7929.488,1,0.007088393,0
257,12,7929.627,1,0.007339289,0
92,12,7929.633,1,0.005323378,0
272,15,7929.754,1,0.006568063,0
91,16,7929.787,1,0.009495682,0
95,17,7929.804,1,0.009626199,0
168,18,7929.868,1,0.008877603,0
301,20,7929.937,1,0.007527569,0
340,23,7930.024,1,0.009617320,0
128,24,7930.078,1,0.044620346,0
197,29,7930.231,1,0.011143273,0
260,29,7930.241,1,0.010432738,0
327,30,7930.267,1,0.009803344,0
245,35,7930.449,1,0.011357772,0
239,36,7930.479,1,0.011758334,0
106,38,7930.553,1,0.049164616,0
206,38,7930.559,1,0.013352753,0
110,39,7930.59,1,0.049371216,0
158,39,7930.59,1,0.049450483,0
234,40,7930.616,1,0.012907035,0
219,42,7930.69,1,0.016486468,0
268,45,7930.793,1,0.011551735,0
249,45,7930.799,1,0.012882889,0
263,46,7930.828,1,0.011957435,0
222,48,7930.9,1,0.023916405,0
55,55,7931.154,1,0.008544189,0
162,56,7931.179,1,0.009031638,0
177,61,7931.357,1,0.008714794,0
207,61,7931.364,1,0.008593705,0
87,62,7931.39,1,0.008559176,0
140,64,7931.467,1,0.009287627,0
2,68,7931.615,1,0.009378997,0
340,71,7931.707,1,0.006515875,0
4,72,7931.758,1,0.011953949,0
291,73,7931.782,1,0.008676358,0
192,75,7931.857,1,0.009060109,0
289,76,7931.891,1,0.009166629,0
67,77,7931.926,1,0.008538605,0
203,78,7931.978,1,0.008639676,0
81,84,7932.167,1,0.008841014,0
240,84,7932.189,1,0.009543682,0
84,85,7932.206,1,0.009131257,0
207,88,7932.308,1,0.008637144,0
79,92,7932.454,1,0.004372683,0
88,94,7932.52,1,0.004474512,0
42,95,7932.56,1,0.011781190,0
151,50,7932.596,1,0.008555285,0
287,97,7932.638,1,0.009793623,0
137,98,7932.665,1,0.010967518,0
158,98,7932.677,1,0.010099974,0
263,104,7932.881,1,0.008950626,0
149,108,7933.014,1,0.006325450,0
216,111,7933.124,1,0.009764221,0
203,125,7933.621,1,0.009264642,0
274,134,7933.959,1,0.012349796,0
159,136,7934.006,1,0.039557371,0
296,143,7934.253,1,0.012813498,0
225,147,7934.392,1,0.044709891,0
67,199,7936.228,1,0.008565981,0
78,203,7936.366,1,0.008707567,0
71,208,7936.551,1,0.008528906,0
332,216,7936.833,1,0.007458826,0
322,224,7937.117,1,0.007647680,0
344,229,7937.287,1,0.007185534,0
208,238,7937.61,1,0.004464334,0
131,239,7937.639,1,0.008255134,0
94,239,7937.653,1,0.008127715,0
21,242,7937.761,1,0.008222434,0
104,246,7937.884,1,0.008639876,0
291,116,7944.715,0,0.294378370,0
289,114,7959.779,1,0.269607931,0
129,3,7959.868,1,0.013096527,0
296,14,7960.258,1,0.006893015,0
8,17,7960.364,1,0.007877583,0
8,19,7960.444,1,0.007395072,0
145,30,7960.817,1,0.009677772,0
299,30,7960.826,1,0.007093378,0
29,32,7960.897,1,0.008808640,0
28,34,7960.956,1,0.009636938,0
85,42,7961.246,1,0.009534352,0
120,43,7961.277,1,0.009072953,0
122,47,7961.429,1,0.009053604,0
40,55,7961.699,1,0.008986643,0
223,57,7961.777,1,0.009157149,0
221,60,7961.89,1,0.009238842,0
253,63,7961.987,1,0.011106370,0
250,64,7962.039,1,0.028591061,0
254,66,7962.102,1,0.027385188,0
32,48,7962.107,1,0.047079757,0
73,66,7962.114,1,0.048103973,0
118,71,7962.275,1,0.050066043,0
128,72,7962.301,1,0.050779287,0
60,75,7962.417,1,0.039848570,0
3,77,7962.5,1,0.015495441,0
297,78,7962.515,1,0.012068199,0
227,86,7962.814,1,0.046093836,0
7,92,7963.03,1,0.010413300,0
230,93,7963.038,1,0.009646595,0
169,95,7963.111,1,0.009219169,0
16,96,7963.147,1,0.010113713,0
333,96,7963.159,1,0.007189594,0
210,98,7963.218,1,0.007584782,0
210,99,7963.27,1,0.010044651,0
185,102,7963.352,1,0.008729092,0
73,103,7963.399,1,0.013439953,0
323,103,7963.414,1,0.007784173,0
321,108,7963.564,1,0.008045987,0
252,108,7963.575,1,0.009499365,0
291,112,7963.729,1,0.075817905,0
14,116,7963.85,1,0.018193223,0
13,117,7963.913,1,0.010675507,0
337,122,7964.064,1,0.007332261,0
1,126,7964.206,1,0.009468600,0
104,128,7964.276,1,0.013417677,0
339,128,7964.292,1,0.007163589,0
273,136,7964.565,1,0.012557419,0
325,138,7964.653,1,0.007649779,0
215,140,7964.697,1,0.009348835,0
323,142,7964.788,1,0.007969761,0
280,144,7964.843,1,0.010199937,0
44,151,7965.088,1,0.009139164,0
197,158,7965.329,1,0.009148954,0
6,158,7965.336,1,0.009267610,0
237,161,7965.449,1,0.009153096,0
112,164,7965.544,1,0.010647511,0
192,165,7965.59,1,0.003289813,0
26,173,7965.862,1,0.008568945,0
265,179,7966.084,1,0.014782462,0
11,182,7966.185,1,0.013971487,0
182,182,7966.186,1,0.011859434,0
159,183,7966.226,1,0.017579461,0
162,189,7966.451,1,0.016216530,0
322,196,7966.687,1,0.010917240,0
258,228,7967.814,1,0.008038843,0
279,231,7967.917,1,0.007900355,0
159,236,7968.087,1,0.008809705,0
272,244,7968.366,1,0.007814414,0
296,245,7968.398,1,0.007394064,0
271,246,7968.448,1,0.007396318,0
51,256,7968.79,1,0.007942501,0
39,3,7969.313,1,0.009019708,0
133,7,7969.452,1,0.007927115,0
132,7,7969.465,1,0.006981839,0
263,14,7969.706,1,0.007059155,0
255,15,7969.735,1,0.006240251,0
327,15,7969.753,1,0.007257602,0
319,16,7969.769,1,0.006981128,0
247,16,7969.773,1,0.007060047,0
253,16,7969.796,1,0.010419145,0
255,18,7969.838,1,0.005642085,0
253,18,7969.867,1,0.006685124,0
111,20,7969.921,1,0.009749819,0
56,23,7970.018,1,0.037772696,0
285,24,7970.057,1,0.010101103,0
191,28,7970.202,1,0.011189536,0
224,31,7970.3,1,0.011308699,0
133,37,7970.51,1,0.048522379,0
131,40,7970.616,1,0.049505163,0
199,44,7970.777,1,0.022298615,0
301,45,7970.796,1,0.010368729,0
192,47,7970.866,1,0.040992487,0
256,51,7971.014,1,0.010104642,0
95,54,7971.12,1,0.008872475,0
257,55,7971.174,1,0.009955637,0
63,56,7971.18,1,0.008591596,0
210,61,7971.356,1,0.008879703,0
75,61,7971.36,1,0.008629912,0
19,61,7971.369,1,0.008616488,0
80,63,7971.436,1,0.008824728,0
32,69,7971.65,1,0.009258487,0
156,70,7971.679,1,0.009212229,0
169,71,7971.712,1,0.009049019,0
238,72,7971.759,1,0.009602729,0
157,75,7971.85,1,0.009150476,0
237,76,7971.887,1,0.009254267,0
340,80,7972.034,1,0.007091098,0
58,87,7972.283,1,0.004786464,0
163,87,7972.294,1,0.009885198,0
64,88,7972.338,1,0.004487270,0
217,94,7972.52,1,0.008923879,0
112,95,7972.56,1,0.010156284,0
7,95,7972.572,1,0.009449969,0
63,96,7972.602,1,0.009882669,0
157,98,7972.662,1,0.010423831,0
329,103,7972.844,1,0.007655059,0
18,103,7972.854,1,0.009986525,0
62,104,7972.88,1,0.012415061,0
172,107,7972.995,1,0.009140586,0
313,109,7973.053,1,0.008559560,0
158,110,7973.085,1,0.010032785,0
222,127,7973.694,1,0.010128351,0
137,135,7973.975,1,0.014928555,0
227,136,7974.008,1,0.044745937,0
291,116,7974.536,0,0.683417201,0
95,175,7975.375,1,0.009530381,0
104,182,7975.628,1,0.009049007,0
184,183,7975.661,1,0.009282158,0
195,184,7975.72,1,0.011059141,0
110,199,7976.233,1,0.008836594,0
119,206,7976.483,1,0.006466486,0
335,207,7976.507,1,0.007594677,0
120,207,7976.531,1,0.008365820,0
291,208,7976.569,1,0.008028067,0
126,210,7976.623,1,0.011110884,0
294,214,7976.765,1,0.007978690,0
95,222,7977.038,1,0.009440694,0
261,224,7977.129,1,0.008294916,0
288,115,7985.835,1,0.787202001,0
289,115,7986.288,1,0.260362864,0
31,6,7999.975,1,0.008794433,0
