group,epoch,batch,loss,lr
B,0,0,0.3220856785774231,0.001
B,0,1,0.31178969144821167,0.001
B,0,2,0.31828173995018005,0.001
B,0,3,0.31692853569984436,0.001
B,0,4,0.32285138964653015,0.001
B,0,5,0.2959858775138855,0.001
B,0,6,0.2816532552242279,0.001
B,0,7,0.2786606252193451,0.001
B,0,8,0.3051614761352539,0.001
B,0,9,0.2797714173793793,0.001
B,0,10,0.29378876090049744,0.001
B,0,11,0.27210381627082825,0.001
B,0,12,0.28503960371017456,0.001
B,0,13,0.2680628001689911,0.001
B,0,14,0.29513323307037354,0.001
B,0,15,0.26820629835128784,0.001
B,0,16,0.26599714159965515,0.001
B,0,17,0.28805050253868103,0.001
B,0,18,0.2847781479358673,0.001
B,0,19,0.2743954658508301,0.001
B,0,20,0.2958512008190155,0.001
B,0,21,0.27344682812690735,0.001
B,0,22,0.2640143036842346,0.001
B,0,23,0.27138033509254456,0.001
B,0,24,0.2654738128185272,0.001
B,0,25,0.2788272500038147,0.001
B,0,26,0.2519519031047821,0.001
B,0,27,0.2748613953590393,0.001
B,0,28,0.2619507312774658,0.001
B,0,29,0.24153603613376617,0.001
B,0,30,0.24153880774974823,0.001
B,0,31,0.24348168075084686,0.001
B,0,32,0.23595687747001648,0.001
B,0,33,0.2477457970380783,0.001
B,0,34,0.2512909173965454,0.001
B,0,35,0.23027577996253967,0.001
B,0,36,0.2357334941625595,0.001
B,0,37,0.2570502758026123,0.001
B,0,38,0.23021447658538818,0.001
B,0,39,0.24355767667293549,0.001
B,0,40,0.24491752684116364,0.001
B,0,41,0.24334345757961273,0.001
B,0,42,0.22076386213302612,0.001
B,0,43,0.22843796014785767,0.001
B,0,44,0.2560429275035858,0.001
B,0,45,0.2214418351650238,0.001
B,0,46,0.22175553441047668,0.001
B,0,47,0.22512435913085938,0.001
B,0,48,0.21663466095924377,0.001
B,0,49,0.21270252764225006,0.001
B,0,50,0.21063832938671112,0.001
B,0,51,0.21219579875469208,0.001
B,0,52,0.24148856103420258,0.001
B,0,53,0.21526511013507843,0.001
B,0,54,0.2140706181526184,0.001
B,0,55,0.20611806213855743,0.001
B,0,56,0.20440144836902618,0.001
B,0,57,0.20361213386058807,0.001
B,0,58,0.2216092199087143,0.001
B,0,59,0.2254091203212738,0.001
B,0,60,0.22096185386180878,0.001
B,0,61,0.21962709724903107,0.001
B,0,62,0.2106591761112213,0.001
B,0,63,0.24208559095859528,0.001
B,0,64,0.21600429713726044,0.001
B,0,65,0.1959298998117447,0.001
B,0,66,0.21792691946029663,0.001
B,0,67,0.24538829922676086,0.001
B,0,68,0.1924201101064682,0.001
B,0,69,0.20951232314109802,0.001
B,0,70,0.21202601492404938,0.001
B,0,71,0.20459751784801483,0.001
B,0,72,0.2146548330783844,0.001
B,0,73,0.210740327835083,0.001
B,0,74,0.1893230825662613,0.001
B,0,75,0.1972178965806961,0.001
B,0,76,0.20090165734291077,0.001
B,0,77,0.19267334043979645,0.001
B,0,78,0.21956229209899902,0.001
B,0,79,0.1877506524324417,0.001
B,0,80,0.2010507732629776,0.001
B,0,81,0.19273361563682556,0.001
B,0,82,0.20251218974590302,0.001
B,0,83,0.1822451651096344,0.001
B,0,84,0.18272900581359863,0.001
B,0,85,0.179532989859581,0.001
B,0,86,0.24859769642353058,0.001
B,0,87,0.18061283230781555,0.001
B,0,88,0.17741401493549347,0.001
B,0,89,0.19647416472434998,0.001
B,0,90,0.2224833369255066,0.001
B,0,91,0.19253277778625488,0.001
B,0,92,0.17485791444778442,0.001
B,0,93,0.18402671813964844,0.001
B,0,94,0.17949232459068298,0.001
B,0,95,0.17136850953102112,0.001
B,0,96,0.18368855118751526,0.001
B,0,97,0.18290354311466217,0.001
B,0,98,0.18590107560157776,0.001
B,1,0,0.18412940204143524,0.001
B,1,1,0.17926441133022308,0.001
B,1,2,0.1778751015663147,0.001
B,1,3,0.1672402322292328,0.001
B,1,4,0.18244293332099915,0.001
B,1,5,0.1915409415960312,0.001
B,1,6,0.17778801918029785,0.001
B,1,7,0.16702969372272491,0.001
B,1,8,0.16719385981559753,0.001
B,1,9,0.16390714049339294,0.001
B,1,10,0.17602862417697906,0.001
B,1,11,0.16627351939678192,0.001
B,1,12,0.16984215378761292,0.001
B,1,13,0.16537678241729736,0.001
B,1,14,0.17508269846439362,0.001
B,1,15,0.15691733360290527,0.001
B,1,16,0.17063777148723602,0.001
B,1,17,0.15902860462665558,0.001
B,1,18,0.1565883308649063,0.001
B,1,19,0.16658298671245575,0.001
B,1,20,0.15694521367549896,0.001
B,1,21,0.15624846518039703,0.001
B,1,22,0.2259468138217926,0.001
B,1,23,0.15406528115272522,0.001
B,1,24,0.16534912586212158,0.001
B,1,25,0.1647941917181015,0.001
B,1,26,0.15696744620800018,0.001
B,1,27,0.18945501744747162,0.001
B,1,28,0.16095952689647675,0.001
B,1,29,0.1518488973379135,0.001
B,1,30,0.19421973824501038,0.001
B,1,31,0.14870738983154297,0.001
B,1,32,0.19248709082603455,0.001
B,1,33,0.14661552011966705,0.001
B,1,34,0.16575457155704498,0.001
B,1,35,0.1531263142824173,0.001
B,1,36,0.1514093279838562,0.001
B,1,37,0.1602877825498581,0.001
B,1,38,0.14641772210597992,0.001
B,1,39,0.15484210848808289,0.001
B,1,40,0.16722284257411957,0.001
B,1,41,0.16733837127685547,0.001
B,1,42,0.1484951376914978,0.001
B,1,43,0.15337051451206207,0.001
B,1,44,0.14628200232982635,0.001
B,1,45,0.1536383032798767,0.001
B,1,46,0.14310646057128906,0.001
B,1,47,0.139567032456398,0.001
B,1,48,0.13883286714553833,0.001
B,1,49,0.14409403502941132,0.001
B,1,50,0.1408383548259735,0.001
B,1,51,0.13943462073802948,0.001
B,1,52,0.1459520012140274,0.001
B,1,53,0.14784125983715057,0.001
B,1,54,0.17282912135124207,0.001
B,1,55,0.15673910081386566,0.001
B,1,56,0.1416262835264206,0.001
B,1,57,0.14409996569156647,0.001
B,1,58,0.13610123097896576,0.001
B,1,59,0.1569487452507019,0.001
B,1,60,0.14462216198444366,0.001
B,1,61,0.13271181285381317,0.001
B,1,62,0.13132983446121216,0.001
B,1,63,0.1306474357843399,0.001
B,1,64,0.13316313922405243,0.001
B,1,65,0.14132188260555267,0.001
B,1,66,0.1298188865184784,0.001
B,1,67,0.1433584839105606,0.001
B,1,68,0.16096998751163483,0.001
B,1,69,0.12620778381824493,0.001
B,1,70,0.1310458779335022,0.001
B,1,71,0.1417149305343628,0.001
B,1,72,0.14322808384895325,0.001
B,1,73,0.12410736829042435,0.001
B,1,74,0.1266254186630249,0.001
B,1,75,0.12384998798370361,0.001
B,1,76,0.12397904694080353,0.001
B,1,77,0.12460768967866898,0.001
B,1,78,0.12091843038797379,0.001
B,1,79,0.14045484364032745,0.001
B,1,80,0.12792667746543884,0.001
B,1,81,0.12198083102703094,0.001
B,1,82,0.12966890633106232,0.001
B,1,83,0.1233392059803009,0.001
B,1,84,0.13439269363880157,0.001
B,1,85,0.118440642952919,0.001
B,1,86,0.13525277376174927,0.001
B,1,87,0.15318544209003448,0.001
B,1,88,0.11680775880813599,0.001
B,1,89,0.12332245707511902,0.001
B,1,90,0.13785572350025177,0.001
B,1,91,0.11381150782108307,0.001
B,1,92,0.12339898198843002,0.001
B,1,93,0.13011480867862701,0.001
B,1,94,0.15721438825130463,0.001
B,1,95,0.11206395924091339,0.001
B,1,96,0.12890461087226868,0.001
B,1,97,0.11662314087152481,0.001
B,1,98,0.16524025797843933,0.001
B,2,0,0.11685842275619507,0.001
B,2,1,0.11712536215782166,0.001
B,2,2,0.12628844380378723,0.001
B,2,3,0.14829126000404358,0.001
B,2,4,0.12326278537511826,0.001
B,2,5,0.11972566694021225,0.001
B,2,6,0.11286794394254684,0.001
B,2,7,0.11797495186328888,0.001
B,2,8,0.11898792535066605,0.001
B,2,9,0.12300960719585419,0.001
B,2,10,0.12027618288993835,0.001
B,2,11,0.1194978877902031,0.001
B,2,12,0.1099294126033783,0.001
B,2,13,0.11472517997026443,0.001
B,2,14,0.18192893266677856,0.001
B,2,15,0.10729757696390152,0.001
B,2,16,0.11444279551506042,0.001
B,2,17,0.12439578771591187,0.001
B,2,18,0.11547796428203583,0.001
B,2,19,0.10566501319408417,0.001
B,2,20,0.14620690047740936,0.001
B,2,21,0.1022488996386528,0.001
B,2,22,0.10683097690343857,0.001
B,2,23,0.10517936944961548,0.001
B,2,24,0.1069488525390625,0.001
B,2,25,0.10412997752428055,0.001
B,2,26,0.1024111807346344,0.001
B,2,27,0.11211958527565002,0.001
B,2,28,0.11318899691104889,0.001
B,2,29,0.10418665409088135,0.001
B,2,30,0.11592137068510056,0.001
B,2,31,0.10207165032625198,0.001
B,2,32,0.09894667565822601,0.001
B,2,33,0.09757162630558014,0.001
B,2,34,0.0995064452290535,0.001
B,2,35,0.10126564651727676,0.001
B,2,36,0.1028146967291832,0.001
B,2,37,0.10253261774778366,0.001
B,2,38,0.10044926404953003,0.001
B,2,39,0.11093337088823318,0.001
B,2,40,0.09631597250699997,0.001
B,2,41,0.11137913912534714,0.001
B,2,42,0.09482176601886749,0.001
B,2,43,0.1142968237400055,0.001
B,2,44,0.1038161963224411,0.001
B,2,45,0.09429731220006943,0.001
B,2,46,0.09537237137556076,0.001
B,2,47,0.10549411922693253,0.001
B,2,48,0.08945495635271072,0.001
B,2,49,0.09531322121620178,0.001
B,2,50,0.1136452779173851,0.001
B,2,51,0.1105949655175209,0.001
B,2,52,0.09903381019830704,0.001
B,2,53,0.13244906067848206,0.001
B,2,54,0.08875782042741776,0.001
B,2,55,0.09323341399431229,0.001
B,2,56,0.08909250050783157,0.001
B,2,57,0.09020739793777466,0.001
B,2,58,0.08703137189149857,0.001
B,2,59,0.08773868530988693,0.001
B,2,60,0.11298303306102753,0.001
B,2,61,0.11133764684200287,0.001
B,2,62,0.11046017706394196,0.001
B,2,63,0.09976384788751602,0.001
B,2,64,0.09011200070381165,0.001
B,2,65,0.09267865121364594,0.001
B,2,66,0.09665071964263916,0.001
B,2,67,0.09614582359790802,0.001
B,2,68,0.0861646980047226,0.001
B,2,69,0.08431117236614227,0.001
B,2,70,0.09706736356019974,0.001
B,2,71,0.08499784022569656,0.001
B,2,72,0.08174930512905121,0.001
B,2,73,0.08223438262939453,0.001
B,2,74,0.09121674299240112,0.001
B,2,75,0.08323510736227036,0.001
B,2,76,0.13227872550487518,0.001
B,2,77,0.0879460796713829,0.001
B,2,78,0.10061720758676529,0.001
B,2,79,0.11947029083967209,0.001
B,2,80,0.085240937769413,0.001
B,2,81,0.08046044409275055,0.001
B,2,82,0.08397892862558365,0.001
B,2,83,0.08984082192182541,0.001
B,2,84,0.08389119803905487,0.001
B,2,85,0.1011856272816658,0.001
B,2,86,0.08156353235244751,0.001
B,2,87,0.09095431864261627,0.001
B,2,88,0.11150792241096497,0.001
B,2,89,0.08280186355113983,0.001
B,2,90,0.10883952677249908,0.001
B,2,91,0.0882246345281601,0.001
B,2,92,0.09085388481616974,0.001
B,2,93,0.09897293150424957,0.001
B,2,94,0.08342469483613968,0.001
B,2,95,0.07681836187839508,0.001
B,2,96,0.0860988050699234,0.001
B,2,97,0.08016160875558853,0.001
B,2,98,0.08697602897882462,0.001
B,3,0,0.09257446229457855,0.001
B,3,1,0.08693749457597733,0.001
B,3,2,0.09757522493600845,0.001
B,3,3,0.0772334560751915,0.001
B,3,4,0.08484789729118347,0.001
B,3,5,0.0742887556552887,0.001
B,3,6,0.07504510134458542,0.001
B,3,7,0.09004329890012741,0.001
B,3,8,0.11578434705734253,0.001
B,3,9,0.09875292330980301,0.001
B,3,10,0.08212529867887497,0.001
B,3,11,0.11471273005008698,0.001
B,3,12,0.09052763879299164,0.001
B,3,13,0.08935621380805969,0.001
B,3,14,0.0791536346077919,0.001
B,3,15,0.0710313469171524,0.001
B,3,16,0.09352243691682816,0.001
B,3,17,0.07305187731981277,0.001
B,3,18,0.07329416275024414,0.001
B,3,19,0.07123824954032898,0.001
B,3,20,0.07907360047101974,0.001
B,3,21,0.07477736473083496,0.001
B,3,22,0.0804663822054863,0.001
B,3,23,0.08116192370653152,0.001
B,3,24,0.09255806356668472,0.001
B,3,25,0.06931274384260178,0.001
B,3,26,0.0676388293504715,0.001
B,3,27,0.09188631176948547,0.001
B,3,28,0.07947996258735657,0.001
B,3,29,0.07381053268909454,0.001
B,3,30,0.07814465463161469,0.001
B,3,31,0.11115191876888275,0.001
B,3,32,0.07850594818592072,0.001
B,3,33,0.0687141939997673,0.001
B,3,34,0.06640680879354477,0.001
B,3,35,0.07965555042028427,0.001
B,3,36,0.08447374403476715,0.001
B,3,37,0.0693414956331253,0.001
B,3,38,0.07783243060112,0.001
B,3,39,0.07251237332820892,0.001
B,3,40,0.07553661614656448,0.001
B,3,41,0.06316516548395157,0.001
B,3,42,0.06486309319734573,0.001
B,3,43,0.07658593356609344,0.001
B,3,44,0.06617259234189987,0.001
B,3,45,0.08297669142484665,0.001
B,3,46,0.06427841633558273,0.001
B,3,47,0.08400194346904755,0.001
B,3,48,0.06564339250326157,0.001
B,3,49,0.06318952143192291,0.001
B,3,50,0.07535501569509506,0.001
B,3,51,0.06799262762069702,0.001
B,3,52,0.06539342552423477,0.001
B,3,53,0.06790982186794281,0.001
B,3,54,0.0636533796787262,0.001
B,3,55,0.0788688212633133,0.001
B,3,56,0.06743200868368149,0.001
B,3,57,0.060745738446712494,0.001
B,3,58,0.06931287795305252,0.001
B,3,59,0.08239392191171646,0.001
B,3,60,0.06526196002960205,0.001
B,3,61,0.0631575733423233,0.001
B,3,62,0.07650604099035263,0.001
B,3,63,0.06820448487997055,0.001
B,3,64,0.06135878711938858,0.001
B,3,65,0.08701609820127487,0.001
B,3,66,0.06937466561794281,0.001
B,3,67,0.0663272961974144,0.001
B,3,68,0.06419264525175095,0.001
B,3,69,0.06331682950258255,0.001
B,3,70,0.057605355978012085,0.001
B,3,71,0.07340536266565323,0.001
B,3,72,0.0654352679848671,0.001
B,3,73,0.08721727877855301,0.001
B,3,74,0.06068501994013786,0.001
B,3,75,0.06582134962081909,0.001
B,3,76,0.059809617698192596,0.001
B,3,77,0.06714707612991333,0.001
B,3,78,0.06415072828531265,0.001
B,3,79,0.0722680613398552,0.001
B,3,80,0.057433608919382095,0.001
B,3,81,0.058756835758686066,0.001
B,3,82,0.058302633464336395,0.001
B,3,83,0.07144730538129807,0.001
B,3,84,0.05832493677735329,0.001
B,3,85,0.05628331005573273,0.001
B,3,86,0.1038985326886177,0.001
B,3,87,0.06734006106853485,0.001
B,3,88,0.06453701108694077,0.001
B,3,89,0.06093350797891617,0.001
B,3,90,0.0637047067284584,0.001
B,3,91,0.12618210911750793,0.001
B,3,92,0.07836415618658066,0.001
B,3,93,0.05804523080587387,0.001
B,3,94,0.057947851717472076,0.001
B,3,95,0.05232934281229973,0.001
B,3,96,0.05739264935255051,0.001
B,3,97,0.057608891278505325,0.001
B,3,98,0.09393341839313507,0.001
B,4,0,0.05692841485142708,0.001
B,4,1,0.05377684906125069,0.001
B,4,2,0.054474011063575745,0.001
B,4,3,0.08969976752996445,0.001
B,4,4,0.06031284108757973,0.001
B,4,5,0.052474070340394974,0.001
B,4,6,0.05891013145446777,0.001
B,4,7,0.05537562072277069,0.001
B,4,8,0.06298670172691345,0.001
B,4,9,0.05424036830663681,0.001
B,4,10,0.05243392288684845,0.001
B,4,11,0.05314911901950836,0.001
B,4,12,0.1274164617061615,0.001
B,4,13,0.06043040752410889,0.001
B,4,14,0.05865339934825897,0.001
B,4,15,0.06487463414669037,0.001
B,4,16,0.05259018391370773,0.001
B,4,17,0.050469279289245605,0.001
B,4,18,0.0523352287709713,0.001
B,4,19,0.05893212556838989,0.001
B,4,20,0.05090947821736336,0.001
B,4,21,0.05428764596581459,0.001
B,4,22,0.04946534335613251,0.001
B,4,23,0.05763503164052963,0.001
B,4,24,0.058978721499443054,0.001
B,4,25,0.0736788660287857,0.001
B,4,26,0.055823344737291336,0.001
B,4,27,0.07713590562343597,0.001
B,4,28,0.07196123152971268,0.001
B,4,29,0.04977209120988846,0.001
B,4,30,0.04845518246293068,0.001
B,4,31,0.05011385306715965,0.001
B,4,32,0.07264870405197144,0.001
B,4,33,0.06645448505878448,0.001
B,4,34,0.053376708179712296,0.001
B,4,35,0.059935521334409714,0.001
B,4,36,0.06799517571926117,0.001
B,4,37,0.05545583367347717,0.001
B,4,38,0.05785496532917023,0.001
B,4,39,0.05130957439541817,0.001
B,4,40,0.051364585757255554,0.001
B,4,41,0.07348348200321198,0.001
B,4,42,0.047967635095119476,0.001
B,4,43,0.05358493700623512,0.001
B,4,44,0.06340046226978302,0.001
B,4,45,0.052564587444067,0.001
B,4,46,0.06404854357242584,0.001
B,4,47,0.0676765963435173,0.001
B,4,48,0.04789639264345169,0.001
B,4,49,0.049709104001522064,0.001
B,4,50,0.048936255276203156,0.001
B,4,51,0.04384547844529152,0.001
B,4,52,0.06912244856357574,0.001
B,4,53,0.04856167733669281,0.001
B,4,54,0.05443959683179855,0.001
B,4,55,0.0654217079281807,0.001
B,4,56,0.060122326016426086,0.001
B,4,57,0.049867793917655945,0.001
B,4,58,0.04765504598617554,0.001
B,4,59,0.044827427715063095,0.001
B,4,60,0.08144539594650269,0.001
B,4,61,0.044225141406059265,0.001
B,4,62,0.058418381959199905,0.001
B,4,63,0.0470440648496151,0.001
B,4,64,0.05164208263158798,0.001
B,4,65,0.053641293197870255,0.001
B,4,66,0.05769903585314751,0.001
B,4,67,0.05689941346645355,0.001
B,4,68,0.06545862555503845,0.001
B,4,69,0.04591435566544533,0.001
B,4,70,0.052267007529735565,0.001
B,4,71,0.04385491460561752,0.001
B,4,72,0.07501707226037979,0.001
B,4,73,0.06888836622238159,0.001
B,4,74,0.07013178616762161,0.001
B,4,75,0.053539205342531204,0.001
B,4,76,0.053191106766462326,0.001
B,4,77,0.048568982630968094,0.001
B,4,78,0.1192505732178688,0.001
B,4,79,0.04940701276063919,0.001
B,4,80,0.04887653887271881,0.001
B,4,81,0.053279660642147064,0.001
B,4,82,0.05564051866531372,0.001
B,4,83,0.04228232055902481,0.001
B,4,84,0.05990348756313324,0.001
B,4,85,0.04987151920795441,0.001
B,4,86,0.045126426964998245,0.001
B,4,87,0.07323262095451355,0.001
B,4,88,0.04414859414100647,0.001
B,4,89,0.04507635161280632,0.001
B,4,90,0.046657975763082504,0.001
B,4,91,0.047108862549066544,0.001
B,4,92,0.043868981301784515,0.001
B,4,93,0.04764491692185402,0.001
B,4,94,0.04670882597565651,0.001
B,4,95,0.04294557869434357,0.001
B,4,96,0.06122921034693718,0.001
B,4,97,0.04356733337044716,0.001
B,4,98,0.04611586034297943,0.001
B,5,0,0.03765833005309105,0.001
B,5,1,0.04146794229745865,0.001
B,5,2,0.047196634113788605,0.001
B,5,3,0.05500263348221779,0.001
B,5,4,0.04493359103798866,0.001
B,5,5,0.04555818811058998,0.001
B,5,6,0.04516306519508362,0.001
B,5,7,0.04630860313773155,0.001
B,5,8,0.04593469575047493,0.001
B,5,9,0.048685599118471146,0.001
B,5,10,0.04772157967090607,0.001
B,5,11,0.04123944789171219,0.001
B,5,12,0.06904182583093643,0.001
B,5,13,0.047107405960559845,0.001
B,5,14,0.03996499627828598,0.001
B,5,15,0.05694923922419548,0.001
B,5,16,0.04706490412354469,0.001
B,5,17,0.042570941150188446,0.001
B,5,18,0.06376246362924576,0.001
B,5,19,0.03802966699004173,0.001
B,5,20,0.04698435589671135,0.001
B,5,21,0.060967907309532166,0.001
B,5,22,0.04535087198019028,0.001
B,5,23,0.03912277892231941,0.001
B,5,24,0.04009830951690674,0.001
B,5,25,0.05338926613330841,0.001
B,5,26,0.05828915908932686,0.001
B,5,27,0.03800525516271591,0.001
B,5,28,0.07105866819620132,0.001
B,5,29,0.06160137802362442,0.001
B,5,30,0.05434010922908783,0.001
B,5,31,0.05408387631177902,0.001
B,5,32,0.04686341434717178,0.001
B,5,33,0.04339613392949104,0.001
B,5,34,0.04083750769495964,0.001
B,5,35,0.05374718829989433,0.001
B,5,36,0.05710736662149429,0.001
B,5,37,0.037924643605947495,0.001
B,5,38,0.0408453606069088,0.001
B,5,39,0.07420025765895844,0.001
B,5,40,0.05152980983257294,0.001
B,5,41,0.04597002640366554,0.001
B,5,42,0.055318158119916916,0.001
B,5,43,0.04929134249687195,0.001
B,5,44,0.06859441846609116,0.001
B,5,45,0.04384319856762886,0.001
B,5,46,0.04804728180170059,0.001
B,5,47,0.04701032117009163,0.001
B,5,48,0.04047573730349541,0.001
B,5,49,0.03625013306736946,0.001
B,5,50,0.048387348651885986,0.001
B,5,51,0.08197643607854843,0.001
B,5,52,0.04231147840619087,0.001
B,5,53,0.04830046370625496,0.001
B,5,54,0.03830073028802872,0.001
B,5,55,0.037456829100847244,0.001
B,5,56,0.05265045166015625,0.001
B,5,57,0.03499642387032509,0.001
B,5,58,0.0430121012032032,0.001
B,5,59,0.03878146409988403,0.001
B,5,60,0.04299111291766167,0.001
B,5,61,0.04219779372215271,0.001
B,5,62,0.036956701427698135,0.001
B,5,63,0.03715192899107933,0.001
B,5,64,0.04136759415268898,0.001
B,5,65,0.10033342987298965,0.001
B,5,66,0.042791806161403656,0.001
B,5,67,0.03717716038227081,0.001
B,5,68,0.03650662675499916,0.001
B,5,69,0.03608725592494011,0.001
B,5,70,0.035962823778390884,0.001
B,5,71,0.054506681859493256,0.001
B,5,72,0.04461946710944176,0.001
B,5,73,0.037845876067876816,0.001
B,5,74,0.036009252071380615,0.001
B,5,75,0.035434916615486145,0.001
B,5,76,0.03782990574836731,0.001
B,5,77,0.035824380815029144,0.001
B,5,78,0.03408616781234741,0.001
B,5,79,0.06903824210166931,0.001
B,5,80,0.0374566949903965,0.001
B,5,81,0.039206329733133316,0.001
B,5,82,0.038152627646923065,0.001
B,5,83,0.04075948894023895,0.001
B,5,84,0.041516490280628204,0.001
B,5,85,0.03460940346121788,0.001
B,5,86,0.03455762565135956,0.001
B,5,87,0.03853266313672066,0.001
B,5,88,0.08243503421545029,0.001
B,5,89,0.04822607710957527,0.001
B,5,90,0.046141769737005234,0.001
B,5,91,0.05492747575044632,0.001
B,5,92,0.03930731862783432,0.001
B,5,93,0.03747836500406265,0.001
B,5,94,0.0453055202960968,0.001
B,5,95,0.03803493082523346,0.001
B,5,96,0.03430766612291336,0.001
B,5,97,0.04019700363278389,0.001
B,5,98,0.0368669219315052,0.001
B,6,0,0.03861905634403229,0.001
B,6,1,0.05110082030296326,0.001
B,6,2,0.03490137308835983,0.001
B,6,3,0.03840736299753189,0.001
B,6,4,0.05374305322766304,0.001
B,6,5,0.03686419129371643,0.001
B,6,6,0.03798547014594078,0.001
B,6,7,0.037753697484731674,0.001
B,6,8,0.03690734878182411,0.001
B,6,9,0.03692188858985901,0.001
B,6,10,0.03768105059862137,0.001
B,6,11,0.03424675390124321,0.001
B,6,12,0.03431760147213936,0.001
B,6,13,0.044634271413087845,0.001
B,6,14,0.03535473719239235,0.001
B,6,15,0.04867295175790787,0.001
B,6,16,0.03396923094987869,0.001
B,6,17,0.04342446103692055,0.001
B,6,18,0.06600439548492432,0.001
B,6,19,0.036365944892168045,0.001
B,6,20,0.04729165509343147,0.001
B,6,21,0.03322598338127136,0.001
B,6,22,0.03501725569367409,0.001
B,6,23,0.031197404488921165,0.001
B,6,24,0.04644102603197098,0.001
B,6,25,0.041744910180568695,0.001
B,6,26,0.03248148038983345,0.001
B,6,27,0.03045699931681156,0.001
B,6,28,0.06305009871721268,0.001
B,6,29,0.037361569702625275,0.001
B,6,30,0.028649190440773964,0.001
B,6,31,0.033585693687200546,0.001
B,6,32,0.03992965444922447,0.001
B,6,33,0.06301099807024002,0.001
B,6,34,0.03063243255019188,0.001
B,6,35,0.036141764372587204,0.001
B,6,36,0.0423368401825428,0.001
B,6,37,0.049637503921985626,0.001
B,6,38,0.03839874267578125,0.001
B,6,39,0.0582021027803421,0.001
B,6,40,0.03553222864866257,0.001
B,6,41,0.03130190074443817,0.001
B,6,42,0.05849849805235863,0.001
B,6,43,0.02740340493619442,0.001
B,6,44,0.04553704336285591,0.001
B,6,45,0.03600288927555084,0.001
B,6,46,0.03385050594806671,0.001
B,6,47,0.03975481912493706,0.001
B,6,48,0.02944580651819706,0.001
B,6,49,0.02583548240363598,0.001
B,6,50,0.03756327927112579,0.001
B,6,51,0.04016518220305443,0.001
B,6,52,0.030217161402106285,0.001
B,6,53,0.028937499970197678,0.001
B,6,54,0.05772179737687111,0.001
B,6,55,0.03111313097178936,0.001
B,6,56,0.04267332702875137,0.001
B,6,57,0.05101613700389862,0.001
B,6,58,0.032576244324445724,0.001
B,6,59,0.034327685832977295,0.001
B,6,60,0.03612310066819191,0.001
B,6,61,0.0597974956035614,0.001
B,6,62,0.02954300493001938,0.001
B,6,63,0.046134065836668015,0.001
B,6,64,0.035528723150491714,0.001
B,6,65,0.035414159297943115,0.001
B,6,66,0.04394683241844177,0.001
B,6,67,0.044724028557538986,0.001
B,6,68,0.02831108868122101,0.001
B,6,69,0.028497710824012756,0.001
B,6,70,0.027974480763077736,0.001
B,6,71,0.029618654400110245,0.001
B,6,72,0.10053464025259018,0.001
B,6,73,0.03987688943743706,0.001
B,6,74,0.0293043814599514,0.001
B,6,75,0.028112133964896202,0.001
B,6,76,0.04272761940956116,0.001
B,6,77,0.031139815226197243,0.001
B,6,78,0.02781754732131958,0.001
B,6,79,0.03393044322729111,0.001
B,6,80,0.03902333974838257,0.001
B,6,81,0.028292639181017876,0.001
B,6,82,0.03254739195108414,0.001
B,6,83,0.06944800913333893,0.001
B,6,84,0.036074187606573105,0.001
B,6,85,0.030047856271266937,0.001
B,6,86,0.05336702615022659,0.001
B,6,87,0.03945403918623924,0.001
B,6,88,0.0280611589550972,0.001
B,6,89,0.031812071800231934,0.001
B,6,90,0.027902131900191307,0.001
B,6,91,0.030051760375499725,0.001
B,6,92,0.037153907120227814,0.001
B,6,93,0.04980650171637535,0.001
B,6,94,0.04478354752063751,0.001
B,6,95,0.030182546004652977,0.001
B,6,96,0.028949307277798653,0.001
B,6,97,0.032536279410123825,0.001
B,6,98,0.037481144070625305,0.001
B,7,0,0.028836049139499664,0.001
B,7,1,0.03396018221974373,0.001
B,7,2,0.02983345277607441,0.001
B,7,3,0.041194889694452286,0.001
B,7,4,0.033523302525281906,0.001
B,7,5,0.035376086831092834,0.001
B,7,6,0.02847498096525669,0.001
B,7,7,0.02641937881708145,0.001
B,7,8,0.028995079919695854,0.001
B,7,9,0.031351178884506226,0.001
B,7,10,0.028598790988326073,0.001
B,7,11,0.05688691511750221,0.001
B,7,12,0.03095349669456482,0.001
B,7,13,0.04238962009549141,0.001
B,7,14,0.04588828235864639,0.001
B,7,15,0.02768007665872574,0.001
B,7,16,0.034068625420331955,0.001
B,7,17,0.02468494139611721,0.001
B,7,18,0.030560104176402092,0.001
B,7,19,0.027556881308555603,0.001
B,7,20,0.02876555733382702,0.001
B,7,21,0.03403477743268013,0.001
B,7,22,0.02547335997223854,0.001
B,7,23,0.025694826617836952,0.001
B,7,24,0.0315394289791584,0.001
B,7,25,0.03436810523271561,0.001
B,7,26,0.03555115684866905,0.001
B,7,27,0.028208477422595024,0.001
B,7,28,0.03171037510037422,0.001
B,7,29,0.029514214023947716,0.001
B,7,30,0.04912034794688225,0.001
B,7,31,0.028685418888926506,0.001
B,7,32,0.030980262905359268,0.001
B,7,33,0.026512511074543,0.001
B,7,34,0.041393425315618515,0.001
B,7,35,0.03064465895295143,0.001
B,7,36,0.032847821712493896,0.001
B,7,37,0.02641325630247593,0.001
B,7,38,0.022383078932762146,0.001
B,7,39,0.03972670063376427,0.001
B,7,40,0.026450375095009804,0.001
B,7,41,0.030333571135997772,0.001
B,7,42,0.03905351087450981,0.001
B,7,43,0.026850810274481773,0.001
B,7,44,0.03626761958003044,0.001
B,7,45,0.04992154985666275,0.001
B,7,46,0.05070396140217781,0.001
B,7,47,0.03900596871972084,0.001
B,7,48,0.041070133447647095,0.001
B,7,49,0.024162935093045235,0.001
B,7,50,0.05716637894511223,0.001
B,7,51,0.02474105730652809,0.001
B,7,52,0.045463819056749344,0.001
B,7,53,0.037351734936237335,0.001
B,7,54,0.025971684604883194,0.001
B,7,55,0.020965181291103363,0.001
B,7,56,0.025532394647598267,0.001
B,7,57,0.025162801146507263,0.001
B,7,58,0.026727724820375443,0.001
B,7,59,0.030219579115509987,0.001
B,7,60,0.03886393457651138,0.001
B,7,61,0.027251580730080605,0.001
B,7,62,0.03256602957844734,0.001
B,7,63,0.050703149288892746,0.001
B,7,64,0.025519708171486855,0.001
B,7,65,0.026234516873955727,0.001
B,7,66,0.05409129336476326,0.001
B,7,67,0.034224797040224075,0.001
B,7,68,0.033801350742578506,0.001
B,7,69,0.02504991926252842,0.001
B,7,70,0.06784029304981232,0.001
B,7,71,0.026124535128474236,0.001
B,7,72,0.03522207587957382,0.001
B,7,73,0.03724538907408714,0.001
B,7,74,0.03029705211520195,0.001
B,7,75,0.044318217784166336,0.001
B,7,76,0.03923102840781212,0.001
B,7,77,0.02280651405453682,0.001
B,7,78,0.027253059670329094,0.001
B,7,79,0.02860352024435997,0.001
B,7,80,0.03259074315428734,0.001
B,7,81,0.041951969265937805,0.001
B,7,82,0.025510339066386223,0.001
B,7,83,0.02703789249062538,0.001
B,7,84,0.03462216630578041,0.001
B,7,85,0.039422936737537384,0.001
B,7,86,0.026978185400366783,0.001
B,7,87,0.029913853853940964,0.001
B,7,88,0.03436698019504547,0.001
B,7,89,0.036159466952085495,0.001
B,7,90,0.03194446489214897,0.001
B,7,91,0.0282768402248621,0.001
B,7,92,0.022977419197559357,0.001
B,7,93,0.0287435594946146,0.001
B,7,94,0.03891753777861595,0.001
B,7,95,0.049748245626688004,0.001
B,7,96,0.030149895697832108,0.001
B,7,97,0.025664592161774635,0.001
B,7,98,0.06424841284751892,0.001
B,8,0,0.06190236657857895,0.001
B,8,1,0.029792848974466324,0.001
B,8,2,0.02431875839829445,0.001
B,8,3,0.026376133784651756,0.001
B,8,4,0.05472566932439804,0.001
B,8,5,0.03226868808269501,0.001
B,8,6,0.02491825819015503,0.001
B,8,7,0.024100109934806824,0.001
B,8,8,0.037529103457927704,0.001
B,8,9,0.0313163697719574,0.001
B,8,10,0.023480255156755447,0.001
B,8,11,0.041473906487226486,0.001
B,8,12,0.02960590086877346,0.001
B,8,13,0.02872372418642044,0.001
B,8,14,0.0335790254175663,0.001
B,8,15,0.024695953354239464,0.001
B,8,16,0.026497241109609604,0.001
B,8,17,0.0390327088534832,0.001
B,8,18,0.036268360912799835,0.001
B,8,19,0.03151464834809303,0.001
B,8,20,0.02747637778520584,0.001
B,8,21,0.028749339282512665,0.001
B,8,22,0.02568972483277321,0.001
B,8,23,0.033095259219408035,0.001
B,8,24,0.031730666756629944,0.001
B,8,25,0.02109924890100956,0.001
B,8,26,0.0492231585085392,0.001
B,8,27,0.0293105635792017,0.001
B,8,28,0.022563142701983452,0.001
B,8,29,0.026541097089648247,0.001
B,8,30,0.03895888477563858,0.001
B,8,31,0.03345106169581413,0.001
B,8,32,0.025333354249596596,0.001
B,8,33,0.024761516600847244,0.001
B,8,34,0.026227425783872604,0.001
B,8,35,0.02752513438463211,0.001
B,8,36,0.027656108140945435,0.001
B,8,37,0.021352432668209076,0.001
B,8,38,0.02361772581934929,0.001
B,8,39,0.05989295616745949,0.001
B,8,40,0.05211551859974861,0.001
B,8,41,0.026856018230319023,0.001
B,8,42,0.04294416308403015,0.001
B,8,43,0.03979441896080971,0.001
B,8,44,0.029184045270085335,0.001
B,8,45,0.02986793778836727,0.001
B,8,46,0.044019345194101334,0.001
B,8,47,0.03169849514961243,0.001
B,8,48,0.02536255680024624,0.001
B,8,49,0.02328542061150074,0.001
B,8,50,0.04652058705687523,0.001
B,8,51,0.02473864145576954,0.001
B,8,52,0.02182067558169365,0.001
B,8,53,0.024778645485639572,0.001
B,8,54,0.0407831035554409,0.001
B,8,55,0.023658281192183495,0.001
B,8,56,0.032803721725940704,0.001
B,8,57,0.023007692769169807,0.001
B,8,58,0.036775942891836166,0.001
B,8,59,0.03634083271026611,0.001
B,8,60,0.022406715899705887,0.001
B,8,61,0.049192383885383606,0.001
B,8,62,0.020409125834703445,0.001
B,8,63,0.030806032940745354,0.001
B,8,64,0.031444646418094635,0.001
B,8,65,0.02297479473054409,0.001
B,8,66,0.02675298973917961,0.001
B,8,67,0.023123113438487053,0.001
B,8,68,0.025958925485610962,0.001
B,8,69,0.020948678255081177,0.001
B,8,70,0.022551175206899643,0.001
B,8,71,0.03481171652674675,0.001
B,8,72,0.023800985887646675,0.001
B,8,73,0.03522194176912308,0.001
B,8,74,0.02795291133224964,0.001
B,8,75,0.027123253792524338,0.001
B,8,76,0.02221270464360714,0.001
B,8,77,0.03061739355325699,0.001
B,8,78,0.048356443643569946,0.001
B,8,79,0.03413867950439453,0.001
B,8,80,0.031893059611320496,0.001
B,8,81,0.033175766468048096,0.001
B,8,82,0.041755255311727524,0.001
B,8,83,0.04208988696336746,0.001
B,8,84,0.027457507327198982,0.001
B,8,85,0.01922362856566906,0.001
B,8,86,0.017774315550923347,0.001
B,8,87,0.05048511177301407,0.001
B,8,88,0.022448666393756866,0.001
B,8,89,0.023121075704693794,0.001
B,8,90,0.026875097304582596,0.001
B,8,91,0.023643502965569496,0.001
B,8,92,0.030157582834362984,0.001
B,8,93,0.027284111827611923,0.001
B,8,94,0.048129208385944366,0.001
B,8,95,0.038260478526353836,0.001
B,8,96,0.023557310923933983,0.001
B,8,97,0.024917257949709892,0.001
B,8,98,0.024278726428747177,0.001
B,9,0,0.023607507348060608,0.001
B,9,1,0.023802081122994423,0.001
B,9,2,0.027777401730418205,0.001
B,9,3,0.022859347984194756,0.001
B,9,4,0.0454794280230999,0.001
B,9,5,0.02256709337234497,0.001
B,9,6,0.05885620415210724,0.001
B,9,7,0.022158177569508553,0.001
B,9,8,0.031919121742248535,0.001
B,9,9,0.02516130357980728,0.001
B,9,10,0.025602959096431732,0.001
B,9,11,0.02145739458501339,0.001
B,9,12,0.023280872032046318,0.001
B,9,13,0.01927047036588192,0.001
B,9,14,0.024971473962068558,0.001
B,9,15,0.0229385606944561,0.001
B,9,16,0.02139773964881897,0.001
B,9,17,0.03357904776930809,0.001
B,9,18,0.02035457454621792,0.001
B,9,19,0.02252686396241188,0.001
B,9,20,0.02868022955954075,0.001
B,9,21,0.029772436246275902,0.001
B,9,22,0.04080473631620407,0.001
B,9,23,0.028819633647799492,0.001
B,9,24,0.024501346051692963,0.001
B,9,25,0.04623863473534584,0.001
B,9,26,0.02551070787012577,0.001
B,9,27,0.04761701077222824,0.001
B,9,28,0.031104158610105515,0.001
B,9,29,0.02102981135249138,0.001
B,9,30,0.02599615417420864,0.001
B,9,31,0.01821466162800789,0.001
B,9,32,0.024130620062351227,0.001
B,9,33,0.03176846355199814,0.001
B,9,34,0.021091343834996223,0.001
B,9,35,0.02508150041103363,0.001
B,9,36,0.027430308982729912,0.001
B,9,37,0.02681473083794117,0.001
B,9,38,0.020195050165057182,0.001
B,9,39,0.05013345554471016,0.001
B,9,40,0.02324768900871277,0.001
B,9,41,0.022213853895664215,0.001
B,9,42,0.045327313244342804,0.001
B,9,43,0.026183398440480232,0.001
B,9,44,0.03213009610772133,0.001
B,9,45,0.03455473482608795,0.001
B,9,46,0.023638654500246048,0.001
B,9,47,0.05338730290532112,0.001
B,9,48,0.023999236524105072,0.001
B,9,49,0.018202556297183037,0.001
B,9,50,0.036702144891023636,0.001
B,9,51,0.03418941795825958,0.001
B,9,52,0.03430164232850075,0.001
B,9,53,0.024026717990636826,0.001
B,9,54,0.02691337838768959,0.001
B,9,55,0.02459733746945858,0.001
B,9,56,0.04583730176091194,0.001
B,9,57,0.024988213554024696,0.001
B,9,58,0.02176506631076336,0.001
B,9,59,0.017888864502310753,0.001
B,9,60,0.03199198842048645,0.001
B,9,61,0.045059964060783386,0.001
B,9,62,0.03640096262097359,0.001
B,9,63,0.02092069573700428,0.001
B,9,64,0.032931070774793625,0.001
B,9,65,0.02904668264091015,0.001
B,9,66,0.021397223696112633,0.001
B,9,67,0.019911421462893486,0.001
B,9,68,0.033426687121391296,0.001
B,9,69,0.025001073256134987,0.001
B,9,70,0.021487059071660042,0.001
B,9,71,0.01900739222764969,0.001
B,9,72,0.023013615980744362,0.001
B,9,73,0.04492044448852539,0.001
B,9,74,0.0294787660241127,0.001
B,9,75,0.02329235151410103,0.001
B,9,76,0.022583037614822388,0.001
B,9,77,0.02051694504916668,0.001
B,9,78,0.024324795231223106,0.001
B,9,79,0.032817140221595764,0.001
B,9,80,0.03397354483604431,0.001
B,9,81,0.02189212664961815,0.001
B,9,82,0.021838335320353508,0.001
B,9,83,0.02784135192632675,0.001
B,9,84,0.037832774221897125,0.001
B,9,85,0.034235719591379166,0.001
B,9,86,0.017323415726423264,0.001
B,9,87,0.025504494085907936,0.001
B,9,88,0.020374290645122528,0.001
B,9,89,0.037901125848293304,0.001
B,9,90,0.017828982323408127,0.001
B,9,91,0.027508260682225227,0.001
B,9,92,0.036490075290203094,0.001
B,9,93,0.027904637157917023,0.001
B,9,94,0.03172309324145317,0.001
B,9,95,0.02439858391880989,0.001
B,9,96,0.025043534114956856,0.001
B,9,97,0.03687731549143791,0.001
B,9,98,0.015804890543222427,0.001
B,10,0,0.02111075632274151,0.0001
B,10,1,0.029650289565324783,0.0001
B,10,2,0.023470718413591385,0.0001
B,10,3,0.01756320521235466,0.0001
B,10,4,0.02998962625861168,0.0001
B,10,5,0.02700110338628292,0.0001
B,10,6,0.020976241677999496,0.0001
B,10,7,0.022695086896419525,0.0001
B,10,8,0.023486847057938576,0.0001
B,10,9,0.029933594167232513,0.0001
B,10,10,0.019961781799793243,0.0001
B,10,11,0.015004247426986694,0.0001
B,10,12,0.02073577605187893,0.0001
B,10,13,0.027192074805498123,0.0001
B,10,14,0.024493521079421043,0.0001
B,10,15,0.024121519178152084,0.0001
B,10,16,0.021951694041490555,0.0001
B,10,17,0.026572752743959427,0.0001
B,10,18,0.020337680354714394,0.0001
B,10,19,0.020778298377990723,0.0001
B,10,20,0.025117473676800728,0.0001
B,10,21,0.041103094816207886,0.0001
B,10,22,0.016165899112820625,0.0001
B,10,23,0.017041075974702835,0.0001
B,10,24,0.021959371864795685,0.0001
B,10,25,0.03038121573626995,0.0001
B,10,26,0.01684565469622612,0.0001
B,10,27,0.019986264407634735,0.0001
B,10,28,0.025447644293308258,0.0001
B,10,29,0.02419085055589676,0.0001
B,10,30,0.02240990288555622,0.0001
B,10,31,0.020020633935928345,0.0001
B,10,32,0.04749223589897156,0.0001
B,10,33,0.018544435501098633,0.0001
B,10,34,0.015527568757534027,0.0001
B,10,35,0.026041915640234947,0.0001
B,10,36,0.025865230709314346,0.0001
B,10,37,0.01755165494978428,0.0001
B,10,38,0.020127059891819954,0.0001
B,10,39,0.044516824185848236,0.0001
B,10,40,0.019421881064772606,0.0001
B,10,41,0.03171336650848389,0.0001
B,10,42,0.020954664796590805,0.0001
B,10,43,0.018801070749759674,0.0001
B,10,44,0.02070719748735428,0.0001
B,10,45,0.036256495863199234,0.0001
B,10,46,0.017624687403440475,0.0001
B,10,47,0.020581448450684547,0.0001
B,10,48,0.035280875861644745,0.0001
B,10,49,0.02046799473464489,0.0001
B,10,50,0.017416436225175858,0.0001
B,10,51,0.027912499383091927,0.0001
B,10,52,0.034890446811914444,0.0001
B,10,53,0.03017352893948555,0.0001
B,10,54,0.03620242699980736,0.0001
B,10,55,0.022017482668161392,0.0001
B,10,56,0.03820455074310303,0.0001
B,10,57,0.030898567289114,0.0001
B,10,58,0.030075279995799065,0.0001
B,10,59,0.023993026465177536,0.0001
B,10,60,0.04410906136035919,0.0001
B,10,61,0.048728447407484055,0.0001
B,10,62,0.0214039608836174,0.0001
B,10,63,0.02251753769814968,0.0001
B,10,64,0.020734725520014763,0.0001
B,10,65,0.031009137630462646,0.0001
B,10,66,0.024891262874007225,0.0001
B,10,67,0.03275784105062485,0.0001
B,10,68,0.04037382826209068,0.0001
B,10,69,0.041303884238004684,0.0001
B,10,70,0.0235146414488554,0.0001
B,10,71,0.030922481790184975,0.0001
B,10,72,0.029039880260825157,0.0001
B,10,73,0.027031319215893745,0.0001
B,10,74,0.030173640698194504,0.0001
B,10,75,0.020511476323008537,0.0001
B,10,76,0.032200682908296585,0.0001
B,10,77,0.043871261179447174,0.0001
B,10,78,0.018012648448348045,0.0001
B,10,79,0.027006452903151512,0.0001
B,10,80,0.022550228983163834,0.0001
B,10,81,0.017876721918582916,0.0001
B,10,82,0.017556792125105858,0.0001
B,10,83,0.03224076330661774,0.0001
B,10,84,0.023105563595891,0.0001
B,10,85,0.019150827080011368,0.0001
B,10,86,0.022145766764879227,0.0001
B,10,87,0.0267079696059227,0.0001
B,10,88,0.035704221576452255,0.0001
B,10,89,0.029668590053915977,0.0001
B,10,90,0.02613489329814911,0.0001
B,10,91,0.0291708055883646,0.0001
B,10,92,0.03013950027525425,0.0001
B,10,93,0.025059465318918228,0.0001
B,10,94,0.03651084005832672,0.0001
B,10,95,0.015169982798397541,0.0001
B,10,96,0.02462799660861492,0.0001
B,10,97,0.023044731467962265,0.0001
B,10,98,0.03438030183315277,0.0001
B,11,0,0.02155488356947899,0.0001
B,11,1,0.02603260800242424,0.0001
B,11,2,0.023505987599492073,0.0001
B,11,3,0.02971629425883293,0.0001
B,11,4,0.033793315291404724,0.0001
B,11,5,0.02086501568555832,0.0001
B,11,6,0.023175712674856186,0.0001
B,11,7,0.02559010684490204,0.0001
B,11,8,0.02497144415974617,0.0001
B,11,9,0.02611408941447735,0.0001
B,11,10,0.026866856962442398,0.0001
B,11,11,0.029971584677696228,0.0001
B,11,12,0.020796561613678932,0.0001
B,11,13,0.02072223089635372,0.0001
B,11,14,0.025098873302340508,0.0001
B,11,15,0.02342996373772621,0.0001
B,11,16,0.021512450650334358,0.0001
B,11,17,0.022804565727710724,0.0001
B,11,18,0.018885601311922073,0.0001
B,11,19,0.035804297775030136,0.0001
B,11,20,0.019166555255651474,0.0001
B,11,21,0.0248197540640831,0.0001
B,11,22,0.023853369057178497,0.0001
B,11,23,0.02100677415728569,0.0001
B,11,24,0.03904835507273674,0.0001
B,11,25,0.023103786632418633,0.0001
B,11,26,0.019396021962165833,0.0001
B,11,27,0.0298051405698061,0.0001
B,11,28,0.019288895651698112,0.0001
B,11,29,0.014630904421210289,0.0001
B,11,30,0.020102545619010925,0.0001
B,11,31,0.019688822329044342,0.0001
B,11,32,0.02286427840590477,0.0001
B,11,33,0.017061062157154083,0.0001
B,11,34,0.03062252141535282,0.0001
B,11,35,0.035261113196611404,0.0001
B,11,36,0.03702324628829956,0.0001
B,11,37,0.02027043327689171,0.0001
B,11,38,0.014746362343430519,0.0001
B,11,39,0.028235601261258125,0.0001
B,11,40,0.018321162089705467,0.0001
B,11,41,0.02153908833861351,0.0001
B,11,42,0.028561780229210854,0.0001
B,11,43,0.03219566121697426,0.0001
B,11,44,0.027401037514209747,0.0001
B,11,45,0.018472930416464806,0.0001
B,11,46,0.029869206249713898,0.0001
B,11,47,0.018169041723012924,0.0001
B,11,48,0.017925603315234184,0.0001
B,11,49,0.018063755705952644,0.0001
B,11,50,0.020036134868860245,0.0001
B,11,51,0.022974641993641853,0.0001
B,11,52,0.02890685200691223,0.0001
B,11,53,0.024286653846502304,0.0001
B,11,54,0.017188463360071182,0.0001
B,11,55,0.03703092411160469,0.0001
B,11,56,0.0335838608443737,0.0001
B,11,57,0.024561284109950066,0.0001
B,11,58,0.023639148101210594,0.0001
B,11,59,0.04352908208966255,0.0001
B,11,60,0.028513304889202118,0.0001
B,11,61,0.02008809894323349,0.0001
B,11,62,0.017820023000240326,0.0001
B,11,63,0.025446482002735138,0.0001
B,11,64,0.029445214197039604,0.0001
B,11,65,0.04186549782752991,0.0001
B,11,66,0.02386275865137577,0.0001
B,11,67,0.04974482208490372,0.0001
B,11,68,0.01571883261203766,0.0001
B,11,69,0.0302304495126009,0.0001
B,11,70,0.0301666259765625,0.0001
B,11,71,0.014318450354039669,0.0001
B,11,72,0.018380116671323776,0.0001
B,11,73,0.018519479781389236,0.0001
B,11,74,0.019383152946829796,0.0001
B,11,75,0.04283880069851875,0.0001
B,11,76,0.026308415457606316,0.0001
B,11,77,0.01870867609977722,0.0001
B,11,78,0.02218448556959629,0.0001
B,11,79,0.02061220072209835,0.0001
B,11,80,0.03372550755739212,0.0001
B,11,81,0.02663738653063774,0.0001
B,11,82,0.025555547326803207,0.0001
B,11,83,0.039045777171850204,0.0001
B,11,84,0.01976739801466465,0.0001
B,11,85,0.034952111542224884,0.0001
B,11,86,0.02167709730565548,0.0001
B,11,87,0.026825301349163055,0.0001
B,11,88,0.030056484043598175,0.0001
B,11,89,0.016850154846906662,0.0001
B,11,90,0.016855290159583092,0.0001
B,11,91,0.02704389952123165,0.0001
B,11,92,0.017912689596414566,0.0001
B,11,93,0.03170580789446831,0.0001
B,11,94,0.04030957445502281,0.0001
B,11,95,0.021731607615947723,0.0001
B,11,96,0.04635193198919296,0.0001
B,11,97,0.02068440243601799,0.0001
B,11,98,0.023736238479614258,0.0001
B,12,0,0.020785436034202576,0.0001
B,12,1,0.0280759260058403,0.0001
B,12,2,0.020505761727690697,0.0001
B,12,3,0.018218066543340683,0.0001
B,12,4,0.023063290864229202,0.0001
B,12,5,0.02306217886507511,0.0001
B,12,6,0.02560591883957386,0.0001
B,12,7,0.035766467452049255,0.0001
B,12,8,0.035258062183856964,0.0001
B,12,9,0.029463807120919228,0.0001
B,12,10,0.031307149678468704,0.0001
B,12,11,0.02430044487118721,0.0001
B,12,12,0.024973023682832718,0.0001
B,12,13,0.019470233470201492,0.0001
B,12,14,0.01473669521510601,0.0001
B,12,15,0.039471130818128586,0.0001
B,12,16,0.021603329107165337,0.0001
B,12,17,0.028183801099658012,0.0001
B,12,18,0.018795175477862358,0.0001
B,12,19,0.014546514488756657,0.0001
B,12,20,0.03970243036746979,0.0001
B,12,21,0.029514051973819733,0.0001
B,12,22,0.03350967913866043,0.0001
B,12,23,0.031824514269828796,0.0001
B,12,24,0.02885640785098076,0.0001
B,12,25,0.028470631688833237,0.0001
B,12,26,0.024332018569111824,0.0001
B,12,27,0.017762549221515656,0.0001
B,12,28,0.029491795226931572,0.0001
B,12,29,0.043369244784116745,0.0001
B,12,30,0.04739396274089813,0.0001
B,12,31,0.0232709888368845,0.0001
B,12,32,0.020029651001095772,0.0001
B,12,33,0.0297287218272686,0.0001
B,12,34,0.020897118374705315,0.0001
B,12,35,0.02850908413529396,0.0001
B,12,36,0.021668341010808945,0.0001
B,12,37,0.016029316931962967,0.0001
B,12,38,0.03436939790844917,0.0001
B,12,39,0.03290778771042824,0.0001
B,12,40,0.028112078085541725,0.0001
B,12,41,0.01937052421271801,0.0001
B,12,42,0.021342959254980087,0.0001
B,12,43,0.027206536382436752,0.0001
B,12,44,0.01658644899725914,0.0001
B,12,45,0.030331112444400787,0.0001
B,12,46,0.04257430508732796,0.0001
B,12,47,0.016954651102423668,0.0001
B,12,48,0.035301413387060165,0.0001
B,12,49,0.023136073723435402,0.0001
B,12,50,0.020868586376309395,0.0001
B,12,51,0.01975453644990921,0.0001
B,12,52,0.026954060420393944,0.0001
B,12,53,0.018120868131518364,0.0001
B,12,54,0.02910720370709896,0.0001
B,12,55,0.019555354490876198,0.0001
B,12,56,0.02007903903722763,0.0001
B,12,57,0.021690374240279198,0.0001
B,12,58,0.029568884521722794,0.0001
B,12,59,0.029925944283604622,0.0001
B,12,60,0.01929563842713833,0.0001
B,12,61,0.01817738451063633,0.0001
B,12,62,0.018168427050113678,0.0001
B,12,63,0.03805772587656975,0.0001
B,12,64,0.024429330602288246,0.0001
B,12,65,0.02152784913778305,0.0001
B,12,66,0.01960347220301628,0.0001
B,12,67,0.03400773927569389,0.0001
B,12,68,0.0415421798825264,0.0001
B,12,69,0.022935813292860985,0.0001
B,12,70,0.018085844814777374,0.0001
B,12,71,0.019728833809494972,0.0001
B,12,72,0.023384664207696915,0.0001
B,12,73,0.018585393205285072,0.0001
B,12,74,0.02224937081336975,0.0001
B,12,75,0.02283148653805256,0.0001
B,12,76,0.020786749199032784,0.0001
B,12,77,0.014172184281051159,0.0001
B,12,78,0.04626594856381416,0.0001
B,12,79,0.01989147998392582,0.0001
B,12,80,0.023870613425970078,0.0001
B,12,81,0.02754754200577736,0.0001
B,12,82,0.020531468093395233,0.0001
B,12,83,0.02675909921526909,0.0001
B,12,84,0.02283245138823986,0.0001
B,12,85,0.03613107278943062,0.0001
B,12,86,0.02359810099005699,0.0001
B,12,87,0.028515562415122986,0.0001
B,12,88,0.018951281905174255,0.0001
B,12,89,0.021957339718937874,0.0001
B,12,90,0.02103245072066784,0.0001
B,12,91,0.026107484474778175,0.0001
B,12,92,0.027772584930062294,0.0001
B,12,93,0.02525828406214714,0.0001
B,12,94,0.01509949006140232,0.0001
B,12,95,0.021172374486923218,0.0001
B,12,96,0.020678693428635597,0.0001
B,12,97,0.017307531088590622,0.0001
B,12,98,0.019376326352357864,0.0001
B,13,0,0.024456029757857323,0.0001
B,13,1,0.015380797907710075,0.0001
B,13,2,0.041536588221788406,0.0001
B,13,3,0.039276424795389175,0.0001
B,13,4,0.02642086334526539,0.0001
B,13,5,0.02360895276069641,0.0001
B,13,6,0.028855107724666595,0.0001
B,13,7,0.01932402513921261,0.0001
B,13,8,0.017824651673436165,0.0001
B,13,9,0.02366342768073082,0.0001
B,13,10,0.016208916902542114,0.0001
B,13,11,0.0269274041056633,0.0001
B,13,12,0.020398501306772232,0.0001
B,13,13,0.03720996528863907,0.0001
B,13,14,0.024000581353902817,0.0001
B,13,15,0.028240704908967018,0.0001
B,13,16,0.015705997124314308,0.0001
B,13,17,0.01880752295255661,0.0001
B,13,18,0.02242502011358738,0.0001
B,13,19,0.019055258482694626,0.0001
B,13,20,0.016388215124607086,0.0001
B,13,21,0.017915304750204086,0.0001
B,13,22,0.02329862304031849,0.0001
B,13,23,0.02143719606101513,0.0001
B,13,24,0.029262783005833626,0.0001
B,13,25,0.028024490922689438,0.0001
B,13,26,0.021511737257242203,0.0001
B,13,27,0.02568679116666317,0.0001
B,13,28,0.017338784411549568,0.0001
B,13,29,0.027361107990145683,0.0001
B,13,30,0.01771717704832554,0.0001
B,13,31,0.020085567608475685,0.0001
B,13,32,0.020692475140094757,0.0001
B,13,33,0.023693816736340523,0.0001
B,13,34,0.019944777712225914,0.0001
B,13,35,0.018519757315516472,0.0001
B,13,36,0.027578871697187424,0.0001
B,13,37,0.021193671971559525,0.0001
B,13,38,0.03738970682024956,0.0001
B,13,39,0.02954854816198349,0.0001
B,13,40,0.02507273480296135,0.0001
B,13,41,0.025861065834760666,0.0001
B,13,42,0.04187287017703056,0.0001
B,13,43,0.03330779820680618,0.0001
B,13,44,0.016383208334445953,0.0001
B,13,45,0.03525329753756523,0.0001
B,13,46,0.021034937351942062,0.0001
B,13,47,0.01908285729587078,0.0001
B,13,48,0.023696986958384514,0.0001
B,13,49,0.01995418779551983,0.0001
B,13,50,0.018387094140052795,0.0001
B,13,51,0.0215260349214077,0.0001
B,13,52,0.02078070677816868,0.0001
B,13,53,0.024486644193530083,0.0001
B,13,54,0.03599224239587784,0.0001
B,13,55,0.03827904909849167,0.0001
B,13,56,0.029528362676501274,0.0001
B,13,57,0.01839548349380493,0.0001
B,13,58,0.020159877836704254,0.0001
B,13,59,0.032102491706609726,0.0001
B,13,60,0.024395082145929337,0.0001
B,13,61,0.026704302057623863,0.0001
B,13,62,0.01952412910759449,0.0001
B,13,63,0.029124436900019646,0.0001
B,13,64,0.04651511460542679,0.0001
B,13,65,0.014194526709616184,0.0001
B,13,66,0.018063614144921303,0.0001
B,13,67,0.03130083158612251,0.0001
B,13,68,0.020170658826828003,0.0001
B,13,69,0.018711423501372337,0.0001
B,13,70,0.016836797818541527,0.0001
B,13,71,0.015513082034885883,0.0001
B,13,72,0.016845067963004112,0.0001
B,13,73,0.03353956714272499,0.0001
B,13,74,0.02444070763885975,0.0001
B,13,75,0.029258552938699722,0.0001
B,13,76,0.02905925363302231,0.0001
B,13,77,0.02046141028404236,0.0001
B,13,78,0.01980517990887165,0.0001
B,13,79,0.03064977377653122,0.0001
B,13,80,0.021822335198521614,0.0001
B,13,81,0.028799068182706833,0.0001
B,13,82,0.024813789874315262,0.0001
B,13,83,0.027378948405385017,0.0001
B,13,84,0.04151688888669014,0.0001
B,13,85,0.01986275054514408,0.0001
B,13,86,0.02565588988363743,0.0001
B,13,87,0.02470630407333374,0.0001
B,13,88,0.03569623827934265,0.0001
B,13,89,0.025419918820261955,0.0001
B,13,90,0.022697875276207924,0.0001
B,13,91,0.033522434532642365,0.0001
B,13,92,0.013850664719939232,0.0001
B,13,93,0.020968176424503326,0.0001
B,13,94,0.020106351003050804,0.0001
B,13,95,0.03280634060502052,0.0001
B,13,96,0.023338207975029945,0.0001
B,13,97,0.04623079672455788,0.0001
B,13,98,0.023021260276436806,0.0001
B,14,0,0.029255762696266174,0.0001
B,14,1,0.02845863811671734,0.0001
B,14,2,0.019533850252628326,0.0001
B,14,3,0.02193351462483406,0.0001
B,14,4,0.027379076927900314,0.0001
B,14,5,0.027205374091863632,0.0001
B,14,6,0.020172875374555588,0.0001
B,14,7,0.03289025276899338,0.0001
B,14,8,0.03225679323077202,0.0001
B,14,9,0.018901467323303223,0.0001
B,14,10,0.02323789708316326,0.0001
B,14,11,0.020514827221632004,0.0001
B,14,12,0.04162761569023132,0.0001
B,14,13,0.03022604063153267,0.0001
B,14,14,0.01785249635577202,0.0001
B,14,15,0.02578483521938324,0.0001
B,14,16,0.023677289485931396,0.0001
B,14,17,0.024534914642572403,0.0001
B,14,18,0.027837902307510376,0.0001
B,14,19,0.03894619643688202,0.0001
B,14,20,0.018536938354372978,0.0001
B,14,21,0.01979714073240757,0.0001
B,14,22,0.030952660366892815,0.0001
B,14,23,0.016067786142230034,0.0001
B,14,24,0.021094204857945442,0.0001
B,14,25,0.028359826654195786,0.0001
B,14,26,0.029513342306017876,0.0001
B,14,27,0.01773054711520672,0.0001
B,14,28,0.01695992983877659,0.0001
B,14,29,0.021203890442848206,0.0001
B,14,30,0.017861394211649895,0.0001
B,14,31,0.025529460981488228,0.0001
B,14,32,0.020761625841259956,0.0001
B,14,33,0.022029314190149307,0.0001
B,14,34,0.020965227857232094,0.0001
B,14,35,0.0283159539103508,0.0001
B,14,36,0.028488339856266975,0.0001
B,14,37,0.018586277961730957,0.0001
B,14,38,0.025921838358044624,0.0001
B,14,39,0.02465786598622799,0.0001
B,14,40,0.02882106602191925,0.0001
B,14,41,0.02127322554588318,0.0001
B,14,42,0.019812297075986862,0.0001
B,14,43,0.028938503935933113,0.0001
B,14,44,0.022106576710939407,0.0001
B,14,45,0.02929137647151947,0.0001
B,14,46,0.018277179449796677,0.0001
B,14,47,0.04334872588515282,0.0001
B,14,48,0.03454522788524628,0.0001
B,14,49,0.013969366438686848,0.0001
B,14,50,0.019312096759676933,0.0001
B,14,51,0.01721099391579628,0.0001
B,14,52,0.02014509215950966,0.0001
B,14,53,0.046379029750823975,0.0001
B,14,54,0.030850475654006004,0.0001
B,14,55,0.026426220312714577,0.0001
B,14,56,0.022675717249512672,0.0001
B,14,57,0.018997861072421074,0.0001
B,14,58,0.019719840958714485,0.0001
B,14,59,0.014407681301236153,0.0001
B,14,60,0.02863217703998089,0.0001
B,14,61,0.022528687492012978,0.0001
B,14,62,0.021088741719722748,0.0001
B,14,63,0.02826491929590702,0.0001
B,14,64,0.021681617945432663,0.0001
B,14,65,0.019434142857789993,0.0001
B,14,66,0.019525196403265,0.0001
B,14,67,0.0377357117831707,0.0001
B,14,68,0.03697026148438454,0.0001
B,14,69,0.04237872734665871,0.0001
B,14,70,0.02111433632671833,0.0001
B,14,71,0.01719912327826023,0.0001
B,14,72,0.025895781815052032,0.0001
B,14,73,0.02202768437564373,0.0001
B,14,74,0.014257372356951237,0.0001
B,14,75,0.022711554542183876,0.0001
B,14,76,0.02261778898537159,0.0001
B,14,77,0.02479100413620472,0.0001
B,14,78,0.019220508635044098,0.0001
B,14,79,0.013379998505115509,0.0001
B,14,80,0.034436073154211044,0.0001
B,14,81,0.022031746804714203,0.0001
B,14,82,0.017018092796206474,0.0001
B,14,83,0.015700392425060272,0.0001
B,14,84,0.022808926180005074,0.0001
B,14,85,0.026440514251589775,0.0001
B,14,86,0.04138646274805069,0.0001
B,14,87,0.021115178242325783,0.0001
B,14,88,0.019909026101231575,0.0001
B,14,89,0.035494063049554825,0.0001
B,14,90,0.018786266446113586,0.0001
B,14,91,0.016635756939649582,0.0001
B,14,92,0.021835312247276306,0.0001
B,14,93,0.017864491790533066,0.0001
B,14,94,0.01602238044142723,0.0001
B,14,95,0.03148024156689644,0.0001
B,14,96,0.0167809147387743,0.0001
B,14,97,0.026746850460767746,0.0001
B,14,98,0.033758893609046936,0.0001
B,15,0,0.017474623396992683,0.0001
B,15,1,0.018500836566090584,0.0001
B,15,2,0.03108256310224533,0.0001
B,15,3,0.019611719995737076,0.0001
B,15,4,0.024449452757835388,0.0001
B,15,5,0.023730484768748283,0.0001
B,15,6,0.017732854932546616,0.0001
B,15,7,0.02819853276014328,0.0001
B,15,8,0.018211716786026955,0.0001
B,15,9,0.018262233585119247,0.0001
B,15,10,0.021178454160690308,0.0001
B,15,11,0.04082312062382698,0.0001
B,15,12,0.02077484130859375,0.0001
B,15,13,0.019283968955278397,0.0001
B,15,14,0.02988416701555252,0.0001
B,15,15,0.01567925699055195,0.0001
B,15,16,0.018293939530849457,0.0001
B,15,17,0.019708866253495216,0.0001
B,15,18,0.035636261105537415,0.0001
B,15,19,0.02320202626287937,0.0001
B,15,20,0.02064407989382744,0.0001
B,15,21,0.013579223304986954,0.0001
B,15,22,0.019730642437934875,0.0001
B,15,23,0.026814047247171402,0.0001
B,15,24,0.02258489839732647,0.0001
B,15,25,0.01552937924861908,0.0001
B,15,26,0.024696359410881996,0.0001
B,15,27,0.04110836237668991,0.0001
B,15,28,0.01748461276292801,0.0001
B,15,29,0.013794654048979282,0.0001
B,15,30,0.020905693992972374,0.0001
B,15,31,0.02332167513668537,0.0001
B,15,32,0.020668648183345795,0.0001
B,15,33,0.027025070041418076,0.0001
B,15,34,0.01900644600391388,0.0001
B,15,35,0.02855803072452545,0.0001
B,15,36,0.028095925226807594,0.0001
B,15,37,0.023034214973449707,0.0001
B,15,38,0.02805880643427372,0.0001
B,15,39,0.016675692051649094,0.0001
B,15,40,0.01853317581117153,0.0001
B,15,41,0.03512398898601532,0.0001
B,15,42,0.036909885704517365,0.0001
B,15,43,0.025349941104650497,0.0001
B,15,44,0.02725965343415737,0.0001
B,15,45,0.023080099374055862,0.0001
B,15,46,0.022925179451704025,0.0001
B,15,47,0.01771799847483635,0.0001
B,15,48,0.03411431238055229,0.0001
B,15,49,0.028961947187781334,0.0001
B,15,50,0.019846156239509583,0.0001
B,15,51,0.017298594117164612,0.0001
B,15,52,0.03776964545249939,0.0001
B,15,53,0.028049040585756302,0.0001
B,15,54,0.026379015296697617,0.0001
B,15,55,0.04253428056836128,0.0001
B,15,56,0.02868233062326908,0.0001
B,15,57,0.019708601757884026,0.0001
B,15,58,0.022086557000875473,0.0001
B,15,59,0.03261149674654007,0.0001
B,15,60,0.02905300259590149,0.0001
B,15,61,0.02132335491478443,0.0001
B,15,62,0.020029958337545395,0.0001
B,15,63,0.037207867950201035,0.0001
B,15,64,0.01932687684893608,0.0001
B,15,65,0.027286089956760406,0.0001
B,15,66,0.030828427523374557,0.0001
B,15,67,0.02371669001877308,0.0001
B,15,68,0.023310866206884384,0.0001
B,15,69,0.013853444717824459,0.0001
B,15,70,0.017348580062389374,0.0001
B,15,71,0.03808348625898361,0.0001
B,15,72,0.02619483508169651,0.0001
B,15,73,0.024019496515393257,0.0001
B,15,74,0.03265373408794403,0.0001
B,15,75,0.020053766667842865,0.0001
B,15,76,0.021739985793828964,0.0001
B,15,77,0.022527046501636505,0.0001
B,15,78,0.020143192261457443,0.0001
B,15,79,0.019999535754323006,0.0001
B,15,80,0.021017588675022125,0.0001
B,15,81,0.017757095396518707,0.0001
B,15,82,0.013665689155459404,0.0001
B,15,83,0.04526354372501373,0.0001
B,15,84,0.020450416952371597,0.0001
B,15,85,0.02285231277346611,0.0001
B,15,86,0.028746191412210464,0.0001
B,15,87,0.025784123688936234,0.0001
B,15,88,0.024500155821442604,0.0001
B,15,89,0.018797047436237335,0.0001
B,15,90,0.03440997377038002,0.0001
B,15,91,0.016715019941329956,0.0001
B,15,92,0.027082469314336777,0.0001
B,15,93,0.021019842475652695,0.0001
B,15,94,0.01771675981581211,0.0001
B,15,95,0.02127792127430439,0.0001
B,15,96,0.023107357323169708,0.0001
B,15,97,0.04896221309900284,0.0001
B,15,98,0.016031630337238312,0.0001
B,16,0,0.018830522894859314,0.0001
B,16,1,0.02267332375049591,0.0001
B,16,2,0.026156481355428696,0.0001
B,16,3,0.021394208073616028,0.0001
B,16,4,0.027200359851121902,0.0001
B,16,5,0.03599276766180992,0.0001
B,16,6,0.019322892650961876,0.0001
B,16,7,0.02867927774786949,0.0001
B,16,8,0.017830360680818558,0.0001
B,16,9,0.02305101789534092,0.0001
B,16,10,0.021252913400530815,0.0001
B,16,11,0.026368066668510437,0.0001
B,16,12,0.01341667864471674,0.0001
B,16,13,0.026991283521056175,0.0001
B,16,14,0.014117052778601646,0.0001
B,16,15,0.028233475983142853,0.0001
B,16,16,0.028463080525398254,0.0001
B,16,17,0.019794287160038948,0.0001
B,16,18,0.025903966277837753,0.0001
B,16,19,0.020619554445147514,0.0001
B,16,20,0.028510108590126038,0.0001
B,16,21,0.02723328024148941,0.0001
B,16,22,0.019328724592924118,0.0001
B,16,23,0.017282895743846893,0.0001
B,16,24,0.02800505794584751,0.0001
B,16,25,0.019080983474850655,0.0001
B,16,26,0.023880161345005035,0.0001
B,16,27,0.027729369699954987,0.0001
B,16,28,0.02580627053976059,0.0001
B,16,29,0.018244260922074318,0.0001
B,16,30,0.01721888594329357,0.0001
B,16,31,0.01857876405119896,0.0001
B,16,32,0.02206305041909218,0.0001
B,16,33,0.028148384764790535,0.0001
B,16,34,0.016963640227913857,0.0001
B,16,35,0.040772873908281326,0.0001
B,16,36,0.029151316732168198,0.0001
B,16,37,0.019659526646137238,0.0001
B,16,38,0.015809137374162674,0.0001
B,16,39,0.025657711550593376,0.0001
B,16,40,0.02278006076812744,0.0001
B,16,41,0.019620446488261223,0.0001
B,16,42,0.030366625636816025,0.0001
B,16,43,0.022542903199791908,0.0001
B,16,44,0.01787710189819336,0.0001
B,16,45,0.024076534435153008,0.0001
B,16,46,0.028756627812981606,0.0001
B,16,47,0.022461583837866783,0.0001
B,16,48,0.01831795647740364,0.0001
B,16,49,0.034525882452726364,0.0001
B,16,50,0.013613042421638966,0.0001
B,16,51,0.021833473816514015,0.0001
B,16,52,0.037923410534858704,0.0001
B,16,53,0.018650252372026443,0.0001
B,16,54,0.03472556173801422,0.0001
B,16,55,0.023932522162795067,0.0001
B,16,56,0.03194645047187805,0.0001
B,16,57,0.019877273589372635,0.0001
B,16,58,0.025191733613610268,0.0001
B,16,59,0.03981626406311989,0.0001
B,16,60,0.02625984139740467,0.0001
B,16,61,0.02270093373954296,0.0001
B,16,62,0.017144078388810158,0.0001
B,16,63,0.02264082059264183,0.0001
B,16,64,0.036094214767217636,0.0001
B,16,65,0.016518017277121544,0.0001
B,16,66,0.02358512207865715,0.0001
B,16,67,0.01724105142056942,0.0001
B,16,68,0.0214094165712595,0.0001
B,16,69,0.02307945489883423,0.0001
B,16,70,0.0176714900881052,0.0001
B,16,71,0.02868918515741825,0.0001
B,16,72,0.03760659322142601,0.0001
B,16,73,0.021140206605196,0.0001
B,16,74,0.01744663342833519,0.0001
B,16,75,0.02065684087574482,0.0001
B,16,76,0.018809901550412178,0.0001
B,16,77,0.014237972907721996,0.0001
B,16,78,0.01654529757797718,0.0001
B,16,79,0.023595472797751427,0.0001
B,16,80,0.019462132826447487,0.0001
B,16,81,0.01711665838956833,0.0001
B,16,82,0.040969982743263245,0.0001
B,16,83,0.030218221247196198,0.0001
B,16,84,0.03625917434692383,0.0001
B,16,85,0.019265353679656982,0.0001
B,16,86,0.04419752210378647,0.0001
B,16,87,0.01954043097794056,0.0001
B,16,88,0.017881959676742554,0.0001
B,16,89,0.04922248423099518,0.0001
B,16,90,0.01566530019044876,0.0001
B,16,91,0.017154501751065254,0.0001
B,16,92,0.02506447210907936,0.0001
B,16,93,0.032391492277383804,0.0001
B,16,94,0.018986577168107033,0.0001
B,16,95,0.022432716563344002,0.0001
B,16,96,0.026986761018633842,0.0001
B,16,97,0.020946092903614044,0.0001
B,16,98,0.032879993319511414,0.0001
B,17,0,0.026616046205163002,0.0001
B,17,1,0.02435971610248089,0.0001
B,17,2,0.039839792996644974,0.0001
B,17,3,0.0262012779712677,0.0001
B,17,4,0.030667422339320183,0.0001
B,17,5,0.032447222620248795,0.0001
B,17,6,0.027748702093958855,0.0001
B,17,7,0.026820214465260506,0.0001
B,17,8,0.018530087545514107,0.0001
B,17,9,0.029323522001504898,0.0001
B,17,10,0.02789396420121193,0.0001
B,17,11,0.016898857429623604,0.0001
B,17,12,0.01769731007516384,0.0001
B,17,13,0.014590290375053883,0.0001
B,17,14,0.028249625116586685,0.0001
B,17,15,0.02422940917313099,0.0001
B,17,16,0.024046044796705246,0.0001
B,17,17,0.022521615028381348,0.0001
B,17,18,0.022798430174589157,0.0001
B,17,19,0.017588019371032715,0.0001
B,17,20,0.020939992740750313,0.0001
B,17,21,0.02765655517578125,0.0001
B,17,22,0.017004741355776787,0.0001
B,17,23,0.0174031313508749,0.0001
B,17,24,0.02572445571422577,0.0001
B,17,25,0.015132959000766277,0.0001
B,17,26,0.02634851075708866,0.0001
B,17,27,0.019633902236819267,0.0001
B,17,28,0.019244888797402382,0.0001
B,17,29,0.0198068730533123,0.0001
B,17,30,0.026127412915229797,0.0001
B,17,31,0.0232316255569458,0.0001
B,17,32,0.018166014924645424,0.0001
B,17,33,0.01279668603092432,0.0001
B,17,34,0.019094757735729218,0.0001
B,17,35,0.02631337009370327,0.0001
B,17,36,0.018392283469438553,0.0001
B,17,37,0.024060191586613655,0.0001
B,17,38,0.018291525542736053,0.0001
B,17,39,0.01966974139213562,0.0001
B,17,40,0.01709653250873089,0.0001
B,17,41,0.029064524918794632,0.0001
B,17,42,0.03641898185014725,0.0001
B,17,43,0.0174946840852499,0.0001
B,17,44,0.04076208174228668,0.0001
B,17,45,0.013045832514762878,0.0001
B,17,46,0.021121583878993988,0.0001
B,17,47,0.02061406895518303,0.0001
B,17,48,0.022533291950821877,0.0001
B,17,49,0.013860253617167473,0.0001
B,17,50,0.016260098665952682,0.0001
B,17,51,0.020525768399238586,0.0001
B,17,52,0.03611943498253822,0.0001
B,17,53,0.026601066812872887,0.0001
B,17,54,0.015318668447434902,0.0001
B,17,55,0.022404033690690994,0.0001
B,17,56,0.02773742377758026,0.0001
B,17,57,0.023729149252176285,0.0001
B,17,58,0.031231794506311417,0.0001
B,17,59,0.033307261765003204,0.0001
B,17,60,0.018685072660446167,0.0001
B,17,61,0.04065364599227905,0.0001
B,17,62,0.022859379649162292,0.0001
B,17,63,0.024273887276649475,0.0001
B,17,64,0.017508620396256447,0.0001
B,17,65,0.019777389243245125,0.0001
B,17,66,0.013391259126365185,0.0001
B,17,67,0.020782481878995895,0.0001
B,17,68,0.021102232858538628,0.0001
B,17,69,0.020380577072501183,0.0001
B,17,70,0.028073575347661972,0.0001
B,17,71,0.025913281366229057,0.0001
B,17,72,0.019543400034308434,0.0001
B,17,73,0.03404871001839638,0.0001
B,17,74,0.018402203917503357,0.0001
B,17,75,0.045890528708696365,0.0001
B,17,76,0.02005309984087944,0.0001
B,17,77,0.03719860687851906,0.0001
B,17,78,0.04766770452260971,0.0001
B,17,79,0.019011590629816055,0.0001
B,17,80,0.03403530269861221,0.0001
B,17,81,0.02237374149262905,0.0001
B,17,82,0.03034248575568199,0.0001
B,17,83,0.015595226548612118,0.0001
B,17,84,0.020586397498846054,0.0001
B,17,85,0.01974734663963318,0.0001
B,17,86,0.028996998444199562,0.0001
B,17,87,0.017883632332086563,0.0001
B,17,88,0.03322241082787514,0.0001
B,17,89,0.030167127028107643,0.0001
B,17,90,0.02261439338326454,0.0001
B,17,91,0.02105480432510376,0.0001
B,17,92,0.018572423607110977,0.0001
B,17,93,0.03806621581315994,0.0001
B,17,94,0.017667030915617943,0.0001
B,17,95,0.020078787580132484,0.0001
B,17,96,0.027875270694494247,0.0001
B,17,97,0.019237322732806206,0.0001
B,17,98,0.01836109161376953,0.0001
B,18,0,0.02443200908601284,0.0001
B,18,1,0.01738380827009678,0.0001
B,18,2,0.015777429565787315,0.0001
B,18,3,0.018135156482458115,0.0001
B,18,4,0.01991184614598751,0.0001
B,18,5,0.026947544887661934,0.0001
B,18,6,0.02137267030775547,0.0001
B,18,7,0.022404635325074196,0.0001
B,18,8,0.014268459752202034,0.0001
B,18,9,0.018494095653295517,0.0001
B,18,10,0.0178501158952713,0.0001
B,18,11,0.025964586064219475,0.0001
B,18,12,0.027914930135011673,0.0001
B,18,13,0.035153865814208984,0.0001
B,18,14,0.01680419221520424,0.0001
B,18,15,0.013957458548247814,0.0001
B,18,16,0.02266518585383892,0.0001
B,18,17,0.04043666273355484,0.0001
B,18,18,0.020297426730394363,0.0001
B,18,19,0.017544543370604515,0.0001
B,18,20,0.021218517795205116,0.0001
B,18,21,0.031157631427049637,0.0001
B,18,22,0.01807866431772709,0.0001
B,18,23,0.01477519515901804,0.0001
B,18,24,0.02640652097761631,0.0001
B,18,25,0.019602132961153984,0.0001
B,18,26,0.033507272601127625,0.0001
B,18,27,0.02782411500811577,0.0001
B,18,28,0.017647001892328262,0.0001
B,18,29,0.023680297657847404,0.0001
B,18,30,0.01792907901108265,0.0001
B,18,31,0.029921432957053185,0.0001
B,18,32,0.018924620002508163,0.0001
B,18,33,0.03447200357913971,0.0001
B,18,34,0.021184256300330162,0.0001
B,18,35,0.03674367815256119,0.0001
B,18,36,0.02554340474307537,0.0001
B,18,37,0.024911195039749146,0.0001
B,18,38,0.03149978071451187,0.0001
B,18,39,0.025393232703208923,0.0001
B,18,40,0.012274556793272495,0.0001
B,18,41,0.028981909155845642,0.0001
B,18,42,0.017014119774103165,0.0001
B,18,43,0.02712457999587059,0.0001
B,18,44,0.017751045525074005,0.0001
B,18,45,0.0219115000218153,0.0001
B,18,46,0.024106964468955994,0.0001
B,18,47,0.020642999559640884,0.0001
B,18,48,0.02596220001578331,0.0001
B,18,49,0.035086676478385925,0.0001
B,18,50,0.015033110976219177,0.0001
B,18,51,0.02010340616106987,0.0001
B,18,52,0.022238371893763542,0.0001
B,18,53,0.030158035457134247,0.0001
B,18,54,0.021550200879573822,0.0001
B,18,55,0.03196161240339279,0.0001
B,18,56,0.02595551684498787,0.0001
B,18,57,0.016009468585252762,0.0001
B,18,58,0.04110746830701828,0.0001
B,18,59,0.020696241408586502,0.0001
B,18,60,0.01878649741411209,0.0001
B,18,61,0.02696162648499012,0.0001
B,18,62,0.028284499421715736,0.0001
B,18,63,0.02455728128552437,0.0001
B,18,64,0.022832946851849556,0.0001
B,18,65,0.013131066225469112,0.0001
B,18,66,0.021942710503935814,0.0001
B,18,67,0.033698923885822296,0.0001
B,18,68,0.016933981329202652,0.0001
B,18,69,0.026491466909646988,0.0001
B,18,70,0.03638223186135292,0.0001
B,18,71,0.01634472981095314,0.0001
B,18,72,0.019989077001810074,0.0001
B,18,73,0.02298346720635891,0.0001
B,18,74,0.017826011404395103,0.0001
B,18,75,0.018846994265913963,0.0001
B,18,76,0.031220467761158943,0.0001
B,18,77,0.020737843587994576,0.0001
B,18,78,0.03958572447299957,0.0001
B,18,79,0.018226193264126778,0.0001
B,18,80,0.027815690264105797,0.0001
B,18,81,0.02018851786851883,0.0001
B,18,82,0.018743736669421196,0.0001
B,18,83,0.01908266544342041,0.0001
B,18,84,0.01724485121667385,0.0001
B,18,85,0.019938256591558456,0.0001
B,18,86,0.01780705153942108,0.0001
B,18,87,0.013584575615823269,0.0001
B,18,88,0.01915671117603779,0.0001
B,18,89,0.04435274377465248,0.0001
B,18,90,0.028599603101611137,0.0001
B,18,91,0.018468858674168587,0.0001
B,18,92,0.02545812353491783,0.0001
B,18,93,0.023477479815483093,0.0001
B,18,94,0.018536724150180817,0.0001
B,18,95,0.018128473311662674,0.0001
B,18,96,0.025501156225800514,0.0001
B,18,97,0.04077392444014549,0.0001
B,18,98,0.027702689170837402,0.0001
B,19,0,0.02706405520439148,0.0001
B,19,1,0.018043022602796555,0.0001
B,19,2,0.0395246297121048,0.0001
B,19,3,0.04324037581682205,0.0001
B,19,4,0.01652824878692627,0.0001
B,19,5,0.025090495124459267,0.0001
B,19,6,0.025134315714240074,0.0001
B,19,7,0.02650301717221737,0.0001
B,19,8,0.027873244136571884,0.0001
B,19,9,0.02121148072183132,0.0001
B,19,10,0.016219697892665863,0.0001
B,19,11,0.03200697526335716,0.0001
B,19,12,0.015560836531221867,0.0001
B,19,13,0.016926005482673645,0.0001
B,19,14,0.01754273846745491,0.0001
B,19,15,0.019563237205147743,0.0001
B,19,16,0.021365825086832047,0.0001
B,19,17,0.022479185834527016,0.0001
B,19,18,0.03637200966477394,0.0001
B,19,19,0.02093222737312317,0.0001
B,19,20,0.018134361132979393,0.0001
B,19,21,0.02006245031952858,0.0001
B,19,22,0.026016991585493088,0.0001
B,19,23,0.017463767901062965,0.0001
B,19,24,0.040458135306835175,0.0001
B,19,25,0.018979622051119804,0.0001
B,19,26,0.015270654112100601,0.0001
B,19,27,0.0234841238707304,0.0001
B,19,28,0.019454995170235634,0.0001
B,19,29,0.012536011636257172,0.0001
B,19,30,0.0187170822173357,0.0001
B,19,31,0.039520908147096634,0.0001
B,19,32,0.016597533598542213,0.0001
B,19,33,0.030581394210457802,0.0001
B,19,34,0.019202755764126778,0.0001
B,19,35,0.018879802897572517,0.0001
B,19,36,0.025974733754992485,0.0001
B,19,37,0.018856193870306015,0.0001
B,19,38,0.01969449408352375,0.0001
B,19,39,0.012577691115438938,0.0001
B,19,40,0.02968652918934822,0.0001
B,19,41,0.0269906148314476,0.0001
B,19,42,0.016098683699965477,0.0001
B,19,43,0.02272087335586548,0.0001
B,19,44,0.020128026604652405,0.0001
B,19,45,0.019944023340940475,0.0001
B,19,46,0.019405726343393326,0.0001
B,19,47,0.02122493088245392,0.0001
B,19,48,0.018622664734721184,0.0001
B,19,49,0.016994845122098923,0.0001
B,19,50,0.028858590871095657,0.0001
B,19,51,0.019938940182328224,0.0001
B,19,52,0.025567881762981415,0.0001
B,19,53,0.013455202803015709,0.0001
B,19,54,0.02547658421099186,0.0001
B,19,55,0.019914407283067703,0.0001
B,19,56,0.02653345838189125,0.0001
B,19,57,0.02587660402059555,0.0001
B,19,58,0.02259226329624653,0.0001
B,19,59,0.026679784059524536,0.0001
B,19,60,0.014920196495950222,0.0001
B,19,61,0.017883894965052605,0.0001
B,19,62,0.040224093943834305,0.0001
B,19,63,0.03313557803630829,0.0001
B,19,64,0.021578025072813034,0.0001
B,19,65,0.022335175424814224,0.0001
B,19,66,0.022049110382795334,0.0001
B,19,67,0.022094178944826126,0.0001
B,19,68,0.029452018439769745,0.0001
B,19,69,0.015529894270002842,0.0001
B,19,70,0.02796618640422821,0.0001
B,19,71,0.01624022051692009,0.0001
B,19,72,0.02708306908607483,0.0001
B,19,73,0.02130422368645668,0.0001
B,19,74,0.02366422303020954,0.0001
B,19,75,0.027745794504880905,0.0001
B,19,76,0.01898450218141079,0.0001
B,19,77,0.026840459555387497,0.0001
B,19,78,0.01617550291121006,0.0001
B,19,79,0.019314033910632133,0.0001
B,19,80,0.0237065851688385,0.0001
B,19,81,0.017824478447437286,0.0001
B,19,82,0.03425276279449463,0.0001
B,19,83,0.020731236785650253,0.0001
B,19,84,0.02797691524028778,0.0001
B,19,85,0.036636147648096085,0.0001
B,19,86,0.026840414851903915,0.0001
B,19,87,0.02594578266143799,0.0001
B,19,88,0.01251818798482418,0.0001
B,19,89,0.014017760753631592,0.0001
B,19,90,0.021723028272390366,0.0001
B,19,91,0.0350068137049675,0.0001
B,19,92,0.027165258303284645,0.0001
B,19,93,0.03283178061246872,0.0001
B,19,94,0.017784271389245987,0.0001
B,19,95,0.02721215970814228,0.0001
B,19,96,0.026273073628544807,0.0001
B,19,97,0.021568594500422478,0.0001
B,19,98,0.031733863055706024,0.0001
B,20,0,0.03219655156135559,1e-05
B,20,1,0.018568232655525208,1e-05
B,20,2,0.03859701007604599,1e-05
B,20,3,0.029254069551825523,1e-05
B,20,4,0.02286740392446518,1e-05
B,20,5,0.02562720701098442,1e-05
B,20,6,0.019455190747976303,1e-05
B,20,7,0.01717456616461277,1e-05
B,20,8,0.012783283367753029,1e-05
B,20,9,0.018421707674860954,1e-05
B,20,10,0.016762517392635345,1e-05
B,20,11,0.03160310909152031,1e-05
B,20,12,0.01784660667181015,1e-05
B,20,13,0.023170510306954384,1e-05
B,20,14,0.01965067721903324,1e-05
B,20,15,0.017352962866425514,1e-05
B,20,16,0.025217311456799507,1e-05
B,20,17,0.019657546654343605,1e-05
B,20,18,0.02287278138101101,1e-05
B,20,19,0.019695008173584938,1e-05
B,20,20,0.0252082422375679,1e-05
B,20,21,0.015397612005472183,1e-05
B,20,22,0.0216529443860054,1e-05
B,20,23,0.0322883278131485,1e-05
B,20,24,0.01872890628874302,1e-05
B,20,25,0.021968072280287743,1e-05
B,20,26,0.040885888040065765,1e-05
B,20,27,0.023312672972679138,1e-05
B,20,28,0.02663884498178959,1e-05
B,20,29,0.014870415441691875,1e-05
B,20,30,0.02331424690783024,1e-05
B,20,31,0.025419456884264946,1e-05
B,20,32,0.01509306114166975,1e-05
B,20,33,0.018816199153661728,1e-05
B,20,34,0.032961662858724594,1e-05
B,20,35,0.02890290506184101,1e-05
B,20,36,0.023301219567656517,1e-05
B,20,37,0.017988095059990883,1e-05
B,20,38,0.023617146536707878,1e-05
B,20,39,0.02568095363676548,1e-05
B,20,40,0.04037249833345413,1e-05
B,20,41,0.018336838111281395,1e-05
B,20,42,0.01883307844400406,1e-05
B,20,43,0.017508871853351593,1e-05
B,20,44,0.03961895406246185,1e-05
B,20,45,0.017050711438059807,1e-05
B,20,46,0.0239984393119812,1e-05
B,20,47,0.016307419165968895,1e-05
B,20,48,0.01941176876425743,1e-05
B,20,49,0.019418828189373016,1e-05
B,20,50,0.025605272501707077,1e-05
B,20,51,0.036856524646282196,1e-05
B,20,52,0.040162064135074615,1e-05
B,20,53,0.017018884420394897,1e-05
B,20,54,0.021079156547784805,1e-05
B,20,55,0.022731225937604904,1e-05
B,20,56,0.020478691905736923,1e-05
B,20,57,0.017092587426304817,1e-05
B,20,58,0.021651580929756165,1e-05
B,20,59,0.02172781527042389,1e-05
B,20,60,0.019503779709339142,1e-05
B,20,61,0.012389078736305237,1e-05
B,20,62,0.027225006371736526,1e-05
B,20,63,0.0327046699821949,1e-05
B,20,64,0.015493734739720821,1e-05
B,20,65,0.02428303472697735,1e-05
B,20,66,0.03604275360703468,1e-05
B,20,67,0.030255548655986786,1e-05
B,20,68,0.02210826985538006,1e-05
B,20,69,0.029078859835863113,1e-05
B,20,70,0.034431397914886475,1e-05
B,20,71,0.016769057139754295,1e-05
B,20,72,0.016503913328051567,1e-05
B,20,73,0.02716485597193241,1e-05
B,20,74,0.012732123024761677,1e-05
B,20,75,0.01583019457757473,1e-05
B,20,76,0.020158225670456886,1e-05
B,20,77,0.023979872465133667,1e-05
B,20,78,0.019914044067263603,1e-05
B,20,79,0.02046310156583786,1e-05
B,20,80,0.027066374197602272,1e-05
B,20,81,0.017599327489733696,1e-05
B,20,82,0.028476452454924583,1e-05
B,20,83,0.027336612343788147,1e-05
B,20,84,0.016244519501924515,1e-05
B,20,85,0.014171343296766281,1e-05
B,20,86,0.025949735194444656,1e-05
B,20,87,0.022758005186915398,1e-05
B,20,88,0.016729427501559258,1e-05
B,20,89,0.03457210958003998,1e-05
B,20,90,0.019058886915445328,1e-05
B,20,91,0.013173571787774563,1e-05
B,20,92,0.02666161209344864,1e-05
B,20,93,0.0276006069034338,1e-05
B,20,94,0.023469893261790276,1e-05
B,20,95,0.019637446850538254,1e-05
B,20,96,0.017557691782712936,1e-05
B,20,97,0.026477482169866562,1e-05
B,20,98,0.021215347573161125,1e-05
B,21,0,0.029068415984511375,1e-05
B,21,1,0.01273288857191801,1e-05
B,21,2,0.01624688319861889,1e-05
B,21,3,0.017692919820547104,1e-05
B,21,4,0.035073842853307724,1e-05
B,21,5,0.027151035144925117,1e-05
B,21,6,0.02421090379357338,1e-05
B,21,7,0.03194193169474602,1e-05
B,21,8,0.02288077026605606,1e-05
B,21,9,0.017226777970790863,1e-05
B,21,10,0.03438302502036095,1e-05
B,21,11,0.01829134114086628,1e-05
B,21,12,0.02576373517513275,1e-05
B,21,13,0.0253775492310524,1e-05
B,21,14,0.01873944327235222,1e-05
B,21,15,0.02118864096701145,1e-05
B,21,16,0.019096078351140022,1e-05
B,21,17,0.015078423544764519,1e-05
B,21,18,0.0329817496240139,1e-05
B,21,19,0.027534451335668564,1e-05
B,21,20,0.01209148857742548,1e-05
B,21,21,0.01863338053226471,1e-05
B,21,22,0.025524884462356567,1e-05
B,21,23,0.01840321533381939,1e-05
B,21,24,0.01807418093085289,1e-05
B,21,25,0.025882119312882423,1e-05
B,21,26,0.014924432151019573,1e-05
B,21,27,0.017898283898830414,1e-05
B,21,28,0.017172781750559807,1e-05
B,21,29,0.03978295624256134,1e-05
B,21,30,0.016424264758825302,1e-05
B,21,31,0.021660098806023598,1e-05
B,21,32,0.019671952351927757,1e-05
B,21,33,0.02372131310403347,1e-05
B,21,34,0.015757231041789055,1e-05
B,21,35,0.020533522590994835,1e-05
B,21,36,0.015039721503853798,1e-05
B,21,37,0.018207814544439316,1e-05
B,21,38,0.025010790675878525,1e-05
B,21,39,0.02727210521697998,1e-05
B,21,40,0.020009566098451614,1e-05
B,21,41,0.016965437680482864,1e-05
B,21,42,0.022560186684131622,1e-05
B,21,43,0.02740710973739624,1e-05
B,21,44,0.020028039813041687,1e-05
B,21,45,0.018083449453115463,1e-05
B,21,46,0.029040610417723656,1e-05
B,21,47,0.021654784679412842,1e-05
B,21,48,0.025663301348686218,1e-05
B,21,49,0.0179741233587265,1e-05
B,21,50,0.02260790951550007,1e-05
B,21,51,0.013040700927376747,1e-05
B,21,52,0.0266411229968071,1e-05
B,21,53,0.017503615468740463,1e-05
B,21,54,0.03163710981607437,1e-05
B,21,55,0.024624910205602646,1e-05
B,21,56,0.015677854418754578,1e-05
B,21,57,0.012558100745081902,1e-05
B,21,58,0.026940083131194115,1e-05
B,21,59,0.02418639324605465,1e-05
B,21,60,0.03132031485438347,1e-05
B,21,61,0.02428385242819786,1e-05
B,21,62,0.04073374345898628,1e-05
B,21,63,0.020753780379891396,1e-05
B,21,64,0.036319177597761154,1e-05
B,21,65,0.01925608702003956,1e-05
B,21,66,0.022865019738674164,1e-05
B,21,67,0.027945837005972862,1e-05
B,21,68,0.015082541853189468,1e-05
B,21,69,0.017087139189243317,1e-05
B,21,70,0.018972795456647873,1e-05
B,21,71,0.03603936359286308,1e-05
B,21,72,0.04033881053328514,1e-05
B,21,73,0.018236061558127403,1e-05
B,21,74,0.02064361609518528,1e-05
B,21,75,0.019793318584561348,1e-05
B,21,76,0.020923733711242676,1e-05
B,21,77,0.02027733437716961,1e-05
B,21,78,0.01732897385954857,1e-05
B,21,79,0.024691132828593254,1e-05
B,21,80,0.02632250264286995,1e-05
B,21,81,0.016699083149433136,1e-05
B,21,82,0.03353928402066231,1e-05
B,21,83,0.027197353541851044,1e-05
B,21,84,0.026378482580184937,1e-05
B,21,85,0.01680159941315651,1e-05
B,21,86,0.015614467673003674,1e-05
B,21,87,0.01584291271865368,1e-05
B,21,88,0.04225549474358559,1e-05
B,21,89,0.02322961762547493,1e-05
B,21,90,0.019663002341985703,1e-05
B,21,91,0.023716116324067116,1e-05
B,21,92,0.020573481917381287,1e-05
B,21,93,0.027232900261878967,1e-05
B,21,94,0.020521527156233788,1e-05
B,21,95,0.021072257310152054,1e-05
B,21,96,0.030120691284537315,1e-05
B,21,97,0.022235814481973648,1e-05
B,21,98,0.040795810520648956,1e-05
B,22,0,0.02657528780400753,1e-05
B,22,1,0.02186848782002926,1e-05
B,22,2,0.03591981157660484,1e-05
B,22,3,0.021558251231908798,1e-05
B,22,4,0.024987854063510895,1e-05
B,22,5,0.01922418922185898,1e-05
B,22,6,0.01666373200714588,1e-05
B,22,7,0.0172754917293787,1e-05
B,22,8,0.044840384274721146,1e-05
B,22,9,0.03263922035694122,1e-05
B,22,10,0.024214163422584534,1e-05
B,22,11,0.026716308668255806,1e-05
B,22,12,0.03937264159321785,1e-05
B,22,13,0.017380328848958015,1e-05
B,22,14,0.03975498676300049,1e-05
B,22,15,0.0218907929956913,1e-05
B,22,16,0.025817610323429108,1e-05
B,22,17,0.017949609085917473,1e-05
B,22,18,0.025319943204522133,1e-05
B,22,19,0.017433080822229385,1e-05
B,22,20,0.02507844753563404,1e-05
B,22,21,0.020060911774635315,1e-05
B,22,22,0.027211742475628853,1e-05
B,22,23,0.02290695533156395,1e-05
B,22,24,0.012835768051445484,1e-05
B,22,25,0.02466806210577488,1e-05
B,22,26,0.020836299285292625,1e-05
B,22,27,0.019019106402993202,1e-05
B,22,28,0.014735258184373379,1e-05
B,22,29,0.015197193250060081,1e-05
B,22,30,0.024760888889431953,1e-05
B,22,31,0.01729178987443447,1e-05
B,22,32,0.018688973039388657,1e-05
B,22,33,0.030023688450455666,1e-05
B,22,34,0.019682470709085464,1e-05
B,22,35,0.01870291493833065,1e-05
B,22,36,0.02445211447775364,1e-05
B,22,37,0.03215678036212921,1e-05
B,22,38,0.02081693522632122,1e-05
B,22,39,0.026861557736992836,1e-05
B,22,40,0.03441537544131279,1e-05
B,22,41,0.021161947399377823,1e-05
B,22,42,0.01754872314631939,1e-05
B,22,43,0.029080050066113472,1e-05
B,22,44,0.018053090199828148,1e-05
B,22,45,0.023813236504793167,1e-05
B,22,46,0.03595826029777527,1e-05
B,22,47,0.0196489617228508,1e-05
B,22,48,0.016060518100857735,1e-05
B,22,49,0.032941803336143494,1e-05
B,22,50,0.04020068421959877,1e-05
B,22,51,0.017795443534851074,1e-05
B,22,52,0.0160815492272377,1e-05
B,22,53,0.02753310464322567,1e-05
B,22,54,0.017176520079374313,1e-05
B,22,55,0.03308536112308502,1e-05
B,22,56,0.019509168341755867,1e-05
B,22,57,0.014236526563763618,1e-05
B,22,58,0.03974122926592827,1e-05
B,22,59,0.01833784207701683,1e-05
B,22,60,0.01752074807882309,1e-05
B,22,61,0.01306099072098732,1e-05
B,22,62,0.014955280348658562,1e-05
B,22,63,0.021556319668889046,1e-05
B,22,64,0.016175497323274612,1e-05
B,22,65,0.018212521448731422,1e-05
B,22,66,0.020905202254652977,1e-05
B,22,67,0.022236188873648643,1e-05
B,22,68,0.020571257919073105,1e-05
B,22,69,0.019594712182879448,1e-05
B,22,70,0.017254812642931938,1e-05
B,22,71,0.015051162801682949,1e-05
B,22,72,0.02265520580112934,1e-05
B,22,73,0.017111949622631073,1e-05
B,22,74,0.01204161811619997,1e-05
B,22,75,0.031578727066516876,1e-05
B,22,76,0.01779841259121895,1e-05
B,22,77,0.017811954021453857,1e-05
B,22,78,0.024794572964310646,1e-05
B,22,79,0.025444986298680305,1e-05
B,22,80,0.013558320701122284,1e-05
B,22,81,0.016936251893639565,1e-05
B,22,82,0.027128463611006737,1e-05
B,22,83,0.02636697329580784,1e-05
B,22,84,0.02038876712322235,1e-05
B,22,85,0.031245166435837746,1e-05
B,22,86,0.01912510208785534,1e-05
B,22,87,0.028018023818731308,1e-05
B,22,88,0.02902587130665779,1e-05
B,22,89,0.02372458204627037,1e-05
B,22,90,0.023539669811725616,1e-05
B,22,91,0.015571563504636288,1e-05
B,22,92,0.018278183415532112,1e-05
B,22,93,0.01898038014769554,1e-05
B,22,94,0.027165157720446587,1e-05
B,22,95,0.021952571347355843,1e-05
B,22,96,0.023587001487612724,1e-05
B,22,97,0.022092431783676147,1e-05
B,22,98,0.02286646142601967,1e-05
B,23,0,0.018478786572813988,1e-05
B,23,1,0.019683975726366043,1e-05
B,23,2,0.015110508538782597,1e-05
B,23,3,0.023686693981289864,1e-05
B,23,4,0.01888364367187023,1e-05
B,23,5,0.026850460097193718,1e-05
B,23,6,0.015616479329764843,1e-05
B,23,7,0.034055255353450775,1e-05
B,23,8,0.013998928479850292,1e-05
B,23,9,0.027164874598383904,1e-05
B,23,10,0.0396951362490654,1e-05
B,23,11,0.016992149874567986,1e-05
B,23,12,0.02745506353676319,1e-05
B,23,13,0.016278918832540512,1e-05
B,23,14,0.0355699323117733,1e-05
B,23,15,0.019810369238257408,1e-05
B,23,16,0.03289932385087013,1e-05
B,23,17,0.025770528241991997,1e-05
B,23,18,0.018336592242121696,1e-05
B,23,19,0.024962617084383965,1e-05
B,23,20,0.016366370022296906,1e-05
B,23,21,0.020927514880895615,1e-05
B,23,22,0.0268220454454422,1e-05
B,23,23,0.018378451466560364,1e-05
B,23,24,0.04252907633781433,1e-05
B,23,25,0.0359051413834095,1e-05
B,23,26,0.03197091817855835,1e-05
B,23,27,0.0247330404818058,1e-05
B,23,28,0.031163815408945084,1e-05
B,23,29,0.023943912237882614,1e-05
B,23,30,0.03967859968543053,1e-05
B,23,31,0.01702789030969143,1e-05
B,23,32,0.03590425103902817,1e-05
B,23,33,0.018242914229631424,1e-05
B,23,34,0.01897311955690384,1e-05
B,23,35,0.023153411224484444,1e-05
B,23,36,0.012948531657457352,1e-05
B,23,37,0.019149895757436752,1e-05
B,23,38,0.026580726727843285,1e-05
B,23,39,0.018398242071270943,1e-05
B,23,40,0.022273993119597435,1e-05
B,23,41,0.02895418182015419,1e-05
B,23,42,0.01864710822701454,1e-05
B,23,43,0.016038306057453156,1e-05
B,23,44,0.02906908467411995,1e-05
B,23,45,0.0179427657276392,1e-05
B,23,46,0.03917188569903374,1e-05
B,23,47,0.023473497480154037,1e-05
B,23,48,0.018042532727122307,1e-05
B,23,49,0.015659553930163383,1e-05
B,23,50,0.01350819505751133,1e-05
B,23,51,0.020090676844120026,1e-05
B,23,52,0.018529849126935005,1e-05
B,23,53,0.014990363270044327,1e-05
B,23,54,0.026292558759450912,1e-05
B,23,55,0.015301363542675972,1e-05
B,23,56,0.019922882318496704,1e-05
B,23,57,0.026595257222652435,1e-05
B,23,58,0.021553609520196915,1e-05
B,23,59,0.02282709814608097,1e-05
B,23,60,0.01826433651149273,1e-05
B,23,61,0.016959350556135178,1e-05
B,23,62,0.023935124278068542,1e-05
B,23,63,0.023359425365924835,1e-05
B,23,64,0.01809775084257126,1e-05
B,23,65,0.020138991996645927,1e-05
B,23,66,0.011558959260582924,1e-05
B,23,67,0.022042246535420418,1e-05
B,23,68,0.020576728507876396,1e-05
B,23,69,0.046366915106773376,1e-05
B,23,70,0.024283230304718018,1e-05
B,23,71,0.01583205908536911,1e-05
B,23,72,0.01932346634566784,1e-05
B,23,73,0.016904009506106377,1e-05
B,23,74,0.03440161421895027,1e-05
B,23,75,0.02422531321644783,1e-05
B,23,76,0.02707246132194996,1e-05
B,23,77,0.027488041669130325,1e-05
B,23,78,0.02996208146214485,1e-05
B,23,79,0.025347264483571053,1e-05
B,23,80,0.023461727425456047,1e-05
B,23,81,0.020684514194726944,1e-05
B,23,82,0.023040737956762314,1e-05
B,23,83,0.02741793729364872,1e-05
B,23,84,0.027122190222144127,1e-05
B,23,85,0.015634411945939064,1e-05
B,23,86,0.017734743654727936,1e-05
B,23,87,0.01741425134241581,1e-05
B,23,88,0.024878578260540962,1e-05
B,23,89,0.017240535467863083,1e-05
B,23,90,0.015505979768931866,1e-05
B,23,91,0.033459197729825974,1e-05
B,23,92,0.011668273247778416,1e-05
B,23,93,0.020227424800395966,1e-05
B,23,94,0.019663026556372643,1e-05
B,23,95,0.02525055967271328,1e-05
B,23,96,0.024694453924894333,1e-05
B,23,97,0.020017879083752632,1e-05
B,23,98,0.021403905004262924,1e-05
B,24,0,0.020062582567334175,1e-05
B,24,1,0.03953223675489426,1e-05
B,24,2,0.018908031284809113,1e-05
B,24,3,0.03586716577410698,1e-05
B,24,4,0.02788611687719822,1e-05
B,24,5,0.012423429638147354,1e-05
B,24,6,0.015813343226909637,1e-05
B,24,7,0.027143806219100952,1e-05
B,24,8,0.01604880578815937,1e-05
B,24,9,0.022001998499035835,1e-05
B,24,10,0.02626117877662182,1e-05
B,24,11,0.028169823810458183,1e-05
B,24,12,0.023153958842158318,1e-05
B,24,13,0.031697504222393036,1e-05
B,24,14,0.01654248684644699,1e-05
B,24,15,0.03112553060054779,1e-05
B,24,16,0.012089762836694717,1e-05
B,24,17,0.024588823318481445,1e-05
B,24,18,0.013166533783078194,1e-05
B,24,19,0.023176033049821854,1e-05
B,24,20,0.02042580209672451,1e-05
B,24,21,0.017388124018907547,1e-05
B,24,22,0.03317522257566452,1e-05
B,24,23,0.018540114164352417,1e-05
B,24,24,0.018004292622208595,1e-05
B,24,25,0.017072472721338272,1e-05
B,24,26,0.017623860388994217,1e-05
B,24,27,0.019789813086390495,1e-05
B,24,28,0.014907995238900185,1e-05
B,24,29,0.017551910132169724,1e-05
B,24,30,0.02709583006799221,1e-05
B,24,31,0.0354490727186203,1e-05
B,24,32,0.017021171748638153,1e-05
B,24,33,0.03996073082089424,1e-05
B,24,34,0.017489993944764137,1e-05
B,24,35,0.0394003726541996,1e-05
B,24,36,0.04100227728486061,1e-05
B,24,37,0.026570657268166542,1e-05
B,24,38,0.023530082777142525,1e-05
B,24,39,0.01977718621492386,1e-05
B,24,40,0.0288858525454998,1e-05
B,24,41,0.02061185985803604,1e-05
B,24,42,0.024364851415157318,1e-05
B,24,43,0.025319769978523254,1e-05
B,24,44,0.021212849766016006,1e-05
B,24,45,0.03436501696705818,1e-05
B,24,46,0.022785043343901634,1e-05
B,24,47,0.0200775396078825,1e-05
B,24,48,0.024720462039113045,1e-05
B,24,49,0.017991362139582634,1e-05
B,24,50,0.025897350162267685,1e-05
B,24,51,0.04552535340189934,1e-05
B,24,52,0.025154823437333107,1e-05
B,24,53,0.01764003187417984,1e-05
B,24,54,0.01250557042658329,1e-05
B,24,55,0.019656987860798836,1e-05
B,24,56,0.02655259147286415,1e-05
B,24,57,0.02989238314330578,1e-05
B,24,58,0.025233738124370575,1e-05
B,24,59,0.027416717261075974,1e-05
B,24,60,0.014280233532190323,1e-05
B,24,61,0.026120809838175774,1e-05
B,24,62,0.03165566176176071,1e-05
B,24,63,0.0200263150036335,1e-05
B,24,64,0.016764018684625626,1e-05
B,24,65,0.02318340167403221,1e-05
B,24,66,0.018523648381233215,1e-05
B,24,67,0.022731255739927292,1e-05
B,24,68,0.01889265701174736,1e-05
B,24,69,0.01765492744743824,1e-05
B,24,70,0.016886230558156967,1e-05
B,24,71,0.020281203091144562,1e-05
B,24,72,0.026836929842829704,1e-05
B,24,73,0.022601669654250145,1e-05
B,24,74,0.019640758633613586,1e-05
B,24,75,0.03620656207203865,1e-05
B,24,76,0.01816665194928646,1e-05
B,24,77,0.025759341195225716,1e-05
B,24,78,0.020793603733181953,1e-05
B,24,79,0.017217019572854042,1e-05
B,24,80,0.021030446514487267,1e-05
B,24,81,0.022625958546996117,1e-05
B,24,82,0.023502470925450325,1e-05
B,24,83,0.017683306708931923,1e-05
B,24,84,0.020744716748595238,1e-05
B,24,85,0.03288457915186882,1e-05
B,24,86,0.019658874720335007,1e-05
B,24,87,0.01552977878600359,1e-05
B,24,88,0.018593208864331245,1e-05
B,24,89,0.013790932483971119,1e-05
B,24,90,0.02928791381418705,1e-05
B,24,91,0.016252713277935982,1e-05
B,24,92,0.018093135207891464,1e-05
B,24,93,0.018573476001620293,1e-05
B,24,94,0.016453811898827553,1e-05
B,24,95,0.023387446999549866,1e-05
B,24,96,0.023161696270108223,1e-05
B,24,97,0.02900695987045765,1e-05
B,24,98,0.02702818252146244,1e-05
B,25,0,0.0167391300201416,1e-05
B,25,1,0.025214768946170807,1e-05
B,25,2,0.02340782806277275,1e-05
B,25,3,0.027124017477035522,1e-05
B,25,4,0.0180742759257555,1e-05
B,25,5,0.01687709055840969,1e-05
B,25,6,0.04003962129354477,1e-05
B,25,7,0.020506560802459717,1e-05
B,25,8,0.01859756000339985,1e-05
B,25,9,0.03365294262766838,1e-05
B,25,10,0.026224926114082336,1e-05
B,25,11,0.01838347688317299,1e-05
B,25,12,0.022130731493234634,1e-05
B,25,13,0.027384290471673012,1e-05
B,25,14,0.023642705753445625,1e-05
B,25,15,0.029869941994547844,1e-05
B,25,16,0.024430369958281517,1e-05
B,25,17,0.015104543417692184,1e-05
B,25,18,0.01957612857222557,1e-05
B,25,19,0.031136641278862953,1e-05
B,25,20,0.022283295169472694,1e-05
B,25,21,0.04112159460783005,1e-05
B,25,22,0.018074998632073402,1e-05
B,25,23,0.016400625929236412,1e-05
B,25,24,0.01815437711775303,1e-05
B,25,25,0.017537033185362816,1e-05
B,25,26,0.025283880531787872,1e-05
B,25,27,0.019839581102132797,1e-05
B,25,28,0.02150053344666958,1e-05
B,25,29,0.03428605571389198,1e-05
B,25,30,0.020617052912712097,1e-05
B,25,31,0.023776983842253685,1e-05
B,25,32,0.020217619836330414,1e-05
B,25,33,0.018114829435944557,1e-05
B,25,34,0.026742108166217804,1e-05
B,25,35,0.015464785508811474,1e-05
B,25,36,0.03176659345626831,1e-05
B,25,37,0.026845799759030342,1e-05
B,25,38,0.023193251341581345,1e-05
B,25,39,0.014808242209255695,1e-05
B,25,40,0.03942277282476425,1e-05
B,25,41,0.02649344690144062,1e-05
B,25,42,0.013085650280117989,1e-05
B,25,43,0.015114708803594112,1e-05
B,25,44,0.015949558466672897,1e-05
B,25,45,0.011691393330693245,1e-05
B,25,46,0.022730732336640358,1e-05
B,25,47,0.01645861193537712,1e-05
B,25,48,0.03580192103981972,1e-05
B,25,49,0.02192114293575287,1e-05
B,25,50,0.01988588459789753,1e-05
B,25,51,0.017585325986146927,1e-05
B,25,52,0.024170445278286934,1e-05
B,25,53,0.017363684251904488,1e-05
B,25,54,0.012158956378698349,1e-05
B,25,55,0.033883847296237946,1e-05
B,25,56,0.024736437946558,1e-05
B,25,57,0.019161200150847435,1e-05
B,25,58,0.018497975543141365,1e-05
B,25,59,0.01794316992163658,1e-05
B,25,60,0.026856785640120506,1e-05
B,25,61,0.02049388363957405,1e-05
B,25,62,0.027037369087338448,1e-05
B,25,63,0.02466065250337124,1e-05
B,25,64,0.03392484411597252,1e-05
B,25,65,0.018650531768798828,1e-05
B,25,66,0.01968405395746231,1e-05
B,25,67,0.032803937792778015,1e-05
B,25,68,0.028970524668693542,1e-05
B,25,69,0.020633243024349213,1e-05
B,25,70,0.042458780109882355,1e-05
B,25,71,0.027103079482913017,1e-05
B,25,72,0.01667914353311062,1e-05
B,25,73,0.019747760146856308,1e-05
B,25,74,0.01803823746740818,1e-05
B,25,75,0.02169652096927166,1e-05
B,25,76,0.024845806881785393,1e-05
B,25,77,0.021389296278357506,1e-05
B,25,78,0.02699228562414646,1e-05
B,25,79,0.01765803061425686,1e-05
B,25,80,0.01682950370013714,1e-05
B,25,81,0.019103219732642174,1e-05
B,25,82,0.025734636932611465,1e-05
B,25,83,0.015875039622187614,1e-05
B,25,84,0.012877055443823338,1e-05
B,25,85,0.028685469180345535,1e-05
B,25,86,0.02353608049452305,1e-05
B,25,87,0.02275814302265644,1e-05
B,25,88,0.018753550946712494,1e-05
B,25,89,0.0181239265948534,1e-05
B,25,90,0.015789633616805077,1e-05
B,25,91,0.01487562246620655,1e-05
B,25,92,0.03966297209262848,1e-05
B,25,93,0.0359162874519825,1e-05
B,25,94,0.021155809983611107,1e-05
B,25,95,0.025042016059160233,1e-05
B,25,96,0.017389487475156784,1e-05
B,25,97,0.01616843417286873,1e-05
B,25,98,0.02886785753071308,1e-05
B,26,0,0.020538197830319405,1e-05
B,26,1,0.03481317684054375,1e-05
B,26,2,0.016624553129076958,1e-05
B,26,3,0.01423648465424776,1e-05
B,26,4,0.0164621751755476,1e-05
B,26,5,0.021109692752361298,1e-05
B,26,6,0.045631956309080124,1e-05
B,26,7,0.024614864960312843,1e-05
B,26,8,0.021266473457217216,1e-05
B,26,9,0.026448138058185577,1e-05
B,26,10,0.015711020678281784,1e-05
B,26,11,0.02718803659081459,1e-05
B,26,12,0.021165909245610237,1e-05
B,26,13,0.018421383574604988,1e-05
B,26,14,0.01706756465137005,1e-05
B,26,15,0.02456817775964737,1e-05
B,26,16,0.016108278185129166,1e-05
B,26,17,0.01972380094230175,1e-05
B,26,18,0.026783304288983345,1e-05
B,26,19,0.016286209225654602,1e-05
B,26,20,0.023701248690485954,1e-05
B,26,21,0.021979758515954018,1e-05
B,26,22,0.022218232974410057,1e-05
B,26,23,0.014406515285372734,1e-05
B,26,24,0.02003036066889763,1e-05
B,26,25,0.014866375364363194,1e-05
B,26,26,0.03282102569937706,1e-05
B,26,27,0.026189232245087624,1e-05
B,26,28,0.025098783895373344,1e-05
B,26,29,0.017189713194966316,1e-05
B,26,30,0.014340350404381752,1e-05
B,26,31,0.0192332174628973,1e-05
B,26,32,0.016381433233618736,1e-05
B,26,33,0.02532433345913887,1e-05
B,26,34,0.019286537542939186,1e-05
B,26,35,0.026534654200077057,1e-05
B,26,36,0.018943319097161293,1e-05
B,26,37,0.03520739823579788,1e-05
B,26,38,0.016119571402668953,1e-05
B,26,39,0.02207978442311287,1e-05
B,26,40,0.024128219112753868,1e-05
B,26,41,0.019343789666891098,1e-05
B,26,42,0.01742679253220558,1e-05
B,26,43,0.02355673536658287,1e-05
B,26,44,0.018112309277057648,1e-05
B,26,45,0.03423658013343811,1e-05
B,26,46,0.02564585767686367,1e-05
B,26,47,0.02520873211324215,1e-05
B,26,48,0.02742876671254635,1e-05
B,26,49,0.02062774822115898,1e-05
B,26,50,0.018490221351385117,1e-05
B,26,51,0.028782382607460022,1e-05
B,26,52,0.018547168001532555,1e-05
B,26,53,0.019528955221176147,1e-05
B,26,54,0.01762847602367401,1e-05
B,26,55,0.017831750214099884,1e-05
B,26,56,0.02272951230406761,1e-05
B,26,57,0.017257843166589737,1e-05
B,26,58,0.04182075709104538,1e-05
B,26,59,0.02695397101342678,1e-05
B,26,60,0.012188594788312912,1e-05
B,26,61,0.015545284375548363,1e-05
B,26,62,0.028953133150935173,1e-05
B,26,63,0.03381224721670151,1e-05
B,26,64,0.015615038573741913,1e-05
B,26,65,0.026187492534518242,1e-05
B,26,66,0.022424757480621338,1e-05
B,26,67,0.02457685023546219,1e-05
B,26,68,0.019743358716368675,1e-05
B,26,69,0.03984901309013367,1e-05
B,26,70,0.016760481521487236,1e-05
B,26,71,0.04038960486650467,1e-05
B,26,72,0.02055283822119236,1e-05
B,26,73,0.025267068296670914,1e-05
B,26,74,0.029864171519875526,1e-05
B,26,75,0.031107204034924507,1e-05
B,26,76,0.02302633225917816,1e-05
B,26,77,0.022541468963027,1e-05
B,26,78,0.019008688628673553,1e-05
B,26,79,0.018498895689845085,1e-05
B,26,80,0.03952140733599663,1e-05
B,26,81,0.027061637490987778,1e-05
B,26,82,0.016376489773392677,1e-05
B,26,83,0.03580394387245178,1e-05
B,26,84,0.019079117104411125,1e-05
B,26,85,0.019511183723807335,1e-05
B,26,86,0.019434187561273575,1e-05
B,26,87,0.024208351969718933,1e-05
B,26,88,0.01686096377670765,1e-05
B,26,89,0.01257301028817892,1e-05
B,26,90,0.018996423110365868,1e-05
B,26,91,0.02367578260600567,1e-05
B,26,92,0.01290731132030487,1e-05
B,26,93,0.02040371671319008,1e-05
B,26,94,0.027011703699827194,1e-05
B,26,95,0.01959904097020626,1e-05
B,26,96,0.03196039795875549,1e-05
B,26,97,0.035793352872133255,1e-05
B,26,98,0.011987145990133286,1e-05
B,27,0,0.017809737473726273,1e-05
B,27,1,0.02099277265369892,1e-05
B,27,2,0.034205541014671326,1e-05
B,27,3,0.017079655081033707,1e-05
B,27,4,0.03303748741745949,1e-05
B,27,5,0.020534252747893333,1e-05
B,27,6,0.01657284051179886,1e-05
B,27,7,0.021307382732629776,1e-05
B,27,8,0.01736721396446228,1e-05
B,27,9,0.021874824538826942,1e-05
B,27,10,0.027332216501235962,1e-05
B,27,11,0.031016536056995392,1e-05
B,27,12,0.03631335869431496,1e-05
B,27,13,0.02339533343911171,1e-05
B,27,14,0.025142787024378777,1e-05
B,27,15,0.026986919343471527,1e-05
B,27,16,0.02056693658232689,1e-05
B,27,17,0.024687819182872772,1e-05
B,27,18,0.024499163031578064,1e-05
B,27,19,0.016944605857133865,1e-05
B,27,20,0.016670001670718193,1e-05
B,27,21,0.015301400795578957,1e-05
B,27,22,0.024268213659524918,1e-05
B,27,23,0.03575870767235756,1e-05
B,27,24,0.02688366174697876,1e-05
B,27,25,0.011912246234714985,1e-05
B,27,26,0.01924699731171131,1e-05
B,27,27,0.020551960915327072,1e-05
B,27,28,0.015717528760433197,1e-05
B,27,29,0.024885905906558037,1e-05
B,27,30,0.033600836992263794,1e-05
B,27,31,0.025708608329296112,1e-05
B,27,32,0.026640495285391808,1e-05
B,27,33,0.0195342805236578,1e-05
B,27,34,0.021870387718081474,1e-05
B,27,35,0.0192946158349514,1e-05
B,27,36,0.01659349352121353,1e-05
B,27,37,0.018880557268857956,1e-05
B,27,38,0.02558462880551815,1e-05
B,27,39,0.020223191007971764,1e-05
B,27,40,0.032803602516651154,1e-05
B,27,41,0.02899094857275486,1e-05
B,27,42,0.027614757418632507,1e-05
B,27,43,0.01994386315345764,1e-05
B,27,44,0.026141149923205376,1e-05
B,27,45,0.031763706356287,1e-05
B,27,46,0.0403166189789772,1e-05
B,27,47,0.03353225439786911,1e-05
B,27,48,0.017461102455854416,1e-05
B,27,49,0.02279798313975334,1e-05
B,27,50,0.025715911760926247,1e-05
B,27,51,0.01671643555164337,1e-05
B,27,52,0.024617347866296768,1e-05
B,27,53,0.024209899827837944,1e-05
B,27,54,0.029734274372458458,1e-05
B,27,55,0.0266876183450222,1e-05
B,27,56,0.01609324850142002,1e-05
B,27,57,0.014650347642600536,1e-05
B,27,58,0.021974554285407066,1e-05
B,27,59,0.022761760279536247,1e-05
B,27,60,0.0228091049939394,1e-05
B,27,61,0.019436541944742203,1e-05
B,27,62,0.039609283208847046,1e-05
B,27,63,0.03985705226659775,1e-05
B,27,64,0.01238758210092783,1e-05
B,27,65,0.02055785246193409,1e-05
B,27,66,0.025344839319586754,1e-05
B,27,67,0.014891140162944794,1e-05
B,27,68,0.019806761294603348,1e-05
B,27,69,0.026447808369994164,1e-05
B,27,70,0.018568726256489754,1e-05
B,27,71,0.017807720229029655,1e-05
B,27,72,0.019086983054876328,1e-05
B,27,73,0.01566828414797783,1e-05
B,27,74,0.018135305494070053,1e-05
B,27,75,0.02699279598891735,1e-05
B,27,76,0.016306189820170403,1e-05
B,27,77,0.022722307592630386,1e-05
B,27,78,0.025249166414141655,1e-05
B,27,79,0.018483314663171768,1e-05
B,27,80,0.01966775767505169,1e-05
B,27,81,0.012820624746382236,1e-05
B,27,82,0.01898861676454544,1e-05
B,27,83,0.019979046657681465,1e-05
B,27,84,0.024833709001541138,1e-05
B,27,85,0.0452565960586071,1e-05
B,27,86,0.0222389604896307,1e-05
B,27,87,0.01633269526064396,1e-05
B,27,88,0.028966302052140236,1e-05
B,27,89,0.04080282524228096,1e-05
B,27,90,0.01703883334994316,1e-05
B,27,91,0.01544545404613018,1e-05
B,27,92,0.028748521581292152,1e-05
B,27,93,0.012737110257148743,1e-05
B,27,94,0.013992348685860634,1e-05
B,27,95,0.025137415155768394,1e-05
B,27,96,0.015789000317454338,1e-05
B,27,97,0.01715715043246746,1e-05
B,27,98,0.018441395834088326,1e-05
B,28,0,0.026684479787945747,1e-05
B,28,1,0.016323421150445938,1e-05
B,28,2,0.01782987080514431,1e-05
B,28,3,0.023649435490369797,1e-05
B,28,4,0.01811571978032589,1e-05
B,28,5,0.01980571448802948,1e-05
B,28,6,0.018279144540429115,1e-05
B,28,7,0.026896188035607338,1e-05
B,28,8,0.017446350306272507,1e-05
B,28,9,0.026712896302342415,1e-05
B,28,10,0.018502919003367424,1e-05
B,28,11,0.023771071806550026,1e-05
B,28,12,0.018121568486094475,1e-05
B,28,13,0.01806812360882759,1e-05
B,28,14,0.014645232819020748,1e-05
B,28,15,0.025178227573633194,1e-05
B,28,16,0.01273841317743063,1e-05
B,28,17,0.0183568075299263,1e-05
B,28,18,0.029749898239970207,1e-05
B,28,19,0.026307333260774612,1e-05
B,28,20,0.012482807971537113,1e-05
B,28,21,0.01776127703487873,1e-05
B,28,22,0.026073874905705452,1e-05
B,28,23,0.03862466290593147,1e-05
B,28,24,0.016706667840480804,1e-05
B,28,25,0.026573186740279198,1e-05
B,28,26,0.0438711978495121,1e-05
B,28,27,0.01968408189713955,1e-05
B,28,28,0.01957487128674984,1e-05
B,28,29,0.026809582486748695,1e-05
B,28,30,0.02177082560956478,1e-05
B,28,31,0.019204668700695038,1e-05
B,28,32,0.016896523535251617,1e-05
B,28,33,0.04057713970541954,1e-05
B,28,34,0.012449771165847778,1e-05
B,28,35,0.016474343836307526,1e-05
B,28,36,0.023307278752326965,1e-05
B,28,37,0.019470497965812683,1e-05
B,28,38,0.020359346643090248,1e-05
B,28,39,0.02047441340982914,1e-05
B,28,40,0.019633276388049126,1e-05
B,28,41,0.024555174633860588,1e-05
B,28,42,0.024167388677597046,1e-05
B,28,43,0.018746528774499893,1e-05
B,28,44,0.03114273026585579,1e-05
B,28,45,0.01616395264863968,1e-05
B,28,46,0.01947147399187088,1e-05
B,28,47,0.018175143748521805,1e-05
B,28,48,0.02697036787867546,1e-05
B,28,49,0.02396441623568535,1e-05
B,28,50,0.025074701756238937,1e-05
B,28,51,0.018833216279745102,1e-05
B,28,52,0.016896141692996025,1e-05
B,28,53,0.01621333509683609,1e-05
B,28,54,0.016046835109591484,1e-05
B,28,55,0.019770922139286995,1e-05
B,28,56,0.01736089214682579,1e-05
B,28,57,0.030947908759117126,1e-05
B,28,58,0.031831663101911545,1e-05
B,28,59,0.014974197372794151,1e-05
B,28,60,0.024400975555181503,1e-05
B,28,61,0.021593358367681503,1e-05
B,28,62,0.020540812984108925,1e-05
B,28,63,0.023350123316049576,1e-05
B,28,64,0.014933548867702484,1e-05
B,28,65,0.028906844556331635,1e-05
B,28,66,0.021962929517030716,1e-05
B,28,67,0.022682921960949898,1e-05
B,28,68,0.024396713823080063,1e-05
B,28,69,0.03921639919281006,1e-05
B,28,70,0.024323616176843643,1e-05
B,28,71,0.02365395985543728,1e-05
B,28,72,0.025642037391662598,1e-05
B,28,73,0.02268105186522007,1e-05
B,28,74,0.0169198177754879,1e-05
B,28,75,0.03277309611439705,1e-05
B,28,76,0.020605366677045822,1e-05
B,28,77,0.015520629473030567,1e-05
B,28,78,0.026962194591760635,1e-05
B,28,79,0.03553090617060661,1e-05
B,28,80,0.011749941855669022,1e-05
B,28,81,0.027286671102046967,1e-05
B,28,82,0.034270256757736206,1e-05
B,28,83,0.0345921628177166,1e-05
B,28,84,0.01709771901369095,1e-05
B,28,85,0.03901730850338936,1e-05
B,28,86,0.014396441169083118,1e-05
B,28,87,0.03105369210243225,1e-05
B,28,88,0.025580309331417084,1e-05
B,28,89,0.03570868447422981,1e-05
B,28,90,0.028725069016218185,1e-05
B,28,91,0.015367403626441956,1e-05
B,28,92,0.019874021410942078,1e-05
B,28,93,0.017350265756249428,1e-05
B,28,94,0.014408021233975887,1e-05
B,28,95,0.03271907940506935,1e-05
B,28,96,0.02172039821743965,1e-05
B,28,97,0.023029115051031113,1e-05
B,28,98,0.020281191915273666,1e-05
B,29,0,0.026837535202503204,1e-05
B,29,1,0.018136529251933098,1e-05
B,29,2,0.035658255219459534,1e-05
B,29,3,0.03187725320458412,1e-05
B,29,4,0.01384882815182209,1e-05
B,29,5,0.023000752553343773,1e-05
B,29,6,0.015177089720964432,1e-05
B,29,7,0.019771909341216087,1e-05
B,29,8,0.02248767949640751,1e-05
B,29,9,0.01947426237165928,1e-05
B,29,10,0.016490835696458817,1e-05
B,29,11,0.02116457000374794,1e-05
B,29,12,0.017348838970065117,1e-05
B,29,13,0.020300282165408134,1e-05
B,29,14,0.012994092889130116,1e-05
B,29,15,0.021817568689584732,1e-05
B,29,16,0.01325079333037138,1e-05
B,29,17,0.0187432449311018,1e-05
B,29,18,0.03816869482398033,1e-05
B,29,19,0.016160359606146812,1e-05
B,29,20,0.025189412757754326,1e-05
B,29,21,0.015462120994925499,1e-05
B,29,22,0.01657048985362053,1e-05
B,29,23,0.016266200691461563,1e-05
B,29,24,0.026731912046670914,1e-05
B,29,25,0.0184649508446455,1e-05
B,29,26,0.03262285143136978,1e-05
B,29,27,0.023467402905225754,1e-05
B,29,28,0.023144744336605072,1e-05
B,29,29,0.021752547472715378,1e-05
B,29,30,0.02270149625837803,1e-05
B,29,31,0.03996440768241882,1e-05
B,29,32,0.02696359157562256,1e-05
B,29,33,0.019650962203741074,1e-05
B,29,34,0.019045349210500717,1e-05
B,29,35,0.01511834654957056,1e-05
B,29,36,0.017013905569911003,1e-05
B,29,37,0.026099136099219322,1e-05
B,29,38,0.017230212688446045,1e-05
B,29,39,0.02972427010536194,1e-05
B,29,40,0.025571130216121674,1e-05
B,29,41,0.020977292209863663,1e-05
B,29,42,0.03887052461504936,1e-05
B,29,43,0.015301104635000229,1e-05
B,29,44,0.026705091819167137,1e-05
B,29,45,0.019721202552318573,1e-05
B,29,46,0.01805381290614605,1e-05
B,29,47,0.02588583342730999,1e-05
B,29,48,0.030971122905611992,1e-05
B,29,49,0.03348105028271675,1e-05
B,29,50,0.01809457316994667,1e-05
B,29,51,0.03924202919006348,1e-05
B,29,52,0.018435750156641006,1e-05
B,29,53,0.041808925569057465,1e-05
B,29,54,0.01847418211400509,1e-05
B,29,55,0.02474541962146759,1e-05
B,29,56,0.026915622875094414,1e-05
B,29,57,0.035739440470933914,1e-05
B,29,58,0.02096799947321415,1e-05
B,29,59,0.02337583526968956,1e-05
B,29,60,0.012104319408535957,1e-05
B,29,61,0.024251336231827736,1e-05
B,29,62,0.01694543845951557,1e-05
B,29,63,0.030920937657356262,1e-05
B,29,64,0.02571776695549488,1e-05
B,29,65,0.0215456560254097,1e-05
B,29,66,0.01740887016057968,1e-05
B,29,67,0.019952379167079926,1e-05
B,29,68,0.025071049109101295,1e-05
B,29,69,0.016611045226454735,1e-05
B,29,70,0.01590074971318245,1e-05
B,29,71,0.019975606352090836,1e-05
B,29,72,0.01829921454191208,1e-05
B,29,73,0.023395363241434097,1e-05
B,29,74,0.02076040953397751,1e-05
B,29,75,0.016462113708257675,1e-05
B,29,76,0.016310345381498337,1e-05
B,29,77,0.024137523025274277,1e-05
B,29,78,0.02724570967257023,1e-05
B,29,79,0.024297060444951057,1e-05
B,29,80,0.024262137711048126,1e-05
B,29,81,0.021623652428388596,1e-05
B,29,82,0.014984093606472015,1e-05
B,29,83,0.028683658689260483,1e-05
B,29,84,0.019407620653510094,1e-05
B,29,85,0.03412993997335434,1e-05
B,29,86,0.01795831508934498,1e-05
B,29,87,0.01655181497335434,1e-05
B,29,88,0.026272770017385483,1e-05
B,29,89,0.02679726481437683,1e-05
B,29,90,0.020392978563904762,1e-05
B,29,91,0.02379802241921425,1e-05
B,29,92,0.016726380214095116,1e-05
B,29,93,0.036042459309101105,1e-05
B,29,94,0.022144103422760963,1e-05
B,29,95,0.012736950069665909,1e-05
B,29,96,0.02365015260875225,1e-05
B,29,97,0.01959104649722576,1e-05
B,29,98,0.028864901512861252,1e-05
B,30,0,0.012368566356599331,1.0000000000000002e-06
B,30,1,0.02266373299062252,1.0000000000000002e-06
B,30,2,0.01696949265897274,1.0000000000000002e-06
B,30,3,0.01707322895526886,1.0000000000000002e-06
B,30,4,0.02084958180785179,1.0000000000000002e-06
B,30,5,0.017181601375341415,1.0000000000000002e-06
B,30,6,0.04058253765106201,1.0000000000000002e-06
B,30,7,0.016928212717175484,1.0000000000000002e-06
B,30,8,0.025357935577630997,1.0000000000000002e-06
B,30,9,0.027211546897888184,1.0000000000000002e-06
B,30,10,0.03102310746908188,1.0000000000000002e-06
B,30,11,0.020292392000555992,1.0000000000000002e-06
B,30,12,0.040379125624895096,1.0000000000000002e-06
B,30,13,0.03404758870601654,1.0000000000000002e-06
B,30,14,0.02178531512618065,1.0000000000000002e-06
B,30,15,0.03088231571018696,1.0000000000000002e-06
B,30,16,0.018395837396383286,1.0000000000000002e-06
B,30,17,0.01713665947318077,1.0000000000000002e-06
B,30,18,0.021504543721675873,1.0000000000000002e-06
B,30,19,0.024953758344054222,1.0000000000000002e-06
B,30,20,0.01781664974987507,1.0000000000000002e-06
B,30,21,0.02293749712407589,1.0000000000000002e-06
B,30,22,0.032608650624752045,1.0000000000000002e-06
B,30,23,0.015065096318721771,1.0000000000000002e-06
B,30,24,0.01947558857500553,1.0000000000000002e-06
B,30,25,0.020856142044067383,1.0000000000000002e-06
B,30,26,0.01953444816172123,1.0000000000000002e-06
B,30,27,0.017202625051140785,1.0000000000000002e-06
B,30,28,0.018293481320142746,1.0000000000000002e-06
B,30,29,0.02650999091565609,1.0000000000000002e-06
B,30,30,0.02861512079834938,1.0000000000000002e-06
B,30,31,0.01873580738902092,1.0000000000000002e-06
B,30,32,0.013458716683089733,1.0000000000000002e-06
B,30,33,0.015012096613645554,1.0000000000000002e-06
B,30,34,0.022977862507104874,1.0000000000000002e-06
B,30,35,0.03539391979575157,1.0000000000000002e-06
B,30,36,0.026230785995721817,1.0000000000000002e-06
B,30,37,0.023681078106164932,1.0000000000000002e-06
B,30,38,0.024066895246505737,1.0000000000000002e-06
B,30,39,0.01486798096448183,1.0000000000000002e-06
B,30,40,0.015735063701868057,1.0000000000000002e-06
B,30,41,0.02212994359433651,1.0000000000000002e-06
B,30,42,0.013956833630800247,1.0000000000000002e-06
B,30,43,0.024235837161540985,1.0000000000000002e-06
B,30,44,0.015683840960264206,1.0000000000000002e-06
B,30,45,0.016617922112345695,1.0000000000000002e-06
B,30,46,0.020636744797229767,1.0000000000000002e-06
B,30,47,0.016905561089515686,1.0000000000000002e-06
B,30,48,0.023806948214769363,1.0000000000000002e-06
B,30,49,0.02690366841852665,1.0000000000000002e-06
B,30,50,0.01635824330151081,1.0000000000000002e-06
B,30,51,0.020259011536836624,1.0000000000000002e-06
B,30,52,0.025521008297801018,1.0000000000000002e-06
B,30,53,0.017994360998272896,1.0000000000000002e-06
B,30,54,0.01759583316743374,1.0000000000000002e-06
B,30,55,0.02688925713300705,1.0000000000000002e-06
B,30,56,0.017806503921747208,1.0000000000000002e-06
B,30,57,0.029673373326659203,1.0000000000000002e-06
B,30,58,0.019467975944280624,1.0000000000000002e-06
B,30,59,0.02557622641324997,1.0000000000000002e-06
B,30,60,0.02587776817381382,1.0000000000000002e-06
B,30,61,0.02601577527821064,1.0000000000000002e-06
B,30,62,0.02664923667907715,1.0000000000000002e-06
B,30,63,0.03896539658308029,1.0000000000000002e-06
B,30,64,0.019443556666374207,1.0000000000000002e-06
B,30,65,0.01793130859732628,1.0000000000000002e-06
B,30,66,0.017357690259814262,1.0000000000000002e-06
B,30,67,0.01738998293876648,1.0000000000000002e-06
B,30,68,0.016628772020339966,1.0000000000000002e-06
B,30,69,0.018770135939121246,1.0000000000000002e-06
B,30,70,0.012402787804603577,1.0000000000000002e-06
B,30,71,0.016371088102459908,1.0000000000000002e-06
B,30,72,0.027412163093686104,1.0000000000000002e-06
B,30,73,0.017270933836698532,1.0000000000000002e-06
B,30,74,0.020679455250501633,1.0000000000000002e-06
B,30,75,0.019944552332162857,1.0000000000000002e-06
B,30,76,0.026752371340990067,1.0000000000000002e-06
B,30,77,0.022558551281690598,1.0000000000000002e-06
B,30,78,0.02885524369776249,1.0000000000000002e-06
B,30,79,0.022615671157836914,1.0000000000000002e-06
B,30,80,0.02511054463684559,1.0000000000000002e-06
B,30,81,0.018709225580096245,1.0000000000000002e-06
B,30,82,0.032782845199108124,1.0000000000000002e-06
B,30,83,0.03447381779551506,1.0000000000000002e-06
B,30,84,0.021828962489962578,1.0000000000000002e-06
B,30,85,0.015182309783995152,1.0000000000000002e-06
B,30,86,0.036247313022613525,1.0000000000000002e-06
B,30,87,0.021430257707834244,1.0000000000000002e-06
B,30,88,0.014321998693048954,1.0000000000000002e-06
B,30,89,0.025448502972722054,1.0000000000000002e-06
B,30,90,0.01745598018169403,1.0000000000000002e-06
B,30,91,0.03211234509944916,1.0000000000000002e-06
B,30,92,0.035598691552877426,1.0000000000000002e-06
B,30,93,0.012272670865058899,1.0000000000000002e-06
B,30,94,0.021285394206643105,1.0000000000000002e-06
B,30,95,0.025040820240974426,1.0000000000000002e-06
B,30,96,0.021681727841496468,1.0000000000000002e-06
B,30,97,0.04544585943222046,1.0000000000000002e-06
B,30,98,0.03930659219622612,1.0000000000000002e-06
B,31,0,0.020669322460889816,1.0000000000000002e-06
B,31,1,0.020597191527485847,1.0000000000000002e-06
B,31,2,0.016382072120904922,1.0000000000000002e-06
B,31,3,0.026021135970950127,1.0000000000000002e-06
B,31,4,0.018833493813872337,1.0000000000000002e-06
B,31,5,0.021341562271118164,1.0000000000000002e-06
B,31,6,0.012668314389884472,1.0000000000000002e-06
B,31,7,0.020221415907144547,1.0000000000000002e-06
B,31,8,0.02368934638798237,1.0000000000000002e-06
B,31,9,0.017050132155418396,1.0000000000000002e-06
B,31,10,0.03657686337828636,1.0000000000000002e-06
B,31,11,0.01825558766722679,1.0000000000000002e-06
B,31,12,0.02688230760395527,1.0000000000000002e-06
B,31,13,0.021625688299536705,1.0000000000000002e-06
B,31,14,0.012037870474159718,1.0000000000000002e-06
B,31,15,0.022844703868031502,1.0000000000000002e-06
B,31,16,0.015338958241045475,1.0000000000000002e-06
B,31,17,0.025106927379965782,1.0000000000000002e-06
B,31,18,0.021532220765948296,1.0000000000000002e-06
B,31,19,0.01830274984240532,1.0000000000000002e-06
B,31,20,0.02261129766702652,1.0000000000000002e-06
B,31,21,0.018068164587020874,1.0000000000000002e-06
B,31,22,0.021897433325648308,1.0000000000000002e-06
B,31,23,0.015745293349027634,1.0000000000000002e-06
B,31,24,0.016994722187519073,1.0000000000000002e-06
B,31,25,0.01587396115064621,1.0000000000000002e-06
B,31,26,0.018398210406303406,1.0000000000000002e-06
B,31,27,0.041672758758068085,1.0000000000000002e-06
B,31,28,0.022484736517071724,1.0000000000000002e-06
B,31,29,0.039416663348674774,1.0000000000000002e-06
B,31,30,0.01731308177113533,1.0000000000000002e-06
B,31,31,0.025512808933854103,1.0000000000000002e-06
B,31,32,0.02674562856554985,1.0000000000000002e-06
B,31,33,0.020345421507954597,1.0000000000000002e-06
B,31,34,0.021865034475922585,1.0000000000000002e-06
B,31,35,0.020744740962982178,1.0000000000000002e-06
B,31,36,0.026008985936641693,1.0000000000000002e-06
B,31,37,0.020145248621702194,1.0000000000000002e-06
B,31,38,0.027208397164940834,1.0000000000000002e-06
B,31,39,0.015268667601048946,1.0000000000000002e-06
B,31,40,0.013999996706843376,1.0000000000000002e-06
B,31,41,0.018645938485860825,1.0000000000000002e-06
B,31,42,0.03983648866415024,1.0000000000000002e-06
B,31,43,0.026896042749285698,1.0000000000000002e-06
B,31,44,0.01677144505083561,1.0000000000000002e-06
B,31,45,0.02623504027724266,1.0000000000000002e-06
B,31,46,0.019970109686255455,1.0000000000000002e-06
B,31,47,0.01393882092088461,1.0000000000000002e-06
B,31,48,0.02481280080974102,1.0000000000000002e-06
B,31,49,0.021339211612939835,1.0000000000000002e-06
B,31,50,0.03404834493994713,1.0000000000000002e-06
B,31,51,0.025318535044789314,1.0000000000000002e-06
B,31,52,0.019018998369574547,1.0000000000000002e-06
B,31,53,0.027614915743470192,1.0000000000000002e-06
B,31,54,0.021748293191194534,1.0000000000000002e-06
B,31,55,0.019294971600174904,1.0000000000000002e-06
B,31,56,0.017271950840950012,1.0000000000000002e-06
B,31,57,0.01835915446281433,1.0000000000000002e-06
B,31,58,0.03970514237880707,1.0000000000000002e-06
B,31,59,0.025404568761587143,1.0000000000000002e-06
B,31,60,0.012544455006718636,1.0000000000000002e-06
B,31,61,0.02885086089372635,1.0000000000000002e-06
B,31,62,0.0172128863632679,1.0000000000000002e-06
B,31,63,0.01655939221382141,1.0000000000000002e-06
B,31,64,0.032086048275232315,1.0000000000000002e-06
B,31,65,0.02663564495742321,1.0000000000000002e-06
B,31,66,0.024058224633336067,1.0000000000000002e-06
B,31,67,0.030870288610458374,1.0000000000000002e-06
B,31,68,0.02078070305287838,1.0000000000000002e-06
B,31,69,0.04057798534631729,1.0000000000000002e-06
B,31,70,0.03137459233403206,1.0000000000000002e-06
B,31,71,0.017268020659685135,1.0000000000000002e-06
B,31,72,0.02318132482469082,1.0000000000000002e-06
B,31,73,0.017992999404668808,1.0000000000000002e-06
B,31,74,0.017439117655158043,1.0000000000000002e-06
B,31,75,0.012005477212369442,1.0000000000000002e-06
B,31,76,0.018551165238022804,1.0000000000000002e-06
B,31,77,0.019473813474178314,1.0000000000000002e-06
B,31,78,0.023460734635591507,1.0000000000000002e-06
B,31,79,0.01917421631515026,1.0000000000000002e-06
B,31,80,0.024362575262784958,1.0000000000000002e-06
B,31,81,0.028377806767821312,1.0000000000000002e-06
B,31,82,0.014094773679971695,1.0000000000000002e-06
B,31,83,0.022990157827734947,1.0000000000000002e-06
B,31,84,0.019531190395355225,1.0000000000000002e-06
B,31,85,0.02966068498790264,1.0000000000000002e-06
B,31,86,0.02028798498213291,1.0000000000000002e-06
B,31,87,0.01712636463344097,1.0000000000000002e-06
B,31,88,0.024218065664172173,1.0000000000000002e-06
B,31,89,0.035102661699056625,1.0000000000000002e-06
B,31,90,0.020170599222183228,1.0000000000000002e-06
B,31,91,0.028620565310120583,1.0000000000000002e-06
B,31,92,0.025035541504621506,1.0000000000000002e-06
B,31,93,0.032616402953863144,1.0000000000000002e-06
B,31,94,0.01459076814353466,1.0000000000000002e-06
B,31,95,0.03559626638889313,1.0000000000000002e-06
B,31,96,0.016467805951833725,1.0000000000000002e-06
B,31,97,0.03390756621956825,1.0000000000000002e-06
B,31,98,0.024750716984272003,1.0000000000000002e-06
B,32,0,0.022121872752904892,1.0000000000000002e-06
B,32,1,0.04310747608542442,1.0000000000000002e-06
B,32,2,0.03261187672615051,1.0000000000000002e-06
B,32,3,0.035592567175626755,1.0000000000000002e-06
B,32,4,0.018219096586108208,1.0000000000000002e-06
B,32,5,0.017100555822253227,1.0000000000000002e-06
B,32,6,0.015756215900182724,1.0000000000000002e-06
B,32,7,0.014189797453582287,1.0000000000000002e-06
B,32,8,0.01677379198372364,1.0000000000000002e-06
B,32,9,0.025938646867871284,1.0000000000000002e-06
B,32,10,0.022612672299146652,1.0000000000000002e-06
B,32,11,0.015729010105133057,1.0000000000000002e-06
B,32,12,0.023091992363333702,1.0000000000000002e-06
B,32,13,0.015216656029224396,1.0000000000000002e-06
B,32,14,0.02728678472340107,1.0000000000000002e-06
B,32,15,0.02033611387014389,1.0000000000000002e-06
B,32,16,0.01627672091126442,1.0000000000000002e-06
B,32,17,0.024208122864365578,1.0000000000000002e-06
B,32,18,0.02076328918337822,1.0000000000000002e-06
B,32,19,0.028610114008188248,1.0000000000000002e-06
B,32,20,0.017768582329154015,1.0000000000000002e-06
B,32,21,0.021833449602127075,1.0000000000000002e-06
B,32,22,0.02010262943804264,1.0000000000000002e-06
B,32,23,0.01688876375555992,1.0000000000000002e-06
B,32,24,0.0228960569947958,1.0000000000000002e-06
B,32,25,0.021334966644644737,1.0000000000000002e-06
B,32,26,0.012655070051550865,1.0000000000000002e-06
B,32,27,0.01804245263338089,1.0000000000000002e-06
B,32,28,0.014872520230710506,1.0000000000000002e-06
B,32,29,0.034036364406347275,1.0000000000000002e-06
B,32,30,0.014847036451101303,1.0000000000000002e-06
B,32,31,0.021197833120822906,1.0000000000000002e-06
B,32,32,0.03569852188229561,1.0000000000000002e-06
B,32,33,0.035251446068286896,1.0000000000000002e-06
B,32,34,0.028849679976701736,1.0000000000000002e-06
B,32,35,0.020358188077807426,1.0000000000000002e-06
B,32,36,0.01678071916103363,1.0000000000000002e-06
B,32,37,0.019161250442266464,1.0000000000000002e-06
B,32,38,0.03916601836681366,1.0000000000000002e-06
B,32,39,0.018447961658239365,1.0000000000000002e-06
B,32,40,0.02550530433654785,1.0000000000000002e-06
B,32,41,0.01962205022573471,1.0000000000000002e-06
B,32,42,0.019758496433496475,1.0000000000000002e-06
B,32,43,0.02314096875488758,1.0000000000000002e-06
B,32,44,0.019872326403856277,1.0000000000000002e-06
B,32,45,0.025036785751581192,1.0000000000000002e-06
B,32,46,0.017410757020115852,1.0000000000000002e-06
B,32,47,0.029660681262612343,1.0000000000000002e-06
B,32,48,0.016390832141041756,1.0000000000000002e-06
B,32,49,0.01798849366605282,1.0000000000000002e-06
B,32,50,0.015642184764146805,1.0000000000000002e-06
B,32,51,0.01804582215845585,1.0000000000000002e-06
B,32,52,0.03414033725857735,1.0000000000000002e-06
B,32,53,0.011509126052260399,1.0000000000000002e-06
B,32,54,0.025107301771640778,1.0000000000000002e-06
B,32,55,0.01932530850172043,1.0000000000000002e-06
B,32,56,0.01574406772851944,1.0000000000000002e-06
B,32,57,0.021958550438284874,1.0000000000000002e-06
B,32,58,0.026888448745012283,1.0000000000000002e-06
B,32,59,0.024274369701743126,1.0000000000000002e-06
B,32,60,0.01942378655076027,1.0000000000000002e-06
B,32,61,0.014323411509394646,1.0000000000000002e-06
B,32,62,0.017325446009635925,1.0000000000000002e-06
B,32,63,0.01806657761335373,1.0000000000000002e-06
B,32,64,0.018396176397800446,1.0000000000000002e-06
B,32,65,0.02135126292705536,1.0000000000000002e-06
B,32,66,0.02543468028306961,1.0000000000000002e-06
B,32,67,0.016791338101029396,1.0000000000000002e-06
B,32,68,0.026740970090031624,1.0000000000000002e-06
B,32,69,0.024959560483694077,1.0000000000000002e-06
B,32,70,0.01609572023153305,1.0000000000000002e-06
B,32,71,0.02600598707795143,1.0000000000000002e-06
B,32,72,0.02720804698765278,1.0000000000000002e-06
B,32,73,0.012723298743367195,1.0000000000000002e-06
B,32,74,0.023801911622285843,1.0000000000000002e-06
B,32,75,0.023408561944961548,1.0000000000000002e-06
B,32,76,0.018870657309889793,1.0000000000000002e-06
B,32,77,0.019585762172937393,1.0000000000000002e-06
B,32,78,0.022209113463759422,1.0000000000000002e-06
B,32,79,0.025207918137311935,1.0000000000000002e-06
B,32,80,0.026238569989800453,1.0000000000000002e-06
B,32,81,0.040356963872909546,1.0000000000000002e-06
B,32,82,0.0241667740046978,1.0000000000000002e-06
B,32,83,0.019469784572720528,1.0000000000000002e-06
B,32,84,0.017603294923901558,1.0000000000000002e-06
B,32,85,0.0192154161632061,1.0000000000000002e-06
B,32,86,0.026883011683821678,1.0000000000000002e-06
B,32,87,0.026629924774169922,1.0000000000000002e-06
B,32,88,0.02607177011668682,1.0000000000000002e-06
B,32,89,0.03086385875940323,1.0000000000000002e-06
B,32,90,0.025785032659769058,1.0000000000000002e-06
B,32,91,0.033272936940193176,1.0000000000000002e-06
B,32,92,0.03812812641263008,1.0000000000000002e-06
B,32,93,0.011741959489881992,1.0000000000000002e-06
B,32,94,0.018199753016233444,1.0000000000000002e-06
B,32,95,0.01926599256694317,1.0000000000000002e-06
B,32,96,0.03917299583554268,1.0000000000000002e-06
B,32,97,0.02005542628467083,1.0000000000000002e-06
B,32,98,0.03133935481309891,1.0000000000000002e-06
B,33,0,0.01458149403333664,1.0000000000000002e-06
B,33,1,0.021948831155896187,1.0000000000000002e-06
B,33,2,0.021617097780108452,1.0000000000000002e-06
B,33,3,0.022369293496012688,1.0000000000000002e-06
B,33,4,0.020604293793439865,1.0000000000000002e-06
B,33,5,0.015609832480549812,1.0000000000000002e-06
B,33,6,0.028840256854891777,1.0000000000000002e-06
B,33,7,0.01768779195845127,1.0000000000000002e-06
B,33,8,0.016794469207525253,1.0000000000000002e-06
B,33,9,0.02755599282681942,1.0000000000000002e-06
B,33,10,0.011798974126577377,1.0000000000000002e-06
B,33,11,0.018522363156080246,1.0000000000000002e-06
B,33,12,0.02687676250934601,1.0000000000000002e-06
B,33,13,0.03947833180427551,1.0000000000000002e-06
B,33,14,0.012681041844189167,1.0000000000000002e-06
B,33,15,0.01662227138876915,1.0000000000000002e-06
B,33,16,0.018345605581998825,1.0000000000000002e-06
B,33,17,0.034705884754657745,1.0000000000000002e-06
B,33,18,0.030856532976031303,1.0000000000000002e-06
B,33,19,0.025609001517295837,1.0000000000000002e-06
B,33,20,0.019341908395290375,1.0000000000000002e-06
B,33,21,0.03551439195871353,1.0000000000000002e-06
B,33,22,0.020085128024220467,1.0000000000000002e-06
B,33,23,0.011803893372416496,1.0000000000000002e-06
B,33,24,0.027197713032364845,1.0000000000000002e-06
B,33,25,0.0313260555267334,1.0000000000000002e-06
B,33,26,0.01401020772755146,1.0000000000000002e-06
B,33,27,0.017517736181616783,1.0000000000000002e-06
B,33,28,0.027728179469704628,1.0000000000000002e-06
B,33,29,0.012037651613354683,1.0000000000000002e-06
B,33,30,0.018716612830758095,1.0000000000000002e-06
B,33,31,0.014917919412255287,1.0000000000000002e-06
B,33,32,0.02519618161022663,1.0000000000000002e-06
B,33,33,0.01756598986685276,1.0000000000000002e-06
B,33,34,0.019461622461676598,1.0000000000000002e-06
B,33,35,0.023698365315794945,1.0000000000000002e-06
B,33,36,0.01686100661754608,1.0000000000000002e-06
B,33,37,0.026882527396082878,1.0000000000000002e-06
B,33,38,0.025999922305345535,1.0000000000000002e-06
B,33,39,0.022907381877303123,1.0000000000000002e-06
B,33,40,0.017745353281497955,1.0000000000000002e-06
B,33,41,0.024417132139205933,1.0000000000000002e-06
B,33,42,0.017428651452064514,1.0000000000000002e-06
B,33,43,0.016892801970243454,1.0000000000000002e-06
B,33,44,0.025026623159646988,1.0000000000000002e-06
B,33,45,0.02549956925213337,1.0000000000000002e-06
B,33,46,0.02510317787528038,1.0000000000000002e-06
B,33,47,0.0248457919806242,1.0000000000000002e-06
B,33,48,0.02432718500494957,1.0000000000000002e-06
B,33,49,0.02016167901456356,1.0000000000000002e-06
B,33,50,0.014298250898718834,1.0000000000000002e-06
B,33,51,0.019592424854636192,1.0000000000000002e-06
B,33,52,0.024599868804216385,1.0000000000000002e-06
B,33,53,0.02260471321642399,1.0000000000000002e-06
B,33,54,0.018889665603637695,1.0000000000000002e-06
B,33,55,0.0326140820980072,1.0000000000000002e-06
B,33,56,0.015533837489783764,1.0000000000000002e-06
B,33,57,0.040820732712745667,1.0000000000000002e-06
B,33,58,0.03162165731191635,1.0000000000000002e-06
B,33,59,0.02623952552676201,1.0000000000000002e-06
B,33,60,0.03997747227549553,1.0000000000000002e-06
B,33,61,0.017986960709095,1.0000000000000002e-06
B,33,62,0.020858360454440117,1.0000000000000002e-06
B,33,63,0.018397459760308266,1.0000000000000002e-06
B,33,64,0.019552070647478104,1.0000000000000002e-06
B,33,65,0.016157232224941254,1.0000000000000002e-06
B,33,66,0.018913768231868744,1.0000000000000002e-06
B,33,67,0.016934648156166077,1.0000000000000002e-06
B,33,68,0.01902438886463642,1.0000000000000002e-06
B,33,69,0.02340216375887394,1.0000000000000002e-06
B,33,70,0.015551799908280373,1.0000000000000002e-06
B,33,71,0.020527485758066177,1.0000000000000002e-06
B,33,72,0.02113017812371254,1.0000000000000002e-06
B,33,73,0.014705651439726353,1.0000000000000002e-06
B,33,74,0.024100715294480324,1.0000000000000002e-06
B,33,75,0.020895322784781456,1.0000000000000002e-06
B,33,76,0.02167036011815071,1.0000000000000002e-06
B,33,77,0.024485481902956963,1.0000000000000002e-06
B,33,78,0.020707309246063232,1.0000000000000002e-06
B,33,79,0.02964884229004383,1.0000000000000002e-06
B,33,80,0.026781395077705383,1.0000000000000002e-06
B,33,81,0.026621131226420403,1.0000000000000002e-06
B,33,82,0.02441350556910038,1.0000000000000002e-06
B,33,83,0.01832689717411995,1.0000000000000002e-06
B,33,84,0.042509183287620544,1.0000000000000002e-06
B,33,85,0.016199640929698944,1.0000000000000002e-06
B,33,86,0.015840541571378708,1.0000000000000002e-06
B,33,87,0.01829245500266552,1.0000000000000002e-06
B,33,88,0.018756913021206856,1.0000000000000002e-06
B,33,89,0.035588789731264114,1.0000000000000002e-06
B,33,90,0.01960250549018383,1.0000000000000002e-06
B,33,91,0.03405264392495155,1.0000000000000002e-06
B,33,92,0.02389751933515072,1.0000000000000002e-06
B,33,93,0.016779888421297073,1.0000000000000002e-06
B,33,94,0.03369390591979027,1.0000000000000002e-06
B,33,95,0.02861694246530533,1.0000000000000002e-06
B,33,96,0.026736102998256683,1.0000000000000002e-06
B,33,97,0.019812993705272675,1.0000000000000002e-06
B,33,98,0.03864610567688942,1.0000000000000002e-06
B,34,0,0.02687785215675831,1.0000000000000002e-06
B,34,1,0.014477784745395184,1.0000000000000002e-06
B,34,2,0.014103890396654606,1.0000000000000002e-06
B,34,3,0.01745855063199997,1.0000000000000002e-06
B,34,4,0.031914446502923965,1.0000000000000002e-06
B,34,5,0.020912665873765945,1.0000000000000002e-06
B,34,6,0.012455654330551624,1.0000000000000002e-06
B,34,7,0.017587997019290924,1.0000000000000002e-06
B,34,8,0.016293443739414215,1.0000000000000002e-06
B,34,9,0.013269517570734024,1.0000000000000002e-06
B,34,10,0.022408923134207726,1.0000000000000002e-06
B,34,11,0.022182153537869453,1.0000000000000002e-06
B,34,12,0.015356823801994324,1.0000000000000002e-06
B,34,13,0.024256572127342224,1.0000000000000002e-06
B,34,14,0.032608237117528915,1.0000000000000002e-06
B,34,15,0.011806391179561615,1.0000000000000002e-06
B,34,16,0.040007006376981735,1.0000000000000002e-06
B,34,17,0.0327213853597641,1.0000000000000002e-06
B,34,18,0.021495027467608452,1.0000000000000002e-06
B,34,19,0.020410742610692978,1.0000000000000002e-06
B,34,20,0.02549278922379017,1.0000000000000002e-06
B,34,21,0.019782932475209236,1.0000000000000002e-06
B,34,22,0.0234319269657135,1.0000000000000002e-06
B,34,23,0.01524246297776699,1.0000000000000002e-06
B,34,24,0.019228771328926086,1.0000000000000002e-06
B,34,25,0.01839005947113037,1.0000000000000002e-06
B,34,26,0.02450200729072094,1.0000000000000002e-06
B,34,27,0.016835594549775124,1.0000000000000002e-06
B,34,28,0.027739500626921654,1.0000000000000002e-06
B,34,29,0.02719782292842865,1.0000000000000002e-06
B,34,30,0.03139074519276619,1.0000000000000002e-06
B,34,31,0.020746983587741852,1.0000000000000002e-06
B,34,32,0.01663842611014843,1.0000000000000002e-06
B,34,33,0.015042263083159924,1.0000000000000002e-06
B,34,34,0.0167203638702631,1.0000000000000002e-06
B,34,35,0.037982914596796036,1.0000000000000002e-06
B,34,36,0.025097860023379326,1.0000000000000002e-06
B,34,37,0.039672721177339554,1.0000000000000002e-06
B,34,38,0.029645146802067757,1.0000000000000002e-06
B,34,39,0.026865394786000252,1.0000000000000002e-06
B,34,40,0.01781199686229229,1.0000000000000002e-06
B,34,41,0.017749371007084846,1.0000000000000002e-06
B,34,42,0.015430230647325516,1.0000000000000002e-06
B,34,43,0.025018801912665367,1.0000000000000002e-06
B,34,44,0.043758977204561234,1.0000000000000002e-06
B,34,45,0.017980296164751053,1.0000000000000002e-06
B,34,46,0.020326942205429077,1.0000000000000002e-06
B,34,47,0.016506213694810867,1.0000000000000002e-06
B,34,48,0.019466742873191833,1.0000000000000002e-06
B,34,49,0.012916235253214836,1.0000000000000002e-06
B,34,50,0.017096074298024178,1.0000000000000002e-06
B,34,51,0.0266119334846735,1.0000000000000002e-06
B,34,52,0.023394325748085976,1.0000000000000002e-06
B,34,53,0.021739225834608078,1.0000000000000002e-06
B,34,54,0.016642563045024872,1.0000000000000002e-06
B,34,55,0.022361064329743385,1.0000000000000002e-06
B,34,56,0.018236514180898666,1.0000000000000002e-06
B,34,57,0.02475445345044136,1.0000000000000002e-06
B,34,58,0.02673051320016384,1.0000000000000002e-06
B,34,59,0.03513314202427864,1.0000000000000002e-06
B,34,60,0.028835901990532875,1.0000000000000002e-06
B,34,61,0.015425887890160084,1.0000000000000002e-06
B,34,62,0.021640276536345482,1.0000000000000002e-06
B,34,63,0.022605925798416138,1.0000000000000002e-06
B,34,64,0.018542958423495293,1.0000000000000002e-06
B,34,65,0.026735326275229454,1.0000000000000002e-06
B,34,66,0.019750749692320824,1.0000000000000002e-06
B,34,67,0.038232993334531784,1.0000000000000002e-06
B,34,68,0.025993909686803818,1.0000000000000002e-06
B,34,69,0.026764793321490288,1.0000000000000002e-06
B,34,70,0.03558625653386116,1.0000000000000002e-06
B,34,71,0.02214812859892845,1.0000000000000002e-06
B,34,72,0.018160225823521614,1.0000000000000002e-06
B,34,73,0.022361891344189644,1.0000000000000002e-06
B,34,74,0.023430202156305313,1.0000000000000002e-06
B,34,75,0.026876354590058327,1.0000000000000002e-06
B,34,76,0.01823543943464756,1.0000000000000002e-06
B,34,77,0.019196733832359314,1.0000000000000002e-06
B,34,78,0.020295433700084686,1.0000000000000002e-06
B,34,79,0.01854274794459343,1.0000000000000002e-06
B,34,80,0.030841154977679253,1.0000000000000002e-06
B,34,81,0.02377272956073284,1.0000000000000002e-06
B,34,82,0.02072872593998909,1.0000000000000002e-06
B,34,83,0.03440419211983681,1.0000000000000002e-06
B,34,84,0.018679024651646614,1.0000000000000002e-06
B,34,85,0.02484377659857273,1.0000000000000002e-06
B,34,86,0.023153357207775116,1.0000000000000002e-06
B,34,87,0.011765217408537865,1.0000000000000002e-06
B,34,88,0.016396494582295418,1.0000000000000002e-06
B,34,89,0.01990966685116291,1.0000000000000002e-06
B,34,90,0.026242736726999283,1.0000000000000002e-06
B,34,91,0.02112538367509842,1.0000000000000002e-06
B,34,92,0.017297646030783653,1.0000000000000002e-06
B,34,93,0.01693347841501236,1.0000000000000002e-06
B,34,94,0.03404919430613518,1.0000000000000002e-06
B,34,95,0.021263379603624344,1.0000000000000002e-06
B,34,96,0.028033947572112083,1.0000000000000002e-06
B,34,97,0.02215116284787655,1.0000000000000002e-06
B,34,98,0.028611797839403152,1.0000000000000002e-06
B,35,0,0.011479188688099384,1.0000000000000002e-06
B,35,1,0.018152516335248947,1.0000000000000002e-06
B,35,2,0.01797788217663765,1.0000000000000002e-06
B,35,3,0.04037104919552803,1.0000000000000002e-06
B,35,4,0.01745973713696003,1.0000000000000002e-06
B,35,5,0.020834948867559433,1.0000000000000002e-06
B,35,6,0.018100587651133537,1.0000000000000002e-06
B,35,7,0.026873590424656868,1.0000000000000002e-06
B,35,8,0.03636128082871437,1.0000000000000002e-06
B,35,9,0.021980583667755127,1.0000000000000002e-06
B,35,10,0.021811336278915405,1.0000000000000002e-06
B,35,11,0.017941301688551903,1.0000000000000002e-06
B,35,12,0.026234881952404976,1.0000000000000002e-06
B,35,13,0.02687014453113079,1.0000000000000002e-06
B,35,14,0.026609551161527634,1.0000000000000002e-06
B,35,15,0.017868954688310623,1.0000000000000002e-06
B,35,16,0.01790519431233406,1.0000000000000002e-06
B,35,17,0.03422246128320694,1.0000000000000002e-06
B,35,18,0.024327237159013748,1.0000000000000002e-06
B,35,19,0.016838887706398964,1.0000000000000002e-06
B,35,20,0.029640482738614082,1.0000000000000002e-06
B,35,21,0.02883559837937355,1.0000000000000002e-06
B,35,22,0.015053910203278065,1.0000000000000002e-06
B,35,23,0.0197893176227808,1.0000000000000002e-06
B,35,24,0.017398983240127563,1.0000000000000002e-06
B,35,25,0.02719610556960106,1.0000000000000002e-06
B,35,26,0.024549957364797592,1.0000000000000002e-06
B,35,27,0.028407420963048935,1.0000000000000002e-06
B,35,28,0.03907240927219391,1.0000000000000002e-06
B,35,29,0.016373872756958008,1.0000000000000002e-06
B,35,30,0.02509370818734169,1.0000000000000002e-06
B,35,31,0.02584092691540718,1.0000000000000002e-06
B,35,32,0.01931590959429741,1.0000000000000002e-06
B,35,33,0.03201843798160553,1.0000000000000002e-06
B,35,34,0.021014617756009102,1.0000000000000002e-06
B,35,35,0.02089967578649521,1.0000000000000002e-06
B,35,36,0.024824706837534904,1.0000000000000002e-06
B,35,37,0.018795471638441086,1.0000000000000002e-06
B,35,38,0.030836228281259537,1.0000000000000002e-06
B,35,39,0.040027160197496414,1.0000000000000002e-06
B,35,40,0.019467178732156754,1.0000000000000002e-06
B,35,41,0.015472814440727234,1.0000000000000002e-06
B,35,42,0.031125785782933235,1.0000000000000002e-06
B,35,43,0.023439660668373108,1.0000000000000002e-06
B,35,44,0.017488351091742516,1.0000000000000002e-06
B,35,45,0.019618749618530273,1.0000000000000002e-06
B,35,46,0.03945421054959297,1.0000000000000002e-06
B,35,47,0.014802384190261364,1.0000000000000002e-06
B,35,48,0.01637265458703041,1.0000000000000002e-06
B,35,49,0.02478167973458767,1.0000000000000002e-06
B,35,50,0.020001152530312538,1.0000000000000002e-06
B,35,51,0.020571833476424217,1.0000000000000002e-06
B,35,52,0.0275689996778965,1.0000000000000002e-06
B,35,53,0.021745817735791206,1.0000000000000002e-06
B,35,54,0.017271997407078743,1.0000000000000002e-06
B,35,55,0.032604943960905075,1.0000000000000002e-06
B,35,56,0.020883722230792046,1.0000000000000002e-06
B,35,57,0.01128822285681963,1.0000000000000002e-06
B,35,58,0.024999987334012985,1.0000000000000002e-06
B,35,59,0.016012068837881088,1.0000000000000002e-06
B,35,60,0.026025788858532906,1.0000000000000002e-06
B,35,61,0.028611352667212486,1.0000000000000002e-06
B,35,62,0.014900284819304943,1.0000000000000002e-06
B,35,63,0.025486405938863754,1.0000000000000002e-06
B,35,64,0.021047955378890038,1.0000000000000002e-06
B,35,65,0.025485467165708542,1.0000000000000002e-06
B,35,66,0.020094409584999084,1.0000000000000002e-06
B,35,67,0.01675969734787941,1.0000000000000002e-06
B,35,68,0.019230592995882034,1.0000000000000002e-06
B,35,69,0.01218604575842619,1.0000000000000002e-06
B,35,70,0.03404197469353676,1.0000000000000002e-06
B,35,71,0.01729734055697918,1.0000000000000002e-06
B,35,72,0.025015579536557198,1.0000000000000002e-06
B,35,73,0.01950671337544918,1.0000000000000002e-06
B,35,74,0.01312282681465149,1.0000000000000002e-06
B,35,75,0.01615624688565731,1.0000000000000002e-06
B,35,76,0.026723414659500122,1.0000000000000002e-06
B,35,77,0.02748704142868519,1.0000000000000002e-06
B,35,78,0.017176836729049683,1.0000000000000002e-06
B,35,79,0.01839272677898407,1.0000000000000002e-06
B,35,80,0.02607026882469654,1.0000000000000002e-06
B,35,81,0.022016573697328568,1.0000000000000002e-06
B,35,82,0.014364168979227543,1.0000000000000002e-06
B,35,83,0.021323228254914284,1.0000000000000002e-06
B,35,84,0.023021167144179344,1.0000000000000002e-06
B,35,85,0.01807723008096218,1.0000000000000002e-06
B,35,86,0.025991933420300484,1.0000000000000002e-06
B,35,87,0.021039625629782677,1.0000000000000002e-06
B,35,88,0.03430084139108658,1.0000000000000002e-06
B,35,89,0.04310191422700882,1.0000000000000002e-06
B,35,90,0.014705383218824863,1.0000000000000002e-06
B,35,91,0.03557852283120155,1.0000000000000002e-06
B,35,92,0.0226016603410244,1.0000000000000002e-06
B,35,93,0.018877098336815834,1.0000000000000002e-06
B,35,94,0.01659049652516842,1.0000000000000002e-06
B,35,95,0.013977190479636192,1.0000000000000002e-06
B,35,96,0.01884348690509796,1.0000000000000002e-06
B,35,97,0.016855470836162567,1.0000000000000002e-06
B,35,98,0.024414991959929466,1.0000000000000002e-06
B,36,0,0.020746909081935883,1.0000000000000002e-06
B,36,1,0.03903518617153168,1.0000000000000002e-06
B,36,2,0.02054976113140583,1.0000000000000002e-06
B,36,3,0.014397002756595612,1.0000000000000002e-06
B,36,4,0.02368830516934395,1.0000000000000002e-06
B,36,5,0.012541546486318111,1.0000000000000002e-06
B,36,6,0.016112666577100754,1.0000000000000002e-06
B,36,7,0.023390935733914375,1.0000000000000002e-06
B,36,8,0.019770540297031403,1.0000000000000002e-06
B,36,9,0.021868141368031502,1.0000000000000002e-06
B,36,10,0.012251447886228561,1.0000000000000002e-06
B,36,11,0.026226582005620003,1.0000000000000002e-06
B,36,12,0.025360750034451485,1.0000000000000002e-06
B,36,13,0.02088838815689087,1.0000000000000002e-06
B,36,14,0.022519296035170555,1.0000000000000002e-06
B,36,15,0.021502451971173286,1.0000000000000002e-06
B,36,16,0.02725823223590851,1.0000000000000002e-06
B,36,17,0.01977269910275936,1.0000000000000002e-06
B,36,18,0.030933313071727753,1.0000000000000002e-06
B,36,19,0.016658468171954155,1.0000000000000002e-06
B,36,20,0.01874656230211258,1.0000000000000002e-06
B,36,21,0.020823583006858826,1.0000000000000002e-06
B,36,22,0.0325993150472641,1.0000000000000002e-06
B,36,23,0.03403263911604881,1.0000000000000002e-06
B,36,24,0.017612678930163383,1.0000000000000002e-06
B,36,25,0.030834835022687912,1.0000000000000002e-06
B,36,26,0.039071403443813324,1.0000000000000002e-06
B,36,27,0.021043069660663605,1.0000000000000002e-06
B,36,28,0.012703887186944485,1.0000000000000002e-06
B,36,29,0.015439932234585285,1.0000000000000002e-06
B,36,30,0.029642218723893166,1.0000000000000002e-06
B,36,31,0.019468974322080612,1.0000000000000002e-06
B,36,32,0.018180852755904198,1.0000000000000002e-06
B,36,33,0.028835400938987732,1.0000000000000002e-06
B,36,34,0.020562712103128433,1.0000000000000002e-06
B,36,35,0.017955558374524117,1.0000000000000002e-06
B,36,36,0.02547982707619667,1.0000000000000002e-06
B,36,37,0.01502232626080513,1.0000000000000002e-06
B,36,38,0.034650467336177826,1.0000000000000002e-06
B,36,39,0.01476436760276556,1.0000000000000002e-06
B,36,40,0.026718411594629288,1.0000000000000002e-06
B,36,41,0.035352159291505814,1.0000000000000002e-06
B,36,42,0.02837285026907921,1.0000000000000002e-06
B,36,43,0.0175281073898077,1.0000000000000002e-06
B,36,44,0.03506181389093399,1.0000000000000002e-06
B,36,45,0.017669567838311195,1.0000000000000002e-06
B,36,46,0.020637691020965576,1.0000000000000002e-06
B,36,47,0.03281280770897865,1.0000000000000002e-06
B,36,48,0.01816704124212265,1.0000000000000002e-06
B,36,49,0.017007002606987953,1.0000000000000002e-06
B,36,50,0.014106146059930325,1.0000000000000002e-06
B,36,51,0.01178794540464878,1.0000000000000002e-06
B,36,52,0.025990858674049377,1.0000000000000002e-06
B,36,53,0.02493155561387539,1.0000000000000002e-06
B,36,54,0.025090977549552917,1.0000000000000002e-06
B,36,55,0.023507017642259598,1.0000000000000002e-06
B,36,56,0.024599861353635788,1.0000000000000002e-06
B,36,57,0.01938539929687977,1.0000000000000002e-06
B,36,58,0.027190426364541054,1.0000000000000002e-06
B,36,59,0.023177843540906906,1.0000000000000002e-06
B,36,60,0.01769682951271534,1.0000000000000002e-06
B,36,61,0.03930780664086342,1.0000000000000002e-06
B,36,62,0.02260284125804901,1.0000000000000002e-06
B,36,63,0.0355721116065979,1.0000000000000002e-06
B,36,64,0.018388500437140465,1.0000000000000002e-06
B,36,65,0.0169820636510849,1.0000000000000002e-06
B,36,66,0.018688270822167397,1.0000000000000002e-06
B,36,67,0.017975537106394768,1.0000000000000002e-06
B,36,68,0.015169012360274792,1.0000000000000002e-06
B,36,69,0.014279107563197613,1.0000000000000002e-06
B,36,70,0.016886692494153976,1.0000000000000002e-06
B,36,71,0.02136997878551483,1.0000000000000002e-06
B,36,72,0.024609582498669624,1.0000000000000002e-06
B,36,73,0.018183546140789986,1.0000000000000002e-06
B,36,74,0.01644975133240223,1.0000000000000002e-06
B,36,75,0.02159188687801361,1.0000000000000002e-06
B,36,76,0.03801817074418068,1.0000000000000002e-06
B,36,77,0.025010932236909866,1.0000000000000002e-06
B,36,78,0.023407751694321632,1.0000000000000002e-06
B,36,79,0.016301745548844337,1.0000000000000002e-06
B,36,80,0.026864496991038322,1.0000000000000002e-06
B,36,81,0.02687063068151474,1.0000000000000002e-06
B,36,82,0.016820687800645828,1.0000000000000002e-06
B,36,83,0.017741788178682327,1.0000000000000002e-06
B,36,84,0.021492699161171913,1.0000000000000002e-06
B,36,85,0.019910650327801704,1.0000000000000002e-06
B,36,86,0.02859901450574398,1.0000000000000002e-06
B,36,87,0.016522089019417763,1.0000000000000002e-06
B,36,88,0.018131770193576813,1.0000000000000002e-06
B,36,89,0.024823307991027832,1.0000000000000002e-06
B,36,90,0.04572400823235512,1.0000000000000002e-06
B,36,91,0.02661384642124176,1.0000000000000002e-06
B,36,92,0.0242802444845438,1.0000000000000002e-06
B,36,93,0.018816085532307625,1.0000000000000002e-06
B,36,94,0.023586459457874298,1.0000000000000002e-06
B,36,95,0.025204643607139587,1.0000000000000002e-06
B,36,96,0.015950744971632957,1.0000000000000002e-06
B,36,97,0.016999542713165283,1.0000000000000002e-06
B,36,98,0.024079713970422745,1.0000000000000002e-06
B,37,0,0.014632584527134895,1.0000000000000002e-06
B,37,1,0.043434564024209976,1.0000000000000002e-06
B,37,2,0.020122647285461426,1.0000000000000002e-06
B,37,3,0.016943350434303284,1.0000000000000002e-06
B,37,4,0.018369441851973534,1.0000000000000002e-06
B,37,5,0.029632842168211937,1.0000000000000002e-06
B,37,6,0.017163466662168503,1.0000000000000002e-06
B,37,7,0.035732585936784744,1.0000000000000002e-06
B,37,8,0.014547663740813732,1.0000000000000002e-06
B,37,9,0.03924960643053055,1.0000000000000002e-06
B,37,10,0.015946663916110992,1.0000000000000002e-06
B,37,11,0.02215295471251011,1.0000000000000002e-06
B,37,12,0.01635078340768814,1.0000000000000002e-06
B,37,13,0.03521586209535599,1.0000000000000002e-06
B,37,14,0.01742870733141899,1.0000000000000002e-06
B,37,15,0.032595328986644745,1.0000000000000002e-06
B,37,16,0.022560643032193184,1.0000000000000002e-06
B,37,17,0.03114207461476326,1.0000000000000002e-06
B,37,18,0.026227081194519997,1.0000000000000002e-06
B,37,19,0.030839640647172928,1.0000000000000002e-06
B,37,20,0.025086592882871628,1.0000000000000002e-06
B,37,21,0.025478430092334747,1.0000000000000002e-06
B,37,22,0.012741267681121826,1.0000000000000002e-06
B,37,23,0.024577206000685692,1.0000000000000002e-06
B,37,24,0.0170262660831213,1.0000000000000002e-06
B,37,25,0.0188116617500782,1.0000000000000002e-06
B,37,26,0.025179408490657806,1.0000000000000002e-06
B,37,27,0.02706756256520748,1.0000000000000002e-06
B,37,28,0.02220887318253517,1.0000000000000002e-06
B,37,29,0.022599438205361366,1.0000000000000002e-06
B,37,30,0.018984060734510422,1.0000000000000002e-06
B,37,31,0.019117025658488274,1.0000000000000002e-06
B,37,32,0.03402445837855339,1.0000000000000002e-06
B,37,33,0.01658564619719982,1.0000000000000002e-06
B,37,34,0.019458483904600143,1.0000000000000002e-06
B,37,35,0.02324516884982586,1.0000000000000002e-06
B,37,36,0.011871729977428913,1.0000000000000002e-06
B,37,37,0.021598007529973984,1.0000000000000002e-06
B,37,38,0.020024141296744347,1.0000000000000002e-06
B,37,39,0.025058379396796227,1.0000000000000002e-06
B,37,40,0.027711624279618263,1.0000000000000002e-06
B,37,41,0.023404864594340324,1.0000000000000002e-06
B,37,42,0.016050711274147034,1.0000000000000002e-06
B,37,43,0.03750694915652275,1.0000000000000002e-06
B,37,44,0.020977675914764404,1.0000000000000002e-06
B,37,45,0.028417333960533142,1.0000000000000002e-06
B,37,46,0.01835896633565426,1.0000000000000002e-06
B,37,47,0.020300976932048798,1.0000000000000002e-06
B,37,48,0.015134372748434544,1.0000000000000002e-06
B,37,49,0.021157806739211082,1.0000000000000002e-06
B,37,50,0.01437373273074627,1.0000000000000002e-06
B,37,51,0.01983250305056572,1.0000000000000002e-06
B,37,52,0.018383624032139778,1.0000000000000002e-06
B,37,53,0.025007374584674835,1.0000000000000002e-06
B,37,54,0.01914510689675808,1.0000000000000002e-06
B,37,55,0.033893585205078125,1.0000000000000002e-06
B,37,56,0.01764138601720333,1.0000000000000002e-06
B,37,57,0.028826020658016205,1.0000000000000002e-06
B,37,58,0.017518099397420883,1.0000000000000002e-06
B,37,59,0.019989514723420143,1.0000000000000002e-06
B,37,60,0.026868440210819244,1.0000000000000002e-06
B,37,61,0.016366317868232727,1.0000000000000002e-06
B,37,62,0.023111429065465927,1.0000000000000002e-06
B,37,63,0.018604744225740433,1.0000000000000002e-06
B,37,64,0.014181733131408691,1.0000000000000002e-06
B,37,65,0.02718392387032509,1.0000000000000002e-06
B,37,66,0.025630749762058258,1.0000000000000002e-06
B,37,67,0.024245677515864372,1.0000000000000002e-06
B,37,68,0.016149692237377167,1.0000000000000002e-06
B,37,69,0.015501879155635834,1.0000000000000002e-06
B,37,70,0.040144726634025574,1.0000000000000002e-06
B,37,71,0.022496378049254417,1.0000000000000002e-06
B,37,72,0.017340730875730515,1.0000000000000002e-06
B,37,73,0.018697375431656837,1.0000000000000002e-06
B,37,74,0.022434737533330917,1.0000000000000002e-06
B,37,75,0.021696416661143303,1.0000000000000002e-06
B,37,76,0.020351918414235115,1.0000000000000002e-06
B,37,77,0.0327003076672554,1.0000000000000002e-06
B,37,78,0.015199062414467335,1.0000000000000002e-06
B,37,79,0.017967205494642258,1.0000000000000002e-06
B,37,80,0.04155448451638222,1.0000000000000002e-06
B,37,81,0.02219150774180889,1.0000000000000002e-06
B,37,82,0.02671371027827263,1.0000000000000002e-06
B,37,83,0.02661804109811783,1.0000000000000002e-06
B,37,84,0.012018851935863495,1.0000000000000002e-06
B,37,85,0.03556680306792259,1.0000000000000002e-06
B,37,86,0.02166127786040306,1.0000000000000002e-06
B,37,87,0.02685779146850109,1.0000000000000002e-06
B,37,88,0.023159371688961983,1.0000000000000002e-06
B,37,89,0.03084104135632515,1.0000000000000002e-06
B,37,90,0.025986554101109505,1.0000000000000002e-06
B,37,91,0.024568820372223854,1.0000000000000002e-06
B,37,92,0.018198883160948753,1.0000000000000002e-06
B,37,93,0.028591766953468323,1.0000000000000002e-06
B,37,94,0.017129579558968544,1.0000000000000002e-06
B,37,95,0.020035885274410248,1.0000000000000002e-06
B,37,96,0.013083561323583126,1.0000000000000002e-06
B,37,97,0.014264875091612339,1.0000000000000002e-06
B,37,98,0.020794836804270744,1.0000000000000002e-06
B,38,0,0.015234969556331635,1.0000000000000002e-06
B,38,1,0.04057140275835991,1.0000000000000002e-06
B,38,2,0.021697120741009712,1.0000000000000002e-06
B,38,3,0.03125440701842308,1.0000000000000002e-06
B,38,4,0.023977167904376984,1.0000000000000002e-06
B,38,5,0.01472837757319212,1.0000000000000002e-06
B,38,6,0.016381612047553062,1.0000000000000002e-06
B,38,7,0.03556492552161217,1.0000000000000002e-06
B,38,8,0.017577361315488815,1.0000000000000002e-06
B,38,9,0.0115101533010602,1.0000000000000002e-06
B,38,10,0.01945413276553154,1.0000000000000002e-06
B,38,11,0.04009495675563812,1.0000000000000002e-06
B,38,12,0.03292601555585861,1.0000000000000002e-06
B,38,13,0.024134773761034012,1.0000000000000002e-06
B,38,14,0.02027151919901371,1.0000000000000002e-06
B,38,15,0.01705031655728817,1.0000000000000002e-06
B,38,16,0.032593850046396255,1.0000000000000002e-06
B,38,17,0.01757783442735672,1.0000000000000002e-06
B,38,18,0.0241767056286335,1.0000000000000002e-06
B,38,19,0.015495991334319115,1.0000000000000002e-06
B,38,20,0.0165272057056427,1.0000000000000002e-06
B,38,21,0.026706745848059654,1.0000000000000002e-06
B,38,22,0.017678068950772285,1.0000000000000002e-06
B,38,23,0.019529862329363823,1.0000000000000002e-06
B,38,24,0.023128530010581017,1.0000000000000002e-06
B,38,25,0.020641198381781578,1.0000000000000002e-06
B,38,26,0.01623501442372799,1.0000000000000002e-06
B,38,27,0.026602106168866158,1.0000000000000002e-06
B,38,28,0.024794304743409157,1.0000000000000002e-06
B,38,29,0.01684788428246975,1.0000000000000002e-06
B,38,30,0.028661973774433136,1.0000000000000002e-06
B,38,31,0.01909220777451992,1.0000000000000002e-06
B,38,32,0.025980429723858833,1.0000000000000002e-06
B,38,33,0.02106182463467121,1.0000000000000002e-06
B,38,34,0.028826428577303886,1.0000000000000002e-06
B,38,35,0.012701920233666897,1.0000000000000002e-06
B,38,36,0.035532377660274506,1.0000000000000002e-06
B,38,37,0.02003636211156845,1.0000000000000002e-06
B,38,38,0.014857055619359016,1.0000000000000002e-06
B,38,39,0.025807995349168777,1.0000000000000002e-06
B,38,40,0.0242382250726223,1.0000000000000002e-06
B,38,41,0.03801823779940605,1.0000000000000002e-06
B,38,42,0.034081269055604935,1.0000000000000002e-06
B,38,43,0.016628514975309372,1.0000000000000002e-06
B,38,44,0.026850828900933266,1.0000000000000002e-06
B,38,45,0.01183310803025961,1.0000000000000002e-06
B,38,46,0.018385667353868484,1.0000000000000002e-06
B,38,47,0.022596972063183784,1.0000000000000002e-06
B,38,48,0.024137360975146294,1.0000000000000002e-06
B,38,49,0.019106099382042885,1.0000000000000002e-06
B,38,50,0.043540697544813156,1.0000000000000002e-06
B,38,51,0.025467880070209503,1.0000000000000002e-06
B,38,52,0.012455271556973457,1.0000000000000002e-06
B,38,53,0.019457900896668434,1.0000000000000002e-06
B,38,54,0.020260686054825783,1.0000000000000002e-06
B,38,55,0.020194148644804955,1.0000000000000002e-06
B,38,56,0.016118675470352173,1.0000000000000002e-06
B,38,57,0.02106437273323536,1.0000000000000002e-06
B,38,58,0.02069568820297718,1.0000000000000002e-06
B,38,59,0.018157321959733963,1.0000000000000002e-06
B,38,60,0.022961437702178955,1.0000000000000002e-06
B,38,61,0.025020267814397812,1.0000000000000002e-06
B,38,62,0.02858915366232395,1.0000000000000002e-06
B,38,63,0.03944054991006851,1.0000000000000002e-06
B,38,64,0.017295751720666885,1.0000000000000002e-06
B,38,65,0.02085697092115879,1.0000000000000002e-06
B,38,66,0.021338151767849922,1.0000000000000002e-06
B,38,67,0.02054339461028576,1.0000000000000002e-06
B,38,68,0.024830613285303116,1.0000000000000002e-06
B,38,69,0.018736833706498146,1.0000000000000002e-06
B,38,70,0.014483010396361351,1.0000000000000002e-06
B,38,71,0.01855858787894249,1.0000000000000002e-06
B,38,72,0.03544873744249344,1.0000000000000002e-06
B,38,73,0.03082416206598282,1.0000000000000002e-06
B,38,74,0.026866750791668892,1.0000000000000002e-06
B,38,75,0.01647476851940155,1.0000000000000002e-06
B,38,76,0.025002824142575264,1.0000000000000002e-06
B,38,77,0.020948754623532295,1.0000000000000002e-06
B,38,78,0.019599316641688347,1.0000000000000002e-06
B,38,79,0.025084462016820908,1.0000000000000002e-06
B,38,80,0.018316863104701042,1.0000000000000002e-06
B,38,81,0.018716176971793175,1.0000000000000002e-06
B,38,82,0.018367953598499298,1.0000000000000002e-06
B,38,83,0.023088805377483368,1.0000000000000002e-06
B,38,84,0.018108561635017395,1.0000000000000002e-06
B,38,85,0.027341235429048538,1.0000000000000002e-06
B,38,86,0.028380727395415306,1.0000000000000002e-06
B,38,87,0.020163726061582565,1.0000000000000002e-06
B,38,88,0.029629036784172058,1.0000000000000002e-06
B,38,89,0.022430304437875748,1.0000000000000002e-06
B,38,90,0.017962971702218056,1.0000000000000002e-06
B,38,91,0.014450103044509888,1.0000000000000002e-06
B,38,92,0.034020669758319855,1.0000000000000002e-06
B,38,93,0.014194228686392307,1.0000000000000002e-06
B,38,94,0.02717822976410389,1.0000000000000002e-06
B,38,95,0.015037771314382553,1.0000000000000002e-06
B,38,96,0.017965765669941902,1.0000000000000002e-06
B,38,97,0.02622947469353676,1.0000000000000002e-06
B,38,98,0.022608425468206406,1.0000000000000002e-06
B,39,0,0.022471953183412552,1.0000000000000002e-06
B,39,1,0.0244063138961792,1.0000000000000002e-06
B,39,2,0.012654726393520832,1.0000000000000002e-06
B,39,3,0.023838665336370468,1.0000000000000002e-06
B,39,4,0.033579450100660324,1.0000000000000002e-06
B,39,5,0.013133895583450794,1.0000000000000002e-06
B,39,6,0.025080105289816856,1.0000000000000002e-06
B,39,7,0.019903987646102905,1.0000000000000002e-06
B,39,8,0.0259739737957716,1.0000000000000002e-06
B,39,9,0.019823772832751274,1.0000000000000002e-06
B,39,10,0.017608236521482468,1.0000000000000002e-06
B,39,11,0.018627813085913658,1.0000000000000002e-06
B,39,12,0.026221681386232376,1.0000000000000002e-06
B,39,13,0.025467876344919205,1.0000000000000002e-06
B,39,14,0.018215160816907883,1.0000000000000002e-06
B,39,15,0.01845088228583336,1.0000000000000002e-06
B,39,16,0.01795962266623974,1.0000000000000002e-06
B,39,17,0.018600821495056152,1.0000000000000002e-06
B,39,18,0.02172202616930008,1.0000000000000002e-06
B,39,19,0.019873326644301414,1.0000000000000002e-06
B,39,20,0.026601377874612808,1.0000000000000002e-06
B,39,21,0.0183726754039526,1.0000000000000002e-06
B,39,22,0.01967609114944935,1.0000000000000002e-06
B,39,23,0.045247290283441544,1.0000000000000002e-06
B,39,24,0.02128017321228981,1.0000000000000002e-06
B,39,25,0.02684563770890236,1.0000000000000002e-06
B,39,26,0.016516653820872307,1.0000000000000002e-06
B,39,27,0.028815580531954765,1.0000000000000002e-06
B,39,28,0.0329144187271595,1.0000000000000002e-06
B,39,29,0.016162289306521416,1.0000000000000002e-06
B,39,30,0.02075911872088909,1.0000000000000002e-06
B,39,31,0.02036227658390999,1.0000000000000002e-06
B,39,32,0.02669895812869072,1.0000000000000002e-06
B,39,33,0.016323713585734367,1.0000000000000002e-06
B,39,34,0.030820464715361595,1.0000000000000002e-06
B,39,35,0.019451715052127838,1.0000000000000002e-06
B,39,36,0.024934984743595123,1.0000000000000002e-06
B,39,37,0.018384475260972977,1.0000000000000002e-06
B,39,38,0.022537091746926308,1.0000000000000002e-06
B,39,39,0.028951363638043404,1.0000000000000002e-06
B,39,40,0.03357190638780594,1.0000000000000002e-06
B,39,41,0.02499469742178917,1.0000000000000002e-06
B,39,42,0.01656222529709339,1.0000000000000002e-06
B,39,43,0.019895117729902267,1.0000000000000002e-06
B,39,44,0.03556191548705101,1.0000000000000002e-06
B,39,45,0.032595109194517136,1.0000000000000002e-06
B,39,46,0.015258793719112873,1.0000000000000002e-06
B,39,47,0.034008875489234924,1.0000000000000002e-06
B,39,48,0.02686300501227379,1.0000000000000002e-06
B,39,49,0.01819692924618721,1.0000000000000002e-06
B,39,50,0.0389862135052681,1.0000000000000002e-06
B,39,51,0.013837695121765137,1.0000000000000002e-06
B,39,52,0.026441585272550583,1.0000000000000002e-06
B,39,53,0.028209300711750984,1.0000000000000002e-06
B,39,54,0.022265300154685974,1.0000000000000002e-06
B,39,55,0.03867015242576599,1.0000000000000002e-06
B,39,56,0.021115081384778023,1.0000000000000002e-06
B,39,57,0.011267850175499916,1.0000000000000002e-06
B,39,58,0.023785395547747612,1.0000000000000002e-06
B,39,59,0.01932787522673607,1.0000000000000002e-06
B,39,60,0.018510160967707634,1.0000000000000002e-06
B,39,61,0.012186622247099876,1.0000000000000002e-06
B,39,62,0.01672721654176712,1.0000000000000002e-06
B,39,63,0.016913102939724922,1.0000000000000002e-06
B,39,64,0.018040068447589874,1.0000000000000002e-06
B,39,65,0.02041766047477722,1.0000000000000002e-06
B,39,66,0.03146325424313545,1.0000000000000002e-06
B,39,67,0.020468903705477715,1.0000000000000002e-06
B,39,68,0.04108000546693802,1.0000000000000002e-06
B,39,69,0.020290106534957886,1.0000000000000002e-06
B,39,70,0.016375945881009102,1.0000000000000002e-06
B,39,71,0.02434796467423439,1.0000000000000002e-06
B,39,72,0.020463403314352036,1.0000000000000002e-06
B,39,73,0.017305828630924225,1.0000000000000002e-06
B,39,74,0.02962523140013218,1.0000000000000002e-06
B,39,75,0.014655615203082561,1.0000000000000002e-06
B,39,76,0.020270248875021935,1.0000000000000002e-06
B,39,77,0.020824383944272995,1.0000000000000002e-06
B,39,78,0.019952978938817978,1.0000000000000002e-06
B,39,79,0.02717461623251438,1.0000000000000002e-06
B,39,80,0.021788176149129868,1.0000000000000002e-06
B,39,81,0.014515748247504234,1.0000000000000002e-06
B,39,82,0.017688455060124397,1.0000000000000002e-06
B,39,83,0.023914186283946037,1.0000000000000002e-06
B,39,84,0.016828740015625954,1.0000000000000002e-06
B,39,85,0.02564075216650963,1.0000000000000002e-06
B,39,86,0.017480725422501564,1.0000000000000002e-06
B,39,87,0.026190441101789474,1.0000000000000002e-06
B,39,88,0.015642361715435982,1.0000000000000002e-06
B,39,89,0.03930440545082092,1.0000000000000002e-06
B,39,90,0.016481857746839523,1.0000000000000002e-06
B,39,91,0.02258889190852642,1.0000000000000002e-06
B,39,92,0.028400523588061333,1.0000000000000002e-06
B,39,93,0.01978423073887825,1.0000000000000002e-06
B,39,94,0.03531266003847122,1.0000000000000002e-06
B,39,95,0.01460136566311121,1.0000000000000002e-06
B,39,96,0.016894208267331123,1.0000000000000002e-06
B,39,97,0.02858778089284897,1.0000000000000002e-06
B,39,98,0.01793218031525612,1.0000000000000002e-06
B,40,0,0.030869511887431145,1.0000000000000002e-07
B,40,1,0.017982561141252518,1.0000000000000002e-07
B,40,2,0.023658983409404755,1.0000000000000002e-07
B,40,3,0.026858048513531685,1.0000000000000002e-07
B,40,4,0.023387445136904716,1.0000000000000002e-07
B,40,5,0.022121503949165344,1.0000000000000002e-07
B,40,6,0.03108975477516651,1.0000000000000002e-07
B,40,7,0.02260238118469715,1.0000000000000002e-07
B,40,8,0.018797045573592186,1.0000000000000002e-07
B,40,9,0.02134288102388382,1.0000000000000002e-07
B,40,10,0.014723400585353374,1.0000000000000002e-07
B,40,11,0.01712457276880741,1.0000000000000002e-07
B,40,12,0.02659514918923378,1.0000000000000002e-07
B,40,13,0.02438749000430107,1.0000000000000002e-07
B,40,14,0.026695342734456062,1.0000000000000002e-07
B,40,15,0.01737307757139206,1.0000000000000002e-07
B,40,16,0.026590362191200256,1.0000000000000002e-07
B,40,17,0.018380964174866676,1.0000000000000002e-07
B,40,18,0.018443923443555832,1.0000000000000002e-07
B,40,19,0.022586533799767494,1.0000000000000002e-07
B,40,20,0.025970226153731346,1.0000000000000002e-07
B,40,21,0.03984026238322258,1.0000000000000002e-07
B,40,22,0.018697036430239677,1.0000000000000002e-07
B,40,23,0.022499416023492813,1.0000000000000002e-07
B,40,24,0.016777632758021355,1.0000000000000002e-07
B,40,25,0.026841163635253906,1.0000000000000002e-07
B,40,26,0.01577693223953247,1.0000000000000002e-07
B,40,27,0.021439358592033386,1.0000000000000002e-07
B,40,28,0.017955439165234566,1.0000000000000002e-07
B,40,29,0.01925399899482727,1.0000000000000002e-07
B,40,30,0.02405916526913643,1.0000000000000002e-07
B,40,31,0.03979004546999931,1.0000000000000002e-07
B,40,32,0.020544391125440598,1.0000000000000002e-07
B,40,33,0.01484703365713358,1.0000000000000002e-07
B,40,34,0.021664828062057495,1.0000000000000002e-07
B,40,35,0.025407850742340088,1.0000000000000002e-07
B,40,36,0.017218679189682007,1.0000000000000002e-07
B,40,37,0.02208762802183628,1.0000000000000002e-07
B,40,38,0.019442806020379066,1.0000000000000002e-07
B,40,39,0.0286022387444973,1.0000000000000002e-07
B,40,40,0.016071874648332596,1.0000000000000002e-07
B,40,41,0.01910046860575676,1.0000000000000002e-07
B,40,42,0.025461023673415184,1.0000000000000002e-07
B,40,43,0.011686339043080807,1.0000000000000002e-07
B,40,44,0.012065437622368336,1.0000000000000002e-07
B,40,45,0.019701534882187843,1.0000000000000002e-07
B,40,46,0.019977591931819916,1.0000000000000002e-07
B,40,47,0.020584695041179657,1.0000000000000002e-07
B,40,48,0.019304387271404266,1.0000000000000002e-07
B,40,49,0.02858630195260048,1.0000000000000002e-07
B,40,50,0.01844361610710621,1.0000000000000002e-07
B,40,51,0.013423873111605644,1.0000000000000002e-07
B,40,52,0.018105516210198402,1.0000000000000002e-07
B,40,53,0.015613272786140442,1.0000000000000002e-07
B,40,54,0.03400961309671402,1.0000000000000002e-07
B,40,55,0.03927241638302803,1.0000000000000002e-07
B,40,56,0.02507656067609787,1.0000000000000002e-07
B,40,57,0.014921932481229305,1.0000000000000002e-07
B,40,58,0.023615263402462006,1.0000000000000002e-07
B,40,59,0.022674204781651497,1.0000000000000002e-07
B,40,60,0.02413153275847435,1.0000000000000002e-07
B,40,61,0.03555656597018242,1.0000000000000002e-07
B,40,62,0.02367408573627472,1.0000000000000002e-07
B,40,63,0.016057245433330536,1.0000000000000002e-07
B,40,64,0.02499084174633026,1.0000000000000002e-07
B,40,65,0.022456182166934013,1.0000000000000002e-07
B,40,66,0.017008692026138306,1.0000000000000002e-07
B,40,67,0.02757122740149498,1.0000000000000002e-07
B,40,68,0.020226750522851944,1.0000000000000002e-07
B,40,69,0.025340311229228973,1.0000000000000002e-07
B,40,70,0.03204433247447014,1.0000000000000002e-07
B,40,71,0.016451023519039154,1.0000000000000002e-07
B,40,72,0.036597710102796555,1.0000000000000002e-07
B,40,73,0.019772246479988098,1.0000000000000002e-07
B,40,74,0.01728915050625801,1.0000000000000002e-07
B,40,75,0.02880949340760708,1.0000000000000002e-07
B,40,76,0.01930128037929535,1.0000000000000002e-07
B,40,77,0.045130740851163864,1.0000000000000002e-07
B,40,78,0.024002593010663986,1.0000000000000002e-07
B,40,79,0.016923783347010612,1.0000000000000002e-07
B,40,80,0.016402050852775574,1.0000000000000002e-07
B,40,81,0.01355099119246006,1.0000000000000002e-07
B,40,82,0.016766509041190147,1.0000000000000002e-07
B,40,83,0.027167342603206635,1.0000000000000002e-07
B,40,84,0.016114335507154465,1.0000000000000002e-07
B,40,85,0.03542641922831535,1.0000000000000002e-07
B,40,86,0.03980642557144165,1.0000000000000002e-07
B,40,87,0.021122533828020096,1.0000000000000002e-07
B,40,88,0.018372496590018272,1.0000000000000002e-07
B,40,89,0.018288038671016693,1.0000000000000002e-07
B,40,90,0.017263054847717285,1.0000000000000002e-07
B,40,91,0.026218747720122337,1.0000000000000002e-07
B,40,92,0.0308151226490736,1.0000000000000002e-07
B,40,93,0.029617955908179283,1.0000000000000002e-07
B,40,94,0.018247472122311592,1.0000000000000002e-07
B,40,95,0.012845931574702263,1.0000000000000002e-07
B,40,96,0.016357436776161194,1.0000000000000002e-07
B,40,97,0.03259064257144928,1.0000000000000002e-07
B,40,98,0.014460470527410507,1.0000000000000002e-07
B,41,0,0.02355828694999218,1.0000000000000002e-07
B,41,1,0.016710642725229263,1.0000000000000002e-07
B,41,2,0.025362765416502953,1.0000000000000002e-07
B,41,3,0.020274225622415543,1.0000000000000002e-07
B,41,4,0.01373701449483633,1.0000000000000002e-07
B,41,5,0.034571800380945206,1.0000000000000002e-07
B,41,6,0.02858571708202362,1.0000000000000002e-07
B,41,7,0.011722964234650135,1.0000000000000002e-07
B,41,8,0.02961738035082817,1.0000000000000002e-07
B,41,9,0.011617002077400684,1.0000000000000002e-07
B,41,10,0.027699444442987442,1.0000000000000002e-07
B,41,11,0.014826931059360504,1.0000000000000002e-07
B,41,12,0.021056680008769035,1.0000000000000002e-07
B,41,13,0.022271065041422844,1.0000000000000002e-07
B,41,14,0.019442347809672356,1.0000000000000002e-07
B,41,15,0.026435570791363716,1.0000000000000002e-07
B,41,16,0.016664516180753708,1.0000000000000002e-07
B,41,17,0.022991983219981194,1.0000000000000002e-07
B,41,18,0.03810366615653038,1.0000000000000002e-07
B,41,19,0.02122657187283039,1.0000000000000002e-07
B,41,20,0.022553618997335434,1.0000000000000002e-07
B,41,21,0.0308146420866251,1.0000000000000002e-07
B,41,22,0.02216353453695774,1.0000000000000002e-07
B,41,23,0.026840664446353912,1.0000000000000002e-07
B,41,24,0.02621864527463913,1.0000000000000002e-07
B,41,25,0.02669452503323555,1.0000000000000002e-07
B,41,26,0.01409262977540493,1.0000000000000002e-07
B,41,27,0.02596944570541382,1.0000000000000002e-07
B,41,28,0.022585926577448845,1.0000000000000002e-07
B,41,29,0.017947806045413017,1.0000000000000002e-07
B,41,30,0.02341315522789955,1.0000000000000002e-07
B,41,31,0.016085388138890266,1.0000000000000002e-07
B,41,32,0.019371740520000458,1.0000000000000002e-07
B,41,33,0.012185348197817802,1.0000000000000002e-07
B,41,34,0.026570094749331474,1.0000000000000002e-07
B,41,35,0.020278358832001686,1.0000000000000002e-07
B,41,36,0.021907242015004158,1.0000000000000002e-07
B,41,37,0.0394035205245018,1.0000000000000002e-07
B,41,38,0.018282487988471985,1.0000000000000002e-07
B,41,39,0.04305809363722801,1.0000000000000002e-07
B,41,40,0.020475175231695175,1.0000000000000002e-07
B,41,41,0.01899663731455803,1.0000000000000002e-07
B,41,42,0.012738609686493874,1.0000000000000002e-07
B,41,43,0.017569338902831078,1.0000000000000002e-07
B,41,44,0.0346732921898365,1.0000000000000002e-07
B,41,45,0.017030881717801094,1.0000000000000002e-07
B,41,46,0.018618298694491386,1.0000000000000002e-07
B,41,47,0.017563270404934883,1.0000000000000002e-07
B,41,48,0.018372150138020515,1.0000000000000002e-07
B,41,49,0.025460239499807358,1.0000000000000002e-07
B,41,50,0.025859972462058067,1.0000000000000002e-07
B,41,51,0.024696920067071915,1.0000000000000002e-07
B,41,52,0.02659372054040432,1.0000000000000002e-07
B,41,53,0.01795537769794464,1.0000000000000002e-07
B,41,54,0.013496041297912598,1.0000000000000002e-07
B,41,55,0.01465922687202692,1.0000000000000002e-07
B,41,56,0.02373894676566124,1.0000000000000002e-07
B,41,57,0.018363768234848976,1.0000000000000002e-07
B,41,58,0.027167122811079025,1.0000000000000002e-07
B,41,59,0.039040397852659225,1.0000000000000002e-07
B,41,60,0.03555610775947571,1.0000000000000002e-07
B,41,61,0.020579744130373,1.0000000000000002e-07
B,41,62,0.023256784304976463,1.0000000000000002e-07
B,41,63,0.019410228356719017,1.0000000000000002e-07
B,41,64,0.029469933360815048,1.0000000000000002e-07
B,41,65,0.02499012090265751,1.0000000000000002e-07
B,41,66,0.024826563894748688,1.0000000000000002e-07
B,41,67,0.026857733726501465,1.0000000000000002e-07
B,41,68,0.022533148527145386,1.0000000000000002e-07
B,41,69,0.020200097933411598,1.0000000000000002e-07
B,41,70,0.031198574230074883,1.0000000000000002e-07
B,41,71,0.016297485679388046,1.0000000000000002e-07
B,41,72,0.03400927782058716,1.0000000000000002e-07
B,41,73,0.025076158344745636,1.0000000000000002e-07
B,41,74,0.026940898969769478,1.0000000000000002e-07
B,41,75,0.020571820437908173,1.0000000000000002e-07
B,41,76,0.021642886102199554,1.0000000000000002e-07
B,41,77,0.032590094953775406,1.0000000000000002e-07
B,41,78,0.019294166937470436,1.0000000000000002e-07
B,41,79,0.017468445003032684,1.0000000000000002e-07
B,41,80,0.017734242603182793,1.0000000000000002e-07
B,41,81,0.01741369627416134,1.0000000000000002e-07
B,41,82,0.016786932945251465,1.0000000000000002e-07
B,41,83,0.018045853823423386,1.0000000000000002e-07
B,41,84,0.020877700299024582,1.0000000000000002e-07
B,41,85,0.028809117153286934,1.0000000000000002e-07
B,41,86,0.031358808279037476,1.0000000000000002e-07
B,41,87,0.01828954368829727,1.0000000000000002e-07
B,41,88,0.023036714643239975,1.0000000000000002e-07
B,41,89,0.02452552504837513,1.0000000000000002e-07
B,41,90,0.0191021915525198,1.0000000000000002e-07
B,41,91,0.01624959148466587,1.0000000000000002e-07
B,41,92,0.016440944746136665,1.0000000000000002e-07
B,41,93,0.015221484005451202,1.0000000000000002e-07
B,41,94,0.0392703041434288,1.0000000000000002e-07
B,41,95,0.016512315720319748,1.0000000000000002e-07
B,41,96,0.01617102511227131,1.0000000000000002e-07
B,41,97,0.01776912994682789,1.0000000000000002e-07
B,41,98,0.020115170627832413,1.0000000000000002e-07
B,42,0,0.01607910729944706,1.0000000000000002e-07
B,42,1,0.025075623765587807,1.0000000000000002e-07
B,42,2,0.024989798665046692,1.0000000000000002e-07
B,42,3,0.0197413582354784,1.0000000000000002e-07
B,42,4,0.025969214737415314,1.0000000000000002e-07
B,42,5,0.033867523074150085,1.0000000000000002e-07
B,42,6,0.016457069665193558,1.0000000000000002e-07
B,42,7,0.021892346441745758,1.0000000000000002e-07
B,42,8,0.015603951178491116,1.0000000000000002e-07
B,42,9,0.021854393184185028,1.0000000000000002e-07
B,42,10,0.02230955846607685,1.0000000000000002e-07
B,42,11,0.039560381323099136,1.0000000000000002e-07
B,42,12,0.02644515223801136,1.0000000000000002e-07
B,42,13,0.017439162358641624,1.0000000000000002e-07
B,42,14,0.02050638012588024,1.0000000000000002e-07
B,42,15,0.01257660984992981,1.0000000000000002e-07
B,42,16,0.024268433451652527,1.0000000000000002e-07
B,42,17,0.029616812244057655,1.0000000000000002e-07
B,42,18,0.025429844856262207,1.0000000000000002e-07
B,42,19,0.020485123619437218,1.0000000000000002e-07
B,42,20,0.0245098527520895,1.0000000000000002e-07
B,42,21,0.018375631421804428,1.0000000000000002e-07
B,42,22,0.026593824848532677,1.0000000000000002e-07
B,42,23,0.018728554248809814,1.0000000000000002e-07
B,42,24,0.04050435498356819,1.0000000000000002e-07
B,42,25,0.028584647923707962,1.0000000000000002e-07
B,42,26,0.0400780625641346,1.0000000000000002e-07
B,42,27,0.016529735177755356,1.0000000000000002e-07
B,42,28,0.017796728760004044,1.0000000000000002e-07
B,42,29,0.019258340820670128,1.0000000000000002e-07
B,42,30,0.016063103452324867,1.0000000000000002e-07
B,42,31,0.015099850483238697,1.0000000000000002e-07
B,42,32,0.01932428777217865,1.0000000000000002e-07
B,42,33,0.026217658072710037,1.0000000000000002e-07
B,42,34,0.02183797024190426,1.0000000000000002e-07
B,42,35,0.01626424491405487,1.0000000000000002e-07
B,42,36,0.022379599511623383,1.0000000000000002e-07
B,42,37,0.019230268895626068,1.0000000000000002e-07
B,42,38,0.02342124655842781,1.0000000000000002e-07
B,42,39,0.016886433586478233,1.0000000000000002e-07
B,42,40,0.011559410952031612,1.0000000000000002e-07
B,42,41,0.017834696918725967,1.0000000000000002e-07
B,42,42,0.026693817228078842,1.0000000000000002e-07
B,42,43,0.018372299149632454,1.0000000000000002e-07
B,42,44,0.015663346275687218,1.0000000000000002e-07
B,42,45,0.026857459917664528,1.0000000000000002e-07
B,42,46,0.02069193683564663,1.0000000000000002e-07
B,42,47,0.017313582822680473,1.0000000000000002e-07
B,42,48,0.013987316749989986,1.0000000000000002e-07
B,42,49,0.01846439018845558,1.0000000000000002e-07
B,42,50,0.020937955006957054,1.0000000000000002e-07
B,42,51,0.016267018392682076,1.0000000000000002e-07
B,42,52,0.017954165115952492,1.0000000000000002e-07
B,42,53,0.02545975334942341,1.0000000000000002e-07
B,42,54,0.02101951278746128,1.0000000000000002e-07
B,42,55,0.02689247392117977,1.0000000000000002e-07
B,42,56,0.027166079729795456,1.0000000000000002e-07
B,42,57,0.012185314670205116,1.0000000000000002e-07
B,42,58,0.025488531216979027,1.0000000000000002e-07
B,42,59,0.02880883403122425,1.0000000000000002e-07
B,42,60,0.031366877257823944,1.0000000000000002e-07
B,42,61,0.026839792728424072,1.0000000000000002e-07
B,42,62,0.012858030386269093,1.0000000000000002e-07
B,42,63,0.014705982990562916,1.0000000000000002e-07
B,42,64,0.021486274898052216,1.0000000000000002e-07
B,42,65,0.016917560249567032,1.0000000000000002e-07
B,42,66,0.02474946156144142,1.0000000000000002e-07
B,42,67,0.03603125363588333,1.0000000000000002e-07
B,42,68,0.035385433584451675,1.0000000000000002e-07
B,42,69,0.024578532204031944,1.0000000000000002e-07
B,42,70,0.015527953393757343,1.0000000000000002e-07
B,42,71,0.020318176597356796,1.0000000000000002e-07
B,42,72,0.0441073477268219,1.0000000000000002e-07
B,42,73,0.039049405604600906,1.0000000000000002e-07
B,42,74,0.016139816492795944,1.0000000000000002e-07
B,42,75,0.019407067447900772,1.0000000000000002e-07
B,42,76,0.014257223345339298,1.0000000000000002e-07
B,42,77,0.01746371015906334,1.0000000000000002e-07
B,42,78,0.0355558916926384,1.0000000000000002e-07
B,42,79,0.02106752246618271,1.0000000000000002e-07
B,42,80,0.03254794701933861,1.0000000000000002e-07
B,42,81,0.018582111224532127,1.0000000000000002e-07
B,42,82,0.027154436334967613,1.0000000000000002e-07
B,42,83,0.020493078976869583,1.0000000000000002e-07
B,42,84,0.017431944608688354,1.0000000000000002e-07
B,42,85,0.0194429662078619,1.0000000000000002e-07
B,42,86,0.023382553830742836,1.0000000000000002e-07
B,42,87,0.03400898724794388,1.0000000000000002e-07
B,42,88,0.024496572092175484,1.0000000000000002e-07
B,42,89,0.01726100966334343,1.0000000000000002e-07
B,42,90,0.019610870629549026,1.0000000000000002e-07
B,42,91,0.0144888274371624,1.0000000000000002e-07
B,42,92,0.030813757330179214,1.0000000000000002e-07
B,42,93,0.023562971502542496,1.0000000000000002e-07
B,42,94,0.02258577011525631,1.0000000000000002e-07
B,42,95,0.017123021185398102,1.0000000000000002e-07
B,42,96,0.025533946231007576,1.0000000000000002e-07
B,42,97,0.032589904963970184,1.0000000000000002e-07
B,42,98,0.02303815633058548,1.0000000000000002e-07
B,43,0,0.01923399418592453,1.0000000000000002e-07
B,43,1,0.015587051399052143,1.0000000000000002e-07
B,43,2,0.03190552815794945,1.0000000000000002e-07
B,43,3,0.026693547144532204,1.0000000000000002e-07
B,43,4,0.014914141036570072,1.0000000000000002e-07
B,43,5,0.023475509136915207,1.0000000000000002e-07
B,43,6,0.017956078052520752,1.0000000000000002e-07
B,43,7,0.034158315509557724,1.0000000000000002e-07
B,43,8,0.026857109740376472,1.0000000000000002e-07
B,43,9,0.035555072128772736,1.0000000000000002e-07
B,43,10,0.03892846032977104,1.0000000000000002e-07
B,43,11,0.017417682334780693,1.0000000000000002e-07
B,43,12,0.021589474752545357,1.0000000000000002e-07
B,43,13,0.02507527358829975,1.0000000000000002e-07
B,43,14,0.027165889739990234,1.0000000000000002e-07
B,43,15,0.01722157932817936,1.0000000000000002e-07
B,43,16,0.02432880736887455,1.0000000000000002e-07
B,43,17,0.02487429790198803,1.0000000000000002e-07
B,43,18,0.04253209009766579,1.0000000000000002e-07
B,43,19,0.016689905896782875,1.0000000000000002e-07
B,43,20,0.02123960480093956,1.0000000000000002e-07
B,43,21,0.02038107067346573,1.0000000000000002e-07
B,43,22,0.025459034368395805,1.0000000000000002e-07
B,43,23,0.02596876211464405,1.0000000000000002e-07
B,43,24,0.022979285567998886,1.0000000000000002e-07
B,43,25,0.012508665211498737,1.0000000000000002e-07
B,43,26,0.026592694222927094,1.0000000000000002e-07
B,43,27,0.015237580053508282,1.0000000000000002e-07
B,43,28,0.024358127266168594,1.0000000000000002e-07
B,43,29,0.014383340254426003,1.0000000000000002e-07
B,43,30,0.01638566330075264,1.0000000000000002e-07
B,43,31,0.016767064109444618,1.0000000000000002e-07
B,43,32,0.02206762321293354,1.0000000000000002e-07
B,43,33,0.022448347881436348,1.0000000000000002e-07
B,43,34,0.026621999219059944,1.0000000000000002e-07
B,43,35,0.021588072180747986,1.0000000000000002e-07
B,43,36,0.020672595128417015,1.0000000000000002e-07
B,43,37,0.018117079511284828,1.0000000000000002e-07
B,43,38,0.02269621752202511,1.0000000000000002e-07
B,43,39,0.02875763177871704,1.0000000000000002e-07
B,43,40,0.021254058927297592,1.0000000000000002e-07
B,43,41,0.01909688673913479,1.0000000000000002e-07
B,43,42,0.03400860354304314,1.0000000000000002e-07
B,43,43,0.02683917060494423,1.0000000000000002e-07
B,43,44,0.012276524677872658,1.0000000000000002e-07
B,43,45,0.015344586223363876,1.0000000000000002e-07
B,43,46,0.03258948028087616,1.0000000000000002e-07
B,43,47,0.02566521242260933,1.0000000000000002e-07
B,43,48,0.017418120056390762,1.0000000000000002e-07
B,43,49,0.02499089203774929,1.0000000000000002e-07
B,43,50,0.022052066400647163,1.0000000000000002e-07
B,43,51,0.01804378256201744,1.0000000000000002e-07
B,43,52,0.035414919257164,1.0000000000000002e-07
B,43,53,0.028808385133743286,1.0000000000000002e-07
B,43,54,0.012208131141960621,1.0000000000000002e-07
B,43,55,0.023116350173950195,1.0000000000000002e-07
B,43,56,0.01806311309337616,1.0000000000000002e-07
B,43,57,0.017954323440790176,1.0000000000000002e-07
B,43,58,0.022585390135645866,1.0000000000000002e-07
B,43,59,0.0219022948294878,1.0000000000000002e-07
B,43,60,0.01883333921432495,1.0000000000000002e-07
B,43,61,0.024688703939318657,1.0000000000000002e-07
B,43,62,0.024989169090986252,1.0000000000000002e-07
B,43,63,0.019062882289290428,1.0000000000000002e-07
B,43,64,0.01652902364730835,1.0000000000000002e-07
B,43,65,0.01626470685005188,1.0000000000000002e-07
B,43,66,0.0309541504830122,1.0000000000000002e-07
B,43,67,0.03930013254284859,1.0000000000000002e-07
B,43,68,0.020934242755174637,1.0000000000000002e-07
B,43,69,0.019442040473222733,1.0000000000000002e-07
B,43,70,0.028584670275449753,1.0000000000000002e-07
B,43,71,0.023798445239663124,1.0000000000000002e-07
B,43,72,0.017441634088754654,1.0000000000000002e-07
B,43,73,0.014372307807207108,1.0000000000000002e-07
B,43,74,0.017154766246676445,1.0000000000000002e-07
B,43,75,0.01434422004967928,1.0000000000000002e-07
B,43,76,0.028287407010793686,1.0000000000000002e-07
B,43,77,0.018076760694384575,1.0000000000000002e-07
B,43,78,0.0395619235932827,1.0000000000000002e-07
B,43,79,0.020411623641848564,1.0000000000000002e-07
B,43,80,0.020331595093011856,1.0000000000000002e-07
B,43,81,0.02038821578025818,1.0000000000000002e-07
B,43,82,0.030949609354138374,1.0000000000000002e-07
B,43,83,0.01839604042470455,1.0000000000000002e-07
B,43,84,0.018371397629380226,1.0000000000000002e-07
B,43,85,0.020616507157683372,1.0000000000000002e-07
B,43,86,0.02961619757115841,1.0000000000000002e-07
B,43,87,0.016627389937639236,1.0000000000000002e-07
B,43,88,0.015143418684601784,1.0000000000000002e-07
B,43,89,0.011890621855854988,1.0000000000000002e-07
B,43,90,0.016272563487291336,1.0000000000000002e-07
B,43,91,0.01725068688392639,1.0000000000000002e-07
B,43,92,0.030813967809081078,1.0000000000000002e-07
B,43,93,0.018313858658075333,1.0000000000000002e-07
B,43,94,0.039502404630184174,1.0000000000000002e-07
B,43,95,0.019361315295100212,1.0000000000000002e-07
B,43,96,0.026217564940452576,1.0000000000000002e-07
B,43,97,0.019195834174752235,1.0000000000000002e-07
B,43,98,0.019555093720555305,1.0000000000000002e-07
B,44,0,0.019205303862690926,1.0000000000000002e-07
B,44,1,0.017827482894062996,1.0000000000000002e-07
B,44,2,0.01729772798717022,1.0000000000000002e-07
B,44,3,0.02685677446424961,1.0000000000000002e-07
B,44,4,0.018204467371106148,1.0000000000000002e-07
B,44,5,0.027493858709931374,1.0000000000000002e-07
B,44,6,0.01642610691487789,1.0000000000000002e-07
B,44,7,0.01514434814453125,1.0000000000000002e-07
B,44,8,0.02321472018957138,1.0000000000000002e-07
B,44,9,0.015491612255573273,1.0000000000000002e-07
B,44,10,0.03555450588464737,1.0000000000000002e-07
B,44,11,0.01810603216290474,1.0000000000000002e-07
B,44,12,0.01712958700954914,1.0000000000000002e-07
B,44,13,0.035860106348991394,1.0000000000000002e-07
B,44,14,0.021777641028165817,1.0000000000000002e-07
B,44,15,0.019441887736320496,1.0000000000000002e-07
B,44,16,0.019839473068714142,1.0000000000000002e-07
B,44,17,0.0117176603525877,1.0000000000000002e-07
B,44,18,0.014142968691885471,1.0000000000000002e-07
B,44,19,0.01266077533364296,1.0000000000000002e-07
B,44,20,0.04204956069588661,1.0000000000000002e-07
B,44,21,0.02298276498913765,1.0000000000000002e-07
B,44,22,0.026693185791373253,1.0000000000000002e-07
B,44,23,0.01784513145685196,1.0000000000000002e-07
B,44,24,0.022132983431220055,1.0000000000000002e-07
B,44,25,0.022899122908711433,1.0000000000000002e-07
B,44,26,0.023753264918923378,1.0000000000000002e-07
B,44,27,0.039463263005018234,1.0000000000000002e-07
B,44,28,0.038739364594221115,1.0000000000000002e-07
B,44,29,0.043939489871263504,1.0000000000000002e-07
B,44,30,0.019882308319211006,1.0000000000000002e-07
B,44,31,0.015366372652351856,1.0000000000000002e-07
B,44,32,0.021258903667330742,1.0000000000000002e-07
B,44,33,0.01915465109050274,1.0000000000000002e-07
B,44,34,0.02258509397506714,1.0000000000000002e-07
B,44,35,0.019631631672382355,1.0000000000000002e-07
B,44,36,0.023887433111667633,1.0000000000000002e-07
B,44,37,0.018491879105567932,1.0000000000000002e-07
B,44,38,0.025968406349420547,1.0000000000000002e-07
B,44,39,0.02733752317726612,1.0000000000000002e-07
B,44,40,0.026838628575205803,1.0000000000000002e-07
B,44,41,0.019044261425733566,1.0000000000000002e-07
B,44,42,0.015597834251821041,1.0000000000000002e-07
B,44,43,0.01795366406440735,1.0000000000000002e-07
B,44,44,0.01720772311091423,1.0000000000000002e-07
B,44,45,0.018370606005191803,1.0000000000000002e-07
B,44,46,0.03580038994550705,1.0000000000000002e-07
B,44,47,0.0340074859559536,1.0000000000000002e-07
B,44,48,0.030812954530119896,1.0000000000000002e-07
B,44,49,0.02880796231329441,1.0000000000000002e-07
B,44,50,0.025458404794335365,1.0000000000000002e-07
B,44,51,0.020217543467879295,1.0000000000000002e-07
B,44,52,0.014133938588202,1.0000000000000002e-07
B,44,53,0.035186972469091415,1.0000000000000002e-07
B,44,54,0.02961602620780468,1.0000000000000002e-07
B,44,55,0.012316960841417313,1.0000000000000002e-07
B,44,56,0.039303649216890335,1.0000000000000002e-07
B,44,57,0.025074779987335205,1.0000000000000002e-07
B,44,58,0.02621711976826191,1.0000000000000002e-07
B,44,59,0.02131391502916813,1.0000000000000002e-07
B,44,60,0.01761164702475071,1.0000000000000002e-07
B,44,61,0.028583526611328125,1.0000000000000002e-07
B,44,62,0.017458641901612282,1.0000000000000002e-07
B,44,63,0.014602637849748135,1.0000000000000002e-07
B,44,64,0.01908496953547001,1.0000000000000002e-07
B,44,65,0.020505037158727646,1.0000000000000002e-07
B,44,66,0.016370411962270737,1.0000000000000002e-07
B,44,67,0.02026592195034027,1.0000000000000002e-07
B,44,68,0.03183017298579216,1.0000000000000002e-07
B,44,69,0.012435417622327805,1.0000000000000002e-07
B,44,70,0.017156850546598434,1.0000000000000002e-07
B,44,71,0.018413124606013298,1.0000000000000002e-07
B,44,72,0.017402295023202896,1.0000000000000002e-07
B,44,73,0.015943029895424843,1.0000000000000002e-07
B,44,74,0.019782699644565582,1.0000000000000002e-07
B,44,75,0.024988370016217232,1.0000000000000002e-07
B,44,76,0.022190367802977562,1.0000000000000002e-07
B,44,77,0.019681202247738838,1.0000000000000002e-07
B,44,78,0.01791570335626602,1.0000000000000002e-07
B,44,79,0.026592371985316277,1.0000000000000002e-07
B,44,80,0.02448888309299946,1.0000000000000002e-07
B,44,81,0.02537597343325615,1.0000000000000002e-07
B,44,82,0.01624079793691635,1.0000000000000002e-07
B,44,83,0.01662830077111721,1.0000000000000002e-07
B,44,84,0.0231180302798748,1.0000000000000002e-07
B,44,85,0.01808210089802742,1.0000000000000002e-07
B,44,86,0.020881572738289833,1.0000000000000002e-07
B,44,87,0.019131993874907494,1.0000000000000002e-07
B,44,88,0.01769157126545906,1.0000000000000002e-07
B,44,89,0.024194981902837753,1.0000000000000002e-07
B,44,90,0.03258892521262169,1.0000000000000002e-07
B,44,91,0.02246486395597458,1.0000000000000002e-07
B,44,92,0.026338966563344002,1.0000000000000002e-07
B,44,93,0.017739685252308846,1.0000000000000002e-07
B,44,94,0.03097507916390896,1.0000000000000002e-07
B,44,95,0.023462343961000443,1.0000000000000002e-07
B,44,96,0.027165612205863,1.0000000000000002e-07
B,44,97,0.025074759498238564,1.0000000000000002e-07
B,44,98,0.023821411654353142,1.0000000000000002e-07
B,45,0,0.030850963667035103,1.0000000000000002e-07
B,45,1,0.02496120147407055,1.0000000000000002e-07
B,45,2,0.020410960540175438,1.0000000000000002e-07
B,45,3,0.019819235429167747,1.0000000000000002e-07
B,45,4,0.04463258013129234,1.0000000000000002e-07
B,45,5,0.018370499834418297,1.0000000000000002e-07
B,45,6,0.016070233657956123,1.0000000000000002e-07
B,45,7,0.03258839622139931,1.0000000000000002e-07
B,45,8,0.026856428012251854,1.0000000000000002e-07
B,45,9,0.021905461326241493,1.0000000000000002e-07
B,45,10,0.03850354626774788,1.0000000000000002e-07
B,45,11,0.02329150401055813,1.0000000000000002e-07
B,45,12,0.012467917986214161,1.0000000000000002e-07
B,45,13,0.02880745939910412,1.0000000000000002e-07
B,45,14,0.016283465549349785,1.0000000000000002e-07
B,45,15,0.019047778099775314,1.0000000000000002e-07
B,45,16,0.02669244259595871,1.0000000000000002e-07
B,45,17,0.039306167513132095,1.0000000000000002e-07
B,45,18,0.02301875688135624,1.0000000000000002e-07
B,45,19,0.02545826882123947,1.0000000000000002e-07
B,45,20,0.014234405010938644,1.0000000000000002e-07
B,45,21,0.02610364928841591,1.0000000000000002e-07
B,45,22,0.020540151745080948,1.0000000000000002e-07
B,45,23,0.0179199930280447,1.0000000000000002e-07
B,45,24,0.025967901572585106,1.0000000000000002e-07
B,45,25,0.02507425658404827,1.0000000000000002e-07
B,45,26,0.013104087673127651,1.0000000000000002e-07
B,45,27,0.026592550799250603,1.0000000000000002e-07
B,45,28,0.01832243986427784,1.0000000000000002e-07
B,45,29,0.02280694618821144,1.0000000000000002e-07
B,45,30,0.03918442130088806,1.0000000000000002e-07
B,45,31,0.03144708275794983,1.0000000000000002e-07
B,45,32,0.0207266416400671,1.0000000000000002e-07
B,45,33,0.03400702774524689,1.0000000000000002e-07
B,45,34,0.03365002200007439,1.0000000000000002e-07
B,45,35,0.022987252101302147,1.0000000000000002e-07
B,45,36,0.021635612472891808,1.0000000000000002e-07
B,45,37,0.01848505437374115,1.0000000000000002e-07
B,45,38,0.02046089433133602,1.0000000000000002e-07
B,45,39,0.020304646342992783,1.0000000000000002e-07
B,45,40,0.014365957118570805,1.0000000000000002e-07
B,45,41,0.02584637701511383,1.0000000000000002e-07
B,45,42,0.017976759001612663,1.0000000000000002e-07
B,45,43,0.01693061552941799,1.0000000000000002e-07
B,45,44,0.01990310288965702,1.0000000000000002e-07
B,45,45,0.029615197330713272,1.0000000000000002e-07
B,45,46,0.01708476059138775,1.0000000000000002e-07
B,45,47,0.024534497410058975,1.0000000000000002e-07
B,45,48,0.01770585961639881,1.0000000000000002e-07
B,45,49,0.01940307579934597,1.0000000000000002e-07
B,45,50,0.01754179783165455,1.0000000000000002e-07
B,45,51,0.01825110986828804,1.0000000000000002e-07
B,45,52,0.030812224373221397,1.0000000000000002e-07
B,45,53,0.02716485783457756,1.0000000000000002e-07
B,45,54,0.01944073848426342,1.0000000000000002e-07
B,45,55,0.03522687405347824,1.0000000000000002e-07
B,45,56,0.01747206412255764,1.0000000000000002e-07
B,45,57,0.016519051045179367,1.0000000000000002e-07
B,45,58,0.016482839360833168,1.0000000000000002e-07
B,45,59,0.024359222501516342,1.0000000000000002e-07
B,45,60,0.01825239509344101,1.0000000000000002e-07
B,45,61,0.019385134801268578,1.0000000000000002e-07
B,45,62,0.02682315930724144,1.0000000000000002e-07
B,45,63,0.017905863001942635,1.0000000000000002e-07
B,45,64,0.015024138614535332,1.0000000000000002e-07
B,45,65,0.026837965473532677,1.0000000000000002e-07
B,45,66,0.020579934120178223,1.0000000000000002e-07
B,45,67,0.024339571595191956,1.0000000000000002e-07
B,45,68,0.01486419327557087,1.0000000000000002e-07
B,45,69,0.01684815250337124,1.0000000000000002e-07
B,45,70,0.011602106504142284,1.0000000000000002e-07
B,45,71,0.01503829937428236,1.0000000000000002e-07
B,45,72,0.01795373484492302,1.0000000000000002e-07
B,45,73,0.027649736031889915,1.0000000000000002e-07
B,45,74,0.024987900629639626,1.0000000000000002e-07
B,45,75,0.019259504973888397,1.0000000000000002e-07
B,45,76,0.026217296719551086,1.0000000000000002e-07
B,45,77,0.022513998672366142,1.0000000000000002e-07
B,45,78,0.04008186608552933,1.0000000000000002e-07
B,45,79,0.014438482001423836,1.0000000000000002e-07
B,45,80,0.023481765761971474,1.0000000000000002e-07
B,45,81,0.02150743454694748,1.0000000000000002e-07
B,45,82,0.018353506922721863,1.0000000000000002e-07
B,45,83,0.019351810216903687,1.0000000000000002e-07
B,45,84,0.020843079313635826,1.0000000000000002e-07
B,45,85,0.017144396901130676,1.0000000000000002e-07
B,45,86,0.022555436939001083,1.0000000000000002e-07
B,45,87,0.01620142161846161,1.0000000000000002e-07
B,45,88,0.023361630737781525,1.0000000000000002e-07
B,45,89,0.016002099961042404,1.0000000000000002e-07
B,45,90,0.017996463924646378,1.0000000000000002e-07
B,45,91,0.03555373102426529,1.0000000000000002e-07
B,45,92,0.016283366829156876,1.0000000000000002e-07
B,45,93,0.021901149302721024,1.0000000000000002e-07
B,45,94,0.01151975430548191,1.0000000000000002e-07
B,45,95,0.021014757454395294,1.0000000000000002e-07
B,45,96,0.0225845854729414,1.0000000000000002e-07
B,45,97,0.03331169858574867,1.0000000000000002e-07
B,45,98,0.028583470731973648,1.0000000000000002e-07
B,46,0,0.026562994346022606,1.0000000000000002e-07
B,46,1,0.022633174434304237,1.0000000000000002e-07
B,46,2,0.017333239316940308,1.0000000000000002e-07
B,46,3,0.017886944115161896,1.0000000000000002e-07
B,46,4,0.014239777810871601,1.0000000000000002e-07
B,46,5,0.018859483301639557,1.0000000000000002e-07
B,46,6,0.033263642340898514,1.0000000000000002e-07
B,46,7,0.037227705121040344,1.0000000000000002e-07
B,46,8,0.032587796449661255,1.0000000000000002e-07
B,46,9,0.016331816092133522,1.0000000000000002e-07
B,46,10,0.018041430041193962,1.0000000000000002e-07
B,46,11,0.01826390065252781,1.0000000000000002e-07
B,46,12,0.030811704695224762,1.0000000000000002e-07
B,46,13,0.018328091129660606,1.0000000000000002e-07
B,46,14,0.022157011553645134,1.0000000000000002e-07
B,46,15,0.04051674157381058,1.0000000000000002e-07
B,46,16,0.020092226564884186,1.0000000000000002e-07
B,46,17,0.022619841620326042,1.0000000000000002e-07
B,46,18,0.02159271016716957,1.0000000000000002e-07
B,46,19,0.021507782861590385,1.0000000000000002e-07
B,46,20,0.035553302615880966,1.0000000000000002e-07
B,46,21,0.01836984045803547,1.0000000000000002e-07
B,46,22,0.0170227512717247,1.0000000000000002e-07
B,46,23,0.02578582614660263,1.0000000000000002e-07
B,46,24,0.024225542321801186,1.0000000000000002e-07
B,46,25,0.02093563787639141,1.0000000000000002e-07
B,46,26,0.028806859627366066,1.0000000000000002e-07
B,46,27,0.019943254068493843,1.0000000000000002e-07
B,46,28,0.0254574716091156,1.0000000000000002e-07
B,46,29,0.012911166064441204,1.0000000000000002e-07
B,46,30,0.02495238371193409,1.0000000000000002e-07
B,46,31,0.01741771027445793,1.0000000000000002e-07
B,46,32,0.04367788881063461,1.0000000000000002e-07
B,46,33,0.020801614969968796,1.0000000000000002e-07
B,46,34,0.029614878818392754,1.0000000000000002e-07
B,46,35,0.021935371682047844,1.0000000000000002e-07
B,46,36,0.015188639052212238,1.0000000000000002e-07
B,46,37,0.024987349286675453,1.0000000000000002e-07
B,46,38,0.016933824867010117,1.0000000000000002e-07
B,46,39,0.022584330290555954,1.0000000000000002e-07
B,46,40,0.017567239701747894,1.0000000000000002e-07
B,46,41,0.017952878028154373,1.0000000000000002e-07
B,46,42,0.018715880811214447,1.0000000000000002e-07
B,46,43,0.026216086000204086,1.0000000000000002e-07
B,46,44,0.0148381432518363,1.0000000000000002e-07
B,46,45,0.02089211344718933,1.0000000000000002e-07
B,46,46,0.03917866572737694,1.0000000000000002e-07
B,46,47,0.018616121262311935,1.0000000000000002e-07
B,46,48,0.025073805823922157,1.0000000000000002e-07
B,46,49,0.034006472676992416,1.0000000000000002e-07
B,46,50,0.026837609708309174,1.0000000000000002e-07
B,46,51,0.0173582024872303,1.0000000000000002e-07
B,46,52,0.02446448989212513,1.0000000000000002e-07
B,46,53,0.028582623228430748,1.0000000000000002e-07
B,46,54,0.0134666059166193,1.0000000000000002e-07
B,46,55,0.03854910284280777,1.0000000000000002e-07
B,46,56,0.011731337755918503,1.0000000000000002e-07
B,46,57,0.01710311509668827,1.0000000000000002e-07
B,46,58,0.034584369510412216,1.0000000000000002e-07
B,46,59,0.017354410141706467,1.0000000000000002e-07
B,46,60,0.01534292846918106,1.0000000000000002e-07
B,46,61,0.012712948024272919,1.0000000000000002e-07
B,46,62,0.017479991540312767,1.0000000000000002e-07
B,46,63,0.03914666175842285,1.0000000000000002e-07
B,46,64,0.024331092834472656,1.0000000000000002e-07
B,46,65,0.019440431147813797,1.0000000000000002e-07
B,46,66,0.024622982367873192,1.0000000000000002e-07
B,46,67,0.020974813029170036,1.0000000000000002e-07
B,46,68,0.015644559636712074,1.0000000000000002e-07
B,46,69,0.020164508372545242,1.0000000000000002e-07
B,46,70,0.021496718749403954,1.0000000000000002e-07
B,46,71,0.034305986016988754,1.0000000000000002e-07
B,46,72,0.022933335974812508,1.0000000000000002e-07
B,46,73,0.019910771399736404,1.0000000000000002e-07
B,46,74,0.022339917719364166,1.0000000000000002e-07
B,46,75,0.016101762652397156,1.0000000000000002e-07
B,46,76,0.0180552676320076,1.0000000000000002e-07
B,46,77,0.02659222111105919,1.0000000000000002e-07
B,46,78,0.028098491951823235,1.0000000000000002e-07
B,46,79,0.020359747111797333,1.0000000000000002e-07
B,46,80,0.01923985593020916,1.0000000000000002e-07
B,46,81,0.02596723660826683,1.0000000000000002e-07
B,46,82,0.015947796404361725,1.0000000000000002e-07
B,46,83,0.02180265076458454,1.0000000000000002e-07
B,46,84,0.026856299489736557,1.0000000000000002e-07
B,46,85,0.016544537618756294,1.0000000000000002e-07
B,46,86,0.03088865801692009,1.0000000000000002e-07
B,46,87,0.015415792353451252,1.0000000000000002e-07
B,46,88,0.017760341987013817,1.0000000000000002e-07
B,46,89,0.019672885537147522,1.0000000000000002e-07
B,46,90,0.01615172065794468,1.0000000000000002e-07
B,46,91,0.026691939681768417,1.0000000000000002e-07
B,46,92,0.024780508130788803,1.0000000000000002e-07
B,46,93,0.02364560402929783,1.0000000000000002e-07
B,46,94,0.02049092762172222,1.0000000000000002e-07
B,46,95,0.022364908829331398,1.0000000000000002e-07
B,46,96,0.025364361703395844,1.0000000000000002e-07
B,46,97,0.011483662761747837,1.0000000000000002e-07
B,46,98,0.02716473862528801,1.0000000000000002e-07
B,47,0,0.02258428744971752,1.0000000000000002e-07
B,47,1,0.019432229921221733,1.0000000000000002e-07
B,47,2,0.016487818211317062,1.0000000000000002e-07
B,47,3,0.04445667192339897,1.0000000000000002e-07
B,47,4,0.024767108261585236,1.0000000000000002e-07
B,47,5,0.023904012516140938,1.0000000000000002e-07
B,47,6,0.018003424629569054,1.0000000000000002e-07
B,47,7,0.019347133114933968,1.0000000000000002e-07
B,47,8,0.018330149352550507,1.0000000000000002e-07
B,47,9,0.01944071426987648,1.0000000000000002e-07
B,47,10,0.02072734571993351,1.0000000000000002e-07
B,47,11,0.01908903755247593,1.0000000000000002e-07
B,47,12,0.017952343448996544,1.0000000000000002e-07
B,47,13,0.019138198345899582,1.0000000000000002e-07
B,47,14,0.025456758216023445,1.0000000000000002e-07
B,47,15,0.03145134076476097,1.0000000000000002e-07
B,47,16,0.027689971029758453,1.0000000000000002e-07
B,47,17,0.021073119714856148,1.0000000000000002e-07
B,47,18,0.01751512475311756,1.0000000000000002e-07
B,47,19,0.021475879475474358,1.0000000000000002e-07
B,47,20,0.015532195568084717,1.0000000000000002e-07
B,47,21,0.01214431319385767,1.0000000000000002e-07
B,47,22,0.018057508394122124,1.0000000000000002e-07
B,47,23,0.024497007951140404,1.0000000000000002e-07
B,47,24,0.0227851253002882,1.0000000000000002e-07
B,47,25,0.02273474633693695,1.0000000000000002e-07
B,47,26,0.026691293343901634,1.0000000000000002e-07
B,47,27,0.018369663506746292,1.0000000000000002e-07
B,47,28,0.017359554767608643,1.0000000000000002e-07
B,47,29,0.03400614857673645,1.0000000000000002e-07
B,47,30,0.02192646823823452,1.0000000000000002e-07
B,47,31,0.026939891278743744,1.0000000000000002e-07
B,47,32,0.02461424097418785,1.0000000000000002e-07
B,47,33,0.021802473813295364,1.0000000000000002e-07
B,47,34,0.026793742552399635,1.0000000000000002e-07
B,47,35,0.03875565528869629,1.0000000000000002e-07
B,47,36,0.018971869722008705,1.0000000000000002e-07
B,47,37,0.024211708456277847,1.0000000000000002e-07
B,47,38,0.035552654415369034,1.0000000000000002e-07
B,47,39,0.026216106489300728,1.0000000000000002e-07
B,47,40,0.03904615342617035,1.0000000000000002e-07
B,47,41,0.014212097972631454,1.0000000000000002e-07
B,47,42,0.026591897010803223,1.0000000000000002e-07
B,47,43,0.023469608277082443,1.0000000000000002e-07
B,47,44,0.014051048085093498,1.0000000000000002e-07
B,47,45,0.035748373717069626,1.0000000000000002e-07
B,47,46,0.030811447650194168,1.0000000000000002e-07
B,47,47,0.01587424986064434,1.0000000000000002e-07
B,47,48,0.01683143712580204,1.0000000000000002e-07
B,47,49,0.02507372759282589,1.0000000000000002e-07
B,47,50,0.02524707280099392,1.0000000000000002e-07
B,47,51,0.03498790040612221,1.0000000000000002e-07
B,47,52,0.03936553746461868,1.0000000000000002e-07
B,47,53,0.01615234650671482,1.0000000000000002e-07
B,47,54,0.016137491911649704,1.0000000000000002e-07
B,47,55,0.01907503977417946,1.0000000000000002e-07
B,47,56,0.032165445387363434,1.0000000000000002e-07
B,47,57,0.02498696930706501,1.0000000000000002e-07
B,47,58,0.018831755965948105,1.0000000000000002e-07
B,47,59,0.01505639310926199,1.0000000000000002e-07
B,47,60,0.016177035868167877,1.0000000000000002e-07
B,47,61,0.020791998133063316,1.0000000000000002e-07
B,47,62,0.022965803742408752,1.0000000000000002e-07
B,47,63,0.01607925072312355,1.0000000000000002e-07
B,47,64,0.01697506010532379,1.0000000000000002e-07
B,47,65,0.0230784360319376,1.0000000000000002e-07
B,47,66,0.016856206580996513,1.0000000000000002e-07
B,47,67,0.016124533489346504,1.0000000000000002e-07
B,47,68,0.026856064796447754,1.0000000000000002e-07
B,47,69,0.031592175364494324,1.0000000000000002e-07
B,47,70,0.029614396393299103,1.0000000000000002e-07
B,47,71,0.013022642582654953,1.0000000000000002e-07
B,47,72,0.02095462940633297,1.0000000000000002e-07
B,47,73,0.03934070095419884,1.0000000000000002e-07
B,47,74,0.023132046684622765,1.0000000000000002e-07
B,47,75,0.01784595474600792,1.0000000000000002e-07
B,47,76,0.015362587757408619,1.0000000000000002e-07
B,47,77,0.02886616811156273,1.0000000000000002e-07
B,47,78,0.019503526389598846,1.0000000000000002e-07
B,47,79,0.02314492128789425,1.0000000000000002e-07
B,47,80,0.01591585949063301,1.0000000000000002e-07
B,47,81,0.02039230242371559,1.0000000000000002e-07
B,47,82,0.01979885995388031,1.0000000000000002e-07
B,47,83,0.017284700646996498,1.0000000000000002e-07
B,47,84,0.019896451383829117,1.0000000000000002e-07
B,47,85,0.012374705635011196,1.0000000000000002e-07
B,47,86,0.012668722309172153,1.0000000000000002e-07
B,47,87,0.028582481667399406,1.0000000000000002e-07
B,47,88,0.025966806337237358,1.0000000000000002e-07
B,47,89,0.03258778527379036,1.0000000000000002e-07
B,47,90,0.023111559450626373,1.0000000000000002e-07
B,47,91,0.02683676779270172,1.0000000000000002e-07
B,47,92,0.027164176106452942,1.0000000000000002e-07
B,47,93,0.02318229340016842,1.0000000000000002e-07
B,47,94,0.028806570917367935,1.0000000000000002e-07
B,47,95,0.014782736077904701,1.0000000000000002e-07
B,47,96,0.020142730325460434,1.0000000000000002e-07
B,47,97,0.018468977883458138,1.0000000000000002e-07
B,47,98,0.014097231440246105,1.0000000000000002e-07
B,48,0,0.022518133744597435,1.0000000000000002e-07
B,48,1,0.02498644031584263,1.0000000000000002e-07
B,48,2,0.01730274222791195,1.0000000000000002e-07
B,48,3,0.033825699239969254,1.0000000000000002e-07
B,48,4,0.017761103808879852,1.0000000000000002e-07
B,48,5,0.017539674416184425,1.0000000000000002e-07
B,48,6,0.02769944630563259,1.0000000000000002e-07
B,48,7,0.025073029100894928,1.0000000000000002e-07
B,48,8,0.026935670524835587,1.0000000000000002e-07
B,48,9,0.018732968717813492,1.0000000000000002e-07
B,48,10,0.0179518423974514,1.0000000000000002e-07
B,48,11,0.017744900658726692,1.0000000000000002e-07
B,48,12,0.04361547529697418,1.0000000000000002e-07
B,48,13,0.039193663746118546,1.0000000000000002e-07
B,48,14,0.030810590833425522,1.0000000000000002e-07
B,48,15,0.025996780022978783,1.0000000000000002e-07
B,48,16,0.025966232642531395,1.0000000000000002e-07
B,48,17,0.02084500528872013,1.0000000000000002e-07
B,48,18,0.024031657725572586,1.0000000000000002e-07
B,48,19,0.022583825513720512,1.0000000000000002e-07
B,48,20,0.02880609594285488,1.0000000000000002e-07
B,48,21,0.01255271676927805,1.0000000000000002e-07
B,48,22,0.01711777225136757,1.0000000000000002e-07
B,48,23,0.02545611932873726,1.0000000000000002e-07
B,48,24,0.028849340975284576,1.0000000000000002e-07
B,48,25,0.01698717102408409,1.0000000000000002e-07
B,48,26,0.021531661972403526,1.0000000000000002e-07
B,48,27,0.02858104184269905,1.0000000000000002e-07
B,48,28,0.015720248222351074,1.0000000000000002e-07
B,48,29,0.034016773104667664,1.0000000000000002e-07
B,48,30,0.016373516991734505,1.0000000000000002e-07
B,48,31,0.017430264502763748,1.0000000000000002e-07
B,48,32,0.026855656877160072,1.0000000000000002e-07
B,48,33,0.022022651508450508,1.0000000000000002e-07
B,48,34,0.023548834025859833,1.0000000000000002e-07
B,48,35,0.022648781538009644,1.0000000000000002e-07
B,48,36,0.018351906910538673,1.0000000000000002e-07
B,48,37,0.02440936490893364,1.0000000000000002e-07
B,48,38,0.016596820205450058,1.0000000000000002e-07
B,48,39,0.015522493049502373,1.0000000000000002e-07
B,48,40,0.02017104998230934,1.0000000000000002e-07
B,48,41,0.03949099779129028,1.0000000000000002e-07
B,48,42,0.01612846925854683,1.0000000000000002e-07
B,48,43,0.017986958846449852,1.0000000000000002e-07
B,48,44,0.016810419037938118,1.0000000000000002e-07
B,48,45,0.017203545197844505,1.0000000000000002e-07
B,48,46,0.022382905706763268,1.0000000000000002e-07
B,48,47,0.017239348962903023,1.0000000000000002e-07
B,48,48,0.017873426899313927,1.0000000000000002e-07
B,48,49,0.02421441301703453,1.0000000000000002e-07
B,48,50,0.020139632746577263,1.0000000000000002e-07
B,48,51,0.014706728979945183,1.0000000000000002e-07
B,48,52,0.024291928857564926,1.0000000000000002e-07
B,48,53,0.015404949896037579,1.0000000000000002e-07
B,48,54,0.02060173824429512,1.0000000000000002e-07
B,48,55,0.017988033592700958,1.0000000000000002e-07
B,48,56,0.01905514858663082,1.0000000000000002e-07
B,48,57,0.019670352339744568,1.0000000000000002e-07
B,48,58,0.014169356785714626,1.0000000000000002e-07
B,48,59,0.026836615055799484,1.0000000000000002e-07
B,48,60,0.02425958588719368,1.0000000000000002e-07
B,48,61,0.032587602734565735,1.0000000000000002e-07
B,48,62,0.016545604914426804,1.0000000000000002e-07
B,48,63,0.018658708781003952,1.0000000000000002e-07
B,48,64,0.034005116671323776,1.0000000000000002e-07
B,48,65,0.03467479720711708,1.0000000000000002e-07
B,48,66,0.023041045293211937,1.0000000000000002e-07
B,48,67,0.017511827871203423,1.0000000000000002e-07
B,48,68,0.019441334530711174,1.0000000000000002e-07
B,48,69,0.020751915872097015,1.0000000000000002e-07
B,48,70,0.029614372178912163,1.0000000000000002e-07
B,48,71,0.011838048696517944,1.0000000000000002e-07
B,48,72,0.02716328389942646,1.0000000000000002e-07
B,48,73,0.021446730941534042,1.0000000000000002e-07
B,48,74,0.019202401861548424,1.0000000000000002e-07
B,48,75,0.03912696614861488,1.0000000000000002e-07
B,48,76,0.019637227058410645,1.0000000000000002e-07
B,48,77,0.024357475340366364,1.0000000000000002e-07
B,48,78,0.03493073955178261,1.0000000000000002e-07
B,48,79,0.026591317728161812,1.0000000000000002e-07
B,48,80,0.021321019157767296,1.0000000000000002e-07
B,48,81,0.01836865395307541,1.0000000000000002e-07
B,48,82,0.019270136952400208,1.0000000000000002e-07
B,48,83,0.01224205270409584,1.0000000000000002e-07
B,48,84,0.040967199951410294,1.0000000000000002e-07
B,48,85,0.02621578611433506,1.0000000000000002e-07
B,48,86,0.017785361036658287,1.0000000000000002e-07
B,48,87,0.014429192990064621,1.0000000000000002e-07
B,48,88,0.0266905277967453,1.0000000000000002e-07
B,48,89,0.012584070675075054,1.0000000000000002e-07
B,48,90,0.01855553314089775,1.0000000000000002e-07
B,48,91,0.03084125928580761,1.0000000000000002e-07
B,48,92,0.03555236756801605,1.0000000000000002e-07
B,48,93,0.02190573699772358,1.0000000000000002e-07
B,48,94,0.014588100835680962,1.0000000000000002e-07
B,48,95,0.01980884186923504,1.0000000000000002e-07
B,48,96,0.02638605237007141,1.0000000000000002e-07
B,48,97,0.02220797911286354,1.0000000000000002e-07
B,48,98,0.022924255579710007,1.0000000000000002e-07
B,49,0,0.023624995723366737,1.0000000000000002e-07
B,49,1,0.020784346386790276,1.0000000000000002e-07
B,49,2,0.016158798709511757,1.0000000000000002e-07
B,49,3,0.011643055826425552,1.0000000000000002e-07
B,49,4,0.03582146391272545,1.0000000000000002e-07
B,49,5,0.025072477757930756,1.0000000000000002e-07
B,49,6,0.01754908636212349,1.0000000000000002e-07
B,49,7,0.04095248878002167,1.0000000000000002e-07
B,49,8,0.01579386554658413,1.0000000000000002e-07
B,49,9,0.026270000264048576,1.0000000000000002e-07
B,49,10,0.030809996649622917,1.0000000000000002e-07
B,49,11,0.03121766820549965,1.0000000000000002e-07
B,49,12,0.022371647879481316,1.0000000000000002e-07
B,49,13,0.01971326768398285,1.0000000000000002e-07
B,49,14,0.019768506288528442,1.0000000000000002e-07
B,49,15,0.017951419577002525,1.0000000000000002e-07
B,49,16,0.03473526984453201,1.0000000000000002e-07
B,49,17,0.024280322715640068,1.0000000000000002e-07
B,49,18,0.02902187965810299,1.0000000000000002e-07
B,49,19,0.0262150876224041,1.0000000000000002e-07
B,49,20,0.020587753504514694,1.0000000000000002e-07
B,49,21,0.028805894777178764,1.0000000000000002e-07
B,49,22,0.02278965711593628,1.0000000000000002e-07
B,49,23,0.016568388789892197,1.0000000000000002e-07
B,49,24,0.014545649290084839,1.0000000000000002e-07
B,49,25,0.01643054373562336,1.0000000000000002e-07
B,49,26,0.02270776778459549,1.0000000000000002e-07
B,49,27,0.012668880634009838,1.0000000000000002e-07
B,49,28,0.03308049216866493,1.0000000000000002e-07
B,49,29,0.023114265874028206,1.0000000000000002e-07
B,49,30,0.024985821917653084,1.0000000000000002e-07
B,49,31,0.026552651077508926,1.0000000000000002e-07
B,49,32,0.021890785545110703,1.0000000000000002e-07
B,49,33,0.01632785052061081,1.0000000000000002e-07
B,49,34,0.016586974263191223,1.0000000000000002e-07
B,49,35,0.016079988330602646,1.0000000000000002e-07
B,49,36,0.01611473225057125,1.0000000000000002e-07
B,49,37,0.015623172745108604,1.0000000000000002e-07
B,49,38,0.025455620139837265,1.0000000000000002e-07
B,49,39,0.019718434661626816,1.0000000000000002e-07
B,49,40,0.021854247897863388,1.0000000000000002e-07
B,49,41,0.011984718032181263,1.0000000000000002e-07
B,49,42,0.020243555307388306,1.0000000000000002e-07
B,49,43,0.02685549482703209,1.0000000000000002e-07
B,49,44,0.026590542867779732,1.0000000000000002e-07
B,49,45,0.016546722501516342,1.0000000000000002e-07
B,49,46,0.01971697248518467,1.0000000000000002e-07
B,49,47,0.034005410969257355,1.0000000000000002e-07
B,49,48,0.02165248431265354,1.0000000000000002e-07
B,49,49,0.0171230286359787,1.0000000000000002e-07
B,49,50,0.02037651091814041,1.0000000000000002e-07
B,49,51,0.0184921957552433,1.0000000000000002e-07
B,49,52,0.02716302126646042,1.0000000000000002e-07
B,49,53,0.01944008655846119,1.0000000000000002e-07
B,49,54,0.03555198758840561,1.0000000000000002e-07
B,49,55,0.018735414370894432,1.0000000000000002e-07
B,49,56,0.01896516978740692,1.0000000000000002e-07
B,49,57,0.018368465825915337,1.0000000000000002e-07
B,49,58,0.01597793772816658,1.0000000000000002e-07
B,49,59,0.01926732435822487,1.0000000000000002e-07
B,49,60,0.016892679035663605,1.0000000000000002e-07
B,49,61,0.028443243354558945,1.0000000000000002e-07
B,49,62,0.02036740630865097,1.0000000000000002e-07
B,49,63,0.02593276835978031,1.0000000000000002e-07
B,49,64,0.01813904009759426,1.0000000000000002e-07
B,49,65,0.041687995195388794,1.0000000000000002e-07
B,49,66,0.03874542936682701,1.0000000000000002e-07
B,49,67,0.0214920062571764,1.0000000000000002e-07
B,49,68,0.029613656923174858,1.0000000000000002e-07
B,49,69,0.02197231538593769,1.0000000000000002e-07
B,49,70,0.022321803495287895,1.0000000000000002e-07
B,49,71,0.028581425547599792,1.0000000000000002e-07
B,49,72,0.023635780438780785,1.0000000000000002e-07
B,49,73,0.017980510368943214,1.0000000000000002e-07
B,49,74,0.015139739960432053,1.0000000000000002e-07
B,49,75,0.03965524956583977,1.0000000000000002e-07
B,49,76,0.015308395028114319,1.0000000000000002e-07
B,49,77,0.03923600912094116,1.0000000000000002e-07
B,49,78,0.02596583403646946,1.0000000000000002e-07
B,49,79,0.026835767552256584,1.0000000000000002e-07
B,49,80,0.02258358523249626,1.0000000000000002e-07
B,49,81,0.01631838269531727,1.0000000000000002e-07
B,49,82,0.01756291836500168,1.0000000000000002e-07
B,49,83,0.03182961791753769,1.0000000000000002e-07
B,49,84,0.017818348482251167,1.0000000000000002e-07
B,49,85,0.014553515240550041,1.0000000000000002e-07
B,49,86,0.018792331218719482,1.0000000000000002e-07
B,49,87,0.013830532319843769,1.0000000000000002e-07
B,49,88,0.022848738357424736,1.0000000000000002e-07
B,49,89,0.024621549993753433,1.0000000000000002e-07
B,49,90,0.025482885539531708,1.0000000000000002e-07
B,49,91,0.012776881456375122,1.0000000000000002e-07
B,49,92,0.024005098268389702,1.0000000000000002e-07
B,49,93,0.019154494628310204,1.0000000000000002e-07
B,49,94,0.03258652612566948,1.0000000000000002e-07
B,49,95,0.022954830899834633,1.0000000000000002e-07
B,49,96,0.01972985826432705,1.0000000000000002e-07
B,49,97,0.018122058361768723,1.0000000000000002e-07
B,49,98,0.026690486818552017,1.0000000000000002e-07
