epoch,batch,loss,main_loss,trajectory_projection_dice_loss,trajectory_direction_loss,trajectory_projection_dice_weight,trajectory_direction_weight,lr
0,0,0.724270224571228,0.35683929920196533,0.9655668139457703,0.38880425691604614,0.3,0.2,0.001
0,1,0.7594773173332214,0.3393175005912781,0.9699278473854065,0.6459072828292847,0.3,0.2,0.001
0,2,0.7095978260040283,0.3329469859600067,0.9213539361953735,0.501223087310791,0.3,0.2,0.001
0,3,0.720333993434906,0.3549925684928894,0.8563110828399658,0.5422403812408447,0.3,0.2,0.001
0,4,0.6331292390823364,0.3218673765659332,0.7348858118057251,0.45398056507110596,0.3,0.2,0.001
0,5,0.687532365322113,0.31866440176963806,0.9353296160697937,0.4413453936576843,0.3,0.2,0.001
0,6,0.6761043667793274,0.30576616525650024,0.947012186050415,0.4311724901199341,0.3,0.2,0.001
0,7,0.6504627466201782,0.3068642020225525,0.8965049386024475,0.373235285282135,0.3,0.2,0.001
0,8,0.6329493522644043,0.28622516989707947,0.8939075469970703,0.3927595317363739,0.3,0.2,0.001
0,9,0.6454171538352966,0.2841540277004242,0.9511640667915344,0.3795695900917053,0.3,0.2,0.001
0,10,0.6344088315963745,0.2751258909702301,0.8819637298583984,0.4734688997268677,0.3,0.2,0.001
0,11,0.6742857694625854,0.2766241729259491,0.9565972089767456,0.5534120202064514,0.3,0.2,0.001
0,12,0.6102792024612427,0.2607711851596832,0.8848575949668884,0.4202536642551422,0.3,0.2,0.001
0,13,0.6495981812477112,0.2643739581108093,0.9398416876792908,0.5163583159446716,0.3,0.2,0.001
0,14,0.5719043612480164,0.26107582449913025,0.7690814733505249,0.4005204141139984,0.3,0.2,0.001
0,15,0.5996457934379578,0.2518756687641144,0.8716530203819275,0.43137112259864807,0.3,0.2,0.001
0,16,0.5621715188026428,0.274149090051651,0.6344693899154663,0.4884079694747925,0.3,0.2,0.001
0,17,0.6217288970947266,0.2512552738189697,0.9463903903961182,0.43278250098228455,0.3,0.2,0.001
0,18,0.6474661231040955,0.2848409116268158,0.9867923855781555,0.33293744921684265,0.3,0.2,0.001
0,19,0.6284129023551941,0.2499418705701828,0.9525713920593262,0.463498055934906,0.3,0.2,0.001
0,20,0.5605008602142334,0.24465686082839966,0.8016809225082397,0.37669864296913147,0.3,0.2,0.001
0,21,0.5573770403862,0.23566502332687378,0.886681318283081,0.2785382866859436,0.3,0.2,0.001
0,22,0.5803406834602356,0.2441696971654892,0.79213547706604,0.4926518201828003,0.3,0.2,0.001
0,23,0.6006264090538025,0.23257729411125183,0.8655447959899902,0.5419282913208008,0.3,0.2,0.001
0,24,0.5812557339668274,0.2702002227306366,0.7648575305938721,0.40799111127853394,0.3,0.2,0.001
0,25,0.5274308919906616,0.23345454037189484,0.7019281387329102,0.41698944568634033,0.3,0.2,0.001
0,26,0.5677042603492737,0.23285463452339172,0.8222987651824951,0.4407998025417328,0.3,0.2,0.001
0,27,0.6662926077842712,0.29063084721565247,0.9657405018806458,0.42969805002212524,0.3,0.2,0.001
0,28,0.6549007892608643,0.2328101098537445,0.9458289742469788,0.6917097568511963,0.3,0.2,0.001
0,29,0.47286808490753174,0.22277264297008514,0.5974812507629395,0.35425522923469543,0.3,0.2,0.001
0,30,0.5526367425918579,0.2160010039806366,0.8142452239990234,0.4618109166622162,0.3,0.2,0.001
0,31,0.5556536316871643,0.2439366579055786,0.7542164921760559,0.4272601902484894,0.3,0.2,0.001
0,32,0.6736382842063904,0.27792423963546753,0.9790592789649963,0.5099813342094421,0.3,0.2,0.001
0,33,0.5695074796676636,0.2224798947572708,0.725800096988678,0.6464375853538513,0.3,0.2,0.001
0,34,0.5790510773658752,0.21260961890220642,0.8503493070602417,0.5566831231117249,0.3,0.2,0.001
0,35,0.6015819311141968,0.21346022188663483,0.8807003498077393,0.6195582151412964,0.3,0.2,0.001
0,36,0.4839014410972595,0.20742028951644897,0.5953893065452576,0.489321768283844,0.3,0.2,0.001
0,37,0.5804049968719482,0.2137342244386673,0.903295636177063,0.4784104824066162,0.3,0.2,0.001
0,38,0.4834727942943573,0.2076874077320099,0.6352624893188477,0.4260331094264984,0.3,0.2,0.001
0,39,0.45606738328933716,0.19936425983905792,0.5746101140975952,0.4216002821922302,0.3,0.2,0.001
0,40,0.6051257848739624,0.22786709666252136,0.9189246296882629,0.5079062581062317,0.3,0.2,0.001
0,41,0.5337008237838745,0.20850326120853424,0.7649747133255005,0.4785257875919342,0.3,0.2,0.001
0,42,0.5489561557769775,0.19522453844547272,0.7521086931228638,0.6404948830604553,0.3,0.2,0.001
0,43,0.48805075883865356,0.1951535940170288,0.62766432762146,0.5229893326759338,0.3,0.2,0.001
0,44,0.6299231052398682,0.24790963530540466,0.9582182765007019,0.4727398455142975,0.3,0.2,0.001
0,45,0.5272393822669983,0.2152733951807022,0.7804815769195557,0.3891074061393738,0.3,0.2,0.001
0,46,0.42554497718811035,0.18252497911453247,0.5477575063705444,0.3934636414051056,0.3,0.2,0.001
0,47,0.5595804452896118,0.19508877396583557,0.8817290663719177,0.4998645484447479,0.3,0.2,0.001
0,48,0.5885790586471558,0.21441324055194855,0.9304739832878113,0.47511816024780273,0.3,0.2,0.001
0,49,0.6526439785957336,0.25836747884750366,0.9000774621963501,0.6212661862373352,0.3,0.2,0.001
0,50,0.557905912399292,0.1983790397644043,0.7892600893974304,0.6137441396713257,0.3,0.2,0.001
0,51,0.5843842625617981,0.19680719077587128,0.8463555574417114,0.6683520078659058,0.3,0.2,0.001
0,52,0.568233072757721,0.19313393533229828,0.9048213958740234,0.5182635188102722,0.3,0.2,0.001
0,53,0.5677197575569153,0.19159060716629028,0.9080691337585449,0.5185418725013733,0.3,0.2,0.001
0,54,0.5379443764686584,0.20229725539684296,0.8380705118179321,0.42112985253334045,0.3,0.2,0.001
0,55,0.49242863059043884,0.19592136144638062,0.705956220626831,0.4236019551753998,0.3,0.2,0.001
0,56,0.522189736366272,0.18197397887706757,0.884315550327301,0.3746052086353302,0.3,0.2,0.001
0,57,0.5835962295532227,0.20646175742149353,0.9251517653465271,0.4979446232318878,0.3,0.2,0.001
0,58,0.48927798867225647,0.18079201877117157,0.7162836790084839,0.46800416707992554,0.3,0.2,0.001
0,59,0.5748278498649597,0.17973527312278748,0.8839138150215149,0.6495921611785889,0.3,0.2,0.001
0,60,0.5914050340652466,0.220344677567482,0.9534795880317688,0.4250825345516205,0.3,0.2,0.001
0,61,0.45996353030204773,0.17456626892089844,0.6908005475997925,0.39078542590141296,0.3,0.2,0.001
0,62,0.5862432718276978,0.19493314623832703,0.950495183467865,0.5308077931404114,0.3,0.2,0.001
0,63,0.4104357361793518,0.1755685657262802,0.5264700651168823,0.38463062047958374,0.3,0.2,0.001
0,64,0.41887062788009644,0.16388989984989166,0.6227648854255676,0.34075623750686646,0.3,0.2,0.001
0,65,0.41177821159362793,0.1788499653339386,0.48733091354370117,0.4336448311805725,0.3,0.2,0.001
0,66,0.4967438876628876,0.16553549468517303,0.7885957360267639,0.4731483459472656,0.3,0.2,0.001
0,67,0.5371180176734924,0.1661243885755539,0.845500111579895,0.586717963218689,0.3,0.2,0.001
0,68,0.5741708874702454,0.2067323625087738,0.9295836687088013,0.44281697273254395,0.3,0.2,0.001
0,69,0.5196973085403442,0.16287736594676971,0.8731891512870789,0.47431573271751404,0.3,0.2,0.001
0,70,0.4740790128707886,0.1561339795589447,0.7069783210754395,0.5292576551437378,0.3,0.2,0.001
0,71,0.5245635509490967,0.16741609573364258,0.9042196273803711,0.42940792441368103,0.3,0.2,0.001
0,72,0.6151701211929321,0.2248964160680771,0.9670986533164978,0.5007203221321106,0.3,0.2,0.001
0,73,0.4240803122520447,0.16586551070213318,0.6173612475395203,0.36503201723098755,0.3,0.2,0.001
0,74,0.5120670795440674,0.16032397747039795,0.8859367370605469,0.42981019616127014,0.3,0.2,0.001
0,75,0.43108585476875305,0.1462850421667099,0.7109347581863403,0.35760176181793213,0.3,0.2,0.001
0,76,0.521510124206543,0.1548115313053131,0.8495937585830688,0.5591022968292236,0.3,0.2,0.001
0,77,0.5648519992828369,0.19710417091846466,0.9780799746513367,0.37161922454833984,0.3,0.2,0.001
0,78,0.4721634089946747,0.15236526727676392,0.8008487820625305,0.39771753549575806,0.3,0.2,0.001
0,79,0.3689764738082886,0.14594930410385132,0.510351836681366,0.34960803389549255,0.3,0.2,0.001
0,80,0.35558220744132996,0.14235495030879974,0.4970576763153076,0.32054975628852844,0.3,0.2,0.001
0,81,0.5645987391471863,0.18105638027191162,0.9705652594566345,0.46186378598213196,0.3,0.2,0.001
0,82,0.5631449222564697,0.180365189909935,0.9458191990852356,0.4951697587966919,0.3,0.2,0.001
0,83,0.4282180070877075,0.1418437957763672,0.7134172916412354,0.36174502968788147,0.3,0.2,0.001
0,84,0.41832002997398376,0.13541831076145172,0.6823442578315735,0.390992134809494,0.3,0.2,0.001
0,85,0.5538822412490845,0.16857215762138367,0.9489834308624268,0.503075122833252,0.3,0.2,0.001
0,86,0.4499729871749878,0.1390683650970459,0.7986285090446472,0.35658034682273865,0.3,0.2,0.001
0,87,0.5422984957695007,0.16861796379089355,0.9707145690917969,0.412330687046051,0.3,0.2,0.001
0,88,0.514049768447876,0.14163848757743835,0.8802577257156372,0.5416698455810547,0.3,0.2,0.001
0,89,0.4421573877334595,0.13525688648223877,0.7182382345199585,0.457145094871521,0.3,0.2,0.001
0,90,0.5384523272514343,0.156640887260437,0.9638999104499817,0.4632071554660797,0.3,0.2,0.001
0,91,0.3859596252441406,0.1282711923122406,0.6385053396224976,0.330684095621109,0.3,0.2,0.001
0,92,0.33027011156082153,0.13028575479984283,0.46631067991256714,0.3004557192325592,0.3,0.2,0.001
0,93,0.34972816705703735,0.1271577775478363,0.492550253868103,0.3740265667438507,0.3,0.2,0.001
0,94,0.3998427391052246,0.12495232373476028,0.6864649057388306,0.34475457668304443,0.3,0.2,0.001
0,95,0.5573655366897583,0.16631953418254852,0.9638004302978516,0.5095294117927551,0.3,0.2,0.001
0,96,0.35014021396636963,0.1254730224609375,0.5868048071861267,0.24312874674797058,0.3,0.2,0.001
0,97,0.4456653892993927,0.18831875920295715,0.5422477126121521,0.4733614921569824,0.3,0.2,0.001
0,98,0.42225897312164307,0.1393858790397644,0.6588166952133179,0.42614033818244934,0.3,0.2,0.001
1,0,0.41421058773994446,0.11858255416154861,0.642433762550354,0.5144893527030945,0.3,0.2,0.001
1,1,0.5352588295936584,0.150513157248497,0.9675500988960266,0.4724031388759613,0.3,0.2,0.001
1,2,0.4919235110282898,0.13818298280239105,0.8708865642547607,0.46237263083457947,0.3,0.2,0.001
1,3,0.5140540599822998,0.14618746936321259,0.9411817193031311,0.42756029963493347,0.3,0.2,0.001
1,4,0.33361557126045227,0.1144886389374733,0.5596288442611694,0.2561914026737213,0.3,0.2,0.001
1,5,0.4881131649017334,0.12253621220588684,0.8651745319366455,0.5301228761672974,0.3,0.2,0.001
1,6,0.484965056180954,0.1293971985578537,0.9152504801750183,0.4049636721611023,0.3,0.2,0.001
1,7,0.30171698331832886,0.1179749071598053,0.35794883966445923,0.38178712129592896,0.3,0.2,0.001
1,8,0.48368772864341736,0.12103495746850967,0.8989191055297852,0.4648851752281189,0.3,0.2,0.001
1,9,0.3667398691177368,0.11648307740688324,0.49791765213012695,0.5044074058532715,0.3,0.2,0.001
1,10,0.37283122539520264,0.13421528041362762,0.5032196044921875,0.4382503032684326,0.3,0.2,0.001
1,11,0.42774635553359985,0.11281867325305939,0.761329174041748,0.43264469504356384,0.3,0.2,0.001
1,12,0.5102637410163879,0.14111699163913727,0.9630603194236755,0.4011431634426117,0.3,0.2,0.001
1,13,0.47950243949890137,0.1238696351647377,0.8817452788352966,0.4555460512638092,0.3,0.2,0.001
1,14,0.3764021098613739,0.10482766479253769,0.6861004829406738,0.32872140407562256,0.3,0.2,0.001
1,15,0.3894570767879486,0.10531409084796906,0.626145601272583,0.4814964234828949,0.3,0.2,0.001
1,16,0.2788371443748474,0.10601930320262909,0.35621172189712524,0.3297715485095978,0.3,0.2,0.001
1,17,0.34058791399002075,0.10165135562419891,0.540145993232727,0.38446372747421265,0.3,0.2,0.001
1,18,0.5219767093658447,0.16714219748973846,0.8336853981018066,0.5236442685127258,0.3,0.2,0.001
1,19,0.28043919801712036,0.0965079516172409,0.3801000714302063,0.3495061695575714,0.3,0.2,0.001
1,20,0.4003368616104126,0.11226268857717514,0.5419539213180542,0.6274399757385254,0.3,0.2,0.001
1,21,0.39205995202064514,0.10276750475168228,0.6929759383201599,0.4069982171058655,0.3,0.2,0.001
1,22,0.33516228199005127,0.10365423560142517,0.4849945902824402,0.4300483167171478,0.3,0.2,0.001
1,23,0.3948500454425812,0.0975126326084137,0.7124118208885193,0.41806918382644653,0.3,0.2,0.001
1,24,0.5194636583328247,0.13524436950683594,0.9645292162895203,0.4743025004863739,0.3,0.2,0.001
1,25,0.34957316517829895,0.1076604574918747,0.5832656621932983,0.33466506004333496,0.3,0.2,0.001
1,26,0.3883938491344452,0.09322760999202728,0.7135055065155029,0.405572772026062,0.3,0.2,0.001
1,27,0.3877263367176056,0.0961444303393364,0.7661721706390381,0.3086511194705963,0.3,0.2,0.001
1,28,0.38686585426330566,0.0975143313407898,0.7271116971969604,0.35609006881713867,0.3,0.2,0.001
1,29,0.23957964777946472,0.0875706598162651,0.32197779417037964,0.27707818150520325,0.3,0.2,0.001
1,30,0.3992021083831787,0.0931849330663681,0.7960096001625061,0.33607134222984314,0.3,0.2,0.001
1,31,0.3127587139606476,0.08741091936826706,0.5454686284065247,0.3085360527038574,0.3,0.2,0.001
1,32,0.34037357568740845,0.08425562083721161,0.5314710140228271,0.4833831787109375,0.3,0.2,0.001
1,33,0.48459291458129883,0.11077901721000671,0.9359715580940247,0.46511203050613403,0.3,0.2,0.001
1,34,0.4038463234901428,0.09120938926935196,0.7578920125961304,0.4263465702533722,0.3,0.2,0.001
1,35,0.256669819355011,0.08676455914974213,0.35736948251724243,0.3134719133377075,0.3,0.2,0.001
1,36,0.3669576048851013,0.08854692429304123,0.6799503564834595,0.37212786078453064,0.3,0.2,0.001
1,37,0.3427008390426636,0.08345945924520493,0.5956834554672241,0.4026815891265869,0.3,0.2,0.001
1,38,0.41134318709373474,0.08665481954813004,0.8301180005073547,0.37826472520828247,0.3,0.2,0.001
1,39,0.26831352710723877,0.07678363472223282,0.4213765859603882,0.3255845010280609,0.3,0.2,0.001
1,40,0.45264437794685364,0.09359409660100937,0.8914112448692322,0.45813438296318054,0.3,0.2,0.001
1,41,0.33327341079711914,0.08181353658437729,0.527683675289154,0.4657738208770752,0.3,0.2,0.001
1,42,0.3877986967563629,0.08962001651525497,0.8049188256263733,0.2835150957107544,0.3,0.2,0.001
1,43,0.3859684467315674,0.09058281034231186,0.7025272846221924,0.42313718795776367,0.3,0.2,0.001
1,44,0.5073721408843994,0.14281144738197327,0.9198762774467468,0.44298890233039856,0.3,0.2,0.001
1,45,0.4827563166618347,0.09693562239408493,0.9418984651565552,0.5162555575370789,0.3,0.2,0.001
1,46,0.48519137501716614,0.13498884439468384,0.925939679145813,0.3621031641960144,0.3,0.2,0.001
1,47,0.4349696636199951,0.09003980457782745,0.8771684765815735,0.4088965058326721,0.3,0.2,0.001
1,48,0.37199005484580994,0.08426835387945175,0.7768253087997437,0.2733704447746277,0.3,0.2,0.001
1,49,0.2559800148010254,0.07055508345365524,0.3951531648635864,0.3343948721885681,0.3,0.2,0.001
1,50,0.2657628655433655,0.07281516492366791,0.34180760383605957,0.45202693343162537,0.3,0.2,0.001
1,51,0.4739421308040619,0.1029009073972702,0.9655213952064514,0.4069240689277649,0.3,0.2,0.001
1,52,0.45195767283439636,0.0791679248213768,0.8250581622123718,0.6263614892959595,0.3,0.2,0.001
1,53,0.38656044006347656,0.0808548852801323,0.8085618615150452,0.3156849443912506,0.3,0.2,0.001
1,54,0.3067365288734436,0.07376768440008163,0.5674704313278198,0.3136385679244995,0.3,0.2,0.001
1,55,0.40916332602500916,0.07210278511047363,0.7348777055740356,0.582986056804657,0.3,0.2,0.001
1,56,0.30590614676475525,0.06727144122123718,0.5235429406166077,0.40785905718803406,0.3,0.2,0.001
1,57,0.36057084798812866,0.07988054305315018,0.6127210855484009,0.48436978459358215,0.3,0.2,0.001
1,58,0.4749741554260254,0.10260827839374542,0.913983941078186,0.490853488445282,0.3,0.2,0.001
1,59,0.3971601724624634,0.071178138256073,0.7620624303817749,0.4868163764476776,0.3,0.2,0.001
1,60,0.25757548213005066,0.06651083379983902,0.2839978337287903,0.5293264985084534,0.3,0.2,0.001
1,61,0.33743980526924133,0.06674277037382126,0.6618249416351318,0.36074766516685486,0.3,0.2,0.001
1,62,0.4041817784309387,0.07016217708587646,0.7956109642982483,0.47668153047561646,0.3,0.2,0.001
1,63,0.4215626120567322,0.0754302367568016,0.8639022707939148,0.4348084330558777,0.3,0.2,0.001
1,64,0.3911137878894806,0.07372616231441498,0.694144606590271,0.5457212328910828,0.3,0.2,0.001
1,65,0.202085480093956,0.07598194479942322,0.23518967628479004,0.27773311734199524,0.3,0.2,0.001
1,66,0.29954004287719727,0.06465771794319153,0.46864068508148193,0.47145044803619385,0.3,0.2,0.001
1,67,0.42575496435165405,0.10551746934652328,0.886093020439148,0.27204787731170654,0.3,0.2,0.001
1,68,0.4766784906387329,0.0905439704656601,0.951931357383728,0.5027756690979004,0.3,0.2,0.001
1,69,0.301027774810791,0.07310658693313599,0.454806923866272,0.45739561319351196,0.3,0.2,0.001
1,70,0.28089532256126404,0.0601312518119812,0.49710917472839355,0.3581565022468567,0.3,0.2,0.001
1,71,0.3857392370700836,0.0656546801328659,0.773297905921936,0.440475732088089,0.3,0.2,0.001
1,72,0.31324729323387146,0.06287246942520142,0.5554704666137695,0.41866835951805115,0.3,0.2,0.001
1,73,0.3195248246192932,0.06030372902750969,0.6456500291824341,0.32763025164604187,0.3,0.2,0.001
1,74,0.22295203804969788,0.059341639280319214,0.2968049645423889,0.37284448742866516,0.3,0.2,0.001
1,75,0.32221662998199463,0.059320252388715744,0.6198033094406128,0.3847769498825073,0.3,0.2,0.001
1,76,0.38889825344085693,0.06117301061749458,0.7927768230438232,0.44946083426475525,0.3,0.2,0.001
1,77,0.3010138273239136,0.05924300104379654,0.5510332584381104,0.3823041319847107,0.3,0.2,0.001
1,78,0.21113087236881256,0.05220308154821396,0.23109441995620728,0.4479973018169403,0.3,0.2,0.001
1,79,0.307487428188324,0.06544443219900131,0.5338810682296753,0.4093932509422302,0.3,0.2,0.001
1,80,0.374576598405838,0.05835646763443947,0.7327309846878052,0.4820041060447693,0.3,0.2,0.001
1,81,0.34345901012420654,0.054181043058633804,0.6776575446128845,0.42990347743034363,0.3,0.2,0.001
1,82,0.4695982336997986,0.07287240028381348,0.9558918476104736,0.5497913360595703,0.3,0.2,0.001
1,83,0.24870166182518005,0.05118337273597717,0.37117379903793335,0.4308306872844696,0.3,0.2,0.001
1,84,0.3150111734867096,0.056276094168424606,0.6156498789787292,0.3702005445957184,0.3,0.2,0.001
1,85,0.2763984501361847,0.08941937237977982,0.31160682439804077,0.4674851894378662,0.3,0.2,0.001
1,86,0.3500097990036011,0.05380183085799217,0.712498664855957,0.41229191422462463,0.3,0.2,0.001
1,87,0.4374331831932068,0.06872430443763733,0.9427835941314697,0.42936888337135315,0.3,0.2,0.001
1,88,0.1749623566865921,0.048891566693782806,0.21917670965194702,0.30158886313438416,0.3,0.2,0.001
1,89,0.35128718614578247,0.05644947662949562,0.8004869222640991,0.27345800399780273,0.3,0.2,0.001
1,90,0.27592265605926514,0.05446060374379158,0.4461017847061157,0.43815749883651733,0.3,0.2,0.001
1,91,0.223785400390625,0.05147691071033478,0.34846770763397217,0.33884087204933167,0.3,0.2,0.001
1,92,0.39103877544403076,0.07746075093746185,0.7987111806869507,0.3698233366012573,0.3,0.2,0.001
1,93,0.43813666701316833,0.06545612961053848,0.931144118309021,0.466686487197876,0.3,0.2,0.001
1,94,0.2793792486190796,0.05029298737645149,0.6057615876197815,0.23678891360759735,0.3,0.2,0.001
1,95,0.1775743067264557,0.048194896429777145,0.22266632318496704,0.31289759278297424,0.3,0.2,0.001
1,96,0.24166280031204224,0.04835930094122887,0.32528936862945557,0.4785834550857544,0.3,0.2,0.001
1,97,0.38602402806282043,0.0500837005674839,0.7830329537391663,0.5051522254943848,0.3,0.2,0.001
1,98,0.16521316766738892,0.046136412769556046,0.2122933268547058,0.27694371342658997,0.3,0.2,0.001
2,0,0.29416608810424805,0.04860217869281769,0.5813859105110168,0.35574057698249817,0.3,0.2,0.001
2,1,0.2465943992137909,0.04448186606168747,0.38155341148376465,0.4382326006889343,0.3,0.2,0.001
2,2,0.21690021455287933,0.047023218125104904,0.32449036836624146,0.36264941096305847,0.3,0.2,0.001
2,3,0.194216787815094,0.03986252471804619,0.2967489957809448,0.3266478478908539,0.3,0.2,0.001
2,4,0.24573636054992676,0.04736440256237984,0.44184523820877075,0.3290919065475464,0.3,0.2,0.001
2,5,0.3421604037284851,0.04753824323415756,0.7474667429924011,0.3519105613231659,0.3,0.2,0.001
2,6,0.23682153224945068,0.04183054342865944,0.40545278787612915,0.3667757511138916,0.3,0.2,0.001
2,7,0.4642382264137268,0.13582195341587067,0.8085771799087524,0.42921552062034607,0.3,0.2,0.001
2,8,0.24638989567756653,0.04310743510723114,0.35707205533981323,0.4808041751384735,0.3,0.2,0.001
2,9,0.3285830020904541,0.04753746837377548,0.768233597278595,0.2528771162033081,0.3,0.2,0.001
2,10,0.29096880555152893,0.049866609275341034,0.5647120475769043,0.3584428131580353,0.3,0.2,0.001
2,11,0.38337674736976624,0.05161549150943756,0.8138124942779541,0.43808743357658386,0.3,0.2,0.001
2,12,0.29379725456237793,0.03978663310408592,0.6088299751281738,0.3568081557750702,0.3,0.2,0.001
2,13,0.157260000705719,0.041045449674129486,0.19189751148223877,0.293226420879364,0.3,0.2,0.001
2,14,0.19351831078529358,0.05051529034972191,0.16250556707382202,0.47125673294067383,0.3,0.2,0.001
2,15,0.24021461606025696,0.043655551970005035,0.3128623366355896,0.513501763343811,0.3,0.2,0.001
2,16,0.36847153306007385,0.051295340061187744,0.7985122799873352,0.38811248540878296,0.3,0.2,0.001
2,17,0.2534336745738983,0.04384806379675865,0.39583736658096313,0.4541720151901245,0.3,0.2,0.001
2,18,0.3400586247444153,0.0412302203476429,0.7495041489601135,0.36988565325737,0.3,0.2,0.001
2,19,0.28541824221611023,0.04524765908718109,0.506725549697876,0.44076454639434814,0.3,0.2,0.001
2,20,0.1694311648607254,0.03732359781861305,0.2602112889289856,0.2702208459377289,0.3,0.2,0.001
2,21,0.2899264097213745,0.041117291897535324,0.5524727702140808,0.4153364300727844,0.3,0.2,0.001
2,22,0.15972664952278137,0.04152171313762665,0.14148759841918945,0.37879329919815063,0.3,0.2,0.001
2,23,0.3312765657901764,0.03949930891394615,0.687693178653717,0.42734643816947937,0.3,0.2,0.001
2,24,0.32097333669662476,0.040124911814928055,0.6794319748878479,0.3850940763950348,0.3,0.2,0.001
2,25,0.398390531539917,0.0888877734541893,0.7734667658805847,0.3873136639595032,0.3,0.2,0.001
2,26,0.18608759343624115,0.034176863729953766,0.2258729338645935,0.42074424028396606,0.3,0.2,0.001
2,27,0.15279613435268402,0.034358229488134384,0.1412583589553833,0.38030198216438293,0.3,0.2,0.001
2,28,0.152752086520195,0.03437736630439758,0.15906190872192383,0.3532807528972626,0.3,0.2,0.001
2,29,0.39144447445869446,0.053438518196344376,0.8392342329025269,0.43117833137512207,0.3,0.2,0.001
2,30,0.23560017347335815,0.031266048550605774,0.47388947010040283,0.3108363151550293,0.3,0.2,0.001
2,31,0.2940758764743805,0.03589377552270889,0.6126667261123657,0.37191033363342285,0.3,0.2,0.001
2,32,0.24011564254760742,0.03649783506989479,0.37477558851242065,0.4559256434440613,0.3,0.2,0.001
2,33,0.17997325956821442,0.034713998436927795,0.3191714286804199,0.24753911793231964,0.3,0.2,0.001
2,34,0.25005507469177246,0.033163972198963165,0.5040138959884644,0.3284347355365753,0.3,0.2,0.001
2,35,0.22623927891254425,0.04014134034514427,0.39142370223999023,0.34335410594940186,0.3,0.2,0.001
2,36,0.35909968614578247,0.03949259966611862,0.7690663933753967,0.444435715675354,0.3,0.2,0.001
2,37,0.16873455047607422,0.036558397114276886,0.18742722272872925,0.3797399699687958,0.3,0.2,0.001
2,38,0.41711780428886414,0.050294969230890274,0.9251643419265747,0.4463675320148468,0.3,0.2,0.001
2,39,0.4216558635234833,0.05976968631148338,0.9169232249259949,0.4340459406375885,0.3,0.2,0.001
2,40,0.2667309641838074,0.038896992802619934,0.6057648658752441,0.2305225431919098,0.3,0.2,0.001
2,41,0.1886434704065323,0.028782537207007408,0.23460066318511963,0.4474036395549774,0.3,0.2,0.001
2,42,0.40425342321395874,0.05089227482676506,0.8968018293380737,0.4216029942035675,0.3,0.2,0.001
2,43,0.15395140647888184,0.03480697050690651,0.17560279369354248,0.3323180079460144,0.3,0.2,0.001
2,44,0.2987651824951172,0.03512858971953392,0.6527526378631592,0.3390538990497589,0.3,0.2,0.001
2,45,0.19870734214782715,0.02960171550512314,0.26280200481414795,0.45132505893707275,0.3,0.2,0.001
2,46,0.29601001739501953,0.03193723037838936,0.5929266214370728,0.43097394704818726,0.3,0.2,0.001
2,47,0.14722716808319092,0.03241109475493431,0.15358948707580566,0.34369611740112305,0.3,0.2,0.001
2,48,0.3945811986923218,0.04369084909558296,0.8575860261917114,0.4680726230144501,0.3,0.2,0.001
2,49,0.14921614527702332,0.038167860358953476,0.15757280588150024,0.3188822269439697,0.3,0.2,0.001
2,50,0.3963352143764496,0.07599767297506332,0.7730580568313599,0.44210055470466614,0.3,0.2,0.001
2,51,0.2418426126241684,0.03258061408996582,0.42896467447280884,0.40286293625831604,0.3,0.2,0.001
2,52,0.3203474283218384,0.03284487500786781,0.7130107879638672,0.3679964542388916,0.3,0.2,0.001
2,53,0.2783336937427521,0.029067212715744972,0.5795923471450806,0.37694379687309265,0.3,0.2,0.001
2,54,0.4008834958076477,0.046897441148757935,0.9235433340072632,0.3846152424812317,0.3,0.2,0.001
2,55,0.19918520748615265,0.03319826349616051,0.3550320863723755,0.2973865866661072,0.3,0.2,0.001
2,56,0.2835644483566284,0.02822822704911232,0.6322615742683411,0.3282887637615204,0.3,0.2,0.001
2,57,0.1951526254415512,0.030748816207051277,0.2411518096923828,0.46029132604599,0.3,0.2,0.001
2,58,0.1986446976661682,0.025722721591591835,0.3588835597038269,0.3262845277786255,0.3,0.2,0.001
2,59,0.23037375509738922,0.03171942010521889,0.37955933809280396,0.42393267154693604,0.3,0.2,0.001
2,60,0.3334956765174866,0.035910651087760925,0.675925612449646,0.4740365743637085,0.3,0.2,0.001
2,61,0.17274810373783112,0.024529166519641876,0.22610777616500854,0.4019329845905304,0.3,0.2,0.001
2,62,0.39343953132629395,0.04884384945034981,0.9073449373245239,0.36196088790893555,0.3,0.2,0.001
2,63,0.1258358657360077,0.03017604351043701,0.1408374309539795,0.26704299449920654,0.3,0.2,0.001
2,64,0.2144278585910797,0.025020785629749298,0.4302312731742859,0.30168846249580383,0.3,0.2,0.001
2,65,0.22585086524486542,0.04397687315940857,0.2281154990196228,0.5671966671943665,0.3,0.2,0.001
2,66,0.28572431206703186,0.032561901956796646,0.5783945322036743,0.3982202410697937,0.3,0.2,0.001
2,67,0.3765034079551697,0.0407581590116024,0.8034589290618896,0.4735378623008728,0.3,0.2,0.001
2,68,0.134179025888443,0.022897837683558464,0.11047554016113281,0.3906926214694977,0.3,0.2,0.001
2,69,0.3104945421218872,0.030961427837610245,0.7258213758468628,0.3089334964752197,0.3,0.2,0.001
2,70,0.12391745299100876,0.025431377813220024,0.11629211902618408,0.3179921805858612,0.3,0.2,0.001
2,71,0.34049034118652344,0.06299666315317154,0.6717876195907593,0.3797868490219116,0.3,0.2,0.001
2,72,0.18243789672851562,0.029350707307457924,0.2996349334716797,0.3159835636615753,0.3,0.2,0.001
2,73,0.21560171246528625,0.025493325665593147,0.4016757607460022,0.3480282425880432,0.3,0.2,0.001
2,74,0.3842898905277252,0.04017825424671173,0.7970004677772522,0.5250574946403503,0.3,0.2,0.001
2,75,0.2386438250541687,0.02667585201561451,0.4721299409866333,0.3516448736190796,0.3,0.2,0.001
2,76,0.3432653844356537,0.06724119931459427,0.6429868936538696,0.4156404435634613,0.3,0.2,0.001
2,77,0.39347273111343384,0.038532909005880356,0.9521898031234741,0.3464142382144928,0.3,0.2,0.001
2,78,0.141382098197937,0.04079810157418251,0.12183338403701782,0.32016992568969727,0.3,0.2,0.001
2,79,0.20231924951076508,0.024838905781507492,0.33815497159957886,0.38016921281814575,0.3,0.2,0.001
2,80,0.18935111165046692,0.03985171020030975,0.2025982141494751,0.443599671125412,0.3,0.2,0.001
2,81,0.17946720123291016,0.030947886407375336,0.2352769374847412,0.3896811008453369,0.3,0.2,0.001
2,82,0.2008146345615387,0.03174090385437012,0.24741214513778687,0.4742504358291626,0.3,0.2,0.001
2,83,0.21597729623317719,0.023625552654266357,0.45135897397994995,0.28472021222114563,0.3,0.2,0.001
2,84,0.19840623438358307,0.025118906050920486,0.27062803506851196,0.46049460768699646,0.3,0.2,0.001
2,85,0.2713330388069153,0.02817951887845993,0.4695032835006714,0.5115125775337219,0.3,0.2,0.001
2,86,0.2052413523197174,0.02307361178100109,0.37349259853363037,0.35059982538223267,0.3,0.2,0.001
2,87,0.24199432134628296,0.023099057376384735,0.4013822674751282,0.49240291118621826,0.3,0.2,0.001
2,88,0.2276291400194168,0.07828841358423233,0.22140365839004517,0.41459813714027405,0.3,0.2,0.001
2,89,0.39009523391723633,0.03556990623474121,0.8031461834907532,0.5679073333740234,0.3,0.2,0.001
2,90,0.26666882634162903,0.021400602534413338,0.4505664110183716,0.550491452217102,0.3,0.2,0.001
2,91,0.281596839427948,0.02184082381427288,0.5147833824157715,0.526604950428009,0.3,0.2,0.001
2,92,0.1591622531414032,0.025739090517163277,0.18492645025253296,0.38972607254981995,0.3,0.2,0.001
2,93,0.39236515760421753,0.034277431666851044,0.8643923997879028,0.49384987354278564,0.3,0.2,0.001
2,94,0.21441486477851868,0.018525121733546257,0.3356891870498657,0.4759148955345154,0.3,0.2,0.001
2,95,0.26934123039245605,0.02100999280810356,0.5388702154159546,0.4333508014678955,0.3,0.2,0.001
2,96,0.22285345196723938,0.022572137415409088,0.3882325291633606,0.419057697057724,0.3,0.2,0.001
2,97,0.26306650042533875,0.022233260795474052,0.5635493993759155,0.3588421046733856,0.3,0.2,0.001
2,98,0.3423747420310974,0.0891217589378357,0.5508580207824707,0.4399779140949249,0.3,0.2,0.001
3,0,0.2549384534358978,0.029239345341920853,0.44214046001434326,0.4652847945690155,0.3,0.2,0.001
3,1,0.30056464672088623,0.027741795405745506,0.6727097034454346,0.3550496995449066,0.3,0.2,0.001
3,2,0.3139632046222687,0.03268550708889961,0.6302120089530945,0.4610705077648163,0.3,0.2,0.001
3,3,0.15542161464691162,0.023621974512934685,0.1743214726448059,0.3975159227848053,0.3,0.2,0.001
3,4,0.11393429338932037,0.016315048560500145,0.18450170755386353,0.2113436460494995,0.3,0.2,0.001
3,5,0.23524901270866394,0.01656954549252987,0.4042910933494568,0.4869607090950012,0.3,0.2,0.001
3,6,0.18098777532577515,0.016563495621085167,0.3112013339996338,0.3553193211555481,0.3,0.2,0.001
3,7,0.16636519134044647,0.014935807324945927,0.3149566650390625,0.28471192717552185,0.3,0.2,0.001
3,8,0.27081429958343506,0.01980576105415821,0.5964779853820801,0.3603256940841675,0.3,0.2,0.001
3,9,0.2811940312385559,0.02777632139623165,0.6274106502532959,0.3259725570678711,0.3,0.2,0.001
3,10,0.23061345517635345,0.01867663860321045,0.500341534614563,0.30917173624038696,0.3,0.2,0.001
3,11,0.18358638882637024,0.018060993403196335,0.32297903299331665,0.34315839409828186,0.3,0.2,0.001
3,12,0.35576409101486206,0.03549370542168617,0.7614278197288513,0.4592101275920868,0.3,0.2,0.001
3,13,0.16109949350357056,0.02166610397398472,0.2664056420326233,0.2975585162639618,0.3,0.2,0.001
3,14,0.3761357069015503,0.10088392347097397,0.659970760345459,0.3863028287887573,0.3,0.2,0.001
3,15,0.19963863492012024,0.018405379727482796,0.3146832585334778,0.4341413676738739,0.3,0.2,0.001
3,16,0.31082049012184143,0.10775034129619598,0.4489375948905945,0.34194430708885193,0.3,0.2,0.001
3,17,0.15412811934947968,0.020810376852750778,0.25122928619384766,0.28974470496177673,0.3,0.2,0.001
3,18,0.26583215594291687,0.01983797363936901,0.5842386484146118,0.35361286997795105,0.3,0.2,0.001
3,19,0.1987062394618988,0.017327532172203064,0.3319120407104492,0.4090254306793213,0.3,0.2,0.001
3,20,0.13748274743556976,0.0445004366338253,0.12067258358001709,0.28390267491340637,0.3,0.2,0.001
3,21,0.1661219447851181,0.02867727540433407,0.12480020523071289,0.5000230073928833,0.3,0.2,0.001
3,22,0.1961607187986374,0.018167655915021896,0.36850565671920776,0.33720678091049194,0.3,0.2,0.001
3,23,0.2680182456970215,0.01788891851902008,0.5436344146728516,0.4351949691772461,0.3,0.2,0.001
3,24,0.18354128301143646,0.028852298855781555,0.18687325716018677,0.493135005235672,0.3,0.2,0.001
3,25,0.3469730317592621,0.04878941923379898,0.6265348196029663,0.5511157512664795,0.3,0.2,0.001
3,26,0.1308516561985016,0.023935392498970032,0.09991401433944702,0.38471031188964844,0.3,0.2,0.001
3,27,0.1824755072593689,0.023859404027462006,0.2162075638771057,0.4687691926956177,0.3,0.2,0.001
3,28,0.21975266933441162,0.0165718924254179,0.37253618240356445,0.4570996165275574,0.3,0.2,0.001
3,29,0.11362338066101074,0.017695922404527664,0.1327245831489563,0.28055042028427124,0.3,0.2,0.001
3,30,0.16016113758087158,0.016168180853128433,0.22080671787261963,0.3887546956539154,0.3,0.2,0.001
3,31,0.1405281126499176,0.015679610893130302,0.1948850154876709,0.3319149911403656,0.3,0.2,0.001
3,32,0.3710535764694214,0.02380039170384407,0.754651665687561,0.6042884588241577,0.3,0.2,0.001
3,33,0.2687067687511444,0.01876765862107277,0.6024994850158691,0.3459463119506836,0.3,0.2,0.001
3,34,0.30171096324920654,0.02775140292942524,0.6941279172897339,0.3286058306694031,0.3,0.2,0.001
3,35,0.4167865216732025,0.03938598930835724,0.8934447765350342,0.5468355417251587,0.3,0.2,0.001
3,36,0.13420946896076202,0.032466497272253036,0.0998983383178711,0.358867347240448,0.3,0.2,0.001
3,37,0.13132312893867493,0.015111196786165237,0.10833656787872314,0.41855481266975403,0.3,0.2,0.001
3,38,0.21428550779819489,0.015791216865181923,0.4024159908294678,0.3888474404811859,0.3,0.2,0.001
3,39,0.36070874333381653,0.031319670379161835,0.82021564245224,0.4166218042373657,0.3,0.2,0.001
3,40,0.23722894489765167,0.01704409345984459,0.5275821089744568,0.30955106019973755,0.3,0.2,0.001
3,41,0.21520617604255676,0.02245851419866085,0.3202759623527527,0.4833242893218994,0.3,0.2,0.001
3,42,0.1867060363292694,0.01721942611038685,0.2856014370918274,0.41903093457221985,0.3,0.2,0.001
3,43,0.18334393203258514,0.017435723915696144,0.30377286672592163,0.3738816976547241,0.3,0.2,0.001
3,44,0.22810137271881104,0.013228515163064003,0.45710837841033936,0.3887016475200653,0.3,0.2,0.001
3,45,0.1735042929649353,0.015717273578047752,0.21737241744995117,0.46287643909454346,0.3,0.2,0.001
3,46,0.11000660061836243,0.01903003267943859,0.0763700008392334,0.34032782912254333,0.3,0.2,0.001
3,47,0.10943305492401123,0.018750296905636787,0.07825887203216553,0.3360254466533661,0.3,0.2,0.001
3,48,0.16403958201408386,0.02153140865266323,0.2272782325744629,0.3716234862804413,0.3,0.2,0.001
3,49,0.1915161907672882,0.013093573041260242,0.3757033348083496,0.328558087348938,0.3,0.2,0.001
3,50,0.13005484640598297,0.021882718428969383,0.07041001319885254,0.4352456033229828,0.3,0.2,0.001
3,51,0.13457226753234863,0.017441602423787117,0.19814592599868774,0.2884344458580017,0.3,0.2,0.001
3,52,0.2395113855600357,0.014552166685461998,0.45178139209747314,0.44712400436401367,0.3,0.2,0.001
3,53,0.17184419929981232,0.022307628765702248,0.17145663499832153,0.4904978573322296,0.3,0.2,0.001
3,54,0.21994346380233765,0.013672202825546265,0.4594864845275879,0.3421265184879303,0.3,0.2,0.001
3,55,0.36567452549934387,0.03759332001209259,0.7570286989212036,0.5048629641532898,0.3,0.2,0.001
3,56,0.37524449825286865,0.034398455172777176,0.8227192759513855,0.4701513648033142,0.3,0.2,0.001
3,57,0.13325364887714386,0.010382918640971184,0.10054737329483032,0.46353256702423096,0.3,0.2,0.001
3,58,0.20222264528274536,0.01503968145698309,0.32039713859558105,0.4553191065788269,0.3,0.2,0.001
3,59,0.14180397987365723,0.011606772430241108,0.2581867575645447,0.26370587944984436,0.3,0.2,0.001
3,60,0.36300602555274963,0.022097527980804443,0.83740234375,0.44843894243240356,0.3,0.2,0.001
3,61,0.3854478895664215,0.026685727760195732,0.8756567239761353,0.48032569885253906,0.3,0.2,0.001
3,62,0.16849595308303833,0.013232975266873837,0.28097885847091675,0.3548465371131897,0.3,0.2,0.001
3,63,0.15643370151519775,0.013306627050042152,0.1707087755203247,0.4595721662044525,0.3,0.2,0.001
3,64,0.12036797404289246,0.010076463222503662,0.13090044260025024,0.3551068902015686,0.3,0.2,0.001
3,65,0.21467578411102295,0.012202338315546513,0.4074808955192566,0.4011458456516266,0.3,0.2,0.001
3,66,0.17876923084259033,0.015417903661727905,0.1309106945991516,0.6203905344009399,0.3,0.2,0.001
3,67,0.11828625202178955,0.011397991329431534,0.11379611492156982,0.36374711990356445,0.3,0.2,0.001
3,68,0.1694691926240921,0.016664260998368263,0.29075300693511963,0.3278951346874237,0.3,0.2,0.001
3,69,0.19821055233478546,0.05413415655493736,0.2029280662536621,0.41598984599113464,0.3,0.2,0.001
3,70,0.18694299459457397,0.015471432358026505,0.24528348445892334,0.48943257331848145,0.3,0.2,0.001
3,71,0.09655311703681946,0.020016860216856003,0.08785086870193481,0.25090494751930237,0.3,0.2,0.001
3,72,0.2186172902584076,0.01211722381412983,0.3596581816673279,0.4930129945278168,0.3,0.2,0.001
3,73,0.15331099927425385,0.012233762070536613,0.26375532150268555,0.3097532093524933,0.3,0.2,0.001
3,74,0.2395656406879425,0.06703063100576401,0.26015591621398926,0.4724411070346832,0.3,0.2,0.001
3,75,0.1954660713672638,0.012051627971231937,0.35637032985687256,0.38251668214797974,0.3,0.2,0.001
3,76,0.11187566816806793,0.020969627425074577,0.08301430940628052,0.33000871539115906,0.3,0.2,0.001
3,77,0.14238449931144714,0.012097934260964394,0.1908663511276245,0.3651333153247833,0.3,0.2,0.001
3,78,0.17607444524765015,0.014537413604557514,0.2814856171607971,0.38545671105384827,0.3,0.2,0.001
3,79,0.1642598807811737,0.02475191280245781,0.12027591466903687,0.5171259641647339,0.3,0.2,0.001
3,80,0.10194942355155945,0.015277943573892117,0.06671333312988281,0.33328738808631897,0.3,0.2,0.001
3,81,0.20369870960712433,0.012181714177131653,0.3755474090576172,0.3942638039588928,0.3,0.2,0.001
3,82,0.16333110630512238,0.01972283236682415,0.16686123609542847,0.4677495062351227,0.3,0.2,0.001
3,83,0.23685818910598755,0.016584312543272972,0.5244064331054688,0.3147597908973694,0.3,0.2,0.001
3,84,0.4106014370918274,0.04961170628666878,0.8840844631195068,0.4788217842578888,0.3,0.2,0.001
3,85,0.10385284572839737,0.013592262752354145,0.06487059593200684,0.35399699211120605,0.3,0.2,0.001
3,86,0.20111054182052612,0.012825045734643936,0.3762458562850952,0.3770587146282196,0.3,0.2,0.001
3,87,0.3615518808364868,0.03723058104515076,0.7841569185256958,0.44537094235420227,0.3,0.2,0.001
3,88,0.17928072810173035,0.016974998638033867,0.36079657077789307,0.27033382654190063,0.3,0.2,0.001
3,89,0.2731906473636627,0.016103675588965416,0.5129557251930237,0.516001284122467,0.3,0.2,0.001
3,90,0.303500771522522,0.022663336247205734,0.6755473613739014,0.39086616039276123,0.3,0.2,0.001
3,91,0.1322515904903412,0.03224765881896019,0.09905368089675903,0.35143905878067017,0.3,0.2,0.001
3,92,0.1327906847000122,0.01611022837460041,0.12112057209014893,0.40172144770622253,0.3,0.2,0.001
3,93,0.29065006971359253,0.08692234009504318,0.4008086323738098,0.41742560267448425,0.3,0.2,0.001
3,94,0.12288428843021393,0.01550344843417406,0.15445691347122192,0.3052188456058502,0.3,0.2,0.001
3,95,0.12692934274673462,0.018120547756552696,0.1296510100364685,0.3495674729347229,0.3,0.2,0.001
3,96,0.17128132283687592,0.016837647184729576,0.33409321308135986,0.27107852697372437,0.3,0.2,0.001
3,97,0.1550855040550232,0.017557242885231972,0.18449944257736206,0.410892128944397,0.3,0.2,0.001
3,98,0.1164308488368988,0.01958376169204712,0.08577120304107666,0.35557863116264343,0.3,0.2,0.001
4,0,0.22848862409591675,0.05213834345340729,0.32278066873550415,0.39758041501045227,0.3,0.2,0.001
4,1,0.200446218252182,0.017304707318544388,0.30462491512298584,0.458770215511322,0.3,0.2,0.001
4,2,0.12442728877067566,0.01985923759639263,0.12164807319641113,0.3403681516647339,0.3,0.2,0.001
4,3,0.10099612176418304,0.026301667094230652,0.0806044340133667,0.2525656521320343,0.3,0.2,0.001
4,4,0.19246049225330353,0.011598223820328712,0.3709237575531006,0.34792569279670715,0.3,0.2,0.001
4,5,0.2948013246059418,0.025843800976872444,0.5908735990524292,0.458477258682251,0.3,0.2,0.001
4,6,0.24098016321659088,0.01627989299595356,0.493053674697876,0.383920818567276,0.3,0.2,0.001
4,7,0.3547179400920868,0.02606186270713806,0.8317006826400757,0.3957293927669525,0.3,0.2,0.001
4,8,0.1909584105014801,0.01775156706571579,0.27683526277542114,0.45078134536743164,0.3,0.2,0.001
4,9,0.23894989490509033,0.012542733922600746,0.49185770750045776,0.39424917101860046,0.3,0.2,0.001
4,10,0.31243962049484253,0.023149162530899048,0.6631350517272949,0.4517495632171631,0.3,0.2,0.001
4,11,0.1959761381149292,0.05088140442967415,0.17001521587371826,0.47045081853866577,0.3,0.2,0.001
4,12,0.17086640000343323,0.009949094615876675,0.3221668004989624,0.3213362991809845,0.3,0.2,0.001
4,13,0.09864947944879532,0.017388178035616875,0.06544256210327148,0.30814266204833984,0.3,0.2,0.001
4,14,0.15001873672008514,0.02422923594713211,0.10433214902877808,0.47244924306869507,0.3,0.2,0.001
4,15,0.11934628337621689,0.013367687352001667,0.1378299593925476,0.3231480121612549,0.3,0.2,0.001
4,16,0.08199764788150787,0.017772063612937927,0.056170761585235596,0.23687176406383514,0.3,0.2,0.001
4,17,0.26188069581985474,0.052073631435632706,0.38092219829559326,0.4776519536972046,0.3,0.2,0.001
4,18,0.1523420661687851,0.01635555550456047,0.17929792404174805,0.41098564863204956,0.3,0.2,0.001
4,19,0.10886992514133453,0.018502868711948395,0.0698235034942627,0.34709998965263367,0.3,0.2,0.001
4,20,0.0904199481010437,0.010282181203365326,0.08245843648910522,0.27700117230415344,0.3,0.2,0.001
4,21,0.1334303617477417,0.010725177824497223,0.1971072554588318,0.31786495447158813,0.3,0.2,0.001
4,22,0.1251380443572998,0.006896026898175478,0.18929451704025269,0.30726829171180725,0.3,0.2,0.001
4,23,0.21201851963996887,0.008774809539318085,0.3776654005050659,0.4497203826904297,0.3,0.2,0.001
4,24,0.15098479390144348,0.013499514199793339,0.23446029424667358,0.33573588728904724,0.3,0.2,0.001
4,25,0.2333870232105255,0.01514192670583725,0.4874812960624695,0.3600035607814789,0.3,0.2,0.001
4,26,0.12902896106243134,0.007842842489480972,0.160611093044281,0.3650139272212982,0.3,0.2,0.001
4,27,0.15352043509483337,0.01274089328944683,0.21120887994766235,0.38708439469337463,0.3,0.2,0.001
4,28,0.133414626121521,0.00976801011711359,0.21290838718414307,0.2988705039024353,0.3,0.2,0.001
4,29,0.2940688133239746,0.0214698389172554,0.6008749008178711,0.4616824686527252,0.3,0.2,0.001
4,30,0.1369515359401703,0.007672375533729792,0.1932518482208252,0.356518030166626,0.3,0.2,0.001
4,31,0.13118420541286469,0.007574671879410744,0.16642320156097412,0.3684128522872925,0.3,0.2,0.001
4,32,0.12765218317508698,0.014987988397479057,0.1796201467514038,0.2938907742500305,0.3,0.2,0.001
4,33,0.09746214747428894,0.023014919832348824,0.08580905199050903,0.24352256953716278,0.3,0.2,0.001
4,34,0.16314607858657837,0.008588016964495182,0.23932421207427979,0.41380399465560913,0.3,0.2,0.001
4,35,0.18558035790920258,0.01051004882901907,0.3917211890220642,0.28776970505714417,0.3,0.2,0.001
4,36,0.3268474042415619,0.0223588477820158,0.6986442804336548,0.47447630763053894,0.3,0.2,0.001
4,37,0.10522674769163132,0.01727941259741783,0.0723426342010498,0.3312227129936218,0.3,0.2,0.001
4,38,0.10317789018154144,0.006668801885098219,0.09408938884735107,0.34141138195991516,0.3,0.2,0.001
4,39,0.14897342026233673,0.008607078343629837,0.29437851905822754,0.2602638900279999,0.3,0.2,0.001
4,40,0.12119673192501068,0.011668731458485126,0.21392548084259033,0.22675172984600067,0.3,0.2,0.001
4,41,0.1562093198299408,0.007894265465438366,0.2845523953437805,0.3147467076778412,0.3,0.2,0.001
4,42,0.22386851906776428,0.013753806240856647,0.44339293241500854,0.38548412919044495,0.3,0.2,0.001
4,43,0.25084275007247925,0.04216434806585312,0.40645408630371094,0.4337107539176941,0.3,0.2,0.001
4,44,0.13537795841693878,0.006051509641110897,0.08880895376205444,0.5134187936782837,0.3,0.2,0.001
4,45,0.12307826429605484,0.015615132637321949,0.16221016645431519,0.29400038719177246,0.3,0.2,0.001
4,46,0.10633116215467453,0.010129949077963829,0.0522230863571167,0.4026714265346527,0.3,0.2,0.001
4,47,0.27181994915008545,0.021929660812020302,0.5575023889541626,0.41319775581359863,0.3,0.2,0.001
4,48,0.11878500133752823,0.007951152510941029,0.2155095338821411,0.23090492188930511,0.3,0.2,0.001
4,49,0.12439863383769989,0.006913086399435997,0.06557369232177734,0.4890671968460083,0.3,0.2,0.001
4,50,0.1282077133655548,0.006427271757274866,0.11561298370361328,0.4354827105998993,0.3,0.2,0.001
4,51,0.1449572741985321,0.017445920035243034,0.16619598865509033,0.3882628083229065,0.3,0.2,0.001
4,52,0.378284215927124,0.039218220859766006,0.8208309412002563,0.46408355236053467,0.3,0.2,0.001
4,53,0.2043190896511078,0.03370323032140732,0.3054211139678955,0.3949475884437561,0.3,0.2,0.001
4,54,0.15769264101982117,0.008728899993002415,0.25272446870803833,0.3657319247722626,0.3,0.2,0.001
4,55,0.12332566827535629,0.008448569104075432,0.19782638549804688,0.27764591574668884,0.3,0.2,0.001
4,56,0.11193129420280457,0.010132969357073307,0.12454581260681152,0.3221729099750519,0.3,0.2,0.001
4,57,0.19254779815673828,0.008778227493166924,0.2795776128768921,0.4994814097881317,0.3,0.2,0.001
4,58,0.09371127188205719,0.01412296388298273,0.057856976985931396,0.3111560344696045,0.3,0.2,0.001
4,59,0.12030886113643646,0.018064085394144058,0.11476612091064453,0.3390747010707855,0.3,0.2,0.001
4,60,0.1635560393333435,0.00815750751644373,0.3269515633583069,0.28656527400016785,0.3,0.2,0.001
4,61,0.29014280438423157,0.020925048738718033,0.561905026435852,0.5032311677932739,0.3,0.2,0.001
4,62,0.1864696443080902,0.00858200341463089,0.32889634370803833,0.39609360694885254,0.3,0.2,0.001
4,63,0.15525569021701813,0.011305857449769974,0.19654345512390137,0.42493394017219543,0.3,0.2,0.001
4,64,0.1913912296295166,0.009840636514127254,0.3622422218322754,0.3643896281719208,0.3,0.2,0.001
4,65,0.10994857549667358,0.015172254294157028,0.15579754114151,0.24018526077270508,0.3,0.2,0.001
4,66,0.1803731769323349,0.008404859341681004,0.2928304672241211,0.4205958843231201,0.3,0.2,0.001
4,67,0.26761943101882935,0.017569879069924355,0.5975086688995361,0.35398468375205994,0.3,0.2,0.001
4,68,0.14642265439033508,0.015122056007385254,0.09909790754318237,0.5078561305999756,0.3,0.2,0.001
4,69,0.3363836407661438,0.028710724785923958,0.6975557804107666,0.49203088879585266,0.3,0.2,0.001
4,70,0.15050634741783142,0.012628447264432907,0.2207614779472351,0.35824719071388245,0.3,0.2,0.001
4,71,0.09522272646427155,0.007831650786101818,0.05827665328979492,0.3495404124259949,0.3,0.2,0.001
4,72,0.11770115047693253,0.009315134957432747,0.11126339435577393,0.37503498792648315,0.3,0.2,0.001
4,73,0.0825599953532219,0.007105338852852583,0.07744091749191284,0.26111188530921936,0.3,0.2,0.001
4,74,0.12076210975646973,0.018272291868925095,0.07085269689559937,0.4061700403690338,0.3,0.2,0.001
4,75,0.11670155823230743,0.012452807277441025,0.25977277755737305,0.1315845549106598,0.3,0.2,0.001
4,76,0.14978261291980743,0.0048984624445438385,0.1877901554107666,0.4427355229854584,0.3,0.2,0.001
4,77,0.35791048407554626,0.023410184308886528,0.8059022426605225,0.46364811062812805,0.3,0.2,0.001
4,78,0.12234971672296524,0.018944624811410904,0.07245290279388428,0.4083460867404938,0.3,0.2,0.001
4,79,0.13029007613658905,0.005504121072590351,0.06980741024017334,0.5192186236381531,0.3,0.2,0.001
4,80,0.14677724242210388,0.009572493843734264,0.2102222442626953,0.37069037556648254,0.3,0.2,0.001
4,81,0.1707703322172165,0.008154447190463543,0.1627768874168396,0.5689140558242798,0.3,0.2,0.001
4,82,0.11351720243692398,0.008709447458386421,0.07906240224838257,0.4054451584815979,0.3,0.2,0.001
4,83,0.20958775281906128,0.010469654574990273,0.3948155641555786,0.40336716175079346,0.3,0.2,0.001
4,84,0.14443692564964294,0.009071636013686657,0.15533077716827393,0.443830281496048,0.3,0.2,0.001
4,85,0.22978681325912476,0.01784157194197178,0.4126182198524475,0.44079887866973877,0.3,0.2,0.001
4,86,0.14923971891403198,0.018448835238814354,0.12508279085159302,0.46633026003837585,0.3,0.2,0.001
4,87,0.15004859864711761,0.01261624600738287,0.24717777967453003,0.3163950741291046,0.3,0.2,0.001
4,88,0.10559072345495224,0.01763251982629299,0.07280170917510986,0.3305884301662445,0.3,0.2,0.001
4,89,0.1340402066707611,0.006334066856652498,0.23343580961227417,0.28837692737579346,0.3,0.2,0.001
4,90,0.10428883880376816,0.012004290707409382,0.09440630674362183,0.31981325149536133,0.3,0.2,0.001
4,91,0.1547616720199585,0.006141485646367073,0.2807135581970215,0.32203054428100586,0.3,0.2,0.001
4,92,0.13293719291687012,0.023859765380620956,0.06931263208389282,0.44141820073127747,0.3,0.2,0.001
4,93,0.3018435537815094,0.017259029671549797,0.6694813966751099,0.4187004566192627,0.3,0.2,0.001
4,94,0.15965710580348969,0.0077996873296797276,0.2606797218322754,0.3682675063610077,0.3,0.2,0.001
4,95,0.14995220303535461,0.013467512093484402,0.14962494373321533,0.457986056804657,0.3,0.2,0.001
4,96,0.1858668029308319,0.047628264874219894,0.14787888526916504,0.4693743586540222,0.3,0.2,0.001
4,97,0.0999353677034378,0.00641642464324832,0.11867672204971313,0.2895796000957489,0.3,0.2,0.001
4,98,0.08595278859138489,0.017462609335780144,0.053119659423828125,0.2627713978290558,0.3,0.2,0.001
5,0,0.25261402130126953,0.014027958735823631,0.5150940418243408,0.42028918862342834,0.3,0.2,0.001
5,1,0.17221024632453918,0.015173886902630329,0.2438545823097229,0.4193999171257019,0.3,0.2,0.001
5,2,0.15135647356510162,0.007756861858069897,0.22375643253326416,0.3823634088039398,0.3,0.2,0.001
5,3,0.1381990909576416,0.013369843363761902,0.14428073167800903,0.40772509574890137,0.3,0.2,0.001
5,4,0.14819000661373138,0.011487730778753757,0.19537687301635742,0.3904460370540619,0.3,0.2,0.001
5,5,0.1374685913324356,0.008889117278158665,0.20336651802062988,0.3378475606441498,0.3,0.2,0.001
5,6,0.15925604104995728,0.008455237373709679,0.3291015625,0.26035162806510925,0.3,0.2,0.001
5,7,0.1770252287387848,0.009740147739648819,0.37907278537750244,0.2678161859512329,0.3,0.2,0.001
5,8,0.15310299396514893,0.02687259204685688,0.1435883641242981,0.41576945781707764,0.3,0.2,0.001
5,9,0.10263895988464355,0.016987884417176247,0.0648375153541565,0.33099910616874695,0.3,0.2,0.001
5,10,0.26135003566741943,0.012883692048490047,0.5768913626670837,0.3769945204257965,0.3,0.2,0.001
5,11,0.13112783432006836,0.0065848021768033504,0.22328287363052368,0.28779083490371704,0.3,0.2,0.001
5,12,0.16677844524383545,0.007293440401554108,0.2404734492301941,0.4367147982120514,0.3,0.2,0.001
5,13,0.2877711355686188,0.08694873005151749,0.32903796434402466,0.5105550289154053,0.3,0.2,0.001
5,14,0.3511667847633362,0.02325485274195671,0.782092273235321,0.4664212763309479,0.3,0.2,0.001
5,15,0.1319059133529663,0.01284021232277155,0.15000289678573608,0.37032416462898254,0.3,0.2,0.001
5,16,0.12431851029396057,0.011251542717218399,0.2319231629371643,0.2174500823020935,0.3,0.2,0.001
5,17,0.24611234664916992,0.014720285311341286,0.4631311893463135,0.46226340532302856,0.3,0.2,0.001
5,18,0.12169362604618073,0.011756520718336105,0.14170211553573608,0.3371323049068451,0.3,0.2,0.001
5,19,0.19134709239006042,0.043439242988824844,0.30973386764526367,0.2749384045600891,0.3,0.2,0.001
5,20,0.11761268973350525,0.005050275009125471,0.06929785013198853,0.45886531472206116,0.3,0.2,0.001
5,21,0.11475279927253723,0.011269789189100266,0.1313379406929016,0.3204081058502197,0.3,0.2,0.001
5,22,0.25174596905708313,0.015526998788118362,0.5671796798706055,0.33032533526420593,0.3,0.2,0.001
5,23,0.3440164029598236,0.02597787231206894,0.7428556680679321,0.4759090542793274,0.3,0.2,0.001
5,24,0.15959173440933228,0.007132730912417173,0.2530354857444763,0.3827417194843292,0.3,0.2,0.001
5,25,0.11823269724845886,0.008560074493288994,0.17557060718536377,0.28500717878341675,0.3,0.2,0.001
5,26,0.11443501710891724,0.004355676006525755,0.10025787353515625,0.4000099003314972,0.3,0.2,0.001
5,27,0.1762455701828003,0.04105475917458534,0.16248607635498047,0.43222489953041077,0.3,0.2,0.001
5,28,0.08423802256584167,0.02016083151102066,0.07397353649139404,0.20942562818527222,0.3,0.2,0.001
5,29,0.11040482670068741,0.005434179678559303,0.06365668773651123,0.42936819791793823,0.3,0.2,0.001
5,30,0.13091321289539337,0.00883698184043169,0.1412603259086609,0.39849063754081726,0.3,0.2,0.001
5,31,0.1828954666852951,0.01273514237254858,0.3889729976654053,0.26734212040901184,0.3,0.2,0.001
5,32,0.10608494281768799,0.01286990661174059,0.08239912986755371,0.342476487159729,0.3,0.2,0.001
5,33,0.15532495081424713,0.005822464358061552,0.2778405547142029,0.33075156807899475,0.3,0.2,0.001
5,34,0.2181432545185089,0.0139091107994318,0.4285165071487427,0.3783958852291107,0.3,0.2,0.001
5,35,0.2717016935348511,0.01912078633904457,0.5305395126342773,0.46709516644477844,0.3,0.2,0.001
5,36,0.30625858902931213,0.023915505036711693,0.6846377849578857,0.38475874066352844,0.3,0.2,0.001
5,37,0.10156966745853424,0.007579444907605648,0.149305522441864,0.24599279463291168,0.3,0.2,0.001
5,38,0.2629620432853699,0.014736371114850044,0.4935052990913391,0.500870406627655,0.3,0.2,0.001
5,39,0.17580978572368622,0.011973295360803604,0.34831809997558594,0.2967052757740021,0.3,0.2,0.001
5,40,0.1447840929031372,0.012378552928566933,0.15976667404174805,0.42237764596939087,0.3,0.2,0.001
5,41,0.12926092743873596,0.0057010529562830925,0.20933008193969727,0.30380427837371826,0.3,0.2,0.001
5,42,0.11465372145175934,0.008345948532223701,0.15249770879745483,0.3027923107147217,0.3,0.2,0.001
5,43,0.15127921104431152,0.03873046115040779,0.15557897090911865,0.3293752074241638,0.3,0.2,0.001
5,44,0.12146022915840149,0.024258458986878395,0.1508115530014038,0.2597915232181549,0.3,0.2,0.001
5,45,0.14256739616394043,0.021243439987301826,0.12278425693511963,0.4224433898925781,0.3,0.2,0.001
5,46,0.2866252362728119,0.01828918606042862,0.5415534973144531,0.5293499827384949,0.3,0.2,0.001
5,47,0.09654735028743744,0.016663067042827606,0.05998605489730835,0.30944234132766724,0.3,0.2,0.001
5,48,0.11512485146522522,0.007030426058918238,0.056407272815704346,0.4558612108230591,0.3,0.2,0.001
5,49,0.13036444783210754,0.014674866572022438,0.2468475103378296,0.20817667245864868,0.3,0.2,0.001
5,50,0.12715914845466614,0.005275927018374205,0.1650174856185913,0.36188989877700806,0.3,0.2,0.001
5,51,0.10419562458992004,0.015304436907172203,0.09663474559783936,0.29950377345085144,0.3,0.2,0.001
5,52,0.1503126323223114,0.00604810519143939,0.2609671354293823,0.32987186312675476,0.3,0.2,0.001
5,53,0.12981963157653809,0.0135719059035182,0.19241756200790405,0.2926122546195984,0.3,0.2,0.001
5,54,0.1428477019071579,0.010965736582875252,0.1503220796585083,0.43392670154571533,0.3,0.2,0.001
5,55,0.163983553647995,0.006758818402886391,0.2517330050468445,0.40852418541908264,0.3,0.2,0.001
5,56,0.2241385579109192,0.04602271690964699,0.38663238286972046,0.31063055992126465,0.3,0.2,0.001
5,57,0.10226422548294067,0.005332033149898052,0.132021963596344,0.28662797808647156,0.3,0.2,0.001
5,58,0.110751211643219,0.014504271559417248,0.05654245615005493,0.39642098546028137,0.3,0.2,0.001
5,59,0.13707704842090607,0.009862661361694336,0.190859854221344,0.34978213906288147,0.3,0.2,0.001
5,60,0.161332368850708,0.007612299174070358,0.29009610414505005,0.3334561586380005,0.3,0.2,0.001
5,61,0.09469331055879593,0.008187717758119106,0.0683063268661499,0.3300684690475464,0.3,0.2,0.001
5,62,0.10578587651252747,0.007660077419131994,0.1354658007621765,0.2874302566051483,0.3,0.2,0.001
5,63,0.17276069521903992,0.038799360394477844,0.13483023643493652,0.4675613343715668,0.3,0.2,0.001
5,64,0.14721772074699402,0.0226106196641922,0.07634305953979492,0.5085208415985107,0.3,0.2,0.001
5,65,0.09665108472108841,0.018509618937969208,0.053151071071624756,0.3109807074069977,0.3,0.2,0.001
5,66,0.13234952092170715,0.008012501522898674,0.23569774627685547,0.26813843846321106,0.3,0.2,0.001
5,67,0.08621688932180405,0.016832413151860237,0.04884237051010132,0.273658812046051,0.3,0.2,0.001
5,68,0.12272590398788452,0.01750577799975872,0.08782005310058594,0.39437055587768555,0.3,0.2,0.001
5,69,0.11555635184049606,0.007900234311819077,0.08709865808486938,0.40763258934020996,0.3,0.2,0.001
5,70,0.07499731332063675,0.008391407318413258,0.07885009050369263,0.2147543728351593,0.3,0.2,0.001
5,71,0.09831138700246811,0.0075365230441093445,0.05154520273208618,0.37655651569366455,0.3,0.2,0.001
5,72,0.10892106592655182,0.005866160150617361,0.10703402757644653,0.3547234833240509,0.3,0.2,0.001
5,73,0.13769616186618805,0.009539171122014523,0.15375202894210815,0.41015690565109253,0.3,0.2,0.001
5,74,0.13562870025634766,0.011033379472792149,0.201674222946167,0.3204652667045593,0.3,0.2,0.001
5,75,0.2545028626918793,0.052979450672864914,0.39219534397125244,0.4193240702152252,0.3,0.2,0.001
5,76,0.15646347403526306,0.0055236839689314365,0.247944176197052,0.38278260827064514,0.3,0.2,0.001
5,77,0.10384877771139145,0.00790174026042223,0.08994406461715698,0.3448190987110138,0.3,0.2,0.001
5,78,0.1567591428756714,0.01191476359963417,0.08045345544815063,0.6035417318344116,0.3,0.2,0.001
5,79,0.09429071098566055,0.013551001437008381,0.05137503147125244,0.3266359865665436,0.3,0.2,0.001
5,80,0.1425994634628296,0.0072926683351397514,0.16829907894134521,0.4240853190422058,0.3,0.2,0.001
5,81,0.09481005370616913,0.005371395964175463,0.10864156484603882,0.28423091769218445,0.3,0.2,0.001
5,82,0.0906578078866005,0.003385098185390234,0.07263070344924927,0.3274174630641937,0.3,0.2,0.001
5,83,0.10010163486003876,0.022149309515953064,0.06069326400756836,0.2987217307090759,0.3,0.2,0.001
5,84,0.09070829302072525,0.012948432937264442,0.051693081855773926,0.3112596869468689,0.3,0.2,0.001
5,85,0.10528849810361862,0.009631084278225899,0.10915565490722656,0.31455355882644653,0.3,0.2,0.001
5,86,0.13772298395633698,0.0060627274215221405,0.1571367383003235,0.42259615659713745,0.3,0.2,0.001
5,87,0.11501293629407883,0.017066538333892822,0.06630450487136841,0.3902752101421356,0.3,0.2,0.001
5,88,0.14215975999832153,0.009317529387772083,0.17064684629440308,0.4082408547401428,0.3,0.2,0.001
5,89,0.10118359327316284,0.027187583968043327,0.06624597311019897,0.27061107754707336,0.3,0.2,0.001
5,90,0.15535607933998108,0.008266236633062363,0.2717219591140747,0.32786622643470764,0.3,0.2,0.001
5,91,0.14198382198810577,0.00638300646096468,0.21336311101913452,0.3579593598842621,0.3,0.2,0.001
5,92,0.18879732489585876,0.008448478765785694,0.3293421268463135,0.40773096680641174,0.3,0.2,0.001
5,93,0.11046102643013,0.006691764574497938,0.12519776821136475,0.33104968070983887,0.3,0.2,0.001
5,94,0.0740356296300888,0.011008798144757748,0.051151931285858154,0.238406240940094,0.3,0.2,0.001
5,95,0.35603755712509155,0.046463143080472946,0.7454450130462646,0.42970454692840576,0.3,0.2,0.001
5,96,0.17826306819915771,0.013904976658523083,0.2220783829689026,0.4886728823184967,0.3,0.2,0.001
5,97,0.25890904664993286,0.021299704909324646,0.6061750650405884,0.27878403663635254,0.3,0.2,0.001
5,98,0.18596649169921875,0.039759911596775055,0.24904745817184448,0.35746172070503235,0.3,0.2,0.001
6,0,0.11715559661388397,0.015351995825767517,0.04876255989074707,0.43587416410446167,0.3,0.2,0.001
6,1,0.11860449612140656,0.008233662694692612,0.12644243240356445,0.36219051480293274,0.3,0.2,0.001
6,2,0.15348289906978607,0.01200436893850565,0.15893083810806274,0.4689963757991791,0.3,0.2,0.001
6,3,0.099908746778965,0.012314355932176113,0.08794748783111572,0.30605071783065796,0.3,0.2,0.001
6,4,0.19022318720817566,0.008927475661039352,0.32032132148742676,0.4259965419769287,0.3,0.2,0.001
6,5,0.08483872562646866,0.006653172895312309,0.06519746780395508,0.293131560087204,0.3,0.2,0.001
6,6,0.1342894732952118,0.00651257811114192,0.2589142322540283,0.25051310658454895,0.3,0.2,0.001
6,7,0.27693769335746765,0.011689959093928337,0.6070672869682312,0.415637731552124,0.3,0.2,0.001
6,8,0.10506170243024826,0.015777120366692543,0.10359489917755127,0.29103055596351624,0.3,0.2,0.001
6,9,0.0789961963891983,0.003297346644103527,0.06834995746612549,0.2759692966938019,0.3,0.2,0.001
6,10,0.11298562586307526,0.011781482957303524,0.12423437833786011,0.31966912746429443,0.3,0.2,0.001
6,11,0.10323634743690491,0.006547254044562578,0.12221688032150269,0.30012011528015137,0.3,0.2,0.001
6,12,0.17172569036483765,0.008684276603162289,0.3491664528846741,0.29145732522010803,0.3,0.2,0.001
6,13,0.16142404079437256,0.0066415187902748585,0.31710106134414673,0.29826095700263977,0.3,0.2,0.001
6,14,0.1103949025273323,0.003953914158046246,0.054365456104278564,0.4506567418575287,0.3,0.2,0.001
6,15,0.09964380413293839,0.0248099472373724,0.0670735239982605,0.27355897426605225,0.3,0.2,0.001
6,16,0.2016783505678177,0.01532620470970869,0.3499376177787781,0.4068543016910553,0.3,0.2,0.001
6,17,0.1354144960641861,0.012533320114016533,0.21021384000778198,0.2990850806236267,0.3,0.2,0.001
6,18,0.11030285060405731,0.00896530132740736,0.1413404941558838,0.2946769893169403,0.3,0.2,0.001
6,19,0.2752174139022827,0.01370155718177557,0.5540520548820496,0.47650113701820374,0.3,0.2,0.001
6,20,0.09976816177368164,0.004297975916415453,0.18695533275604248,0.19691793620586395,0.3,0.2,0.001
6,21,0.1267407238483429,0.01777018792927265,0.10118222236633301,0.39307931065559387,0.3,0.2,0.001
6,22,0.11161678284406662,0.005732512101531029,0.17084729671478271,0.27315038442611694,0.3,0.2,0.001
6,23,0.16578412055969238,0.013610649853944778,0.22479748725891113,0.4236711263656616,0.3,0.2,0.001
6,24,0.15112444758415222,0.006294009275734425,0.2321271300315857,0.3759614825248718,0.3,0.2,0.001
6,25,0.10896936058998108,0.012091630138456821,0.1358480453491211,0.2806165814399719,0.3,0.2,0.001
6,26,0.14693231880664825,0.013886766508221626,0.08574318885803223,0.5366129875183105,0.3,0.2,0.001
6,27,0.14184299111366272,0.012784302234649658,0.14317721128463745,0.4305276572704315,0.3,0.2,0.001
6,28,0.10970849543809891,0.008230717852711678,0.1648750901222229,0.26007622480392456,0.3,0.2,0.001
6,29,0.07357612997293472,0.00505877286195755,0.05455571413040161,0.26075321435928345,0.3,0.2,0.001
6,30,0.3058322072029114,0.027091851457953453,0.6539076566696167,0.41284021735191345,0.3,0.2,0.001
6,31,0.09074392914772034,0.0037522774655371904,0.061261534690856934,0.3430659770965576,0.3,0.2,0.001
6,32,0.1832790970802307,0.02233900874853134,0.223302960395813,0.4697459638118744,0.3,0.2,0.001
6,33,0.13571766018867493,0.008660905994474888,0.16323131322860718,0.3904367685317993,0.3,0.2,0.001
6,34,0.15942734479904175,0.010407939553260803,0.3077114224433899,0.2835299074649811,0.3,0.2,0.001
6,35,0.08747921884059906,0.015775376930832863,0.06042134761810303,0.2678871750831604,0.3,0.2,0.001
6,36,0.08696591854095459,0.012530556879937649,0.05021947622299194,0.2968476116657257,0.3,0.2,0.001
6,37,0.11429907381534576,0.016551412642002106,0.06580537557601929,0.3900302052497864,0.3,0.2,0.001
6,38,0.11250509321689606,0.007177929859608412,0.09413546323776245,0.3854326009750366,0.3,0.2,0.001
6,39,0.25824394822120667,0.016121627762913704,0.4440189599990845,0.5445831418037415,0.3,0.2,0.001
6,40,0.07434268295764923,0.013199077919125557,0.04283344745635986,0.24146786332130432,0.3,0.2,0.001
6,41,0.10105590522289276,0.004477081820368767,0.1188315749168396,0.304646760225296,0.3,0.2,0.001
6,42,0.3194703757762909,0.019463134929537773,0.6805711984634399,0.4791792631149292,0.3,0.2,0.001
6,43,0.13893283903598785,0.025645870715379715,0.11157840490341187,0.3990671932697296,0.3,0.2,0.001
6,44,0.12631015479564667,0.005182237364351749,0.18748146295547485,0.324417382478714,0.3,0.2,0.001
6,45,0.24363893270492554,0.014216305688023567,0.4595634341239929,0.4577680230140686,0.3,0.2,0.001
6,46,0.14547882974147797,0.004245909862220287,0.22242587804794312,0.37252578139305115,0.3,0.2,0.001
6,47,0.10809779167175293,0.004384631756693125,0.04772031307220459,0.4469853341579437,0.3,0.2,0.001
6,48,0.13968947529792786,0.007276626769453287,0.138999342918396,0.45356523990631104,0.3,0.2,0.001
6,49,0.2380293607711792,0.017291581258177757,0.4315594434738159,0.456349641084671,0.3,0.2,0.001
6,50,0.13817566633224487,0.006886630319058895,0.25605136156082153,0.27236807346343994,0.3,0.2,0.001
6,51,0.10422483086585999,0.02556358277797699,0.06298673152923584,0.2988261282444,0.3,0.2,0.001
6,52,0.09553747624158859,0.003070976585149765,0.06712144613265991,0.3616503179073334,0.3,0.2,0.001
6,53,0.11534237861633301,0.005648626480251551,0.11378055810928345,0.377797931432724,0.3,0.2,0.001
6,54,0.10000376403331757,0.005684894043952227,0.12900769710540771,0.27808281779289246,0.3,0.2,0.001
6,55,0.2500554621219635,0.012270263396203518,0.4561641216278076,0.5046798586845398,0.3,0.2,0.001
6,56,0.14012961089611053,0.004323523957282305,0.2210373878479004,0.3474743366241455,0.3,0.2,0.001
6,57,0.10515542328357697,0.007366519887000322,0.03872400522232056,0.4308584928512573,0.3,0.2,0.001
6,58,0.09048409014940262,0.006628945004194975,0.08083277940750122,0.29802656173706055,0.3,0.2,0.001
6,59,0.1779007762670517,0.013606810942292213,0.35575127601623535,0.28784286975860596,0.3,0.2,0.001
6,60,0.08915840089321136,0.0024938047863543034,0.11529111862182617,0.26038625836372375,0.3,0.2,0.001
6,61,0.11848659813404083,0.006262386217713356,0.19680321216583252,0.26591619849205017,0.3,0.2,0.001
6,62,0.22774040699005127,0.011457071639597416,0.4319325089454651,0.4335179030895233,0.3,0.2,0.001
6,63,0.17000842094421387,0.006624915637075901,0.1951366662979126,0.5242124795913696,0.3,0.2,0.001
6,64,0.07866984605789185,0.004199922550469637,0.09540200233459473,0.2292466014623642,0.3,0.2,0.001
6,65,0.11287550628185272,0.01078327838331461,0.12369579076766968,0.32491743564605713,0.3,0.2,0.001
6,66,0.17045053839683533,0.02310890331864357,0.2339000701904297,0.38585805892944336,0.3,0.2,0.001
6,67,0.11615478992462158,0.012705753557384014,0.05342298746109009,0.43711069226264954,0.3,0.2,0.001
6,68,0.08276331424713135,0.0109099131077528,0.0465201735496521,0.28948673605918884,0.3,0.2,0.001
6,69,0.14983797073364258,0.006617089733481407,0.24665534496307373,0.34612134099006653,0.3,0.2,0.001
6,70,0.11868730932474136,0.01948275789618492,0.06410080194473267,0.3998715281486511,0.3,0.2,0.001
6,71,0.10027079284191132,0.013914959505200386,0.05578339099884033,0.3481040894985199,0.3,0.2,0.001
6,72,0.10334932804107666,0.0032914155162870884,0.051728904247283936,0.42269620299339294,0.3,0.2,0.001
6,73,0.10681667923927307,0.009333695285022259,0.06757944822311401,0.38604575395584106,0.3,0.2,0.001
6,74,0.11873626708984375,0.017752813175320625,0.062162160873413086,0.41167399287223816,0.3,0.2,0.001
6,75,0.1399315893650055,0.0056907800026237965,0.19458085298538208,0.3793327808380127,0.3,0.2,0.001
6,76,0.09851644188165665,0.004944503307342529,0.13628554344177246,0.2634313702583313,0.3,0.2,0.001
6,77,0.09869145601987839,0.002524222480133176,0.12730306386947632,0.28988155722618103,0.3,0.2,0.001
6,78,0.3500281274318695,0.04611293226480484,0.6732223033905029,0.5097424983978271,0.3,0.2,0.001
6,79,0.16728833317756653,0.014356650412082672,0.2107117772102356,0.4485907554626465,0.3,0.2,0.001
6,80,0.15428075194358826,0.00718642445281148,0.2909110188484192,0.29910510778427124,0.3,0.2,0.001
6,81,0.344439297914505,0.03568699583411217,0.665428876876831,0.5456181764602661,0.3,0.2,0.001
6,82,0.11309599876403809,0.012764787301421165,0.099967360496521,0.35170498490333557,0.3,0.2,0.001
6,83,0.07962144911289215,0.004965217784047127,0.0439717173576355,0.3073235750198364,0.3,0.2,0.001
6,84,0.15196122229099274,0.003938296809792519,0.2001522183418274,0.43988630175590515,0.3,0.2,0.001
6,85,0.11739923059940338,0.0046300035901367664,0.14246129989624023,0.3501541316509247,0.3,0.2,0.001
6,86,0.13339009881019592,0.010978027246892452,0.18467563390731812,0.3350468575954437,0.3,0.2,0.001
6,87,0.13607606291770935,0.009061859920620918,0.1659468412399292,0.3861507475376129,0.3,0.2,0.001
6,88,0.21826347708702087,0.009699305519461632,0.3569943904876709,0.5073292851448059,0.3,0.2,0.001
6,89,0.1151384636759758,0.005801927763968706,0.13901656866073608,0.3381578028202057,0.3,0.2,0.001
6,90,0.13448189198970795,0.005457696504890919,0.15804064273834229,0.4080599844455719,0.3,0.2,0.001
6,91,0.10586583614349365,0.009584583342075348,0.1809038519859314,0.21005050837993622,0.3,0.2,0.001
6,92,0.14375704526901245,0.017750898376107216,0.11149793863296509,0.4627837836742401,0.3,0.2,0.001
6,93,0.08106151968240738,0.004012987017631531,0.08885550498962402,0.2519593834877014,0.3,0.2,0.001
6,94,0.14022712409496307,0.01955392397940159,0.09459227323532104,0.4614775478839874,0.3,0.2,0.001
6,95,0.1284610629081726,0.008377226069569588,0.1566176414489746,0.36549270153045654,0.3,0.2,0.001
6,96,0.16570115089416504,0.011051191948354244,0.241696298122406,0.4107052683830261,0.3,0.2,0.001
6,97,0.12756721675395966,0.004449916537851095,0.18212729692459106,0.342395544052124,0.3,0.2,0.001
6,98,0.09382683783769608,0.009202883578836918,0.06836855411529541,0.32056692242622375,0.3,0.2,0.001
7,0,0.09536999464035034,0.01390813197940588,0.08800750970840454,0.27529802918434143,0.3,0.2,0.001
7,1,0.1479048728942871,0.0077756852842867374,0.19865524768829346,0.4026630222797394,0.3,0.2,0.001
7,2,0.10460767149925232,0.022917570546269417,0.055956244468688965,0.3245161473751068,0.3,0.2,0.001
7,3,0.0987468808889389,0.01780829019844532,0.057820260524749756,0.31796255707740784,0.3,0.2,0.001
7,4,0.08993968367576599,0.006781068164855242,0.08389252424240112,0.289954274892807,0.3,0.2,0.001
7,5,0.2615831196308136,0.014071165584027767,0.4804651737213135,0.5168619155883789,0.3,0.2,0.001
7,6,0.31705495715141296,0.023365404456853867,0.6639515161514282,0.4725203812122345,0.3,0.2,0.001
7,7,0.07079014182090759,0.011180880479514599,0.050367116928100586,0.22249561548233032,0.3,0.2,0.001
7,8,0.29553020000457764,0.0271137785166502,0.584286093711853,0.4656528830528259,0.3,0.2,0.001
7,9,0.10147370398044586,0.01451556384563446,0.0777132511138916,0.3182207942008972,0.3,0.2,0.001
7,10,0.0898638516664505,0.004355809185653925,0.09000718593597412,0.292529433965683,0.3,0.2,0.001
7,11,0.13605278730392456,0.0059455945156514645,0.27920931577682495,0.23172199726104736,0.3,0.2,0.001
7,12,0.07927572727203369,0.013149816542863846,0.05672407150268555,0.24554342031478882,0.3,0.2,0.001
7,13,0.06387071311473846,0.004737843293696642,0.050287723541259766,0.220232754945755,0.3,0.2,0.001
7,14,0.051017217338085175,0.004790795035660267,0.05388444662094116,0.15030543506145477,0.3,0.2,0.001
7,15,0.08967649191617966,0.004976628813892603,0.12924224138259888,0.22963593900203705,0.3,0.2,0.001
7,16,0.10196863114833832,0.004212533589452505,0.10711252689361572,0.3281117081642151,0.3,0.2,0.001
7,17,0.2251121699810028,0.014758427627384663,0.3844805359840393,0.47504785656929016,0.3,0.2,0.001
7,18,0.12775593996047974,0.012751844711601734,0.07654297351837158,0.46020597219467163,0.3,0.2,0.001
7,19,0.11306686699390411,0.015212062746286392,0.09644901752471924,0.34460049867630005,0.3,0.2,0.001
7,20,0.09466053545475006,0.011170381680130959,0.09500658512115479,0.2749408483505249,0.3,0.2,0.001
7,21,0.0747140496969223,0.004843313712626696,0.05678832530975342,0.26417121291160583,0.3,0.2,0.001
7,22,0.24402494728565216,0.020276812836527824,0.5037182569503784,0.3631632626056671,0.3,0.2,0.001
7,23,0.08952578902244568,0.002023211447522044,0.04302912950515747,0.3729691505432129,0.3,0.2,0.001
7,24,0.15584880113601685,0.01519952341914177,0.1823873519897461,0.42966532707214355,0.3,0.2,0.001
7,25,0.13430486619472504,0.009711352176964283,0.16481423377990723,0.3757461905479431,0.3,0.2,0.001
7,26,0.15906576812267303,0.010394645854830742,0.2411596179008484,0.38161614537239075,0.3,0.2,0.001
7,27,0.2120693027973175,0.01414562575519085,0.3981592059135437,0.3923795819282532,0.3,0.2,0.001
7,28,0.09876241534948349,0.002305914182215929,0.12066507339477539,0.30128487944602966,0.3,0.2,0.001
7,29,0.13970501720905304,0.0048081474378705025,0.18128150701522827,0.40256208181381226,0.3,0.2,0.001
7,30,0.17320773005485535,0.013677536509931087,0.33659297227859497,0.2927614450454712,0.3,0.2,0.001
7,31,0.08281704038381577,0.01046520285308361,0.045018553733825684,0.2942313551902771,0.3,0.2,0.001
7,32,0.1090443879365921,0.006968885660171509,0.0884581208229065,0.37769028544425964,0.3,0.2,0.001
7,33,0.1578647941350937,0.008971448987722397,0.26950156688690186,0.3402143716812134,0.3,0.2,0.001
7,34,0.13018955290317535,0.0034459696616977453,0.18533575534820557,0.35571426153182983,0.3,0.2,0.001
7,35,0.07755379378795624,0.012079199776053429,0.04911625385284424,0.25369858741760254,0.3,0.2,0.001
7,36,0.09718263149261475,0.004517601802945137,0.13037073612213135,0.2677690088748932,0.3,0.2,0.001
7,37,0.12359526753425598,0.004684788640588522,0.17794477939605713,0.3276352286338806,0.3,0.2,0.001
7,38,0.1920008659362793,0.009813614189624786,0.29048973321914673,0.47520166635513306,0.3,0.2,0.001
7,39,0.0734979659318924,0.0052866642363369465,0.040654659271240234,0.2800745368003845,0.3,0.2,0.001
7,40,0.19565090537071228,0.011466119438409805,0.38133704662323,0.3489183187484741,0.3,0.2,0.001
7,41,0.13238002359867096,0.004667825531214476,0.13446080684661865,0.436869740486145,0.3,0.2,0.001
7,42,0.1288066804409027,0.008600992150604725,0.15376120805740356,0.37038663029670715,0.3,0.2,0.001
7,43,0.14246998727321625,0.010616985149681568,0.14824354648590088,0.43689969182014465,0.3,0.2,0.001
7,44,0.36521536111831665,0.04107920452952385,0.7674878835678101,0.46944886445999146,0.3,0.2,0.001
7,45,0.16037774085998535,0.006164101418107748,0.19064873456954956,0.4850950241088867,0.3,0.2,0.001
7,46,0.11096612364053726,0.00555272214114666,0.10592412948608398,0.3681807816028595,0.3,0.2,0.001
7,47,0.08903631567955017,0.015256120823323727,0.05762583017349243,0.2824622392654419,0.3,0.2,0.001
7,48,0.19199196994304657,0.008047549054026604,0.34594786167144775,0.40080028772354126,0.3,0.2,0.001
7,49,0.16260109841823578,0.0073371040634810925,0.28236621618270874,0.3527706563472748,0.3,0.2,0.001
7,50,0.0970887616276741,0.003072329331189394,0.045871078968048096,0.40127551555633545,0.3,0.2,0.001
7,51,0.11456392705440521,0.012720850296318531,0.129444420337677,0.3150487244129181,0.3,0.2,0.001
7,52,0.11454217880964279,0.016322609037160873,0.09531205892562866,0.3481297492980957,0.3,0.2,0.001
7,53,0.08970749378204346,0.0020690602250397205,0.05358916521072388,0.3578084409236908,0.3,0.2,0.001
7,54,0.2729836702346802,0.013829524628818035,0.5940917730331421,0.40463292598724365,0.3,0.2,0.001
7,55,0.0885852575302124,0.016412118449807167,0.06009310483932495,0.2707260549068451,0.3,0.2,0.001
7,56,0.11671732366085052,0.007191798184067011,0.17010092735290527,0.29247620701789856,0.3,0.2,0.001
7,57,0.25365862250328064,0.014499668031930923,0.45535045862197876,0.5127691030502319,0.3,0.2,0.001
7,58,0.12433280050754547,0.0046418197453022,0.2022954225540161,0.2950117588043213,0.3,0.2,0.001
7,59,0.10439572483301163,0.0055713048204779625,0.15182417631149292,0.2663858234882355,0.3,0.2,0.001
7,60,0.16465184092521667,0.013805319555103779,0.21868741512298584,0.4262014627456665,0.3,0.2,0.001
7,61,0.13024188578128815,0.0035077722277492285,0.19897818565368652,0.33520326018333435,0.3,0.2,0.001
7,62,0.08139173686504364,0.004650664981454611,0.08821725845336914,0.25137946009635925,0.3,0.2,0.001
7,63,0.0821768194437027,0.009340020827949047,0.04386746883392334,0.2983827590942383,0.3,0.2,0.001
7,64,0.126673623919487,0.004217155743390322,0.16471481323242188,0.36521008610725403,0.3,0.2,0.001
7,65,0.12432164698839188,0.011072452180087566,0.13789629936218262,0.35940149426460266,0.3,0.2,0.001
7,66,0.09137800335884094,0.0029360787011682987,0.05395638942718506,0.3612750470638275,0.3,0.2,0.001
7,67,0.08771710097789764,0.0023861369118094444,0.05525970458984375,0.3437652885913849,0.3,0.2,0.001
7,68,0.13080641627311707,0.009330661967396736,0.16825592517852783,0.35499483346939087,0.3,0.2,0.001
7,69,0.10057172179222107,0.00670528644695878,0.1217576265335083,0.2866957187652588,0.3,0.2,0.001
7,70,0.11179891228675842,0.007939518429338932,0.03988403081893921,0.4594708979129791,0.3,0.2,0.001
7,71,0.1939389556646347,0.015354644507169724,0.2342226505279541,0.5415875315666199,0.3,0.2,0.001
7,72,0.10993489623069763,0.011597128584980965,0.12044662237167358,0.3110188841819763,0.3,0.2,0.001
7,73,0.14737117290496826,0.0066613745875656605,0.2595321536064148,0.3142506778240204,0.3,0.2,0.001
7,74,0.14007362723350525,0.006388616748154163,0.22015458345413208,0.3381931781768799,0.3,0.2,0.001
7,75,0.08637067675590515,0.004540019668638706,0.10888916254043579,0.24581950902938843,0.3,0.2,0.001
7,76,0.09783652424812317,0.0035928268916904926,0.04252856969833374,0.4074256420135498,0.3,0.2,0.001
7,77,0.11645175516605377,0.00693881418555975,0.11080747842788696,0.3813534677028656,0.3,0.2,0.001
7,78,0.1283894032239914,0.0059435139410197735,0.2187725305557251,0.28407061100006104,0.3,0.2,0.001
7,79,0.12491358816623688,0.006466996856033802,0.22686904668807983,0.2519293427467346,0.3,0.2,0.001
7,80,0.09440551698207855,0.008754177950322628,0.06316208839416504,0.3335135281085968,0.3,0.2,0.001
7,81,0.10488016903400421,0.006845234427601099,0.14153999090194702,0.2778646945953369,0.3,0.2,0.001
7,82,0.10426361113786697,0.012541603296995163,0.1220594048500061,0.275520920753479,0.3,0.2,0.001
7,83,0.12396781146526337,0.0027310422156006098,0.18270808458328247,0.33212170004844666,0.3,0.2,0.001
7,84,0.10001480579376221,0.0052343690767884254,0.10111767053604126,0.3222256898880005,0.3,0.2,0.001
7,85,0.31229954957962036,0.02336830273270607,0.7009525299072266,0.39322733879089355,0.3,0.2,0.001
7,86,0.06885635852813721,0.013553816825151443,0.04227322340011597,0.21310284733772278,0.3,0.2,0.001
7,87,0.16087740659713745,0.013310939073562622,0.20535600185394287,0.42979830503463745,0.3,0.2,0.001
7,88,0.1248304545879364,0.01694723404943943,0.11160016059875488,0.3720158636569977,0.3,0.2,0.001
7,89,0.09889659285545349,0.009424325078725815,0.17024528980255127,0.19199341535568237,0.3,0.2,0.001
7,90,0.08658736944198608,0.01775476522743702,0.05509006977081299,0.2615278959274292,0.3,0.2,0.001
7,91,0.14175115525722504,0.006542115937918425,0.2623547911643982,0.28251299262046814,0.3,0.2,0.001
7,92,0.12538675963878632,0.01435915008187294,0.0938335657119751,0.41438770294189453,0.3,0.2,0.001
7,93,0.07344488799571991,0.012182330712676048,0.03906261920928955,0.24771887063980103,0.3,0.2,0.001
7,94,0.12733682990074158,0.0064347838051617146,0.13052237033843994,0.40872666239738464,0.3,0.2,0.001
7,95,0.08942492306232452,0.0021775204222649336,0.10701417922973633,0.275715708732605,0.3,0.2,0.001
7,96,0.10070524364709854,0.0034680620301514864,0.14609485864639282,0.2670436203479767,0.3,0.2,0.001
7,97,0.09438006579875946,0.009897488169372082,0.1697317361831665,0.16781525313854218,0.3,0.2,0.001
7,98,0.09187047183513641,0.004489673767238855,0.13069462776184082,0.24086204171180725,0.3,0.2,0.001
8,0,0.07020542025566101,0.0018991118995472789,0.051110148429870605,0.26486629247665405,0.3,0.2,0.001
8,1,0.10449376702308655,0.0034037092700600624,0.19402778148651123,0.21440862119197845,0.3,0.2,0.001
8,2,0.12823402881622314,0.009557967074215412,0.14862358570098877,0.3704449534416199,0.3,0.2,0.001
8,3,0.12011831998825073,0.0032538881059736013,0.17592811584472656,0.3204299807548523,0.3,0.2,0.001
8,4,0.1548529863357544,0.012535857036709785,0.3172692656517029,0.23568174242973328,0.3,0.2,0.001
8,5,0.27987074851989746,0.019298914819955826,0.5393377542495728,0.49385255575180054,0.3,0.2,0.001
8,6,0.10277999192476273,0.010105816647410393,0.11726987361907959,0.28746604919433594,0.3,0.2,0.001
8,7,0.12884704768657684,0.005898725241422653,0.2132483720779419,0.2948690354824066,0.3,0.2,0.001
8,8,0.12662623822689056,0.00928359106183052,0.13509303331375122,0.3840736746788025,0.3,0.2,0.001
8,9,0.08079579472541809,0.003964697942137718,0.08767181634902954,0.25264772772789,0.3,0.2,0.001
8,10,0.10747934877872467,0.024447079747915268,0.060519278049468994,0.32438239455223083,0.3,0.2,0.001
8,11,0.09897886216640472,0.014534474350512028,0.053623199462890625,0.34178709983825684,0.3,0.2,0.001
8,12,0.08190888166427612,0.003540315432474017,0.12195450067520142,0.20891109108924866,0.3,0.2,0.001
8,13,0.1067371591925621,0.011307825334370136,0.1282244324684143,0.28481000661849976,0.3,0.2,0.001
8,14,0.12394773960113525,0.007392456755042076,0.1516876220703125,0.3552449941635132,0.3,0.2,0.001
8,15,0.08515828847885132,0.015650585293769836,0.054379820823669434,0.26596876978874207,0.3,0.2,0.001
8,16,0.09729832410812378,0.006203148048371077,0.08622199296951294,0.3261428475379944,0.3,0.2,0.001
8,17,0.12426820397377014,0.005158596206456423,0.09950286149978638,0.44629374146461487,0.3,0.2,0.001
8,18,0.3449816107749939,0.03744228929281235,0.7331568002700806,0.43796128034591675,0.3,0.2,0.001
8,19,0.08788859844207764,0.011804032139480114,0.08782577514648438,0.2486841380596161,0.3,0.2,0.001
8,20,0.2571459114551544,0.014978068880736828,0.46346205472946167,0.5156461000442505,0.3,0.2,0.001
8,21,0.08013205230236053,0.010871906764805317,0.047856926918029785,0.2745153307914734,0.3,0.2,0.001
8,22,0.13820283114910126,0.004936018958687782,0.25641870498657227,0.28170597553253174,0.3,0.2,0.001
8,23,0.16487640142440796,0.010408737696707249,0.17782288789749146,0.5056039094924927,0.3,0.2,0.001
8,24,0.11956845968961716,0.003256874391809106,0.17459243535995483,0.319669246673584,0.3,0.2,0.001
8,25,0.0948210209608078,0.008832338266074657,0.16457360982894897,0.1830829679965973,0.3,0.2,0.001
8,26,0.12198324501514435,0.013119574636220932,0.05423659086227417,0.4629634618759155,0.3,0.2,0.001
8,27,0.07774217426776886,0.014570064842700958,0.04687094688415527,0.2455541342496872,0.3,0.2,0.001
8,28,0.08941883593797684,0.009018149226903915,0.06234729290008545,0.30848246812820435,0.3,0.2,0.001
8,29,0.13067372143268585,0.014476390555500984,0.09680598974227905,0.4357776343822479,0.3,0.2,0.001
8,30,0.09221682697534561,0.004596790298819542,0.09945577383041382,0.28891652822494507,0.3,0.2,0.001
8,31,0.13576871156692505,0.005712967365980148,0.17641013860702515,0.38566353917121887,0.3,0.2,0.001
8,32,0.12682385742664337,0.004709400702267885,0.191881000995636,0.3227507770061493,0.3,0.2,0.001
8,33,0.12226301431655884,0.008694588206708431,0.15351152420043945,0.3375748097896576,0.3,0.2,0.001
8,34,0.30830544233322144,0.026455117389559746,0.6346981525421143,0.45720431208610535,0.3,0.2,0.001
8,35,0.0851573795080185,0.003779815277084708,0.05719649791717529,0.32109305262565613,0.3,0.2,0.001
8,36,0.1050432026386261,0.008421573787927628,0.10040193796157837,0.3325052261352539,0.3,0.2,0.001
8,37,0.09847000986337662,0.0021174899302423,0.037873923778533936,0.4249517321586609,0.3,0.2,0.001
8,38,0.09169307351112366,0.015408778563141823,0.05891519784927368,0.2930486798286438,0.3,0.2,0.001
8,39,0.06432152539491653,0.0039403182454407215,0.08289086818695068,0.17756971716880798,0.3,0.2,0.001
8,40,0.09284299612045288,0.003535095602273941,0.14385110139846802,0.23076282441616058,0.3,0.2,0.001
8,41,0.07822850346565247,0.004034746438264847,0.10764855146408081,0.20949596166610718,0.3,0.2,0.001
8,42,0.1159658133983612,0.005204157438129187,0.17722272872924805,0.28797417879104614,0.3,0.2,0.001
8,43,0.11541131138801575,0.005100351292639971,0.17034977674484253,0.29603010416030884,0.3,0.2,0.001
8,44,0.08625545352697372,0.0017702787881717086,0.03733855485916138,0.3664180040359497,0.3,0.2,0.001
8,45,0.11250737309455872,0.01455607544630766,0.0938795804977417,0.34893709421157837,0.3,0.2,0.001
8,46,0.0954359620809555,0.009036793373525143,0.15893036127090454,0.19360026717185974,0.3,0.2,0.001
8,47,0.06181565672159195,0.003962178714573383,0.04763460159301758,0.21781548857688904,0.3,0.2,0.001
8,48,0.2205362617969513,0.013426677323877811,0.3781448006629944,0.4683306813240051,0.3,0.2,0.001
8,49,0.09341168403625488,0.006111069582402706,0.11681801080703735,0.2612760663032532,0.3,0.2,0.001
8,50,0.09054439514875412,0.013246683403849602,0.09739220142364502,0.24040023982524872,0.3,0.2,0.001
8,51,0.2104228436946869,0.013242149725556374,0.385775625705719,0.40723997354507446,0.3,0.2,0.001
8,52,0.12464776635169983,0.01956130564212799,0.08947885036468506,0.3912140429019928,0.3,0.2,0.001
8,53,0.07873794436454773,0.0035814582370221615,0.0994729995727539,0.2265729010105133,0.3,0.2,0.001
8,54,0.11019003391265869,0.006487035658210516,0.15419119596481323,0.28722819685935974,0.3,0.2,0.001
8,55,0.15100890398025513,0.009196966886520386,0.25636041164398193,0.32451900839805603,0.3,0.2,0.001
8,56,0.09457782655954361,0.014765014871954918,0.05240756273269653,0.3204526901245117,0.3,0.2,0.001
8,57,0.153712660074234,0.012779816053807735,0.1940288543701172,0.41362088918685913,0.3,0.2,0.001
8,58,0.10500535368919373,0.005141170229762793,0.12985318899154663,0.30454114079475403,0.3,0.2,0.001
8,59,0.14899812638759613,0.008865900337696075,0.1531602144241333,0.4709208011627197,0.3,0.2,0.001
8,60,0.2452162206172943,0.015244769863784313,0.5044167637825012,0.3932320773601532,0.3,0.2,0.001
8,61,0.10289867222309113,0.002888171235099435,0.06261610984802246,0.4061283469200134,0.3,0.2,0.001
8,62,0.12590157985687256,0.024662407115101814,0.10194486379623413,0.3532785475254059,0.3,0.2,0.001
8,63,0.13797084987163544,0.006531860213726759,0.2604254484176636,0.2665567696094513,0.3,0.2,0.001
8,64,0.09826220571994781,0.0037334503140300512,0.1546202301979065,0.24071340262889862,0.3,0.2,0.001
8,65,0.07526319473981857,0.00886195432394743,0.03835207223892212,0.27447807788848877,0.3,0.2,0.001
8,66,0.058657582849264145,0.0039258915930986404,0.04913020133972168,0.19996315240859985,0.3,0.2,0.001
8,67,0.07406429946422577,0.004572731908410788,0.03989475965499878,0.28761571645736694,0.3,0.2,0.001
8,68,0.12642386555671692,0.009904919192194939,0.16793352365493774,0.3306944668292999,0.3,0.2,0.001
8,69,0.24768641591072083,0.013052968308329582,0.4249395728111267,0.535757839679718,0.3,0.2,0.001
8,70,0.09313048422336578,0.011682462878525257,0.11628329753875732,0.23281517624855042,0.3,0.2,0.001
8,71,0.11678354442119598,0.005683011841028929,0.2037203311920166,0.24992214143276215,0.3,0.2,0.001
8,72,0.15657523274421692,0.012073078192770481,0.209189772605896,0.40872615575790405,0.3,0.2,0.001
8,73,0.13910409808158875,0.007249524351209402,0.12880200147628784,0.4660698473453522,0.3,0.2,0.001
8,74,0.0858757346868515,0.0043887244537472725,0.1200057864189148,0.22742633521556854,0.3,0.2,0.001
8,75,0.14798395335674286,0.0054051754996180534,0.17013347148895264,0.4576936662197113,0.3,0.2,0.001
8,76,0.12102366238832474,0.006020102184265852,0.21792107820510864,0.24813617765903473,0.3,0.2,0.001
8,77,0.21131116151809692,0.010299278423190117,0.39290499687194824,0.4157019853591919,0.3,0.2,0.001
8,78,0.1289600133895874,0.015592199750244617,0.10173600912094116,0.41423505544662476,0.3,0.2,0.001
8,79,0.07762496173381805,0.010253374464809895,0.047887325286865234,0.2650269567966461,0.3,0.2,0.001
8,80,0.13212022185325623,0.005785068497061729,0.21496182680130005,0.30923300981521606,0.3,0.2,0.001
8,81,0.08242358267307281,0.0047042048536241055,0.05404406785964966,0.30753079056739807,0.3,0.2,0.001
8,82,0.09631864726543427,0.00643680477514863,0.03913849592208862,0.3907014727592468,0.3,0.2,0.001
8,83,0.09834706038236618,0.02114144153892994,0.061246514320373535,0.29415830969810486,0.3,0.2,0.001
8,84,0.2859274744987488,0.02251121960580349,0.5847631692886353,0.4399365782737732,0.3,0.2,0.001
8,85,0.09991490840911865,0.002829197561368346,0.11577749252319336,0.3117623031139374,0.3,0.2,0.001
8,86,0.15132352709770203,0.011020134203135967,0.07087653875350952,0.5952021479606628,0.3,0.2,0.001
8,87,0.18581348657608032,0.008017495274543762,0.2939760684967041,0.44801580905914307,0.3,0.2,0.001
8,88,0.09281475096940994,0.006076613441109657,0.13740932941436768,0.22757667303085327,0.3,0.2,0.001
8,89,0.09764733910560608,0.0020163720473647118,0.10304558277130127,0.32358646392822266,0.3,0.2,0.001
8,90,0.09829269349575043,0.003988103475421667,0.0424269437789917,0.4078825116157532,0.3,0.2,0.001
8,91,0.11976006627082825,0.004712660796940327,0.13694167137145996,0.36982449889183044,0.3,0.2,0.001
8,92,0.1410110592842102,0.005266952328383923,0.24343430995941162,0.3135690689086914,0.3,0.2,0.001
8,93,0.18767839670181274,0.011148801073431969,0.21377307176589966,0.5619882941246033,0.3,0.2,0.001
8,94,0.31287384033203125,0.02177325449883938,0.6216381192207336,0.5230457186698914,0.3,0.2,0.001
8,95,0.15180033445358276,0.007994528859853745,0.1972612738609314,0.4231371283531189,0.3,0.2,0.001
8,96,0.09333508461713791,0.004247864242643118,0.12563365697860718,0.256985604763031,0.3,0.2,0.001
8,97,0.0861588716506958,0.008031194098293781,0.04112285375595093,0.3289540708065033,0.3,0.2,0.001
8,98,0.12102138996124268,0.008127561770379543,0.11604565382003784,0.39040064811706543,0.3,0.2,0.001
9,0,0.07764780521392822,0.002499871887266636,0.05305123329162598,0.29616278409957886,0.3,0.2,0.001
9,1,0.0724988803267479,0.010675252415239811,0.044464051723480225,0.24242205917835236,0.3,0.2,0.001
9,2,0.17312486469745636,0.012795811519026756,0.3209461569786072,0.3202259838581085,0.3,0.2,0.001
9,3,0.12464126944541931,0.007050925400108099,0.14768195152282715,0.36642879247665405,0.3,0.2,0.001
9,4,0.06766129285097122,0.006824299227446318,0.03726911544799805,0.24828128516674042,0.3,0.2,0.001
9,5,0.1015617772936821,0.011209944263100624,0.045220017433166504,0.3839291036128998,0.3,0.2,0.001
9,6,0.09168398380279541,0.007992670871317387,0.15929770469665527,0.17951001226902008,0.3,0.2,0.001
9,7,0.11183430254459381,0.016162116080522537,0.08948874473571777,0.3441278040409088,0.3,0.2,0.001
9,8,0.09961287677288055,0.004422969184815884,0.13318270444869995,0.27617546916007996,0.3,0.2,0.001
9,9,0.07264230400323868,0.005637194961309433,0.12986737489700317,0.14022447168827057,0.3,0.2,0.001
9,10,0.19072648882865906,0.008400466293096542,0.23252201080322266,0.5628471374511719,0.3,0.2,0.001
9,11,0.14113175868988037,0.0077292113564908504,0.2463294267654419,0.2975185513496399,0.3,0.2,0.001
9,12,0.09436659514904022,0.024572940543293953,0.05542069673538208,0.26583725214004517,0.3,0.2,0.001
9,13,0.10199297964572906,0.013569136150181293,0.12308722734451294,0.2574883997440338,0.3,0.2,0.001
9,14,0.11257307231426239,0.0026384550146758556,0.1648731827735901,0.3023633062839508,0.3,0.2,0.001
9,15,0.1092209443449974,0.013110166415572166,0.06964272260665894,0.37608981132507324,0.3,0.2,0.001
9,16,0.09125882387161255,0.014480110257863998,0.09085619449615479,0.24760927259922028,0.3,0.2,0.001
9,17,0.11869217455387115,0.003712719539180398,0.24056482315063477,0.2140500247478485,0.3,0.2,0.001
9,18,0.11295333504676819,0.004733490291982889,0.092751145362854,0.4019725024700165,0.3,0.2,0.001
9,19,0.09530770778656006,0.0182326827198267,0.05486541986465454,0.30307698249816895,0.3,0.2,0.001
9,20,0.08721906691789627,0.016060274094343185,0.06373625993728638,0.26018956303596497,0.3,0.2,0.001
9,21,0.07864455133676529,0.006489802151918411,0.07710230350494385,0.24512028694152832,0.3,0.2,0.001
9,22,0.10845980048179626,0.003453275188803673,0.15031534433364868,0.299559623003006,0.3,0.2,0.001
9,23,0.08287786692380905,0.004472330212593079,0.05418360233306885,0.310752272605896,0.3,0.2,0.001
9,24,0.12710964679718018,0.009911852888762951,0.1485346555709839,0.36318692564964294,0.3,0.2,0.001
9,25,0.10386352241039276,0.011056703515350819,0.12750786542892456,0.27277231216430664,0.3,0.2,0.001
9,26,0.09081624448299408,0.00567131070420146,0.11584091186523438,0.2519632875919342,0.3,0.2,0.001
9,27,0.1872454583644867,0.008710848167538643,0.3611200451850891,0.35099297761917114,0.3,0.2,0.001
9,28,0.1264701634645462,0.003942815586924553,0.18198633193969727,0.3396572172641754,0.3,0.2,0.001
9,29,0.09491319954395294,0.010184437967836857,0.09087973833084106,0.2873241603374481,0.3,0.2,0.001
9,30,0.1570994257926941,0.006960805505514145,0.1316034197807312,0.5532879829406738,0.3,0.2,0.001
9,31,0.1157861053943634,0.00436326814815402,0.16063934564590454,0.31615516543388367,0.3,0.2,0.001
9,32,0.22910764813423157,0.010317008011043072,0.45641952753067017,0.40932390093803406,0.3,0.2,0.001
9,33,0.0862419381737709,0.00813154224306345,0.15254193544387817,0.1617390662431717,0.3,0.2,0.001
9,34,0.12508293986320496,0.00998931284993887,0.16929954290390015,0.32151877880096436,0.3,0.2,0.001
9,35,0.1670132577419281,0.005625113844871521,0.256258487701416,0.4225529432296753,0.3,0.2,0.001
9,36,0.14979946613311768,0.007816665805876255,0.2149631381034851,0.3874692916870117,0.3,0.2,0.001
9,37,0.24588416516780853,0.012095706537365913,0.4446523189544678,0.5019637942314148,0.3,0.2,0.001
9,38,0.23100990056991577,0.012112770229578018,0.38777291774749756,0.5128262639045715,0.3,0.2,0.001
9,39,0.0822574570775032,0.003568221116438508,0.1204637885093689,0.21275047957897186,0.3,0.2,0.001
9,40,0.11644099652767181,0.005281939636915922,0.19067949056625366,0.26977601647377014,0.3,0.2,0.001
9,41,0.26618310809135437,0.02181207202374935,0.5559648275375366,0.3879079222679138,0.3,0.2,0.001
9,42,0.13669611513614655,0.009621459990739822,0.07135516405105591,0.5283405184745789,0.3,0.2,0.001
9,43,0.1047915667295456,0.003284606384113431,0.09495097398757935,0.36510831117630005,0.3,0.2,0.001
9,44,0.08428790420293808,0.0017807496478781104,0.03860980272293091,0.3546210527420044,0.3,0.2,0.001
9,45,0.10599653422832489,0.004278144799172878,0.08381128311157227,0.3828750252723694,0.3,0.2,0.001
9,46,0.10261312127113342,0.002279485110193491,0.04075139760971069,0.4405410587787628,0.3,0.2,0.001
9,47,0.1155790165066719,0.003024500561878085,0.16677725315093994,0.31260669231414795,0.3,0.2,0.001
9,48,0.12260793149471283,0.006965907756239176,0.12552320957183838,0.3899253010749817,0.3,0.2,0.001
9,49,0.08837583661079407,0.010313352569937706,0.1101798415184021,0.22504264116287231,0.3,0.2,0.001
9,50,0.0861898809671402,0.002388604683801532,0.11041569709777832,0.2533828020095825,0.3,0.2,0.001
9,51,0.045116525143384933,0.0033958072308450937,0.043454647064208984,0.14342162013053894,0.3,0.2,0.001
9,52,0.12836788594722748,0.005354433320462704,0.17188555002212524,0.35723891854286194,0.3,0.2,0.001
9,53,0.12495557218790054,0.005364902317523956,0.23648524284362793,0.24322547018527985,0.3,0.2,0.001
9,54,0.10899333655834198,0.007780403830111027,0.11229586601257324,0.3376208543777466,0.3,0.2,0.001
9,55,0.08477596938610077,0.001512981834821403,0.047419965267181396,0.34518498182296753,0.3,0.2,0.001
9,56,0.0965253934264183,0.003033364424481988,0.038974225521087646,0.4089987874031067,0.3,0.2,0.001
9,57,0.10309838503599167,0.008577079512178898,0.06098538637161255,0.3811284601688385,0.3,0.2,0.001
9,58,0.060885027050971985,0.009800760075449944,0.038327157497406006,0.19793058931827545,0.3,0.2,0.001
9,59,0.12079166620969772,0.004353811964392662,0.16463613510131836,0.335235059261322,0.3,0.2,0.001
9,60,0.06437507271766663,0.0052694943733513355,0.03805267810821533,0.2384488880634308,0.3,0.2,0.001
9,61,0.25772157311439514,0.027187762781977654,0.5032113790512085,0.3978518843650818,0.3,0.2,0.001
9,62,0.3532305061817169,0.05236271396279335,0.6707595586776733,0.4981996417045593,0.3,0.2,0.001
9,63,0.09631115198135376,0.011448435485363007,0.07828974723815918,0.306878924369812,0.3,0.2,0.001
9,64,0.11051109433174133,0.005226797424256802,0.20345771312713623,0.22123487293720245,0.3,0.2,0.001
9,65,0.0941527932882309,0.0201572198420763,0.05919516086578369,0.2811851501464844,0.3,0.2,0.001
9,66,0.07173790037631989,0.0018373992061242461,0.04817932844161987,0.2772335112094879,0.3,0.2,0.001
9,67,0.15439990162849426,0.012903476133942604,0.1865403652191162,0.42767152190208435,0.3,0.2,0.001
9,68,0.07118108868598938,0.008741567842662334,0.042567431926727295,0.24834643304347992,0.3,0.2,0.001
9,69,0.13105463981628418,0.00569197628647089,0.20505034923553467,0.31923776865005493,0.3,0.2,0.001
9,70,0.11825340986251831,0.011243653483688831,0.09148198366165161,0.39782580733299255,0.3,0.2,0.001
9,71,0.06334321945905685,0.011113314889371395,0.03925424814224243,0.20226813852787018,0.3,0.2,0.001
9,72,0.08761069178581238,0.007027315907180309,0.0891309380531311,0.2692204415798187,0.3,0.2,0.001
9,73,0.08423382043838501,0.0031372299417853355,0.1366460919380188,0.2005137950181961,0.3,0.2,0.001
9,74,0.28802889585494995,0.0199756883084774,0.5596045255661011,0.5008592009544373,0.3,0.2,0.001
9,75,0.10077178478240967,0.004861750174313784,0.09361135959625244,0.3391331136226654,0.3,0.2,0.001
9,76,0.08932705223560333,0.004028939642012119,0.11520993709564209,0.253675639629364,0.3,0.2,0.001
9,77,0.19581253826618195,0.012268722988665104,0.3413662314414978,0.4056696891784668,0.3,0.2,0.001
9,78,0.30601567029953003,0.020710451528429985,0.6432137489318848,0.46170535683631897,0.3,0.2,0.001
9,79,0.11890509724617004,0.005408512428402901,0.24269944429397583,0.20343372225761414,0.3,0.2,0.001
9,80,0.09644779562950134,0.01369831245392561,0.051873743534088135,0.3359368145465851,0.3,0.2,0.001
9,81,0.08392589539289474,0.0040088677778840065,0.10248899459838867,0.24585162103176117,0.3,0.2,0.001
9,82,0.09736555069684982,0.003825617954134941,0.12266707420349121,0.28369903564453125,0.3,0.2,0.001
9,83,0.131165012717247,0.010117565281689167,0.1343938112258911,0.40364646911621094,0.3,0.2,0.001
9,84,0.08107312023639679,0.0018005475867539644,0.10074150562286377,0.2452506124973297,0.3,0.2,0.001
9,85,0.1331573724746704,0.015385499224066734,0.0957334041595459,0.4452592432498932,0.3,0.2,0.001
9,86,0.11507077515125275,0.008039762265980244,0.16446226835250854,0.2884616553783417,0.3,0.2,0.001
9,87,0.1229517012834549,0.007737163454294205,0.1487385630607605,0.3529648184776306,0.3,0.2,0.001
9,88,0.08140316605567932,0.0038044056855142117,0.120941162109375,0.20658206939697266,0.3,0.2,0.001
9,89,0.1527327001094818,0.012991676107048988,0.1910637617111206,0.4121094346046448,0.3,0.2,0.001
9,90,0.07046688348054886,0.004567569587379694,0.08185046911239624,0.20672085881233215,0.3,0.2,0.001
9,91,0.06596596539020538,0.005703442730009556,0.05401813983917236,0.22028540074825287,0.3,0.2,0.001
9,92,0.15966522693634033,0.014329234138131142,0.21420156955718994,0.4053776264190674,0.3,0.2,0.001
9,93,0.1308637261390686,0.0061174496077001095,0.2117670178413391,0.30608081817626953,0.3,0.2,0.001
9,94,0.12179001420736313,0.004749860614538193,0.16390293836593628,0.339346319437027,0.3,0.2,0.001
9,95,0.088182732462883,0.01618829369544983,0.05369138717651367,0.2794351279735565,0.3,0.2,0.001
9,96,0.08978460729122162,0.005700315348803997,0.03599482774734497,0.36642923951148987,0.3,0.2,0.001
9,97,0.21336323022842407,0.012306025251746178,0.407939612865448,0.39337652921676636,0.3,0.2,0.001
9,98,0.10081326961517334,0.0029377711471170187,0.17782104015350342,0.22264589369297028,0.3,0.2,0.001
10,0,0.11537552624940872,0.0054786247201263905,0.12023437023162842,0.369132936000824,0.3,0.2,0.0001
10,1,0.2735756039619446,0.021827099844813347,0.5801762342453003,0.38847804069519043,0.3,0.2,0.0001
10,2,0.10622639209032059,0.006833560299128294,0.10263580083847046,0.34301045536994934,0.3,0.2,0.0001
10,3,0.0705430805683136,0.0033654647413641214,0.11701297760009766,0.16036859154701233,0.3,0.2,0.0001
10,4,0.08351543545722961,0.0024880701676011086,0.03727227449417114,0.3492284119129181,0.3,0.2,0.0001
10,5,0.07973168790340424,0.0027366969734430313,0.04985213279724121,0.31019675731658936,0.3,0.2,0.0001
10,6,0.10761997103691101,0.005331966560333967,0.20157253742218018,0.20908121764659882,0.3,0.2,0.0001
10,7,0.1274135261774063,0.003950667101889849,0.17085570096969604,0.3610307276248932,0.3,0.2,0.0001
10,8,0.08244176208972931,0.006750369910150766,0.08010989427566528,0.2582921087741852,0.3,0.2,0.0001
10,9,0.0959630161523819,0.004276848863810301,0.17974215745925903,0.1888176053762436,0.3,0.2,0.0001
10,10,0.07352641224861145,0.005615205504000187,0.1262352466583252,0.1502031832933426,0.3,0.2,0.0001
10,11,0.06256186962127686,0.0039693135768175125,0.09990859031677246,0.14309988915920258,0.3,0.2,0.0001
10,12,0.13923105597496033,0.013336009345948696,0.1916593313217163,0.34198617935180664,0.3,0.2,0.0001
10,13,0.3228920102119446,0.03804674744606018,0.6362581253051758,0.46983906626701355,0.3,0.2,0.0001
10,14,0.10803265869617462,0.006687953602522612,0.15446466207504272,0.27502650022506714,0.3,0.2,0.0001
10,15,0.11545664072036743,0.0051781306974589825,0.23188310861587524,0.20356786251068115,0.3,0.2,0.0001
10,16,0.08634372055530548,0.010157869197428226,0.07719814777374268,0.26513200998306274,0.3,0.2,0.0001
10,17,0.1871078610420227,0.011741469614207745,0.309285044670105,0.41290444135665894,0.3,0.2,0.0001
10,18,0.11710391193628311,0.003887704573571682,0.1590220332145691,0.32754796743392944,0.3,0.2,0.0001
10,19,0.20432937145233154,0.013392950408160686,0.3477804660797119,0.43301138281822205,0.3,0.2,0.0001
10,20,0.072067990899086,0.0033985660411417484,0.07929027080535889,0.2244117110967636,0.3,0.2,0.0001
10,21,0.1308385282754898,0.008636911399662495,0.24042165279388428,0.25037553906440735,0.3,0.2,0.0001
10,22,0.21260395646095276,0.008961298502981663,0.366585373878479,0.46833518147468567,0.3,0.2,0.0001
10,23,0.08855119347572327,0.0038496071938425303,0.11933660507202148,0.24450300633907318,0.3,0.2,0.0001
10,24,0.14569836854934692,0.00595742417499423,0.1635901927947998,0.4533194303512573,0.3,0.2,0.0001
10,25,0.2521776556968689,0.013462178409099579,0.5148086547851562,0.4213642477989197,0.3,0.2,0.0001
10,26,0.06253353506326675,0.012672744691371918,0.04066622257232666,0.1883046180009842,0.3,0.2,0.0001
10,27,0.06922033429145813,0.003125973977148533,0.09272259473800659,0.19138790667057037,0.3,0.2,0.0001
10,28,0.06980292499065399,0.0039333864115178585,0.10900658369064331,0.1658378392457962,0.3,0.2,0.0001
10,29,0.1891625076532364,0.005046050995588303,0.21436721086502075,0.5990314483642578,0.3,0.2,0.0001
10,30,0.07677145302295685,0.0036275768652558327,0.1106368899345398,0.19976405799388885,0.3,0.2,0.0001
10,31,0.04521658271551132,0.0036834836937487125,0.04510056972503662,0.1400146335363388,0.3,0.2,0.0001
10,32,0.07397628575563431,0.0015693093882873654,0.04721492528915405,0.2912124991416931,0.3,0.2,0.0001
10,33,0.08529224991798401,0.007938469760119915,0.1511615514755249,0.16002655029296875,0.3,0.2,0.0001
10,34,0.07664016634225845,0.0052929408848285675,0.03536957502365112,0.30368176102638245,0.3,0.2,0.0001
10,35,0.10044495016336441,0.02503357082605362,0.05645650625228882,0.2923721373081207,0.3,0.2,0.0001
10,36,0.07296887040138245,0.01693713292479515,0.05267143249511719,0.2011515498161316,0.3,0.2,0.0001
10,37,0.0934067964553833,0.014348259195685387,0.09077215194702148,0.259134441614151,0.3,0.2,0.0001
10,38,0.10175138711929321,0.014594091102480888,0.07533419132232666,0.3227851688861847,0.3,0.2,0.0001
10,39,0.188035786151886,0.007156830746680498,0.28075987100601196,0.48325490951538086,0.3,0.2,0.0001
10,40,0.07391080260276794,0.009856763295829296,0.04123818874359131,0.2584128975868225,0.3,0.2,0.0001
10,41,0.13704362511634827,0.011569451540708542,0.20390695333480835,0.321510374546051,0.3,0.2,0.0001
10,42,0.09180945158004761,0.008829730562865734,0.15097498893737793,0.1884361356496811,0.3,0.2,0.0001
10,43,0.09711502492427826,0.0016353368991985917,0.03565788269042969,0.42391160130500793,0.3,0.2,0.0001
10,44,0.07897928357124329,0.0025946705136448145,0.12786328792572021,0.1901281327009201,0.3,0.2,0.0001
10,45,0.06510201096534729,0.007663897704333067,0.03895008563995361,0.22876541316509247,0.3,0.2,0.0001
10,46,0.12649565935134888,0.007100387942045927,0.12279611825942993,0.4127821922302246,0.3,0.2,0.0001
10,47,0.05965481325984001,0.0017879726365208626,0.04327481985092163,0.22442197799682617,0.3,0.2,0.0001
10,48,0.09751026332378387,0.010917814448475838,0.1181950569152832,0.25566962361335754,0.3,0.2,0.0001
10,49,0.12309382855892181,0.00474785640835762,0.16462987661361694,0.34478503465652466,0.3,0.2,0.0001
10,50,0.11936929821968079,0.007174166850745678,0.1449873447418213,0.34349462389945984,0.3,0.2,0.0001
10,51,0.16742680966854095,0.007531087379902601,0.32980555295944214,0.304770290851593,0.3,0.2,0.0001
10,52,0.09448634088039398,0.0093251783400774,0.08513373136520386,0.29810523986816406,0.3,0.2,0.0001
10,53,0.2898479104042053,0.02201993577182293,0.5691438913345337,0.4854240417480469,0.3,0.2,0.0001
10,54,0.10265032947063446,0.011899780482053757,0.11441957950592041,0.2821233868598938,0.3,0.2,0.0001
10,55,0.08448199182748795,0.012112080119550228,0.05038565397262573,0.2862710654735565,0.3,0.2,0.0001
10,56,0.0693095475435257,0.004407583735883236,0.05188721418380737,0.24667902290821075,0.3,0.2,0.0001
10,57,0.05570799112319946,0.003656326560303569,0.07661867141723633,0.1453303098678589,0.3,0.2,0.0001
10,58,0.08227197825908661,0.01313867885619402,0.04664933681488037,0.27569249272346497,0.3,0.2,0.0001
10,59,0.11573067307472229,0.013300524093210697,0.08698558807373047,0.38167232275009155,0.3,0.2,0.0001
10,60,0.10160964727401733,0.003758713835850358,0.14934313297271729,0.26523998379707336,0.3,0.2,0.0001
10,61,0.08492931723594666,0.004607797134667635,0.09127557277679443,0.2646942138671875,0.3,0.2,0.0001
10,62,0.3028411269187927,0.022352956235408783,0.6147973537445068,0.4802446663379669,0.3,0.2,0.0001
10,63,0.059659477323293686,0.0037862895987927914,0.04603999853134155,0.21030592918395996,0.3,0.2,0.0001
10,64,0.10495635122060776,0.017569255083799362,0.0541154146194458,0.3557623326778412,0.3,0.2,0.0001
10,65,0.11282657086849213,0.006623432971537113,0.1435752511024475,0.3156527876853943,0.3,0.2,0.0001
10,66,0.09649558365345001,0.00464708311483264,0.19095951318740845,0.17280323803424835,0.3,0.2,0.0001
10,67,0.06303248554468155,0.001673562335781753,0.10402768850326538,0.15075308084487915,0.3,0.2,0.0001
10,68,0.10566941648721695,0.0046661291271448135,0.08720910549163818,0.37420275807380676,0.3,0.2,0.0001
10,69,0.15815655887126923,0.011630854569375515,0.2964997887611389,0.28787878155708313,0.3,0.2,0.0001
10,70,0.08294255286455154,0.0013936528703197837,0.0376322865486145,0.351296067237854,0.3,0.2,0.0001
10,71,0.12601396441459656,0.010387441143393517,0.14682674407958984,0.3578924834728241,0.3,0.2,0.0001
10,72,0.10002049803733826,0.005046659614890814,0.23153471946716309,0.1275670975446701,0.3,0.2,0.0001
10,73,0.06420369446277618,0.007749548181891441,0.03537118434906006,0.22921395301818848,0.3,0.2,0.0001
10,74,0.09518547356128693,0.011362345889210701,0.0933799147605896,0.2790457308292389,0.3,0.2,0.0001
10,75,0.09021785110235214,0.008118724450469017,0.06056046485900879,0.3196549415588379,0.3,0.2,0.0001
10,76,0.05905161798000336,0.004823611583560705,0.03783315420150757,0.21439027786254883,0.3,0.2,0.0001
10,77,0.13859684765338898,0.011276094242930412,0.07195937633514404,0.5286647081375122,0.3,0.2,0.0001
10,78,0.10364051908254623,0.013009446673095226,0.07963424921035767,0.3337039649486542,0.3,0.2,0.0001
10,79,0.09958326816558838,0.004404628183692694,0.13034921884536743,0.2803693413734436,0.3,0.2,0.0001
10,80,0.10039805620908737,0.002798038301989436,0.18240344524383545,0.21439491212368011,0.3,0.2,0.0001
10,81,0.11029443144798279,0.004339199513196945,0.156316339969635,0.295301616191864,0.3,0.2,0.0001
10,82,0.11111925542354584,0.005046019330620766,0.1582120656967163,0.29304808378219604,0.3,0.2,0.0001
10,83,0.09673351049423218,0.0023770974949002266,0.154649019241333,0.23980854451656342,0.3,0.2,0.0001
10,84,0.08251899480819702,0.011751322075724602,0.04725998640060425,0.28294837474823,0.3,0.2,0.0001
10,85,0.11590650677680969,0.004578195977956057,0.18984222412109375,0.2718782126903534,0.3,0.2,0.0001
10,86,0.07220123708248138,0.006421509198844433,0.03614354133605957,0.2746833264827728,0.3,0.2,0.0001
10,87,0.06839139014482498,0.005244255065917969,0.10965192317962646,0.15125776827335358,0.3,0.2,0.0001
10,88,0.07374300062656403,0.0016616822686046362,0.09943878650665283,0.21124839782714844,0.3,0.2,0.0001
10,89,0.23506195843219757,0.0160390455275774,0.44523298740386963,0.42726507782936096,0.3,0.2,0.0001
10,90,0.0643601194024086,0.009261425584554672,0.04238390922546387,0.21191760897636414,0.3,0.2,0.0001
10,91,0.11419109255075455,0.0035416127648204565,0.22373008728027344,0.21765224635601044,0.3,0.2,0.0001
10,92,0.22693073749542236,0.012899281457066536,0.39781832695007324,0.47342973947525024,0.3,0.2,0.0001
10,93,0.11341313272714615,0.009348846971988678,0.1318126916885376,0.32260239124298096,0.3,0.2,0.0001
10,94,0.09706778824329376,0.009969310835003853,0.10883969068527222,0.2722328305244446,0.3,0.2,0.0001
10,95,0.14485785365104675,0.006406486500054598,0.20983147621154785,0.37750959396362305,0.3,0.2,0.0001
10,96,0.11192971467971802,0.006838944274932146,0.14536160230636597,0.30741146206855774,0.3,0.2,0.0001
10,97,0.07911758124828339,0.005488745868206024,0.06923305988311768,0.2642945647239685,0.3,0.2,0.0001
10,98,0.11593208461999893,0.0028718668036162853,0.15808260440826416,0.32817715406417847,0.3,0.2,0.0001
11,0,0.07424663007259369,0.002530323341488838,0.049436748027801514,0.28442639112472534,0.3,0.2,0.0001
11,1,0.10097725689411163,0.02308354340493679,0.054227590560913086,0.30812716484069824,0.3,0.2,0.0001
11,2,0.11871375143527985,0.004867449402809143,0.15716135501861572,0.33348947763442993,0.3,0.2,0.0001
11,3,0.03789946436882019,0.003573055611923337,0.04438680410385132,0.10505183786153793,0.3,0.2,0.0001
11,4,0.06709271669387817,0.005166754592210054,0.12315666675567627,0.12489482760429382,0.3,0.2,0.0001
11,5,0.0858074501156807,0.00615601846948266,0.07830029726028442,0.28080669045448303,0.3,0.2,0.0001
11,6,0.28543493151664734,0.021730687469244003,0.6161338090896606,0.3943205177783966,0.3,0.2,0.0001
11,7,0.09895803779363632,0.004574106074869633,0.18964511156082153,0.18745198845863342,0.3,0.2,0.0001
11,8,0.058995116502046585,0.01073630154132843,0.038440585136413574,0.18363319337368011,0.3,0.2,0.0001
11,9,0.05536600202322006,0.0016657195519655943,0.04531753063201904,0.20052510499954224,0.3,0.2,0.0001
11,10,0.06314458698034286,0.0016163140535354614,0.0991901159286499,0.15885616838932037,0.3,0.2,0.0001
11,11,0.1434595286846161,0.00562293641269207,0.1655673384666443,0.44083186984062195,0.3,0.2,0.0001
11,12,0.06809764355421066,0.0031869441736489534,0.11614793539047241,0.15033157169818878,0.3,0.2,0.0001
11,13,0.09949115663766861,0.010953430086374283,0.11815690994262695,0.2654532492160797,0.3,0.2,0.0001
11,14,0.1285485178232193,0.01253445353358984,0.19002169370651245,0.29503777623176575,0.3,0.2,0.0001
11,15,0.10219419002532959,0.0035600883420556784,0.14778506755828857,0.2714928686618805,0.3,0.2,0.0001
11,16,0.10431154072284698,0.006863864604383707,0.14505332708358765,0.2696583569049835,0.3,0.2,0.0001
11,17,0.06759218871593475,0.007244310807436705,0.03807663917541504,0.24462445080280304,0.3,0.2,0.0001
11,18,0.317550390958786,0.038477685302495956,0.6548076272010803,0.4131520986557007,0.3,0.2,0.0001
11,19,0.0785258561372757,0.011585813015699387,0.049466848373413086,0.2604999542236328,0.3,0.2,0.0001
11,20,0.05962999910116196,0.00752272317185998,0.03466886281967163,0.20853307843208313,0.3,0.2,0.0001
11,21,0.07087617367506027,0.007882627658545971,0.05985957384109497,0.22517834603786469,0.3,0.2,0.0001
11,22,0.28031566739082336,0.01983904093503952,0.577438473701477,0.43622541427612305,0.3,0.2,0.0001
11,23,0.07207952439785004,0.005087065510451794,0.10865539312362671,0.17197920382022858,0.3,0.2,0.0001
11,24,0.056852832436561584,0.004412359092384577,0.033148229122161865,0.21248000860214233,0.3,0.2,0.0001
11,25,0.23627817630767822,0.015287723392248154,0.43723350763320923,0.44910189509391785,0.3,0.2,0.0001
11,26,0.057999029755592346,0.0036719266790896654,0.04573714733123779,0.2030297964811325,0.3,0.2,0.0001
11,27,0.07479371875524521,0.003276991890743375,0.07862180471420288,0.2396509200334549,0.3,0.2,0.0001
11,28,0.09803017228841782,0.0027810693718492985,0.15833312273025513,0.2387458086013794,0.3,0.2,0.0001
11,29,0.09883983433246613,0.01395672932267189,0.08973687887191772,0.2898101806640625,0.3,0.2,0.0001
11,30,0.10552328824996948,0.0034196001943200827,0.22208887338638306,0.17738507688045502,0.3,0.2,0.0001
11,31,0.0619034469127655,0.001609938102774322,0.10311919450759888,0.14678874611854553,0.3,0.2,0.0001
11,32,0.11466941982507706,0.00924847461283207,0.13127100467681885,0.3301981985569,0.3,0.2,0.0001
11,33,0.0846569836139679,0.012803858146071434,0.04533869028091431,0.2912575900554657,0.3,0.2,0.0001
11,34,0.04996661841869354,0.0062521640211343765,0.03515005111694336,0.16584719717502594,0.3,0.2,0.0001
11,35,0.05620811879634857,0.004690090660005808,0.03718769550323486,0.20180858671665192,0.3,0.2,0.0001
11,36,0.12953610718250275,0.006852766033262014,0.1259813904762268,0.42444464564323425,0.3,0.2,0.0001
11,37,0.05562435835599899,0.003649677149951458,0.09817385673522949,0.11261261999607086,0.3,0.2,0.0001
11,38,0.10429166257381439,0.01303442008793354,0.07917749881744385,0.33751997351646423,0.3,0.2,0.0001
11,39,0.21863959729671478,0.011252203956246376,0.39560478925704956,0.44352978467941284,0.3,0.2,0.0001
11,40,0.08932633697986603,0.009851067326962948,0.10765475034713745,0.23589421808719635,0.3,0.2,0.0001
11,41,0.08587130159139633,0.002577749313786626,0.03770560026168823,0.359909325838089,0.3,0.2,0.0001
11,42,0.09561184048652649,0.0109018599614501,0.09149003028869629,0.28631484508514404,0.3,0.2,0.0001
11,43,0.28822624683380127,0.02145274356007576,0.5583760738372803,0.49630334973335266,0.3,0.2,0.0001
11,44,0.07478136569261551,0.01484853308647871,0.05100458860397339,0.22315727174282074,0.3,0.2,0.0001
11,45,0.16533350944519043,0.011593337170779705,0.29468101263046265,0.3266793489456177,0.3,0.2,0.0001
11,46,0.11019954085350037,0.0047247568145394325,0.22872495651245117,0.184286430478096,0.3,0.2,0.0001
11,47,0.10822506248950958,0.01168752834200859,0.11280429363250732,0.31348124146461487,0.3,0.2,0.0001
11,48,0.10284145176410675,0.006169802509248257,0.10118609666824341,0.3315790593624115,0.3,0.2,0.0001
11,49,0.11245760321617126,0.00475653912872076,0.18990784883499146,0.25364354252815247,0.3,0.2,0.0001
11,50,0.08130388706922531,0.00537256570532918,0.06751883029937744,0.27837836742401123,0.3,0.2,0.0001
11,51,0.10033642500638962,0.004775099456310272,0.22909170389175415,0.1341690570116043,0.3,0.2,0.0001
11,52,0.1309584230184555,0.004805566743016243,0.16403323411941528,0.38471442461013794,0.3,0.2,0.0001
11,53,0.10628999769687653,0.005412820260971785,0.21086478233337402,0.18808871507644653,0.3,0.2,0.0001
11,54,0.12491830438375473,0.010812248103320599,0.07071220874786377,0.46446195244789124,0.3,0.2,0.0001
11,55,0.06241371110081673,0.009008231572806835,0.04198545217514038,0.204049214720726,0.3,0.2,0.0001
11,56,0.10363464057445526,0.013607367873191833,0.07217901945114136,0.3418678343296051,0.3,0.2,0.0001
11,57,0.11455380916595459,0.0069663566537201405,0.1440315842628479,0.32188984751701355,0.3,0.2,0.0001
11,58,0.23008158802986145,0.009499185718595982,0.4163358211517334,0.47840821743011475,0.3,0.2,0.0001
11,59,0.13268262147903442,0.01122284960001707,0.20251381397247314,0.3035281002521515,0.3,0.2,0.0001
11,60,0.09635112434625626,0.006152820307761431,0.15165972709655762,0.22350192070007324,0.3,0.2,0.0001
11,61,0.09532821923494339,0.0013627044390887022,0.038643062114715576,0.4118629992008209,0.3,0.2,0.0001
11,62,0.10465428233146667,0.004520881921052933,0.08601880073547363,0.37163880467414856,0.3,0.2,0.0001
11,63,0.1791255623102188,0.006928819697350264,0.31844037771224976,0.38332313299179077,0.3,0.2,0.0001
11,64,0.09790171682834625,0.009276735596358776,0.08526432514190674,0.3152284324169159,0.3,0.2,0.0001
11,65,0.08092647790908813,0.00849718227982521,0.14880090951919556,0.13894513249397278,0.3,0.2,0.0001
11,66,0.16448071599006653,0.005370402708649635,0.24034732580184937,0.43503060936927795,0.3,0.2,0.0001
11,67,0.08137039840221405,0.009370310232043266,0.07614952325820923,0.24577611684799194,0.3,0.2,0.0001
11,68,0.11545160412788391,0.005252947099506855,0.12089014053344727,0.36965805292129517,0.3,0.2,0.0001
11,69,0.12249013036489487,0.0079202800989151,0.2345758080482483,0.2209855169057846,0.3,0.2,0.0001
11,70,0.10784004628658295,0.006739982403814793,0.14473825693130493,0.28839293122291565,0.3,0.2,0.0001
11,71,0.06857559084892273,0.001336671062745154,0.04326224327087402,0.2713012099266052,0.3,0.2,0.0001
11,72,0.07300792634487152,0.0033277785405516624,0.11132347583770752,0.18141548335552216,0.3,0.2,0.0001
11,73,0.07459153234958649,0.009576586075127125,0.04098379611968994,0.2635990381240845,0.3,0.2,0.0001
11,74,0.06692110002040863,0.0030346852727234364,0.09170562028884888,0.1818736344575882,0.3,0.2,0.0001
11,75,0.11231081187725067,0.013158251531422138,0.08473044633865356,0.3686671257019043,0.3,0.2,0.0001
11,76,0.07090235501527786,0.0036866297014057636,0.11883687973022461,0.15782329440116882,0.3,0.2,0.0001
11,77,0.1015983447432518,0.004233680199831724,0.17495322227478027,0.22439347207546234,0.3,0.2,0.0001
11,78,0.08270350843667984,0.004313906654715538,0.09029543399810791,0.2565048635005951,0.3,0.2,0.0001
11,79,0.16636806726455688,0.003843926824629307,0.20714086294174194,0.5019093751907349,0.3,0.2,0.0001
11,80,0.10791298002004623,0.00387096987105906,0.15854007005691528,0.2823999226093292,0.3,0.2,0.0001
11,81,0.22287625074386597,0.012490073218941689,0.3763759136199951,0.4873669743537903,0.3,0.2,0.0001
11,82,0.09361065179109573,0.0023936820216476917,0.15488886833190918,0.22375153005123138,0.3,0.2,0.0001
11,83,0.09171190857887268,0.001566916354931891,0.034713029861450195,0.39865541458129883,0.3,0.2,0.0001
11,84,0.09435069561004639,0.0044356174767017365,0.15369033813476562,0.21903985738754272,0.3,0.2,0.0001
11,85,0.20123645663261414,0.012722201645374298,0.34729039669036865,0.42163562774658203,0.3,0.2,0.0001
11,86,0.09245279431343079,0.017467346042394638,0.05286198854446411,0.2956342399120331,0.3,0.2,0.0001
11,87,0.06989868730306625,0.004110715817660093,0.05113363265991211,0.2522394061088562,0.3,0.2,0.0001
11,88,0.11181892454624176,0.0035356678999960423,0.16215866804122925,0.2981782555580139,0.3,0.2,0.0001
11,89,0.11793573945760727,0.01030257623642683,0.146040678024292,0.31910479068756104,0.3,0.2,0.0001
11,90,0.05566302686929703,0.003568112151697278,0.0764046311378479,0.14586761593818665,0.3,0.2,0.0001
11,91,0.08189640939235687,0.003732507349923253,0.1073000431060791,0.22986945509910583,0.3,0.2,0.0001
11,92,0.1566639095544815,0.006137775257229805,0.2052403688430786,0.44477012753486633,0.3,0.2,0.0001
11,93,0.0840611606836319,0.0075453221797943115,0.14833098649978638,0.16008269786834717,0.3,0.2,0.0001
11,94,0.08241508901119232,0.0025525519158691168,0.12775927782058716,0.20767377316951752,0.3,0.2,0.0001
11,95,0.09131056070327759,0.01168786734342575,0.0469592809677124,0.3276745080947876,0.3,0.2,0.0001
11,96,0.19948378205299377,0.011740283109247684,0.32065826654434204,0.4577300548553467,0.3,0.2,0.0001
11,97,0.09530618041753769,0.004324008245021105,0.12963610887527466,0.2604566812515259,0.3,0.2,0.0001
11,98,0.09678667783737183,0.0025981192011386156,0.18086206912994385,0.1996496617794037,0.3,0.2,0.0001
12,0,0.09289485961198807,0.010906415060162544,0.11692935228347778,0.2345481812953949,0.3,0.2,0.0001
12,1,0.06003815680742264,0.0059589180164039135,0.034912943840026855,0.2180267870426178,0.3,0.2,0.0001
12,2,0.1093093752861023,0.009125652723014355,0.13093918561935425,0.30450984835624695,0.3,0.2,0.0001
12,3,0.057587239891290665,0.0015248998533934355,0.0435141921043396,0.2150404006242752,0.3,0.2,0.0001
12,4,0.1037483960390091,0.00333749339915812,0.21774613857269287,0.17543528974056244,0.3,0.2,0.0001
12,5,0.129655122756958,0.011021232232451439,0.2013269066810608,0.2911790907382965,0.3,0.2,0.0001
12,6,0.07120394706726074,0.011202007532119751,0.04810822010040283,0.2278473675251007,0.3,0.2,0.0001
12,7,0.08047220855951309,0.002539551118388772,0.03748786449432373,0.3334314823150635,0.3,0.2,0.0001
12,8,0.06335999816656113,0.0047045000828802586,0.03718942403793335,0.2374933660030365,0.3,0.2,0.0001
12,9,0.10704541206359863,0.003907036501914263,0.15783733129501343,0.27893584966659546,0.3,0.2,0.0001
12,10,0.08170384913682938,0.0043028281070292,0.09000188112258911,0.2520022690296173,0.3,0.2,0.0001
12,11,0.09904275834560394,0.004266596399247646,0.1538841724395752,0.24305452406406403,0.3,0.2,0.0001
12,12,0.10263177752494812,0.004935016389936209,0.22732120752334595,0.14750199019908905,0.3,0.2,0.0001
12,13,0.10715076327323914,0.002980816178023815,0.1599440574645996,0.2809336483478546,0.3,0.2,0.0001
12,14,0.09036754071712494,0.012800200842320919,0.07951509952545166,0.26856401562690735,0.3,0.2,0.0001
12,15,0.3278517723083496,0.03834018111228943,0.6639111042022705,0.451691210269928,0.3,0.2,0.0001
12,16,0.0709138885140419,0.0029841833747923374,0.09139358997344971,0.20255813002586365,0.3,0.2,0.0001
12,17,0.10941723734140396,0.004902467131614685,0.18995386362075806,0.2376430481672287,0.3,0.2,0.0001
12,18,0.06467943638563156,0.0032466098200529814,0.1103256344795227,0.141675665974617,0.3,0.2,0.0001
12,19,0.06143482029438019,0.0039854091592133045,0.05093026161193848,0.21085166931152344,0.3,0.2,0.0001
12,20,0.05337352678179741,0.008925301022827625,0.04162973165512085,0.15979652106761932,0.3,0.2,0.0001
12,21,0.0508919432759285,0.007484913803637028,0.03451430797576904,0.16526369750499725,0.3,0.2,0.0001
12,22,0.10939246416091919,0.013187974691390991,0.08441263437271118,0.35440346598625183,0.3,0.2,0.0001
12,23,0.07477125525474548,0.01150999590754509,0.046255648136138916,0.2469228357076645,0.3,0.2,0.0001
12,24,0.08394279330968857,0.004270418081432581,0.12865304946899414,0.20538228750228882,0.3,0.2,0.0001
12,25,0.07763262838125229,0.00948374718427658,0.040278613567352295,0.2803264856338501,0.3,0.2,0.0001
12,26,0.058280181139707565,0.0070405746810138226,0.03789806365966797,0.19935093820095062,0.3,0.2,0.0001
12,27,0.14393486082553864,0.003980550915002823,0.18236464262008667,0.42622458934783936,0.3,0.2,0.0001
12,28,0.10635406523942947,0.006662248633801937,0.14367270469665527,0.2829500138759613,0.3,0.2,0.0001
12,29,0.12907131016254425,0.012395931407809258,0.18820714950561523,0.301066130399704,0.3,0.2,0.0001
12,30,0.10624600946903229,0.0067548300139606,0.14250469207763672,0.28369882702827454,0.3,0.2,0.0001
12,31,0.25896430015563965,0.021614523604512215,0.5237621068954468,0.4011057913303375,0.3,0.2,0.0001
12,32,0.13917389512062073,0.004414527211338282,0.08509021997451782,0.5461615324020386,0.3,0.2,0.0001
12,33,0.22282561659812927,0.011224756948649883,0.42383766174316406,0.4222477078437805,0.3,0.2,0.0001
12,34,0.05634099617600441,0.0036484324373304844,0.045358479022979736,0.1954250931739807,0.3,0.2,0.0001
12,35,0.133730947971344,0.006569343153387308,0.1921655535697937,0.34755972027778625,0.3,0.2,0.0001
12,36,0.09709583967924118,0.009031259454786777,0.08303385972976685,0.3157721161842346,0.3,0.2,0.0001
12,37,0.06164638698101044,0.0016597103094682097,0.09862786531448364,0.1519915759563446,0.3,0.2,0.0001
12,38,0.08055408298969269,0.0061102090403437614,0.07743650674819946,0.25606462359428406,0.3,0.2,0.0001
12,39,0.07102325558662415,0.0024873288348317146,0.12475252151489258,0.15555083751678467,0.3,0.2,0.0001
12,40,0.0945134162902832,0.004237840883433819,0.03232520818710327,0.40289005637168884,0.3,0.2,0.0001
12,41,0.11304548382759094,0.004823650233447552,0.2280474305152893,0.19903798401355743,0.3,0.2,0.0001
12,42,0.07163006067276001,0.0012453525559976697,0.034636616706848145,0.2999686300754547,0.3,0.2,0.0001
12,43,0.11553840339183807,0.010581298731267452,0.1462354063987732,0.30543240904808044,0.3,0.2,0.0001
12,44,0.10214529931545258,0.005840204190462828,0.14780789613723755,0.2598136067390442,0.3,0.2,0.0001
12,45,0.08929614722728729,0.010273464024066925,0.10791659355163574,0.23323851823806763,0.3,0.2,0.0001
12,46,0.09108296781778336,0.0046088662929832935,0.1884012222290039,0.14976866543293,0.3,0.2,0.0001
12,47,0.08643221855163574,0.02288784272968769,0.05249601602554321,0.23897784948349,0.3,0.2,0.0001
12,48,0.0606134757399559,0.003653388936072588,0.09672850370407104,0.13970766961574554,0.3,0.2,0.0001
12,49,0.06578458845615387,0.014453884214162827,0.05033344030380249,0.1811533421278,0.3,0.2,0.0001
12,50,0.10562145709991455,0.005236347205936909,0.11986052989959717,0.32213473320007324,0.3,0.2,0.0001
12,51,0.07376448810100555,0.005021717399358749,0.10770285129547119,0.18215954303741455,0.3,0.2,0.0001
12,52,0.09536390751600266,0.01082605216652155,0.090984046459198,0.2862131893634796,0.3,0.2,0.0001
12,53,0.07413998246192932,0.003730054711923003,0.10729855298995972,0.1911018043756485,0.3,0.2,0.0001
12,54,0.12015359103679657,0.008388701826334,0.24317073822021484,0.19406834244728088,0.3,0.2,0.0001
12,55,0.14616833627223969,0.005205247551202774,0.11422181129455566,0.5334826707839966,0.3,0.2,0.0001
12,56,0.05585823208093643,0.00349278817884624,0.07602286338806152,0.14779292047023773,0.3,0.2,0.0001
12,57,0.08497518301010132,0.007467310409992933,0.14753013849258423,0.16624413430690765,0.3,0.2,0.0001
12,58,0.11443637311458588,0.010982881300151348,0.07046520709991455,0.41156962513923645,0.3,0.2,0.0001
12,59,0.20705834031105042,0.010082452557981014,0.41726410388946533,0.35898324847221375,0.3,0.2,0.0001
12,60,0.05725143104791641,0.0012961617903783917,0.04507166147232056,0.2121688425540924,0.3,0.2,0.0001
12,61,0.14694049954414368,0.006632793229073286,0.3097913861274719,0.23685142397880554,0.3,0.2,0.0001
12,62,0.06278245151042938,0.005443489644676447,0.06648123264312744,0.1869729459285736,0.3,0.2,0.0001
12,63,0.07767427712678909,0.0023945507127791643,0.04878896474838257,0.3032151758670807,0.3,0.2,0.0001
12,64,0.07275904715061188,0.0036144235637038946,0.11850994825363159,0.16795818507671356,0.3,0.2,0.0001
12,65,0.09292957186698914,0.013763673603534698,0.07222044467926025,0.28749880194664,0.3,0.2,0.0001
12,66,0.20655782520771027,0.01153398398309946,0.3279927372932434,0.4831300675868988,0.3,0.2,0.0001
12,67,0.10668854415416718,0.004993625450879335,0.20013827085494995,0.20826713740825653,0.3,0.2,0.0001
12,68,0.07926527410745621,0.007420615758746862,0.05908328294754028,0.2705983519554138,0.3,0.2,0.0001
12,69,0.09560536593198776,0.01757545955479145,0.052760541439056396,0.3110087215900421,0.3,0.2,0.0001
12,70,0.27897465229034424,0.024174679070711136,0.6106456518173218,0.358031302690506,0.3,0.2,0.0001
12,71,0.0970769077539444,0.0026703362818807364,0.1784554123878479,0.20434972643852234,0.3,0.2,0.0001
12,72,0.09974268078804016,0.003489101305603981,0.1468968391418457,0.2609226703643799,0.3,0.2,0.0001
12,73,0.09221858531236649,0.01349770650267601,0.08879566192626953,0.2604109048843384,0.3,0.2,0.0001
12,74,0.08474385738372803,0.012663495726883411,0.04405492544174194,0.29431942105293274,0.3,0.2,0.0001
12,75,0.22937047481536865,0.01082100160419941,0.36396318674087524,0.5468025207519531,0.3,0.2,0.0001
12,76,0.11226312816143036,0.003269071225076914,0.15376156568527222,0.3143279254436493,0.3,0.2,0.0001
12,77,0.20384666323661804,0.0111478166654706,0.3185471296310425,0.4856734871864319,0.3,0.2,0.0001
12,78,0.15689629316329956,0.005128535442054272,0.17899560928344727,0.490345299243927,0.3,0.2,0.0001
12,79,0.07054492086172104,0.008247500285506248,0.14628678560256958,0.09205690771341324,0.3,0.2,0.0001
12,80,0.07008859515190125,0.0031426434870809317,0.11588078737258911,0.1609085500240326,0.3,0.2,0.0001
12,81,0.09091721475124359,0.0024211108684539795,0.15203070640563965,0.2144344449043274,0.3,0.2,0.0001
12,82,0.06410466134548187,0.003323594806715846,0.07823652029037476,0.1865505576133728,0.3,0.2,0.0001
12,83,0.08604125678539276,0.01180210616439581,0.11185985803604126,0.2034059762954712,0.3,0.2,0.0001
12,84,0.10938398540019989,0.004181513097137213,0.18418383598327637,0.24973657727241516,0.3,0.2,0.0001
12,85,0.06713517010211945,0.00502474932000041,0.12127882242202759,0.12863385677337646,0.3,0.2,0.0001
12,86,0.041653864085674286,0.0033711183350533247,0.0434916615486145,0.12617622315883636,0.3,0.2,0.0001
12,87,0.08187182247638702,0.009199915453791618,0.07524633407592773,0.2504900097846985,0.3,0.2,0.0001
12,88,0.10017666965723038,0.00632941909134388,0.10099393129348755,0.3177453577518463,0.3,0.2,0.0001
12,89,0.10066960752010345,0.00465165451169014,0.15454941987991333,0.2482656091451645,0.3,0.2,0.0001
12,90,0.12023263424634933,0.0049748667515814304,0.16628193855285645,0.32686591148376465,0.3,0.2,0.0001
12,91,0.1542285680770874,0.011949940584599972,0.29805195331573486,0.2643151581287384,0.3,0.2,0.0001
12,92,0.055781275033950806,0.0105522396042943,0.03772783279418945,0.16955341398715973,0.3,0.2,0.0001
12,93,0.10873410105705261,0.006934975273907185,0.14341694116592407,0.293870210647583,0.3,0.2,0.0001
12,94,0.0638987272977829,0.0015900147845968604,0.1017845869064331,0.15886665880680084,0.3,0.2,0.0001
12,95,0.2699340283870697,0.021242445334792137,0.5321274399757385,0.4452667236328125,0.3,0.2,0.0001
12,96,0.08409607410430908,0.0016702344873920083,0.035160958766937256,0.35938775539398193,0.3,0.2,0.0001
12,97,0.21507671475410461,0.012340054847300053,0.38538259267807007,0.4356093406677246,0.3,0.2,0.0001
12,98,0.17143861949443817,0.00536262197420001,0.24426865577697754,0.46397697925567627,0.3,0.2,0.0001
13,0,0.0823812484741211,0.012484372593462467,0.04374164342880249,0.2838718891143799,0.3,0.2,0.0001
13,1,0.07331778109073639,0.0034123396035283804,0.11782681941986084,0.17278695106506348,0.3,0.2,0.0001
13,2,0.21751074492931366,0.012093774043023586,0.42565053701400757,0.38860902190208435,0.3,0.2,0.0001
13,3,0.10388945043087006,0.005147847812622786,0.11959373950958252,0.31431740522384644,0.3,0.2,0.0001
13,4,0.28242114186286926,0.018727699294686317,0.552910566329956,0.4891013503074646,0.3,0.2,0.0001
13,5,0.10555103421211243,0.006882586050778627,0.14305466413497925,0.27876022458076477,0.3,0.2,0.0001
13,6,0.08228690922260284,0.009475735947489738,0.10443615913391113,0.20740161836147308,0.3,0.2,0.0001
13,7,0.06379286199808121,0.0049151163548231125,0.12008488178253174,0.11426138132810593,0.3,0.2,0.0001
13,8,0.07016168534755707,0.0025306970346719027,0.1263706088066101,0.1485990285873413,0.3,0.2,0.0001
13,9,0.09992500394582748,0.004505434539169073,0.22631269693374634,0.13762879371643066,0.3,0.2,0.0001
13,10,0.057905688881874084,0.003710272489115596,0.09724223613739014,0.12511371076107025,0.3,0.2,0.0001
13,11,0.09753867983818054,0.003186373272910714,0.21487927436828613,0.14944258332252502,0.3,0.2,0.0001
13,12,0.05731860548257828,0.005270924884825945,0.06566691398620605,0.16173802316188812,0.3,0.2,0.0001
13,13,0.09297864884138107,0.01411026157438755,0.05016660690307617,0.3190920054912567,0.3,0.2,0.0001
13,14,0.06050572171807289,0.010405516251921654,0.03747445344924927,0.19428934156894684,0.3,0.2,0.0001
13,15,0.06161985546350479,0.0028583607636392117,0.09074133634567261,0.1576954424381256,0.3,0.2,0.0001
13,16,0.06609351933002472,0.007421579211950302,0.03443402051925659,0.2417086511850357,0.3,0.2,0.0001
13,17,0.11229076236486435,0.010640394873917103,0.07018810510635376,0.4029696583747864,0.3,0.2,0.0001
13,18,0.07257026433944702,0.00905659981071949,0.07492226362228394,0.2051849365234375,0.3,0.2,0.0001
13,19,0.11126085370779037,0.004637741483747959,0.15371030569076538,0.3025501072406769,0.3,0.2,0.0001
13,20,0.07486724108457565,0.022627677768468857,0.052651286125183105,0.18222087621688843,0.3,0.2,0.0001
13,21,0.09779492765665054,0.002362847328186035,0.1501152515411377,0.2519875168800354,0.3,0.2,0.0001
13,22,0.037795837968587875,0.0033540516160428524,0.043417513370513916,0.10708265751600266,0.3,0.2,0.0001
13,23,0.09186764061450958,0.010685504414141178,0.09072953462600708,0.2698163390159607,0.3,0.2,0.0001
13,24,0.06085340678691864,0.0015664615202695131,0.09826987981796265,0.14902988076210022,0.3,0.2,0.0001
13,25,0.06551835685968399,0.003612720174714923,0.10603523254394531,0.15047532320022583,0.3,0.2,0.0001
13,26,0.15944185853004456,0.01168455183506012,0.2934499979019165,0.29861149191856384,0.3,0.2,0.0001
13,27,0.10890807211399078,0.008889601565897465,0.13068264722824097,0.304068386554718,0.3,0.2,0.0001
13,28,0.07311554998159409,0.007380187511444092,0.059059739112854004,0.24008719623088837,0.3,0.2,0.0001
13,29,0.31203317642211914,0.036279067397117615,0.6396875381469727,0.41923925280570984,0.3,0.2,0.0001
13,30,0.10392172634601593,0.004248345270752907,0.18322831392288208,0.22352439165115356,0.3,0.2,0.0001
13,31,0.09225806593894958,0.0044922782108187675,0.18712466955184937,0.15814191102981567,0.3,0.2,0.0001
13,32,0.08183425664901733,0.01252214889973402,0.0690731406211853,0.24295079708099365,0.3,0.2,0.0001
13,33,0.14545784890651703,0.005264946259558201,0.14877891540527344,0.47779613733291626,0.3,0.2,0.0001
13,34,0.08379082381725311,0.004809484351426363,0.10626673698425293,0.23550660908222198,0.3,0.2,0.0001
13,35,0.045727603137493134,0.006914597004652023,0.03756403923034668,0.13771897554397583,0.3,0.2,0.0001
13,36,0.0954190045595169,0.004533505532890558,0.1586952805519104,0.21638455986976624,0.3,0.2,0.0001
13,37,0.08794878423213959,0.002618692349642515,0.17361825704574585,0.16622306406497955,0.3,0.2,0.0001
13,38,0.07258325815200806,0.003218872006982565,0.07748603820800781,0.23059287667274475,0.3,0.2,0.0001
13,39,0.05865344777703285,0.001609219005331397,0.04405498504638672,0.21913865208625793,0.3,0.2,0.0001
13,40,0.2703160047531128,0.018189724534749985,0.5307541489601135,0.4645000398159027,0.3,0.2,0.0001
13,41,0.11615382879972458,0.004426766186952591,0.16248482465744019,0.31490805745124817,0.3,0.2,0.0001
13,42,0.2027929425239563,0.01271824911236763,0.33751076459884644,0.444107323884964,0.3,0.2,0.0001
13,43,0.05337968096137047,0.0035411606077104807,0.0760958194732666,0.13504886627197266,0.3,0.2,0.0001
13,44,0.046039383858442307,0.003577411873266101,0.045295774936676025,0.14436618983745575,0.3,0.2,0.0001
13,45,0.08519616723060608,0.0016580361407250166,0.03593522310256958,0.36378780007362366,0.3,0.2,0.0001
13,46,0.1056787520647049,0.003675347426906228,0.1560019850730896,0.2760140001773834,0.3,0.2,0.0001
13,47,0.07687578350305557,0.002568448893725872,0.037595272064208984,0.31514376401901245,0.3,0.2,0.0001
13,48,0.058985449373722076,0.004112828988581896,0.032067179679870605,0.22626233100891113,0.3,0.2,0.0001
13,49,0.048746999353170395,0.004742886405438185,0.036869704723358154,0.16471600532531738,0.3,0.2,0.0001
13,50,0.21605056524276733,0.013688527047634125,0.35566115379333496,0.4783184826374054,0.3,0.2,0.0001
13,51,0.08017903566360474,0.007475029211491346,0.147560715675354,0.1421789526939392,0.3,0.2,0.0001
13,52,0.10972234606742859,0.004711371846497059,0.2260938286781311,0.18591409921646118,0.3,0.2,0.0001
13,53,0.12582600116729736,0.012437140569090843,0.18707770109176636,0.2863277196884155,0.3,0.2,0.0001
13,54,0.16567391157150269,0.006910930387675762,0.31197988986968994,0.32584506273269653,0.3,0.2,0.0001
13,55,0.059677302837371826,0.0014192787930369377,0.044269680976867676,0.22488558292388916,0.3,0.2,0.0001
13,56,0.06638991087675095,0.002379934536293149,0.048599064350128174,0.24715127050876617,0.3,0.2,0.0001
13,57,0.0952581912279129,0.010824799537658691,0.11607885360717773,0.24804866313934326,0.3,0.2,0.0001
13,58,0.06312298029661179,0.005963785573840141,0.034563541412353516,0.233950674533844,0.3,0.2,0.0001
13,59,0.06320958584547043,0.008814722299575806,0.041189372539520264,0.21019026637077332,0.3,0.2,0.0001
13,60,0.22590844333171844,0.009971126914024353,0.3800972104072571,0.5095407366752625,0.3,0.2,0.0001
13,61,0.09565278887748718,0.0024866070598363876,0.15559589862823486,0.23243704438209534,0.3,0.2,0.0001
13,62,0.1865631341934204,0.006471697706729174,0.26448458433151245,0.503730297088623,0.3,0.2,0.0001
13,63,0.1051909402012825,0.004329757299274206,0.08499002456665039,0.3768208622932434,0.3,0.2,0.0001
13,64,0.0584971159696579,0.0037957869935780764,0.05062979459762573,0.19756196439266205,0.3,0.2,0.0001
13,65,0.06118197739124298,0.0016091478755697608,0.10140323638916016,0.14575926959514618,0.3,0.2,0.0001
13,66,0.19041651487350464,0.010598727501928806,0.3124910593032837,0.4303523898124695,0.3,0.2,0.0001
13,67,0.09140881896018982,0.01711391843855381,0.0515209436416626,0.2941930890083313,0.3,0.2,0.0001
13,68,0.1055753082036972,0.005129929166287184,0.19822371006011963,0.20489132404327393,0.3,0.2,0.0001
13,69,0.09566603600978851,0.0035024245735257864,0.1466110348701477,0.24090148508548737,0.3,0.2,0.0001
13,70,0.11015260219573975,0.006976018659770489,0.14521843194961548,0.2980552315711975,0.3,0.2,0.0001
13,71,0.0789002925157547,0.005937671754509211,0.0746300220489502,0.25286805629730225,0.3,0.2,0.0001
13,72,0.08293032646179199,0.011392135173082352,0.047962188720703125,0.2857476472854614,0.3,0.2,0.0001
13,73,0.1484033614397049,0.006802935153245926,0.20425105094909668,0.40162554383277893,0.3,0.2,0.0001
13,74,0.09777103364467621,0.011792903766036034,0.04684096574783325,0.35962918400764465,0.3,0.2,0.0001
13,75,0.077224962413311,0.008177835494279861,0.1450200080871582,0.12770560383796692,0.3,0.2,0.0001
13,76,0.0659501701593399,0.003030210267752409,0.1150733232498169,0.1419898271560669,0.3,0.2,0.0001
13,77,0.07867996394634247,0.004151009488850832,0.08906495571136475,0.2390473186969757,0.3,0.2,0.0001
13,78,0.12088093161582947,0.010101310908794403,0.1450994610786438,0.33624890446662903,0.3,0.2,0.0001
13,79,0.07818727195262909,0.0092918137088418,0.08382773399353027,0.21873566508293152,0.3,0.2,0.0001
13,80,0.08553357422351837,0.01167136337608099,0.11137157678604126,0.20225365459918976,0.3,0.2,0.0001
13,81,0.09084127098321915,0.006565205752849579,0.1525726318359375,0.1925213634967804,0.3,0.2,0.0001
13,82,0.11990837752819061,0.009543616324663162,0.040677547454833984,0.4908074736595154,0.3,0.2,0.0001
13,83,0.2288142442703247,0.011753614991903305,0.375515878200531,0.5220293402671814,0.3,0.2,0.0001
13,84,0.06360003352165222,0.003031468717381358,0.10928261280059814,0.1389189064502716,0.3,0.2,0.0001
13,85,0.13453015685081482,0.011239930056035519,0.20055896043777466,0.31561270356178284,0.3,0.2,0.0001
13,86,0.1361292004585266,0.005254498217254877,0.13121956586837769,0.45754411816596985,0.3,0.2,0.0001
13,87,0.10592325031757355,0.00635476503521204,0.1002393364906311,0.34748342633247375,0.3,0.2,0.0001
13,88,0.07797665894031525,0.0013888474786654115,0.03605681657791138,0.3288538157939911,0.3,0.2,0.0001
13,89,0.10890866816043854,0.0070535182021558285,0.1426846981048584,0.29524868726730347,0.3,0.2,0.0001
13,90,0.09673838317394257,0.003216552548110485,0.15173929929733276,0.2400001883506775,0.3,0.2,0.0001
13,91,0.09265094995498657,0.004253342282027006,0.12816107273101807,0.2497464120388031,0.3,0.2,0.0001
13,92,0.11586661636829376,0.004872590769082308,0.18902748823165894,0.2714288830757141,0.3,0.2,0.0001
13,93,0.1268007904291153,0.007570039946585894,0.2299504280090332,0.25122806429862976,0.3,0.2,0.0001
13,94,0.27218079566955566,0.022980406880378723,0.5772449970245361,0.38013434410095215,0.3,0.2,0.0001
13,95,0.16312773525714874,0.0043656472116708755,0.21253067255020142,0.4750143885612488,0.3,0.2,0.0001
13,96,0.10776510089635849,0.013594234362244606,0.08867567777633667,0.3378407955169678,0.3,0.2,0.0001
13,97,0.10925153642892838,0.013239497318863869,0.08407557010650635,0.35394683480262756,0.3,0.2,0.0001
13,98,0.09889678657054901,0.012626037001609802,0.07837098836898804,0.3137972354888916,0.3,0.2,0.0001
14,0,0.3155476152896881,0.03680580109357834,0.6537834405899048,0.41303378343582153,0.3,0.2,0.0001
14,1,0.06892826408147812,0.003445848822593689,0.11734932661056519,0.15138807892799377,0.3,0.2,0.0001
14,2,0.08211798220872879,0.0015741344541311264,0.035730838775634766,0.3491230010986328,0.3,0.2,0.0001
14,3,0.07471668720245361,0.007250533904880285,0.14612752199172974,0.11813947558403015,0.3,0.2,0.0001
14,4,0.056564196944236755,0.007258683908730745,0.03398400545120239,0.1955515444278717,0.3,0.2,0.0001
14,5,0.05205909162759781,0.0015324816340580583,0.04308539628982544,0.18800494074821472,0.3,0.2,0.0001
14,6,0.08531313389539719,0.012108316645026207,0.06688261032104492,0.26570016145706177,0.3,0.2,0.0001
14,7,0.05082503706216812,0.00858466885983944,0.04082632064819336,0.14996235072612762,0.3,0.2,0.0001
14,8,0.20415040850639343,0.007599490694701672,0.33415818214416504,0.48151734471321106,0.3,0.2,0.0001
14,9,0.05110883712768555,0.0035223830491304398,0.07572251558303833,0.12434849143028259,0.3,0.2,0.0001
14,10,0.07904951274394989,0.009906942024827003,0.10620951652526855,0.18639859557151794,0.3,0.2,0.0001
14,11,0.0972781553864479,0.004757186863571405,0.15479964017868042,0.23040536046028137,0.3,0.2,0.0001
14,12,0.0909200981259346,0.0022797214332967997,0.1471567153930664,0.22246681153774261,0.3,0.2,0.0001
14,13,0.21027402579784393,0.010275350883603096,0.3566959500312805,0.46494942903518677,0.3,0.2,0.0001
14,14,0.198763906955719,0.011944801546633244,0.3319789171218872,0.43612709641456604,0.3,0.2,0.0001
14,15,0.10302592813968658,0.004421831574290991,0.22409188747406006,0.15688259899616241,0.3,0.2,0.0001
14,16,0.09986825287342072,0.016727980226278305,0.050563037395477295,0.3398567736148834,0.3,0.2,0.0001
14,17,0.11015978455543518,0.007716722320765257,0.23037844896316528,0.16664762794971466,0.3,0.2,0.0001
14,18,0.13267739117145538,0.012461932376027107,0.18738490343093872,0.31999993324279785,0.3,0.2,0.0001
14,19,0.05621425434947014,0.003966798540204763,0.03151339292526245,0.2139671891927719,0.3,0.2,0.0001
14,20,0.1805902123451233,0.004935991484671831,0.23811709880828857,0.5210953950881958,0.3,0.2,0.0001
14,21,0.09641777724027634,0.008958919905126095,0.0823979377746582,0.31369736790657043,0.3,0.2,0.0001
14,22,0.2787793278694153,0.023046031594276428,0.5421848297119141,0.4653892517089844,0.3,0.2,0.0001
14,23,0.14316494762897491,0.005016334354877472,0.16629260778427124,0.44130414724349976,0.3,0.2,0.0001
14,24,0.09788359701633453,0.005991912446916103,0.14849519729614258,0.236715629696846,0.3,0.2,0.0001
14,25,0.05820535123348236,0.006781825330108404,0.03677850961685181,0.2019498497247696,0.3,0.2,0.0001
14,26,0.2583773732185364,0.0179183017462492,0.5096275806427002,0.43785396218299866,0.3,0.2,0.0001
14,27,0.11054286360740662,0.0045117540284991264,0.1632143259048462,0.285334050655365,0.3,0.2,0.0001
14,28,0.06775307655334473,0.004939335398375988,0.06613749265670776,0.21486248075962067,0.3,0.2,0.0001
14,29,0.07312770187854767,0.0024240673519670963,0.12296968698501587,0.16906359791755676,0.3,0.2,0.0001
14,30,0.034026890993118286,0.003551271976903081,0.04319483041763306,0.08758585155010223,0.3,0.2,0.0001
14,31,0.06541793048381805,0.0051150997169315815,0.11980706453323364,0.12180355191230774,0.3,0.2,0.0001
14,32,0.10461537539958954,0.0035870682913810015,0.15478819608688354,0.27295923233032227,0.3,0.2,0.0001
14,33,0.07420285046100616,0.0025601687375456095,0.03755134344100952,0.3018863797187805,0.3,0.2,0.0001
14,34,0.09079156070947647,0.013805407099425793,0.08825844526290894,0.2525430917739868,0.3,0.2,0.0001
14,35,0.07180863618850708,0.008489666506648064,0.14698326587677002,0.0961199402809143,0.3,0.2,0.0001
14,36,0.10973291844129562,0.004478481598198414,0.18638485670089722,0.246694877743721,0.3,0.2,0.0001
14,37,0.06867440044879913,0.0036963606253266335,0.1057276725769043,0.16629867255687714,0.3,0.2,0.0001
14,38,0.11032799631357193,0.006811840925365686,0.14239007234573364,0.30399563908576965,0.3,0.2,0.0001
14,39,0.05152129381895065,0.0036151856184005737,0.04492717981338501,0.1721397489309311,0.3,0.2,0.0001
14,40,0.07096085697412491,0.001465248642489314,0.0444033145904541,0.28087306022644043,0.3,0.2,0.0001
14,41,0.10047698020935059,0.004361320752650499,0.08365941047668457,0.3550891876220703,0.3,0.2,0.0001
14,42,0.09084887057542801,0.002615115372464061,0.17468571662902832,0.17914016544818878,0.3,0.2,0.0001
14,43,0.092162124812603,0.01079864613711834,0.11538529396057129,0.23373942077159882,0.3,0.2,0.0001
14,44,0.1592562347650528,0.006725901272147894,0.21561193466186523,0.4392337501049042,0.3,0.2,0.0001
14,45,0.108265720307827,0.009309039451181889,0.1303858757019043,0.29920458793640137,0.3,0.2,0.0001
14,46,0.1041543185710907,0.006631692871451378,0.13984501361846924,0.2778455913066864,0.3,0.2,0.0001
14,47,0.08767788112163544,0.002803369425237179,0.1496518850326538,0.1998947262763977,0.3,0.2,0.0001
14,48,0.07370098680257797,0.011221778579056263,0.04712545871734619,0.24170786142349243,0.3,0.2,0.0001
14,49,0.07313902676105499,0.0093403784558177,0.03962123394012451,0.25956135988235474,0.3,0.2,0.0001
14,50,0.08177219331264496,0.004961035214364529,0.10631370544433594,0.22458523511886597,0.3,0.2,0.0001
14,51,0.11906222999095917,0.011240060441195965,0.07007944583892822,0.4339917004108429,0.3,0.2,0.0001
14,52,0.15024793148040771,0.01165559608489275,0.2906419634819031,0.2569987177848816,0.3,0.2,0.0001
14,53,0.09631772339344025,0.003992210142314434,0.17824101448059082,0.19426600635051727,0.3,0.2,0.0001
14,54,0.22116917371749878,0.010955230332911015,0.411079466342926,0.4344504475593567,0.3,0.2,0.0001
14,55,0.09012337028980255,0.00452939048409462,0.1863783597946167,0.1484023481607437,0.3,0.2,0.0001
14,56,0.17589382827281952,0.006789936684072018,0.30806630849838257,0.3834199905395508,0.3,0.2,0.0001
14,57,0.08469489216804504,0.012700223363935947,0.07786571979522705,0.24317479133605957,0.3,0.2,0.0001
14,58,0.11510498821735382,0.005182260647416115,0.19751232862472534,0.25334516167640686,0.3,0.2,0.0001
14,59,0.09205840528011322,0.0035774975549429655,0.14574503898620605,0.22378699481487274,0.3,0.2,0.0001
14,60,0.08703014254570007,0.004208976868540049,0.12730973958969116,0.22314119338989258,0.3,0.2,0.0001
14,61,0.09756342321634293,0.003179884050041437,0.2121700644493103,0.1536625623703003,0.3,0.2,0.0001
14,62,0.05349431186914444,0.003373414045199752,0.07703757286071777,0.13504812121391296,0.3,0.2,0.0001
14,63,0.2191256731748581,0.015578396618366241,0.3763970732688904,0.4531407356262207,0.3,0.2,0.0001
14,64,0.09782246500253677,0.004864733666181564,0.2339652180671692,0.11384080350399017,0.3,0.2,0.0001
14,65,0.11074164509773254,0.006776228081434965,0.14409160614013672,0.3036896586418152,0.3,0.2,0.0001
14,66,0.06783286482095718,0.0012692395830526948,0.036602139472961426,0.2779149115085602,0.3,0.2,0.0001
14,67,0.0714043378829956,0.005863095633685589,0.07332038879394531,0.21772558987140656,0.3,0.2,0.0001
14,68,0.11648842692375183,0.010098983533680439,0.14467746019363403,0.3149310052394867,0.3,0.2,0.0001
14,69,0.15581759810447693,0.0037140394560992718,0.17298543453216553,0.5010396242141724,0.3,0.2,0.0001
14,70,0.05826956778764725,0.005890337284654379,0.03396344184875488,0.21095098555088043,0.3,0.2,0.0001
14,71,0.10340812802314758,0.0050066085532307625,0.11844658851623535,0.31433767080307007,0.3,0.2,0.0001
14,72,0.09523724019527435,0.022406037896871567,0.05168569087982178,0.28662747144699097,0.3,0.2,0.0001
14,73,0.09410563111305237,0.003087380900979042,0.15005618333816528,0.23000700771808624,0.3,0.2,0.0001
14,74,0.07201249897480011,0.0031247101724147797,0.1149870753288269,0.1719583421945572,0.3,0.2,0.0001
14,75,0.308503657579422,0.02519804798066616,0.5813519358634949,0.5445001721382141,0.3,0.2,0.0001
14,76,0.12381361424922943,0.011095178313553333,0.19965356588363647,0.26411184668540955,0.3,0.2,0.0001
14,77,0.17544403672218323,0.010733959265053272,0.3112676739692688,0.35664886236190796,0.3,0.2,0.0001
14,78,0.0752357468008995,0.011664166115224361,0.11024469137191772,0.15249085426330566,0.3,0.2,0.0001
14,79,0.09681439399719238,0.0043275742791593075,0.15486973524093628,0.23012949526309967,0.3,0.2,0.0001
14,80,0.059483662247657776,0.001611774554476142,0.09768837690353394,0.1428268551826477,0.3,0.2,0.0001
14,81,0.06567128002643585,0.003009697888046503,0.10845029354095459,0.15063242614269257,0.3,0.2,0.0001
14,82,0.04583146050572395,0.00447057792916894,0.03665053844451904,0.1518286019563675,0.3,0.2,0.0001
14,83,0.06876898556947708,0.012219559401273727,0.043012917041778564,0.21822774410247803,0.3,0.2,0.0001
14,84,0.0992179736495018,0.006171321962028742,0.10033589601516724,0.31472939252853394,0.3,0.2,0.0001
14,85,0.08011452853679657,0.011457948945462704,0.04679739475250244,0.273086816072464,0.3,0.2,0.0001
14,86,0.0546564981341362,0.0036415308713912964,0.05033773183822632,0.17956823110580444,0.3,0.2,0.0001
14,87,0.07053428888320923,0.0023299658205360174,0.048647284507751465,0.2680506706237793,0.3,0.2,0.0001
14,88,0.08945740759372711,0.00914810597896576,0.07456457614898682,0.28969964385032654,0.3,0.2,0.0001
14,89,0.07866676151752472,0.013992322608828545,0.049275755882263184,0.24945853650569916,0.3,0.2,0.0001
14,90,0.055752355605363846,0.010483190417289734,0.03715246915817261,0.17061711847782135,0.3,0.2,0.0001
14,91,0.13795976340770721,0.004061798099428415,0.12981289625167847,0.4747704863548279,0.3,0.2,0.0001
14,92,0.08531967550516129,0.010654621757566929,0.09160834550857544,0.2359127402305603,0.3,0.2,0.0001
14,93,0.059247665107250214,0.0037325886078178883,0.09673786163330078,0.132468581199646,0.3,0.2,0.0001
14,94,0.10435193032026291,0.01331162080168724,0.08410686254501343,0.3290412425994873,0.3,0.2,0.0001
14,95,0.05923181027173996,0.001557859475724399,0.10076463222503662,0.1372227966785431,0.3,0.2,0.0001
14,96,0.0741509422659874,0.004079777281731367,0.08839559555053711,0.21776241064071655,0.3,0.2,0.0001
14,97,0.07179057598114014,0.007220864295959473,0.05882996320724487,0.234603613615036,0.3,0.2,0.0001
14,98,0.07704633474349976,0.002840500557795167,0.09020131826400757,0.23572717607021332,0.3,0.2,0.0001
15,0,0.06782452762126923,0.0013148484285920858,0.03665781021118164,0.2775616943836212,0.3,0.2,0.0001
15,1,0.09271906316280365,0.0030446669552475214,0.21031558513641357,0.13289859890937805,0.3,0.2,0.0001
15,2,0.10842753946781158,0.007549754343926907,0.22790175676345825,0.16253627836704254,0.3,0.2,0.0001
15,3,0.055812764912843704,0.0016267721075564623,0.04477214813232422,0.20377174019813538,0.3,0.2,0.0001
15,4,0.08425787091255188,0.0014981572749093175,0.034651100635528564,0.36182188987731934,0.3,0.2,0.0001
15,5,0.11252819001674652,0.010037576779723167,0.14504551887512207,0.2948847711086273,0.3,0.2,0.0001
15,6,0.10019551217556,0.0050454591400921345,0.1988939642906189,0.1774093359708786,0.3,0.2,0.0001
15,7,0.12700147926807404,0.011054166592657566,0.20013123750686646,0.27953964471817017,0.3,0.2,0.0001
15,8,0.19080191850662231,0.01066538318991661,0.3254859447479248,0.41245368123054504,0.3,0.2,0.0001
15,9,0.06331318616867065,0.009191121906042099,0.03975015878677368,0.21098507940769196,0.3,0.2,0.0001
15,10,0.08820955455303192,0.004215559456497431,0.1569538116455078,0.18453921377658844,0.3,0.2,0.0001
15,11,0.08278369903564453,0.008920758031308651,0.08227545022964478,0.24590151011943817,0.3,0.2,0.0001
15,12,0.15074953436851501,0.004889143630862236,0.2209663987159729,0.39785236120224,0.3,0.2,0.0001
15,13,0.18259967863559723,0.008248042315244675,0.34541797637939453,0.35363122820854187,0.3,0.2,0.0001
15,14,0.08111562579870224,0.0021761194802820683,0.14698141813278198,0.17422537505626678,0.3,0.2,0.0001
15,15,0.07902444899082184,0.012049560435116291,0.04256325960159302,0.2710295617580414,0.3,0.2,0.0001
15,16,0.2795053720474243,0.018596094101667404,0.5562556982040405,0.4701628088951111,0.3,0.2,0.0001
15,17,0.07098115980625153,0.0034631164744496346,0.11733627319335938,0.16158579289913177,0.3,0.2,0.0001
15,18,0.08709154278039932,0.002509874990209937,0.17392104864120483,0.1620267629623413,0.3,0.2,0.0001
15,19,0.05166536197066307,0.004514056723564863,0.03675675392150879,0.18062138557434082,0.3,0.2,0.0001
15,20,0.135657399892807,0.0036673021968454123,0.12356168031692505,0.4746079444885254,0.3,0.2,0.0001
15,21,0.08839266747236252,0.011954975314438343,0.06653726100921631,0.2823825776576996,0.3,0.2,0.0001
15,22,0.12313926219940186,0.012373884208500385,0.18618178367614746,0.27455416321754456,0.3,0.2,0.0001
15,23,0.09654073417186737,0.013075494207441807,0.08293944597244263,0.29291704297065735,0.3,0.2,0.0001
15,24,0.13627150654792786,0.006192892324179411,0.19948405027389526,0.3511669635772705,0.3,0.2,0.0001
15,25,0.05540522187948227,0.0032007263507694006,0.07660514116287231,0.1461147665977478,0.3,0.2,0.0001
15,26,0.07893705368041992,0.004853538703173399,0.10569065809249878,0.2118816077709198,0.3,0.2,0.0001
15,27,0.10891124606132507,0.010804766789078712,0.07002222537994385,0.3854990303516388,0.3,0.2,0.0001
15,28,0.05980086326599121,0.0030111162923276424,0.10688972473144531,0.12361413240432739,0.3,0.2,0.0001
15,29,0.10835869610309601,0.0030287345871329308,0.14716190099716187,0.30590692162513733,0.3,0.2,0.0001
15,30,0.08625979721546173,0.01208624616265297,0.11075985431671143,0.20472797751426697,0.3,0.2,0.0001
15,31,0.05273335427045822,0.0034113682340830564,0.07526350021362305,0.1337146759033203,0.3,0.2,0.0001
15,32,0.0856838971376419,0.004180398304015398,0.08281153440475464,0.2833001911640167,0.3,0.2,0.0001
15,33,0.09249044954776764,0.005981962662190199,0.09942662715911865,0.2834025025367737,0.3,0.2,0.0001
15,34,0.15346747636795044,0.01171309594064951,0.2912251353263855,0.2719341814517975,0.3,0.2,0.0001
15,35,0.10249391198158264,0.006688745226711035,0.14036184549331665,0.26848307251930237,0.3,0.2,0.0001
15,36,0.07546576112508774,0.00404469296336174,0.08772218227386475,0.22552205622196198,0.3,0.2,0.0001
15,37,0.07555193454027176,0.007006906438618898,0.14421623945236206,0.12640078365802765,0.3,0.2,0.0001
15,38,0.10852283239364624,0.006763380020856857,0.14374858140945435,0.2931743860244751,0.3,0.2,0.0001
15,39,0.10239829123020172,0.0039376066997647285,0.18042480945587158,0.22166620194911957,0.3,0.2,0.0001
15,40,0.04037333279848099,0.003333515487611294,0.04314655065536499,0.12047925591468811,0.3,0.2,0.0001
15,41,0.16324713826179504,0.00418719882145524,0.2292497754096985,0.4514249563217163,0.3,0.2,0.0001
15,42,0.0744708776473999,0.002473140135407448,0.12355071306228638,0.17466259002685547,0.3,0.2,0.0001
15,43,0.0725288838148117,0.011086671613156796,0.04548358917236328,0.23898567259311676,0.3,0.2,0.0001
15,44,0.08311495184898376,0.004061482846736908,0.12570524215698242,0.20670945942401886,0.3,0.2,0.0001
15,45,0.060649573802948,0.0015701400116086006,0.09752964973449707,0.14910268783569336,0.3,0.2,0.0001
15,46,0.06805332005023956,0.0023353511933237314,0.03703272342681885,0.2730407416820526,0.3,0.2,0.0001
15,47,0.05792631208896637,0.0014200157020241022,0.04506516456604004,0.21493372321128845,0.3,0.2,0.0001
15,48,0.04272032901644707,0.0033985325135290623,0.04523169994354248,0.128761425614357,0.3,0.2,0.0001
15,49,0.08849256485700607,0.0038944764528423548,0.03131073713302612,0.3760243058204651,0.3,0.2,0.0001
15,50,0.05502058193087578,0.0035896648187190294,0.05041617155075073,0.18153032660484314,0.3,0.2,0.0001
15,51,0.1100587397813797,0.009037272073328495,0.13048440217971802,0.30938073992729187,0.3,0.2,0.0001
15,52,0.2362341433763504,0.01595865935087204,0.40415340662002563,0.49514731764793396,0.3,0.2,0.0001
15,53,0.06703200936317444,0.002808058401569724,0.08945560455322266,0.18693633377552032,0.3,0.2,0.0001
15,54,0.2708693742752075,0.022917907685041428,0.5700469017028809,0.38468700647354126,0.3,0.2,0.0001
15,55,0.30801108479499817,0.032751698046922684,0.6041458249092102,0.4700782597064972,0.3,0.2,0.0001
15,56,0.05769821256399155,0.003602217882871628,0.09542191028594971,0.12734711170196533,0.3,0.2,0.0001
15,57,0.09715360403060913,0.012453407980501652,0.07768082618713379,0.3069797158241272,0.3,0.2,0.0001
15,58,0.2874904274940491,0.019015895202755928,0.5091291666030884,0.5786789059638977,0.3,0.2,0.0001
15,59,0.07880161702632904,0.008997258730232716,0.07435798645019531,0.23748482763767242,0.3,0.2,0.0001
15,60,0.20558741688728333,0.012569904327392578,0.3269912004470825,0.47460079193115234,0.3,0.2,0.0001
15,61,0.10179654508829117,0.004395917523652315,0.22244638204574585,0.15333352982997894,0.3,0.2,0.0001
15,62,0.06831894814968109,0.002926804358139634,0.1136101484298706,0.1565455049276352,0.3,0.2,0.0001
15,63,0.09253435581922531,0.009767771698534489,0.10478401184082031,0.2566568851470947,0.3,0.2,0.0001
15,64,0.08334750682115555,0.002563874702900648,0.14987200498580933,0.17911013960838318,0.3,0.2,0.0001
15,65,0.07215039432048798,0.02205337956547737,0.05087965726852417,0.17416556179523468,0.3,0.2,0.0001
15,66,0.045180223882198334,0.007201346103101969,0.03372234106063843,0.13931088149547577,0.3,0.2,0.0001
15,67,0.050271376967430115,0.006795068737119436,0.03653132915496826,0.16258454322814941,0.3,0.2,0.0001
15,68,0.1106986328959465,0.0045005944557487965,0.18653786182403564,0.2511833906173706,0.3,0.2,0.0001
15,69,0.0876777172088623,0.004341666586697102,0.1847914457321167,0.13949307799339294,0.3,0.2,0.0001
15,70,0.0691150426864624,0.0058761644177138805,0.0738176703453064,0.20546787977218628,0.3,0.2,0.0001
15,71,0.10757099837064743,0.0050711724907159805,0.11852443218231201,0.3347124755382538,0.3,0.2,0.0001
15,72,0.146306574344635,0.004686012398451567,0.1608371138572693,0.46684712171554565,0.3,0.2,0.0001
15,73,0.11586335301399231,0.004235946573317051,0.1613878607749939,0.31605520844459534,0.3,0.2,0.0001
15,74,0.07728602737188339,0.007074070628732443,0.058556199073791504,0.2632254660129547,0.3,0.2,0.0001
15,75,0.10704942047595978,0.004861455876380205,0.15398216247558594,0.2799665927886963,0.3,0.2,0.0001
15,76,0.06005708500742912,0.0015521685127168894,0.10028129816055298,0.14210262894630432,0.3,0.2,0.0001
15,77,0.21424157917499542,0.010784872807562351,0.344169557094574,0.5010291934013367,0.3,0.2,0.0001
15,78,0.06305856257677078,0.004894917365163565,0.11811453104019165,0.11364641040563583,0.3,0.2,0.0001
15,79,0.08388090133666992,0.010604605078697205,0.0914844274520874,0.2291547954082489,0.3,0.2,0.0001
15,80,0.07256937026977539,0.013724399730563164,0.048661887645721436,0.22123199701309204,0.3,0.2,0.0001
15,81,0.09693220257759094,0.00609389366582036,0.14785510301589966,0.23240888118743896,0.3,0.2,0.0001
15,82,0.05514282360672951,0.00560523197054863,0.03306549787521362,0.19808970391750336,0.3,0.2,0.0001
15,83,0.09546688199043274,0.0036599955055862665,0.15357732772827148,0.2286684364080429,0.3,0.2,0.0001
15,84,0.0677267462015152,0.010857189074158669,0.046533048152923584,0.21454820036888123,0.3,0.2,0.0001
15,85,0.06226544827222824,0.008151071146130562,0.1435016393661499,0.055319394916296005,0.3,0.2,0.0001
15,86,0.21516463160514832,0.008709273301064968,0.40867024660110474,0.41927140951156616,0.3,0.2,0.0001
15,87,0.09619997441768646,0.011050093919038773,0.11577397584915161,0.2520884573459625,0.3,0.2,0.0001
15,88,0.06062011420726776,0.005032581742852926,0.06354224681854248,0.18262428045272827,0.3,0.2,0.0001
15,89,0.07413014769554138,0.003594094654545188,0.10426193475723267,0.1962873637676239,0.3,0.2,0.0001
15,90,0.0583927221596241,0.008574600331485271,0.04025077819824219,0.1887144297361374,0.3,0.2,0.0001
15,91,0.09251395612955093,0.004576123785227537,0.22292262315750122,0.10530518740415573,0.3,0.2,0.0001
15,92,0.1027744710445404,0.00668294494971633,0.14089643955230713,0.2691129744052887,0.3,0.2,0.0001
15,93,0.09127853810787201,0.003620293689891696,0.14512497186660767,0.22060373425483704,0.3,0.2,0.0001
15,94,0.08381190896034241,0.013452762737870216,0.08779621124267578,0.22010137140750885,0.3,0.2,0.0001
15,95,0.06972535699605942,0.002307131653651595,0.048384249210357666,0.2645147442817688,0.3,0.2,0.0001
15,96,0.08617542684078217,0.017108825966715813,0.05022662878036499,0.26999303698539734,0.3,0.2,0.0001
15,97,0.16339817643165588,0.006679378915578127,0.30468398332595825,0.32656800746917725,0.3,0.2,0.0001
15,98,0.05595085769891739,0.010196791961789131,0.03643161058425903,0.1741228997707367,0.3,0.2,0.0001
16,0,0.10163091123104095,0.004943177103996277,0.11734557151794434,0.3074203133583069,0.3,0.2,0.0001
16,1,0.10936260223388672,0.009931548498570919,0.14400607347488403,0.2811461389064789,0.3,0.2,0.0001
16,2,0.06376292556524277,0.002940128557384014,0.11296606063842773,0.1346648931503296,0.3,0.2,0.0001
16,3,0.10401932895183563,0.004848371259868145,0.19572031497955322,0.20227432250976562,0.3,0.2,0.0001
16,4,0.08646831661462784,0.0034904684871435165,0.144037127494812,0.19883352518081665,0.3,0.2,0.0001
16,5,0.07086372375488281,0.013248750008642673,0.047826409339904785,0.216335266828537,0.3,0.2,0.0001
16,6,0.033035289496183395,0.003336859168484807,0.04266995191574097,0.08448721468448639,0.3,0.2,0.0001
16,7,0.07897936552762985,0.011992343701422215,0.04282486438751221,0.27069780230522156,0.3,0.2,0.0001
16,8,0.0644925981760025,0.0035317305009812117,0.103351891040802,0.14977647364139557,0.3,0.2,0.0001
16,9,0.05434972047805786,0.002844391856342554,0.08878493309020996,0.12434924393892288,0.3,0.2,0.0001
16,10,0.08434674143791199,0.0024325991980731487,0.16932731866836548,0.15557971596717834,0.3,0.2,0.0001
16,11,0.10585078597068787,0.01335246954113245,0.08410274982452393,0.33633744716644287,0.3,0.2,0.0001
16,12,0.05637235566973686,0.0038494279142469168,0.09627681970596313,0.11819940060377121,0.3,0.2,0.0001
16,13,0.06422187387943268,0.00365474377758801,0.030503153800964355,0.25708091259002686,0.3,0.2,0.0001
16,14,0.05504418909549713,0.0015210772398859262,0.04295516014099121,0.20318280160427094,0.3,0.2,0.0001
16,15,0.165429025888443,0.007090301252901554,0.23896807432174683,0.43324148654937744,0.3,0.2,0.0001
16,16,0.06654748320579529,0.0022724687587469816,0.04857635498046875,0.24851053953170776,0.3,0.2,0.0001
16,17,0.07269622385501862,0.004065322689712048,0.08784866333007812,0.21138150990009308,0.3,0.2,0.0001
16,18,0.22936251759529114,0.011490427888929844,0.38226330280303955,0.515965461730957,0.3,0.2,0.0001
16,19,0.09918922185897827,0.002194757806137204,0.14694678783416748,0.26455214619636536,0.3,0.2,0.0001
16,20,0.08637549728155136,0.012607057578861713,0.07895034551620483,0.25041666626930237,0.3,0.2,0.0001
16,21,0.07317478209733963,0.004074944648891687,0.12532049417495728,0.1575184166431427,0.3,0.2,0.0001
16,22,0.0666441023349762,0.010677836835384369,0.0461999773979187,0.21053136885166168,0.3,0.2,0.0001
16,23,0.10061441361904144,0.004602693486958742,0.1513112187385559,0.2530917823314667,0.3,0.2,0.0001
16,24,0.21086299419403076,0.008763078600168228,0.3764495253562927,0.4458252191543579,0.3,0.2,0.0001
16,25,0.08635453879833221,0.01330612599849701,0.0867951512336731,0.23504933714866638,0.3,0.2,0.0001
16,26,0.05091915279626846,0.0046805343590676785,0.03652238845825195,0.176409512758255,0.3,0.2,0.0001
16,27,0.08616375178098679,0.004385421983897686,0.18362879753112793,0.13344842195510864,0.3,0.2,0.0001
16,28,0.09784269332885742,0.006737992167472839,0.13988018035888672,0.24570325016975403,0.3,0.2,0.0001
16,29,0.05573238432407379,0.0036552168894559145,0.05019676685333252,0.18509067595005035,0.3,0.2,0.0001
16,30,0.06650011986494064,0.0023831387516111135,0.036756932735443115,0.26544949412345886,0.3,0.2,0.0001
16,31,0.042539626359939575,0.0034647793509066105,0.04481452703475952,0.12815243005752563,0.3,0.2,0.0001
16,32,0.09489434957504272,0.003053522203117609,0.20942425727844238,0.1450677216053009,0.3,0.2,0.0001
16,33,0.05325726419687271,0.006668517366051674,0.0359954833984375,0.1789505034685135,0.3,0.2,0.0001
16,34,0.04791833460330963,0.008314341306686401,0.03969109058380127,0.13848333060741425,0.3,0.2,0.0001
16,35,0.07626520097255707,0.009483208879828453,0.10200703144073486,0.18089942634105682,0.3,0.2,0.0001
16,36,0.21067863702774048,0.015005224384367466,0.4155593514442444,0.35502803325653076,0.3,0.2,0.0001
16,37,0.18913407623767853,0.011714644730091095,0.3192431926727295,0.40823236107826233,0.3,0.2,0.0001
16,38,0.048233672976493835,0.0034706948790699244,0.07563114166259766,0.11036816984415054,0.3,0.2,0.0001
16,39,0.08714307844638824,0.006087404675781727,0.09914910793304443,0.2565547227859497,0.3,0.2,0.0001
16,40,0.2858101725578308,0.020532669499516487,0.5537340641021729,0.4957864284515381,0.3,0.2,0.0001
16,41,0.08248341083526611,0.00418426375836134,0.08225393295288086,0.26811483502388,0.3,0.2,0.0001
16,42,0.06764571368694305,0.0049605295062065125,0.0620540976524353,0.22034478187561035,0.3,0.2,0.0001
16,43,0.20028287172317505,0.011386074125766754,0.31564003229141235,0.47102388739585876,0.3,0.2,0.0001
16,44,0.09999170154333115,0.003859800286591053,0.15418601036071777,0.24938048422336578,0.3,0.2,0.0001
16,45,0.0697692260146141,0.0023966822773218155,0.12322062253952026,0.1520317643880844,0.3,0.2,0.0001
16,46,0.11070515215396881,0.0030810534954071045,0.11407363414764404,0.36701005697250366,0.3,0.2,0.0001
16,47,0.09697070717811584,0.004576978739351034,0.2249266505241394,0.12457861751317978,0.3,0.2,0.0001
16,48,0.10773871839046478,0.0048701162450015545,0.18711382150650024,0.23367227613925934,0.3,0.2,0.0001
16,49,0.07030992209911346,0.007003357633948326,0.03313887119293213,0.26682451367378235,0.3,0.2,0.0001
16,50,0.07824292033910751,0.005667111370712519,0.07092124223709106,0.25649717450141907,0.3,0.2,0.0001
16,51,0.2836982309818268,0.02224642038345337,0.599889874458313,0.4074241816997528,0.3,0.2,0.0001
16,52,0.056835465133190155,0.0029672752134501934,0.1062125563621521,0.11002210527658463,0.3,0.2,0.0001
16,53,0.1640397608280182,0.011603070423007011,0.28822505474090576,0.3298458456993103,0.3,0.2,0.0001
16,54,0.09647645801305771,0.00922198686748743,0.039230525493621826,0.3774265646934509,0.3,0.2,0.0001
16,55,0.08003280311822891,0.02193319983780384,0.0498347282409668,0.2157459259033203,0.3,0.2,0.0001
16,56,0.08201761543750763,0.010740227065980434,0.11268860101699829,0.18735404312610626,0.3,0.2,0.0001
16,57,0.29657480120658875,0.03298460319638252,0.5808565616607666,0.4466661512851715,0.3,0.2,0.0001
16,58,0.07489931583404541,0.008285046555101871,0.14315801858901978,0.11833430081605911,0.3,0.2,0.0001
16,59,0.054368458688259125,0.005531501490622759,0.03264760971069336,0.19521336257457733,0.3,0.2,0.0001
16,60,0.09338559210300446,0.00407154718413949,0.18115472793579102,0.174838125705719,0.3,0.2,0.0001
16,61,0.11031907796859741,0.00925801694393158,0.12998265027999878,0.3103313148021698,0.3,0.2,0.0001
16,62,0.06809353828430176,0.0012177889002487063,0.03497260808944702,0.28191983699798584,0.3,0.2,0.0001
16,63,0.08588765561580658,0.008815326727926731,0.08028799295425415,0.2649296224117279,0.3,0.2,0.0001
16,64,0.14324307441711426,0.0056284391321241856,0.1599157452583313,0.4481995701789856,0.3,0.2,0.0001
16,65,0.08166170865297318,0.009177874773740768,0.07402926683425903,0.2513752579689026,0.3,0.2,0.0001
16,66,0.06101612374186516,0.00987924076616764,0.03553706407546997,0.20237880945205688,0.3,0.2,0.0001
16,67,0.07382229715585709,0.007501565385609865,0.1453757882118225,0.11353997141122818,0.3,0.2,0.0001
16,68,0.06966620683670044,0.0036699753254652023,0.11674576997756958,0.15486246347427368,0.3,0.2,0.0001
16,69,0.058672308921813965,0.0015995170688256621,0.10031342506408691,0.13489378988742828,0.3,0.2,0.0001
16,70,0.10260173678398132,0.004465027246624231,0.15555399656295776,0.2573525309562683,0.3,0.2,0.0001
16,71,0.09836365282535553,0.0027571117971092463,0.1484648585319519,0.25533542037010193,0.3,0.2,0.0001
16,72,0.110414519906044,0.007543735206127167,0.2260829210281372,0.1752295345067978,0.3,0.2,0.0001
16,73,0.055613644421100616,0.003309801919385791,0.07542198896408081,0.14838624000549316,0.3,0.2,0.0001
16,74,0.09078097343444824,0.012116797268390656,0.06651633977890015,0.2935463488101959,0.3,0.2,0.0001
16,75,0.10449335724115372,0.011419525370001793,0.06968867778778076,0.36083611845970154,0.3,0.2,0.0001
16,76,0.10387448966503143,0.005793535150587559,0.14540809392929077,0.2722926139831543,0.3,0.2,0.0001
16,77,0.11347295343875885,0.016990628093481064,0.049631476402282715,0.4079643785953522,0.3,0.2,0.0001
16,78,0.08130373805761337,0.001495974138379097,0.03411751985549927,0.3478625416755676,0.3,0.2,0.0001
16,79,0.08098630607128143,0.010508389212191105,0.08983027935028076,0.21764418482780457,0.3,0.2,0.0001
16,80,0.109185129404068,0.006368198432028294,0.14036470651626587,0.30353760719299316,0.3,0.2,0.0001
16,81,0.06965221464633942,0.011119764298200607,0.04497283697128296,0.2252030074596405,0.3,0.2,0.0001
16,82,0.16458193957805634,0.004201099276542664,0.1833844780921936,0.5268274545669556,0.3,0.2,0.0001
16,83,0.06750541925430298,0.005128360819071531,0.11835342645645142,0.13435512781143188,0.3,0.2,0.0001
16,84,0.19593533873558044,0.0045480746775865555,0.23888641595840454,0.5986066460609436,0.3,0.2,0.0001
16,85,0.09003375470638275,0.004426583647727966,0.1496332883834839,0.2035859376192093,0.3,0.2,0.0001
16,86,0.22045168280601501,0.009691732935607433,0.3772786855697632,0.48788174986839294,0.3,0.2,0.0001
16,87,0.0645069107413292,0.0015729584265500307,0.09696173667907715,0.16922715306282043,0.3,0.2,0.0001
16,88,0.10046252608299255,0.012509088963270187,0.11169523000717163,0.2722243368625641,0.3,0.2,0.0001
16,89,0.1276654750108719,0.012105321511626244,0.18274670839309692,0.3036806881427765,0.3,0.2,0.0001
16,90,0.0654667392373085,0.007578100077807903,0.05824291706085205,0.20207881927490234,0.3,0.2,0.0001
16,91,0.08018534630537033,0.004867926239967346,0.10474073886871338,0.21947596967220306,0.3,0.2,0.0001
16,92,0.2779538929462433,0.01885591261088848,0.5301815271377563,0.5002175569534302,0.3,0.2,0.0001
16,93,0.05697338283061981,0.001300018629990518,0.04127687215805054,0.2164515107870102,0.3,0.2,0.0001
16,94,0.09486103057861328,0.00303305103443563,0.1478075385093689,0.23742859065532684,0.3,0.2,0.0001
16,95,0.165316641330719,0.0064909434877336025,0.3002859354019165,0.34369951486587524,0.3,0.2,0.0001
16,96,0.13079947233200073,0.011496459133923054,0.19901961088180542,0.29798564314842224,0.3,0.2,0.0001
16,97,0.10716414451599121,0.006452875677496195,0.13944709300994873,0.2943856716156006,0.3,0.2,0.0001
16,98,0.10035976022481918,0.004435000475496054,0.220503032207489,0.14886923134326935,0.3,0.2,0.0001
17,0,0.1623040735721588,0.011357245035469532,0.28557825088500977,0.32636675238609314,0.3,0.2,0.0001
17,1,0.07009167969226837,0.00569052342325449,0.07059526443481445,0.2161128669977188,0.3,0.2,0.0001
17,2,0.08671639114618301,0.005874938797205687,0.09832495450973511,0.25671982765197754,0.3,0.2,0.0001
17,3,0.03554774075746536,0.0033697723411023617,0.042484283447265625,0.09716342389583588,0.3,0.2,0.0001
17,4,0.08544272184371948,0.008809316903352737,0.07361972332000732,0.27273744344711304,0.3,0.2,0.0001
17,5,0.08319877088069916,0.002682093996554613,0.14943408966064453,0.17843221127986908,0.3,0.2,0.0001
17,6,0.07812939584255219,0.001609673723578453,0.03480881452560425,0.33038538694381714,0.3,0.2,0.0001
17,7,0.05113246664404869,0.0034148022532463074,0.07500284910202026,0.12608404457569122,0.3,0.2,0.0001
17,8,0.09236331284046173,0.004586769267916679,0.2258840799331665,0.10005658119916916,0.3,0.2,0.0001
17,9,0.27021363377571106,0.018600748851895332,0.4991833567619324,0.5092893838882446,0.3,0.2,0.0001
17,10,0.15811434388160706,0.0059262714348733425,0.2903555631637573,0.325406938791275,0.3,0.2,0.0001
17,11,0.10626617819070816,0.006275417283177376,0.13830184936523438,0.2925010323524475,0.3,0.2,0.0001
17,12,0.0519896075129509,0.004425609949976206,0.03642702102661133,0.18317945301532745,0.3,0.2,0.0001
17,13,0.09876760840415955,0.004918459802865982,0.19670772552490234,0.1741841435432434,0.3,0.2,0.0001
17,14,0.11869169771671295,0.007536553777754307,0.22496992349624634,0.2183208018541336,0.3,0.2,0.0001
17,15,0.08714675158262253,0.010897667147219181,0.11441022157669067,0.209630087018013,0.3,0.2,0.0001
17,16,0.07894550263881683,0.004573476035147905,0.10419529676437378,0.21556715667247772,0.3,0.2,0.0001
17,17,0.19786423444747925,0.01161392405629158,0.3183290958404541,0.4537578225135803,0.3,0.2,0.0001
17,18,0.06074182689189911,0.0027971628587692976,0.08804643154144287,0.15765367448329926,0.3,0.2,0.0001
17,19,0.21042540669441223,0.012623805552721024,0.3702186346054077,0.43367999792099,0.3,0.2,0.0001
17,20,0.11282563209533691,0.004878839012235403,0.18724393844604492,0.2588680684566498,0.3,0.2,0.0001
17,21,0.1006321907043457,0.008947286754846573,0.13013315200805664,0.2632247805595398,0.3,0.2,0.0001
17,22,0.0945245549082756,0.004418343771249056,0.15120768547058105,0.2237195074558258,0.3,0.2,0.0001
17,23,0.06334004551172256,0.003546270541846752,0.10290336608886719,0.1446138173341751,0.3,0.2,0.0001
17,24,0.12361648678779602,0.011166473850607872,0.1984819769859314,0.2645270824432373,0.3,0.2,0.0001
17,25,0.09423882514238358,0.004080798476934433,0.0815919041633606,0.32840225100517273,0.3,0.2,0.0001
17,26,0.0807712972164154,0.0024094590917229652,0.1224777102470398,0.208092600107193,0.3,0.2,0.0001
17,27,0.05505988746881485,0.0036190622486174107,0.09444320201873779,0.1155393049120903,0.3,0.2,0.0001
17,28,0.10496728122234344,0.006772339344024658,0.1433420181274414,0.275961697101593,0.3,0.2,0.0001
17,29,0.04330870136618614,0.006992046255618334,0.033148348331451416,0.13186074793338776,0.3,0.2,0.0001
17,30,0.0887708067893982,0.012094840407371521,0.06681060791015625,0.2831639349460602,0.3,0.2,0.0001
17,31,0.07253357768058777,0.003670294303447008,0.030323445796966553,0.2988312542438507,0.3,0.2,0.0001
17,32,0.08095364272594452,0.013399932533502579,0.08700549602508545,0.20726031064987183,0.3,0.2,0.0001
17,33,0.11339932680130005,0.0102335000410676,0.14454799890518188,0.2990071177482605,0.3,0.2,0.0001
17,34,0.05348755046725273,0.0011234190315008163,0.04172593355178833,0.19923174381256104,0.3,0.2,0.0001
17,35,0.055271461606025696,0.0030384149868041277,0.10564029216766357,0.10270479321479797,0.3,0.2,0.0001
17,36,0.16251850128173828,0.004821392707526684,0.2273707389831543,0.44742944836616516,0.3,0.2,0.0001
17,37,0.07441803812980652,0.004193657543510199,0.08645468950271606,0.22143986821174622,0.3,0.2,0.0001
17,38,0.0754605084657669,0.008231638930737972,0.14213240146636963,0.12294575572013855,0.3,0.2,0.0001
17,39,0.08866770565509796,0.003038940019905567,0.20848339796066284,0.1154186949133873,0.3,0.2,0.0001
17,40,0.10353191196918488,0.002045572502538562,0.14246457815170288,0.2937348186969757,0.3,0.2,0.0001
17,41,0.07934854179620743,0.010751541703939438,0.04410594701766968,0.27682608366012573,0.3,0.2,0.0001
17,42,0.06643914431333542,0.007217526435852051,0.14346855878829956,0.0809052437543869,0.3,0.2,0.0001
17,43,0.23001328110694885,0.015050631016492844,0.38047367334365845,0.5041027069091797,0.3,0.2,0.0001
17,44,0.0675559937953949,0.007196228951215744,0.05811941623687744,0.21461966633796692,0.3,0.2,0.0001
17,45,0.05418273061513901,0.003584109479561448,0.050169527530670166,0.17773881554603577,0.3,0.2,0.0001
17,46,0.21638919413089752,0.009954000823199749,0.3501715660095215,0.5069186091423035,0.3,0.2,0.0001
17,47,0.08362483978271484,0.009585807099938393,0.10175073146820068,0.21756908297538757,0.3,0.2,0.0001
17,48,0.19213789701461792,0.011203693225979805,0.305816113948822,0.4459468126296997,0.3,0.2,0.0001
17,49,0.09597703814506531,0.005981495138257742,0.146603524684906,0.23007239401340485,0.3,0.2,0.0001
17,50,0.06357552111148834,0.004875740967690945,0.11661624908447266,0.11857452988624573,0.3,0.2,0.0001
17,51,0.05522838979959488,0.0015244612004607916,0.04154163599014282,0.20620718598365784,0.3,0.2,0.0001
17,52,0.1394168585538864,0.005948734004050493,0.172491192817688,0.4086037874221802,0.3,0.2,0.0001
17,53,0.06720859557390213,0.0034763317089527845,0.11599117517471313,0.14467453956604004,0.3,0.2,0.0001
17,54,0.08772134780883789,0.01707618124783039,0.05017882585525513,0.27795758843421936,0.3,0.2,0.0001
17,55,0.0842680111527443,0.011729532852768898,0.04142951965332031,0.30054810643196106,0.3,0.2,0.0001
17,56,0.05892883241176605,0.00220245448872447,0.03611236810684204,0.2294633388519287,0.3,0.2,0.0001
17,57,0.09757925570011139,0.004117326345294714,0.17992526292800903,0.19742175936698914,0.3,0.2,0.0001
17,58,0.12455597519874573,0.012396024540066719,0.1837146282196045,0.28522780537605286,0.3,0.2,0.0001
17,59,0.07743291556835175,0.004073167685419321,0.12360596656799316,0.18138974905014038,0.3,0.2,0.0001
17,60,0.05662781745195389,0.001582543016411364,0.09966772794723511,0.12572477757930756,0.3,0.2,0.0001
17,61,0.05737951397895813,0.009741964749991894,0.03584587574005127,0.1844189316034317,0.3,0.2,0.0001
17,62,0.09736853092908859,0.0049228849820792675,0.11748158931732178,0.28600582480430603,0.3,0.2,0.0001
17,63,0.05424279719591141,0.006626899819821119,0.03555738925933838,0.18474340438842773,0.3,0.2,0.0001
17,64,0.06512266397476196,0.0029623927548527718,0.11266756057739258,0.14180001616477966,0.3,0.2,0.0001
17,65,0.05872202664613724,0.0014864497352391481,0.09655517339706421,0.14134511351585388,0.3,0.2,0.0001
17,66,0.0730920284986496,0.010835804045200348,0.04544645547866821,0.24311146140098572,0.3,0.2,0.0001
17,67,0.07527588307857513,0.008665516041219234,0.07929718494415283,0.21410606801509857,0.3,0.2,0.0001
17,68,0.05459687113761902,0.004832447972148657,0.06262719631195068,0.1548813134431839,0.3,0.2,0.0001
17,69,0.0899713933467865,0.003628738224506378,0.14436602592468262,0.21516422927379608,0.3,0.2,0.0001
17,70,0.16748079657554626,0.004426689352840185,0.18358975648880005,0.5398858785629272,0.3,0.2,0.0001
17,71,0.052903592586517334,0.005413067527115345,0.03222858905792236,0.18910974264144897,0.3,0.2,0.0001
17,72,0.25481098890304565,0.020627597346901894,0.4977894425392151,0.42423275113105774,0.3,0.2,0.0001
17,73,0.09648959338665009,0.004786567762494087,0.15192574262619019,0.23062652349472046,0.3,0.2,0.0001
17,74,0.05693870782852173,0.003213479882106185,0.07507586479187012,0.15601232647895813,0.3,0.2,0.0001
17,75,0.09305362403392792,0.004283304791897535,0.18283748626708984,0.16959534585475922,0.3,0.2,0.0001
17,76,0.07809881120920181,0.013120211660861969,0.04723137617111206,0.25404593348503113,0.3,0.2,0.0001
17,77,0.047830209136009216,0.003388612298294902,0.0445743203163147,0.15534651279449463,0.3,0.2,0.0001
17,78,0.28300270438194275,0.03240348398685455,0.5446453094482422,0.43602806329727173,0.3,0.2,0.0001
17,79,0.10415970534086227,0.013292266055941582,0.08181965351104736,0.3316076993942261,0.3,0.2,0.0001
17,80,0.0814247578382492,0.02163408324122429,0.048682332038879395,0.2259298712015152,0.3,0.2,0.0001
17,81,0.0812825858592987,0.002868370385840535,0.14341259002685547,0.17695219814777374,0.3,0.2,0.0001
17,82,0.13486716151237488,0.005027199629694223,0.13636666536331177,0.44464975595474243,0.3,0.2,0.0001
17,83,0.061923786997795105,0.0012283065589144826,0.03484296798706055,0.2512129545211792,0.3,0.2,0.0001
17,84,0.06409753859043121,0.0022723826114088297,0.04779648780822754,0.23743104934692383,0.3,0.2,0.0001
17,85,0.08019132912158966,0.010355115868151188,0.0907520055770874,0.21305304765701294,0.3,0.2,0.0001
17,86,0.09492270648479462,0.004311688244342804,0.21929031610488892,0.12411960959434509,0.3,0.2,0.0001
17,87,0.0954902172088623,0.006614175625145435,0.13739389181137085,0.23828934133052826,0.3,0.2,0.0001
17,88,0.0826353132724762,0.0023969586472958326,0.17209535837173462,0.1430487334728241,0.3,0.2,0.0001
17,89,0.099180668592453,0.010918540880084038,0.06923264265060425,0.3374616801738739,0.3,0.2,0.0001
17,90,0.20065122842788696,0.00843282975256443,0.36216235160827637,0.41784849762916565,0.3,0.2,0.0001
17,91,0.07084823399782181,0.009067893028259277,0.03866761922836304,0.2509002685546875,0.3,0.2,0.0001
17,92,0.09996965527534485,0.0046963817439973354,0.16309493780136108,0.23172393441200256,0.3,0.2,0.0001
17,93,0.1328611671924591,0.005711468867957592,0.18299341201782227,0.3612583875656128,0.3,0.2,0.0001
17,94,0.09827989339828491,0.0037343662697821856,0.15233665704727173,0.24422262609004974,0.3,0.2,0.0001
17,95,0.27401623129844666,0.02279893308877945,0.5588645339012146,0.41778963804244995,0.3,0.2,0.0001
17,96,0.04843250662088394,0.008246997371315956,0.03909415006637573,0.14228631556034088,0.3,0.2,0.0001
17,97,0.09182965755462646,0.011837010271847248,0.10841900110244751,0.2373347282409668,0.3,0.2,0.0001
17,98,0.09860309213399887,0.012639726512134075,0.07722371816635132,0.31398123502731323,0.3,0.2,0.0001
18,0,0.09054426103830338,0.009279293939471245,0.10011303424835205,0.2561552822589874,0.3,0.2,0.0001
18,1,0.09463466703891754,0.004363915417343378,0.15110468864440918,0.22469671070575714,0.3,0.2,0.0001
18,2,0.06062663346529007,0.007013352122157812,0.057815730571746826,0.18134281039237976,0.3,0.2,0.0001
18,3,0.049934543669223785,0.0053864456713199615,0.03217947483062744,0.17447127401828766,0.3,0.2,0.0001
18,4,0.08480485528707504,0.0034934156574308872,0.14315110445022583,0.19183051586151123,0.3,0.2,0.0001
18,5,0.08606552332639694,0.0039494838565588,0.12250614166259766,0.2268209606409073,0.3,0.2,0.0001
18,6,0.29585927724838257,0.02442317083477974,0.5610301494598389,0.5156353712081909,0.3,0.2,0.0001
18,7,0.05305057764053345,0.006537241395562887,0.035420000553131104,0.17943668365478516,0.3,0.2,0.0001
18,8,0.19826173782348633,0.011443942785263062,0.33854663372039795,0.426268994808197,0.3,0.2,0.0001
18,9,0.09295648336410522,0.0027495434042066336,0.13995468616485596,0.2411026805639267,0.3,0.2,0.0001
18,10,0.06049796938896179,0.012736441567540169,0.04682493209838867,0.16857023537158966,0.3,0.2,0.0001
18,11,0.05095278471708298,0.001643363037146628,0.041486501693725586,0.18431736528873444,0.3,0.2,0.0001
18,12,0.11370263993740082,0.004115705378353596,0.08082252740859985,0.4267008602619171,0.3,0.2,0.0001
18,13,0.062167566269636154,0.001070174970664084,0.032309889793395996,0.25702211260795593,0.3,0.2,0.0001
18,14,0.12628619372844696,0.0035597956739366055,0.09976637363433838,0.46398240327835083,0.3,0.2,0.0001
18,15,0.06325718015432358,0.005600631702691317,0.07013517618179321,0.18307998776435852,0.3,0.2,0.0001
18,16,0.09381549060344696,0.012193533591926098,0.06637305021286011,0.3085501790046692,0.3,0.2,0.0001
18,17,0.10815069824457169,0.006782838609069586,0.14193034172058105,0.2939437925815582,0.3,0.2,0.0001
18,18,0.059090279042720795,0.008943703025579453,0.03797882795333862,0.19376464188098907,0.3,0.2,0.0001
18,19,0.10339939594268799,0.01302073523402214,0.0808219313621521,0.3306603729724884,0.3,0.2,0.0001
18,20,0.052985042333602905,0.0013123488752171397,0.04364156723022461,0.1929011195898056,0.3,0.2,0.0001
18,21,0.07876843959093094,0.0016801116289570928,0.03478598594665527,0.3332626223564148,0.3,0.2,0.0001
18,22,0.06147318333387375,0.0023062436375766993,0.03642231225967407,0.2412012368440628,0.3,0.2,0.0001
18,23,0.07763519138097763,0.00347177148796618,0.1152682900428772,0.19791464507579803,0.3,0.2,0.0001
18,24,0.18395856022834778,0.010008716955780983,0.2870773673057556,0.4391331970691681,0.3,0.2,0.0001
18,25,0.05205289274454117,0.00466421851888299,0.0365070104598999,0.18218283355236053,0.3,0.2,0.0001
18,26,0.05137014016509056,0.0034347253385931253,0.09328830242156982,0.09974461048841476,0.3,0.2,0.0001
18,27,0.08042258769273758,0.016457734629511833,0.048027217388153076,0.24778343737125397,0.3,0.2,0.0001
18,28,0.06050588935613632,0.0022690496407449245,0.04727882146835327,0.2202659547328949,0.3,0.2,0.0001
18,29,0.08881732821464539,0.008652030490338802,0.07913506031036377,0.282123863697052,0.3,0.2,0.0001
18,30,0.16315826773643494,0.004111411515623331,0.20479345321655273,0.4880440831184387,0.3,0.2,0.0001
18,31,0.029346639290452003,0.003412003628909588,0.04245734214782715,0.06598715484142303,0.3,0.2,0.0001
18,32,0.1685989797115326,0.0063219801522791386,0.2921561002731323,0.3731507956981659,0.3,0.2,0.0001
18,33,0.0629829615354538,0.005013455171138048,0.11650490760803223,0.11509016156196594,0.3,0.2,0.0001
18,34,0.09095489978790283,0.0046457950957119465,0.22507226467132568,0.09393710643053055,0.3,0.2,0.0001
18,35,0.20751520991325378,0.009831084869801998,0.4135704040527344,0.3680649995803833,0.3,0.2,0.0001
18,36,0.05101865530014038,0.003604323137551546,0.05002701282501221,0.1620311290025711,0.3,0.2,0.0001
18,37,0.0776999443769455,0.002484469208866358,0.14608699083328247,0.15694686770439148,0.3,0.2,0.0001
18,38,0.09797768294811249,0.005929669365286827,0.1458265781402588,0.24150018393993378,0.3,0.2,0.0001
18,39,0.046949319541454315,0.008242077194154263,0.03880244493484497,0.13533253967761993,0.3,0.2,0.0001
18,40,0.21247068047523499,0.009674761444330215,0.3664664030075073,0.46427997946739197,0.3,0.2,0.0001
18,41,0.06393739581108093,0.0028263800777494907,0.08807647228240967,0.1734403669834137,0.3,0.2,0.0001
18,42,0.061798710376024246,0.0031349530909210443,0.07495754957199097,0.18088245391845703,0.3,0.2,0.0001
18,43,0.09038083255290985,0.012251651845872402,0.07571709156036377,0.2770702540874481,0.3,0.2,0.0001
18,44,0.08850540220737457,0.010328877717256546,0.0895722508430481,0.2565242052078247,0.3,0.2,0.0001
18,45,0.29808932542800903,0.03480309620499611,0.6190732717514038,0.38782113790512085,0.3,0.2,0.0001
18,46,0.06693465262651443,0.010584978386759758,0.04479175806045532,0.21456071734428406,0.3,0.2,0.0001
18,47,0.13860616087913513,0.005573229398578405,0.1929066777229309,0.375804603099823,0.3,0.2,0.0001
18,48,0.1540018767118454,0.004855118226259947,0.1479034423828125,0.5238785743713379,0.3,0.2,0.0001
18,49,0.06269857287406921,0.004767753649502993,0.10330051183700562,0.13470332324504852,0.3,0.2,0.0001
18,50,0.09788265824317932,0.006500244140625,0.13662856817245483,0.25196921825408936,0.3,0.2,0.0001
18,51,0.10242478549480438,0.004305822309106588,0.21934854984283447,0.1615719348192215,0.3,0.2,0.0001
18,52,0.27929243445396423,0.017389869317412376,0.520318329334259,0.5290352702140808,0.3,0.2,0.0001
18,53,0.06128712743520737,0.0023258805740624666,0.11948800086975098,0.11557423323392868,0.3,0.2,0.0001
18,54,0.11468006670475006,0.010593120008707047,0.1449589729309082,0.3029962480068207,0.3,0.2,0.0001
18,55,0.09356466680765152,0.004522030241787434,0.18464624881744385,0.16824379563331604,0.3,0.2,0.0001
18,56,0.09239532053470612,0.0057630352675914764,0.09755367040634155,0.28683093190193176,0.3,0.2,0.0001
18,57,0.05398273468017578,0.003491599578410387,0.02973729372024536,0.20784972608089447,0.3,0.2,0.0001
18,58,0.06678764522075653,0.0015376770170405507,0.09666180610656738,0.18125711381435394,0.3,0.2,0.0001
18,59,0.07928276062011719,0.009040217846632004,0.07306551933288574,0.24161440134048462,0.3,0.2,0.0001
18,60,0.07861746847629547,0.003565446473658085,0.10196387767791748,0.2223142683506012,0.3,0.2,0.0001
18,61,0.1869792491197586,0.011018466204404831,0.2941436767578125,0.438588410615921,0.3,0.2,0.0001
18,62,0.2135019600391388,0.013979447074234486,0.3742104172706604,0.43629688024520874,0.3,0.2,0.0001
18,63,0.060489214956760406,0.002933038864284754,0.10544401407241821,0.12961483001708984,0.3,0.2,0.0001
18,64,0.064510278403759,0.004741185810416937,0.06055253744125366,0.20801664888858795,0.3,0.2,0.0001
18,65,0.05911274254322052,0.003532223869115114,0.07462966442108154,0.16595810651779175,0.3,0.2,0.0001
18,66,0.08722693473100662,0.0042946236208081245,0.18088936805725098,0.1433274894952774,0.3,0.2,0.0001
18,67,0.09398944675922394,0.013383290730416775,0.08617639541625977,0.2737661898136139,0.3,0.2,0.0001
18,68,0.10939052700996399,0.004655142314732075,0.16373616456985474,0.27807265520095825,0.3,0.2,0.0001
18,69,0.1050155907869339,0.01162024401128292,0.10824340581893921,0.30461159348487854,0.3,0.2,0.0001
18,70,0.07902024686336517,0.0022018749732524157,0.1723753809928894,0.12552876770496368,0.3,0.2,0.0001
18,71,0.1547088623046875,0.011632218956947327,0.2882043123245239,0.2830767035484314,0.3,0.2,0.0001
18,72,0.09006927162408829,0.004515048582106829,0.18996965885162354,0.14281663298606873,0.3,0.2,0.0001
18,73,0.054830245673656464,0.0016124439425766468,0.09907162189483643,0.11748156696557999,0.3,0.2,0.0001
18,74,0.09341256320476532,0.003661212744191289,0.15121221542358398,0.22193844616413116,0.3,0.2,0.0001
18,75,0.09255041182041168,0.004054958466440439,0.17593169212341309,0.17857971787452698,0.3,0.2,0.0001
18,76,0.1141592487692833,0.0075759850442409515,0.2293723225593567,0.1888577938079834,0.3,0.2,0.0001
18,77,0.046446792781353,0.0033901575952768326,0.044786810874938965,0.14810295403003693,0.3,0.2,0.0001
18,78,0.09126144647598267,0.004126423038542271,0.08669447898864746,0.3056333661079407,0.3,0.2,0.0001
18,79,0.1259252279996872,0.011228319257497787,0.19708126783370972,0.27786263823509216,0.3,0.2,0.0001
18,80,0.09941301494836807,0.0048873755149543285,0.1166875958442688,0.2975967824459076,0.3,0.2,0.0001
18,81,0.12786878645420074,0.012384789064526558,0.18280720710754395,0.3032091557979584,0.3,0.2,0.0001
18,82,0.0658530741930008,0.0029952023178339005,0.11275041103363037,0.14516369998455048,0.3,0.2,0.0001
18,83,0.101228266954422,0.008907552808523178,0.12958097457885742,0.26723212003707886,0.3,0.2,0.0001
18,84,0.10170150548219681,0.0108255073428154,0.06897711753845215,0.3509142994880676,0.3,0.2,0.0001
18,85,0.07570743560791016,0.011762703768908978,0.04113107919692993,0.258027046918869,0.3,0.2,0.0001
18,86,0.07693763077259064,0.01060293335467577,0.1117105484008789,0.16410766541957855,0.3,0.2,0.0001
18,87,0.26722198724746704,0.017679516226053238,0.5194835066795349,0.468487024307251,0.3,0.2,0.0001
18,88,0.09687613695859909,0.021807895973324776,0.04837232828140259,0.30278271436691284,0.3,0.2,0.0001
18,89,0.06839863210916519,0.007956898771226406,0.14009976387023926,0.09205898642539978,0.3,0.2,0.0001
18,90,0.07162106782197952,0.0020874682813882828,0.14162546396255493,0.13522979617118835,0.3,0.2,0.0001
18,91,0.09912044554948807,0.00646563246846199,0.13944268226623535,0.25411003828048706,0.3,0.2,0.0001
18,92,0.1710410863161087,0.00445852056145668,0.23505353927612305,0.48033252358436584,0.3,0.2,0.0001
18,93,0.057212475687265396,0.00943012721836567,0.034889161586761475,0.18657799065113068,0.3,0.2,0.0001
18,94,0.09317047894001007,0.002930274698883295,0.2074979543685913,0.139954075217247,0.3,0.2,0.0001
18,95,0.06694068759679794,0.010836233384907246,0.04479360580444336,0.21333184838294983,0.3,0.2,0.0001
18,96,0.06993548572063446,0.007044627796858549,0.142198383808136,0.10115670412778854,0.3,0.2,0.0001
18,97,0.10607926547527313,0.004599603824317455,0.15077060461044312,0.28124237060546875,0.3,0.2,0.0001
18,98,0.0731598436832428,0.006828054785728455,0.03272354602813721,0.2825736403465271,0.3,0.2,0.0001
19,0,0.24002909660339355,0.016683096066117287,0.4075906276702881,0.505344033241272,0.3,0.2,0.0001
19,1,0.10208934545516968,0.008916673250496387,0.1297808289527893,0.27119210362434387,0.3,0.2,0.0001
19,2,0.08623398840427399,0.0024862471036612988,0.14942574501037598,0.19460006058216095,0.3,0.2,0.0001
19,3,0.08134032785892487,0.008856437169015408,0.03825187683105469,0.3050416111946106,0.3,0.2,0.0001
19,4,0.1897982954978943,0.006030634045600891,0.3655683994293213,0.37048569321632385,0.3,0.2,0.0001
19,5,0.07768239080905914,0.0024288473650813103,0.16594886779785156,0.12734438478946686,0.3,0.2,0.0001
19,6,0.04974765330553055,0.006553616374731064,0.03538191318511963,0.16289730370044708,0.3,0.2,0.0001
19,7,0.06943602859973907,0.011382791213691235,0.040443599224090576,0.22960078716278076,0.3,0.2,0.0001
19,8,0.1065186858177185,0.004006579052656889,0.08043158054351807,0.39191314578056335,0.3,0.2,0.0001
19,9,0.09234824776649475,0.00273694540373981,0.14001458883285522,0.23803462088108063,0.3,0.2,0.0001
19,10,0.08797499537467957,0.004392250906676054,0.22109943628311157,0.08626451343297958,0.3,0.2,0.0001
19,11,0.05800286680459976,0.005233231000602245,0.031724393367767334,0.2162615954875946,0.3,0.2,0.0001
19,12,0.07161476463079453,0.0038490272127091885,0.12057965993881226,0.1579591929912567,0.3,0.2,0.0001
19,13,0.053124263882637024,0.003682520240545273,0.0943722128868103,0.10565038025379181,0.3,0.2,0.0001
19,14,0.27535051107406616,0.01921301707625389,0.5230949521064758,0.4960450530052185,0.3,0.2,0.0001
19,15,0.0854330062866211,0.009204449132084846,0.09982293844223022,0.23140834271907806,0.3,0.2,0.0001
19,16,0.089518703520298,0.012208007276058197,0.06658416986465454,0.28667721152305603,0.3,0.2,0.0001
19,17,0.07243135571479797,0.0078109134919941425,0.13822191953659058,0.11576931178569794,0.3,0.2,0.0001
19,18,0.06044233590364456,0.0014815459726378322,0.04025900363922119,0.2344154268503189,0.3,0.2,0.0001
19,19,0.05210021883249283,0.009217783808708191,0.03446680307388306,0.162711963057518,0.3,0.2,0.0001
19,20,0.20877055823802948,0.011261005885899067,0.32852327823638916,0.4947628080844879,0.3,0.2,0.0001
19,21,0.07788924872875214,0.005635377019643784,0.06959700584411621,0.25687384605407715,0.3,0.2,0.0001
19,22,0.0790826827287674,0.003903397358953953,0.14786183834075928,0.15410365164279938,0.3,0.2,0.0001
19,23,0.06383620202541351,0.0030321236699819565,0.11301738023757935,0.13449431955814362,0.3,0.2,0.0001
19,24,0.07928746938705444,0.010545660741627216,0.04344683885574341,0.2785387635231018,0.3,0.2,0.0001
19,25,0.05861720070242882,0.0012217675102874637,0.03344881534576416,0.23680393397808075,0.3,0.2,0.0001
19,26,0.16024506092071533,0.005924112629145384,0.2862313389778137,0.3422577381134033,0.3,0.2,0.0001
19,27,0.22008424997329712,0.01105526089668274,0.3769168257713318,0.47976967692375183,0.3,0.2,0.0001
19,28,0.08308297395706177,0.002062697196379304,0.1414439082145691,0.1929355263710022,0.3,0.2,0.0001
19,29,0.14142407476902008,0.0039240214973688126,0.1231643557548523,0.502753734588623,0.3,0.2,0.0001
19,30,0.06439356505870819,0.010266601108014584,0.04406160116195679,0.20454241335391998,0.3,0.2,0.0001
19,31,0.07444529235363007,0.006952339317649603,0.1406186819076538,0.1265367567539215,0.3,0.2,0.0001
19,32,0.10064585506916046,0.006407273467630148,0.1377851963043213,0.26451510190963745,0.3,0.2,0.0001
19,33,0.19944621622562408,0.012901660986244678,0.3316802978515625,0.43520230054855347,0.3,0.2,0.0001
19,34,0.05219171196222305,0.0034088550601154566,0.049820899963378906,0.1691829264163971,0.3,0.2,0.0001
19,35,0.10552029311656952,0.004630749113857746,0.18392705917358398,0.22855710983276367,0.3,0.2,0.0001
19,36,0.08172724395990372,0.010136570781469345,0.08950036764144897,0.2237028032541275,0.3,0.2,0.0001
19,37,0.05959254875779152,0.002223424380645156,0.04751598834991455,0.21557162702083588,0.3,0.2,0.0001
19,38,0.09616270661354065,0.0036266620736569166,0.14952731132507324,0.23838923871517181,0.3,0.2,0.0001
19,39,0.16167140007019043,0.0038318585138767958,0.2118741273880005,0.47138652205467224,0.3,0.2,0.0001
19,40,0.13545793294906616,0.005000304896384478,0.15057039260864258,0.4264325201511383,0.3,0.2,0.0001
19,41,0.09272579848766327,0.005248360335826874,0.1952490210533142,0.14451360702514648,0.3,0.2,0.0001
19,42,0.28907355666160583,0.020270083099603653,0.5719306468963623,0.48612135648727417,0.3,0.2,0.0001
19,43,0.08811674267053604,0.00386047619394958,0.1746271848678589,0.1593405306339264,0.3,0.2,0.0001
19,44,0.08865596354007721,0.0029251761734485626,0.20536023378372192,0.12061358243227005,0.3,0.2,0.0001
19,45,0.05014874413609505,0.003150162985548377,0.07481825351715088,0.12276551127433777,0.3,0.2,0.0001
19,46,0.1531960666179657,0.011494009755551815,0.28499847650527954,0.28101250529289246,0.3,0.2,0.0001
19,47,0.2883617877960205,0.030788106843829155,0.5578751564025879,0.4510556161403656,0.3,0.2,0.0001
19,48,0.05834963545203209,0.0015121501637622714,0.09605967998504639,0.14009790122509003,0.3,0.2,0.0001
19,49,0.1044638603925705,0.007644203491508961,0.22539132833480835,0.14601127803325653,0.3,0.2,0.0001
19,50,0.05353591591119766,0.01245287898927927,0.045540034770965576,0.13710512220859528,0.3,0.2,0.0001
19,51,0.09340307861566544,0.013045377098023891,0.08003360033035278,0.2817381024360657,0.3,0.2,0.0001
19,52,0.06993504613637924,0.0040758829563856125,0.08565425872802734,0.2008144110441208,0.3,0.2,0.0001
19,53,0.09466145932674408,0.011730867438018322,0.10715383291244507,0.25392216444015503,0.3,0.2,0.0001
19,54,0.13015814125537872,0.005726448260247707,0.17822283506393433,0.3548242151737213,0.3,0.2,0.0001
19,55,0.061025023460388184,0.007324094418436289,0.05760335922241211,0.1820995956659317,0.3,0.2,0.0001
19,56,0.058157116174697876,0.0066376375034451485,0.03210574388504028,0.20943878591060638,0.3,0.2,0.0001
19,57,0.10710098594427109,0.0045454674400389194,0.15771621465682983,0.2762032449245453,0.3,0.2,0.0001
19,58,0.08439254760742188,0.00597273837774992,0.09693384170532227,0.2466982901096344,0.3,0.2,0.0001
19,59,0.06337715685367584,0.004561754874885082,0.10222738981246948,0.14073589444160461,0.3,0.2,0.0001
19,60,0.08324186503887177,0.00860895961523056,0.078582763671875,0.2552903890609741,0.3,0.2,0.0001
19,61,0.09878110885620117,0.004561636131256819,0.1494758129119873,0.24688364565372467,0.3,0.2,0.0001
19,62,0.10347672551870346,0.006562431808561087,0.13957452774047852,0.2752096652984619,0.3,0.2,0.0001
19,63,0.2758236229419708,0.017377374693751335,0.48663467168807983,0.562279224395752,0.3,0.2,0.0001
19,64,0.054371949285268784,0.004843574948608875,0.060217440128326416,0.1573157012462616,0.3,0.2,0.0001
19,65,0.08857384324073792,0.016651321202516556,0.0482291579246521,0.28726887702941895,0.3,0.2,0.0001
19,66,0.053332261741161346,0.008133006282150745,0.03851115703582764,0.16822955012321472,0.3,0.2,0.0001
19,67,0.04830623418092728,0.0034508747048676014,0.02945256233215332,0.18009793758392334,0.3,0.2,0.0001
19,68,0.09490722417831421,0.005969408433884382,0.14530372619628906,0.2267334908246994,0.3,0.2,0.0001
19,69,0.07396379858255386,0.008931749500334263,0.07282912731170654,0.21591655910015106,0.3,0.2,0.0001
19,70,0.05180840194225311,0.0015934447292238474,0.09904289245605469,0.10251042246818542,0.3,0.2,0.0001
19,71,0.09204491227865219,0.021468332037329674,0.04799973964691162,0.2808832824230194,0.3,0.2,0.0001
19,72,0.11808653175830841,0.012013789266347885,0.18039220571517944,0.2597753405570984,0.3,0.2,0.0001
19,73,0.11521656811237335,0.010686836205422878,0.1449928879737854,0.305159330368042,0.3,0.2,0.0001
19,74,0.09771068394184113,0.004374121781438589,0.21832364797592163,0.13919727504253387,0.3,0.2,0.0001
19,75,0.05364438146352768,0.003471153788268566,0.07421010732650757,0.13955096900463104,0.3,0.2,0.0001
19,76,0.06114313006401062,0.0023858617059886456,0.03649014234542847,0.23905113339424133,0.3,0.2,0.0001
19,77,0.0574464313685894,0.0028939966578036547,0.10480141639709473,0.11556004732847214,0.3,0.2,0.0001
19,78,0.09461578726768494,0.0064194998703897,0.13602662086486816,0.23694148659706116,0.3,0.2,0.0001
19,79,0.06673069298267365,0.00229029287584126,0.11834186315536499,0.1446891874074936,0.3,0.2,0.0001
19,80,0.04738149046897888,0.004657363053411245,0.03608548641204834,0.1594923883676529,0.3,0.2,0.0001
19,81,0.08356359601020813,0.004244922660291195,0.17991989850997925,0.12671348452568054,0.3,0.2,0.0001
19,82,0.04603026062250137,0.003592809895053506,0.10075557231903076,0.061053890734910965,0.3,0.2,0.0001
19,83,0.05183057114481926,0.0012671714648604393,0.043527424335479736,0.18752585351467133,0.3,0.2,0.0001
19,84,0.0731295496225357,0.0015859161503612995,0.03194272518157959,0.3098040521144867,0.3,0.2,0.0001
19,85,0.047475434839725494,0.0033833838533610106,0.044294655323028564,0.15401828289031982,0.3,0.2,0.0001
19,86,0.06007590889930725,0.003387461882084608,0.1144830584526062,0.11171762645244598,0.3,0.2,0.0001
19,87,0.08798442780971527,0.011017492972314358,0.06883800029754639,0.2815776467323303,0.3,0.2,0.0001
19,88,0.10593920201063156,0.004917125683277845,0.11686968803405762,0.32980582118034363,0.3,0.2,0.0001
19,89,0.08435323089361191,0.013257604092359543,0.08573257923126221,0.2268792688846588,0.3,0.2,0.0001
19,90,0.08758479356765747,0.01224990002810955,0.07603025436401367,0.26262906193733215,0.3,0.2,0.0001
19,91,0.19391176104545593,0.008583626709878445,0.3425479531288147,0.4128187596797943,0.3,0.2,0.0001
19,92,0.08921010792255402,0.0036307661794126034,0.14242291450500488,0.21426236629486084,0.3,0.2,0.0001
19,93,0.0699351578950882,0.0028043559286743402,0.08695507049560547,0.20522139966487885,0.3,0.2,0.0001
19,94,0.06551837176084518,0.004750809632241726,0.11570638418197632,0.13027821481227875,0.3,0.2,0.0001
19,95,0.04015088453888893,0.0033034717198461294,0.04234689474105835,0.12071671336889267,0.3,0.2,0.0001
19,96,0.15473772585391998,0.005045702680945396,0.21128535270690918,0.4315320551395416,0.3,0.2,0.0001
19,97,0.12266179919242859,0.01116143073886633,0.19675308465957642,0.2623721957206726,0.3,0.2,0.0001
19,98,0.0845935195684433,0.010564666241407394,0.11169815063476562,0.2025970071554184,0.3,0.2,0.0001
20,0,0.06508301943540573,0.0022614779882133007,0.11855655908584595,0.1362728476524353,0.3,0.2,1e-05
20,1,0.09782332181930542,0.006354947574436665,0.13499057292938232,0.2548559904098511,0.3,0.2,1e-05
20,2,0.1449190378189087,0.011329928413033485,0.2830066680908203,0.24343553185462952,0.3,0.2,1e-05
20,3,0.07299590855836868,0.002749646082520485,0.08654624223709106,0.22141194343566895,0.3,0.2,1e-05
20,4,0.21663856506347656,0.007985698990523815,0.3599649667739868,0.5033168792724609,0.3,0.2,1e-05
20,5,0.05255137383937836,0.0046864282339811325,0.05880790948867798,0.1511128693819046,0.3,0.2,1e-05
20,6,0.048733655363321304,0.0015890930080786347,0.04289662837982178,0.17137785255908966,0.3,0.2,1e-05
20,7,0.07977929711341858,0.004013025667518377,0.14930689334869385,0.15487098693847656,0.3,0.2,1e-05
20,8,0.08477379381656647,0.0026714366395026445,0.13846945762634277,0.20280760526657104,0.3,0.2,1e-05
20,9,0.0985187515616417,0.004398531746119261,0.18118321895599365,0.19882623851299286,0.3,0.2,1e-05
20,10,0.11271338164806366,0.012001301161944866,0.17998898029327393,0.2335769534111023,0.3,0.2,1e-05
20,11,0.15936312079429626,0.005968527868390083,0.2511295676231384,0.3902786672115326,0.3,0.2,1e-05
20,12,0.05297426879405975,0.006540536414831877,0.0349576473236084,0.17973218858242035,0.3,0.2,1e-05
20,13,0.07442629337310791,0.0019472603453323245,0.1393594741821289,0.1533559262752533,0.3,0.2,1e-05
20,14,0.059592802077531815,0.0010293727973476052,0.03296297788619995,0.24337267875671387,0.3,0.2,1e-05
20,15,0.06326845288276672,0.0028770295903086662,0.11155247688293457,0.13462838530540466,0.3,0.2,1e-05
20,16,0.06450573354959488,0.0044554658234119415,0.10247331857681274,0.14654135704040527,0.3,0.2,1e-05
20,17,0.09049855917692184,0.012127339839935303,0.07600808143615723,0.2778439521789551,0.3,0.2,1e-05
20,18,0.06436652690172195,0.0038385428488254547,0.08485716581344604,0.17535415291786194,0.3,0.2,1e-05
20,19,0.11328798532485962,0.004728901665657759,0.16301190853118896,0.29827752709388733,0.3,0.2,1e-05
20,20,0.050385065376758575,0.003331148996949196,0.049867093563079834,0.1604689210653305,0.3,0.2,1e-05
20,21,0.10694245249032974,0.01624262146651745,0.04742628335952759,0.38235971331596375,0.3,0.2,1e-05
20,22,0.08194039016962051,0.020871825516223907,0.0466921329498291,0.23530462384223938,0.3,0.2,1e-05
20,23,0.0848577618598938,0.0056104231625795364,0.09625059366226196,0.2518608272075653,0.3,0.2,1e-05
20,24,0.06660353392362595,0.003462964203208685,0.10015344619750977,0.16547268629074097,0.3,0.2,1e-05
20,25,0.076301708817482,0.008386691100895405,0.07720053195953369,0.2237742692232132,0.3,0.2,1e-05
20,26,0.08838366717100143,0.0028447110671550035,0.20455312728881836,0.12086506932973862,0.3,0.2,1e-05
20,27,0.043569281697273254,0.004323121625930071,0.03599894046783447,0.14223237335681915,0.3,0.2,1e-05
20,28,0.07889524102210999,0.001621592091396451,0.034561336040496826,0.3345262110233307,0.3,0.2,1e-05
20,29,0.06108897179365158,0.007769054267555475,0.13833355903625488,0.0590992346405983,0.3,0.2,1e-05
20,30,0.0761808454990387,0.00560477701947093,0.06951481103897095,0.24860809743404388,0.3,0.2,1e-05
20,31,0.052667535841464996,0.011981325224041939,0.044829726219177246,0.13618645071983337,0.3,0.2,1e-05
20,32,0.07747232913970947,0.011142571456730366,0.03955483436584473,0.27231651544570923,0.3,0.2,1e-05
20,33,0.05529229715466499,0.008709205314517021,0.03745245933532715,0.1767367720603943,0.3,0.2,1e-05
20,34,0.19434699416160583,0.011083900928497314,0.3028254508972168,0.46207720041275024,0.3,0.2,1e-05
20,35,0.0490141436457634,0.007992459461092949,0.03828781843185425,0.14767667651176453,0.3,0.2,1e-05
20,36,0.058106452226638794,0.0021932190284132957,0.03587979078292847,0.22574648261070251,0.3,0.2,1e-05
20,37,0.08880288898944855,0.005853952374309301,0.14427870512008667,0.19832660257816315,0.3,0.2,1e-05
20,38,0.04312099888920784,0.0033720077481120825,0.02935504913330078,0.15471237897872925,0.3,0.2,1e-05
20,39,0.12873972952365875,0.011092218570411205,0.19659876823425293,0.2933393716812134,0.3,0.2,1e-05
20,40,0.060702644288539886,0.004718913231045008,0.11534690856933594,0.10689828544855118,0.3,0.2,1e-05
20,41,0.05624350905418396,0.0036233507562428713,0.09331607818603516,0.12312666326761246,0.3,0.2,1e-05
20,42,0.10022130608558655,0.004796513356268406,0.11649352312088013,0.302383691072464,0.3,0.2,1e-05
20,43,0.04923519864678383,0.008968154899775982,0.03396052122116089,0.15039443969726562,0.3,0.2,1e-05
20,44,0.09554331004619598,0.004646807909011841,0.19098162651062012,0.16801005601882935,0.3,0.2,1e-05
20,45,0.09827975183725357,0.004487135447561741,0.14914149045944214,0.24525083601474762,0.3,0.2,1e-05
20,46,0.09512706845998764,0.0022187980357557535,0.14261853694915771,0.2506135404109955,0.3,0.2,1e-05
20,47,0.06579452753067017,0.00698290066793561,0.057662367820739746,0.2075645625591278,0.3,0.2,1e-05
20,48,0.13465595245361328,0.005897068418562412,0.2838839888572693,0.2179684340953827,0.3,0.2,1e-05
20,49,0.10287831723690033,0.006252829916775227,0.1379271149635315,0.27623677253723145,0.3,0.2,1e-05
20,50,0.08307969570159912,0.004168222658336163,0.1788187026977539,0.12632930278778076,0.3,0.2,1e-05
20,51,0.057640060782432556,0.002748889150097966,0.10396385192871094,0.11851006001234055,0.3,0.2,1e-05
20,52,0.07848669588565826,0.009885299950838089,0.08991491794586182,0.20813460648059845,0.3,0.2,1e-05
20,53,0.0514664351940155,0.0013279581908136606,0.04347074031829834,0.18548627197742462,0.3,0.2,1e-05
20,54,0.06436799466609955,0.0032960909884423018,0.11413097381591797,0.1341630518436432,0.3,0.2,1e-05
20,55,0.10352052748203278,0.004048551898449659,0.07936292886734009,0.3783154785633087,0.3,0.2,1e-05
20,56,0.19817253947257996,0.007410608232021332,0.37806516885757446,0.38671186566352844,0.3,0.2,1e-05
20,57,0.07238958030939102,0.010029946453869343,0.04395139217376709,0.24587106704711914,0.3,0.2,1e-05
20,58,0.0885838121175766,0.003520932514220476,0.14866644144058228,0.20231473445892334,0.3,0.2,1e-05
20,59,0.10394920408725739,0.008855102583765984,0.12916070222854614,0.28172945976257324,0.3,0.2,1e-05
20,60,0.047152355313301086,0.00656129140406847,0.03207522630691528,0.15484246611595154,0.3,0.2,1e-05
20,61,0.04337247461080551,0.003280503675341606,0.044478774070739746,0.13374167680740356,0.3,0.2,1e-05
20,62,0.15109634399414062,0.005871423054486513,0.19613605737686157,0.4319205582141876,0.3,0.2,1e-05
20,63,0.05656278133392334,0.0015149755636230111,0.0960354208946228,0.1311858892440796,0.3,0.2,1e-05
20,64,0.0531681552529335,0.0021835321094840765,0.0475848913192749,0.1835457682609558,0.3,0.2,1e-05
20,65,0.15467295050621033,0.0051698279567062855,0.16423702239990234,0.5011600852012634,0.3,0.2,1e-05
20,66,0.04935768246650696,0.004982194397598505,0.030997097492218018,0.17538180947303772,0.3,0.2,1e-05
20,67,0.07961337268352509,0.010432424955070019,0.11099427938461304,0.17941328883171082,0.3,0.2,1e-05
20,68,0.054534755647182465,0.0030378722585737705,0.0739181637763977,0.1466071605682373,0.3,0.2,1e-05
20,69,0.048698730766773224,0.0015498930588364601,0.09863787889480591,0.08778734505176544,0.3,0.2,1e-05
20,70,0.23016875982284546,0.011348041705787182,0.3772278428077698,0.5282617807388306,0.3,0.2,1e-05
20,71,0.11869363486766815,0.003430051263421774,0.11628830432891846,0.401885449886322,0.3,0.2,1e-05
20,72,0.2964906394481659,0.021414613351225853,0.6208575963973999,0.4440937340259552,0.3,0.2,1e-05
20,73,0.14356811344623566,0.0038585737347602844,0.20612114667892456,0.38936594128608704,0.3,0.2,1e-05
20,74,0.10732080042362213,0.006369361188262701,0.13884007930755615,0.29649707674980164,0.3,0.2,1e-05
20,75,0.17799322307109833,0.009626218117773533,0.3001776933670044,0.39156845211982727,0.3,0.2,1e-05
20,76,0.083417147397995,0.010693677701056004,0.06854736804962158,0.26079630851745605,0.3,0.2,1e-05
20,77,0.06974982470273972,0.00866338424384594,0.07203572988510132,0.19737860560417175,0.3,0.2,1e-05
20,78,0.21912875771522522,0.011925560422241688,0.38250285387039185,0.4622616469860077,0.3,0.2,1e-05
20,79,0.08164436370134354,0.011750924400985241,0.0647350549697876,0.2523646056652069,0.3,0.2,1e-05
20,80,0.292194664478302,0.029557697474956512,0.5663263201713562,0.4636954367160797,0.3,0.2,1e-05
20,81,0.09043222665786743,0.012998947873711586,0.08504784107208252,0.259594589471817,0.3,0.2,1e-05
20,82,0.09288527071475983,0.011405623517930508,0.10649114847183228,0.2476615160703659,0.3,0.2,1e-05
20,83,0.26910102367401123,0.018746308982372284,0.5188059210777283,0.4735647737979889,0.3,0.2,1e-05
20,84,0.2662478983402252,0.01907321624457836,0.5256955623626709,0.4473300576210022,0.3,0.2,1e-05
20,85,0.08717396855354309,0.00445296848192811,0.22187668085098267,0.08078993856906891,0.3,0.2,1e-05
20,86,0.07664375007152557,0.006847151555120945,0.1399495005607605,0.13905872404575348,0.3,0.2,1e-05
20,87,0.06793879717588425,0.010271931067109108,0.04263526201248169,0.2243814319372177,0.3,0.2,1e-05
20,88,0.03319760411977768,0.0032557582017034292,0.04220616817474365,0.08639997243881226,0.3,0.2,1e-05
20,89,0.07190437614917755,0.0038590223994106054,0.11904913187026978,0.1616530865430832,0.3,0.2,1e-05
20,90,0.049067117273807526,0.0033051755744963884,0.0741276741027832,0.11761819571256638,0.3,0.2,1e-05
20,91,0.08664150536060333,0.003536369651556015,0.14187091588974,0.20271927118301392,0.3,0.2,1e-05
20,92,0.1055571436882019,0.009997273795306683,0.1434718370437622,0.26259157061576843,0.3,0.2,1e-05
20,93,0.07946266233921051,0.009366483427584171,0.10003155469894409,0.20043353736400604,0.3,0.2,1e-05
20,94,0.08500182628631592,0.0039505125023424625,0.171234130859375,0.14840537309646606,0.3,0.2,1e-05
20,95,0.09232042729854584,0.004125384613871574,0.21687304973602295,0.11566559225320816,0.3,0.2,1e-05
20,96,0.10963787883520126,0.007342839147895575,0.22566956281661987,0.17297084629535675,0.3,0.2,1e-05
20,97,0.09334094822406769,0.012827681377530098,0.07963520288467407,0.2831135094165802,0.3,0.2,1e-05
20,98,0.0787503570318222,0.002395227085798979,0.17401635646820068,0.12075108289718628,0.3,0.2,1e-05
21,0,0.08485351502895355,0.0038491575978696346,0.11897528171539307,0.2265588492155075,0.3,0.2,1e-05
21,1,0.2603432834148407,0.020320072770118713,0.5445218682289124,0.3833332061767578,0.3,0.2,1e-05
21,2,0.09924882650375366,0.004328535869717598,0.18051880598068237,0.2038232386112213,0.3,0.2,1e-05
21,3,0.07748395204544067,0.0040356614626944065,0.07930034399032593,0.24829091131687164,0.3,0.2,1e-05
21,4,0.16787327826023102,0.0054513514041900635,0.2431551218032837,0.44737690687179565,0.3,0.2,1e-05
21,5,0.09061180055141449,0.012017225846648216,0.07547879219055176,0.2797546684741974,0.3,0.2,1e-05
21,6,0.05084690451622009,0.0013122099917382002,0.0409432053565979,0.18625865876674652,0.3,0.2,1e-05
21,7,0.0313258171081543,0.0032486661802977324,0.042217254638671875,0.07705987244844437,0.3,0.2,1e-05
21,8,0.06581513583660126,0.02086506597697735,0.04664391279220581,0.1547844558954239,0.3,0.2,1e-05
21,9,0.09423422068357468,0.004099505953490734,0.2167973518371582,0.12547752261161804,0.3,0.2,1e-05
21,10,0.08341362327337265,0.0024595381692051888,0.1523454189300537,0.17625229060649872,0.3,0.2,1e-05
21,11,0.05896878242492676,0.00795419979840517,0.03813374042510986,0.19787229597568512,0.3,0.2,1e-05
21,12,0.25721949338912964,0.0179996769875288,0.5210146903991699,0.41457700729370117,0.3,0.2,1e-05
21,13,0.05916997045278549,0.0012406958267092705,0.03339707851409912,0.23955073952674866,0.3,0.2,1e-05
21,14,0.13483716547489166,0.004132798407226801,0.15533965826034546,0.420512318611145,0.3,0.2,1e-05
21,15,0.03737620636820793,0.003282272256910801,0.04444926977157593,0.10379575937986374,0.3,0.2,1e-05
21,16,0.04908635467290878,0.001403600675985217,0.042477190494537354,0.17469798028469086,0.3,0.2,1e-05
21,17,0.06590154767036438,0.0034735866356641054,0.10003805160522461,0.1620827168226242,0.3,0.2,1e-05
21,18,0.09973815083503723,0.008881956338882446,0.12920117378234863,0.2604791820049286,0.3,0.2,1e-05
21,19,0.11764340102672577,0.0035559965763241053,0.1220555305480957,0.38735371828079224,0.3,0.2,1e-05
21,20,0.05138463154435158,0.001545002101920545,0.09858828783035278,0.1013157069683075,0.3,0.2,1e-05
21,21,0.05193732678890228,0.0027497492264956236,0.10386991500854492,0.09013299643993378,0.3,0.2,1e-05
21,22,0.09754717350006104,0.011409546248614788,0.10648596286773682,0.27095916867256165,0.3,0.2,1e-05
21,23,0.1029466837644577,0.00631963275372982,0.13470590114593506,0.2810764014720917,0.3,0.2,1e-05
21,24,0.05878760293126106,0.0015028344932943583,0.09601593017578125,0.14239993691444397,0.3,0.2,1e-05
21,25,0.276437371969223,0.029640579596161842,0.5702898502349854,0.37854912877082825,0.3,0.2,1e-05
21,26,0.2041597068309784,0.00766462367027998,0.40010666847229004,0.3823153078556061,0.3,0.2,1e-05
21,27,0.08804772049188614,0.004875109530985355,0.19512581825256348,0.123174287378788,0.3,0.2,1e-05
21,28,0.09135761857032776,0.012966146692633629,0.0849461555480957,0.26453813910484314,0.3,0.2,1e-05
21,29,0.07732627540826797,0.010661381296813488,0.06851464509963989,0.23055249452590942,0.3,0.2,1e-05
21,30,0.05143895372748375,0.0021752880420535803,0.04750359058380127,0.17506293952465057,0.3,0.2,1e-05
21,31,0.07690507173538208,0.010034959763288498,0.04386937618255615,0.268546462059021,0.3,0.2,1e-05
21,32,0.07859140634536743,0.0023808309342712164,0.17210781574249268,0.1228911355137825,0.3,0.2,1e-05
21,33,0.1087058037519455,0.00995542574673891,0.14339840412139893,0.2786542773246765,0.3,0.2,1e-05
21,34,0.07364492118358612,0.0019458953756839037,0.13892674446105957,0.15010499954223633,0.3,0.2,1e-05
21,35,0.09308968484401703,0.005814364645630121,0.14403164386749268,0.2203291356563568,0.3,0.2,1e-05
21,36,0.13833379745483398,0.011327207088470459,0.28287023305892944,0.21072763204574585,0.3,0.2,1e-05
21,37,0.19914600253105164,0.015275717712938786,0.377260684967041,0.353460431098938,0.3,0.2,1e-05
21,38,0.0835338607430458,0.002861920977011323,0.20432281494140625,0.09687545895576477,0.3,0.2,1e-05
21,39,0.06360272318124771,0.0047161816619336605,0.11521661281585693,0.12160776555538177,0.3,0.2,1e-05
21,40,0.05615440011024475,0.0065309759229421616,0.03204315900802612,0.2000523954629898,0.3,0.2,1e-05
21,41,0.09682062268257141,0.006327966693788767,0.13864892721176147,0.2444898784160614,0.3,0.2,1e-05
21,42,0.09339068830013275,0.012806179001927376,0.07959455251693726,0.28353068232536316,0.3,0.2,1e-05
21,43,0.08679390698671341,0.016160860657691956,0.046990394592285156,0.28267964720726013,0.3,0.2,1e-05
21,44,0.045775625854730606,0.006489146035164595,0.034713149070739746,0.144362673163414,0.3,0.2,1e-05
21,45,0.07456230372190475,0.007000482175499201,0.057658612728118896,0.2513211667537689,0.3,0.2,1e-05
21,46,0.04874681681394577,0.004359028302133083,0.0360071063041687,0.1679282784461975,0.3,0.2,1e-05
21,47,0.05079776421189308,0.0033452515490353107,0.02923351526260376,0.19341227412223816,0.3,0.2,1e-05
21,48,0.2087593674659729,0.008206265978515148,0.3415234088897705,0.4904803931713104,0.3,0.2,1e-05
21,49,0.04656866192817688,0.00334943481720984,0.0498388409614563,0.14133785665035248,0.3,0.2,1e-05
21,50,0.07920492440462112,0.005565320607274771,0.0693708062171936,0.2641417980194092,0.3,0.2,1e-05
21,51,0.14075055718421936,0.00544311385601759,0.18687140941619873,0.3962300717830658,0.3,0.2,1e-05
21,52,0.06050482392311096,0.0027570538222789764,0.0865929126739502,0.15884946286678314,0.3,0.2,1e-05
21,53,0.11204381287097931,0.006225325632840395,0.13776373863220215,0.3224468231201172,0.3,0.2,1e-05
21,54,0.06894993036985397,0.003865585196763277,0.08479976654052734,0.1982220858335495,0.3,0.2,1e-05
21,55,0.11469978094100952,0.011916641145944595,0.17934072017669678,0.24490457773208618,0.3,0.2,1e-05
21,56,0.13714098930358887,0.0034169668797403574,0.1730998158454895,0.40897032618522644,0.3,0.2,1e-05
21,57,0.06339602172374725,0.0028656453359872103,0.11142921447753906,0.13550806045532227,0.3,0.2,1e-05
21,58,0.07050913572311401,0.0033150867093354464,0.11409729719161987,0.16482427716255188,0.3,0.2,1e-05
21,59,0.053388237953186035,0.008694144897162914,0.03730994462966919,0.16750553250312805,0.3,0.2,1e-05
21,60,0.08233281224966049,0.004196741618216038,0.14941281080245972,0.16656114161014557,0.3,0.2,1e-05
21,61,0.07878336310386658,0.008308827877044678,0.07700896263122559,0.23685920238494873,0.3,0.2,1e-05
21,62,0.10261406004428864,0.004476500209420919,0.1490808129310608,0.2670665681362152,0.3,0.2,1e-05
21,63,0.06174731254577637,0.0021934020332992077,0.035899341106414795,0.24392053484916687,0.3,0.2,1e-05
21,64,0.0783594623208046,0.0016368721844628453,0.03336519002914429,0.3335651755332947,0.3,0.2,1e-05
21,65,0.07323189079761505,0.011062785051763058,0.039359450340270996,0.2518063485622406,0.3,0.2,1e-05
21,66,0.16978833079338074,0.010304377414286137,0.2755362391471863,0.3841153681278229,0.3,0.2,1e-05
21,67,0.17110338807106018,0.005909158382564783,0.2833177447319031,0.4009944796562195,0.3,0.2,1e-05
21,68,0.2266252636909485,0.009254667907953262,0.3445286750793457,0.5700599551200867,0.3,0.2,1e-05
21,69,0.12171387672424316,0.011085525155067444,0.19662928581237793,0.2581978142261505,0.3,0.2,1e-05
21,70,0.09380756318569183,0.004773867782205343,0.11639738082885742,0.27057239413261414,0.3,0.2,1e-05
21,71,0.07654348760843277,0.009306225925683975,0.09966796636581421,0.18668435513973236,0.3,0.2,1e-05
21,72,0.059843599796295166,0.011981331743299961,0.0447576642036438,0.1721748411655426,0.3,0.2,1e-05
21,73,0.07224909961223602,0.006829538848251104,0.1397286057472229,0.11750487238168716,0.3,0.2,1e-05
21,74,0.08227847516536713,0.010381733998656273,0.11089223623275757,0.19314533472061157,0.3,0.2,1e-05
21,75,0.2911994159221649,0.020744657143950462,0.5292690992355347,0.5583701133728027,0.3,0.2,1e-05
21,76,0.18843376636505127,0.0115767577663064,0.313726007938385,0.4136960208415985,0.3,0.2,1e-05
21,77,0.06643504649400711,0.0022571515291929245,0.11823821067810059,0.1435321569442749,0.3,0.2,1e-05
21,78,0.056271739304065704,0.010268249548971653,0.04258757829666138,0.16613608598709106,0.3,0.2,1e-05
21,79,0.05114724859595299,0.0046364008449018,0.058659255504608154,0.14456534385681152,0.3,0.2,1e-05
21,80,0.04857677221298218,0.003596791997551918,0.09322971105575562,0.08505533635616302,0.3,0.2,1e-05
21,81,0.08910031616687775,0.0035058006178587675,0.14167815446853638,0.2154553234577179,0.3,0.2,1e-05
21,82,0.04899066314101219,0.008944324217736721,0.03392970561981201,0.14933712780475616,0.3,0.2,1e-05
21,83,0.09816192090511322,0.006969497073441744,0.21372616291046143,0.13537287712097168,0.3,0.2,1e-05
21,84,0.08970697969198227,0.002670122077688575,0.13871997594833374,0.2271043211221695,0.3,0.2,1e-05
21,85,0.07905706763267517,0.011822901666164398,0.06499606370925903,0.2386767566204071,0.3,0.2,1e-05
21,86,0.06625136733055115,0.007821221835911274,0.13804984092712402,0.08507595956325531,0.3,0.2,1e-05
21,87,0.045089371502399445,0.0049888803623616695,0.03088933229446411,0.15416844189167023,0.3,0.2,1e-05
21,88,0.10613376647233963,0.0045193834230303764,0.16070765256881714,0.2670104205608368,0.3,0.2,1e-05
21,89,0.05852885916829109,0.0030418112874031067,0.0738821029663086,0.16661207377910614,0.3,0.2,1e-05
21,90,0.07571583986282349,0.008634951896965504,0.07211953401565552,0.22722512483596802,0.3,0.2,1e-05
21,91,0.08904524892568588,0.004482049494981766,0.2219812273979187,0.08984411507844925,0.3,0.2,1e-05
21,92,0.08294235169887543,0.005567276384681463,0.09617114067077637,0.24261866509914398,0.3,0.2,1e-05
21,93,0.09291385114192963,0.0035152893979102373,0.1485627293586731,0.224148690700531,0.3,0.2,1e-05
21,94,0.08218038082122803,0.009900595061480999,0.08989143371582031,0.2265617549419403,0.3,0.2,1e-05
21,95,0.04879920557141304,0.0032993305940181017,0.07411521673202515,0.11632654070854187,0.3,0.2,1e-05
21,96,0.07825668901205063,0.004195734858512878,0.17875730991363525,0.10216877609491348,0.3,0.2,1e-05
21,97,0.0873255729675293,0.0038120425306260586,0.17081856727600098,0.16133977472782135,0.3,0.2,1e-05
21,98,0.06447117030620575,0.004468552302569151,0.10225921869277954,0.14662423729896545,0.3,0.2,1e-05
22,0,0.057713430374860764,0.007928206585347652,0.037996649742126465,0.19193114340305328,0.3,0.2,1e-05
22,1,0.05978268384933472,0.0028528098482638597,0.11130344867706299,0.1176941841840744,0.3,0.2,1e-05
22,2,0.07032579183578491,0.001523625454865396,0.033904969692230225,0.2931533455848694,0.3,0.2,1e-05
22,3,0.059644244611263275,0.004704013466835022,0.11511403322219849,0.10203009843826294,0.3,0.2,1e-05
22,4,0.07799000293016434,0.007822852581739426,0.13804388046264648,0.14376991987228394,0.3,0.2,1e-05
22,5,0.09206464886665344,0.00404496630653739,0.0792803168296814,0.32117795944213867,0.3,0.2,1e-05
22,6,0.05556020513176918,0.008681313134729862,0.0372387170791626,0.17853638529777527,0.3,0.2,1e-05
22,7,0.09830977022647858,0.012805473990738392,0.07940930128097534,0.3084075152873993,0.3,0.2,1e-05
22,8,0.08563259989023209,0.003506241599097848,0.14164108037948608,0.19817014038562775,0.3,0.2,1e-05
22,9,0.0866289734840393,0.009303542785346508,0.09951895475387573,0.23734869062900543,0.3,0.2,1e-05
22,10,0.05958337336778641,0.009983832947909832,0.04368859529495239,0.1824648082256317,0.3,0.2,1e-05
22,11,0.2871622145175934,0.0212272796779871,0.5999680757522583,0.42972245812416077,0.3,0.2,1e-05
22,12,0.09561696648597717,0.0047592404298484325,0.11628574132919312,0.2798599898815155,0.3,0.2,1e-05
22,13,0.07784409821033478,0.0038460823707282543,0.11882847547531128,0.19174738228321075,0.3,0.2,1e-05
22,14,0.0467468798160553,0.0012171226553618908,0.043749988079071045,0.16202379763126373,0.3,0.2,1e-05
22,15,0.08906540274620056,0.002661640290170908,0.13848429918289185,0.22429236769676208,0.3,0.2,1e-05
22,16,0.08230394124984741,0.0044636595994234085,0.10217005014419556,0.23594631254673004,0.3,0.2,1e-05
22,17,0.10437965393066406,0.00887871440500021,0.12913250923156738,0.2838059365749359,0.3,0.2,1e-05
22,18,0.11218741536140442,0.011960700154304504,0.17946147918701172,0.2319413274526596,0.3,0.2,1e-05
22,19,0.17929771542549133,0.009380425326526165,0.2902820110321045,0.41416338086128235,0.3,0.2,1e-05
22,20,0.08393117785453796,0.012019441463053226,0.07550859451293945,0.24629579484462738,0.3,0.2,1e-05
22,21,0.10248397290706635,0.005559663288295269,0.09605687856674194,0.3405361771583557,0.3,0.2,1e-05
22,22,0.09853799641132355,0.011276866309344769,0.1062818169593811,0.2768828868865967,0.3,0.2,1e-05
22,23,0.09794104099273682,0.006343817804008722,0.13857203722000122,0.2501280605792999,0.3,0.2,1e-05
22,24,0.08892947435379028,0.020876452326774597,0.04659944772720337,0.27036595344543457,0.3,0.2,1e-05
22,25,0.05313248187303543,0.0021783311385661364,0.04750853776931763,0.18350791931152344,0.3,0.2,1e-05
22,26,0.07742667198181152,0.0023294049315154552,0.1704014539718628,0.11988414824008942,0.3,0.2,1e-05
22,27,0.14384284615516663,0.005913102999329567,0.1970849633216858,0.39402130246162415,0.3,0.2,1e-05
22,28,0.09045106172561646,0.005845925305038691,0.1441982388496399,0.20672832429409027,0.3,0.2,1e-05
22,29,0.11741611361503601,0.0032686912454664707,0.1104009747505188,0.4051356315612793,0.3,0.2,1e-05
22,30,0.0832476019859314,0.01035067904740572,0.11065900325775146,0.19849613308906555,0.3,0.2,1e-05
22,31,0.08969677984714508,0.004578947555273771,0.2250429391860962,0.08802472800016403,0.3,0.2,1e-05
22,32,0.05347922444343567,0.010206568986177444,0.04231923818588257,0.15288442373275757,0.3,0.2,1e-05
22,33,0.04670175164937973,0.0014621440786868334,0.03968912363052368,0.16666434705257416,0.3,0.2,1e-05
22,34,0.051965489983558655,0.008913494646549225,0.033824622631073,0.16452303528785706,0.3,0.2,1e-05
22,35,0.0557553693652153,0.0027545124758034945,0.10378992557525635,0.10931937396526337,0.3,0.2,1e-05
22,36,0.24794349074363708,0.017856020480394363,0.49421411752700806,0.40911614894866943,0.3,0.2,1e-05
22,37,0.06618604809045792,0.0033111381344497204,0.11401379108428955,0.14335384964942932,0.3,0.2,1e-05
22,38,0.07223410904407501,0.006857650820165873,0.1396934986114502,0.1173420324921608,0.3,0.2,1e-05
22,39,0.05806361883878708,0.0030260600615292788,0.07368993759155273,0.16465286910533905,0.3,0.2,1e-05
22,40,0.09540671855211258,0.004469654522836208,0.14890903234481812,0.23132175207138062,0.3,0.2,1e-05
22,41,0.05694457143545151,0.002758166752755642,0.08652615547180176,0.141142800450325,0.3,0.2,1e-05
22,42,0.2855500876903534,0.029670191928744316,0.5623090267181396,0.435935914516449,0.3,0.2,1e-05
22,43,0.2115512490272522,0.014364474453032017,0.36908090114593506,0.4323124885559082,0.3,0.2,1e-05
22,44,0.032370179891586304,0.003264322644099593,0.042188823223114014,0.08224603533744812,0.3,0.2,1e-05
22,45,0.06748484075069427,0.002207302488386631,0.03596377372741699,0.2724420428276062,0.3,0.2,1e-05
22,46,0.09074612706899643,0.004811836406588554,0.19901466369628906,0.13114942610263824,0.3,0.2,1e-05
22,47,0.05688870698213577,0.003555856877937913,0.09297239780426025,0.12720564007759094,0.3,0.2,1e-05
22,48,0.09839746356010437,0.004122552461922169,0.21650797128677368,0.14661256968975067,0.3,0.2,1e-05
22,49,0.047064751386642456,0.0043929037638008595,0.03599506616592407,0.159366637468338,0.3,0.2,1e-05
22,50,0.10877186059951782,0.009986444376409054,0.1433759331703186,0.2788631319999695,0.3,0.2,1e-05
22,51,0.2095431536436081,0.010559703223407269,0.34181904792785645,0.4821886718273163,0.3,0.2,1e-05
22,52,0.08383247256278992,0.011709523387253284,0.06471401453018188,0.2635437250137329,0.3,0.2,1e-05
22,53,0.14964739978313446,0.00588782224804163,0.2823546528816223,0.29526591300964355,0.3,0.2,1e-05
22,54,0.07946957647800446,0.009913881309330463,0.08982610702514648,0.2130393236875534,0.3,0.2,1e-05
22,55,0.049995265901088715,0.0015424989396706223,0.09854406118392944,0.09444772452116013,0.3,0.2,1e-05
22,56,0.15449972450733185,0.005808458663523197,0.16779929399490356,0.4917573928833008,0.3,0.2,1e-05
22,57,0.047238849103450775,0.004952590446919203,0.030845701694488525,0.16516272723674774,0.3,0.2,1e-05
22,58,0.040411435067653656,0.0032878704369068146,0.044379234313964844,0.11904898285865784,0.3,0.2,1e-05
22,59,0.10236658900976181,0.0063008093275129795,0.13462960720062256,0.2783844769001007,0.3,0.2,1e-05
22,60,0.18964917957782745,0.011170915327966213,0.3113049268722534,0.4254339337348938,0.3,0.2,1e-05
22,61,0.06490369886159897,0.0022563596721738577,0.11817240715026855,0.1359780728816986,0.3,0.2,1e-05
22,62,0.182768315076828,0.0067033604718744755,0.33521008491516113,0.3775096535682678,0.3,0.2,1e-05
22,63,0.05646589398384094,0.011928497813642025,0.044622719287872314,0.15575288236141205,0.3,0.2,1e-05
22,64,0.09088563919067383,0.008283297531306744,0.07691431045532227,0.29764023423194885,0.3,0.2,1e-05
22,65,0.1033019945025444,0.010707659646868706,0.06845235824584961,0.36029312014579773,0.3,0.2,1e-05
22,66,0.10431293398141861,0.00433412566781044,0.18038487434387207,0.22931672632694244,0.3,0.2,1e-05
22,67,0.0943889319896698,0.0034976298920810223,0.1482865810394287,0.23202663660049438,0.3,0.2,1e-05
22,68,0.08629181236028671,0.004076576326042414,0.17178750038146973,0.1533949077129364,0.3,0.2,1e-05
22,69,0.07950420677661896,0.001927195000462234,0.13856548070907593,0.18003685772418976,0.3,0.2,1e-05
22,70,0.05799252539873123,0.0015041576698422432,0.09598052501678467,0.13847103714942932,0.3,0.2,1e-05
22,71,0.05560272932052612,0.0046029784716665745,0.058650434017181396,0.16702309250831604,0.3,0.2,1e-05
22,72,0.07796232402324677,0.016112826764583588,0.04671412706375122,0.23917630314826965,0.3,0.2,1e-05
22,73,0.18853288888931274,0.009560493752360344,0.33620619773864746,0.3905526399612427,0.3,0.2,1e-05
22,74,0.07428252696990967,0.008632199838757515,0.0720055103302002,0.22024336457252502,0.3,0.2,1e-05
22,75,0.14588499069213867,0.011373402550816536,0.28279203176498413,0.24836988747119904,0.3,0.2,1e-05
22,76,0.06977403163909912,0.007054541260004044,0.05760180950164795,0.22719474136829376,0.3,0.2,1e-05
22,77,0.05666634440422058,0.003480222076177597,0.09987658262252808,0.11611573398113251,0.3,0.2,1e-05
22,78,0.03807118535041809,0.006506440695375204,0.03193539381027222,0.10992062091827393,0.3,0.2,1e-05
22,79,0.10337349772453308,0.00469700014218688,0.15836596488952637,0.2558335065841675,0.3,0.2,1e-05
22,80,0.08348943293094635,0.013029873371124268,0.08487135171890259,0.22499074041843414,0.3,0.2,1e-05
22,81,0.2884315252304077,0.016968917101621628,0.5572656393051147,0.5214145183563232,0.3,0.2,1e-05
22,82,0.056937381625175476,0.0033439926337450743,0.029097914695739746,0.22432006895542145,0.3,0.2,1e-05
22,83,0.06782440096139908,0.003879530355334282,0.08468461036682129,0.1926974207162857,0.3,0.2,1e-05
22,84,0.08560076355934143,0.004189492203295231,0.1483425498008728,0.18454252183437347,0.3,0.2,1e-05
22,85,0.15700972080230713,0.003141117515042424,0.19922471046447754,0.4705059230327606,0.3,0.2,1e-05
22,86,0.15763899683952332,0.004866180941462517,0.21818310022354126,0.43658944964408875,0.3,0.2,1e-05
22,87,0.10486745834350586,0.002482778625562787,0.1458178162574768,0.2931966781616211,0.3,0.2,1e-05
22,88,0.1217094212770462,0.01117215771228075,0.19667094945907593,0.25767987966537476,0.3,0.2,1e-05
22,89,0.05201847106218338,0.003317573806270957,0.07398706674575806,0.13252386450767517,0.3,0.2,1e-05
22,90,0.08384692668914795,0.002873605815693736,0.2041652798652649,0.09861868619918823,0.3,0.2,1e-05
22,91,0.08189168572425842,0.005569996312260628,0.06938225030899048,0.277535080909729,0.3,0.2,1e-05
22,92,0.07952068001031876,0.004201017785817385,0.17869359254837036,0.10855792462825775,0.3,0.2,1e-05
22,93,0.1059287041425705,0.007333921734243631,0.22830748558044434,0.1505126655101776,0.3,0.2,1e-05
22,94,0.06244603171944618,0.0013392914552241564,0.03465622663497925,0.25354936718940735,0.3,0.2,1e-05
22,95,0.10168848931789398,0.006245675962418318,0.13770848512649536,0.27065131068229675,0.3,0.2,1e-05
22,96,0.04927566647529602,0.003366617253050208,0.049795448780059814,0.15485206246376038,0.3,0.2,1e-05
22,97,0.05352781340479851,0.006470386404544115,0.03453260660171509,0.18348821997642517,0.3,0.2,1e-05
22,98,0.06827038526535034,0.011078154668211937,0.03929811716079712,0.2270139455795288,0.3,0.2,1e-05
23,0,0.1054287999868393,0.0062930164858698845,0.13830959796905518,0.2882145047187805,0.3,0.2,1e-05
23,1,0.05804435908794403,0.0027627062518149614,0.08648592233657837,0.1466793715953827,0.3,0.2,1e-05
23,2,0.048847779631614685,0.0012151572154834867,0.04053455591201782,0.17736127972602844,0.3,0.2,1e-05
23,3,0.1999538242816925,0.011229895055294037,0.31818312406539917,0.4663449823856354,0.3,0.2,1e-05
23,4,0.16002115607261658,0.006597144529223442,0.21170532703399658,0.44956207275390625,0.3,0.2,1e-05
23,5,0.07964023947715759,0.008255205117166042,0.07674503326416016,0.24180762469768524,0.3,0.2,1e-05
23,6,0.06142441928386688,0.0033237820025533438,0.11394047737121582,0.11959245055913925,0.3,0.2,1e-05
23,7,0.04217303916811943,0.003356307977810502,0.04977905750274658,0.11941506713628769,0.3,0.2,1e-05
23,8,0.0749378651380539,0.020864564925432205,0.046518683433532715,0.20058846473693848,0.3,0.2,1e-05
23,9,0.21801963448524475,0.015236821956932545,0.38652998208999634,0.4341190457344055,0.3,0.2,1e-05
23,10,0.05991362780332565,0.002200697548687458,0.035913169384002686,0.23469488322734833,0.3,0.2,1e-05
23,11,0.08784154057502747,0.0047400835901498795,0.11621129512786865,0.2411903589963913,0.3,0.2,1e-05
23,12,0.11506164073944092,0.011133492924273014,0.19638431072235107,0.2250642627477646,0.3,0.2,1e-05
23,13,0.10241720825433731,0.00448432844132185,0.14867985248565674,0.26664459705352783,0.3,0.2,1e-05
23,14,0.06780800223350525,0.004459869582206011,0.10206156969070435,0.16364829242229462,0.3,0.2,1e-05
23,15,0.15284597873687744,0.01137507613748312,0.28246551752090454,0.28365620970726013,0.3,0.2,1e-05
23,16,0.07533955574035645,0.00782740581780672,0.13790583610534668,0.13070198893547058,0.3,0.2,1e-05
23,17,0.1636512577533722,0.0031038096640259027,0.20218366384506226,0.49946168065071106,0.3,0.2,1e-05
23,18,0.07731211185455322,0.00929911807179451,0.0993451476097107,0.19104720652103424,0.3,0.2,1e-05
23,19,0.27919551730155945,0.025647109374403954,0.5502371788024902,0.442386269569397,0.3,0.2,1e-05
23,20,0.051853958517313004,0.0064615244045853615,0.03451007604598999,0.1751970499753952,0.3,0.2,1e-05
23,21,0.0935908704996109,0.006310203578323126,0.13448667526245117,0.23467330634593964,0.3,0.2,1e-05
23,22,0.07204011082649231,0.008676719851791859,0.03714752197265625,0.26109564304351807,0.3,0.2,1e-05
23,23,0.06559433043003082,0.0034773130901157856,0.09975415468215942,0.1609538197517395,0.3,0.2,1e-05
23,24,0.08735641837120056,0.01297573372721672,0.08483809232711792,0.24464625120162964,0.3,0.2,1e-05
23,25,0.20084717869758606,0.0076852282509207726,0.3651459813117981,0.41809073090553284,0.3,0.2,1e-05
23,26,0.05179440975189209,0.004636895842850208,0.05849289894104004,0.14804820716381073,0.3,0.2,1e-05
23,27,0.06085238605737686,0.002851503435522318,0.11121422052383423,0.12318306416273117,0.3,0.2,1e-05
23,28,0.10375034809112549,0.009922151453793049,0.14311909675598145,0.2544623613357544,0.3,0.2,1e-05
23,29,0.05647852271795273,0.004952486138790846,0.030748426914215088,0.21150752902030945,0.3,0.2,1e-05
23,30,0.15070009231567383,0.005827950779348612,0.2813710570335388,0.30230408906936646,0.3,0.2,1e-05
23,31,0.08392040431499481,0.002462476957589388,0.14675289392471313,0.18716028332710266,0.3,0.2,1e-05
23,32,0.06468114256858826,0.006761370692402124,0.13932174444198608,0.08061623573303223,0.3,0.2,1e-05
23,33,0.2453172206878662,0.01844537816941738,0.47934406995773315,0.41534313559532166,0.3,0.2,1e-05
23,34,0.052166737616062164,0.00994887575507164,0.04356229305267334,0.1457458734512329,0.3,0.2,1e-05
23,35,0.04323459044098854,0.0032672632951289415,0.04439908266067505,0.13323800265789032,0.3,0.2,1e-05
23,36,0.07983370125293732,0.002130443463101983,0.17009615898132324,0.13337202370166779,0.3,0.2,1e-05
23,37,0.051193296909332275,0.001541383215226233,0.04148322343826294,0.18603472411632538,0.3,0.2,1e-05
23,38,0.04562006890773773,0.006537575740367174,0.03195768594741821,0.1474759429693222,0.3,0.2,1e-05
23,39,0.09157459437847137,0.004465509671717882,0.2220151424407959,0.10252268612384796,0.3,0.2,1e-05
23,40,0.13852760195732117,0.004981802776455879,0.1501789093017578,0.4424605667591095,0.3,0.2,1e-05
23,41,0.17605185508728027,0.009877307340502739,0.2753031849861145,0.4179179072380066,0.3,0.2,1e-05
23,42,0.09073714911937714,0.005945107433944941,0.14479809999465942,0.20676305890083313,0.3,0.2,1e-05
23,43,0.038560643792152405,0.0032412793952971697,0.04216337203979492,0.11335176229476929,0.3,0.2,1e-05
23,44,0.0961470752954483,0.006207669153809547,0.1371970772743225,0.24390141665935516,0.3,0.2,1e-05
23,45,0.06400857865810394,0.0022596961352974176,0.11836230754852295,0.13120095431804657,0.3,0.2,1e-05
23,46,0.0957338958978653,0.0047012134455144405,0.19911402463912964,0.15649235248565674,0.3,0.2,1e-05
23,47,0.0581442154943943,0.0011028117733076215,0.03233152627944946,0.23670972883701324,0.3,0.2,1e-05
23,48,0.06849977374076843,0.010228069499135017,0.042396605014801025,0.2277635931968689,0.3,0.2,1e-05
23,49,0.07610070705413818,0.005561505444347858,0.06900840997695923,0.24918337166309357,0.3,0.2,1e-05
23,50,0.08910640329122543,0.0035441573709249496,0.14832431077957153,0.20532473921775818,0.3,0.2,1e-05
23,51,0.06421051174402237,0.006959851831197739,0.05754280090332031,0.1999390870332718,0.3,0.2,1e-05
23,52,0.10569317638874054,0.007193060126155615,0.22099685668945312,0.16100531816482544,0.3,0.2,1e-05
23,53,0.1249118447303772,0.004097330383956432,0.1273411512374878,0.4130608141422272,0.3,0.2,1e-05
23,54,0.10837677121162415,0.001945636933669448,0.13876312971115112,0.3240109384059906,0.3,0.2,1e-05
23,55,0.0861983448266983,0.012091257609426975,0.07573682069778442,0.2569301724433899,0.3,0.2,1e-05
23,56,0.08358698338270187,0.002843653317540884,0.20407140254974365,0.09760953485965729,0.3,0.2,1e-05
23,57,0.07979095727205276,0.0038816987071186304,0.14885634183883667,0.15626177191734314,0.3,0.2,1e-05
23,58,0.09709548950195312,0.011221754364669323,0.10598021745681763,0.27039834856987,0.3,0.2,1e-05
23,59,0.0780024528503418,0.0038267767522484064,0.11859941482543945,0.19297921657562256,0.3,0.2,1e-05
23,60,0.056268587708473206,0.008889125660061836,0.03378993272781372,0.18621239066123962,0.3,0.2,1e-05
23,61,0.20845183730125427,0.008776240982115269,0.3505660891532898,0.4725287854671478,0.3,0.2,1e-05
23,62,0.07673301547765732,0.004175086505711079,0.17854619026184082,0.09497034549713135,0.3,0.2,1e-05
23,63,0.159720778465271,0.005538628902286291,0.24162566661834717,0.4084722399711609,0.3,0.2,1e-05
23,64,0.08533318340778351,0.00863906554877758,0.07197457551956177,0.27550873160362244,0.3,0.2,1e-05
23,65,0.09563103318214417,0.002642938168719411,0.13803482055664062,0.2578882575035095,0.3,0.2,1e-05
23,66,0.09033213555812836,0.01288648322224617,0.079506516456604,0.26796844601631165,0.3,0.2,1e-05
23,67,0.08704180270433426,0.0033692566212266684,0.17200422286987305,0.16035638749599457,0.3,0.2,1e-05
23,68,0.04617122560739517,0.004338424187153578,0.03595542907714844,0.15523084998130798,0.3,0.2,1e-05
23,69,0.10449853539466858,0.004400500096380711,0.180614173412323,0.22956889867782593,0.3,0.2,1e-05
23,70,0.07351402938365936,0.004041413310915232,0.07907217741012573,0.22875481843948364,0.3,0.2,1e-05
23,71,0.09774069488048553,0.008848411962389946,0.1290738582611084,0.2508506178855896,0.3,0.2,1e-05
23,72,0.08431503921747208,0.005582421086728573,0.09607923030853271,0.24954423308372498,0.3,0.2,1e-05
23,73,0.07858085632324219,0.010639309883117676,0.06834280490875244,0.2371934950351715,0.3,0.2,1e-05
23,74,0.06870538741350174,0.0015833198558539152,0.03317230939865112,0.2858518660068512,0.3,0.2,1e-05
23,75,0.08979134261608124,0.003491472452878952,0.1414501667022705,0.21932408213615417,0.3,0.2,1e-05
23,76,0.052742742002010345,0.003291122615337372,0.07395589351654053,0.13632425665855408,0.3,0.2,1e-05
23,77,0.05976066738367081,0.011918758973479271,0.04451793432235718,0.17243263125419617,0.3,0.2,1e-05
23,78,0.05735402554273605,0.0035732928663492203,0.09300565719604492,0.12939517199993134,0.3,0.2,1e-05
23,79,0.08046580851078033,0.010421711951494217,0.11079198122024536,0.18403248488903046,0.3,0.2,1e-05
23,80,0.2780754566192627,0.016588136553764343,0.5524564981460571,0.47875186800956726,0.3,0.2,1e-05
23,81,0.04781176149845123,0.0015404368750751019,0.09843641519546509,0.0837019830942154,0.3,0.2,1e-05
23,82,0.05873451381921768,0.0030421048868447542,0.07377111911773682,0.16780534386634827,0.3,0.2,1e-05
23,83,0.08286441117525101,0.01102310512214899,0.03915727138519287,0.30047062039375305,0.3,0.2,1e-05
23,84,0.05732081085443497,0.0015011304058134556,0.09591031074523926,0.13523294031620026,0.3,0.2,1e-05
23,85,0.05389880761504173,0.00792515929788351,0.037902772426605225,0.1730140894651413,0.3,0.2,1e-05
23,86,0.2811962366104126,0.028936322778463364,0.5553790926933289,0.4282308518886566,0.3,0.2,1e-05
23,87,0.05580105260014534,0.0027479378040879965,0.1037558913230896,0.1096317321062088,0.3,0.2,1e-05
23,88,0.052603647112846375,0.0033389520831406116,0.029101073741912842,0.2026718705892563,0.3,0.2,1e-05
23,89,0.051124125719070435,0.0021823400165885687,0.04749327898025513,0.17346902191638947,0.3,0.2,1e-05
23,90,0.05458936467766762,0.004701686557382345,0.11505872011184692,0.07685031741857529,0.3,0.2,1e-05
23,91,0.10571171343326569,0.01612587459385395,0.04670894145965576,0.3778657615184784,0.3,0.2,1e-05
23,92,0.19257070124149323,0.009277880191802979,0.36243462562561035,0.3728121519088745,0.3,0.2,1e-05
23,93,0.11456909775733948,0.01198040135204792,0.1794801950454712,0.24372313916683197,0.3,0.2,1e-05
23,94,0.09516775608062744,0.004089439287781715,0.21612435579299927,0.13120505213737488,0.3,0.2,1e-05
23,95,0.08266264200210571,0.011735064908862114,0.06471985578536987,0.25755807757377625,0.3,0.2,1e-05
23,96,0.0677996277809143,0.0038398064207285643,0.08454674482345581,0.19297899305820465,0.3,0.2,1e-05
23,97,0.08102641999721527,0.009927895851433277,0.08972030878067017,0.2209121733903885,0.3,0.2,1e-05
23,98,0.10186509788036346,0.004208175931125879,0.1565992832183838,0.25338563323020935,0.3,0.2,1e-05
24,0,0.09755052626132965,0.012806251645088196,0.07918500900268555,0.30494385957717896,0.3,0.2,1e-05
24,1,0.0818827748298645,0.0025151518639177084,0.14407652616500854,0.18072330951690674,0.3,0.2,1e-05
24,2,0.06335002183914185,0.00994197279214859,0.04333847761154175,0.20203255116939545,0.3,0.2,1e-05
24,3,0.08766445517539978,0.010693133808672428,0.0683358907699585,0.2823527753353119,0.3,0.2,1e-05
24,4,0.04911244660615921,0.004390934947878122,0.03597980737686157,0.16963784396648407,0.3,0.2,1e-05
24,5,0.06194459646940231,0.011000449769198895,0.03912907838821411,0.19602710008621216,0.3,0.2,1e-05
24,6,0.05663200095295906,0.008674625307321548,0.037095844745635986,0.18414311110973358,0.3,0.2,1e-05
24,7,0.07031894475221634,0.0055298269726336,0.06916624307632446,0.22019623219966888,0.3,0.2,1e-05
24,8,0.15606673061847687,0.005883714184165001,0.28158390522003174,0.3285391926765442,0.3,0.2,1e-05
24,9,0.0948672890663147,0.004742566496133804,0.11621147394180298,0.2763063907623291,0.3,0.2,1e-05
24,10,0.05544186010956764,0.007803414016962051,0.13777726888656616,0.03152630850672722,0.3,0.2,1e-05
24,11,0.05521530285477638,0.008846661075949669,0.03364676237106323,0.18137305974960327,0.3,0.2,1e-05
24,12,0.043991655111312866,0.003287426196038723,0.044293105602264404,0.13708147406578064,0.3,0.2,1e-05
24,13,0.15088148415088654,0.0035856515169143677,0.1859349012374878,0.45757678151130676,0.3,0.2,1e-05
24,14,0.1913268119096756,0.011327027343213558,0.30598288774490356,0.4410245716571808,0.3,0.2,1e-05
24,15,0.0734298825263977,0.004031561315059662,0.07909500598907471,0.22834910452365875,0.3,0.2,1e-05
24,16,0.12211266160011292,0.004904062952846289,0.15100914239883423,0.3595292568206787,0.3,0.2,1e-05
24,17,0.08213868737220764,0.004164428915828466,0.1784423589706421,0.12220776826143265,0.3,0.2,1e-05
24,18,0.10017642378807068,0.004693029448390007,0.16291379928588867,0.2330462634563446,0.3,0.2,1e-05
24,19,0.06393761187791824,0.00225434941239655,0.11802083253860474,0.13138507306575775,0.3,0.2,1e-05
24,20,0.0632266253232956,0.003836479503661394,0.08443343639373779,0.17030057311058044,0.3,0.2,1e-05
24,21,0.07737815380096436,0.009921112097799778,0.08962821960449219,0.2028428614139557,0.3,0.2,1e-05
24,22,0.060818303376436234,0.0028529497794806957,0.11114484071731567,0.12310949712991714,0.3,0.2,1e-05
24,23,0.05520418658852577,0.003532094182446599,0.09273797273635864,0.1192534863948822,0.3,0.2,1e-05
24,24,0.07888396084308624,0.004155287519097328,0.15374469757080078,0.14302630722522736,0.3,0.2,1e-05
24,25,0.05086835101246834,0.006486865691840649,0.03182876110076904,0.174164280295372,0.3,0.2,1e-05
24,26,0.09659695625305176,0.01606357842683792,0.04648834466934204,0.3329343795776367,0.3,0.2,1e-05
24,27,0.052232950925827026,0.004936038516461849,0.030692696571350098,0.19044551253318787,0.3,0.2,1e-05
24,28,0.053750745952129364,0.003021728014573455,0.07359486818313599,0.14325277507305145,0.3,0.2,1e-05
24,29,0.26978495717048645,0.019472017884254456,0.5400932431221008,0.44142475724220276,0.3,0.2,1e-05
24,30,0.07904017716646194,0.010328644886612892,0.11032778024673462,0.1780659705400467,0.3,0.2,1e-05
24,31,0.05510897561907768,0.0045921942219138145,0.05847424268722534,0.16487252712249756,0.3,0.2,1e-05
24,32,0.09310412406921387,0.00581366429105401,0.14380896091461182,0.22073885798454285,0.3,0.2,1e-05
24,33,0.09564153850078583,0.00409433338791132,0.2159854769706726,0.1337578147649765,0.3,0.2,1e-05
24,34,0.09376315772533417,0.006224310491234064,0.13744276762008667,0.2315300554037094,0.3,0.2,1e-05
24,35,0.0734679326415062,0.00824996829032898,0.07671397924423218,0.21101884543895721,0.3,0.2,1e-05
24,36,0.09085623174905777,0.003488440066576004,0.14796966314315796,0.2148844450712204,0.3,0.2,1e-05
24,37,0.20275062322616577,0.00768023356795311,0.327309787273407,0.48438721895217896,0.3,0.2,1e-05
24,38,0.11320209503173828,0.011939983814954758,0.17916101217269897,0.23756904900074005,0.3,0.2,1e-05
24,39,0.05734854191541672,0.0015704153338447213,0.04396134614944458,0.21294862031936646,0.3,0.2,1e-05
24,40,0.1543181836605072,0.004692079499363899,0.2437000870704651,0.38258039951324463,0.3,0.2,1e-05
24,41,0.06398798525333405,0.003482656553387642,0.09969902038574219,0.1529781073331833,0.3,0.2,1e-05
24,42,0.2884830832481384,0.03019324690103531,0.5767126679420471,0.4263801574707031,0.3,0.2,1e-05
24,43,0.08729146420955658,0.004478619899600744,0.14863407611846924,0.19111311435699463,0.3,0.2,1e-05
24,44,0.05741742253303528,0.002221581758931279,0.03596794605255127,0.2220272719860077,0.3,0.2,1e-05
24,45,0.06744121015071869,0.020865051075816154,0.04643326997756958,0.16323089599609375,0.3,0.2,1e-05
24,46,0.27732372283935547,0.024082332849502563,0.5691676139831543,0.4124555289745331,0.3,0.2,1e-05
24,47,0.11672103404998779,0.011131641454994678,0.19638419151306152,0.23337063193321228,0.3,0.2,1e-05
24,48,0.09207595884799957,0.013050011359155178,0.08460640907287598,0.26822009682655334,0.3,0.2,1e-05
24,49,0.154714435338974,0.011385442689061165,0.28252190351486206,0.29286208748817444,0.3,0.2,1e-05
24,50,0.0935952216386795,0.0039012026973068714,0.17867624759674072,0.18045571446418762,0.3,0.2,1e-05
24,51,0.09502121806144714,0.011465714313089848,0.10641562938690186,0.2581540644168854,0.3,0.2,1e-05
24,52,0.06162866950035095,0.0038540128152817488,0.11857259273529053,0.11101438105106354,0.3,0.2,1e-05
24,53,0.21133825182914734,0.014870167709887028,0.3695634603500366,0.4279951751232147,0.3,0.2,1e-05
24,54,0.20969387888908386,0.011259892024099827,0.35151463747024536,0.4648979604244232,0.3,0.2,1e-05
24,55,0.09559857845306396,0.005531107075512409,0.09585440158843994,0.30655574798583984,0.3,0.2,1e-05
24,56,0.09943971037864685,0.008960116654634476,0.12915575504302979,0.2586643099784851,0.3,0.2,1e-05
24,57,0.08264300227165222,0.00680542690679431,0.13941878080368042,0.1700597107410431,0.3,0.2,1e-05
24,58,0.05481956526637077,0.0033218443859368563,0.028998196125030518,0.21399129927158356,0.3,0.2,1e-05
24,59,0.2586113214492798,0.01754661276936531,0.5058887600898743,0.44649043679237366,0.3,0.2,1e-05
24,60,0.0513775572180748,0.002762278774753213,0.08640378713607788,0.11347071081399918,0.3,0.2,1e-05
24,61,0.05573877692222595,0.0012135119177401066,0.031584084033966064,0.22525019943714142,0.3,0.2,1e-05
24,62,0.060143496841192245,0.0015009380877017975,0.09590256214141846,0.14935894310474396,0.3,0.2,1e-05
24,63,0.10481806099414825,0.010029609315097332,0.14332592487335205,0.25895336270332336,0.3,0.2,1e-05
24,64,0.08792075514793396,0.0019305965397506952,0.1384022831916809,0.22234734892845154,0.3,0.2,1e-05
24,65,0.054450832307338715,0.0027602671179920435,0.10369902849197388,0.10290428251028061,0.3,0.2,1e-05
24,66,0.06060231104493141,0.006441003642976284,0.034355223178863525,0.21927368640899658,0.3,0.2,1e-05
24,67,0.10362613201141357,0.00631390605121851,0.13827764987945557,0.27914461493492126,0.3,0.2,1e-05
24,68,0.04481697455048561,0.0011709730606526136,0.03990668058395386,0.1583699882030487,0.3,0.2,1e-05
24,69,0.1956847906112671,0.011329025961458683,0.29678595066070557,0.47659990191459656,0.3,0.2,1e-05
24,70,0.088741734623909,0.011964885517954826,0.07512766122817993,0.2711927592754364,0.3,0.2,1e-05
24,71,0.06640507280826569,0.00703034782782197,0.057511866092681885,0.21060580015182495,0.3,0.2,1e-05
24,72,0.0858331024646759,0.004403555300086737,0.21922379732131958,0.07831206172704697,0.3,0.2,1e-05
24,73,0.10035565495491028,0.004326404072344303,0.17995375394821167,0.21021562814712524,0.3,0.2,1e-05
24,74,0.06551232188940048,0.00470870453864336,0.11500650644302368,0.13150830566883087,0.3,0.2,1e-05
24,75,0.08676040172576904,0.0035234109964221716,0.14159280061721802,0.20379574596881866,0.3,0.2,1e-05
24,76,0.06838265061378479,0.004444507881999016,0.10190796852111816,0.16682876646518707,0.3,0.2,1e-05
24,77,0.09477107226848602,0.006332320626825094,0.13437318801879883,0.24063396453857422,0.3,0.2,1e-05
24,78,0.07696100324392319,0.00234048068523407,0.1745789647102356,0.111234150826931,0.3,0.2,1e-05
24,79,0.059388112276792526,0.003314692061394453,0.11379873752593994,0.10966898500919342,0.3,0.2,1e-05
24,80,0.12270188331604004,0.0030853343196213245,0.10894715785980225,0.43466198444366455,0.3,0.2,1e-05
24,81,0.20257887244224548,0.008780507370829582,0.37768256664276123,0.4024679958820343,0.3,0.2,1e-05
24,82,0.03359364718198776,0.003256502328440547,0.04210084676742554,0.08853443711996078,0.3,0.2,1e-05
24,83,0.05549278482794762,0.003357000183314085,0.049739837646484375,0.18606916069984436,0.3,0.2,1e-05
24,84,0.07793042063713074,0.009352931752800941,0.09939992427825928,0.1937875598669052,0.3,0.2,1e-05
24,85,0.07260102033615112,0.010213007219135761,0.04208934307098389,0.24880602955818176,0.3,0.2,1e-05
24,86,0.13275447487831116,0.006185740232467651,0.1969265341758728,0.3374539017677307,0.3,0.2,1e-05
24,87,0.058114007115364075,0.007925571873784065,0.037788450717926025,0.19425947964191437,0.3,0.2,1e-05
24,88,0.07542827725410461,0.008653751574456692,0.0718834400177002,0.22604747116565704,0.3,0.2,1e-05
24,89,0.07054106146097183,0.001552232657559216,0.03382450342178345,0.294207364320755,0.3,0.2,1e-05
24,90,0.09832912683486938,0.007437622640281916,0.215509831905365,0.13119275867938995,0.3,0.2,1e-05
24,91,0.08422832936048508,0.002649026457220316,0.13821280002593994,0.20057730376720428,0.3,0.2,1e-05
24,92,0.048435576260089874,0.0015423616860061884,0.0983661413192749,0.08691686391830444,0.3,0.2,1e-05
24,93,0.04893314838409424,0.003290224587544799,0.07380229234695435,0.11751118302345276,0.3,0.2,1e-05
24,94,0.08817313611507416,0.004955262411385775,0.19477057456970215,0.12393348664045334,0.3,0.2,1e-05
24,95,0.055620089173316956,0.01190266851335764,0.04436296224594116,0.15204264223575592,0.3,0.2,1e-05
24,96,0.05417146533727646,0.002179199829697609,0.04740089178085327,0.1888599842786789,0.3,0.2,1e-05
24,97,0.07840105891227722,0.011723795905709267,0.06455308198928833,0.23655669391155243,0.3,0.2,1e-05
24,98,0.08322471380233765,0.0028450158424675465,0.20381003618240356,0.0961834266781807,0.3,0.2,1e-05
25,0,0.10867954790592194,0.00469243386760354,0.15787971019744873,0.2831159830093384,0.3,0.2,1e-05
25,1,0.08537023514509201,0.004863020498305559,0.18996012210845947,0.11759588867425919,0.3,0.2,1e-05
25,2,0.059642244130373,0.010190388187766075,0.04204803705215454,0.18418721854686737,0.3,0.2,1e-05
25,3,0.23410111665725708,0.015240702778100967,0.3989710807800293,0.49584540724754333,0.3,0.2,1e-05
25,4,0.09316059947013855,0.0034995009191334248,0.14786207675933838,0.2265123426914215,0.3,0.2,1e-05
25,5,0.09050313383340836,0.0026367122773081064,0.13784736394882202,0.23256105184555054,0.3,0.2,1e-05
25,6,0.08189517259597778,0.004696795251220465,0.1148754358291626,0.21367871761322021,0.3,0.2,1e-05
25,7,0.05014472454786301,0.00219495571218431,0.03588634729385376,0.18591931462287903,0.3,0.2,1e-05
25,8,0.15949173271656036,0.004760303068906069,0.23238515853881836,0.4250793755054474,0.3,0.2,1e-05
25,9,0.09073542803525925,0.011373153887689114,0.10603970289230347,0.2377517968416214,0.3,0.2,1e-05
25,10,0.07326748967170715,0.0038268682546913624,0.0843382477760315,0.22069573402404785,0.3,0.2,1e-05
25,11,0.06893140077590942,0.0077802930027246475,0.1375076174736023,0.09949410706758499,0.3,0.2,1e-05
25,12,0.0524577870965004,0.006496313959360123,0.03182131052017212,0.1820753812789917,0.3,0.2,1e-05
25,13,0.0415073037147522,0.004370048176497221,0.035955846309661865,0.13175250589847565,0.3,0.2,1e-05
25,14,0.21309486031532288,0.008807209320366383,0.39523017406463623,0.4285929799079895,0.3,0.2,1e-05
25,15,0.07789725810289383,0.016040457412600517,0.04648715257644653,0.23955325782299042,0.3,0.2,1e-05
25,16,0.04056796431541443,0.0032797714229673147,0.04427975416183472,0.12002133578062057,0.3,0.2,1e-05
25,17,0.10830526053905487,0.0029746952932327986,0.11144804954528809,0.35948073863983154,0.3,0.2,1e-05
25,18,0.051541440188884735,0.002171190921217203,0.04744035005569458,0.175690695643425,0.3,0.2,1e-05
25,19,0.08111144602298737,0.0024136884603649378,0.17486560344696045,0.13119034469127655,0.3,0.2,1e-05
25,20,0.06980035454034805,0.00669664004817605,0.13902419805526733,0.10698225349187851,0.3,0.2,1e-05
25,21,0.15984316170215607,0.003580188611522317,0.19225317239761353,0.49293506145477295,0.3,0.2,1e-05
25,22,0.06751649081707001,0.008665173314511776,0.03699880838394165,0.2387583702802658,0.3,0.2,1e-05
25,23,0.05884046480059624,0.008853347040712833,0.03368270397186279,0.1994115263223648,0.3,0.2,1e-05
25,24,0.10856115818023682,0.004384765867143869,0.18018782138824463,0.2506002187728882,0.3,0.2,1e-05
25,25,0.10746504366397858,0.009950506500899792,0.14310622215270996,0.2729133367538452,0.3,0.2,1e-05
25,26,0.07623438537120819,0.009889683686196804,0.043290913105010986,0.2667871117591858,0.3,0.2,1e-05
25,27,0.08605939149856567,0.004365378990769386,0.22118860483169556,0.07668714970350266,0.3,0.2,1e-05
25,28,0.03361225128173828,0.0032333775889128447,0.04210776090621948,0.08873271197080612,0.3,0.2,1e-05
25,29,0.10569721460342407,0.006403271108865738,0.13857394456863403,0.2886088192462921,0.3,0.2,1e-05
25,30,0.04381010681390762,0.003327489597722888,0.029019653797149658,0.15888360142707825,0.3,0.2,1e-05
25,31,0.10704804956912994,0.007112874649465084,0.21937596797943115,0.1706118881702423,0.3,0.2,1e-05
25,32,0.15943625569343567,0.0056333099491894245,0.20978134870529175,0.45434266328811646,0.3,0.2,1e-05
25,33,0.050010524690151215,0.011864067986607552,0.04423028230667114,0.12438684701919556,0.3,0.2,1e-05
25,34,0.09321153163909912,0.004426812287420034,0.14812666177749634,0.22173359990119934,0.3,0.2,1e-05
25,35,0.10009266436100006,0.004733258858323097,0.11594009399414062,0.3028869032859802,0.3,0.2,1e-05
25,36,0.13846637308597565,0.005423716735094786,0.15536296367645264,0.4321688115596771,0.3,0.2,1e-05
25,37,0.08135882019996643,0.003808258567005396,0.11815637350082397,0.2105182558298111,0.3,0.2,1e-05
25,38,0.09390439093112946,0.012019334360957146,0.07541024684906006,0.2963098883628845,0.3,0.2,1e-05
25,39,0.20947392284870148,0.010563354007899761,0.35352933406829834,0.4642588198184967,0.3,0.2,1e-05
25,40,0.092954620718956,0.006375199183821678,0.1343444585800171,0.23138044774532318,0.3,0.2,1e-05
25,41,0.08934585750102997,0.004137451760470867,0.1748252511024475,0.16380411386489868,0.3,0.2,1e-05
25,42,0.05177086219191551,0.006442293990403414,0.034332275390625,0.17514441907405853,0.3,0.2,1e-05
25,43,0.0881282389163971,0.0034957414027303457,0.14131945371627808,0.21118327975273132,0.3,0.2,1e-05
25,44,0.08767490088939667,0.00835367850959301,0.07682722806930542,0.2813652455806732,0.3,0.2,1e-05
25,45,0.14980526268482208,0.011337089352309704,0.2821725606918335,0.2690820097923279,0.3,0.2,1e-05
25,46,0.08181212842464447,0.002834740560501814,0.2037467360496521,0.089266836643219,0.3,0.2,1e-05
25,47,0.07706314325332642,0.005550933536142111,0.06902563571929932,0.25402259826660156,0.3,0.2,1e-05
25,48,0.06647025793790817,0.0022519880440086126,0.11802363395690918,0.14405588805675507,0.3,0.2,1e-05
25,49,0.0510362945497036,0.004629126284271479,0.05839747190475464,0.14443962275981903,0.3,0.2,1e-05
25,50,0.05730351805686951,0.0030391982290893793,0.07374298572540283,0.16070711612701416,0.3,0.2,1e-05
25,51,0.05054624006152153,0.0035569474566727877,0.09273737668991089,0.09584039449691772,0.3,0.2,1e-05
25,52,0.07949459552764893,0.010384276509284973,0.11028289794921875,0.18012726306915283,0.3,0.2,1e-05
25,53,0.06964056193828583,0.007007691077888012,0.057478249073028564,0.22694699466228485,0.3,0.2,1e-05
25,54,0.08396994322538376,0.010713877156376839,0.06833827495574951,0.2637729048728943,0.3,0.2,1e-05
25,55,0.09427541494369507,0.012869630008935928,0.07900738716125488,0.2885178327560425,0.3,0.2,1e-05
25,56,0.08247049897909164,0.01303805224597454,0.08460897207260132,0.2202487736940384,0.3,0.2,1e-05
25,57,0.10962612926959991,0.004034882411360741,0.07890677452087402,0.4095960557460785,0.3,0.2,1e-05
25,58,0.09948249161243439,0.008944827131927013,0.12913310527801514,0.258988618850708,0.3,0.2,1e-05
25,59,0.048984602093696594,0.003283098107203841,0.07377678155899048,0.11784234642982483,0.3,0.2,1e-05
25,60,0.07822714745998383,0.020853497087955475,0.04634577035903931,0.217349573969841,0.3,0.2,1e-05
25,61,0.20918142795562744,0.008425811305642128,0.33990103006362915,0.4939265251159668,0.3,0.2,1e-05
25,62,0.18434792757034302,0.009072250686585903,0.292721688747406,0.4372958838939667,0.3,0.2,1e-05
25,63,0.14506760239601135,0.005808473564684391,0.28051191568374634,0.2755277156829834,0.3,0.2,1e-05
25,64,0.12327006459236145,0.011042888276278973,0.19589656591415405,0.26729100942611694,0.3,0.2,1e-05
25,65,0.25976991653442383,0.020627597346901894,0.5442432165145874,0.37934672832489014,0.3,0.2,1e-05
25,66,0.0629868134856224,0.002748001366853714,0.08628475666046143,0.17176692187786102,0.3,0.2,1e-05
25,67,0.2679559290409088,0.028185296803712845,0.5157612562179565,0.42521122097969055,0.3,0.2,1e-05
25,68,0.07598304748535156,0.004131069406867027,0.144694983959198,0.14221736788749695,0.3,0.2,1e-05
25,69,0.12043042480945587,0.012034290470182896,0.17953532934188843,0.2726776599884033,0.3,0.2,1e-05
25,70,0.08216296136379242,0.011699127033352852,0.06442475318908691,0.2556820511817932,0.3,0.2,1e-05
25,71,0.0484248623251915,0.004903963766992092,0.030554533004760742,0.17177268862724304,0.3,0.2,1e-05
25,72,0.08356965333223343,0.004171360284090042,0.17835098505020142,0.1294649839401245,0.3,0.2,1e-05
25,73,0.27598896622657776,0.019150560721755028,0.549260675907135,0.4603009819984436,0.3,0.2,1e-05
25,74,0.07999660074710846,0.009968914091587067,0.08968734741210938,0.21560737490653992,0.3,0.2,1e-05
25,75,0.20029427111148834,0.011550463736057281,0.3245910406112671,0.4568324685096741,0.3,0.2,1e-05
25,76,0.05423150211572647,0.007904354482889175,0.03769659996032715,0.17509083449840546,0.3,0.2,1e-05
25,77,0.08270099759101868,0.008638694882392883,0.07180863618850708,0.26259854435920715,0.3,0.2,1e-05
25,78,0.08817417919635773,0.005880703683942556,0.1440834403038025,0.19534222781658173,0.3,0.2,1e-05
25,79,0.0522192157804966,0.0027442213613539934,0.10354280471801758,0.09206075221300125,0.3,0.2,1e-05
25,80,0.05541255325078964,0.003346093464642763,0.04972243309020996,0.1857486516237259,0.3,0.2,1e-05
25,81,0.05760306119918823,0.0015006214380264282,0.09586226940155029,0.1367187798023224,0.3,0.2,1e-05
25,82,0.07780815660953522,0.009303011000156403,0.0990302562713623,0.19398030638694763,0.3,0.2,1e-05
25,83,0.08753940463066101,0.0019273788202553988,0.13830888271331787,0.2205967903137207,0.3,0.2,1e-05
25,84,0.049234241247177124,0.0015446060569956899,0.09832072257995605,0.09096709638834,0.3,0.2,1e-05
25,85,0.27724623680114746,0.018241411074995995,0.5223103761672974,0.5115586519241333,0.3,0.2,1e-05
25,86,0.0566287487745285,0.0028462852351367474,0.11117422580718994,0.10215096175670624,0.3,0.2,1e-05
25,87,0.08061836659908295,0.00555033003911376,0.09572863578796387,0.23174721002578735,0.3,0.2,1e-05
25,88,0.059803374111652374,0.003478100523352623,0.09961313009262085,0.13220667839050293,0.3,0.2,1e-05
25,89,0.09040054678916931,0.010981095023453236,0.038868725299835205,0.33879417181015015,0.3,0.2,1e-05
25,90,0.08599752932786942,0.002615284640341997,0.14544814825057983,0.19873899221420288,0.3,0.2,1e-05
25,91,0.06841345876455307,0.003322083968669176,0.11381542682647705,0.15473371744155884,0.3,0.2,1e-05
25,92,0.06110594421625137,0.0015082195168361068,0.0316891074180603,0.25045496225357056,0.3,0.2,1e-05
25,93,0.10228933393955231,0.006194609217345715,0.13706302642822266,0.2748790681362152,0.3,0.2,1e-05
25,94,0.04457588121294975,0.001260293647646904,0.0424652099609375,0.15288011729717255,0.3,0.2,1e-05
25,95,0.05834321677684784,0.0012697839410975575,0.0345841646194458,0.23349091410636902,0.3,0.2,1e-05
25,96,0.07522192597389221,0.004445773549377918,0.1017875075340271,0.2011995166540146,0.3,0.2,1e-05
25,97,0.04711269587278366,0.0015476658008992672,0.04219025373458862,0.16453975439071655,0.3,0.2,1e-05
25,98,0.08697707951068878,0.004119237419217825,0.21573054790496826,0.09069335460662842,0.3,0.2,1e-05
26,0,0.07869461923837662,0.005532596260309219,0.06896716356277466,0.2623593509197235,0.3,0.2,1e-05
26,1,0.06357493251562119,0.0022509810514748096,0.1176864504814148,0.13009008765220642,0.3,0.2,1e-05
26,2,0.10049378871917725,0.006188736297190189,0.13698738813400269,0.26604416966438293,0.3,0.2,1e-05
26,3,0.23110397160053253,0.011680017225444317,0.34635066986083984,0.5775937438011169,0.3,0.2,1e-05
26,4,0.13980169594287872,0.011356114409863949,0.28219330310821533,0.2189379334449768,0.3,0.2,1e-05
26,5,0.042938653379678726,0.0032899428624659777,0.07373404502868652,0.08764247596263885,0.3,0.2,1e-05
26,6,0.05552399903535843,0.002756653353571892,0.10346728563308716,0.1086357980966568,0.3,0.2,1e-05
26,7,0.09911097586154938,0.0043826657347381115,0.15936297178268433,0.2345970869064331,0.3,0.2,1e-05
26,8,0.1224440187215805,0.011076707392930984,0.1958649754524231,0.26303911209106445,0.3,0.2,1e-05
26,9,0.16981202363967896,0.0057909609749913216,0.2799404263496399,0.40019461512565613,0.3,0.2,1e-05
26,10,0.055727869272232056,0.0034839913714677095,0.09954208135604858,0.1119062602519989,0.3,0.2,1e-05
26,11,0.1647743284702301,0.004183693788945675,0.1986246109008789,0.5050162672996521,0.3,0.2,1e-05
26,12,0.24974669516086578,0.01652182824909687,0.47902435064315796,0.4475878179073334,0.3,0.2,1e-05
26,13,0.08905023336410522,0.0047249142080545425,0.1159219741821289,0.24774359166622162,0.3,0.2,1e-05
26,14,0.08536449819803238,0.0028394029941409826,0.20347976684570312,0.10740580409765244,0.3,0.2,1e-05
26,15,0.07852192223072052,0.004171364009380341,0.17823874950408936,0.10439465194940567,0.3,0.2,1e-05
26,16,0.08713315427303314,0.008290781639516354,0.07661372423171997,0.2792912721633911,0.3,0.2,1e-05
26,17,0.09860862791538239,0.00896788202226162,0.12915301322937012,0.2544742226600647,0.3,0.2,1e-05
26,18,0.06962612271308899,0.011807508766651154,0.04408210515975952,0.2229698896408081,0.3,0.2,1e-05
26,19,0.08226248621940613,0.01074549276381731,0.06833666563034058,0.2550799548625946,0.3,0.2,1e-05
26,20,0.1684127002954483,0.006820301525294781,0.3055908679962158,0.3495756685733795,0.3,0.2,1e-05
26,21,0.07165687531232834,0.0038244486786425114,0.11803162097930908,0.162114679813385,0.3,0.2,1e-05
26,22,0.08511775732040405,0.0025877843145281076,0.14779603481292725,0.19095581769943237,0.3,0.2,1e-05
26,23,0.06006156653165817,0.0012671673903241754,0.032689571380615234,0.24493762850761414,0.3,0.2,1e-05
26,24,0.052874889224767685,0.008830386213958263,0.033607423305511475,0.16981136798858643,0.3,0.2,1e-05
26,25,0.09079167246818542,0.009884712286293507,0.04315507411956787,0.33980220556259155,0.3,0.2,1e-05
26,26,0.11467331647872925,0.012012909166514874,0.17932534217834473,0.24431397020816803,0.3,0.2,1e-05
26,27,0.21303057670593262,0.011899560689926147,0.33669668436050415,0.5006100535392761,0.3,0.2,1e-05
26,28,0.05458684265613556,0.004694483708590269,0.11467850208282471,0.07744403183460236,0.3,0.2,1e-05
26,29,0.17395472526550293,0.005583124700933695,0.24228936433792114,0.47842392325401306,0.3,0.2,1e-05
26,30,0.08751080930233002,0.013017116114497185,0.08454889059066772,0.24564509093761444,0.3,0.2,1e-05
26,31,0.06328701972961426,0.010172633454203606,0.04196673631668091,0.20262181758880615,0.3,0.2,1e-05
26,32,0.08595514297485352,0.004404004197567701,0.2181515097618103,0.08052844554185867,0.3,0.2,1e-05
26,33,0.1998353898525238,0.008940303698182106,0.3511916399002075,0.42768797278404236,0.3,0.2,1e-05
26,34,0.04531458765268326,0.0032927365973591805,0.04422241449356079,0.14377562701702118,0.3,0.2,1e-05
26,35,0.05731819570064545,0.0033168448135256767,0.11377477645874023,0.09934457391500473,0.3,0.2,1e-05
26,36,0.08074282109737396,0.010311638005077839,0.10995268821716309,0.18722686171531677,0.3,0.2,1e-05
26,37,0.055239371955394745,0.0030311234295368195,0.073600172996521,0.15064096450805664,0.3,0.2,1e-05
26,38,0.2978367805480957,0.018732527270913124,0.6242345571517944,0.45916932821273804,0.3,0.2,1e-05
26,39,0.045379530638456345,0.004394057206809521,0.03595846891403198,0.15098966658115387,0.3,0.2,1e-05
26,40,0.06943859159946442,0.020844999700784683,0.0463104248046875,0.1735023409128189,0.3,0.2,1e-05
26,41,0.05719679594039917,0.002192816697061062,0.035960257053375244,0.2210795134305954,0.3,0.2,1e-05
26,42,0.09709954261779785,0.004371894057840109,0.17993032932281494,0.19374272227287292,0.3,0.2,1e-05
26,43,0.0765429213643074,0.0024115319829434156,0.1694239377975464,0.11652103066444397,0.3,0.2,1e-05
26,44,0.08896614611148834,0.004106451757252216,0.21552550792694092,0.10101017355918884,0.3,0.2,1e-05
26,45,0.09197936207056046,0.01192728616297245,0.0749773383140564,0.2877943515777588,0.3,0.2,1e-05
26,46,0.08587801456451416,0.0035188051406294107,0.14137953519821167,0.19972673058509827,0.3,0.2,1e-05
26,47,0.07429098337888718,0.008638119325041771,0.07180362939834595,0.22055888175964355,0.3,0.2,1e-05
26,48,0.08490169048309326,0.011634060181677341,0.0641927719116211,0.27004897594451904,0.3,0.2,1e-05
26,49,0.056694090366363525,0.008675118908286095,0.03693974018096924,0.18468523025512695,0.3,0.2,1e-05
26,50,0.08198676258325577,0.005525743588805199,0.09563952684402466,0.2388457953929901,0.3,0.2,1e-05
26,51,0.10754510760307312,0.010058282874524593,0.14332222938537598,0.2724507451057434,0.3,0.2,1e-05
26,52,0.1380646675825119,0.0031035002321004868,0.11029773950576782,0.5093591809272766,0.3,0.2,1e-05
26,53,0.0855809822678566,0.011482714675366879,0.10626047849655151,0.21110060811042786,0.3,0.2,1e-05
26,54,0.059693560004234314,0.004876354243606329,0.03046959638595581,0.22838163375854492,0.3,0.2,1e-05
26,55,0.09582729637622833,0.00581082608550787,0.14352864027023315,0.23478937149047852,0.3,0.2,1e-05
26,56,0.22712823748588562,0.014467084780335426,0.40232616662979126,0.4598163962364197,0.3,0.2,1e-05
26,57,0.05763104185461998,0.0027641067281365395,0.08629244565963745,0.144896000623703,0.3,0.2,1e-05
26,58,0.2919909358024597,0.03370169550180435,0.5821948051452637,0.4181539714336395,0.3,0.2,1e-05
26,59,0.06833593547344208,0.004430319648236036,0.1017676591873169,0.16687659919261932,0.3,0.2,1e-05
26,60,0.09531322121620178,0.004467967431992292,0.14822262525558472,0.23189231753349304,0.3,0.2,1e-05
26,61,0.047403719276189804,0.001542897429317236,0.09829103946685791,0.08186753839254379,0.3,0.2,1e-05
26,62,0.05145370960235596,0.006419668439775705,0.03426772356033325,0.17376859486103058,0.3,0.2,1e-05
26,63,0.10155816376209259,0.007356821559369564,0.22526335716247559,0.1331116408109665,0.3,0.2,1e-05
26,64,0.05200231075286865,0.003337491536512971,0.049708664417266846,0.16876108944416046,0.3,0.2,1e-05
26,65,0.03321854770183563,0.0032463872339576483,0.04204815626144409,0.08678855001926422,0.3,0.2,1e-05
26,66,0.07618448138237,0.009952854365110397,0.08965486288070679,0.1966758519411087,0.3,0.2,1e-05
26,67,0.06480911374092102,0.01604023203253746,0.046384453773498535,0.1742677092552185,0.3,0.2,1e-05
26,68,0.04380415007472038,0.0014258556766435504,0.04129070043563843,0.14995542168617249,0.3,0.2,1e-05
26,69,0.05112422630190849,0.004578474909067154,0.05833917856216431,0.14521998167037964,0.3,0.2,1e-05
26,70,0.09241548180580139,0.006302053574472666,0.1380610466003418,0.22347556054592133,0.3,0.2,1e-05
26,71,0.09479391574859619,0.012824851088225842,0.07887637615203857,0.2915307283401489,0.3,0.2,1e-05
26,72,0.09066107124090195,0.004683056380599737,0.1940491795539856,0.13881626725196838,0.3,0.2,1e-05
26,73,0.06301257759332657,0.0015777923399582505,0.03296053409576416,0.2577331066131592,0.3,0.2,1e-05
26,74,0.0464307963848114,0.0011932961642742157,0.041127681732177734,0.16449595987796783,0.3,0.2,1e-05
26,75,0.04436878859996796,0.007901116274297237,0.037672996520996094,0.12582886219024658,0.3,0.2,1e-05
26,76,0.08935727179050446,0.009342722594738007,0.09916961193084717,0.2513183355331421,0.3,0.2,1e-05
26,77,0.05658022314310074,0.0015054261311888695,0.09582483768463135,0.13163673877716064,0.3,0.2,1e-05
26,78,0.08640899509191513,0.004203840624541044,0.18010187149047852,0.14087295532226562,0.3,0.2,1e-05
26,79,0.26945796608924866,0.018837820738554,0.5312974452972412,0.456154465675354,0.3,0.2,1e-05
26,80,0.08753969520330429,0.002626601606607437,0.13790053129196167,0.21771466732025146,0.3,0.2,1e-05
26,81,0.13902118802070618,0.0050407350063323975,0.16356170177459717,0.42455965280532837,0.3,0.2,1e-05
26,82,0.059088125824928284,0.003842470934614539,0.08415329456329346,0.14999832212924957,0.3,0.2,1e-05
26,83,0.09287840127944946,0.0034946859814226627,0.14768612384796143,0.22538939118385315,0.3,0.2,1e-05
26,84,0.06321748346090317,0.0067986976355314255,0.13904792070388794,0.07352202385663986,0.3,0.2,1e-05
26,85,0.05786832422018051,0.007800733204931021,0.1375311017036438,0.04404130205512047,0.3,0.2,1e-05
26,86,0.063296839594841,0.002842091955244541,0.11105746030807495,0.13568753004074097,0.3,0.2,1e-05
26,87,0.1532716453075409,0.006212905049324036,0.19737476110458374,0.4392315149307251,0.3,0.2,1e-05
26,88,0.20325025916099548,0.012388503178954124,0.3338254690170288,0.4535706043243408,0.3,0.2,1e-05
26,89,0.09560590237379074,0.006322112865746021,0.13413375616073608,0.24521830677986145,0.3,0.2,1e-05
26,90,0.054140426218509674,0.0035220470745116472,0.09245908260345459,0.11440328508615494,0.3,0.2,1e-05
26,91,0.04910239204764366,0.006460280157625675,0.03171658515930176,0.16563567519187927,0.3,0.2,1e-05
26,92,0.07505005598068237,0.0033000551629811525,0.028919577598571777,0.3153706192970276,0.3,0.2,1e-05
26,93,0.09796930104494095,0.004038778133690357,0.07890111207962036,0.3513009250164032,0.3,0.2,1e-05
26,94,0.05135142058134079,0.002180602168664336,0.0472869873046875,0.1749236136674881,0.3,0.2,1e-05
26,95,0.07141552865505219,0.007053311448544264,0.057448387145996094,0.23563848435878754,0.3,0.2,1e-05
26,96,0.07312890142202377,0.0019124004757031798,0.1379980444908142,0.1490854173898697,0.3,0.2,1e-05
26,97,0.08243229240179062,0.0039724730886518955,0.15036922693252563,0.16674523055553436,0.3,0.2,1e-05
26,98,0.059325892478227615,0.010969816707074642,0.03878462314605713,0.1836034506559372,0.3,0.2,1e-05
27,0,0.08218206465244293,0.0041037327609956264,0.1514109969139099,0.16327515244483948,0.3,0.2,1e-05
27,1,0.08688900619745255,0.011912727728486061,0.07484906911849976,0.26260778307914734,0.3,0.2,1e-05
27,2,0.07919703423976898,0.002622859086841345,0.13766777515411377,0.17636919021606445,0.3,0.2,1e-05
27,3,0.07670993357896805,0.011600515805184841,0.06402891874313354,0.22950369119644165,0.3,0.2,1e-05
27,4,0.10485517978668213,0.007389513310045004,0.21714574098587036,0.1616096794605255,0.3,0.2,1e-05
27,5,0.10382212698459625,0.004035285208374262,0.07885009050369263,0.3806590437889099,0.3,0.2,1e-05
27,6,0.04895395040512085,0.011758439242839813,0.04394114017486572,0.120065838098526,0.3,0.2,1e-05
27,7,0.0908636748790741,0.004121428355574608,0.21543025970458984,0.11056583374738693,0.3,0.2,1e-05
27,8,0.08561773598194122,0.0038377167657017708,0.11795085668563843,0.2319737821817398,0.3,0.2,1e-05
27,9,0.05204588919878006,0.0015430254861712456,0.09822410345077515,0.10517816245555878,0.3,0.2,1e-05
27,10,0.061423610895872116,0.0038398485630750656,0.08405297994613647,0.1618393361568451,0.3,0.2,1e-05
27,11,0.08957544714212418,0.005808533634990454,0.14338397979736328,0.2037585824728012,0.3,0.2,1e-05
27,12,0.0768672376871109,0.00823448970913887,0.07644790410995483,0.2284918874502182,0.3,0.2,1e-05
27,13,0.09549711644649506,0.005079031456261873,0.1942541003227234,0.16070926189422607,0.3,0.2,1e-05
27,14,0.06365618109703064,0.01602827198803425,0.046267151832580566,0.16873881220817566,0.3,0.2,1e-05
27,15,0.10500115901231766,0.010080181062221527,0.14327788352966309,0.25968804955482483,0.3,0.2,1e-05
27,16,0.040389299392700195,0.0012350736651569605,0.04187065362930298,0.13296513259410858,0.3,0.2,1e-05
27,17,0.16690006852149963,0.003341698320582509,0.17189514636993408,0.5599491596221924,0.3,0.2,1e-05
27,18,0.09699760377407074,0.006301905494183302,0.1339733600616455,0.2525184452533722,0.3,0.2,1e-05
27,19,0.05133877694606781,0.002766491612419486,0.10343033075332642,0.08771593123674393,0.3,0.2,1e-05
27,20,0.08477412164211273,0.00398267013952136,0.17667162418365479,0.13894981145858765,0.3,0.2,1e-05
27,21,0.04888664186000824,0.0035078770015388727,0.09236091375350952,0.08835245668888092,0.3,0.2,1e-05
27,22,0.06797344982624054,0.0022412457037717104,0.11746448278427124,0.15246427059173584,0.3,0.2,1e-05
27,23,0.09413918852806091,0.0026087407022714615,0.14171624183654785,0.24507786333560944,0.3,0.2,1e-05
27,24,0.20940393209457397,0.010646486654877663,0.3178923726081848,0.5169486403465271,0.3,0.2,1e-05
27,25,0.0508924201130867,0.00330945523455739,0.04414576292037964,0.17169617116451263,0.3,0.2,1e-05
27,26,0.04316675290465355,0.004448734689503908,0.035943686962127686,0.13967455923557281,0.3,0.2,1e-05
27,27,0.07528877258300781,0.009379595518112183,0.09919464588165283,0.1807538866996765,0.3,0.2,1e-05
27,28,0.06129560247063637,0.010144855827093124,0.04177355766296387,0.19309338927268982,0.3,0.2,1e-05
27,29,0.05079331248998642,0.0064080627635121346,0.034163832664489746,0.17068049311637878,0.3,0.2,1e-05
27,30,0.05820169299840927,0.004757776856422424,0.11465513706207275,0.09523684531450272,0.3,0.2,1e-05
27,31,0.08807150274515152,0.0055053504183888435,0.09548211097717285,0.2696075737476349,0.3,0.2,1e-05
27,32,0.06310714781284332,0.005527663044631481,0.06894099712371826,0.18448591232299805,0.3,0.2,1e-05
27,33,0.046934567391872406,0.003125748597085476,0.07331293821334839,0.1090746819972992,0.3,0.2,1e-05
27,34,0.06618891656398773,0.008659299463033676,0.036821722984313965,0.23241549730300903,0.3,0.2,1e-05
27,35,0.06847972422838211,0.0016252965433523059,0.03427445888519287,0.2828604280948639,0.3,0.2,1e-05
27,36,0.0614328570663929,0.004559308756142855,0.05821627378463745,0.19704332947731018,0.3,0.2,1e-05
27,37,0.07344433665275574,0.008638184517621994,0.07170802354812622,0.21646873652935028,0.3,0.2,1e-05
27,38,0.14419549703598022,0.011336431838572025,0.2820438742637634,0.24122951924800873,0.3,0.2,1e-05
27,39,0.08121530711650848,0.011519822292029858,0.1061442494392395,0.1892610639333725,0.3,0.2,1e-05
27,40,0.07846999168395996,0.002336186124011874,0.17007660865783691,0.1255541294813156,0.3,0.2,1e-05
27,41,0.16408172249794006,0.004197984468191862,0.2007865309715271,0.49823883175849915,0.3,0.2,1e-05
27,42,0.06496872007846832,0.002768842503428459,0.08619678020477295,0.18170420825481415,0.3,0.2,1e-05
27,43,0.054626598954200745,0.0011126958997920156,0.03149467706680298,0.2203274965286255,0.3,0.2,1e-05
27,44,0.08259280025959015,0.004483719356358051,0.14802402257919312,0.16850939393043518,0.3,0.2,1e-05
27,45,0.12302321195602417,0.011944887228310108,0.17886078357696533,0.2871004343032837,0.3,0.2,1e-05
27,46,0.20505207777023315,0.008451484143733978,0.37319761514663696,0.4232065677642822,0.3,0.2,1e-05
27,47,0.08544880896806717,0.013051297515630722,0.08444070816040039,0.23532646894454956,0.3,0.2,1e-05
27,48,0.11804027855396271,0.011108571663498878,0.19578438997268677,0.24098196625709534,0.3,0.2,1e-05
27,49,0.04398280382156372,0.001321021351031959,0.039824485778808594,0.1535721868276596,0.3,0.2,1e-05
27,50,0.1311948299407959,0.005463288631290197,0.18474334478378296,0.3515426516532898,0.3,0.2,1e-05
27,51,0.0764176994562149,0.020855573937296867,0.046185851097106934,0.20853185653686523,0.3,0.2,1e-05
27,52,0.21007445454597473,0.015133019536733627,0.399216890335083,0.37588179111480713,0.3,0.2,1e-05
27,53,0.05118995159864426,0.0021800990216434,0.04726064205169678,0.17415829002857208,0.3,0.2,1e-05
27,54,0.09418775141239166,0.01283116452395916,0.07870858907699585,0.288720041513443,0.3,0.2,1e-05
27,55,0.07665428519248962,0.0019044710788875818,0.1377679705619812,0.16709710657596588,0.3,0.2,1e-05
27,56,0.17177583277225494,0.005835784133523703,0.2801143527030945,0.4095286726951599,0.3,0.2,1e-05
27,57,0.049790918827056885,0.003336430061608553,0.0496554970741272,0.1577892005443573,0.3,0.2,1e-05
27,58,0.09659582376480103,0.006310385186225176,0.13791465759277344,0.24455520510673523,0.3,0.2,1e-05
27,59,0.1284361183643341,0.003467676229774952,0.11097335815429688,0.45838218927383423,0.3,0.2,1e-05
27,60,0.0848204493522644,0.0034957434982061386,0.14748704433441162,0.18539294600486755,0.3,0.2,1e-05
27,61,0.272568017244339,0.020387807860970497,0.5891187191009521,0.3772229254245758,0.3,0.2,1e-05
27,62,0.09157294780015945,0.009886746294796467,0.04306608438491821,0.3438318967819214,0.3,0.2,1e-05
27,63,0.0717504620552063,0.0044458783231675625,0.10163748264312744,0.18406666815280914,0.3,0.2,1e-05
27,64,0.10085058957338333,0.004341338761150837,0.17951560020446777,0.2132728546857834,0.3,0.2,1e-05
27,65,0.0989963635802269,0.008961965329945087,0.12906509637832642,0.2565743327140808,0.3,0.2,1e-05
27,66,0.06841269135475159,0.010929751209914684,0.03865474462509155,0.22943256795406342,0.3,0.2,1e-05
27,67,0.09393343329429626,0.004525105003267527,0.22375279664993286,0.11141245812177658,0.3,0.2,1e-05
27,68,0.08101803809404373,0.004204860422760248,0.17814606428146362,0.11684677749872208,0.3,0.2,1e-05
27,69,0.20469531416893005,0.010145405307412148,0.33399295806884766,0.4717601239681244,0.3,0.2,1e-05
27,70,0.293653666973114,0.020622530952095985,0.557418942451477,0.5290272235870361,0.3,0.2,1e-05
27,71,0.05290999263525009,0.007894408889114857,0.037595510482788086,0.16868464648723602,0.3,0.2,1e-05
27,72,0.030101066455245018,0.003251010086387396,0.041983962059020996,0.07127434015274048,0.3,0.2,1e-05
27,73,0.20227766036987305,0.00883506890386343,0.36600959300994873,0.41819849610328674,0.3,0.2,1e-05
27,74,0.060633257031440735,0.00150942278560251,0.09578078985214233,0.1519479900598526,0.3,0.2,1e-05
27,75,0.18863855302333832,0.009722485207021236,0.29298877716064453,0.45509713888168335,0.3,0.2,1e-05
27,76,0.05940619483590126,0.007787507958710194,0.1373652219772339,0.05204559862613678,0.3,0.2,1e-05
27,77,0.05194210261106491,0.008807986974716187,0.03356713056564331,0.16531988978385925,0.3,0.2,1e-05
27,78,0.05469236522912979,0.004858547355979681,0.030332505702972412,0.20367030799388885,0.3,0.2,1e-05
27,79,0.06280094385147095,0.0033295108005404472,0.11365902423858643,0.12686863541603088,0.3,0.2,1e-05
27,80,0.05356329679489136,0.003291853005066514,0.07362872362136841,0.14091412723064423,0.3,0.2,1e-05
27,81,0.06432953476905823,0.0064714630134403706,0.03169572353363037,0.24174678325653076,0.3,0.2,1e-05
27,82,0.08441929519176483,0.0028447306249290705,0.20331597328186035,0.10289883613586426,0.3,0.2,1e-05
27,83,0.04723745957016945,0.0033001217525452375,0.028872966766357422,0.17637723684310913,0.3,0.2,1e-05
27,84,0.10274049639701843,0.004690864123404026,0.15852373838424683,0.2524625360965729,0.3,0.2,1e-05
27,85,0.08413700759410858,0.0035306313075125217,0.14129722118377686,0.19108600914478302,0.3,0.2,1e-05
27,86,0.09773845970630646,0.00619160570204258,0.13683074712753296,0.2524881660938263,0.3,0.2,1e-05
27,87,0.054883699864149094,0.002189188962802291,0.03592574596405029,0.20958393812179565,0.3,0.2,1e-05
27,88,0.24412181973457336,0.01874755509197712,0.4650031328201294,0.4293665885925293,0.3,0.2,1e-05
27,89,0.06041201949119568,0.0028400232549756765,0.11096811294555664,0.12140779197216034,0.3,0.2,1e-05
27,90,0.09410975873470306,0.004723105579614639,0.11580884456634521,0.2732200026512146,0.3,0.2,1e-05
27,91,0.06049760431051254,0.003536301665008068,0.09936165809631348,0.135764017701149,0.3,0.2,1e-05
27,92,0.08438464999198914,0.010787023231387138,0.068317711353302,0.26551157236099243,0.3,0.2,1e-05
27,93,0.07973621040582657,0.010323413647711277,0.1096373200416565,0.1826079934835434,0.3,0.2,1e-05
27,94,0.12793846428394318,0.00450271088629961,0.16502273082733154,0.3696446418762207,0.3,0.2,1e-05
27,95,0.2756616175174713,0.029210705310106277,0.5574576258659363,0.39606812596321106,0.3,0.2,1e-05
27,96,0.06941395998001099,0.0070048738270998,0.05739915370941162,0.22594669461250305,0.3,0.2,1e-05
27,97,0.07886837422847748,0.006789028644561768,0.13880473375320435,0.15218962728977203,0.3,0.2,1e-05
27,98,0.0751388743519783,0.009970945306122303,0.08962959051132202,0.19139523804187775,0.3,0.2,1e-05
28,0,0.15900129079818726,0.0039069470949471,0.19058853387832642,0.4895889163017273,0.3,0.2,1e-05
28,1,0.045816224068403244,0.0032915682531893253,0.04414588212966919,0.1464044451713562,0.3,0.2,1e-05
28,2,0.0474422350525856,0.0032836890313774347,0.07356268167495728,0.11044871062040329,0.3,0.2,1e-05
28,3,0.040174320340156555,0.003283401019871235,0.02880758047103882,0.14124321937561035,0.3,0.2,1e-05
28,4,0.10144463181495667,0.00896915327757597,0.1290636658668518,0.2687818706035614,0.3,0.2,1e-05
28,5,0.05486869812011719,0.0027661160565912724,0.08610653877258301,0.13135309517383575,0.3,0.2,1e-05
28,6,0.0526326522231102,0.002175145084038377,0.04729342460632324,0.18134738504886627,0.3,0.2,1e-05
28,7,0.08625683933496475,0.011963178403675556,0.07494091987609863,0.2590569257736206,0.3,0.2,1e-05
28,8,0.059017688035964966,0.0022468550596386194,0.11750024557113647,0.1076037734746933,0.3,0.2,1e-05
28,9,0.04136824235320091,0.007882646284997463,0.03745925426483154,0.11123909801244736,0.3,0.2,1e-05
28,10,0.054952070116996765,0.011743579059839249,0.04378211498260498,0.1503692865371704,0.3,0.2,1e-05
28,11,0.07646529376506805,0.009249189868569374,0.09842425584793091,0.1884441375732422,0.3,0.2,1e-05
28,12,0.07468177378177643,0.0038264549802988768,0.11768555641174316,0.17774824798107147,0.3,0.2,1e-05
28,13,0.08563161641359329,0.005847829394042492,0.1434217095375061,0.18378634750843048,0.3,0.2,1e-05
28,14,0.09058570861816406,0.002610080409795046,0.1372309923171997,0.23403164744377136,0.3,0.2,1e-05
28,15,0.20906966924667358,0.01112410333007574,0.34045159816741943,0.4790503978729248,0.3,0.2,1e-05
28,16,0.05811294913291931,0.002182142809033394,0.03585004806518555,0.22587895393371582,0.3,0.2,1e-05
28,17,0.10241875797510147,0.004339885897934437,0.1794021725654602,0.22129109501838684,0.3,0.2,1e-05
28,18,0.1049896776676178,0.00619406346231699,0.13680952787399292,0.28876376152038574,0.3,0.2,1e-05
28,19,0.06351662427186966,0.010891404934227467,0.03852558135986328,0.20533771812915802,0.3,0.2,1e-05
28,20,0.08465569466352463,0.004364064894616604,0.22662889957427979,0.061514779925346375,0.3,0.2,1e-05
28,21,0.08331330865621567,0.004166899714618921,0.17799842357635498,0.12873439490795135,0.3,0.2,1e-05
28,22,0.16209056973457336,0.005772060249000788,0.2789403200149536,0.36318206787109375,0.3,0.2,1e-05
28,23,0.08629141002893448,0.005137029103934765,0.1940690279006958,0.1146683394908905,0.3,0.2,1e-05
28,24,0.08243605494499207,0.010305124334990978,0.10957175493240356,0.19629701972007751,0.3,0.2,1e-05
28,25,0.11608290672302246,0.011974608525633812,0.17893749475479126,0.2521352469921112,0.3,0.2,1e-05
28,26,0.09595039486885071,0.004463204648345709,0.14771711826324463,0.23586028814315796,0.3,0.2,1e-05
28,27,0.08988359570503235,0.0034937860909849405,0.14732486009597778,0.2109617441892624,0.3,0.2,1e-05
28,28,0.0874076634645462,0.012851987034082413,0.07863831520080566,0.25482091307640076,0.3,0.2,1e-05
28,29,0.09742102026939392,0.004469160456210375,0.15785914659500122,0.22797057032585144,0.3,0.2,1e-05
28,30,0.08236284554004669,0.01300742756575346,0.08429074287414551,0.22034099698066711,0.3,0.2,1e-05
28,31,0.05250803381204605,0.0012300466187298298,0.04085928201675415,0.19510100781917572,0.3,0.2,1e-05
28,32,0.08190443366765976,0.006985177285969257,0.05736124515533447,0.2885544002056122,0.3,0.2,1e-05
28,33,0.09321744740009308,0.0047203232534229755,0.11579018831253052,0.2688003182411194,0.3,0.2,1e-05
28,34,0.06417525559663773,0.006778512615710497,0.1386885643005371,0.07895085215568542,0.3,0.2,1e-05
28,35,0.16040337085723877,0.005558792967349291,0.21159833669662476,0.456825315952301,0.3,0.2,1e-05
28,36,0.07652631402015686,0.004492047242820263,0.15133696794509888,0.1331658810377121,0.3,0.2,1e-05
28,37,0.21438683569431305,0.008251658640801907,0.35753774642944336,0.494369238615036,0.3,0.2,1e-05
28,38,0.06543438881635666,0.0011707056546583772,0.03327399492263794,0.27140742540359497,0.3,0.2,1e-05
28,39,0.08402645587921143,0.011677137576043606,0.06412971019744873,0.26555201411247253,0.3,0.2,1e-05
28,40,0.08283933997154236,0.002835025079548359,0.2032211422920227,0.09518982470035553,0.3,0.2,1e-05
28,41,0.06709155440330505,0.0038271036464720964,0.0839090347290039,0.19045868515968323,0.3,0.2,1e-05
28,42,0.2747553288936615,0.02008032612502575,0.495628297328949,0.5299325585365295,0.3,0.2,1e-05
28,43,0.05179351195693016,0.004389521200209856,0.035908043384552,0.18315787613391876,0.3,0.2,1e-05
28,44,0.09390635788440704,0.004062869120389223,0.2150585651397705,0.12662959098815918,0.3,0.2,1e-05
28,45,0.07900094985961914,0.001916650915518403,0.1378578543663025,0.17863471806049347,0.3,0.2,1e-05
28,46,0.07269459962844849,0.008625507354736328,0.07163107395172119,0.21289882063865662,0.3,0.2,1e-05
28,47,0.2846883535385132,0.020942822098731995,0.5387998223304749,0.5105277895927429,0.3,0.2,1e-05
28,48,0.08561636507511139,0.003937729634344578,0.17907094955444336,0.1397867649793625,0.3,0.2,1e-05
28,49,0.05036332830786705,0.0031320773996412754,0.07338762283325195,0.12607482075691223,0.3,0.2,1e-05
28,50,0.05960000678896904,0.003519991645589471,0.0923125147819519,0.14193129539489746,0.3,0.2,1e-05
28,51,0.055811431258916855,0.010145812295377254,0.041840434074401855,0.16556742787361145,0.3,0.2,1e-05
28,52,0.047898922115564346,0.0015489570796489716,0.09814262390136719,0.0845358744263649,0.3,0.2,1e-05
28,53,0.07783184945583344,0.002561591099947691,0.1446070671081543,0.15944066643714905,0.3,0.2,1e-05
28,54,0.09656408429145813,0.005538417492061853,0.09539973735809326,0.3120287358760834,0.3,0.2,1e-05
28,55,0.05162639170885086,0.0027542603202164173,0.10332542657852173,0.08937250822782516,0.3,0.2,1e-05
28,56,0.04692891985177994,0.004563899245113134,0.05803197622299194,0.12477714568376541,0.3,0.2,1e-05
28,57,0.07431463897228241,0.0015774701023474336,0.03396123647689819,0.3127439618110657,0.3,0.2,1e-05
28,58,0.06621505320072174,0.0035364299546927214,0.09927046298980713,0.16448742151260376,0.3,0.2,1e-05
28,59,0.05881498008966446,0.004743027035146952,0.11444604396820068,0.0986906886100769,0.3,0.2,1e-05
28,60,0.09134100377559662,0.011453571729362011,0.10593211650848389,0.24053899943828583,0.3,0.2,1e-05
28,61,0.07242134213447571,0.004421728663146496,0.10150390863418579,0.187742218375206,0.3,0.2,1e-05
28,62,0.13438740372657776,0.006726479157805443,0.20129305124282837,0.33636507391929626,0.3,0.2,1e-05
28,63,0.04610846936702728,0.00641208840534091,0.03416621685028076,0.14723257720470428,0.3,0.2,1e-05
28,64,0.05289498716592789,0.004842083435505629,0.030271828174591064,0.19485677778720856,0.3,0.2,1e-05
28,65,0.28947097063064575,0.019723612815141678,0.5770586729049683,0.4831487834453583,0.3,0.2,1e-05
28,66,0.050392188131809235,0.00866365060210228,0.03680223226547241,0.15343932807445526,0.3,0.2,1e-05
28,67,0.14046145975589752,0.004673493094742298,0.16530686616897583,0.43097954988479614,0.3,0.2,1e-05
28,68,0.15609967708587646,0.01133574265986681,0.28198689222335815,0.30083927512168884,0.3,0.2,1e-05
28,69,0.06782912462949753,0.003317490452900529,0.11363178491592407,0.1521105021238327,0.3,0.2,1e-05
28,70,0.08406075835227966,0.008277921937406063,0.0764036774635315,0.2643086612224579,0.3,0.2,1e-05
28,71,0.051782187074422836,0.00877473596483469,0.0334896445274353,0.16480277478694916,0.3,0.2,1e-05
28,72,0.22499287128448486,0.01393360085785389,0.39122623205184937,0.4684569537639618,0.3,0.2,1e-05
28,73,0.07774418592453003,0.0055145383812487125,0.06872910261154175,0.25805455446243286,0.3,0.2,1e-05
28,74,0.042382411658763885,0.0032426167745143175,0.04197341203689575,0.13273885846138,0.3,0.2,1e-05
28,75,0.04890577495098114,0.0015414775116369128,0.03928399085998535,0.17789550125598907,0.3,0.2,1e-05
28,76,0.18594948947429657,0.010416930541396141,0.35298073291778564,0.34819164872169495,0.3,0.2,1e-05
28,77,0.18660351634025574,0.011813677847385406,0.29144442081451416,0.436782568693161,0.3,0.2,1e-05
28,78,0.2732156217098236,0.027233099564909935,0.517521858215332,0.4536297917366028,0.3,0.2,1e-05
28,79,0.05947774276137352,0.009880008175969124,0.042944252490997314,0.18357227742671967,0.3,0.2,1e-05
28,80,0.07939641922712326,0.003526634769514203,0.14123320579528809,0.1674991101026535,0.3,0.2,1e-05
28,81,0.0725424587726593,0.009964073076844215,0.0896385908126831,0.17843402922153473,0.3,0.2,1e-05
28,82,0.09345058351755142,0.006345935631543398,0.1339460015296936,0.23460423946380615,0.3,0.2,1e-05
28,83,0.06476029753684998,0.0014992733485996723,0.09569644927978516,0.17276044189929962,0.3,0.2,1e-05
28,84,0.058226726949214935,0.002849327865988016,0.11098653078079224,0.11040720343589783,0.3,0.2,1e-05
28,85,0.048350270837545395,0.0064766379073262215,0.03164297342300415,0.16190369427204132,0.3,0.2,1e-05
28,86,0.1097065806388855,0.010063552297651768,0.14311832189559937,0.2835376262664795,0.3,0.2,1e-05
28,87,0.11562509834766388,0.0031665584538131952,0.1096353530883789,0.39783966541290283,0.3,0.2,1e-05
28,88,0.07022132724523544,0.02087637037038803,0.04609555006027222,0.17758145928382874,0.3,0.2,1e-05
28,89,0.054469116032123566,0.003324948251247406,0.0496143102645874,0.1812993735074997,0.3,0.2,1e-05
28,90,0.07539581507444382,0.0024683093652129173,0.17230039834976196,0.10618693381547928,0.3,0.2,1e-05
28,91,0.18566493690013885,0.010626977309584618,0.29561132192611694,0.43177279829978943,0.3,0.2,1e-05
28,92,0.0616803914308548,0.010756759904325008,0.06830704212188721,0.15215758979320526,0.3,0.2,1e-05
28,93,0.05742159113287926,0.007742897141724825,0.13706213235855103,0.04280026629567146,0.3,0.2,1e-05
28,94,0.10155942291021347,0.006374198477715254,0.13802939653396606,0.26888200640678406,0.3,0.2,1e-05
28,95,0.07727581262588501,0.016066940501332283,0.0463297963142395,0.23654964566230774,0.3,0.2,1e-05
28,96,0.10434985905885696,0.007143331225961447,0.21911144256591797,0.15736545622348785,0.3,0.2,1e-05
28,97,0.0969054102897644,0.004026009235531092,0.07863068580627441,0.3464509844779968,0.3,0.2,1e-05
28,98,0.11116239428520203,0.011088594794273376,0.19564026594161987,0.20690855383872986,0.3,0.2,1e-05
29,0,0.03332044929265976,0.0032354702707380056,0.04196876287460327,0.08747174590826035,0.3,0.2,1e-05
29,1,0.15967118740081787,0.004606351722031832,0.21718847751617432,0.44954144954681396,0.3,0.2,1e-05
29,2,0.0916915163397789,0.004783384967595339,0.19344276189804077,0.1443764865398407,0.3,0.2,1e-05
29,3,0.1396809071302414,0.011334706097841263,0.2817857265472412,0.21905244886875153,0.3,0.2,1e-05
29,4,0.0927303284406662,0.004030391573905945,0.2147526741027832,0.12137066572904587,0.3,0.2,1e-05
29,5,0.06400351226329803,0.003793551353737712,0.08383160829544067,0.17530237138271332,0.3,0.2,1e-05
29,6,0.07227856665849686,0.00697337044402957,0.0573502779006958,0.2405005544424057,0.3,0.2,1e-05
29,7,0.08574040979146957,0.0025797442067414522,0.13627338409423828,0.21139323711395264,0.3,0.2,1e-05
29,8,0.09137236326932907,0.012874932028353214,0.07858306169509888,0.27461254596710205,0.3,0.2,1e-05
29,9,0.0828251838684082,0.0024499697610735893,0.1466808319091797,0.18185479938983917,0.3,0.2,1e-05
29,10,0.05716761201620102,0.0034793512895703316,0.09918767213821411,0.11965978890657425,0.3,0.2,1e-05
29,11,0.10094588994979858,0.006357755046337843,0.13392287492752075,0.27205634117126465,0.3,0.2,1e-05
29,12,0.08925332874059677,0.003530430141836405,0.14735430479049683,0.20758302509784698,0.3,0.2,1e-05
29,13,0.05386833846569061,0.008670834824442863,0.03677558898925781,0.17082412540912628,0.3,0.2,1e-05
29,14,0.07417401671409607,0.005565401632338762,0.09534454345703125,0.200026273727417,0.3,0.2,1e-05
29,15,0.0832928866147995,0.010691985487937927,0.06825810670852661,0.26061734557151794,0.3,0.2,1e-05
29,16,0.05198180302977562,0.006481832824647427,0.03165322542190552,0.1800200194120407,0.3,0.2,1e-05
29,17,0.09401965886354446,0.006161777302622795,0.13639986515045166,0.2346895933151245,0.3,0.2,1e-05
29,18,0.0957922637462616,0.004389393609017134,0.17974412441253662,0.18739818036556244,0.3,0.2,1e-05
29,19,0.0736750140786171,0.010339111089706421,0.10953748226165771,0.1523732841014862,0.3,0.2,1e-05
29,20,0.07701675593852997,0.009798739105463028,0.04280275106430054,0.2718859314918518,0.3,0.2,1e-05
29,21,0.059987872838974,0.007723628543317318,0.1369175910949707,0.05594483017921448,0.3,0.2,1e-05
29,22,0.10112634301185608,0.011371348053216934,0.10565483570098877,0.2902926802635193,0.3,0.2,1e-05
29,23,0.08255299925804138,0.004012713208794594,0.07851529121398926,0.274928480386734,0.3,0.2,1e-05
29,24,0.26539599895477295,0.030363108962774277,0.5349905490875244,0.3726785480976105,0.3,0.2,1e-05
29,25,0.04875354468822479,0.004579031374305487,0.057970523834228516,0.13391676545143127,0.3,0.2,1e-05
29,26,0.0665493831038475,0.016017723828554153,0.04627716541290283,0.1832425445318222,0.3,0.2,1e-05
29,27,0.047506578266620636,0.0015469248173758388,0.09805738925933838,0.08271218091249466,0.3,0.2,1e-05
29,28,0.08988308906555176,0.00440826965495944,0.1476563811302185,0.2058895081281662,0.3,0.2,1e-05
29,29,0.19615715742111206,0.009804920293390751,0.2810891270637512,0.5101274251937866,0.3,0.2,1e-05
29,30,0.19567540287971497,0.0075414059683680534,0.34271764755249023,0.426593542098999,0.3,0.2,1e-05
29,31,0.08466912060976028,0.004232731647789478,0.14793181419372559,0.18028421700000763,0.3,0.2,1e-05
29,32,0.07687331736087799,0.008283545263111591,0.07635635137557983,0.22841431200504303,0.3,0.2,1e-05
29,33,0.27571621537208557,0.023126645013689995,0.5435847043991089,0.44757071137428284,0.3,0.2,1e-05
29,34,0.08363828808069229,0.004305573645979166,0.21888673305511475,0.06833348423242569,0.3,0.2,1e-05
29,35,0.07082034647464752,0.00921451486647129,0.09826081991195679,0.16063794493675232,0.3,0.2,1e-05
29,36,0.04893612861633301,0.006408276502043009,0.03412461280822754,0.16145233809947968,0.3,0.2,1e-05
29,37,0.06891157478094101,0.00674395402893424,0.13842767477035522,0.10319659858942032,0.3,0.2,1e-05
29,38,0.09562672674655914,0.008957639336585999,0.12903666496276855,0.2397904247045517,0.3,0.2,1e-05
29,39,0.09300423413515091,0.013012650422751904,0.0843508243560791,0.273431658744812,0.3,0.2,1e-05
29,40,0.19663505256175995,0.006929286755621433,0.34944993257522583,0.4243539273738861,0.3,0.2,1e-05
29,41,0.06051138415932655,0.0046781981363892555,0.11424100399017334,0.10780442506074905,0.3,0.2,1e-05
29,42,0.08573843538761139,0.0019331818912178278,0.1380857229232788,0.21189767122268677,0.3,0.2,1e-05
29,43,0.10499141365289688,0.004809988662600517,0.15945756435394287,0.2617207467556,0.3,0.2,1e-05
29,44,0.057130467146635056,0.004832181613892317,0.030188262462615967,0.2162090241909027,0.3,0.2,1e-05
29,45,0.26471129059791565,0.01845443621277809,0.4757522940635681,0.5176557898521423,0.3,0.2,1e-05
29,46,0.04846667870879173,0.003277891082689166,0.07361763715744019,0.11551748216152191,0.3,0.2,1e-05
29,47,0.05281391367316246,0.002173978602513671,0.03577852249145508,0.19953188300132751,0.3,0.2,1e-05
29,48,0.05521251633763313,0.003294921712949872,0.02880960702896118,0.21637356281280518,0.3,0.2,1e-05
29,49,0.07347887009382248,0.005517949350178242,0.06865215301513672,0.2368263602256775,0.3,0.2,1e-05
29,50,0.05055098980665207,0.003534414805471897,0.09233075380325317,0.09658674150705338,0.3,0.2,1e-05
29,51,0.06243134289979935,0.010865278542041779,0.038453102111816406,0.20015065371990204,0.3,0.2,1e-05
29,52,0.06002829968929291,0.002247580559924245,0.11766588687896729,0.11240477114915848,0.3,0.2,1e-05
29,53,0.06812527775764465,0.020827703177928925,0.04606139659881592,0.16739574074745178,0.3,0.2,1e-05
29,54,0.09102287888526917,0.011982256546616554,0.07506000995635986,0.282613068819046,0.3,0.2,1e-05
29,55,0.060083284974098206,0.0030281657818704844,0.07341820001602173,0.17514827847480774,0.3,0.2,1e-05
29,56,0.05121069401502609,0.0033072070218622684,0.049601852893829346,0.1651146411895752,0.3,0.2,1e-05
29,57,0.07661660760641098,0.01164576318114996,0.06394141912460327,0.22894209623336792,0.3,0.2,1e-05
29,58,0.08212851732969284,0.0035123866982758045,0.1410399079322815,0.18152078986167908,0.3,0.2,1e-05
29,59,0.056005142629146576,0.007874635979533195,0.03740280866622925,0.1845483034849167,0.3,0.2,1e-05
29,60,0.07598854601383209,0.008625086396932602,0.07153201103210449,0.22951926290988922,0.3,0.2,1e-05
29,61,0.08875718712806702,0.010134397074580193,0.04177975654602051,0.3304443061351776,0.3,0.2,1e-05
29,62,0.09023348987102509,0.005901581607758999,0.14370357990264893,0.20610415935516357,0.3,0.2,1e-05
29,63,0.18237105011940002,0.010613569058477879,0.3001410961151123,0.40857571363449097,0.3,0.2,1e-05
29,64,0.10213726758956909,0.003359687514603138,0.12013059854507446,0.31369200348854065,0.3,0.2,1e-05
29,65,0.20288828015327454,0.013375382870435715,0.3576001524925232,0.41116422414779663,0.3,0.2,1e-05
29,66,0.25530868768692017,0.017970580607652664,0.4706770181655884,0.48067495226860046,0.3,0.2,1e-05
29,67,0.08579479157924652,0.0038151671178638935,0.17476391792297363,0.14775225520133972,0.3,0.2,1e-05
29,68,0.08322405815124512,0.002824460156261921,0.2030823826789856,0.09737438708543777,0.3,0.2,1e-05
29,69,0.05888834223151207,0.002754386980086565,0.08608627319335938,0.1515403687953949,0.3,0.2,1e-05
29,70,0.17529550194740295,0.002728736726567149,0.16349047422409058,0.6175981163978577,0.3,0.2,1e-05
29,71,0.07989798486232758,0.004436413291841745,0.10151702165603638,0.22503231465816498,0.3,0.2,1e-05
29,72,0.04073426499962807,0.0033016137313097715,0.044111788272857666,0.12099557369947433,0.3,0.2,1e-05
29,73,0.06028440594673157,0.0015019484562799335,0.09569978713989258,0.15036261081695557,0.3,0.2,1e-05
29,74,0.16103817522525787,0.005807515233755112,0.27858996391296387,0.3582683205604553,0.3,0.2,1e-05
29,75,0.052130602300167084,0.001313236658461392,0.04220855236053467,0.19077399373054504,0.3,0.2,1e-05
29,76,0.054250121116638184,0.0027627127710729837,0.10328608751296997,0.10250789672136307,0.3,0.2,1e-05
29,77,0.06880204379558563,0.003816586919128895,0.1174045205116272,0.14882048964500427,0.3,0.2,1e-05
29,78,0.07435360550880432,0.009952763095498085,0.08953571319580078,0.18770064413547516,0.3,0.2,1e-05
29,79,0.21374747157096863,0.0095553919672966,0.3302503228187561,0.525584876537323,0.3,0.2,1e-05
29,80,0.10596496611833572,0.010080560110509396,0.1431419849395752,0.2647090256214142,0.3,0.2,1e-05
29,81,0.1473681777715683,0.005096120294183493,0.1600581407546997,0.4712730646133423,0.3,0.2,1e-05
29,82,0.12005598843097687,0.011087681166827679,0.19567638635635376,0.25132694840431213,0.3,0.2,1e-05
29,83,0.06024731695652008,0.0028352136723697186,0.11084938049316406,0.12078642100095749,0.3,0.2,1e-05
29,84,0.14235836267471313,0.006464517209678888,0.19696098566055298,0.38402777910232544,0.3,0.2,1e-05
29,85,0.11402517557144165,0.011967476457357407,0.17876744270324707,0.24213729798793793,0.3,0.2,1e-05
29,86,0.05999411270022392,0.011760611087083817,0.0438118577003479,0.17544971406459808,0.3,0.2,1e-05
29,87,0.050729140639305115,0.008753676898777485,0.03339105844497681,0.15979070961475372,0.3,0.2,1e-05
29,88,0.04855187609791756,0.004410272929817438,0.03592127561569214,0.16682609915733337,0.3,0.2,1e-05
29,89,0.0431751012802124,0.0014532417990267277,0.041046082973480225,0.14704017341136932,0.3,0.2,1e-05
29,90,0.09780193120241165,0.007285103667527437,0.2180512547492981,0.12550722062587738,0.3,0.2,1e-05
29,91,0.10231661796569824,0.006311632227152586,0.13786065578460693,0.27323392033576965,0.3,0.2,1e-05
29,92,0.0574270561337471,0.003309410298243165,0.11350971460342407,0.10032366216182709,0.3,0.2,1e-05
29,93,0.06404361873865128,0.0014700229512527585,0.031975746154785156,0.26490435004234314,0.3,0.2,1e-05
29,94,0.09309762716293335,0.004716325551271439,0.11578840017318726,0.2682238817214966,0.3,0.2,1e-05
29,95,0.08044806122779846,0.004132328554987907,0.1778947114944458,0.11473660916090012,0.3,0.2,1e-05
29,96,0.07821795344352722,0.002514375140890479,0.17331600189208984,0.11854387074708939,0.3,0.2,1e-05
29,97,0.05667247250676155,0.0013194537023082376,0.034350574016571045,0.22523923218250275,0.3,0.2,1e-05
29,98,0.05354713648557663,0.002165221143513918,0.04723000526428223,0.18606455624103546,0.3,0.2,1e-05
30,0,0.05362990126013756,0.003000362776219845,0.0731392502784729,0.14343881607055664,0.3,0.2,1.0000000000000002e-06
30,1,0.09040892124176025,0.010210794396698475,0.10909914970397949,0.23734192550182343,0.3,0.2,1.0000000000000002e-06
30,2,0.04734878987073898,0.006400618236511946,0.0340614914894104,0.15364862978458405,0.3,0.2,1.0000000000000002e-06
30,3,0.07578182220458984,0.005499969702214003,0.06870335340499878,0.24835419654846191,0.3,0.2,1.0000000000000002e-06
30,4,0.0801563635468483,0.004131763707846403,0.177875816822052,0.11330927908420563,0.3,0.2,1.0000000000000002e-06
30,5,0.08730355650186539,0.020784083753824234,0.04600059986114502,0.26359644532203674,0.3,0.2,1.0000000000000002e-06
30,6,0.06646259129047394,0.0034774031955748796,0.09915816783905029,0.16618867218494415,0.3,0.2,1.0000000000000002e-06
30,7,0.08888618648052216,0.00581266637891531,0.14312255382537842,0.20068377256393433,0.3,0.2,1.0000000000000002e-06
30,8,0.03571520000696182,0.0032395131420344114,0.0419345498085022,0.09947659820318222,0.3,0.2,1.0000000000000002e-06
30,9,0.09059186279773712,0.004052142612636089,0.2148348093032837,0.11044637858867645,0.3,0.2,1.0000000000000002e-06
30,10,0.1475672423839569,0.005790372844785452,0.2781030535697937,0.29172974824905396,0.3,0.2,1.0000000000000002e-06
30,11,0.05889745056629181,0.008714125491678715,0.03333693742752075,0.20091120898723602,0.3,0.2,1.0000000000000002e-06
30,12,0.1042373850941658,0.01004084199666977,0.1430518627166748,0.25640490651130676,0.3,0.2,1.0000000000000002e-06
30,13,0.08681780844926834,0.011535688303411007,0.06360316276550293,0.281005859375,0.3,0.2,1.0000000000000002e-06
30,14,0.044188275933265686,0.0032897270284593105,0.07345938682556152,0.09430364519357681,0.3,0.2,1.0000000000000002e-06
30,15,0.12919218838214874,0.00486502330750227,0.14751648902893066,0.4003610610961914,0.3,0.2,1.0000000000000002e-06
30,16,0.1566045880317688,0.005820837337523699,0.20402592420578003,0.4478797912597656,0.3,0.2,1.0000000000000002e-06
30,17,0.08132995665073395,0.0024227171670645475,0.14499634504318237,0.177041694521904,0.3,0.2,1.0000000000000002e-06
30,18,0.26815614104270935,0.03196999058127403,0.5489168763160706,0.3575553596019745,0.3,0.2,1.0000000000000002e-06
30,19,0.05119858682155609,0.004517914727330208,0.05783486366271973,0.14665107429027557,0.3,0.2,1.0000000000000002e-06
30,20,0.06465880572795868,0.006771333049982786,0.13847917318344116,0.08171860873699188,0.3,0.2,1.0000000000000002e-06
30,21,0.06252248585224152,0.0022367362398654222,0.11727267503738403,0.12551972270011902,0.3,0.2,1.0000000000000002e-06
30,22,0.27125880122184753,0.018385378643870354,0.5460681915283203,0.4452648460865021,0.3,0.2,1.0000000000000002e-06
30,23,0.09193786978721619,0.004418862517923117,0.14753210544586182,0.21629689633846283,0.3,0.2,1.0000000000000002e-06
30,24,0.06758613884449005,0.0015320174861699343,0.03286463022232056,0.2809736430644989,0.3,0.2,1.0000000000000002e-06
30,25,0.08173678815364838,0.0025890136603266,0.1367248296737671,0.19065164029598236,0.3,0.2,1.0000000000000002e-06
30,26,0.05113452672958374,0.00864899531006813,0.03666132688522339,0.15743565559387207,0.3,0.2,1.0000000000000002e-06
30,27,0.056659188121557236,0.0011463990667834878,0.033859431743621826,0.22677479684352875,0.3,0.2,1.0000000000000002e-06
30,28,0.18838781118392944,0.00998916570097208,0.3389298915863037,0.38359832763671875,0.3,0.2,1.0000000000000002e-06
30,29,0.048373542726039886,0.011720109730958939,0.04371941089630127,0.11768805235624313,0.3,0.2,1.0000000000000002e-06
30,30,0.07918601483106613,0.00862877070903778,0.07151210308074951,0.2455180585384369,0.3,0.2,1.0000000000000002e-06
30,31,0.23403415083885193,0.016005877405405045,0.4171198010444641,0.46446171402931213,0.3,0.2,1.0000000000000002e-06
30,32,0.1903846561908722,0.010736962780356407,0.2924014925956726,0.4596361815929413,0.3,0.2,1.0000000000000002e-06
30,33,0.0582585446536541,0.0021869384218007326,0.03581732511520386,0.2266320288181305,0.3,0.2,1.0000000000000002e-06
30,34,0.08097101747989655,0.008218043483793736,0.07620060443878174,0.24946394562721252,0.3,0.2,1.0000000000000002e-06
30,35,0.04227316007018089,0.003266575513407588,0.028699815273284912,0.15198318660259247,0.3,0.2,1.0000000000000002e-06
30,36,0.052891042083501816,0.0015654173912480474,0.0424119234085083,0.19301022589206696,0.3,0.2,1.0000000000000002e-06
30,37,0.1604173183441162,0.0035170605406165123,0.19213610887527466,0.49629709124565125,0.3,0.2,1.0000000000000002e-06
30,38,0.05603368207812309,0.004679345525801182,0.11428147554397583,0.08534947037696838,0.3,0.2,1.0000000000000002e-06
30,39,0.047273386269807816,0.006425702944397926,0.03155726194381714,0.1569025218486786,0.3,0.2,1.0000000000000002e-06
30,40,0.09101411700248718,0.0019056419841945171,0.1375868320465088,0.2391621321439743,0.3,0.2,1.0000000000000002e-06
30,41,0.10299258679151535,0.006301858462393284,0.13775920867919922,0.2768148183822632,0.3,0.2,1.0000000000000002e-06
30,42,0.26954567432403564,0.022896166890859604,0.5510157346725464,0.4067239761352539,0.3,0.2,1.0000000000000002e-06
30,43,0.09546805918216705,0.011422550305724144,0.10580873489379883,0.26151445508003235,0.3,0.2,1.0000000000000002e-06
30,44,0.11343567073345184,0.004849049728363752,0.15774661302566528,0.306313157081604,0.3,0.2,1.0000000000000002e-06
30,45,0.09835752844810486,0.008987856097519398,0.12904351949691772,0.2532830536365509,0.3,0.2,1.0000000000000002e-06
30,46,0.049244679510593414,0.0015413439832627773,0.09802907705307007,0.0914730429649353,0.3,0.2,1.0000000000000002e-06
30,47,0.13021470606327057,0.0033467046450823545,0.12055724859237671,0.45350411534309387,0.3,0.2,1.0000000000000002e-06
30,48,0.16710880398750305,0.005381729453802109,0.23060894012451172,0.46272194385528564,0.3,0.2,1.0000000000000002e-06
30,49,0.06286906450986862,0.009818539954721928,0.04259699583053589,0.2013571411371231,0.3,0.2,1.0000000000000002e-06
30,50,0.05630809813737869,0.007837255485355854,0.037301599979400635,0.18640181422233582,0.3,0.2,1.0000000000000002e-06
30,51,0.06948942691087723,0.0038095524068921804,0.11729317903518677,0.15245959162712097,0.3,0.2,1.0000000000000002e-06
30,52,0.0907476469874382,0.012812970206141472,0.07827317714691162,0.27226361632347107,0.3,0.2,1.0000000000000002e-06
30,53,0.09477635473012924,0.006311699748039246,0.1337938904762268,0.24163241684436798,0.3,0.2,1.0000000000000002e-06
30,54,0.08835707604885101,0.003485821420326829,0.14706361293792725,0.20376081764698029,0.3,0.2,1.0000000000000002e-06
30,55,0.2100156843662262,0.01097846869379282,0.3430776596069336,0.4805695712566376,0.3,0.2,1.0000000000000002e-06
30,56,0.06060772389173508,0.0038180015981197357,0.08372688293457031,0.15835826098918915,0.3,0.2,1.0000000000000002e-06
30,57,0.05605190247297287,0.001497242134064436,0.09567981958389282,0.1292535662651062,0.3,0.2,1.0000000000000002e-06
30,58,0.0341765433549881,0.003298879135400057,0.044104158878326416,0.08823207020759583,0.3,0.2,1.0000000000000002e-06
30,59,0.08656597137451172,0.005502092186361551,0.09518939256668091,0.26253530383110046,0.3,0.2,1.0000000000000002e-06
30,60,0.2500166893005371,0.01733836904168129,0.4508392810821533,0.48713257908821106,0.3,0.2,1.0000000000000002e-06
30,61,0.088591568171978,0.004013859201222658,0.07854312658309937,0.3050738573074341,0.3,0.2,1.0000000000000002e-06
30,62,0.1015474796295166,0.011891299858689308,0.0746464729309082,0.3363111913204193,0.3,0.2,1.0000000000000002e-06
30,63,0.0410563088953495,0.0048240777105093,0.030224263668060303,0.1358247548341751,0.3,0.2,1.0000000000000002e-06
30,64,0.07973068952560425,0.004042418673634529,0.1493796706199646,0.15437184274196625,0.3,0.2,1.0000000000000002e-06
30,65,0.08484936505556107,0.004901481792330742,0.1948375701904297,0.10748303681612015,0.3,0.2,1.0000000000000002e-06
30,66,0.05351374298334122,0.002165179932489991,0.04721134901046753,0.18592579662799835,0.3,0.2,1.0000000000000002e-06
30,67,0.07370689511299133,0.015980789437890053,0.04599958658218384,0.2196311503648758,0.3,0.2,1.0000000000000002e-06
30,68,0.059089161455631256,0.002753268228843808,0.08606171607971191,0.15258687734603882,0.3,0.2,1.0000000000000002e-06
30,69,0.13594935834407806,0.01134433038532734,0.2815873622894287,0.2006441205739975,0.3,0.2,1.0000000000000002e-06
30,70,0.0481574572622776,0.0034861452877521515,0.09205639362335205,0.08527195453643799,0.3,0.2,1.0000000000000002e-06
30,71,0.06790220737457275,0.00701978150755167,0.05732494592666626,0.2184247225522995,0.3,0.2,1.0000000000000002e-06
30,72,0.05400601029396057,0.0027554756961762905,0.10323739051818848,0.1013965830206871,0.3,0.2,1.0000000000000002e-06
30,73,0.10369032621383667,0.0072804647497832775,0.2199997901916504,0.15204961597919464,0.3,0.2,1.0000000000000002e-06
30,74,0.0638134777545929,0.0033091064542531967,0.11346763372421265,0.13232041895389557,0.3,0.2,1.0000000000000002e-06
30,75,0.04410851001739502,0.004411786794662476,0.03590738773345947,0.14462251961231232,0.3,0.2,1.0000000000000002e-06
30,76,0.05155198276042938,0.003328765742480755,0.049613237380981445,0.1666962206363678,0.3,0.2,1.0000000000000002e-06
30,77,0.07422293722629547,0.010099620558321476,0.041644513607025146,0.25814980268478394,0.3,0.2,1.0000000000000002e-06
30,78,0.07691094279289246,0.010778015479445457,0.06822431087493896,0.2283281534910202,0.3,0.2,1.0000000000000002e-06
30,79,0.07030048966407776,0.0044261678121984005,0.10148686170578003,0.17714132368564606,0.3,0.2,1.0000000000000002e-06
30,80,0.2020851969718933,0.007324201054871082,0.37207263708114624,0.41569599509239197,0.3,0.2,1.0000000000000002e-06
30,81,0.07750149071216583,0.00927822757512331,0.0984642505645752,0.193419948220253,0.3,0.2,1.0000000000000002e-06
30,82,0.12265273928642273,0.01195070706307888,0.17862099409103394,0.2855786383152008,0.3,0.2,1.0000000000000002e-06
30,83,0.09470507502555847,0.004316258244216442,0.17895817756652832,0.1835068166255951,0.3,0.2,1.0000000000000002e-06
30,84,0.08322175592184067,0.0028224822599440813,0.2029004693031311,0.09764563292264938,0.3,0.2,1.0000000000000002e-06
30,85,0.10520382225513458,0.013033648952841759,0.08414489030838013,0.3346334993839264,0.3,0.2,1.0000000000000002e-06
30,86,0.08872999250888824,0.003969356417655945,0.17498600482940674,0.1613241583108902,0.3,0.2,1.0000000000000002e-06
30,87,0.06369718909263611,0.007754873484373093,0.1370428204536438,0.07414732873439789,0.3,0.2,1.0000000000000002e-06
30,88,0.08091052621603012,0.0024577120784670115,0.17139285802841187,0.13517476618289948,0.3,0.2,1.0000000000000002e-06
30,89,0.0958423763513565,0.006160201039165258,0.13651639223098755,0.24363631010055542,0.3,0.2,1.0000000000000002e-06
30,90,0.0757024735212326,0.00992811843752861,0.08946508169174194,0.19467411935329437,0.3,0.2,1.0000000000000002e-06
30,91,0.17446467280387878,0.011094704270362854,0.2952408790588379,0.3739885687828064,0.3,0.2,1.0000000000000002e-06
30,92,0.0851319208741188,0.004451485350728035,0.2178506851196289,0.07662614434957504,0.3,0.2,1.0000000000000002e-06
30,93,0.04170318692922592,0.0012230947613716125,0.042097389698028564,0.1392543762922287,0.3,0.2,1.0000000000000002e-06
30,94,0.05830962210893631,0.002830622950568795,0.11080348491668701,0.11118974536657333,0.3,0.2,1.0000000000000002e-06
30,95,0.11679839342832565,0.011064020916819572,0.19556540250778198,0.23532375693321228,0.3,0.2,1.0000000000000002e-06
30,96,0.0653614029288292,0.01084713265299797,0.0383906364440918,0.21498538553714752,0.3,0.2,1.0000000000000002e-06
30,97,0.07861849665641785,0.0035161336418241262,0.14110314846038818,0.16385705769062042,0.3,0.2,1.0000000000000002e-06
30,98,0.09093162417411804,0.00471053272485733,0.11573201417922974,0.25750741362571716,0.3,0.2,1.0000000000000002e-06
31,0,0.041073575615882874,0.003266457701101899,0.028698444366455078,0.14598792791366577,0.3,0.2,1.0000000000000002e-06
31,1,0.12863768637180328,0.004011846147477627,0.07852143049240112,0.5053470730781555,0.3,0.2,1.0000000000000002e-06
31,2,0.0830325186252594,0.004464044235646725,0.22407686710357666,0.05672704055905342,0.3,0.2,1.0000000000000002e-06
31,3,0.2754814624786377,0.018899837508797646,0.52385413646698,0.49712681770324707,0.3,0.2,1.0000000000000002e-06
31,4,0.08423185348510742,0.002822320442646742,0.2028912901878357,0.10271072387695312,0.3,0.2,1.0000000000000002e-06
31,5,0.04151524603366852,0.001202448271214962,0.04221433401107788,0.13824248313903809,0.3,0.2,1.0000000000000002e-06
31,6,0.07342763245105743,0.009268947876989841,0.09841245412826538,0.17317473888397217,0.3,0.2,1.0000000000000002e-06
31,7,0.03476686030626297,0.006425049621611834,0.031555235385894775,0.09437618404626846,0.3,0.2,1.0000000000000002e-06
31,8,0.06500802934169769,0.010098638013005257,0.04164475202560425,0.21207983791828156,0.3,0.2,1.0000000000000002e-06
31,9,0.0981665849685669,0.00405159592628479,0.21479463577270508,0.14838296175003052,0.3,0.2,1.0000000000000002e-06
31,10,0.14153534173965454,0.011344942264258862,0.28155678510665894,0.22861677408218384,0.3,0.2,1.0000000000000002e-06
31,11,0.25999915599823,0.021426517516374588,0.550187885761261,0.36758139729499817,0.3,0.2,1.0000000000000002e-06
31,12,0.03930074721574783,0.0032962707336992025,0.044103145599365234,0.11386767029762268,0.3,0.2,1.0000000000000002e-06
31,13,0.15246155858039856,0.003059208858758211,0.1788073182106018,0.47880080342292786,0.3,0.2,1.0000000000000002e-06
31,14,0.21962779760360718,0.010346906259655952,0.3438873291015625,0.5305734276771545,0.3,0.2,1.0000000000000002e-06
31,15,0.14548341929912567,0.005188428796827793,0.16671204566955566,0.451406866312027,0.3,0.2,1.0000000000000002e-06
31,16,0.25447869300842285,0.016441980376839638,0.5047029852867126,0.43312907218933105,0.3,0.2,1.0000000000000002e-06
31,17,0.10231398046016693,0.007215258199721575,0.21908575296401978,0.14686495065689087,0.3,0.2,1.0000000000000002e-06
31,18,0.07223954796791077,0.001904602162539959,0.137548565864563,0.14535188674926758,0.3,0.2,1.0000000000000002e-06
31,19,0.05617264658212662,0.007838902994990349,0.03729665279388428,0.18572372198104858,0.3,0.2,1.0000000000000002e-06
31,20,0.07588285207748413,0.010220219381153584,0.10909497737884521,0.16467072069644928,0.3,0.2,1.0000000000000002e-06
31,21,0.07144597172737122,0.02078748494386673,0.04599010944366455,0.1843072474002838,0.3,0.2,1.0000000000000002e-06
31,22,0.05689771845936775,0.001497236080467701,0.09567058086395264,0.13349653780460358,0.3,0.2,1.0000000000000002e-06
31,23,0.09919271618127823,0.008981319144368172,0.12903761863708496,0.257500559091568,0.3,0.2,1.0000000000000002e-06
31,24,0.09189479053020477,0.004320445936173201,0.17896562814712524,0.16942323744297028,0.3,0.2,1.0000000000000002e-06
31,25,0.08777554333209991,0.006312957499176264,0.13377368450164795,0.20665237307548523,0.3,0.2,1.0000000000000002e-06
31,26,0.08949947357177734,0.005815703887492418,0.14313888549804688,0.20371052622795105,0.3,0.2,1.0000000000000002e-06
31,27,0.0908174067735672,0.004709435161203146,0.11570972204208374,0.2569752633571625,0.3,0.2,1.0000000000000002e-06
31,28,0.060292333364486694,0.003813032293692231,0.08371138572692871,0.15682940185070038,0.3,0.2,1.0000000000000002e-06
31,29,0.2862410843372345,0.030564554035663605,0.5539757609367371,0.4474189579486847,0.3,0.2,1.0000000000000002e-06
31,30,0.20032331347465515,0.007243332453072071,0.3752586245536804,0.4025118947029114,0.3,0.2,1.0000000000000002e-06
31,31,0.05609789490699768,0.0046788607724010944,0.11426126956939697,0.0857032760977745,0.3,0.2,1.0000000000000002e-06
31,32,0.10731106996536255,0.01195453479886055,0.1786215901374817,0.20885026454925537,0.3,0.2,1.0000000000000002e-06
31,33,0.06292187422513962,0.007016160991042852,0.05731916427612305,0.19354982674121857,0.3,0.2,1.0000000000000002e-06
31,34,0.1473553627729416,0.005788725800812244,0.2780182957649231,0.2908056974411011,0.3,0.2,1.0000000000000002e-06
31,35,0.10434413701295853,0.006157463416457176,0.1364898681640625,0.28619855642318726,0.3,0.2,1.0000000000000002e-06
31,36,0.07910693436861038,0.010843707248568535,0.03838163614273071,0.283743679523468,0.3,0.2,1.0000000000000002e-06
31,37,0.05055315047502518,0.003323542419821024,0.04960989952087402,0.16173319518566132,0.3,0.2,1.0000000000000002e-06
31,38,0.052476219832897186,0.002165139652788639,0.04721575975418091,0.18073177337646484,0.3,0.2,1.0000000000000002e-06
31,39,0.054531510919332504,0.0033091208897531033,0.1134611964225769,0.08592014759778976,0.3,0.2,1.0000000000000002e-06
31,40,0.20161132514476776,0.010760566219687462,0.3125431537628174,0.4854390323162079,0.3,0.2,1.0000000000000002e-06
31,41,0.07205154001712799,0.001562603167258203,0.03258627653121948,0.30356526374816895,0.3,0.2,1.0000000000000002e-06
31,42,0.1071026474237442,0.006302388850599527,0.1377408504486084,0.29739001393318176,0.3,0.2,1.0000000000000002e-06
31,43,0.05752836912870407,0.00451630586758256,0.05780637264251709,0.1783507615327835,0.3,0.2,1.0000000000000002e-06
31,44,0.04797428846359253,0.0030544965993613005,0.07312041521072388,0.11491832882165909,0.3,0.2,1.0000000000000002e-06
31,45,0.07038787007331848,0.006771410349756479,0.13844037055969238,0.11042170226573944,0.3,0.2,1.0000000000000002e-06
31,46,0.06852052360773087,0.002233837964013219,0.11724019050598145,0.15557314455509186,0.3,0.2,1.0000000000000002e-06
31,47,0.08610278367996216,0.0034870037343353033,0.14704084396362305,0.19251765310764313,0.3,0.2,1.0000000000000002e-06
31,48,0.11347919702529907,0.011061819270253181,0.19554531574249268,0.218768909573555,0.3,0.2,1.0000000000000002e-06
31,49,0.059934016317129135,0.009811270982027054,0.042579710483551025,0.18674416840076447,0.3,0.2,1.0000000000000002e-06
31,50,0.05263665318489075,0.0012375051155686378,0.03363180160522461,0.2065480351448059,0.3,0.2,1.0000000000000002e-06
31,51,0.0804101973772049,0.009930387139320374,0.08947831392288208,0.2181815803050995,0.3,0.2,1.0000000000000002e-06
31,52,0.061156801879405975,0.002830987796187401,0.11079055070877075,0.125443235039711,0.3,0.2,1.0000000000000002e-06
31,53,0.21317347884178162,0.007993509992957115,0.35955584049224854,0.48656606674194336,0.3,0.2,1.0000000000000002e-06
31,54,0.06835561245679855,0.002752977656200528,0.08604437112808228,0.19894659519195557,0.3,0.2,1.0000000000000002e-06
31,55,0.07693570107221603,0.008220614865422249,0.0761728286743164,0.22931617498397827,0.3,0.2,1.0000000000000002e-06
31,56,0.08049042522907257,0.004471879452466965,0.15285050868988037,0.15081697702407837,0.3,0.2,1.0000000000000002e-06
31,57,0.05362367257475853,0.002182820113375783,0.0358162522315979,0.20347988605499268,0.3,0.2,1.0000000000000002e-06
31,58,0.0794626995921135,0.011542432010173798,0.06360864639282227,0.2441883534193039,0.3,0.2,1.0000000000000002e-06
31,59,0.08134534955024719,0.004131875932216644,0.17781990766525269,0.11933749169111252,0.3,0.2,1.0000000000000002e-06
31,60,0.06517288833856583,0.004423550795763731,0.10147279500961304,0.15153749287128448,0.3,0.2,1.0000000000000002e-06
31,61,0.08871331810951233,0.01281459629535675,0.07826530933380127,0.2620956301689148,0.3,0.2,1.0000000000000002e-06
31,62,0.06444882601499557,0.007752873469144106,0.13701754808425903,0.07795342057943344,0.3,0.2,1.0000000000000002e-06
31,63,0.07426972687244415,0.0023196593392640352,0.1700986623764038,0.10460232943296432,0.3,0.2,1.0000000000000002e-06
31,64,0.08700142055749893,0.0046154167503118515,0.1902865767478943,0.12650012969970703,0.3,0.2,1.0000000000000002e-06
31,65,0.07355917245149612,0.005501169711351395,0.06869333982467651,0.23725001513957977,0.3,0.2,1.0000000000000002e-06
31,66,0.07531905174255371,0.00242648646235466,0.13745391368865967,0.15828192234039307,0.3,0.2,1.0000000000000002e-06
31,67,0.08212698996067047,0.0035167550668120384,0.14107322692871094,0.1814413219690323,0.3,0.2,1.0000000000000002e-06
31,68,0.06666523963212967,0.003479564329609275,0.09912002086639404,0.16724833846092224,0.3,0.2,1.0000000000000002e-06
31,69,0.08331151306629181,0.0036726451944559813,0.17894816398620605,0.1297720968723297,0.3,0.2,1.0000000000000002e-06
31,70,0.055274538695812225,0.006399122066795826,0.034050941467285156,0.19330067932605743,0.3,0.2,1.0000000000000002e-06
31,71,0.0799541100859642,0.011887198314070702,0.07464325428009033,0.22836968302726746,0.3,0.2,1.0000000000000002e-06
31,72,0.07303126156330109,0.002587471157312393,0.13668763637542725,0.1471874713897705,0.3,0.2,1.0000000000000002e-06
31,73,0.05974792689085007,0.00864662416279316,0.036651611328125,0.2005290985107422,0.3,0.2,1.0000000000000002e-06
31,74,0.049180060625076294,0.001540742232464254,0.098003089427948,0.09119194000959396,0.3,0.2,1.0000000000000002e-06
31,75,0.10386911779642105,0.01004404854029417,0.143041729927063,0.25456273555755615,0.3,0.2,1.0000000000000002e-06
31,76,0.1066540777683258,0.003135902574285865,0.11615884304046631,0.3433525860309601,0.3,0.2,1.0000000000000002e-06
31,77,0.03323427960276604,0.0032411888241767883,0.04193305969238281,0.08706586062908173,0.3,0.2,1.0000000000000002e-06
31,78,0.054935991764068604,0.0027543059550225735,0.10321485996246338,0.1060861274600029,0.3,0.2,1.0000000000000002e-06
31,79,0.23129859566688538,0.01556786336004734,0.38988423347473145,0.49382734298706055,0.3,0.2,1.0000000000000002e-06
31,80,0.05172906070947647,0.004407444968819618,0.03590279817581177,0.18275387585163116,0.3,0.2,1.0000000000000002e-06
31,81,0.08615978062152863,0.011420028284192085,0.10578393936157227,0.21502286195755005,0.3,0.2,1.0000000000000002e-06
31,82,0.1930866241455078,0.01118907518684864,0.3148424029350281,0.4372241795063019,0.3,0.2,1.0000000000000002e-06
31,83,0.04711032658815384,0.0032842298969626427,0.07344937324523926,0.10895640403032303,0.3,0.2,1.0000000000000002e-06
31,84,0.08885335177183151,0.005500254686921835,0.09516841173171997,0.27401286363601685,0.3,0.2,1.0000000000000002e-06
31,85,0.14060461521148682,0.00488263601437211,0.17315596342086792,0.41887590289115906,0.3,0.2,1.0000000000000002e-06
31,86,0.17098531126976013,0.004301580134779215,0.21271169185638428,0.5143510699272156,0.3,0.2,1.0000000000000002e-06
31,87,0.06494729220867157,0.015985559672117233,0.046000897884368896,0.17580732703208923,0.3,0.2,1.0000000000000002e-06
31,88,0.08222569525241852,0.010773864574730396,0.06821674108505249,0.25493401288986206,0.3,0.2,1.0000000000000002e-06
31,89,0.04491119086742401,0.008714579045772552,0.033336639404296875,0.13097810745239258,0.3,0.2,1.0000000000000002e-06
31,90,0.07907909899950027,0.008624346926808357,0.07149195671081543,0.2450358271598816,0.3,0.2,1.0000000000000002e-06
31,91,0.08855951577425003,0.0044136373326182365,0.1474395990371704,0.19956998527050018,0.3,0.2,1.0000000000000002e-06
31,92,0.06371094286441803,0.011719310656189919,0.043701112270355225,0.19440646469593048,0.3,0.2,1.0000000000000002e-06
31,93,0.04082120582461357,0.004821171052753925,0.030202388763427734,0.1346965879201889,0.3,0.2,1.0000000000000002e-06
31,94,0.075175940990448,0.0038073561154305935,0.11723631620407104,0.18098843097686768,0.3,0.2,1.0000000000000002e-06
31,95,0.050324998795986176,0.00349070830270648,0.09205383062362671,0.09609068185091019,0.3,0.2,1.0000000000000002e-06
31,96,0.10484775900840759,0.004704413469880819,0.16082584857940674,0.2594779133796692,0.3,0.2,1.0000000000000002e-06
31,97,0.08619989454746246,0.013030536472797394,0.08415102958679199,0.23962026834487915,0.3,0.2,1.0000000000000002e-06
31,98,0.04196801781654358,0.0013920620549470186,0.03813731670379639,0.14567379653453827,0.3,0.2,1.0000000000000002e-06
32,0,0.06663236021995544,0.0027524572797119617,0.10320776700973511,0.1645878553390503,0.3,0.2,1.0000000000000002e-06
32,1,0.04648774862289429,0.008712288923561573,0.033335864543914795,0.13887348771095276,0.3,0.2,1.0000000000000002e-06
32,2,0.050100646913051605,0.003281628480181098,0.07344532012939453,0.12392709404230118,0.3,0.2,1.0000000000000002e-06
32,3,0.07977810502052307,0.020783307030797005,0.04597961902618408,0.22600455582141876,0.3,0.2,1.0000000000000002e-06
32,4,0.09748396277427673,0.008978509344160557,0.12902843952178955,0.24898460507392883,0.3,0.2,1.0000000000000002e-06
32,5,0.09738454967737198,0.0034885359928011894,0.147028386592865,0.2489374727010727,0.3,0.2,1.0000000000000002e-06
32,6,0.15064188838005066,0.011336859315633774,0.2815098166465759,0.27426040172576904,0.3,0.2,1.0000000000000002e-06
32,7,0.09369600564241409,0.006312471814453602,0.13375407457351685,0.23628655076026917,0.3,0.2,1.0000000000000002e-06
32,8,0.05260058492422104,0.0034896270371973515,0.09204757213592529,0.10748341679573059,0.3,0.2,1.0000000000000002e-06
32,9,0.0917881429195404,0.004421059507876635,0.10145354270935059,0.2846550941467285,0.3,0.2,1.0000000000000002e-06
32,10,0.0697898268699646,0.0019036653684452176,0.13752299547195435,0.1331462860107422,0.3,0.2,1.0000000000000002e-06
32,11,0.09009473025798798,0.002634952310472727,0.14949369430541992,0.21305832266807556,0.3,0.2,1.0000000000000002e-06
32,12,0.13448721170425415,0.005189256276935339,0.16092568635940552,0.4051012396812439,0.3,0.2,1.0000000000000002e-06
32,13,0.2726709246635437,0.017993412911891937,0.5219722986221313,0.490429162979126,0.3,0.2,1.0000000000000002e-06
32,14,0.05373453348875046,0.0030004081781953573,0.07311487197875977,0.14399830996990204,0.3,0.2,1.0000000000000002e-06
32,15,0.07941798120737076,0.010767949745059013,0.06820827722549438,0.2409377247095108,0.3,0.2,1.0000000000000002e-06
32,16,0.10744323581457138,0.006303116679191589,0.13773095607757568,0.29910415410995483,0.3,0.2,1.0000000000000002e-06
32,17,0.10501065850257874,0.010037043131887913,0.14302951097488403,0.26032379269599915,0.3,0.2,1.0000000000000002e-06
32,18,0.056283965706825256,0.0014973251381888986,0.09565913677215576,0.1304444819688797,0.3,0.2,1.0000000000000002e-06
32,19,0.0806417465209961,0.005497241858392954,0.06866830587387085,0.2727200388908386,0.3,0.2,1.0000000000000002e-06
32,20,0.06212543696165085,0.001426577684469521,0.032131314277648926,0.25529733300209045,0.3,0.2,1.0000000000000002e-06
32,21,0.08496681600809097,0.00441465899348259,0.14743435382843018,0.18160924315452576,0.3,0.2,1.0000000000000002e-06
32,22,0.041671182960271835,0.003264905884861946,0.028691649436950684,0.14899390935897827,0.3,0.2,1.0000000000000002e-06
32,23,0.03154575079679489,0.0032378071919083595,0.041929543018341064,0.07864539325237274,0.3,0.2,1.0000000000000002e-06
32,24,0.10133735835552216,0.0043174405582249165,0.17891478538513184,0.2167273908853531,0.3,0.2,1.0000000000000002e-06
32,25,0.08387229591608047,0.004012462217360735,0.07849985361099243,0.2815493941307068,0.3,0.2,1.0000000000000002e-06
32,26,0.19142283499240875,0.006998653523623943,0.3344016671180725,0.4205183982849121,0.3,0.2,1.0000000000000002e-06
32,27,0.08754648268222809,0.008222383446991444,0.07617068290710449,0.28236445784568787,0.3,0.2,1.0000000000000002e-06
32,28,0.06378230452537537,0.010843383148312569,0.03836202621459961,0.20715154707431793,0.3,0.2,1.0000000000000002e-06
32,29,0.09833038598299026,0.004280399531126022,0.16168999671936035,0.2277149260044098,0.3,0.2,1.0000000000000002e-06
32,30,0.08139784634113312,0.0038636692333966494,0.17486006021499634,0.1253807544708252,0.3,0.2,1.0000000000000002e-06
32,31,0.13353343307971954,0.006430664099752903,0.19431310892105103,0.34404414892196655,0.3,0.2,1.0000000000000002e-06
32,32,0.08721494674682617,0.005499505903571844,0.09515911340713501,0.26583853363990784,0.3,0.2,1.0000000000000002e-06
32,33,0.050941210240125656,0.01171443797647953,0.04368722438812256,0.13060301542282104,0.3,0.2,1.0000000000000002e-06
32,34,0.2207556664943695,0.013935024850070477,0.37514054775238037,0.47139236330986023,0.3,0.2,1.0000000000000002e-06
32,35,0.1892419457435608,0.010018653236329556,0.2925569415092468,0.4572809636592865,0.3,0.2,1.0000000000000002e-06
32,36,0.06905102729797363,0.00330934370867908,0.11344307661056519,0.15854376554489136,0.3,0.2,1.0000000000000002e-06
32,37,0.08997517824172974,0.0035155422519892454,0.141058087348938,0.22071105241775513,0.3,0.2,1.0000000000000002e-06
32,38,0.17588509619235992,0.004846811294555664,0.2381344437599182,0.4979897141456604,0.3,0.2,1.0000000000000002e-06
32,39,0.056610479950904846,0.008641846477985382,0.03664040565490723,0.18488256633281708,0.3,0.2,1.0000000000000002e-06
32,40,0.20812281966209412,0.011159970425069332,0.32359278202056885,0.49942508339881897,0.3,0.2,1.0000000000000002e-06
32,41,0.12177380919456482,0.0034146313555538654,0.1035318374633789,0.43649813532829285,0.3,0.2,1.0000000000000002e-06
32,42,0.0927586704492569,0.006155829411000013,0.13647758960723877,0.22829779982566833,0.3,0.2,1.0000000000000002e-06
32,43,0.07095696032047272,0.00926701258867979,0.09838396310806274,0.16087381541728973,0.3,0.2,1.0000000000000002e-06
32,44,0.05673670396208763,0.006429688073694706,0.03155559301376343,0.20420169830322266,0.3,0.2,1.0000000000000002e-06
32,45,0.05818001180887222,0.002830915153026581,0.11078673601150513,0.11056535691022873,0.3,0.2,1.0000000000000002e-06
32,46,0.07105498760938644,0.010217029601335526,0.10905158519744873,0.14061239361763,0.3,0.2,1.0000000000000002e-06
32,47,0.0600438266992569,0.0022330058272928,0.11720991134643555,0.11323922872543335,0.3,0.2,1.0000000000000002e-06
32,48,0.0982418805360794,0.006935418117791414,0.21733886003494263,0.13052400946617126,0.3,0.2,1.0000000000000002e-06
32,49,0.04727260768413544,0.0015399233670905232,0.09799599647521973,0.08166942000389099,0.3,0.2,1.0000000000000002e-06
32,50,0.08784796297550201,0.0047089154832065105,0.11569732427597046,0.2421492338180542,0.3,0.2,1.0000000000000002e-06
32,51,0.05828476324677467,0.007014704868197441,0.05731332302093506,0.17038030922412872,0.3,0.2,1.0000000000000002e-06
32,52,0.2122487872838974,0.008976342156529427,0.32961660623550415,0.5219373106956482,0.3,0.2,1.0000000000000002e-06
32,53,0.08882971107959747,0.004891609773039818,0.187394380569458,0.13859891891479492,0.3,0.2,1.0000000000000002e-06
32,54,0.048248618841171265,0.003319457871839404,0.049598515033721924,0.15024802088737488,0.3,0.2,1.0000000000000002e-06
32,55,0.07930180430412292,0.013030297122895718,0.0841374397277832,0.20515134930610657,0.3,0.2,1.0000000000000002e-06
32,56,0.04803604632616043,0.0021644108928740025,0.047210097312927246,0.15854302048683167,0.3,0.2,1.0000000000000002e-06
32,57,0.19348695874214172,0.008979719132184982,0.3437001705169678,0.40698593854904175,0.3,0.2,1.0000000000000002e-06
32,58,0.05313105136156082,0.00783811416476965,0.03728818893432617,0.17053240537643433,0.3,0.2,1.0000000000000002e-06
32,59,0.13976280391216278,0.005787820555269718,0.27791523933410645,0.2530020475387573,0.3,0.2,1.0000000000000002e-06
32,60,0.08240192383527756,0.002821799833327532,0.2028346061706543,0.09364868700504303,0.3,0.2,1.0000000000000002e-06
32,61,0.050095267593860626,0.006395383272320032,0.03404921293258667,0.16742560267448425,0.3,0.2,1.0000000000000002e-06
32,62,0.11739303171634674,0.01195624377578497,0.17861491441726685,0.2592615783214569,0.3,0.2,1.0000000000000002e-06
32,63,0.04340346157550812,0.0014707231894135475,0.040183305740356445,0.14938873052597046,0.3,0.2,1.0000000000000002e-06
32,64,0.0765736997127533,0.011555780656635761,0.06364244222640991,0.2296258956193924,0.3,0.2,1.0000000000000002e-06
32,65,0.04654937982559204,0.0012859106063842773,0.04114246368408203,0.16460363566875458,0.3,0.2,1.0000000000000002e-06
32,66,0.06151297688484192,0.004820545669645071,0.030188560485839844,0.2381792962551117,0.3,0.2,1.0000000000000002e-06
32,67,0.07776686549186707,0.0067706662230193615,0.13841205835342407,0.14736290276050568,0.3,0.2,1.0000000000000002e-06
32,68,0.09124809503555298,0.011893787421286106,0.0746573805809021,0.2847854495048523,0.3,0.2,1.0000000000000002e-06
32,69,0.06459219753742218,0.0034786295145750046,0.09909701347351074,0.15692231059074402,0.3,0.2,1.0000000000000002e-06
32,70,0.07698385417461395,0.003936310764402151,0.14624559879302979,0.14586929976940155,0.3,0.2,1.0000000000000002e-06
32,71,0.052854686975479126,0.0021837600506842136,0.03580641746520996,0.1996450126171112,0.3,0.2,1.0000000000000002e-06
32,72,0.11566141247749329,0.01106053777039051,0.19552022218704224,0.22972401976585388,0.3,0.2,1.0000000000000002e-06
32,73,0.065937340259552,0.009810572490096092,0.042572855949401855,0.21677453815937042,0.3,0.2,1.0000000000000002e-06
32,74,0.0775165781378746,0.0025858250446617603,0.13663911819458008,0.16969506442546844,0.3,0.2,1.0000000000000002e-06
32,75,0.09078279137611389,0.0040501197800040245,0.21472924947738647,0.11156945675611496,0.3,0.2,1.0000000000000002e-06
32,76,0.10293851792812347,0.011403926648199558,0.10573935508728027,0.29906392097473145,0.3,0.2,1.0000000000000002e-06
32,77,0.07651626318693161,0.0025441336911171675,0.16977077722549438,0.11520446836948395,0.3,0.2,1.0000000000000002e-06
32,78,0.08817335218191147,0.005819168407469988,0.14313870668411255,0.19706283509731293,0.3,0.2,1.0000000000000002e-06
32,79,0.06380661576986313,0.003815297270193696,0.08369553089141846,0.1744133085012436,0.3,0.2,1.0000000000000002e-06
32,80,0.05971640348434448,0.002752467058598995,0.08602172136306763,0.15578708052635193,0.3,0.2,1.0000000000000002e-06
32,81,0.07454243302345276,0.008624250069260597,0.0714828372001648,0.22236664593219757,0.3,0.2,1.0000000000000002e-06
32,82,0.07996039092540741,0.004131302237510681,0.17778044939041138,0.11247477680444717,0.3,0.2,1.0000000000000002e-06
32,83,0.25829017162323,0.02006642334163189,0.5075289011001587,0.42982539534568787,0.3,0.2,1.0000000000000002e-06
32,84,0.08438943326473236,0.00992658082395792,0.08947837352752686,0.238096684217453,0.3,0.2,1.0000000000000002e-06
32,85,0.29559236764907837,0.033259402960538864,0.5766907334327698,0.4466286599636078,0.3,0.2,1.0000000000000002e-06
32,86,0.05563739687204361,0.004520915914326906,0.057790517807006836,0.1688966155052185,0.3,0.2,1.0000000000000002e-06
32,87,0.05547497421503067,0.010098314844071865,0.041647911071777344,0.16441141068935394,0.3,0.2,1.0000000000000002e-06
32,88,0.04365594685077667,0.004395275842398405,0.035897791385650635,0.14245666563510895,0.3,0.2,1.0000000000000002e-06
32,89,0.09423427283763885,0.012820024974644184,0.0782700777053833,0.2896661162376404,0.3,0.2,1.0000000000000002e-06
32,90,0.0712662935256958,0.015985693782567978,0.04600381851196289,0.2073972374200821,0.3,0.2,1.0000000000000002e-06
32,91,0.062090516090393066,0.0013658946845680475,0.03403574228286743,0.2525694966316223,0.3,0.2,1.0000000000000002e-06
32,92,0.27819496393203735,0.020227154716849327,0.5497674942016602,0.46518775820732117,0.3,0.2,1.0000000000000002e-06
32,93,0.06239538639783859,0.007749595213681459,0.13696682453155518,0.06777872145175934,0.3,0.2,1.0000000000000002e-06
32,94,0.08485331386327744,0.0045870281755924225,0.21650481224060059,0.07657421380281448,0.3,0.2,1.0000000000000002e-06
32,95,0.14054054021835327,0.003541248384863138,0.1950458288192749,0.3924277126789093,0.3,0.2,1.0000000000000002e-06
32,96,0.0651816725730896,0.003807040164247155,0.11722207069396973,0.1310400515794754,0.3,0.2,1.0000000000000002e-06
32,97,0.04628365859389305,0.003295601811259985,0.044100403785705566,0.1487896740436554,0.3,0.2,1.0000000000000002e-06
32,98,0.06120999902486801,0.004676183219999075,0.1142386794090271,0.11131104826927185,0.3,0.2,1.0000000000000002e-06
33,0,0.034783028066158295,0.003237990429624915,0.04193025827407837,0.09482978284358978,0.3,0.2,1.0000000000000002e-06
33,1,0.07190276682376862,0.003806683234870434,0.11721742153167725,0.16465425491333008,0.3,0.2,1.0000000000000002e-06
33,2,0.055141136050224304,0.0033088834024965763,0.11343902349472046,0.08900271356105804,0.3,0.2,1.0000000000000002e-06
33,3,0.05922728776931763,0.0014966961462050676,0.09565693140029907,0.1451675444841385,0.3,0.2,1.0000000000000002e-06
33,4,0.05698676407337189,0.002181390067562461,0.03579974174499512,0.2203272432088852,0.3,0.2,1.0000000000000002e-06
33,5,0.07298161834478378,0.0107643511146307,0.06819933652877808,0.20878733694553375,0.3,0.2,1.0000000000000002e-06
33,6,0.06026884540915489,0.0030017662793397903,0.0731160044670105,0.1766613870859146,0.3,0.2,1.0000000000000002e-06
33,7,0.08760946989059448,0.011889077723026276,0.07465136051177979,0.26662492752075195,0.3,0.2,1.0000000000000002e-06
33,8,0.04040426388382912,0.0013154353946447372,0.03755974769592285,0.13910451531410217,0.3,0.2,1.0000000000000002e-06
33,9,0.04677854850888252,0.0032812904100865126,0.0734369158744812,0.10733091086149216,0.3,0.2,1.0000000000000002e-06
33,10,0.28559306263923645,0.021796759217977524,0.5663608908653259,0.46944013237953186,0.3,0.2,1.0000000000000002e-06
33,11,0.09694346785545349,0.008975801058113575,0.12902134656906128,0.24630630016326904,0.3,0.2,1.0000000000000002e-06
33,12,0.06449946761131287,0.007008212618529797,0.05730760097503662,0.20149487257003784,0.3,0.2,1.0000000000000002e-06
33,13,0.0916232168674469,0.006311906035989523,0.13375437259674072,0.22592496871948242,0.3,0.2,1.0000000000000002e-06
33,14,0.14096441864967346,0.00515542458742857,0.15181881189346313,0.4513167142868042,0.3,0.2,1.0000000000000002e-06
33,15,0.054136972874403,0.004676324315369129,0.1142314076423645,0.07595613598823547,0.3,0.2,1.0000000000000002e-06
33,16,0.04689719155430794,0.004395340569317341,0.03589630126953125,0.15866480767726898,0.3,0.2,1.0000000000000002e-06
33,17,0.1350480020046234,0.0057824524119496346,0.27780020236968994,0.22962737083435059,0.3,0.2,1.0000000000000002e-06
33,18,0.06008116900920868,0.002831429010257125,0.1107860803604126,0.12006957083940506,0.3,0.2,1.0000000000000002e-06
33,19,0.25771406292915344,0.018335863947868347,0.4974772334098816,0.4506750702857971,0.3,0.2,1.0000000000000002e-06
33,20,0.11052282154560089,0.011952225118875504,0.17860525846481323,0.2249450832605362,0.3,0.2,1.0000000000000002e-06
33,21,0.051030632108449936,0.0034882931504398584,0.09203159809112549,0.09966429322957993,0.3,0.2,1.0000000000000002e-06
33,22,0.15370780229568481,0.0033000425901263952,0.19965410232543945,0.45255759358406067,0.3,0.2,1.0000000000000002e-06
33,23,0.09038810431957245,0.0054998742416501045,0.09516119956970215,0.28169935941696167,0.3,0.2,1.0000000000000002e-06
33,24,0.07603319734334946,0.002403676277026534,0.17424553632736206,0.10677926987409592,0.3,0.2,1.0000000000000002e-06
33,25,0.19317464530467987,0.010212982073426247,0.3558254837989807,0.381070077419281,0.3,0.2,1.0000000000000002e-06
33,26,0.046705473214387894,0.0015404168516397476,0.09799039363861084,0.07883968204259872,0.3,0.2,1.0000000000000002e-06
33,27,0.11131584644317627,0.007536261808127165,0.220037043094635,0.18884235620498657,0.3,0.2,1.0000000000000002e-06
33,28,0.09695717692375183,0.00630409037694335,0.13773316144943237,0.24666565656661987,0.3,0.2,1.0000000000000002e-06
33,29,0.050786495208740234,0.0021638069301843643,0.04721707105636597,0.17228782176971436,0.3,0.2,1.0000000000000002e-06
33,30,0.11892862617969513,0.011054454371333122,0.19551724195480347,0.24609500169754028,0.3,0.2,1.0000000000000002e-06
33,31,0.06787668913602829,0.003810175461694598,0.08368360996246338,0.19480714201927185,0.3,0.2,1.0000000000000002e-06
33,32,0.054937943816185,0.00451621413230896,0.057776033878326416,0.16544459760189056,0.3,0.2,1.0000000000000002e-06
33,33,0.039274003356695175,0.00481615774333477,0.030179202556610107,0.12702041864395142,0.3,0.2,1.0000000000000002e-06
33,34,0.1807764172554016,0.010875607840716839,0.28936249017715454,0.4154602885246277,0.3,0.2,1.0000000000000002e-06
33,35,0.0771920308470726,0.004010746721178293,0.07849246263504028,0.2481677085161209,0.3,0.2,1.0000000000000002e-06
33,36,0.08058957755565643,0.010213140398263931,0.10906428098678589,0.1882857382297516,0.3,0.2,1.0000000000000002e-06
33,37,0.1377037614583969,0.011337489821016788,0.2815247178077698,0.20954425632953644,0.3,0.2,1.0000000000000002e-06
33,38,0.10795056074857712,0.010033097118139267,0.1430179476737976,0.27506038546562195,0.3,0.2,1.0000000000000002e-06
33,39,0.08690598607063293,0.0040481844916939735,0.2147013545036316,0.09223693609237671,0.3,0.2,1.0000000000000002e-06
33,40,0.05124052241444588,0.0027505012694746256,0.08601975440979004,0.11342046409845352,0.3,0.2,1.0000000000000002e-06
33,41,0.07587872445583344,0.008621441200375557,0.07148844003677368,0.22905373573303223,0.3,0.2,1.0000000000000002e-06
33,42,0.07038149982690811,0.006768674124032259,0.1383865475654602,0.11048431694507599,0.3,0.2,1.0000000000000002e-06
33,43,0.06352560967206955,0.007749245036393404,0.1369522213935852,0.07345348596572876,0.3,0.2,1.0000000000000002e-06
33,44,0.05601157248020172,0.003477677935734391,0.09908396005630493,0.11404351890087128,0.3,0.2,1.0000000000000002e-06
33,45,0.08630435168743134,0.004462083801627159,0.22028261423110962,0.0787874087691307,0.3,0.2,1.0000000000000002e-06
33,46,0.07939539104700089,0.001903573633171618,0.13752204179763794,0.18117600679397583,0.3,0.2,1.0000000000000002e-06
33,47,0.054992370307445526,0.010092472657561302,0.04164016246795654,0.16203925013542175,0.3,0.2,1.0000000000000002e-06
33,48,0.08174997568130493,0.003983757924288511,0.14997738599777222,0.16386497020721436,0.3,0.2,1.0000000000000002e-06
33,49,0.1049446240067482,0.011409579776227474,0.10574376583099365,0.3090595602989197,0.3,0.2,1.0000000000000002e-06
33,50,0.14845526218414307,0.004495696164667606,0.23562097549438477,0.3663663864135742,0.3,0.2,1.0000000000000002e-06
33,51,0.0935966819524765,0.006154838018119335,0.13646280765533447,0.23251497745513916,0.3,0.2,1.0000000000000002e-06
33,52,0.06161705404520035,0.01170626375824213,0.043674349784851074,0.18404240906238556,0.3,0.2,1.0000000000000002e-06
33,53,0.05329339578747749,0.0027506265323609114,0.10320061445236206,0.09791292250156403,0.3,0.2,1.0000000000000002e-06
33,54,0.06592410802841187,0.005495087709277868,0.06865030527114868,0.19916962087154388,0.3,0.2,1.0000000000000002e-06
33,55,0.08917181193828583,0.012816161848604679,0.078274667263031,0.2643662393093109,0.3,0.2,1.0000000000000002e-06
33,56,0.04150007292628288,0.003292449750006199,0.04410529136657715,0.12488017231225967,0.3,0.2,1.0000000000000002e-06
33,57,0.07390505820512772,0.010833116248250008,0.03835397958755493,0.2578287422657013,0.3,0.2,1.0000000000000002e-06
33,58,0.09058775007724762,0.004513648804277182,0.15644603967666626,0.19570142030715942,0.3,0.2,1.0000000000000002e-06
33,59,0.10388743132352829,0.0025986519176512957,0.14616894721984863,0.2871904671192169,0.3,0.2,1.0000000000000002e-06
33,60,0.04866816848516464,0.0013189745368435979,0.0432286262512207,0.17190302908420563,0.3,0.2,1.0000000000000002e-06
33,61,0.08205048739910126,0.0025820801965892315,0.13657093048095703,0.19248564541339874,0.3,0.2,1.0000000000000002e-06
33,62,0.07577528804540634,0.009250975213944912,0.09834450483322144,0.18510478734970093,0.3,0.2,1.0000000000000002e-06
33,63,0.12933021783828735,0.015977799892425537,0.04600381851196289,0.49775633215904236,0.3,0.2,1.0000000000000002e-06
33,64,0.08956265449523926,0.003922579810023308,0.18441438674926758,0.15157879889011383,0.3,0.2,1.0000000000000002e-06
33,65,0.08470651507377625,0.00992528535425663,0.08950704336166382,0.2396456003189087,0.3,0.2,1.0000000000000002e-06
33,66,0.09618629515171051,0.004411935340613127,0.14739322662353516,0.23778194189071655,0.3,0.2,1.0000000000000002e-06
33,67,0.03953006863594055,0.007837594486773014,0.03729289770126343,0.10252303630113602,0.3,0.2,1.0000000000000002e-06
33,68,0.065390944480896,0.008633715100586414,0.03663605451583862,0.22883205115795135,0.3,0.2,1.0000000000000002e-06
33,69,0.06963217258453369,0.004420494195073843,0.10145008563995361,0.17388324439525604,0.3,0.2,1.0000000000000002e-06
33,70,0.0800674632191658,0.01155819557607174,0.06366610527038574,0.24704717099666595,0.3,0.2,1.0000000000000002e-06
33,71,0.04633316397666931,0.006430328823626041,0.031559765338897705,0.15217451751232147,0.3,0.2,1.0000000000000002e-06
33,72,0.06594736874103546,0.0014696804573759437,0.03273087739944458,0.2732921242713928,0.3,0.2,1.0000000000000002e-06
33,73,0.087774857878685,0.005821842234581709,0.14316105842590332,0.19502346217632294,0.3,0.2,1.0000000000000002e-06
33,74,0.08792336285114288,0.003513607196509838,0.14101934432983398,0.21051976084709167,0.3,0.2,1.0000000000000002e-06
33,75,0.06084392964839935,0.008706836961209774,0.033338308334350586,0.21067799627780914,0.3,0.2,1.0000000000000002e-06
33,76,0.08427530527114868,0.008225131779909134,0.07616674900054932,0.26600074768066406,0.3,0.2,1.0000000000000002e-06
33,77,0.08825908601284027,0.0047430964186787605,0.1931171417236328,0.12790422141551971,0.3,0.2,1.0000000000000002e-06
33,78,0.19545719027519226,0.009531104937195778,0.31982964277267456,0.4498859941959381,0.3,0.2,1.0000000000000002e-06
33,79,0.08362118899822235,0.004132263828068972,0.17778217792510986,0.13077133893966675,0.3,0.2,1.0000000000000002e-06
33,80,0.051790930330753326,0.006396058015525341,0.03405427932739258,0.1758929342031479,0.3,0.2,1.0000000000000002e-06
33,81,0.19918835163116455,0.013134384527802467,0.3060600757598877,0.47117966413497925,0.3,0.2,1.0000000000000002e-06
33,82,0.2029828280210495,0.012056462466716766,0.34768617153167725,0.433102548122406,0.3,0.2,1.0000000000000002e-06
33,83,0.12512828409671783,0.003579131793230772,0.11795061826705933,0.4308198392391205,0.3,0.2,1.0000000000000002e-06
33,84,0.2792482376098633,0.030621830374002457,0.5515278577804565,0.41584017872810364,0.3,0.2,1.0000000000000002e-06
33,85,0.10326327383518219,0.004323186352849007,0.17894786596298218,0.226278617978096,0.3,0.2,1.0000000000000002e-06
33,86,0.08049076050519943,0.013024951331317425,0.08413916826248169,0.21112027764320374,0.3,0.2,1.0000000000000002e-06
33,87,0.04276232421398163,0.0033191414549946785,0.04960554838180542,0.1228075921535492,0.3,0.2,1.0000000000000002e-06
33,88,0.0604257807135582,0.0022340831346809864,0.11723172664642334,0.11511088907718658,0.3,0.2,1.0000000000000002e-06
33,89,0.15933263301849365,0.005683034658432007,0.20302700996398926,0.46370741724967957,0.3,0.2,1.0000000000000002e-06
33,90,0.08719336986541748,0.0034887674264609814,0.14700698852539062,0.19801253080368042,0.3,0.2,1.0000000000000002e-06
33,91,0.07341480255126953,0.020782504230737686,0.04597628116607666,0.19419704377651215,0.3,0.2,1.0000000000000002e-06
33,92,0.09921526908874512,0.004691949114203453,0.11569249629974365,0.2990778386592865,0.3,0.2,1.0000000000000002e-06
33,93,0.19037336111068726,0.007692710962146521,0.33354324102401733,0.4130883514881134,0.3,0.2,1.0000000000000002e-06
33,94,0.05055912584066391,0.0032653878442943096,0.028689920902252197,0.19343382120132446,0.3,0.2,1.0000000000000002e-06
33,95,0.057084470987319946,0.0011706855148077011,0.03141993284225464,0.23243901133537292,0.3,0.2,1.0000000000000002e-06
33,96,0.04979439824819565,0.009809169918298721,0.04256373643875122,0.1360805183649063,0.3,0.2,1.0000000000000002e-06
33,97,0.08372639119625092,0.0028224799316376448,0.20283544063568115,0.10026635229587555,0.3,0.2,1.0000000000000002e-06
33,98,0.2601194381713867,0.0175384022295475,0.4821202754974365,0.4897247552871704,0.3,0.2,1.0000000000000002e-06
34,0,0.07793387770652771,0.010211891494691372,0.10904109477996826,0.17504827678203583,0.3,0.2,1.0000000000000002e-06
34,1,0.08630174398422241,0.011410451494157314,0.10572785139083862,0.2158646434545517,0.3,0.2,1.0000000000000002e-06
34,2,0.06400073319673538,0.002233651001006365,0.11722725629806519,0.13299451768398285,0.3,0.2,1.0000000000000002e-06
34,3,0.08829598128795624,0.0019036607118323445,0.13748764991760254,0.22573015093803406,0.3,0.2,1.0000000000000002e-06
34,4,0.10722626000642776,0.010033260099589825,0.1430087685585022,0.27145183086395264,0.3,0.2,1.0000000000000002e-06
34,5,0.09486934542655945,0.012817421928048134,0.07824176549911499,0.29289695620536804,0.3,0.2,1.0000000000000002e-06
34,6,0.07691861689090729,0.015976769849658012,0.0459747314453125,0.23574714362621307,0.3,0.2,1.0000000000000002e-06
34,7,0.0886722207069397,0.005814058240503073,0.1430932879447937,0.1996508538722992,0.3,0.2,1.0000000000000002e-06
34,8,0.06105015426874161,0.004812970291823149,0.030168116092681885,0.23593373596668243,0.3,0.2,1.0000000000000002e-06
34,9,0.054157011210918427,0.00451758923009038,0.05776304006576538,0.1615525484085083,0.3,0.2,1.0000000000000002e-06
34,10,0.04916682094335556,0.0013585686683654785,0.044137418270111084,0.17283512651920319,0.3,0.2,1.0000000000000002e-06
34,11,0.05012725293636322,0.003262388054281473,0.028679728507995605,0.19130471348762512,0.3,0.2,1.0000000000000002e-06
34,12,0.042566314339637756,0.0032951843459159136,0.04409712553024292,0.13020995259284973,0.3,0.2,1.0000000000000002e-06
34,13,0.06015400215983391,0.002182119293138385,0.03580528497695923,0.23615147173404694,0.3,0.2,1.0000000000000002e-06
34,14,0.06127234548330307,0.007752928417176008,0.13696342706680298,0.06215193122625351,0.3,0.2,1.0000000000000002e-06
34,15,0.08709186315536499,0.01303019654005766,0.08412951231002808,0.24411407113075256,0.3,0.2,1.0000000000000002e-06
34,16,0.10207096487283707,0.011950816959142685,0.1785711646080017,0.18274399638175964,0.3,0.2,1.0000000000000002e-06
34,17,0.2169727087020874,0.010722995735704899,0.36049240827560425,0.49050989747047424,0.3,0.2,1.0000000000000002e-06
34,18,0.1493728905916214,0.003296393435448408,0.17401474714279175,0.4693603515625,0.3,0.2,1.0000000000000002e-06
34,19,0.04819725453853607,0.0015400556148961186,0.09798663854598999,0.08630603551864624,0.3,0.2,1.0000000000000002e-06
34,20,0.12832288444042206,0.005193657241761684,0.1575794816017151,0.3792768716812134,0.3,0.2,1.0000000000000002e-06
34,21,0.09208337962627411,0.004411656875163317,0.14738690853118896,0.21727822721004486,0.3,0.2,1.0000000000000002e-06
34,22,0.08256105333566666,0.004132145084440708,0.17777538299560547,0.1254814714193344,0.3,0.2,1.0000000000000002e-06
34,23,0.061893362551927567,0.003806357504799962,0.1172063946723938,0.11462543159723282,0.3,0.2,1.0000000000000002e-06
34,24,0.18502545356750488,0.011423258110880852,0.2935880422592163,0.42762890458106995,0.3,0.2,1.0000000000000002e-06
34,25,0.05538478493690491,0.011702833697199821,0.043650925159454346,0.15293337404727936,0.3,0.2,1.0000000000000002e-06
34,26,0.05914390832185745,0.010833969339728355,0.038340866565704346,0.18403838574886322,0.3,0.2,1.0000000000000002e-06
34,27,0.08884888142347336,0.004784842021763325,0.19171559810638428,0.13274678587913513,0.3,0.2,1.0000000000000002e-06
34,28,0.04744073748588562,0.003282784018665552,0.07342612743377686,0.11065057665109634,0.3,0.2,1.0000000000000002e-06
34,29,0.2730286419391632,0.022615619003772736,0.5652493238449097,0.40419116616249084,0.3,0.2,1.0000000000000002e-06
34,30,0.07363962382078171,0.00980212539434433,0.042536914348602295,0.25538212060928345,0.3,0.2,1.0000000000000002e-06
34,31,0.08455958962440491,0.0038248945493251085,0.17409378290176392,0.1425328105688095,0.3,0.2,1.0000000000000002e-06
34,32,0.11676181852817535,0.011062344536185265,0.1954900026321411,0.23526234924793243,0.3,0.2,1.0000000000000002e-06
34,33,0.06256629526615143,0.003816913114860654,0.08367544412612915,0.1682337373495102,0.3,0.2,1.0000000000000002e-06
34,34,0.17732131481170654,0.0050818962045013905,0.23661655187606812,0.5062722563743591,0.3,0.2,1.0000000000000002e-06
34,35,0.07711132615804672,0.006771303713321686,0.138388991355896,0.1441166251897812,0.3,0.2,1.0000000000000002e-06
34,36,0.06443712115287781,0.007838387042284012,0.03728276491165161,0.22706952691078186,0.3,0.2,1.0000000000000002e-06
34,37,0.12566614151000977,0.002807977609336376,0.10810911655426025,0.4521271586418152,0.3,0.2,1.0000000000000002e-06
34,38,0.07146766036748886,0.00862053781747818,0.07148319482803345,0.20701080560684204,0.3,0.2,1.0000000000000002e-06
34,39,0.09577932953834534,0.011891082860529423,0.07463580369949341,0.3074875473976135,0.3,0.2,1.0000000000000002e-06
34,40,0.046915143728256226,0.004404554143548012,0.03589099645614624,0.15871645510196686,0.3,0.2,1.0000000000000002e-06
34,41,0.0883522629737854,0.008218369446694851,0.07613486051559448,0.28646716475486755,0.3,0.2,1.0000000000000002e-06
34,42,0.049378037452697754,0.003317532828077674,0.049600422382354736,0.15590189397335052,0.3,0.2,1.0000000000000002e-06
34,43,0.05196774750947952,0.0013006872031837702,0.03420722484588623,0.2020244598388672,0.3,0.2,1.0000000000000002e-06
34,44,0.07401931285858154,0.0025837873108685017,0.13661521673202515,0.15225477516651154,0.3,0.2,1.0000000000000002e-06
34,45,0.09920946508646011,0.004746268969029188,0.1589241623878479,0.23392970860004425,0.3,0.2,1.0000000000000002e-06
34,46,0.10569395869970322,0.007149570155888796,0.2185778021812439,0.1648552268743515,0.3,0.2,1.0000000000000002e-06
34,47,0.05231615528464317,0.0027544901240617037,0.10319948196411133,0.0930090993642807,0.3,0.2,1.0000000000000002e-06
34,48,0.0807843878865242,0.00282258540391922,0.2028140425682068,0.08558791130781174,0.3,0.2,1.0000000000000002e-06
34,49,0.06063006445765495,0.0100922966375947,0.04162675142288208,0.19024871289730072,0.3,0.2,1.0000000000000002e-06
34,50,0.055432118475437164,0.002752515487372875,0.08600598573684692,0.1343890279531479,0.3,0.2,1.0000000000000002e-06
34,51,0.05156746879220009,0.008704882115125656,0.0333217978477478,0.16433022916316986,0.3,0.2,1.0000000000000002e-06
34,52,0.1533266305923462,0.006742706056684256,0.21179938316345215,0.4152204990386963,0.3,0.2,1.0000000000000002e-06
34,53,0.05954284220933914,0.0033092047087848186,0.11341601610183716,0.11104416847229004,0.3,0.2,1.0000000000000002e-06
34,54,0.07375362515449524,0.005495185498148203,0.06863272190093994,0.23834311962127686,0.3,0.2,1.0000000000000002e-06
34,55,0.28296804428100586,0.031120771542191505,0.5729043483734131,0.3998797833919525,0.3,0.2,1.0000000000000002e-06
34,56,0.1285349428653717,0.0057813990861177444,0.27772605419158936,0.19717860221862793,0.3,0.2,1.0000000000000002e-06
34,57,0.09135568141937256,0.004011181183159351,0.07847660779953003,0.31900760531425476,0.3,0.2,1.0000000000000002e-06
34,58,0.09630697220563889,0.006154842674732208,0.1364486813545227,0.24608761072158813,0.3,0.2,1.0000000000000002e-06
34,59,0.10392555594444275,0.00431843800470233,0.17889994382858276,0.2296856790781021,0.3,0.2,1.0000000000000002e-06
34,60,0.08657512813806534,0.010772835463285446,0.06820350885391235,0.27670618891716003,0.3,0.2,1.0000000000000002e-06
34,61,0.08693210035562515,0.004388981033116579,0.2147272229194641,0.09062477201223373,0.3,0.2,1.0000000000000002e-06
34,62,0.2584836781024933,0.019746867939829826,0.5203801989555359,0.41311371326446533,0.3,0.2,1.0000000000000002e-06
34,63,0.05148664116859436,0.0021649401169270277,0.04721468687057495,0.17578648030757904,0.3,0.2,1.0000000000000002e-06
34,64,0.06890765577554703,0.00863566342741251,0.036624252796173096,0.24642357230186462,0.3,0.2,1.0000000000000002e-06
34,65,0.16005954146385193,0.01133916899561882,0.28148967027664185,0.3213672637939453,0.3,0.2,1.0000000000000002e-06
34,66,0.08206500113010406,0.011548755690455437,0.06362760066986084,0.25713980197906494,0.3,0.2,1.0000000000000002e-06
34,67,0.04607566073536873,0.0014955077785998583,0.0409579873085022,0.16146378219127655,0.3,0.2,1.0000000000000002e-06
34,68,0.28787538409233093,0.020041583105921745,0.5189006328582764,0.5608180165290833,0.3,0.2,1.0000000000000002e-06
34,69,0.07622617483139038,0.009260903112590313,0.09833890199661255,0.18731802701950073,0.3,0.2,1.0000000000000002e-06
34,70,0.10466872155666351,0.006302786525338888,0.13772046566009521,0.2852489650249481,0.3,0.2,1.0000000000000002e-06
34,71,0.07086606323719025,0.00442208256572485,0.10143280029296875,0.18007071316242218,0.3,0.2,1.0000000000000002e-06
34,72,0.057805679738521576,0.0034869813825935125,0.09200078248977661,0.13359230756759644,0.3,0.2,1.0000000000000002e-06
34,73,0.0818307176232338,0.02077842317521572,0.0459635853767395,0.23631609976291656,0.3,0.2,1.0000000000000002e-06
34,74,0.1939363330602646,0.008077740669250488,0.3580796718597412,0.3921734094619751,0.3,0.2,1.0000000000000002e-06
34,75,0.07969853281974792,0.00549753662198782,0.09513837099075317,0.2282973825931549,0.3,0.2,1.0000000000000002e-06
34,76,0.19227352738380432,0.009659956209361553,0.3414726257324219,0.40085887908935547,0.3,0.2,1.0000000000000002e-06
34,77,0.07861839979887009,0.0024166579823940992,0.17438948154449463,0.11942446976900101,0.3,0.2,1.0000000000000002e-06
34,78,0.05789918452501297,0.006395919714123011,0.034047722816467285,0.20644472539424896,0.3,0.2,1.0000000000000002e-06
34,79,0.05792722851037979,0.0028297610115259886,0.11077678203582764,0.10932216048240662,0.3,0.2,1.0000000000000002e-06
34,80,0.09769690781831741,0.004707775078713894,0.11568677425384521,0.2914154827594757,0.3,0.2,1.0000000000000002e-06
34,81,0.09396189451217651,0.003487195586785674,0.1469801664352417,0.23190325498580933,0.3,0.2,1.0000000000000002e-06
34,82,0.06271900981664658,0.003477817866951227,0.09906202554702759,0.14761289954185486,0.3,0.2,1.0000000000000002e-06
34,83,0.07754042744636536,0.007009091787040234,0.05730438232421875,0.2667001187801361,0.3,0.2,1.0000000000000002e-06
34,84,0.0839240625500679,0.003515740390866995,0.141021728515625,0.19050902128219604,0.3,0.2,1.0000000000000002e-06
34,85,0.08267170190811157,0.0015380126424133778,0.03461909294128418,0.35373979806900024,0.3,0.2,1.0000000000000002e-06
34,86,0.08945633471012115,0.004049266222864389,0.21467512845993042,0.10502263158559799,0.3,0.2,1.0000000000000002e-06
34,87,0.035043537616729736,0.003239212092012167,0.041932106018066406,0.09612347930669785,0.3,0.2,1.0000000000000002e-06
34,88,0.05628972873091698,0.0014976582024246454,0.0956491231918335,0.13048666715621948,0.3,0.2,1.0000000000000002e-06
34,89,0.09663276374340057,0.0026063823606818914,0.14293444156646729,0.2557302415370941,0.3,0.2,1.0000000000000002e-06
34,90,0.06211991608142853,0.004728030413389206,0.11420631408691406,0.11564995348453522,0.3,0.2,1.0000000000000002e-06
34,91,0.21748042106628418,0.015771178528666496,0.40100550651550293,0.4070379436016083,0.3,0.2,1.0000000000000002e-06
34,92,0.08834974467754364,0.006308423355221748,0.1337234377861023,0.20962147414684296,0.3,0.2,1.0000000000000002e-06
34,93,0.09696105122566223,0.008978549391031265,0.12901896238327026,0.24638406932353973,0.3,0.2,1.0000000000000002e-06
34,94,0.04548906162381172,0.0064287688583135605,0.03154987096786499,0.14797665178775787,0.3,0.2,1.0000000000000002e-06
34,95,0.21742701530456543,0.012519092299044132,0.335396409034729,0.5214449763298035,0.3,0.2,1.0000000000000002e-06
34,96,0.07606208324432373,0.00992467813193798,0.08948785066604614,0.1964552253484726,0.3,0.2,1.0000000000000002e-06
34,97,0.08092831075191498,0.0039010546170175076,0.1484566330909729,0.1624513417482376,0.3,0.2,1.0000000000000002e-06
34,98,0.05370839312672615,0.003003064077347517,0.07309794425964355,0.1438797265291214,0.3,0.2,1.0000000000000002e-06
35,0,0.05983171612024307,0.004728707950562239,0.11420458555221558,0.10420816391706467,0.3,0.2,1.0000000000000002e-06
35,1,0.04983396828174591,0.003280412405729294,0.07342231273651123,0.12263430655002594,0.3,0.2,1.0000000000000002e-06
35,2,0.05650711804628372,0.002180113922804594,0.03579801321029663,0.21793799102306366,0.3,0.2,1.0000000000000002e-06
35,3,0.054336048662662506,0.0014975792728364468,0.09564787149429321,0.1207205280661583,0.3,0.2,1.0000000000000002e-06
35,4,0.0944315642118454,0.004412261303514242,0.14736920595169067,0.22904270887374878,0.3,0.2,1.0000000000000002e-06
35,5,0.19281044602394104,0.007443804759532213,0.386982262134552,0.3463597297668457,0.3,0.2,1.0000000000000002e-06
35,6,0.032518815249204636,0.003237285651266575,0.04193300008773804,0.08350814133882523,0.3,0.2,1.0000000000000002e-06
35,7,0.08532211929559708,0.0019022624474018812,0.13746440410614014,0.21090266108512878,0.3,0.2,1.0000000000000002e-06
35,8,0.1378217488527298,0.005780520383268595,0.27767103910446167,0.24369961023330688,0.3,0.2,1.0000000000000002e-06
35,9,0.2003152072429657,0.013050766661763191,0.35676467418670654,0.4011751711368561,0.3,0.2,1.0000000000000002e-06
35,10,0.10573922097682953,0.0045063309371471405,0.15980225801467896,0.266461044549942,0.3,0.2,1.0000000000000002e-06
35,11,0.20644763112068176,0.010634795762598515,0.31190985441207886,0.511199414730072,0.3,0.2,1.0000000000000002e-06
35,12,0.03980438411235809,0.0032937421929091215,0.04409688711166382,0.11640788614749908,0.3,0.2,1.0000000000000002e-06
35,13,0.04783058539032936,0.0016545975813642144,0.04239565134048462,0.1672864407300949,0.3,0.2,1.0000000000000002e-06
35,14,0.04036654904484749,0.00642681447789073,0.03154557943344116,0.12238030135631561,0.3,0.2,1.0000000000000002e-06
35,15,0.052128881216049194,0.008636722341179848,0.03661787509918213,0.1625339686870575,0.3,0.2,1.0000000000000002e-06
35,16,0.05476575344800949,0.011700297705829144,0.043637096881866455,0.14987163245677948,0.3,0.2,1.0000000000000002e-06
35,17,0.0800183042883873,0.01140678022056818,0.10570293664932251,0.1845032125711441,0.3,0.2,1.0000000000000002e-06
35,18,0.08403290063142776,0.0035152581986039877,0.14100879430770874,0.19107501208782196,0.3,0.2,1.0000000000000002e-06
35,19,0.07817867398262024,0.004376827273517847,0.15223264694213867,0.14066025614738464,0.3,0.2,1.0000000000000002e-06
35,20,0.09967492520809174,0.006152799818664789,0.13641232252120972,0.26299214363098145,0.3,0.2,1.0000000000000002e-06
35,21,0.050392698496580124,0.0015407931059598923,0.09797996282577515,0.09728957712650299,0.3,0.2,1.0000000000000002e-06
35,22,0.2789951264858246,0.01826130971312523,0.48725754022598267,0.5727826952934265,0.3,0.2,1.0000000000000002e-06
35,23,0.08153223246335983,0.004133096430450678,0.1777660846710205,0.1203465387225151,0.3,0.2,1.0000000000000002e-06
35,24,0.21578145027160645,0.011692848987877369,0.34617990255355835,0.5011730790138245,0.3,0.2,1.0000000000000002e-06
35,25,0.08746959269046783,0.0034899532329291105,0.14697480201721191,0.1994360089302063,0.3,0.2,1.0000000000000002e-06
35,26,0.06785310804843903,0.0015502788592129946,0.033008038997650146,0.2820020616054535,0.3,0.2,1.0000000000000002e-06
35,27,0.099083811044693,0.008973768912255764,0.12900876998901367,0.2570370137691498,0.3,0.2,1.0000000000000002e-06
35,28,0.05642350763082504,0.007006391882896423,0.057298123836517334,0.1611383706331253,0.3,0.2,1.0000000000000002e-06
35,29,0.11684417724609375,0.011958533897995949,0.17862313985824585,0.2564935088157654,0.3,0.2,1.0000000000000002e-06
35,30,0.29072606563568115,0.022338705137372017,0.5889734029769897,0.45847663283348083,0.3,0.2,1.0000000000000002e-06
35,31,0.06302862614393234,0.007747972384095192,0.1369171142578125,0.07102756202220917,0.3,0.2,1.0000000000000002e-06
35,32,0.10600971430540085,0.004323867615312338,0.17891818284988403,0.24005195498466492,0.3,0.2,1.0000000000000002e-06
35,33,0.07558965682983398,0.020780518651008606,0.04595518112182617,0.20511288940906525,0.3,0.2,1.0000000000000002e-06
35,34,0.07973060011863708,0.009923121891915798,0.08948606252670288,0.21480825543403625,0.3,0.2,1.0000000000000002e-06
35,35,0.10019399225711823,0.006311009172350168,0.1337164044380188,0.2688402831554413,0.3,0.2,1.0000000000000002e-06
35,36,0.07686415314674377,0.010831082239747047,0.03832322359085083,0.27268049120903015,0.3,0.2,1.0000000000000002e-06
35,37,0.08458110690116882,0.004401749931275845,0.21802514791488647,0.07385905086994171,0.3,0.2,1.0000000000000002e-06
35,38,0.045438505709171295,0.002164455596357584,0.04721611738204956,0.1455460786819458,0.3,0.2,1.0000000000000002e-06
35,39,0.08920679241418839,0.004049050621688366,0.21466004848480225,0.10379860550165176,0.3,0.2,1.0000000000000002e-06
35,40,0.05616390332579613,0.0014531356282532215,0.03399944305419922,0.22255466878414154,0.3,0.2,1.0000000000000002e-06
35,41,0.20102530717849731,0.007846211083233356,0.35081446170806885,0.4396737217903137,0.3,0.2,1.0000000000000002e-06
35,42,0.25595879554748535,0.018529489636421204,0.4716450572013855,0.47967883944511414,0.3,0.2,1.0000000000000002e-06
35,43,0.13822685182094574,0.002862385241314769,0.10973113775253296,0.5122255682945251,0.3,0.2,1.0000000000000002e-06
35,44,0.09279803186655045,0.004047855734825134,0.18036621809005737,0.1732015460729599,0.3,0.2,1.0000000000000002e-06
35,45,0.08527690917253494,0.002821620088070631,0.20280182361602783,0.10807369649410248,0.3,0.2,1.0000000000000002e-06
35,46,0.055184558033943176,0.003264079336076975,0.028682351112365723,0.216578871011734,0.3,0.2,1.0000000000000002e-06
35,47,0.07951506972312927,0.010765433311462402,0.06819933652877808,0.24144919216632843,0.3,0.2,1.0000000000000002e-06
35,48,0.07630474865436554,0.0038041304796934128,0.11716991662979126,0.1867482215166092,0.3,0.2,1.0000000000000002e-06
35,49,0.07011145353317261,0.00677244458347559,0.13835281133651733,0.10916583240032196,0.3,0.2,1.0000000000000002e-06
35,50,0.04610300064086914,0.0033141355961561203,0.04959285259246826,0.13955503702163696,0.3,0.2,1.0000000000000002e-06
35,51,0.165545254945755,0.0034906743094325066,0.19591164588928223,0.5164054036140442,0.3,0.2,1.0000000000000002e-06
35,52,0.09779263287782669,0.0072731077671051025,0.21389788389205933,0.13175076246261597,0.3,0.2,1.0000000000000002e-06
35,53,0.04589991271495819,0.00439524557441473,0.035887181758880615,0.1536925584077835,0.3,0.2,1.0000000000000002e-06
35,54,0.05935532599687576,0.00979156419634819,0.04252403974533081,0.18403273820877075,0.3,0.2,1.0000000000000002e-06
35,55,0.0599299818277359,0.0022332691587507725,0.11721128225326538,0.11266662180423737,0.3,0.2,1.0000000000000002e-06
35,56,0.05243323743343353,0.0034899357706308365,0.09200078248977661,0.10671531409025192,0.3,0.2,1.0000000000000002e-06
35,57,0.07940790057182312,0.008227442391216755,0.07613599300384521,0.24169830977916718,0.3,0.2,1.0000000000000002e-06
35,58,0.08747503161430359,0.004952725023031235,0.1910068392753601,0.12610124051570892,0.3,0.2,1.0000000000000002e-06
35,59,0.05321962386369705,0.004423900973051786,0.10142749547958374,0.09183735400438309,0.3,0.2,1.0000000000000002e-06
35,60,0.08736567944288254,0.0058226799592375755,0.14313703775405884,0.19300943613052368,0.3,0.2,1.0000000000000002e-06
35,61,0.09750761091709137,0.015977319329977036,0.04598879814147949,0.33866825699806213,0.3,0.2,1.0000000000000002e-06
35,62,0.052098676562309265,0.007841167971491814,0.037280499935150146,0.1653667837381363,0.3,0.2,1.0000000000000002e-06
35,63,0.1046084463596344,0.0063086762093007565,0.13772886991500854,0.2849055528640747,0.3,0.2,1.0000000000000002e-06
35,64,0.12041297554969788,0.011057659983634949,0.195453941822052,0.25359562039375305,0.3,0.2,1.0000000000000002e-06
35,65,0.051188912242650986,0.008704922161996365,0.03332334756851196,0.162434920668602,0.3,0.2,1.0000000000000002e-06
35,66,0.06797000765800476,0.003814537776634097,0.08366656303405762,0.19527751207351685,0.3,0.2,1.0000000000000002e-06
35,67,0.05647626146674156,0.01009034737944603,0.041629016399383545,0.16948604583740234,0.3,0.2,1.0000000000000002e-06
35,68,0.05173564702272415,0.002752679865807295,0.10318338871002197,0.09013976156711578,0.3,0.2,1.0000000000000002e-06
35,69,0.0642542764544487,0.0033100382424890995,0.11342012882232666,0.1345909833908081,0.3,0.2,1.0000000000000002e-06
35,70,0.07170502841472626,0.005496683530509472,0.06861776113510132,0.22811506688594818,0.3,0.2,1.0000000000000002e-06
35,71,0.09996126592159271,0.01003217976540327,0.14298945665359497,0.23516124486923218,0.3,0.2,1.0000000000000002e-06
35,72,0.1468649059534073,0.005730221979320049,0.1961767077445984,0.41140836477279663,0.3,0.2,1.0000000000000002e-06
35,73,0.08329888433218002,0.013027851469814777,0.08413338661193848,0.2251550704240799,0.3,0.2,1.0000000000000002e-06
35,74,0.048892274498939514,0.0011826438130810857,0.04178112745285034,0.1758764535188675,0.3,0.2,1.0000000000000002e-06
35,75,0.07263047993183136,0.0025805679615586996,0.13653111457824707,0.14545287191867828,0.3,0.2,1.0000000000000002e-06
35,76,0.06004641205072403,0.0027530486695468426,0.0859975814819336,0.1574704349040985,0.3,0.2,1.0000000000000002e-06
35,77,0.18808773159980774,0.009943571873009205,0.2809235453605652,0.4693354666233063,0.3,0.2,1.0000000000000002e-06
35,78,0.06302152574062347,0.003057030262425542,0.07309776544570923,0.1901758313179016,0.3,0.2,1.0000000000000002e-06
35,79,0.07792095094919205,0.010224055498838425,0.10905736684799194,0.1748984158039093,0.3,0.2,1.0000000000000002e-06
35,80,0.05137941986322403,0.004811753984540701,0.030155420303344727,0.18760518729686737,0.3,0.2,1.0000000000000002e-06
35,81,0.07958145439624786,0.009256212040781975,0.09829550981521606,0.2041829377412796,0.3,0.2,1.0000000000000002e-06
35,82,0.14976271986961365,0.011339771561324596,0.2814851403236389,0.2698870301246643,0.3,0.2,1.0000000000000002e-06
35,83,0.17371967434883118,0.004732947796583176,0.2285524606704712,0.5021049380302429,0.3,0.2,1.0000000000000002e-06
35,84,0.07814765721559525,0.0023629318457096815,0.17018818855285645,0.12364133447408676,0.3,0.2,1.0000000000000002e-06
35,85,0.078199602663517,0.0055009457282722,0.09513276815414429,0.22079414129257202,0.3,0.2,1.0000000000000002e-06
35,86,0.08316175639629364,0.011555738747119904,0.06364238262176514,0.2625665068626404,0.3,0.2,1.0000000000000002e-06
35,87,0.06608910113573074,0.008620156906545162,0.07148116827011108,0.1801229566335678,0.3,0.2,1.0000000000000002e-06
35,88,0.08263081312179565,0.004011466633528471,0.07844728231430054,0.2754257917404175,0.3,0.2,1.0000000000000002e-06
35,89,0.05371607840061188,0.0034779321867972612,0.09904485940933228,0.10262343287467957,0.3,0.2,1.0000000000000002e-06
35,90,0.05002312362194061,0.004518597852438688,0.05773603916168213,0.1409185528755188,0.3,0.2,1.0000000000000002e-06
35,91,0.0973823219537735,0.004704782739281654,0.11565965414047241,0.28989818692207336,0.3,0.2,1.0000000000000002e-06
35,92,0.04908750206232071,0.006396126002073288,0.03404432535171509,0.16239039599895477,0.3,0.2,1.0000000000000002e-06
35,93,0.061462920159101486,0.002830751705914736,0.11077636480331421,0.12699627876281738,0.3,0.2,1.0000000000000002e-06
35,94,0.09054873883724213,0.012825006619095802,0.07824337482452393,0.2712535560131073,0.3,0.2,1.0000000000000002e-06
35,95,0.08918951451778412,0.01189801562577486,0.07465255260467529,0.27447864413261414,0.3,0.2,1.0000000000000002e-06
35,96,0.08280157297849655,0.0026411120779812336,0.14680933952331543,0.18058829009532928,0.3,0.2,1.0000000000000002e-06
35,97,0.29088202118873596,0.03126286715269089,0.5650619268417358,0.45050278306007385,0.3,0.2,1.0000000000000002e-06
35,98,0.1326630413532257,0.00503840995952487,0.1616385579109192,0.39566531777381897,0.3,0.2,1.0000000000000002e-06
36,0,0.05952974408864975,0.004518012050539255,0.05773097276687622,0.18846218287944794,0.3,0.2,1.0000000000000002e-06
36,1,0.09716826677322388,0.006150878965854645,0.13639521598815918,0.250494122505188,0.3,0.2,1.0000000000000002e-06
36,2,0.24514052271842957,0.017195632681250572,0.5012656450271606,0.38782593607902527,0.3,0.2,1.0000000000000002e-06
36,3,0.10225309431552887,0.007320441771298647,0.2231641411781311,0.13991700112819672,0.3,0.2,1.0000000000000002e-06
36,4,0.058675020933151245,0.0032624206505715847,0.028673410415649414,0.2340528666973114,0.3,0.2,1.0000000000000002e-06
36,5,0.06870771199464798,0.004424217622727156,0.10142982006072998,0.16927273571491241,0.3,0.2,1.0000000000000002e-06
36,6,0.0757938101887703,0.008617325685918331,0.07147055864334106,0.22867657244205475,0.3,0.2,1.0000000000000002e-06
36,7,0.07203082740306854,0.0067717647179961205,0.13834398984909058,0.11877933144569397,0.3,0.2,1.0000000000000002e-06
36,8,0.17023110389709473,0.004792383871972561,0.24052321910858154,0.46640875935554504,0.3,0.2,1.0000000000000002e-06
36,9,0.08467655628919601,0.005494609475135803,0.06859683990478516,0.2930144667625427,0.3,0.2,1.0000000000000002e-06
36,10,0.057386673986911774,0.002752489410340786,0.08598655462265015,0.14419107139110565,0.3,0.2,1.0000000000000002e-06
36,11,0.09221626818180084,0.004687569569796324,0.11565572023391724,0.2641599178314209,0.3,0.2,1.0000000000000002e-06
36,12,0.11550714075565338,0.011957788839936256,0.17860466241836548,0.24983975291252136,0.3,0.2,1.0000000000000002e-06
36,13,0.04772380739450455,0.003281587967649102,0.07342320680618286,0.11207626760005951,0.3,0.2,1.0000000000000002e-06
36,14,0.07845557481050491,0.004051683470606804,0.1423630714416504,0.1584748476743698,0.3,0.2,1.0000000000000002e-06
36,15,0.060656365007162094,0.0063943020068109035,0.03403949737548828,0.22025106847286224,0.3,0.2,1.0000000000000002e-06
36,16,0.26894769072532654,0.01875927858054638,0.5238792300224304,0.46512317657470703,0.3,0.2,1.0000000000000002e-06
36,17,0.0539601594209671,0.0043992409482598305,0.0358847975730896,0.19397738575935364,0.3,0.2,1.0000000000000002e-06
36,18,0.2719239294528961,0.019638529047369957,0.5739840269088745,0.4004509150981903,0.3,0.2,1.0000000000000002e-06
36,19,0.17532680928707123,0.0034141612704843283,0.19776618480682373,0.5629139542579651,0.3,0.2,1.0000000000000002e-06
36,20,0.05515556037425995,0.0014972006902098656,0.09564369916915894,0.12482625246047974,0.3,0.2,1.0000000000000002e-06
36,21,0.08337908238172531,0.010766448453068733,0.06819307804107666,0.26077353954315186,0.3,0.2,1.0000000000000002e-06
36,22,0.07358307391405106,0.009919621981680393,0.08948326110839844,0.18409235775470734,0.3,0.2,1.0000000000000002e-06
36,23,0.03169131651520729,0.0032390132546424866,0.04192692041397095,0.0793711245059967,0.3,0.2,1.0000000000000002e-06
36,24,0.21876950562000275,0.010801293887197971,0.35636985301971436,0.5052862763404846,0.3,0.2,1.0000000000000002e-06
36,25,0.058643072843551636,0.010090513154864311,0.04162341356277466,0.1803276687860489,0.3,0.2,1.0000000000000002e-06
36,26,0.20228426158428192,0.008561814203858376,0.3356693387031555,0.4651082158088684,0.3,0.2,1.0000000000000002e-06
36,27,0.08486100286245346,0.011552681215107441,0.06363284587860107,0.27109232544898987,0.3,0.2,1.0000000000000002e-06
36,28,0.07987658679485321,0.010217301547527313,0.10903054475784302,0.18475057184696198,0.3,0.2,1.0000000000000002e-06
36,29,0.08538615703582764,0.0025794850662350655,0.13653314113616943,0.20923364162445068,0.3,0.2,1.0000000000000002e-06
36,30,0.19427427649497986,0.011712123639881611,0.33694690465927124,0.4073903262615204,0.3,0.2,1.0000000000000002e-06
36,31,0.07585122436285019,0.009255778044462204,0.0982973575592041,0.18553118407726288,0.3,0.2,1.0000000000000002e-06
36,32,0.08618878573179245,0.008222921751439571,0.07611072063446045,0.27566322684288025,0.3,0.2,1.0000000000000002e-06
36,33,0.08718578517436981,0.004785527009516954,0.19788074493408203,0.11518014967441559,0.3,0.2,1.0000000000000002e-06
36,34,0.05607181042432785,0.002232999773696065,0.11718493700027466,0.09341665357351303,0.3,0.2,1.0000000000000002e-06
36,35,0.07605204731225967,0.020772265270352364,0.04594177007675171,0.20748624205589294,0.3,0.2,1.0000000000000002e-06
36,36,0.058657027781009674,0.008696520701050758,0.0333094596862793,0.19983834028244019,0.3,0.2,1.0000000000000002e-06
36,37,0.05968233197927475,0.011696511879563332,0.04361748695373535,0.17450284957885742,0.3,0.2,1.0000000000000002e-06
36,38,0.050961337983608246,0.0012128433445468545,0.04104512929916382,0.18717476725578308,0.3,0.2,1.0000000000000002e-06
36,39,0.09184125065803528,0.0035137622617185116,0.14099645614624023,0.2301427274942398,0.3,0.2,1.0000000000000002e-06
36,40,0.09818752110004425,0.01597164385020733,0.0459710955619812,0.34212276339530945,0.3,0.2,1.0000000000000002e-06
36,41,0.08493927121162415,0.011889684945344925,0.0746309757232666,0.2533014714717865,0.3,0.2,1.0000000000000002e-06
36,42,0.08313076943159103,0.004132919013500214,0.17775189876556396,0.12836140394210815,0.3,0.2,1.0000000000000002e-06
36,43,0.04487469047307968,0.0032937966752797365,0.04409372806549072,0.14176388084888458,0.3,0.2,1.0000000000000002e-06
36,44,0.13978782296180725,0.005341582931578159,0.16464215517044067,0.42526790499687195,0.3,0.2,1.0000000000000002e-06
36,45,0.0472324974834919,0.007838201709091663,0.03727203607559204,0.14106342196464539,0.3,0.2,1.0000000000000002e-06
36,46,0.07592682540416718,0.0070108287036418915,0.05729764699935913,0.2586335241794586,0.3,0.2,1.0000000000000002e-06
36,47,0.06358049064874649,0.003312967251986265,0.11342889070510864,0.13119426369667053,0.3,0.2,1.0000000000000002e-06
36,48,0.07569786161184311,0.002414369722828269,0.17442893981933594,0.10477404296398163,0.3,0.2,1.0000000000000002e-06
36,49,0.08579538762569427,0.004010890610516071,0.07844728231430054,0.2912515699863434,0.3,0.2,1.0000000000000002e-06
36,50,0.10670352727174759,0.010031165555119514,0.14298540353775024,0.26888370513916016,0.3,0.2,1.0000000000000002e-06
36,51,0.08715508878231049,0.004446046426892281,0.21901750564575195,0.08501896262168884,0.3,0.2,1.0000000000000002e-06
36,52,0.14287905395030975,0.011337362229824066,0.2814789414405823,0.23549002408981323,0.3,0.2,1.0000000000000002e-06
36,53,0.04752206802368164,0.0015398444375023246,0.09797465801239014,0.08294910937547684,0.3,0.2,1.0000000000000002e-06
36,54,0.16825667023658752,0.005778426304459572,0.2776772975921631,0.3958752751350403,0.3,0.2,1.0000000000000002e-06
36,55,0.07686527073383331,0.011388640850782394,0.1056775450706482,0.1688668131828308,0.3,0.2,1.0000000000000002e-06
36,56,0.11501357704401016,0.011051014065742493,0.1954548954963684,0.22663044929504395,0.3,0.2,1.0000000000000002e-06
36,57,0.04822196811437607,0.0014656356070190668,0.03881680965423584,0.17555645108222961,0.3,0.2,1.0000000000000002e-06
36,58,0.05834715813398361,0.002751652617007494,0.10318583250045776,0.12319876998662949,0.3,0.2,1.0000000000000002e-06
36,59,0.2029641568660736,0.01355047058314085,0.3706839680671692,0.39104244112968445,0.3,0.2,1.0000000000000002e-06
36,60,0.07220810651779175,0.01082699466496706,0.03831470012664795,0.2494334876537323,0.3,0.2,1.0000000000000002e-06
36,61,0.08253597468137741,0.0028208682779222727,0.2027847170829773,0.09439845383167267,0.3,0.2,1.0000000000000002e-06
36,62,0.08641524612903595,0.003808653447777033,0.17337697744369507,0.15296749770641327,0.3,0.2,1.0000000000000002e-06
36,63,0.10160472989082336,0.004325323272496462,0.17890334129333496,0.2180420160293579,0.3,0.2,1.0000000000000002e-06
36,64,0.09713680297136307,0.003490653820335865,0.14696788787841797,0.24777890741825104,0.3,0.2,1.0000000000000002e-06
36,65,0.09132476150989532,0.0040489425882697105,0.21463751792907715,0.11442281305789948,0.3,0.2,1.0000000000000002e-06
36,66,0.0712355300784111,0.0038046108093112707,0.11717933416366577,0.16138559579849243,0.3,0.2,1.0000000000000002e-06
36,67,0.09606605768203735,0.0063118417747318745,0.13372141122817993,0.24818897247314453,0.3,0.2,1.0000000000000002e-06
36,68,0.18263719975948334,0.009718066081404686,0.2770947217941284,0.4489535391330719,0.3,0.2,1.0000000000000002e-06
36,69,0.09923552721738815,0.012822700664401054,0.07824641466140747,0.31469449400901794,0.3,0.2,1.0000000000000002e-06
36,70,0.07506316900253296,0.0018986042123287916,0.13748586177825928,0.15959402918815613,0.3,0.2,1.0000000000000002e-06
36,71,0.060476526618003845,0.002830618992447853,0.1107720136642456,0.1220715120434761,0.3,0.2,1.0000000000000002e-06
36,72,0.09685025364160538,0.006305269431322813,0.13773858547210693,0.24611704051494598,0.3,0.2,1.0000000000000002e-06
36,73,0.0462561771273613,0.0033119264990091324,0.04958987236022949,0.14033642411231995,0.3,0.2,1.0000000000000002e-06
36,74,0.06163632869720459,0.00381252053193748,0.08365660905838013,0.16363412141799927,0.3,0.2,1.0000000000000002e-06
36,75,0.05409246310591698,0.0021771853789687157,0.035787999629974365,0.20589439570903778,0.3,0.2,1.0000000000000002e-06
36,76,0.06611374020576477,0.009790031239390373,0.04250538349151611,0.21786049008369446,0.3,0.2,1.0000000000000002e-06
36,77,0.10319363325834274,0.004409732762724161,0.14732211828231812,0.27293631434440613,0.3,0.2,1.0000000000000002e-06
36,78,0.08413389325141907,0.005499070510268211,0.09512579441070557,0.25048545002937317,0.3,0.2,1.0000000000000002e-06
36,79,0.14988327026367188,0.004104177933186293,0.1436680555343628,0.5133934020996094,0.3,0.2,1.0000000000000002e-06
36,80,0.07931355386972427,0.002437914488837123,0.1449795365333557,0.1669088751077652,0.3,0.2,1.0000000000000002e-06
36,81,0.07563227415084839,0.007750425487756729,0.13690274953842163,0.13405512273311615,0.3,0.2,1.0000000000000002e-06
36,82,0.05945995822548866,0.0034764385782182217,0.09903055429458618,0.13137176632881165,0.3,0.2,1.0000000000000002e-06
36,83,0.10028930008411407,0.004552989266812801,0.15450334548950195,0.24692651629447937,0.3,0.2,1.0000000000000002e-06
36,84,0.19524309039115906,0.006530748680233955,0.349162757396698,0.41981756687164307,0.3,0.2,1.0000000000000002e-06
36,85,0.13792206346988678,0.006872731726616621,0.22940218448638916,0.3111433982849121,0.3,0.2,1.0000000000000002e-06
36,86,0.09878818690776825,0.008970330469310284,0.1290048360824585,0.2555820047855377,0.3,0.2,1.0000000000000002e-06
36,87,0.05368616059422493,0.0031105871312320232,0.07309126853942871,0.14324095845222473,0.3,0.2,1.0000000000000002e-06
36,88,0.053324922919273376,0.0034909455571323633,0.09199857711791992,0.11117201298475266,0.3,0.2,1.0000000000000002e-06
36,89,0.2749888598918915,0.03171296417713165,0.5489906072616577,0.392893522977829,0.3,0.2,1.0000000000000002e-06
36,90,0.07951593399047852,0.013025077991187572,0.08413219451904297,0.20625600218772888,0.3,0.2,1.0000000000000002e-06
36,91,0.050190724432468414,0.004809010773897171,0.030147910118103027,0.18168669939041138,0.3,0.2,1.0000000000000002e-06
36,92,0.06772159039974213,0.008628838695585728,0.03661233186721802,0.24054524302482605,0.3,0.2,1.0000000000000002e-06
36,93,0.06741555035114288,0.004729088861495256,0.11419957876205444,0.1421329379081726,0.3,0.2,1.0000000000000002e-06
36,94,0.053528547286987305,0.0013543643290176988,0.035716891288757324,0.20729556679725647,0.3,0.2,1.0000000000000002e-06
36,95,0.05164925754070282,0.002164403675124049,0.04721629619598389,0.17659981548786163,0.3,0.2,1.0000000000000002e-06
36,96,0.086784228682518,0.005820914637297392,0.14312249422073364,0.19013281166553497,0.3,0.2,1.0000000000000002e-06
36,97,0.03971292823553085,0.006422897335141897,0.031534552574157715,0.11914832144975662,0.3,0.2,1.0000000000000002e-06
36,98,0.06741820275783539,0.001559048076160252,0.0336834192276001,0.2787706255912781,0.3,0.2,1.0000000000000002e-06
37,0,0.04771413281559944,0.007837806828320026,0.037271082401275635,0.1434750109910965,0.3,0.2,1.0000000000000002e-06
37,1,0.08304936438798904,0.004407073836773634,0.1473049521446228,0.17225401103496552,0.3,0.2,1.0000000000000002e-06
37,2,0.055339984595775604,0.003277765354141593,0.07341516017913818,0.1501883566379547,0.3,0.2,1.0000000000000002e-06
37,3,0.055586077272892,0.011688312515616417,0.043598473072052,0.15409111976623535,0.3,0.2,1.0000000000000002e-06
37,4,0.09389474987983704,0.012823144905269146,0.0782308578491211,0.28801172971725464,0.3,0.2,1.0000000000000002e-06
37,5,0.0518670380115509,0.00978119857609272,0.042483389377593994,0.14670412242412567,0.3,0.2,1.0000000000000002e-06
37,6,0.10405523329973221,0.006148997228592634,0.13639163970947266,0.28494369983673096,0.3,0.2,1.0000000000000002e-06
37,7,0.059508368372917175,0.002232643309980631,0.11717498302459717,0.11061615496873856,0.3,0.2,1.0000000000000002e-06
37,8,0.07325950264930725,0.0038135384675115347,0.08363914489746094,0.22177110612392426,0.3,0.2,1.0000000000000002e-06
37,9,0.04634040594100952,0.00869776587933302,0.033311307430267334,0.13824622333049774,0.3,0.2,1.0000000000000002e-06
37,10,0.06610815972089767,0.01597663387656212,0.045977652072906494,0.18169113993644714,0.3,0.2,1.0000000000000002e-06
37,11,0.06609940528869629,0.004424387589097023,0.10141479969024658,0.1562528908252716,0.3,0.2,1.0000000000000002e-06
37,12,0.2640874683856964,0.018276654183864594,0.5044167041778564,0.47242891788482666,0.3,0.2,1.0000000000000002e-06
37,13,0.1969018578529358,0.01081535778939724,0.32425642013549805,0.4440477788448334,0.3,0.2,1.0000000000000002e-06
37,14,0.07740920782089233,0.011891129426658154,0.07463175058364868,0.2156427651643753,0.3,0.2,1.0000000000000002e-06
37,15,0.0501144640147686,0.0034871522802859545,0.091971755027771,0.09517890959978104,0.3,0.2,1.0000000000000002e-06
37,16,0.07691390812397003,0.008614446967840195,0.07146638631820679,0.2342977225780487,0.3,0.2,1.0000000000000002e-06
37,17,0.04535309225320816,0.0013286094181239605,0.039351701736450195,0.16109487414360046,0.3,0.2,1.0000000000000002e-06
37,18,0.05980853736400604,0.001185668515972793,0.041174888610839844,0.23135200142860413,0.3,0.2,1.0000000000000002e-06
37,19,0.2533003091812134,0.019799161702394485,0.4915016293525696,0.4302533268928528,0.3,0.2,1.0000000000000002e-06
37,20,0.10458053648471832,0.007295349147170782,0.21920078992843628,0.1576247215270996,0.3,0.2,1.0000000000000002e-06
37,21,0.14886829257011414,0.00543575081974268,0.1671602725982666,0.46642228960990906,0.3,0.2,1.0000000000000002e-06
37,22,0.06350469589233398,0.007012607995420694,0.05729550123214722,0.1965171843767166,0.3,0.2,1.0000000000000002e-06
37,23,0.06930586695671082,0.006775467656552792,0.138353168964386,0.10512221604585648,0.3,0.2,1.0000000000000002e-06
37,24,0.09260444343090057,0.0043174149468541145,0.1788097620010376,0.1732204705476761,0.3,0.2,1.0000000000000002e-06
37,25,0.09206968545913696,0.004378090146929026,0.22156023979187012,0.1061175987124443,0.3,0.2,1.0000000000000002e-06
37,26,0.09541989862918854,0.002637068508192897,0.14894473552703857,0.24049703776836395,0.3,0.2,1.0000000000000002e-06
37,27,0.20225206017494202,0.006586012896150351,0.3419265151023865,0.46544042229652405,0.3,0.2,1.0000000000000002e-06
37,28,0.23453739285469055,0.015529860742390156,0.40666961669921875,0.4850332736968994,0.3,0.2,1.0000000000000002e-06
37,29,0.050682008266448975,0.0031075854785740376,0.07306480407714844,0.12827490270137787,0.3,0.2,1.0000000000000002e-06
37,30,0.04920107498764992,0.0045131961815059185,0.057726919651031494,0.13684900104999542,0.3,0.2,1.0000000000000002e-06
37,31,0.07913337647914886,0.008634662255644798,0.036607205867767334,0.297582745552063,0.3,0.2,1.0000000000000002e-06
37,32,0.09457284212112427,0.0063076382502913475,0.1336866021156311,0.2407960742712021,0.3,0.2,1.0000000000000002e-06
37,33,0.06732074171304703,0.006417400669306517,0.03152275085449219,0.25723257660865784,0.3,0.2,1.0000000000000002e-06
37,34,0.05235373601317406,0.0021810561884194613,0.03579443693161011,0.19717173278331757,0.3,0.2,1.0000000000000002e-06
37,35,0.05133330076932907,0.003260968951508403,0.028669297695159912,0.19735769927501678,0.3,0.2,1.0000000000000002e-06
37,36,0.11179730296134949,0.0027675549499690533,0.10129547119140625,0.3932054936885834,0.3,0.2,1.0000000000000002e-06
37,37,0.18664062023162842,0.011171071790158749,0.3033783435821533,0.4222801625728607,0.3,0.2,1.0000000000000002e-06
37,38,0.048498526215553284,0.0015395808732137084,0.09796655178070068,0.08784489333629608,0.3,0.2,1.0000000000000002e-06
37,39,0.08801913261413574,0.005806786939501762,0.14301109313964844,0.1965450793504715,0.3,0.2,1.0000000000000002e-06
37,40,0.07885979115962982,0.009917598217725754,0.08945482969284058,0.2105286866426468,0.3,0.2,1.0000000000000002e-06
37,41,0.07874896377325058,0.009269426576793194,0.098330557346344,0.19990184903144836,0.3,0.2,1.0000000000000002e-06
37,42,0.044016048312187195,0.0032945903949439526,0.04408299922943115,0.13748277723789215,0.3,0.2,1.0000000000000002e-06
37,43,0.08394011855125427,0.004159777425229549,0.14992839097976685,0.17400912940502167,0.3,0.2,1.0000000000000002e-06
37,44,0.11994668841362,0.011064818128943443,0.195459246635437,0.2512204349040985,0.3,0.2,1.0000000000000002e-06
37,45,0.08138248324394226,0.0054921964183449745,0.06860047578811646,0.2765507102012634,0.3,0.2,1.0000000000000002e-06
37,46,0.09023451805114746,0.0034831117372959852,0.14691275358200073,0.21338790655136108,0.3,0.2,1.0000000000000002e-06
37,47,0.22438085079193115,0.010192216373980045,0.3800910711288452,0.5008065104484558,0.3,0.2,1.0000000000000002e-06
37,48,0.09164227545261383,0.005134641192853451,0.19643551111221313,0.13788491487503052,0.3,0.2,1.0000000000000002e-06
37,49,0.09562188386917114,0.011403823271393776,0.10568243265151978,0.26256662607192993,0.3,0.2,1.0000000000000002e-06
37,50,0.0815783366560936,0.01303066499531269,0.0841062068939209,0.21657904982566833,0.3,0.2,1.0000000000000002e-06
37,51,0.06281518936157227,0.0027534652035683393,0.0859798789024353,0.17133882641792297,0.3,0.2,1.0000000000000002e-06
37,52,0.06294427812099457,0.020781736820936203,0.04593479633331299,0.14191050827503204,0.3,0.2,1.0000000000000002e-06
37,53,0.09159445762634277,0.004685643594712019,0.11564868688583374,0.26107099652290344,0.3,0.2,1.0000000000000002e-06
37,54,0.1167556643486023,0.01195342093706131,0.1785649061203003,0.2561638653278351,0.3,0.2,1.0000000000000002e-06
37,55,0.08630553632974625,0.0041614859364926815,0.17773336172103882,0.1441202014684677,0.3,0.2,1.0000000000000002e-06
37,56,0.05015754699707031,0.002165412763133645,0.04719245433807373,0.1691719889640808,0.3,0.2,1.0000000000000002e-06
37,57,0.057773515582084656,0.0028319102711975574,0.11076372861862183,0.1085624247789383,0.3,0.2,1.0000000000000002e-06
37,58,0.07921171188354492,0.002444259822368622,0.17234712839126587,0.1253165602684021,0.3,0.2,1.0000000000000002e-06
37,59,0.14998473227024078,0.011336230672895908,0.2814461588859558,0.27107322216033936,0.3,0.2,1.0000000000000002e-06
37,60,0.08351095020771027,0.0028224776033312082,0.20276612043380737,0.09929319471120834,0.3,0.2,1.0000000000000002e-06
37,61,0.2897932827472687,0.03292115777730942,0.5822461843490601,0.4109913110733032,0.3,0.2,1.0000000000000002e-06
37,62,0.1455768495798111,0.004577651619911194,0.21851128339767456,0.3772290349006653,0.3,0.2,1.0000000000000002e-06
37,63,0.07239337265491486,0.010091181844472885,0.04161250591278076,0.24909216165542603,0.3,0.2,1.0000000000000002e-06
37,64,0.10023151338100433,0.00897603202611208,0.12899881601333618,0.262779176235199,0.3,0.2,1.0000000000000002e-06
37,65,0.0524732731282711,0.002754439599812031,0.1031758189201355,0.09383042901754379,0.3,0.2,1.0000000000000002e-06
37,66,0.07506643235683441,0.0038073884788900614,0.1171754002571106,0.18053209781646729,0.3,0.2,1.0000000000000002e-06
37,67,0.10384595394134521,0.006298800464719534,0.13765007257461548,0.2812606692314148,0.3,0.2,1.0000000000000002e-06
37,68,0.10685546696186066,0.010040881112217903,0.14298731088638306,0.26959192752838135,0.3,0.2,1.0000000000000002e-06
37,69,0.06263384968042374,0.0013049650005996227,0.03597366809844971,0.2526839077472687,0.3,0.2,1.0000000000000002e-06
37,70,0.08019184321165085,0.01154993288218975,0.06361204385757446,0.24779148399829865,0.3,0.2,1.0000000000000002e-06
37,71,0.177204892039299,0.0037723614368587732,0.17871826887130737,0.5990852117538452,0.3,0.2,1.0000000000000002e-06
37,72,0.05071740597486496,0.006393080111593008,0.03402507305145264,0.17058402299880981,0.3,0.2,1.0000000000000002e-06
37,73,0.0765233039855957,0.0025808708742260933,0.13658678531646729,0.1648320108652115,0.3,0.2,1.0000000000000002e-06
37,74,0.08882416784763336,0.0040479847230017185,0.17326629161834717,0.16398143768310547,0.3,0.2,1.0000000000000002e-06
37,75,0.05411355942487717,0.004403036553412676,0.03587990999221802,0.19473274052143097,0.3,0.2,1.0000000000000002e-06
37,76,0.14829497039318085,0.005780410952866077,0.27770841121673584,0.2960101366043091,0.3,0.2,1.0000000000000002e-06
37,77,0.06399959325790405,0.004010660573840141,0.07842886447906494,0.1823013871908188,0.3,0.2,1.0000000000000002e-06
37,78,0.1435726135969162,0.005792886950075626,0.21104037761688232,0.37233805656433105,0.3,0.2,1.0000000000000002e-06
37,79,0.18749664723873138,0.009069940075278282,0.35116899013519287,0.3653799891471863,0.3,0.2,1.0000000000000002e-06
37,80,0.057800449430942535,0.001498138764873147,0.09563684463500977,0.13805626332759857,0.3,0.2,1.0000000000000002e-06
37,81,0.03095823898911476,0.0032383729703724384,0.04191774129867554,0.07572271674871445,0.3,0.2,1.0000000000000002e-06
37,82,0.07689695805311203,0.010824257507920265,0.03830254077911377,0.27290967106819153,0.3,0.2,1.0000000000000002e-06
37,83,0.052872903645038605,0.004807538818567991,0.03014582395553589,0.1951080709695816,0.3,0.2,1.0000000000000002e-06
37,84,0.0775221735239029,0.0019016660517081618,0.13741213083267212,0.17198431491851807,0.3,0.2,1.0000000000000002e-06
37,85,0.0897962674498558,0.004058549180626869,0.21461766958236694,0.10676208883523941,0.3,0.2,1.0000000000000002e-06
37,86,0.04522664099931717,0.0033116990234702826,0.04958301782608032,0.13520018756389618,0.3,0.2,1.0000000000000002e-06
37,87,0.05723973363637924,0.0047299484722316265,0.11418408155441284,0.09127279371023178,0.3,0.2,1.0000000000000002e-06
37,88,0.06720727682113647,0.001571316970512271,0.032493770122528076,0.27943915128707886,0.3,0.2,1.0000000000000002e-06
37,89,0.06548117101192474,0.007750694174319506,0.13689833879470825,0.08330485969781876,0.3,0.2,1.0000000000000002e-06
37,90,0.06245638430118561,0.0034777470864355564,0.09901732206344604,0.14636720716953278,0.3,0.2,1.0000000000000002e-06
37,91,0.07677172869443893,0.008220767602324486,0.07607555389404297,0.22864148020744324,0.3,0.2,1.0000000000000002e-06
37,92,0.292237251996994,0.01940152980387211,0.5845820903778076,0.4873054027557373,0.3,0.2,1.0000000000000002e-06
37,93,0.08149092644453049,0.010770203545689583,0.06818753480911255,0.25132229924201965,0.3,0.2,1.0000000000000002e-06
37,94,0.0720185786485672,0.010214541107416153,0.10899043083190918,0.14553453028202057,0.3,0.2,1.0000000000000002e-06
37,95,0.08603659272193909,0.00549990264698863,0.0951082706451416,0.26002103090286255,0.3,0.2,1.0000000000000002e-06
37,96,0.057174474000930786,0.0033139900770038366,0.11339890956878662,0.09920404851436615,0.3,0.2,1.0000000000000002e-06
37,97,0.08391402661800385,0.0035160849802196026,0.14097410440444946,0.19052854180335999,0.3,0.2,1.0000000000000002e-06
37,98,0.09723956882953644,0.004785883706063032,0.16420435905456543,0.21596185863018036,0.3,0.2,1.0000000000000002e-06
38,0,0.08202022314071655,0.0028213413897901773,0.2027440071105957,0.09187834709882736,0.3,0.2,1.0000000000000002e-06
38,1,0.05248188227415085,0.0032799977343529463,0.07340466976165771,0.13590241968631744,0.3,0.2,1.0000000000000002e-06
38,2,0.1484031081199646,0.005777125712484121,0.27756357192993164,0.29678449034690857,0.3,0.2,1.0000000000000002e-06
38,3,0.05369134992361069,0.0014969295589253306,0.09563183784484863,0.11752432584762573,0.3,0.2,1.0000000000000002e-06
38,4,0.15268360078334808,0.003683703485876322,0.17261278629302979,0.4860803186893463,0.3,0.2,1.0000000000000002e-06
38,5,0.08004328608512878,0.00925367884337902,0.09826231002807617,0.2065545916557312,0.3,0.2,1.0000000000000002e-06
38,6,0.09301280230283737,0.01139159593731165,0.10564017295837402,0.24964576959609985,0.3,0.2,1.0000000000000002e-06
38,7,0.15027785301208496,0.011339289136230946,0.28142666816711426,0.2725527882575989,0.3,0.2,1.0000000000000002e-06
38,8,0.09505820274353027,0.004052731674164534,0.21459269523620605,0.13313829898834229,0.3,0.2,1.0000000000000002e-06
38,9,0.06932889670133591,0.0038042913656681776,0.11713778972625732,0.15191632509231567,0.3,0.2,1.0000000000000002e-06
38,10,0.10439673811197281,0.004320432897657156,0.17881733179092407,0.23215553164482117,0.3,0.2,1.0000000000000002e-06
38,11,0.08306334912776947,0.010214372538030148,0.10898798704147339,0.20076288282871246,0.3,0.2,1.0000000000000002e-06
38,12,0.0443151518702507,0.007837671786546707,0.037259578704833984,0.1264980137348175,0.3,0.2,1.0000000000000002e-06
38,13,0.20818087458610535,0.01007946114987135,0.330805242061615,0.4942992031574249,0.3,0.2,1.0000000000000002e-06
38,14,0.05628950148820877,0.0033136499114334583,0.1133996844291687,0.09477972984313965,0.3,0.2,1.0000000000000002e-06
38,15,0.19694915413856506,0.011959060095250607,0.3273099660873413,0.43398550152778625,0.3,0.2,1.0000000000000002e-06
38,16,0.21664246916770935,0.016238443553447723,0.41654324531555176,0.3772052824497223,0.3,0.2,1.0000000000000002e-06
38,17,0.08917446434497833,0.005058332346379757,0.19155871868133545,0.13324257731437683,0.3,0.2,1.0000000000000002e-06
38,18,0.05472121387720108,0.0027512197848409414,0.10316503047943115,0.10510241240262985,0.3,0.2,1.0000000000000002e-06
38,19,0.06227754056453705,0.010816451162099838,0.038286030292510986,0.19987638294696808,0.3,0.2,1.0000000000000002e-06
38,20,0.09233628213405609,0.0024441168643534184,0.14391934871673584,0.2335818111896515,0.3,0.2,1.0000000000000002e-06
38,21,0.07732599228620529,0.0024903088342398405,0.17455852031707764,0.11234064400196075,0.3,0.2,1.0000000000000002e-06
38,22,0.08662793040275574,0.003513959003612399,0.1409550905227661,0.2041371911764145,0.3,0.2,1.0000000000000002e-06
38,23,0.058269403874874115,0.004728507716208696,0.1141698956489563,0.09644962847232819,0.3,0.2,1.0000000000000002e-06
38,24,0.06855776160955429,0.003812656970694661,0.0836225152015686,0.19829174876213074,0.3,0.2,1.0000000000000002e-06
38,25,0.09488826990127563,0.006150261498987675,0.13637453317642212,0.2391282618045807,0.3,0.2,1.0000000000000002e-06
38,26,0.0637078508734703,0.0022329280618578196,0.11715960502624512,0.13163518905639648,0.3,0.2,1.0000000000000002e-06
38,27,0.050453849136829376,0.004807102028280497,0.03013390302658081,0.18303288519382477,0.3,0.2,1.0000000000000002e-06
38,28,0.08374806493520737,0.004377527162432671,0.22035497426986694,0.06632020324468613,0.3,0.2,1.0000000000000002e-06
38,29,0.08029621839523315,0.004133420065045357,0.1777104139328003,0.1142483502626419,0.3,0.2,1.0000000000000002e-06
38,30,0.054718971252441406,0.004009658005088568,0.07841068506240845,0.13593053817749023,0.3,0.2,1.0000000000000002e-06
38,31,0.08559064567089081,0.0046871984377503395,0.11563676595687866,0.23106209933757782,0.3,0.2,1.0000000000000002e-06
38,32,0.043746694922447205,0.004395615309476852,0.035878539085388184,0.1429375857114792,0.3,0.2,1.0000000000000002e-06
38,33,0.06455600261688232,0.007746469229459763,0.13686275482177734,0.0787535235285759,0.3,0.2,1.0000000000000002e-06
38,34,0.04999997094273567,0.0031106402166187763,0.07308298349380493,0.12482216954231262,0.3,0.2,1.0000000000000002e-06
38,35,0.1740594208240509,0.008019836619496346,0.3160703778266907,0.3560923635959625,0.3,0.2,1.0000000000000002e-06
38,36,0.09489879012107849,0.003488081507384777,0.14690792560577393,0.2366916388273239,0.3,0.2,1.0000000000000002e-06
38,37,0.1743278056383133,0.006672994699329138,0.3456367254257202,0.3198189437389374,0.3,0.2,1.0000000000000002e-06
38,38,0.06536378711462021,0.02078782021999359,0.04592710733413696,0.15398916602134705,0.3,0.2,1.0000000000000002e-06
38,39,0.08157096803188324,0.011893708258867264,0.0746496319770813,0.23641180992126465,0.3,0.2,1.0000000000000002e-06
38,40,0.2897828221321106,0.031498707830905914,0.5741400718688965,0.43021029233932495,0.3,0.2,1.0000000000000002e-06
38,41,0.07332468032836914,0.007004088722169399,0.05728352069854736,0.24567767977714539,0.3,0.2,1.0000000000000002e-06
38,42,0.08729780465364456,0.0025766922626644373,0.1364685297012329,0.21890275180339813,0.3,0.2,1.0000000000000002e-06
38,43,0.043537382036447525,0.006392750423401594,0.03402453660964966,0.13468635082244873,0.3,0.2,1.0000000000000002e-06
38,44,0.06449804455041885,0.002751964842900634,0.08595448732376099,0.1797986477613449,0.3,0.2,1.0000000000000002e-06
38,45,0.07477281987667084,0.011561412364244461,0.06364226341247559,0.22059366106987,0.3,0.2,1.0000000000000002e-06
38,46,0.053257185965776443,0.002164455596357584,0.04721194505691528,0.18464572727680206,0.3,0.2,1.0000000000000002e-06
38,47,0.05312054604291916,0.011688526719808578,0.043583452701568604,0.1417849063873291,0.3,0.2,1.0000000000000002e-06
38,48,0.08953802287578583,0.0063134911470115185,0.13367122411727905,0.21561582386493683,0.3,0.2,1.0000000000000002e-06
38,49,0.12709593772888184,0.011056603863835335,0.19540107250213623,0.28709501028060913,0.3,0.2,1.0000000000000002e-06
38,50,0.06497560441493988,0.0021758947987109423,0.03577446937561035,0.26033681631088257,0.3,0.2,1.0000000000000002e-06
38,51,0.05329981446266174,0.0034906098153442144,0.0919615626335144,0.11110366135835648,0.3,0.2,1.0000000000000002e-06
38,52,0.11193735897541046,0.004603106062859297,0.16027677059173584,0.29625609517097473,0.3,0.2,1.0000000000000002e-06
38,53,0.09361062943935394,0.005821883212774992,0.14309841394424438,0.22429609298706055,0.3,0.2,1.0000000000000002e-06
38,54,0.028832606971263885,0.003237422788515687,0.041923344135284424,0.06509089469909668,0.3,0.2,1.0000000000000002e-06
38,55,0.05371817573904991,0.0012462647864595056,0.036015093326568604,0.20833691954612732,0.3,0.2,1.0000000000000002e-06
38,56,0.0805581733584404,0.003925751894712448,0.15384209156036377,0.1523989737033844,0.3,0.2,1.0000000000000002e-06
38,57,0.07327631860971451,0.0018982309848070145,0.13742804527282715,0.1507483720779419,0.3,0.2,1.0000000000000002e-06
38,58,0.29033753275871277,0.020319636911153793,0.5549339056015015,0.5176885724067688,0.3,0.2,1.0000000000000002e-06
38,59,0.06434325128793716,0.0015207132091745734,0.033365845680236816,0.26406389474868774,0.3,0.2,1.0000000000000002e-06
38,60,0.0459032766520977,0.001201898674480617,0.04076671600341797,0.16235680878162384,0.3,0.2,1.0000000000000002e-06
38,61,0.04866636544466019,0.0032920301891863346,0.04408460855484009,0.160744771361351,0.3,0.2,1.0000000000000002e-06
38,62,0.08809596300125122,0.008635113947093487,0.036602795124053955,0.3424000144004822,0.3,0.2,1.0000000000000002e-06
38,63,0.15231376886367798,0.005528158042579889,0.2313733696937561,0.3868679404258728,0.3,0.2,1.0000000000000002e-06
38,64,0.051767125725746155,0.0015404103323817253,0.09794902801513672,0.1042100116610527,0.3,0.2,1.0000000000000002e-06
38,65,0.09035191684961319,0.004433470778167248,0.14728492498397827,0.20866483449935913,0.3,0.2,1.0000000000000002e-06
38,66,0.1292320042848587,0.005102839320898056,0.1805247664451599,0.3498586416244507,0.3,0.2,1.0000000000000002e-06
38,67,0.09777405112981796,0.008974229916930199,0.12899482250213623,0.25050684809684753,0.3,0.2,1.0000000000000002e-06
38,68,0.08293519169092178,0.0038218852132558823,0.17084187269210815,0.13930371403694153,0.3,0.2,1.0000000000000002e-06
38,69,0.0707695409655571,0.008222001604735851,0.07606369256973267,0.19864214956760406,0.3,0.2,1.0000000000000002e-06
38,70,0.10660514235496521,0.01003208290785551,0.14296478033065796,0.2684181332588196,0.3,0.2,1.0000000000000002e-06
38,71,0.1003529354929924,0.007604811806231737,0.2225545048713684,0.12990882992744446,0.3,0.2,1.0000000000000002e-06
38,72,0.09902416169643402,0.006305265240371227,0.13766318559646606,0.2570997178554535,0.3,0.2,1.0000000000000002e-06
38,73,0.20291543006896973,0.011165390722453594,0.31046777963638306,0.4930484890937805,0.3,0.2,1.0000000000000002e-06
38,74,0.06674178689718246,0.006774707697331905,0.13831233978271484,0.09236686676740646,0.3,0.2,1.0000000000000002e-06
38,75,0.04607859253883362,0.0015666983090341091,0.039553046226501465,0.16322991251945496,0.3,0.2,1.0000000000000002e-06
38,76,0.07978874444961548,0.013029578141868114,0.08411502838134766,0.20762327313423157,0.3,0.2,1.0000000000000002e-06
38,77,0.05692663416266441,0.006417823489755392,0.031516432762145996,0.20526939630508423,0.3,0.2,1.0000000000000002e-06
38,78,0.06132349371910095,0.00283139874227345,0.11074542999267578,0.126342311501503,0.3,0.2,1.0000000000000002e-06
38,79,0.052214279770851135,0.008696752600371838,0.03330528736114502,0.1676296889781952,0.3,0.2,1.0000000000000002e-06
38,80,0.06340033560991287,0.0032597139943391085,0.028661787509918213,0.25771042704582214,0.3,0.2,1.0000000000000002e-06
38,81,0.0850972905755043,0.012827444821596146,0.07821083068847656,0.24403296411037445,0.3,0.2,1.0000000000000002e-06
38,82,0.12730878591537476,0.00314828148111701,0.11616283655166626,0.4465582072734833,0.3,0.2,1.0000000000000002e-06
38,83,0.07797664403915405,0.009918423369526863,0.08948296308517456,0.20606666803359985,0.3,0.2,1.0000000000000002e-06
38,84,0.0860174298286438,0.005499991588294506,0.09509527683258057,0.25994428992271423,0.3,0.2,1.0000000000000002e-06
38,85,0.11460094898939133,0.011958166025578976,0.17858439683914185,0.24533729255199432,0.3,0.2,1.0000000000000002e-06
38,86,0.24018412828445435,0.017006833106279373,0.4541015625,0.43473413586616516,0.3,0.2,1.0000000000000002e-06
38,87,0.0465499609708786,0.004518204368650913,0.057703495025634766,0.12360351532697678,0.3,0.2,1.0000000000000002e-06
38,88,0.13454410433769226,0.004698149859905243,0.14188241958618164,0.43640607595443726,0.3,0.2,1.0000000000000002e-06
38,89,0.07012584805488586,0.00347717572003603,0.09900766611099243,0.1847318410873413,0.3,0.2,1.0000000000000002e-06
38,90,0.07324380427598953,0.008615624159574509,0.0714539885520935,0.21595990657806396,0.3,0.2,1.0000000000000002e-06
38,91,0.2658658027648926,0.01867692545056343,0.5334492921829224,0.4357704818248749,0.3,0.2,1.0000000000000002e-06
38,92,0.07721289992332458,0.005492499563843012,0.06857556104660034,0.25573864579200745,0.3,0.2,1.0000000000000002e-06
38,93,0.08639615029096603,0.010772008448839188,0.06818288564682007,0.27584636211395264,0.3,0.2,1.0000000000000002e-06
38,94,0.05986747518181801,0.004428233951330185,0.10139083862304688,0.1251099407672882,0.3,0.2,1.0000000000000002e-06
38,95,0.04939841106534004,0.0033111993689090014,0.04957765340805054,0.1560695767402649,0.3,0.2,1.0000000000000002e-06
38,96,0.06892440468072891,0.015975579619407654,0.045965492725372314,0.19579586386680603,0.3,0.2,1.0000000000000002e-06
38,97,0.06670664250850677,0.010090701282024384,0.04161238670349121,0.22066114842891693,0.3,0.2,1.0000000000000002e-06
38,98,0.0745755285024643,0.009778433479368687,0.04246187210083008,0.2602926790714264,0.3,0.2,1.0000000000000002e-06
39,0,0.10235436260700226,0.01139079499989748,0.10562288761138916,0.29638350009918213,0.3,0.2,1.0000000000000002e-06
39,1,0.09755831956863403,0.0061505623161792755,0.13635754585266113,0.2525024712085724,0.3,0.2,1.0000000000000002e-06
39,2,0.08430606126785278,0.01302401814609766,0.08409237861633301,0.2302716225385666,0.3,0.2,1.0000000000000002e-06
39,3,0.057043638080358505,0.004514694679528475,0.05767822265625,0.1761273741722107,0.3,0.2,1.0000000000000002e-06
39,4,0.045367173850536346,0.008690981194376945,0.033289194107055664,0.13344717025756836,0.3,0.2,1.0000000000000002e-06
39,5,0.07510221749544144,0.003476942889392376,0.09900563955307007,0.20961791276931763,0.3,0.2,1.0000000000000002e-06
39,6,0.03692950680851936,0.0032383794896304607,0.041913509368896484,0.10558537393808365,0.3,0.2,1.0000000000000002e-06
39,7,0.08944468200206757,0.004432588815689087,0.1472606062889099,0.20416955649852753,0.3,0.2,1.0000000000000002e-06
39,8,0.18702034652233124,0.007912280969321728,0.3228991627693176,0.41119158267974854,0.3,0.2,1.0000000000000002e-06
39,9,0.1533784419298172,0.004842312075197697,0.2164095640182495,0.4180662930011749,0.3,0.2,1.0000000000000002e-06
39,10,0.05084901303052902,0.0015396870439872146,0.09794765710830688,0.09962514042854309,0.3,0.2,1.0000000000000002e-06
39,11,0.05810766667127609,0.0028312557842582464,0.1107446551322937,0.11026506125926971,0.3,0.2,1.0000000000000002e-06
39,12,0.05310707539319992,0.002164655365049839,0.047209203243255615,0.18389829993247986,0.3,0.2,1.0000000000000002e-06
39,13,0.07910274714231491,0.004162115976214409,0.17770183086395264,0.10815038532018661,0.3,0.2,1.0000000000000002e-06
39,14,0.04561314359307289,0.006414482835680246,0.03150898218154907,0.1487298309803009,0.3,0.2,1.0000000000000002e-06
39,15,0.08854538202285767,0.003957579843699932,0.17679744958877563,0.15774281322956085,0.3,0.2,1.0000000000000002e-06
39,16,0.053710877895355225,0.002751051913946867,0.10316044092178345,0.10005845129489899,0.3,0.2,1.0000000000000002e-06
39,17,0.06715874373912811,0.010087073780596256,0.04161548614501953,0.22293509542942047,0.3,0.2,1.0000000000000002e-06
39,18,0.08448392152786255,0.008218861185014248,0.07605308294296265,0.26724568009376526,0.3,0.2,1.0000000000000002e-06
39,19,0.05771058797836304,0.0021751292515546083,0.03576785326004028,0.22402550280094147,0.3,0.2,1.0000000000000002e-06
39,20,0.06730425357818604,0.003812081180512905,0.08361417055130005,0.1920396089553833,0.3,0.2,1.0000000000000002e-06
39,21,0.0653323158621788,0.008612735196948051,0.07145136594772339,0.17642085254192352,0.3,0.2,1.0000000000000002e-06
39,22,0.0527464784681797,0.008627939969301224,0.03659170866012573,0.1657051146030426,0.3,0.2,1.0000000000000002e-06
39,23,0.09300544857978821,0.012827043421566486,0.07819640636444092,0.2835974097251892,0.3,0.2,1.0000000000000002e-06
39,24,0.0640663132071495,0.0014863746473565698,0.0334477424621582,0.2627280652523041,0.3,0.2,1.0000000000000002e-06
39,25,0.1904539167881012,0.004147509578615427,0.21734768152236938,0.6055105328559875,0.3,0.2,1.0000000000000002e-06
39,26,0.0447530522942543,0.0032923915423452854,0.044081926345825195,0.14118041098117828,0.3,0.2,1.0000000000000002e-06
39,27,0.08307424187660217,0.011563568376004696,0.06364542245864868,0.2620852589607239,0.3,0.2,1.0000000000000002e-06
39,28,0.05066794529557228,0.004803747870028019,0.030117452144622803,0.18414480984210968,0.3,0.2,1.0000000000000002e-06
39,29,0.044155605137348175,0.004396145697683096,0.03587210178375244,0.14498913288116455,0.3,0.2,1.0000000000000002e-06
39,30,0.06876299530267715,0.004426294472068548,0.10139226913452148,0.16959509253501892,0.3,0.2,1.0000000000000002e-06
39,31,0.10843770951032639,0.006308405660092831,0.13767170906066895,0.3041389286518097,0.3,0.2,1.0000000000000002e-06
39,32,0.2710583508014679,0.016883034259080887,0.5086884498596191,0.5078439116477966,0.3,0.2,1.0000000000000002e-06
39,33,0.14171867072582245,0.005681660491973162,0.18394476175308228,0.40426790714263916,0.3,0.2,1.0000000000000002e-06
39,34,0.07557642459869385,0.0035132458433508873,0.14094418287277222,0.1488996297121048,0.3,0.2,1.0000000000000002e-06
39,35,0.07023319602012634,0.007748030126094818,0.13685858249664307,0.10713793337345123,0.3,0.2,1.0000000000000002e-06
39,36,0.19609615206718445,0.010301501490175724,0.3164633512496948,0.45427823066711426,0.3,0.2,1.0000000000000002e-06
39,37,0.2906374931335449,0.022470278665423393,0.5460208654403687,0.5218047499656677,0.3,0.2,1.0000000000000002e-06
39,38,0.09940055012702942,0.004322964698076248,0.1788036823272705,0.2071824073791504,0.3,0.2,1.0000000000000002e-06
39,39,0.18523630499839783,0.011123166419565678,0.2990214228630066,0.42203354835510254,0.3,0.2,1.0000000000000002e-06
39,40,0.05013251304626465,0.0015166399534791708,0.04082024097442627,0.18184900283813477,0.3,0.2,1.0000000000000002e-06
39,41,0.082551971077919,0.010772448033094406,0.06817775964736938,0.25663095712661743,0.3,0.2,1.0000000000000002e-06
39,42,0.06562267243862152,0.020781179890036583,0.04591304063796997,0.15533791482448578,0.3,0.2,1.0000000000000002e-06
39,43,0.11302006989717484,0.011055486276745796,0.19539326429367065,0.21673299372196198,0.3,0.2,1.0000000000000002e-06
39,44,0.11330223083496094,0.00400941027328372,0.07839643955230713,0.42886942625045776,0.3,0.2,1.0000000000000002e-06
39,45,0.04027705639600754,0.006394027266651392,0.03401821851730347,0.11838782578706741,0.3,0.2,1.0000000000000002e-06
39,46,0.0628875121474266,0.007007490377873182,0.05727970600128174,0.19348055124282837,0.3,0.2,1.0000000000000002e-06
39,47,0.054485123604536057,0.0014969224575906992,0.09562820196151733,0.12149869650602341,0.3,0.2,1.0000000000000002e-06
39,48,0.09398651123046875,0.004683249164372683,0.1156156063079834,0.2730928957462311,0.3,0.2,1.0000000000000002e-06
39,49,0.26620665192604065,0.027941733598709106,0.5542141795158386,0.360003262758255,0.3,0.2,1.0000000000000002e-06
39,50,0.06177503615617752,0.0033144939225167036,0.11338788270950317,0.12222087383270264,0.3,0.2,1.0000000000000002e-06
39,51,0.06851021945476532,0.003258059499785304,0.028648197650909424,0.28328850865364075,0.3,0.2,1.0000000000000002e-06
39,52,0.25692349672317505,0.018388671800494194,0.4879627227783203,0.46073001623153687,0.3,0.2,1.0000000000000002e-06
39,53,0.08719122409820557,0.005499261897057295,0.09509241580963135,0.2658211886882782,0.3,0.2,1.0000000000000002e-06
39,54,0.10215216875076294,0.007511789444833994,0.22251391410827637,0.13943101465702057,0.3,0.2,1.0000000000000002e-06
39,55,0.0833883285522461,0.0025773365050554276,0.13646817207336426,0.1993526816368103,0.3,0.2,1.0000000000000002e-06
39,56,0.08439850807189941,0.00581475580111146,0.14305561780929565,0.1783353090286255,0.3,0.2,1.0000000000000002e-06
39,57,0.08354052901268005,0.011891995556652546,0.07463735342025757,0.24628661572933197,0.3,0.2,1.0000000000000002e-06
39,58,0.07574547082185745,0.010212846100330353,0.10896801948547363,0.16421109437942505,0.3,0.2,1.0000000000000002e-06
39,59,0.07026493549346924,0.0054897889494895935,0.06855201721191406,0.22104771435260773,0.3,0.2,1.0000000000000002e-06
39,60,0.17323338985443115,0.005775424651801586,0.2775033116340637,0.4210348129272461,0.3,0.2,1.0000000000000002e-06
39,61,0.046733371913433075,0.0034879762679338455,0.09195029735565186,0.07830151915550232,0.3,0.2,1.0000000000000002e-06
39,62,0.05405804142355919,0.0011514491634443402,0.03333473205566406,0.2145308554172516,0.3,0.2,1.0000000000000002e-06
39,63,0.20246145129203796,0.00985268596559763,0.34633851051330566,0.44353607296943665,0.3,0.2,1.0000000000000002e-06
39,64,0.21279840171337128,0.013161866925656796,0.3667486906051636,0.448059618473053,0.3,0.2,1.0000000000000002e-06
39,65,0.10857604444026947,0.010025430470705032,0.14296233654022217,0.27830955386161804,0.3,0.2,1.0000000000000002e-06
39,66,0.07612733542919159,0.0038049768190830946,0.1171455979347229,0.18589340150356293,0.3,0.2,1.0000000000000002e-06
39,67,0.07442357391119003,0.0018965719500556588,0.1373918056488037,0.15654729306697845,0.3,0.2,1.0000000000000002e-06
39,68,0.10564704984426498,0.004620546940714121,0.16007518768310547,0.2650197148323059,0.3,0.2,1.0000000000000002e-06
39,69,0.09172777831554413,0.006308981217443943,0.13364183902740479,0.22663119435310364,0.3,0.2,1.0000000000000002e-06
39,70,0.0469428226351738,0.0032824731897562742,0.07339626550674438,0.10820735991001129,0.3,0.2,1.0000000000000002e-06
39,71,0.08238521218299866,0.00991569273173809,0.08946377038955688,0.22815191745758057,0.3,0.2,1.0000000000000002e-06
39,72,0.09073897451162338,0.004059313330799341,0.21458077430725098,0.11152710020542145,0.3,0.2,1.0000000000000002e-06
39,73,0.0854010283946991,0.0024016834795475006,0.14570170640945435,0.19644413888454437,0.3,0.2,1.0000000000000002e-06
39,74,0.07681980729103088,0.004293237347155809,0.14861834049224854,0.1397053450345993,0.3,0.2,1.0000000000000002e-06
39,75,0.057419195771217346,0.002753210486844182,0.08595097064971924,0.14440347254276276,0.3,0.2,1.0000000000000002e-06
39,76,0.1988574117422104,0.00736011890694499,0.3959474563598633,0.36356523633003235,0.3,0.2,1.0000000000000002e-06
39,77,0.07047834992408752,0.01081656664609909,0.0382731556892395,0.24089916050434113,0.3,0.2,1.0000000000000002e-06
39,78,0.06095358729362488,0.002231054939329624,0.11710894107818604,0.11794925481081009,0.3,0.2,1.0000000000000002e-06
39,79,0.1370835304260254,0.004529078956693411,0.12922871112823486,0.4689291715621948,0.3,0.2,1.0000000000000002e-06
39,80,0.11341055482625961,0.01195442583411932,0.17855018377304077,0.23945535719394684,0.3,0.2,1.0000000000000002e-06
39,81,0.07374332845211029,0.006774442736059427,0.13830804824829102,0.12738235294818878,0.3,0.2,1.0000000000000002e-06
39,82,0.09605108201503754,0.008971581235527992,0.12898516654968262,0.24191977083683014,0.3,0.2,1.0000000000000002e-06
39,83,0.08775472640991211,0.0043837688863277435,0.221055269241333,0.08527188003063202,0.3,0.2,1.0000000000000002e-06
39,84,0.074665367603302,0.002262675669044256,0.1694963574409485,0.10776892304420471,0.3,0.2,1.0000000000000002e-06
39,85,0.09070106595754623,0.004765907768160105,0.1955469250679016,0.13635538518428802,0.3,0.2,1.0000000000000002e-06
39,86,0.051427461206912994,0.0012354039354249835,0.042040228843688965,0.18789993226528168,0.3,0.2,1.0000000000000002e-06
39,87,0.1295197457075119,0.0047304765321314335,0.16247612237930298,0.3802321255207062,0.3,0.2,1.0000000000000002e-06
39,88,0.0848274752497673,0.009259390644729137,0.09825021028518677,0.2304650992155075,0.3,0.2,1.0000000000000002e-06
39,89,0.08881142735481262,0.0034833981189876795,0.1468786597251892,0.20632214844226837,0.3,0.2,1.0000000000000002e-06
39,90,0.05291358008980751,0.0031088802497833967,0.07303875684738159,0.1394653618335724,0.3,0.2,1.0000000000000002e-06
39,91,0.05681993067264557,0.004733699839562178,0.11417233943939209,0.08917263895273209,0.3,0.2,1.0000000000000002e-06
39,92,0.04597406089305878,0.007834747433662415,0.037249743938446045,0.13482193648815155,0.3,0.2,1.0000000000000002e-06
39,93,0.0589202418923378,0.00977711845189333,0.042449116706848145,0.1820419281721115,0.3,0.2,1.0000000000000002e-06
39,94,0.07446907460689545,0.01598179340362549,0.045943617820739746,0.22352097928524017,0.3,0.2,1.0000000000000002e-06
39,95,0.04766707122325897,0.011687273159623146,0.04356628656387329,0.11454955488443375,0.3,0.2,1.0000000000000002e-06
39,96,0.14967086911201477,0.011339922435581684,0.28142285346984863,0.26952043175697327,0.3,0.2,1.0000000000000002e-06
39,97,0.08949869126081467,0.0028211174067109823,0.2027040719985962,0.1293317675590515,0.3,0.2,1.0000000000000002e-06
39,98,0.051377058029174805,0.0033102035522460938,0.0495721697807312,0.16597601771354675,0.3,0.2,1.0000000000000002e-06
40,0,0.08121581375598907,0.00821153074502945,0.07603657245635986,0.25096654891967773,0.3,0.2,1.0000000000000002e-07
40,1,0.21119844913482666,0.013824512250721455,0.3858523964881897,0.40809112787246704,0.3,0.2,1.0000000000000002e-07
40,2,0.047729864716529846,0.0034857052378356457,0.09193795919418335,0.08331384509801865,0.3,0.2,1.0000000000000002e-07
40,3,0.0670105516910553,0.0013572374591603875,0.03111875057220459,0.28158843517303467,0.3,0.2,1.0000000000000002e-07
40,4,0.07718387991189957,0.004152341745793819,0.1469908356666565,0.14467141032218933,0.3,0.2,1.0000000000000002e-07
40,5,0.0838533267378807,0.011399617418646812,0.10562324523925781,0.2038336545228958,0.3,0.2,1.0000000000000002e-07
40,6,0.08994384855031967,0.013022297993302345,0.08407860994338989,0.25848981738090515,0.3,0.2,1.0000000000000002e-07
40,7,0.08097292482852936,0.020787056535482407,0.04591280221939087,0.23206016421318054,0.3,0.2,1.0000000000000002e-07
40,8,0.04266710206866264,0.003310220316052437,0.049573540687561035,0.12242409586906433,0.3,0.2,1.0000000000000002e-07
40,9,0.16995655000209808,0.004056156612932682,0.20021551847457886,0.5291786789894104,0.3,0.2,1.0000000000000002e-07
40,10,0.2667769491672516,0.020430676639080048,0.5528427362442017,0.40246719121932983,0.3,0.2,1.0000000000000002e-07
40,11,0.05083668977022171,0.006391896866261959,0.034009575843811035,0.17120958864688873,0.3,0.2,1.0000000000000002e-07
40,12,0.0478232204914093,0.008684946224093437,0.03327131271362305,0.145784392952919,0.3,0.2,1.0000000000000002e-07
40,13,0.10146016627550125,0.00468174833804369,0.11561304330825806,0.3104725182056427,0.3,0.2,1.0000000000000002e-07
40,14,0.2710164785385132,0.01849869266152382,0.5158932209014893,0.48874908685684204,0.3,0.2,1.0000000000000002e-07
40,15,0.09254501014947891,0.005808888003230095,0.14299780130386353,0.21918389201164246,0.3,0.2,1.0000000000000002e-07
40,16,0.28604790568351746,0.029542461037635803,0.5743261575698853,0.4210380017757416,0.3,0.2,1.0000000000000002e-07
40,17,0.17061710357666016,0.005309090483933687,0.2300620675086975,0.4814469516277313,0.3,0.2,1.0000000000000002e-07
40,18,0.13719706237316132,0.00577545678243041,0.27748721837997437,0.2408771514892578,0.3,0.2,1.0000000000000002e-07
40,19,0.18200713396072388,0.009971138089895248,0.25892025232315063,0.4717995524406433,0.3,0.2,1.0000000000000002e-07
40,20,0.04256125167012215,0.0012275661574676633,0.04219883680343628,0.14337016642093658,0.3,0.2,1.0000000000000002e-07
40,21,0.0704611986875534,0.009255098178982735,0.09823274612426758,0.15868140757083893,0.3,0.2,1.0000000000000002e-07
40,22,0.10396413505077362,0.00431694183498621,0.178744375705719,0.23011940717697144,0.3,0.2,1.0000000000000002e-07
40,23,0.1932467222213745,0.009882836602628231,0.3306019902229309,0.4209163784980774,0.3,0.2,1.0000000000000002e-07
40,24,0.049122415482997894,0.011687309481203556,0.04356706142425537,0.12182492762804031,0.3,0.2,1.0000000000000002e-07
40,25,0.0644565150141716,0.0077506620436906815,0.1368686556816101,0.07822627574205399,0.3,0.2,1.0000000000000002e-07
40,26,0.047985807061195374,0.004400663077831268,0.03586667776107788,0.1641257107257843,0.3,0.2,1.0000000000000002e-07
40,27,0.13252857327461243,0.005425998941063881,0.15971213579177856,0.39594465494155884,0.3,0.2,1.0000000000000002e-07
40,28,0.08164574205875397,0.011891425587236881,0.07462066411972046,0.23684056103229523,0.3,0.2,1.0000000000000002e-07
40,29,0.07610023021697998,0.010208230465650558,0.10893642902374268,0.166055366396904,0.3,0.2,1.0000000000000002e-07
40,30,0.0867515355348587,0.003483189269900322,0.1468675136566162,0.19604046642780304,0.3,0.2,1.0000000000000002e-07
40,31,0.0549071729183197,0.0027528658974915743,0.08594244718551636,0.13185784220695496,0.3,0.2,1.0000000000000002e-07
40,32,0.04845777153968811,0.0015391797060146928,0.09793877601623535,0.08768478035926819,0.3,0.2,1.0000000000000002e-07
40,33,0.2300376296043396,0.009114405140280724,0.3920382857322693,0.5165587067604065,0.3,0.2,1.0000000000000002e-07
40,34,0.10417817533016205,0.007138569839298725,0.2255740761756897,0.14683690667152405,0.3,0.2,1.0000000000000002e-07
40,35,0.09157590568065643,0.004432484973222017,0.14724469184875488,0.2148500382900238,0.3,0.2,1.0000000000000002e-07
40,36,0.057271115481853485,0.010817529633641243,0.03827095031738281,0.17486150562763214,0.3,0.2,1.0000000000000002e-07
40,37,0.057312749326229095,0.009774270467460155,0.042443692684173584,0.17402686178684235,0.3,0.2,1.0000000000000002e-07
40,38,0.07695625722408295,0.0038051714655011892,0.11713343858718872,0.1900552362203598,0.3,0.2,1.0000000000000002e-07
40,39,0.08922769129276276,0.004643773194402456,0.19218873977661133,0.13463649153709412,0.3,0.2,1.0000000000000002e-07
40,40,0.06474761664867401,0.004428099375218153,0.10138463973999023,0.149520605802536,0.3,0.2,1.0000000000000002e-07
40,41,0.05884972959756851,0.004510649014264345,0.057665109634399414,0.18519774079322815,0.3,0.2,1.0000000000000002e-07
40,42,0.052468668669462204,0.0015409798361361027,0.04312622547149658,0.18994911015033722,0.3,0.2,1.0000000000000002e-07
40,43,0.0484304204583168,0.007834886200726032,0.037247419357299805,0.14710652828216553,0.3,0.2,1.0000000000000002e-07
40,44,0.11947687715291977,0.011055351234972477,0.19539356231689453,0.24901725351810455,0.3,0.2,1.0000000000000002e-07
40,45,0.051310546696186066,0.0027527534402906895,0.10315632820129395,0.08805447071790695,0.3,0.2,1.0000000000000002e-07
40,46,0.04381946846842766,0.003284446196630597,0.07339262962341309,0.09258615225553513,0.3,0.2,1.0000000000000002e-07
40,47,0.05884251371026039,0.002831649035215378,0.11073505878448486,0.11395172774791718,0.3,0.2,1.0000000000000002e-07
40,48,0.08919011801481247,0.0041615343652665615,0.1776876449584961,0.1586114466190338,0.3,0.2,1.0000000000000002e-07
40,49,0.09761285781860352,0.006148496177047491,0.13635915517807007,0.2527830898761749,0.3,0.2,1.0000000000000002e-07
40,50,0.06126398593187332,0.0034774718806147575,0.0989881157875061,0.1404504030942917,0.3,0.2,1.0000000000000002e-07
40,51,0.08140353858470917,0.0035142754204571247,0.1409502625465393,0.1780209094285965,0.3,0.2,1.0000000000000002e-07
40,52,0.12812350690364838,0.005355015862733126,0.12964993715286255,0.41936755180358887,0.3,0.2,1.0000000000000002e-07
40,53,0.06566965579986572,0.010085925459861755,0.04159581661224365,0.21552492678165436,0.3,0.2,1.0000000000000002e-07
40,54,0.04040985181927681,0.006412389222532511,0.03150308132171631,0.12273268401622772,0.3,0.2,1.0000000000000002e-07
40,55,0.05633028224110603,0.0012422589352354407,0.03361481428146362,0.22501789033412933,0.3,0.2,1.0000000000000002e-07
40,56,0.0769459679722786,0.0024167404044419527,0.17288309335708618,0.11332147568464279,0.3,0.2,1.0000000000000002e-07
40,57,0.04248477518558502,0.0032930979505181313,0.044073641300201416,0.129847913980484,0.3,0.2,1.0000000000000002e-07
40,58,0.05306970328092575,0.002177054062485695,0.03576844930648804,0.20081058144569397,0.3,0.2,1.0000000000000002e-07
40,59,0.08437833935022354,0.004351100884377956,0.21842122077941895,0.07250434160232544,0.3,0.2,1.0000000000000002e-07
40,60,0.08325140923261642,0.0028210689779371023,0.20269960165023804,0.09810227900743484,0.3,0.2,1.0000000000000002e-07
40,61,0.08953334391117096,0.0128207141533494,0.07817107439041138,0.2663065195083618,0.3,0.2,1.0000000000000002e-07
40,62,0.10075288265943527,0.0045248339883983135,0.15961337089538574,0.24172016978263855,0.3,0.2,1.0000000000000002e-07
40,63,0.09406458586454391,0.004009257536381483,0.0783892273902893,0.3326927721500397,0.3,0.2,1.0000000000000002e-07
40,64,0.09628806263208389,0.011560117825865746,0.06363284587860107,0.3281904458999634,0.3,0.2,1.0000000000000002e-07
40,65,0.18335863947868347,0.009973852895200253,0.2926214337348938,0.42799168825149536,0.3,0.2,1.0000000000000002e-07
40,66,0.05348735302686691,0.00216343579813838,0.047194480895996094,0.18582786619663239,0.3,0.2,1.0000000000000002e-07
40,67,0.07638688385486603,0.006773434579372406,0.13828915357589722,0.14063352346420288,0.3,0.2,1.0000000000000002e-07
40,68,0.058276623487472534,0.004733850713819265,0.11416846513748169,0.09646114706993103,0.3,0.2,1.0000000000000002e-07
40,69,0.07854634523391724,0.005487706977874041,0.06854462623596191,0.26247626543045044,0.3,0.2,1.0000000000000002e-07
40,70,0.05930647253990173,0.0022305776365101337,0.11709386110305786,0.10973866283893585,0.3,0.2,1.0000000000000002e-07
40,71,0.0771847516298294,0.010770353488624096,0.0681721568107605,0.22981372475624084,0.3,0.2,1.0000000000000002e-07
40,72,0.10159976780414581,0.008968722075223923,0.12898153066635132,0.26968294382095337,0.3,0.2,1.0000000000000002e-07
40,73,0.0643702894449234,0.00862837489694357,0.03657865524291992,0.2238415628671646,0.3,0.2,1.0000000000000002e-07
40,74,0.06380230188369751,0.0038153561763465405,0.08359014987945557,0.17454949021339417,0.3,0.2,1.0000000000000002e-07
40,75,0.07249971479177475,0.003256055759266019,0.02864176034927368,0.3032556474208832,0.3,0.2,1.0000000000000002e-07
40,76,0.15396106243133545,0.011339887976646423,0.2814221978187561,0.2909725308418274,0.3,0.2,1.0000000000000002e-07
40,77,0.033490460366010666,0.003237576689571142,0.04190480709075928,0.08840719610452652,0.3,0.2,1.0000000000000002e-07
40,78,0.06932134181261063,0.007008094806224108,0.057276904582977295,0.2256508618593216,0.3,0.2,1.0000000000000002e-07
40,79,0.06487209349870682,0.015976954251527786,0.045940518379211426,0.17556491494178772,0.3,0.2,1.0000000000000002e-07
40,80,0.2522002160549164,0.016169417649507523,0.4548785090446472,0.49783629179000854,0.3,0.2,1.0000000000000002e-07
40,81,0.07815028727054596,0.0018965243361890316,0.13737523555755615,0.17520597577095032,0.3,0.2,1.0000000000000002e-07
40,82,0.07512747496366501,0.008610364980995655,0.07143372297286987,0.22543495893478394,0.3,0.2,1.0000000000000002e-07
40,83,0.21807429194450378,0.006351802963763475,0.3806629180908203,0.4876180589199066,0.3,0.2,1.0000000000000002e-07
40,84,0.047832973301410675,0.0031087982933968306,0.07303625345230103,0.11406649649143219,0.3,0.2,1.0000000000000002e-07
40,85,0.08218129724264145,0.002220416907221079,0.14393872022628784,0.18389630317687988,0.3,0.2,1.0000000000000002e-07
40,86,0.13891087472438812,0.00514306640252471,0.18597465753555298,0.389877051115036,0.3,0.2,1.0000000000000002e-07
40,87,0.10232031345367432,0.010025864467024803,0.14295905828475952,0.24703364074230194,0.3,0.2,1.0000000000000002e-07
40,88,0.09663288295269012,0.006299745291471481,0.13764089345932007,0.24520431458950043,0.3,0.2,1.0000000000000002e-07
40,89,0.08546101301908493,0.003993092104792595,0.17454850673675537,0.14551684260368347,0.3,0.2,1.0000000000000002e-07
40,90,0.11591117084026337,0.011955506168305874,0.17854678630828857,0.2519581615924835,0.3,0.2,1.0000000000000002e-07
40,91,0.08952713012695312,0.005495021119713783,0.09508371353149414,0.27753496170043945,0.3,0.2,1.0000000000000002e-07
40,92,0.08855603635311127,0.006308498792350292,0.13363593816757202,0.21078377962112427,0.3,0.2,1.0000000000000002e-07
40,93,0.05856229364871979,0.0014969110488891602,0.09562557935714722,0.14188852906227112,0.3,0.2,1.0000000000000002e-07
40,94,0.060844141989946365,0.004801390692591667,0.030110299587249756,0.235048308968544,0.3,0.2,1.0000000000000002e-07
40,95,0.057706303894519806,0.003314385889098048,0.11337965726852417,0.10189010947942734,0.3,0.2,1.0000000000000002e-07
40,96,0.09033364057540894,0.004059710539877415,0.21456950902938843,0.10951536893844604,0.3,0.2,1.0000000000000002e-07
40,97,0.08477087318897247,0.0025782212615013123,0.1364944577217102,0.2062215805053711,0.3,0.2,1.0000000000000002e-07
40,98,0.07520892471075058,0.00991422962397337,0.08945804834365845,0.1922863870859146,0.3,0.2,1.0000000000000002e-07
41,0,0.08414193242788315,0.004772468935698271,0.19361227750778198,0.10642889142036438,0.3,0.2,1.0000000000000002e-07
41,1,0.0729186162352562,0.006773061119019985,0.1382881999015808,0.12329545617103577,0.3,0.2,1.0000000000000002e-07
41,2,0.12129529565572739,0.005439921282231808,0.15316081047058105,0.34953564405441284,0.3,0.2,1.0000000000000002e-07
41,3,0.0542733371257782,0.0021767313592135906,0.03576904535293579,0.20682945847511292,0.3,0.2,1.0000000000000002e-07
41,4,0.08368423581123352,0.011560807935893536,0.06363475322723389,0.2651650309562683,0.3,0.2,1.0000000000000002e-07
41,5,0.20892363786697388,0.007819830439984798,0.32766634225845337,0.5140195488929749,0.3,0.2,1.0000000000000002e-07
41,6,0.04190734028816223,0.0016075646271929145,0.03747451305389404,0.14528711140155792,0.3,0.2,1.0000000000000002e-07
41,7,0.06535063683986664,0.009773051366209984,0.0424380898475647,0.2142307609319687,0.3,0.2,1.0000000000000002e-07
41,8,0.20363500714302063,0.01490065734833479,0.39025235176086426,0.35829323530197144,0.3,0.2,1.0000000000000002e-07
41,9,0.051404811441898346,0.0033103853929787874,0.04957336187362671,0.16611208021640778,0.3,0.2,1.0000000000000002e-07
41,10,0.09421192109584808,0.004316980484873056,0.17874681949615479,0.18135443329811096,0.3,0.2,1.0000000000000002e-07
41,11,0.051838308572769165,0.0021636327728629112,0.04719412326812744,0.17758218944072723,0.3,0.2,1.0000000000000002e-07
41,12,0.07525216788053513,0.0023313488345593214,0.17246735095977783,0.10590305179357529,0.3,0.2,1.0000000000000002e-07
41,13,0.2189338207244873,0.010629048570990562,0.3379672169685364,0.5345730185508728,0.3,0.2,1.0000000000000002e-07
41,14,0.10204510390758514,0.006299192551523447,0.13763779401779175,0.27227282524108887,0.3,0.2,1.0000000000000002e-07
41,15,0.04269156605005264,0.0011154362000524998,0.03980201482772827,0.1481776088476181,0.3,0.2,1.0000000000000002e-07
41,16,0.07214991748332977,0.004009563010185957,0.0783923864364624,0.22311320900917053,0.3,0.2,1.0000000000000002e-07
41,17,0.049422670155763626,0.008685926906764507,0.03327137231826782,0.1537766456604004,0.3,0.2,1.0000000000000002e-07
41,18,0.070890873670578,0.007833595387637615,0.03724485635757446,0.2594190835952759,0.3,0.2,1.0000000000000002e-07
41,19,0.15609563887119293,0.0057755266316235065,0.2774844765663147,0.33537381887435913,0.3,0.2,1.0000000000000002e-07
41,20,0.11808758974075317,0.011055203154683113,0.1953902244567871,0.24207660555839539,0.3,0.2,1.0000000000000002e-07
41,21,0.08087998628616333,0.003477302612736821,0.09898203611373901,0.23854036629199982,0.3,0.2,1.0000000000000002e-07
41,22,0.06870505958795547,0.0015310613671317697,0.032463133335113525,0.2871752679347992,0.3,0.2,1.0000000000000002e-07
41,23,0.05205912888050079,0.0031089638359844685,0.07303327322006226,0.13520090281963348,0.3,0.2,1.0000000000000002e-07
41,24,0.08200705051422119,0.01597779244184494,0.04594200849533081,0.26123327016830444,0.3,0.2,1.0000000000000002e-07
41,25,0.09781582653522491,0.0089691411703825,0.1289796233177185,0.2507639527320862,0.3,0.2,1.0000000000000002e-07
41,26,0.05777967721223831,0.0038167855236679316,0.08358478546142578,0.1444372683763504,0.3,0.2,1.0000000000000002e-07
41,27,0.18895837664604187,0.007449067197740078,0.3618597388267517,0.36475688219070435,0.3,0.2,1.0000000000000002e-07
41,28,0.08094358444213867,0.0018964206101372838,0.13737422227859497,0.18917444348335266,0.3,0.2,1.0000000000000002e-07
41,29,0.0805196613073349,0.00414531584829092,0.17047417163848877,0.12616047263145447,0.3,0.2,1.0000000000000002e-07
41,30,0.2815629541873932,0.028948070481419563,0.547622561454773,0.4416405260562897,0.3,0.2,1.0000000000000002e-07
41,31,0.07713774591684341,0.003804676001891494,0.11712944507598877,0.19097118079662323,0.3,0.2,1.0000000000000002e-07
41,32,0.05102881044149399,0.0015390296466648579,0.09793722629547119,0.1005430668592453,0.3,0.2,1.0000000000000002e-07
41,33,0.10457352548837662,0.010026662610471249,0.1429576277732849,0.258297860622406,0.3,0.2,1.0000000000000002e-07
41,34,0.08171699196100235,0.010209965519607067,0.10893881320953369,0.1941269040107727,0.3,0.2,1.0000000000000002e-07
41,35,0.08408382534980774,0.005495102144777775,0.09508377313613892,0.2503179609775543,0.3,0.2,1.0000000000000002e-07
41,36,0.25287148356437683,0.01802140101790428,0.4801451563835144,0.45403268933296204,0.3,0.2,1.0000000000000002e-07
41,37,0.08120088279247284,0.004480830393731594,0.15253859758377075,0.15479236841201782,0.3,0.2,1.0000000000000002e-07
41,38,0.05238749831914902,0.0027524344623088837,0.10315525531768799,0.0934424102306366,0.3,0.2,1.0000000000000002e-07
41,39,0.047459255903959274,0.0032836783211678267,0.07338863611221313,0.11079493165016174,0.3,0.2,1.0000000000000002e-07
41,40,0.06159794703125954,0.0028320718556642532,0.11073696613311768,0.12772390246391296,0.3,0.2,1.0000000000000002e-07
41,41,0.06056396663188934,0.002753323409706354,0.08594286441802979,0.16013891994953156,0.3,0.2,1.0000000000000002e-07
41,42,0.0433780774474144,0.004801332484930754,0.030113399028778076,0.14771361649036407,0.3,0.2,1.0000000000000002e-07
41,43,0.04500879347324371,0.006412125192582607,0.03150278329849243,0.1457291692495346,0.3,0.2,1.0000000000000002e-07
41,44,0.09339842200279236,0.011402166448533535,0.10562235116958618,0.25154775381088257,0.3,0.2,1.0000000000000002e-07
41,45,0.05854407697916031,0.004426888190209866,0.10138058662414551,0.11851507425308228,0.3,0.2,1.0000000000000002e-07
41,46,0.05873396247625351,0.0012550860410556197,0.03319847583770752,0.23759666085243225,0.3,0.2,1.0000000000000002e-07
41,47,0.08037760853767395,0.0025776559486985207,0.13648581504821777,0.18427103757858276,0.3,0.2,1.0000000000000002e-07
41,48,0.24895578622817993,0.01736859604716301,0.4751214385032654,0.44525378942489624,0.3,0.2,1.0000000000000002e-07
41,49,0.09598520398139954,0.006148766726255417,0.13635873794555664,0.24464407563209534,0.3,0.2,1.0000000000000002e-07
41,50,0.09146840870380402,0.005807390436530113,0.14299410581588745,0.2138139009475708,0.3,0.2,1.0000000000000002e-07
41,51,0.05517201125621796,0.0033144555054605007,0.11337858438491821,0.08921991288661957,0.3,0.2,1.0000000000000002e-07
41,52,0.08787231147289276,0.004681811667978764,0.11560910940170288,0.24253882467746735,0.3,0.2,1.0000000000000002e-07
41,53,0.05391387641429901,0.010087131522595882,0.04159671068191528,0.15673866868019104,0.3,0.2,1.0000000000000002e-07
41,54,0.08007127046585083,0.009255699813365936,0.09823280572891235,0.20672862231731415,0.3,0.2,1.0000000000000002e-07
41,55,0.08456525206565857,0.0028208475559949875,0.20270055532455444,0.1046711876988411,0.3,0.2,1.0000000000000002e-07
41,56,0.0980909988284111,0.0045147002674639225,0.16404598951339722,0.22181248664855957,0.3,0.2,1.0000000000000002e-07
41,57,0.07816942036151886,0.004161595832556486,0.1776910424232483,0.1035025492310524,0.3,0.2,1.0000000000000002e-07
41,58,0.1574459969997406,0.006081862840801477,0.2102639079093933,0.44142478704452515,0.3,0.2,1.0000000000000002e-07
41,59,0.06516727805137634,0.008628912270069122,0.036579430103302,0.2278226613998413,0.3,0.2,1.0000000000000002e-07
41,60,0.1493867039680481,0.004395379684865475,0.22145718336105347,0.39277082681655884,0.3,0.2,1.0000000000000002e-07
41,61,0.08231605589389801,0.008212205953896046,0.0760354995727539,0.25646600127220154,0.3,0.2,1.0000000000000002e-07
41,62,0.08199293911457062,0.005487343762069941,0.06854194402694702,0.27971503138542175,0.3,0.2,1.0000000000000002e-07
41,63,0.08143292367458344,0.002285412512719631,0.1474791169166565,0.174518883228302,0.3,0.2,1.0000000000000002e-07
41,64,0.15307961404323578,0.003129232907667756,0.1220129132270813,0.5667325258255005,0.3,0.2,1.0000000000000002e-07
41,65,0.07067026197910309,0.004733419045805931,0.11416536569595337,0.1584361344575882,0.3,0.2,1.0000000000000002e-07
41,66,0.0888969749212265,0.013022968545556068,0.08407944440841675,0.2532508671283722,0.3,0.2,1.0000000000000002e-07
41,67,0.09604647010564804,0.004059203434735537,0.21457034349441528,0.13808077573776245,0.3,0.2,1.0000000000000002e-07
41,68,0.10129140317440033,0.007302288431674242,0.22044742107391357,0.13927438855171204,0.3,0.2,1.0000000000000002e-07
41,69,0.09479881823062897,0.004432773217558861,0.14724963903427124,0.23095573484897614,0.3,0.2,1.0000000000000002e-07
41,70,0.08386187255382538,0.003513590432703495,0.14094775915145874,0.19031979143619537,0.3,0.2,1.0000000000000002e-07
41,71,0.08603706955909729,0.012822207063436508,0.07817429304122925,0.24881288409233093,0.3,0.2,1.0000000000000002e-07
41,72,0.06028229743242264,0.00223075901158154,0.11709833145141602,0.11461018770933151,0.3,0.2,1.0000000000000002e-07
41,73,0.08372074365615845,0.011888031847774982,0.07462555170059204,0.24722519516944885,0.3,0.2,1.0000000000000002e-07
41,74,0.14302998781204224,0.011339734308421612,0.28141552209854126,0.23632800579071045,0.3,0.2,1.0000000000000002e-07
41,75,0.05685754865407944,0.0014966089511290193,0.09562361240386963,0.13336928188800812,0.3,0.2,1.0000000000000002e-07
41,76,0.04855892434716225,0.0034857357386499643,0.09193122386932373,0.08746909350156784,0.3,0.2,1.0000000000000002e-07
41,77,0.29306894540786743,0.023075539618730545,0.6146023273468018,0.4280634820461273,0.3,0.2,1.0000000000000002e-07
41,78,0.05744731426239014,0.0070085241459310055,0.057278335094451904,0.16627644002437592,0.3,0.2,1.0000000000000002e-07
41,79,0.08637821674346924,0.004406673368066549,0.21573030948638916,0.08626222610473633,0.3,0.2,1.0000000000000002e-07
41,80,0.09295255690813065,0.006307723931968212,0.13363373279571533,0.2327735424041748,0.3,0.2,1.0000000000000002e-07
41,81,0.08956631273031235,0.0034834728576242924,0.14686864614486694,0.21011121571063995,0.3,0.2,1.0000000000000002e-07
41,82,0.18710920214653015,0.01024643238633871,0.30370867252349854,0.42875078320503235,0.3,0.2,1.0000000000000002e-07
41,83,0.06476888060569763,0.007750422693789005,0.13686782121658325,0.07979055494070053,0.3,0.2,1.0000000000000002e-07
41,84,0.13616731762886047,0.002977941883727908,0.19232946634292603,0.37745270133018494,0.3,0.2,1.0000000000000002e-07
41,85,0.07492506504058838,0.008610657416284084,0.07143360376358032,0.22442160546779633,0.3,0.2,1.0000000000000002e-07
41,86,0.20969977974891663,0.011945134960114956,0.3123536705970764,0.5202427506446838,0.3,0.2,1.0000000000000002e-07
41,87,0.07333729416131973,0.020785661414265633,0.04591017961502075,0.19389288127422333,0.3,0.2,1.0000000000000002e-07
41,88,0.05505490303039551,0.011684121564030647,0.04356110095977783,0.1515122354030609,0.3,0.2,1.0000000000000002e-07
41,89,0.050469107925891876,0.00440061092376709,0.03586912155151367,0.17653881013393402,0.3,0.2,1.0000000000000002e-07
41,90,0.06083574891090393,0.010816263034939766,0.03826647996902466,0.19269771873950958,0.3,0.2,1.0000000000000002e-07
41,91,0.03352038562297821,0.0032363771460950375,0.04190528392791748,0.08856211602687836,0.3,0.2,1.0000000000000002e-07
41,92,0.11257480084896088,0.011954007670283318,0.17853987216949463,0.23529411852359772,0.3,0.2,1.0000000000000002e-07
41,93,0.06768152862787247,0.003256772179156542,0.028644680976867676,0.27915677428245544,0.3,0.2,1.0000000000000002e-07
41,94,0.03678150102496147,0.003292004344984889,0.04407423734664917,0.10133612900972366,0.3,0.2,1.0000000000000002e-07
41,95,0.043494924902915955,0.004510701168328524,0.05765730142593384,0.10843516886234283,0.3,0.2,1.0000000000000002e-07
41,96,0.04890453815460205,0.006391366943717003,0.034008026123046875,0.16155382990837097,0.3,0.2,1.0000000000000002e-07
41,97,0.07681430876255035,0.010772387497127056,0.06817477941513062,0.2279474288225174,0.3,0.2,1.0000000000000002e-07
41,98,0.0786602720618248,0.009913280606269836,0.08945828676223755,0.2095475196838379,0.3,0.2,1.0000000000000002e-07
42,0,0.04232195019721985,0.00641133077442646,0.031502485275268555,0.13229936361312866,0.3,0.2,1.0000000000000002e-07
42,1,0.18966251611709595,0.009538552723824978,0.3014404773712158,0.44845908880233765,0.3,0.2,1.0000000000000002e-07
42,2,0.04616442322731018,0.003108876757323742,0.07303690910339355,0.1057223454117775,0.3,0.2,1.0000000000000002e-07
42,3,0.10124427080154419,0.004658276215195656,0.1605360507965088,0.24212588369846344,0.3,0.2,1.0000000000000002e-07
42,4,0.08300787955522537,0.0025012779515236616,0.14772576093673706,0.18094435334205627,0.3,0.2,1.0000000000000002e-07
42,5,0.060657091438770294,0.002752782544121146,0.08594024181365967,0.16061118245124817,0.3,0.2,1.0000000000000002e-07
42,6,0.09620623290538788,0.004317624028772116,0.17874830961227417,0.19132056832313538,0.3,0.2,1.0000000000000002e-07
42,7,0.15058115124702454,0.01133886631578207,0.2814205288887024,0.2740806043148041,0.3,0.2,1.0000000000000002e-07
42,8,0.08596694469451904,0.013021918013691902,0.08407771587371826,0.23860855400562286,0.3,0.2,1.0000000000000002e-07
42,9,0.08104711771011353,0.004161739256232977,0.17768776416778564,0.11789523810148239,0.3,0.2,1.0000000000000002e-07
42,10,0.07602289319038391,0.009913526475429535,0.0894574522972107,0.19636066257953644,0.3,0.2,1.0000000000000002e-07
42,11,0.10810302197933197,0.010025099851191044,0.14295858144760132,0.2759517431259155,0.3,0.2,1.0000000000000002e-07
42,12,0.10313516110181808,0.00443282350897789,0.14724594354629517,0.27264276146888733,0.3,0.2,1.0000000000000002e-07
42,13,0.04646709933876991,0.008684059605002403,0.03327012062072754,0.1390100121498108,0.3,0.2,1.0000000000000002e-07
42,14,0.04920406639575958,0.003283774945884943,0.07339149713516235,0.11951420456171036,0.3,0.2,1.0000000000000002e-07
42,15,0.055151160806417465,0.0013146765995770693,0.03196018934249878,0.22124214470386505,0.3,0.2,1.0000000000000002e-07
42,16,0.14031940698623657,0.005177514627575874,0.17215216159820557,0.4174812138080597,0.3,0.2,1.0000000000000002e-07
42,17,0.08090551197528839,0.00862912554293871,0.036578595638275146,0.30651402473449707,0.3,0.2,1.0000000000000002e-07
42,18,0.09323997050523758,0.003483434673398733,0.1468687653541565,0.2284795194864273,0.3,0.2,1.0000000000000002e-07
42,19,0.07366672158241272,0.00860919151455164,0.07143068313598633,0.21814163029193878,0.3,0.2,1.0000000000000002e-07
42,20,0.08087596297264099,0.010206588543951511,0.10894155502319336,0.18993452191352844,0.3,0.2,1.0000000000000002e-07
42,21,0.15126831829547882,0.0030531147494912148,0.1665012240409851,0.49132415652275085,0.3,0.2,1.0000000000000002e-07
42,22,0.05493679642677307,0.0045105572789907455,0.05765736103057861,0.16564513742923737,0.3,0.2,1.0000000000000002e-07
42,23,0.08739697188138962,0.00257780565880239,0.1364881992340088,0.2193635255098343,0.3,0.2,1.0000000000000002e-07
42,24,0.10009400546550751,0.004059122875332832,0.21457159519195557,0.15831701457500458,0.3,0.2,1.0000000000000002e-07
42,25,0.08854237198829651,0.006307746283710003,0.13362979888916016,0.21072839200496674,0.3,0.2,1.0000000000000002e-07
42,26,0.05150298774242401,0.0034856153652071953,0.09193730354309082,0.10218089073896408,0.3,0.2,1.0000000000000002e-07
42,27,0.07711823284626007,0.005495219957083464,0.09508216381072998,0.21549180150032043,0.3,0.2,1.0000000000000002e-07
42,28,0.06386172771453857,0.003314465284347534,0.11338073015213013,0.13266520202159882,0.3,0.2,1.0000000000000002e-07
42,29,0.06346984207630157,0.0038045516703277826,0.11712360382080078,0.12264100462198257,0.3,0.2,1.0000000000000002e-07
42,30,0.17274904251098633,0.008258738555014133,0.26848751306533813,0.41972020268440247,0.3,0.2,1.0000000000000002e-07
42,31,0.09108565747737885,0.004665627144277096,0.19460391998291016,0.14019426703453064,0.3,0.2,1.0000000000000002e-07
42,32,0.0835169330239296,0.004258151166141033,0.22058707475662231,0.06541331112384796,0.3,0.2,1.0000000000000002e-07
42,33,0.1384645402431488,0.002796698594465852,0.1158820390701294,0.5045161247253418,0.3,0.2,1.0000000000000002e-07
42,34,0.04395678639411926,0.004800531547516584,0.03011178970336914,0.15061357617378235,0.3,0.2,1.0000000000000002e-07
42,35,0.27887973189353943,0.018835987895727158,0.522156834602356,0.5169833898544312,0.3,0.2,1.0000000000000002e-07
42,36,0.08570817112922668,0.010771146044135094,0.06817156076431274,0.2724277675151825,0.3,0.2,1.0000000000000002e-07
42,37,0.06135525181889534,0.0077502066269516945,0.1368650197982788,0.0627276822924614,0.3,0.2,1.0000000000000002e-07
42,38,0.06039968878030777,0.01081570889800787,0.038266658782958984,0.19051991403102875,0.3,0.2,1.0000000000000002e-07
42,39,0.057372089475393295,0.007833478040993214,0.03724312782287598,0.19182837009429932,0.3,0.2,1.0000000000000002e-07
42,40,0.047773782163858414,0.002163997385650873,0.0471949577331543,0.15725648403167725,0.3,0.2,1.0000000000000002e-07
42,41,0.06243571639060974,0.002832455560564995,0.11073905229568481,0.13190771639347076,0.3,0.2,1.0000000000000002e-07
42,42,0.1121266633272171,0.004008848685771227,0.07838690280914307,0.4230087101459503,0.3,0.2,1.0000000000000002e-07
42,43,0.06957545876502991,0.00548740616068244,0.06854188442230225,0.2176274061203003,0.3,0.2,1.0000000000000002e-07
42,44,0.10055382549762726,0.00614870386198163,0.13635587692260742,0.26749178767204285,0.3,0.2,1.0000000000000002e-07
42,45,0.07737356424331665,0.009772248566150665,0.04243534803390503,0.2743535339832306,0.3,0.2,1.0000000000000002e-07
42,46,0.10276742279529572,0.008967171423137188,0.1289786696434021,0.2755332589149475,0.3,0.2,1.0000000000000002e-07
42,47,0.072028249502182,0.020788582041859627,0.04590928554534912,0.18733437359333038,0.3,0.2,1.0000000000000002e-07
42,48,0.07434308528900146,0.011561783961951733,0.06363487243652344,0.21845418214797974,0.3,0.2,1.0000000000000002e-07
42,49,0.08048059046268463,0.007007103879004717,0.057276248931884766,0.28145307302474976,0.3,0.2,1.0000000000000002e-07
42,50,0.06161363422870636,0.0038152255583554506,0.08359062671661377,0.16360609233379364,0.3,0.2,1.0000000000000002e-07
42,51,0.06262794137001038,0.010084246285259724,0.041594505310058594,0.20032669603824615,0.3,0.2,1.0000000000000002e-07
42,52,0.18221205472946167,0.005660778842866421,0.21969538927078247,0.5532132387161255,0.3,0.2,1.0000000000000002e-07
42,53,0.08622919768095016,0.004218377638608217,0.17507719993591309,0.14743830263614655,0.3,0.2,1.0000000000000002e-07
42,54,0.07668725401163101,0.015978572890162468,0.04594230651855469,0.23462992906570435,0.3,0.2,1.0000000000000002e-07
42,55,0.053653545677661896,0.011684552766382694,0.043560683727264404,0.14450393617153168,0.3,0.2,1.0000000000000002e-07
42,56,0.07818718254566193,0.0024120057933032513,0.17335844039916992,0.11883821338415146,0.3,0.2,1.0000000000000002e-07
42,57,0.07046623528003693,0.006772996392101049,0.13827913999557495,0.11104747653007507,0.3,0.2,1.0000000000000002e-07
42,58,0.05179296061396599,0.0027521250303834677,0.10315489768981934,0.09047181904315948,0.3,0.2,1.0000000000000002e-07
42,59,0.13554568588733673,0.005774832796305418,0.27747541666030884,0.23264114558696747,0.3,0.2,1.0000000000000002e-07
42,60,0.070685476064682,0.0015628981636837125,0.03306859731674194,0.29600998759269714,0.3,0.2,1.0000000000000002e-07
42,61,0.05595774203538895,0.0014968332834541798,0.09562516212463379,0.12886680662631989,0.3,0.2,1.0000000000000002e-07
42,62,0.09345860779285431,0.007056940346956253,0.21505415439605713,0.10942713916301727,0.3,0.2,1.0000000000000002e-07
42,63,0.0875912606716156,0.011890791356563568,0.07462245225906372,0.266568660736084,0.3,0.2,1.0000000000000002e-07
42,64,0.04522562026977539,0.0033107406925410032,0.04957437515258789,0.13521283864974976,0.3,0.2,1.0000000000000002e-07
42,65,0.2540530264377594,0.018589183688163757,0.5260298252105713,0.3882744312286377,0.3,0.2,1.0000000000000002e-07
42,66,0.11271411180496216,0.0119542945176363,0.17854857444763184,0.2359762191772461,0.3,0.2,1.0000000000000002e-07
42,67,0.06285139918327332,0.002176558133214712,0.03576779365539551,0.24972249567508698,0.3,0.2,1.0000000000000002e-07
42,68,0.0490419864654541,0.006392068695276976,0.0340116024017334,0.1622321754693985,0.3,0.2,1.0000000000000002e-07
42,69,0.0604720413684845,0.0022307047620415688,0.11710399389266968,0.1155506893992424,0.3,0.2,1.0000000000000002e-07
42,70,0.20303751528263092,0.008153862319886684,0.34121543169021606,0.4625950753688812,0.3,0.2,1.0000000000000002e-07
42,71,0.04702272266149521,0.0015389766776934266,0.0979393720626831,0.08050967007875443,0.3,0.2,1.0000000000000002e-07
42,72,0.10113111138343811,0.006300515495240688,0.137645423412323,0.26768481731414795,0.3,0.2,1.0000000000000002e-07
42,73,0.07078374922275543,0.004427297972142696,0.1013801097869873,0.17971205711364746,0.3,0.2,1.0000000000000002e-07
42,74,0.0677293986082077,0.0034773091319948435,0.09898245334625244,0.17278677225112915,0.3,0.2,1.0000000000000002e-07
42,75,0.07138539850711823,0.00925409235060215,0.09822595119476318,0.16331757605075836,0.3,0.2,1.0000000000000002e-07
42,76,0.041290029883384705,0.0032919098157435656,0.04407501220703125,0.12387808412313461,0.3,0.2,1.0000000000000002e-07
42,77,0.07849837094545364,0.004114354029297829,0.15057027339935303,0.1460646688938141,0.3,0.2,1.0000000000000002e-07
42,78,0.07601024210453033,0.008212145417928696,0.07603734731674194,0.22493447363376617,0.3,0.2,1.0000000000000002e-07
42,79,0.04558226466178894,0.0014442990068346262,0.03910475969314575,0.16203269362449646,0.3,0.2,1.0000000000000002e-07
42,80,0.04453101381659508,0.001261218567378819,0.04343611001968384,0.15119481086730957,0.3,0.2,1.0000000000000002e-07
42,81,0.08702516555786133,0.0035129867028445005,0.14094334840774536,0.20614588260650635,0.3,0.2,1.0000000000000002e-07
42,82,0.04442766681313515,0.003256443189457059,0.028645694255828857,0.1628875732421875,0.3,0.2,1.0000000000000002e-07
42,83,0.09368263930082321,0.004682368133217096,0.11560899019241333,0.2715878486633301,0.3,0.2,1.0000000000000002e-07
42,84,0.09659148752689362,0.011400464922189713,0.1056220531463623,0.26752200722694397,0.3,0.2,1.0000000000000002e-07
42,85,0.08593551069498062,0.012822470627725124,0.07817685604095459,0.24829991161823273,0.3,0.2,1.0000000000000002e-07
42,86,0.04628770798444748,0.0044004046358168125,0.03586721420288086,0.15563568472862244,0.3,0.2,1.0000000000000002e-07
42,87,0.11575458943843842,0.011053764261305332,0.19538748264312744,0.23042286932468414,0.3,0.2,1.0000000000000002e-07
42,88,0.06528983265161514,0.004733784589916468,0.11416518688201904,0.1315324455499649,0.3,0.2,1.0000000000000002e-07
42,89,0.2834601402282715,0.03321453183889389,0.560910701751709,0.40986186265945435,0.3,0.2,1.0000000000000002e-07
42,90,0.13699105381965637,0.005760226398706436,0.1888698935508728,0.3728492856025696,0.3,0.2,1.0000000000000002e-07
42,91,0.21249926090240479,0.01361612044274807,0.35191094875335693,0.466549277305603,0.3,0.2,1.0000000000000002e-07
42,92,0.19856305420398712,0.010886761359870434,0.3445459008216858,0.4215626120567322,0.3,0.2,1.0000000000000002e-07
42,93,0.28492552042007446,0.020425215363502502,0.5833855271339417,0.4474232792854309,0.3,0.2,1.0000000000000002e-07
42,94,0.0851217731833458,0.002821056405082345,0.2026994228363037,0.10745441913604736,0.3,0.2,1.0000000000000002e-07
42,95,0.03163794428110123,0.0032370418775826693,0.04190552234649658,0.07914621382951736,0.3,0.2,1.0000000000000002e-07
42,96,0.19814841449260712,0.007901889272034168,0.39659547805786133,0.35633936524391174,0.3,0.2,1.0000000000000002e-07
42,97,0.08880557119846344,0.00580976577475667,0.14300453662872314,0.20047219097614288,0.3,0.2,1.0000000000000002e-07
42,98,0.07742137461900711,0.001896162866614759,0.13737928867340088,0.17155712842941284,0.3,0.2,1.0000000000000002e-07
43,0,0.07427588105201721,0.002230490557849407,0.11709332466125488,0.18458697199821472,0.3,0.2,1.0000000000000002e-07
43,1,0.15194633603096008,0.0037195945624262094,0.18077290058135986,0.4699743688106537,0.3,0.2,1.0000000000000002e-07
43,2,0.06427526473999023,0.007750135380774736,0.13686424493789673,0.07732929289340973,0.3,0.2,1.0000000000000002e-07
43,3,0.06074009835720062,0.0013147853314876556,0.03459721803665161,0.24523073434829712,0.3,0.2,1.0000000000000002e-07
43,4,0.09036825597286224,0.012821445241570473,0.07817846536636353,0.27046632766723633,0.3,0.2,1.0000000000000002e-07
43,5,0.10589514672756195,0.010023594833910465,0.14295607805252075,0.26492366194725037,0.3,0.2,1.0000000000000002e-07
43,6,0.10464558005332947,0.004437031224370003,0.15645438432693481,0.26636114716529846,0.3,0.2,1.0000000000000002e-07
43,7,0.06747035682201385,0.00862815324217081,0.03657937049865723,0.23934195935726166,0.3,0.2,1.0000000000000002e-07
43,8,0.041935570538043976,0.008684694766998291,0.03327208757400513,0.11634625494480133,0.3,0.2,1.0000000000000002e-07
43,9,0.08647138625383377,0.004629380535334349,0.1870235800743103,0.12867462635040283,0.3,0.2,1.0000000000000002e-07
43,10,0.19334816932678223,0.007609398104250431,0.3645591735839844,0.3818550705909729,0.3,0.2,1.0000000000000002e-07
43,11,0.04616016522049904,0.004399862606078386,0.035868823528289795,0.1549982726573944,0.3,0.2,1.0000000000000002e-07
43,12,0.07717012614011765,0.004009367432445288,0.07838791608810425,0.24822190403938293,0.3,0.2,1.0000000000000002e-07
43,13,0.28251373767852783,0.03001478686928749,0.5600413084030151,0.42243286967277527,0.3,0.2,1.0000000000000002e-07
43,14,0.08336293697357178,0.013024396263062954,0.08408212661743164,0.225569486618042,0.3,0.2,1.0000000000000002e-07
43,15,0.0971759781241417,0.00443244306370616,0.1472417712211609,0.2428550124168396,0.3,0.2,1.0000000000000002e-07
43,16,0.09954909235239029,0.008967405185103416,0.1289781928062439,0.2594411373138428,0.3,0.2,1.0000000000000002e-07
43,17,0.08138349652290344,0.00282074767164886,0.20270228385925293,0.08876030147075653,0.3,0.2,1.0000000000000002e-07
43,18,0.25310468673706055,0.018353043124079704,0.4752797484397888,0.4608384966850281,0.3,0.2,1.0000000000000002e-07
43,19,0.07924088835716248,0.011561870574951172,0.06363213062286377,0.24294687807559967,0.3,0.2,1.0000000000000002e-07
43,20,0.056195154786109924,0.009770440869033337,0.042434751987457275,0.16847144067287445,0.3,0.2,1.0000000000000002e-07
43,21,0.13547508418560028,0.004919963423162699,0.16488850116729736,0.40544283390045166,0.3,0.2,1.0000000000000002e-07
43,22,0.059891149401664734,0.002831961726769805,0.11073672771453857,0.11919083446264267,0.3,0.2,1.0000000000000002e-07
43,23,0.042561352252960205,0.004800564143806696,0.03011023998260498,0.14363856613636017,0.3,0.2,1.0000000000000002e-07
43,24,0.09193309396505356,0.0034836502745747566,0.14686691761016846,0.2219468355178833,0.3,0.2,1.0000000000000002e-07
43,25,0.05613365024328232,0.006392710842192173,0.03401482105255127,0.1976824551820755,0.3,0.2,1.0000000000000002e-07
43,26,0.15948523581027985,0.004839067813009024,0.261510968208313,0.38096433877944946,0.3,0.2,1.0000000000000002e-07
43,27,0.06613509356975555,0.003479650476947427,0.09898149967193604,0.16480495035648346,0.3,0.2,1.0000000000000002e-07
43,28,0.20414689183235168,0.011376737616956234,0.3163912892341614,0.48926374316215515,0.3,0.2,1.0000000000000002e-07
43,29,0.08179999887943268,0.0025776659604161978,0.13647639751434326,0.1913970708847046,0.3,0.2,1.0000000000000002e-07
43,30,0.05456981062889099,0.003256827360019088,0.028643548488616943,0.21359959244728088,0.3,0.2,1.0000000000000002e-07
43,31,0.050661273300647736,0.0015389363979920745,0.09793949127197266,0.09870245307683945,0.3,0.2,1.0000000000000002e-07
43,32,0.12500521540641785,0.01105494238436222,0.19538259506225586,0.2766774892807007,0.3,0.2,1.0000000000000002e-07
43,33,0.07945765554904938,0.005495617166161537,0.09508126974105835,0.22718830406665802,0.3,0.2,1.0000000000000002e-07
43,34,0.1927882730960846,0.007092397194355726,0.3989682197570801,0.3300270736217499,0.3,0.2,1.0000000000000002e-07
43,35,0.21862192451953888,0.01336968969553709,0.3712233304977417,0.46942615509033203,0.3,0.2,1.0000000000000002e-07
43,36,0.05098356306552887,0.003485888708382845,0.09193551540374756,0.09958507865667343,0.3,0.2,1.0000000000000002e-07
43,37,0.08295439183712006,0.008211576379835606,0.07603543996810913,0.259660929441452,0.3,0.2,1.0000000000000002e-07
43,38,0.03997047245502472,0.006410692352801561,0.03150153160095215,0.1205466091632843,0.3,0.2,1.0000000000000002e-07
43,39,0.10409200191497803,0.006300244014710188,0.13764256238937378,0.2824949026107788,0.3,0.2,1.0000000000000002e-07
43,40,0.08409321308135986,0.010206558741629124,0.1089434027671814,0.20601817965507507,0.3,0.2,1.0000000000000002e-07
43,41,0.1383136808872223,0.003205446759238839,0.11886000633239746,0.49725109338760376,0.3,0.2,1.0000000000000002e-07
43,42,0.044220734387636185,0.0013823313638567924,0.0412600040435791,0.15230201184749603,0.3,0.2,1.0000000000000002e-07
43,43,0.09540066123008728,0.004682826343923807,0.11561417579650879,0.28016790747642517,0.3,0.2,1.0000000000000002e-07
43,44,0.07233904302120209,0.010815064422786236,0.03826636075973511,0.2502203583717346,0.3,0.2,1.0000000000000002e-07
43,45,0.07717037200927734,0.010768133215606213,0.0681719183921814,0.22975333034992218,0.3,0.2,1.0000000000000002e-07
43,46,0.07061678171157837,0.006772538181394339,0.13827890157699585,0.1118028536438942,0.3,0.2,1.0000000000000002e-07
43,47,0.06094340980052948,0.0047342185862362385,0.11416447162628174,0.10979922860860825,0.3,0.2,1.0000000000000002e-07
43,48,0.04486703872680664,0.0033104217145591974,0.049573421478271484,0.13342294096946716,0.3,0.2,1.0000000000000002e-07
43,49,0.09511158615350723,0.004059155471622944,0.21456366777420044,0.13341662287712097,0.3,0.2,1.0000000000000002e-07
43,50,0.05947544425725937,0.004510620143264532,0.05766183137893677,0.18833135068416595,0.3,0.2,1.0000000000000002e-07
43,51,0.09197945892810822,0.005807703826576471,0.1429957151412964,0.21636520326137543,0.3,0.2,1.0000000000000002e-07
43,52,0.06059831380844116,0.001429363968782127,0.032912611961364746,0.24647581577301025,0.3,0.2,1.0000000000000002e-07
43,53,0.28260380029678345,0.02461704984307289,0.6228156089782715,0.35571035742759705,0.3,0.2,1.0000000000000002e-07
43,54,0.051574334502220154,0.0032839018385857344,0.07338643074035645,0.13137251138687134,0.3,0.2,1.0000000000000002e-07
43,55,0.080045685172081,0.002461662283167243,0.17384517192840576,0.12715235352516174,0.3,0.2,1.0000000000000002e-07
43,56,0.07783102989196777,0.0038042906671762466,0.11712586879730225,0.19444489479064941,0.3,0.2,1.0000000000000002e-07
43,57,0.05085296928882599,0.007834344170987606,0.037245988845825195,0.15922413766384125,0.3,0.2,1.0000000000000002e-07
43,58,0.05797756835818291,0.0014966991730034351,0.09562373161315918,0.13896873593330383,0.3,0.2,1.0000000000000002e-07
43,59,0.08824130892753601,0.0018958179280161858,0.13737261295318604,0.2256685346364975,0.3,0.2,1.0000000000000002e-07
43,60,0.05614451691508293,0.0033142641186714172,0.11337661743164062,0.09408631920814514,0.3,0.2,1.0000000000000002e-07
43,61,0.14346416294574738,0.011338123120367527,0.2814040184020996,0.2385241687297821,0.3,0.2,1.0000000000000002e-07
43,62,0.08574225008487701,0.003884881269186735,0.17860305309295654,0.14138223230838776,0.3,0.2,1.0000000000000002e-07
43,63,0.18585583567619324,0.010114013217389584,0.2949795722961426,0.43623974919319153,0.3,0.2,1.0000000000000002e-07
43,64,0.07641163468360901,0.00860920175909996,0.07143086194992065,0.23186586797237396,0.3,0.2,1.0000000000000002e-07
43,65,0.13682325184345245,0.005774872377514839,0.2774693965911865,0.23903778195381165,0.3,0.2,1.0000000000000002e-07
43,66,0.06500905752182007,0.011685212142765522,0.04356127977371216,0.20127728581428528,0.3,0.2,1.0000000000000002e-07
43,67,0.08848908543586731,0.004463620018213987,0.2220352292060852,0.08707442879676819,0.3,0.2,1.0000000000000002e-07
43,68,0.031682875007390976,0.003237217664718628,0.04190546274185181,0.07937008142471313,0.3,0.2,1.0000000000000002e-07
43,69,0.07642427831888199,0.015978854149580002,0.04593938589096069,0.2333180457353592,0.3,0.2,1.0000000000000002e-07
43,70,0.05023375153541565,0.0031092616263777018,0.07303833961486816,0.12606492638587952,0.3,0.2,1.0000000000000002e-07
43,71,0.07655882835388184,0.00442784558981657,0.10137981176376343,0.20858515799045563,0.3,0.2,1.0000000000000002e-07
43,72,0.0558321475982666,0.002752570668235421,0.08593910932540894,0.13648922741413116,0.3,0.2,1.0000000000000002e-07
43,73,0.2804509401321411,0.017714323475956917,0.4975796937942505,0.5673134326934814,0.3,0.2,1.0000000000000002e-07
43,74,0.05579914152622223,0.0027524095494300127,0.10315591096878052,0.1104997768998146,0.3,0.2,1.0000000000000002e-07
43,75,0.07921574264764786,0.004127418622374535,0.14955812692642212,0.1511043906211853,0.3,0.2,1.0000000000000002e-07
43,76,0.08405613899230957,0.011890504509210587,0.07461720705032349,0.24890238046646118,0.3,0.2,1.0000000000000002e-07
43,77,0.07216642051935196,0.020786574110388756,0.045909106731414795,0.18803557753562927,0.3,0.2,1.0000000000000002e-07
43,78,0.07944083213806152,0.00991394929587841,0.08945953845977783,0.21344511210918427,0.3,0.2,1.0000000000000002e-07
43,79,0.09867214411497116,0.007376808673143387,0.2252243161201477,0.11864018440246582,0.3,0.2,1.0000000000000002e-07
43,80,0.04518594592809677,0.0032922353129833937,0.04407525062561035,0.14335566759109497,0.3,0.2,1.0000000000000002e-07
43,81,0.08527661859989166,0.0027282964438199997,0.14822500944137573,0.19040408730506897,0.3,0.2,1.0000000000000002e-07
43,82,0.07924187928438187,0.00700716394931078,0.057274699211120605,0.2752615213394165,0.3,0.2,1.0000000000000002e-07
43,83,0.06713853776454926,0.010084371082484722,0.041592299938201904,0.22288236021995544,0.3,0.2,1.0000000000000002e-07
43,84,0.06499648839235306,0.0038144425489008427,0.08358484506607056,0.18053294718265533,0.3,0.2,1.0000000000000002e-07
43,85,0.08459531515836716,0.0041621956042945385,0.17767930030822754,0.13564664125442505,0.3,0.2,1.0000000000000002e-07
43,86,0.06409342586994171,0.0021763374097645283,0.0357663631439209,0.2559359073638916,0.3,0.2,1.0000000000000002e-07
43,87,0.05941808596253395,0.00548836775124073,0.06854140758514404,0.1668364703655243,0.3,0.2,1.0000000000000002e-07
43,88,0.09972035884857178,0.00614905497059226,0.13635313510894775,0.26332682371139526,0.3,0.2,1.0000000000000002e-07
43,89,0.09703183174133301,0.0043181017972528934,0.17874234914779663,0.19545507431030273,0.3,0.2,1.0000000000000002e-07
43,90,0.05167754739522934,0.0021635591983795166,0.047193944454193115,0.17677903175354004,0.3,0.2,1.0000000000000002e-07
43,91,0.09418836236000061,0.006308531388640404,0.13362795114517212,0.2389572411775589,0.3,0.2,1.0000000000000002e-07
43,92,0.09146121144294739,0.01139901578426361,0.1056203842163086,0.2418804168701172,0.3,0.2,1.0000000000000002e-07
43,93,0.21908743679523468,0.009731011465191841,0.3292768597602844,0.5528668165206909,0.3,0.2,1.0000000000000002e-07
43,94,0.08530247211456299,0.0035135545767843723,0.1409357786178589,0.19754089415073395,0.3,0.2,1.0000000000000002e-07
43,95,0.12356394529342651,0.005174222867935896,0.17653512954711914,0.32714590430259705,0.3,0.2,1.0000000000000002e-07
43,96,0.044794805347919464,0.0011749170953407884,0.040300846099853516,0.15764816105365753,0.3,0.2,1.0000000000000002e-07
43,97,0.11010351032018661,0.01195551361888647,0.1785474419593811,0.2229187935590744,0.3,0.2,1.0000000000000002e-07
43,98,0.08177162706851959,0.009254680015146732,0.09822309017181396,0.21525010466575623,0.3,0.2,1.0000000000000002e-07
44,0,0.15298497676849365,0.0062062242068350315,0.19177454710006714,0.4462319314479828,0.3,0.2,1.0000000000000002e-07
44,1,0.08249084651470184,0.003513507777824998,0.1409328579902649,0.1834874153137207,0.3,0.2,1.0000000000000002e-07
44,2,0.06219667196273804,0.003804229199886322,0.11711317300796509,0.11629244685173035,0.3,0.2,1.0000000000000002e-07
44,3,0.043344929814338684,0.0032919137738645077,0.044074416160583496,0.13415344059467316,0.3,0.2,1.0000000000000002e-07
44,4,0.04722721874713898,0.006412222050130367,0.03150218725204468,0.15682169795036316,0.3,0.2,1.0000000000000002e-07
44,5,0.049802470952272415,0.0034859098959714174,0.09192734956741333,0.09369176626205444,0.3,0.2,1.0000000000000002e-07
44,6,0.24984736740589142,0.01861666701734066,0.4654172658920288,0.45802757143974304,0.3,0.2,1.0000000000000002e-07
44,7,0.04834068566560745,0.006391607224941254,0.03400951623916626,0.1587311178445816,0.3,0.2,1.0000000000000002e-07
44,8,0.18300339579582214,0.003849030937999487,0.20270907878875732,0.591708242893219,0.3,0.2,1.0000000000000002e-07
44,9,0.0742863118648529,0.0159757062792778,0.04593867063522339,0.22264502942562103,0.3,0.2,1.0000000000000002e-07
44,10,0.2635514438152313,0.02123928628861904,0.5341129899024963,0.41039130091667175,0.3,0.2,1.0000000000000002e-07
44,11,0.2098313570022583,0.011832360178232193,0.321755588054657,0.5073615908622742,0.3,0.2,1.0000000000000002e-07
44,12,0.08337467908859253,0.00925352144986391,0.0982174277305603,0.22327962517738342,0.3,0.2,1.0000000000000002e-07
44,13,0.07620574533939362,0.020786503329873085,0.045906245708465576,0.20823685824871063,0.3,0.2,1.0000000000000002e-07
44,14,0.05870283022522926,0.010814228095114231,0.038263678550720215,0.18204748630523682,0.3,0.2,1.0000000000000002e-07
44,15,0.08668769896030426,0.004673517309129238,0.22042161226272583,0.0794384554028511,0.3,0.2,1.0000000000000002e-07
44,16,0.08513957262039185,0.0039165690541267395,0.1756923794746399,0.1425764113664627,0.3,0.2,1.0000000000000002e-07
44,17,0.10162921994924545,0.0043180049397051334,0.17873579263687134,0.2184523642063141,0.3,0.2,1.0000000000000002e-07
44,18,0.13758698105812073,0.011338486336171627,0.2813968062400818,0.20914724469184875,0.3,0.2,1.0000000000000002e-07
44,19,0.08074657618999481,0.010771363973617554,0.0681721568107605,0.24761782586574554,0.3,0.2,1.0000000000000002e-07
44,20,0.078948974609375,0.013023808598518372,0.08408427238464355,0.20349940657615662,0.3,0.2,1.0000000000000002e-07
44,21,0.07681958377361298,0.011892748065292835,0.07462173700332642,0.21270155906677246,0.3,0.2,1.0000000000000002e-07
44,22,0.09268693625926971,0.0058086952194571495,0.1429937481880188,0.21990054845809937,0.3,0.2,1.0000000000000002e-07
44,23,0.0754057988524437,0.009913144633173943,0.08945846557617188,0.1932755708694458,0.3,0.2,1.0000000000000002e-07
44,24,0.09171907603740692,0.0025768724735826254,0.13646721839904785,0.24101018905639648,0.3,0.2,1.0000000000000002e-07
44,25,0.059610843658447266,0.004734626039862633,0.11416071653366089,0.1031399816274643,0.3,0.2,1.0000000000000002e-07
44,26,0.05772314965724945,0.003314173547551036,0.11337035894393921,0.10198932886123657,0.3,0.2,1.0000000000000002e-07
44,27,0.08166247606277466,0.0028208382427692413,0.20268875360488892,0.09017502516508102,0.3,0.2,1.0000000000000002e-07
44,28,0.06710168719291687,0.0054878294467926025,0.06853550672531128,0.20526599884033203,0.3,0.2,1.0000000000000002e-07
44,29,0.21015486121177673,0.01507485844194889,0.3802955150604248,0.4049566984176636,0.3,0.2,1.0000000000000002e-07
44,30,0.07382579147815704,0.007006776053458452,0.057276248931884766,0.24818070232868195,0.3,0.2,1.0000000000000002e-07
44,31,0.06870144605636597,0.00677264342084527,0.13827359676361084,0.10223361849784851,0.3,0.2,1.0000000000000002e-07
44,32,0.061324529349803925,0.0038147433660924435,0.08358514308929443,0.16217121481895447,0.3,0.2,1.0000000000000002e-07
44,33,0.12151901423931122,0.003566998289898038,0.12152880430221558,0.4074668884277344,0.3,0.2,1.0000000000000002e-07
44,34,0.08910605311393738,0.002423579338937998,0.1436585783958435,0.21792449057102203,0.3,0.2,1.0000000000000002e-07
44,35,0.09037713706493378,0.004059428349137306,0.21455037593841553,0.10976295173168182,0.3,0.2,1.0000000000000002e-07
44,36,0.0971176028251648,0.012820863164961338,0.07816964387893677,0.304229199886322,0.3,0.2,1.0000000000000002e-07
44,37,0.05173695087432861,0.0031092644203454256,0.07303434610366821,0.13358691334724426,0.3,0.2,1.0000000000000002e-07
44,38,0.1351901739835739,0.005411260761320591,0.16604840755462646,0.3998219668865204,0.3,0.2,1.0000000000000002e-07
44,39,0.27861732244491577,0.017728447914123535,0.5137807130813599,0.5337732434272766,0.3,0.2,1.0000000000000002e-07
44,40,0.07158103585243225,0.008607752621173859,0.07142484188079834,0.20772917568683624,0.3,0.2,1.0000000000000002e-07
44,41,0.09443163871765137,0.011401270516216755,0.10561352968215942,0.2567315399646759,0.3,0.2,1.0000000000000002e-07
44,42,0.04891108721494675,0.004400584381073713,0.03586846590042114,0.1687498241662979,0.3,0.2,1.0000000000000002e-07
44,43,0.04400806501507759,0.0012081378372386098,0.040546953678131104,0.15317919850349426,0.3,0.2,1.0000000000000002e-07
44,44,0.10050150752067566,0.008966987952589989,0.1289764642715454,0.2642079293727875,0.3,0.2,1.0000000000000002e-07
44,45,0.07094088196754456,0.0018956584390252829,0.1373634934425354,0.13918088376522064,0.3,0.2,1.0000000000000002e-07
44,46,0.11200238764286041,0.010023060254752636,0.14295333623886108,0.2954666018486023,0.3,0.2,1.0000000000000002e-07
44,47,0.10110592842102051,0.004435294773429632,0.1577126383781433,0.24678418040275574,0.3,0.2,1.0000000000000002e-07
44,48,0.0785905048251152,0.010208120569586754,0.10893923044204712,0.17850305140018463,0.3,0.2,1.0000000000000002e-07
44,49,0.09401637315750122,0.006148705258965492,0.13635128736495972,0.23481139540672302,0.3,0.2,1.0000000000000002e-07
44,50,0.06284590810537338,0.0015211114659905434,0.034557878971099854,0.2547871470451355,0.3,0.2,1.0000000000000002e-07
44,51,0.044814448803663254,0.0014554500812664628,0.04125398397445679,0.1549140065908432,0.3,0.2,1.0000000000000002e-07
44,52,0.04148048162460327,0.004800981376320124,0.030109167098999023,0.1382337510585785,0.3,0.2,1.0000000000000002e-07
44,53,0.09670184552669525,0.004008718766272068,0.07837611436843872,0.3459014296531677,0.3,0.2,1.0000000000000002e-07
44,54,0.05728525295853615,0.0045111519284546375,0.057658612728118896,0.17738257348537445,0.3,0.2,1.0000000000000002e-07
44,55,0.07460454106330872,0.0022303194273263216,0.11709517240524292,0.18622836470603943,0.3,0.2,1.0000000000000002e-07
44,56,0.12000396847724915,0.011054201982915401,0.19538170099258423,0.2516762614250183,0.3,0.2,1.0000000000000002e-07
44,57,0.05744544789195061,0.0014965522568672895,0.09562069177627563,0.13631343841552734,0.3,0.2,1.0000000000000002e-07
44,58,0.0435393825173378,0.00868414156138897,0.033271729946136475,0.12436861544847488,0.3,0.2,1.0000000000000002e-07
44,59,0.19680994749069214,0.009401634335517883,0.3899468779563904,0.3521212041378021,0.3,0.2,1.0000000000000002e-07
44,60,0.05796299874782562,0.0032571766059845686,0.028645336627960205,0.23056109249591827,0.3,0.2,1.0000000000000002e-07
44,61,0.09761542081832886,0.007133732549846172,0.22260546684265137,0.1185002401471138,0.3,0.2,1.0000000000000002e-07
44,62,0.2900731861591339,0.030474387109279633,0.5771098732948303,0.4323291480541229,0.3,0.2,1.0000000000000002e-07
44,63,0.09486745297908783,0.0034844607580453157,0.14686137437820435,0.2366228848695755,0.3,0.2,1.0000000000000002e-07
44,64,0.1141284853219986,0.011956524103879929,0.1785411238670349,0.24304811656475067,0.3,0.2,1.0000000000000002e-07
44,65,0.1984877586364746,0.007834025658667088,0.34346145391464233,0.43807652592658997,0.3,0.2,1.0000000000000002e-07
44,66,0.09532846510410309,0.006299697794020176,0.13763689994812012,0.23868846893310547,0.3,0.2,1.0000000000000002e-07
44,67,0.06380490213632584,0.0028322874568402767,0.11073625087738037,0.13875868916511536,0.3,0.2,1.0000000000000002e-07
44,68,0.19140389561653137,0.011029435321688652,0.30382686853408813,0.44613194465637207,0.3,0.2,1.0000000000000002e-07
44,69,0.08003102242946625,0.0044325790368020535,0.14844560623168945,0.155323788523674,0.3,0.2,1.0000000000000002e-07
44,70,0.08987314999103546,0.004432570189237595,0.14723581075668335,0.20634914934635162,0.3,0.2,1.0000000000000002e-07
44,71,0.049617279320955276,0.0010486944811418653,0.032030344009399414,0.19479739665985107,0.3,0.2,1.0000000000000002e-07
44,72,0.049659326672554016,0.002163597382605076,0.047192513942718506,0.16668987274169922,0.3,0.2,1.0000000000000002e-07
44,73,0.07913363724946976,0.008211754262447357,0.07603073120117188,0.2405633181333542,0.3,0.2,1.0000000000000002e-07
44,74,0.04918244853615761,0.0015390474582090974,0.09793329238891602,0.0913170650601387,0.3,0.2,1.0000000000000002e-07
44,75,0.056321606040000916,0.0021758999209851027,0.035765767097473145,0.21707986295223236,0.3,0.2,1.0000000000000002e-07
44,76,0.07914508879184723,0.005495128687471151,0.09507781267166138,0.22563308477401733,0.3,0.2,1.0000000000000002e-07
44,77,0.054650213569402695,0.011684630066156387,0.043562233448028564,0.1494845598936081,0.3,0.2,1.0000000000000002e-07
44,78,0.08055995404720306,0.004161554388701916,0.17767482995986938,0.1154797151684761,0.3,0.2,1.0000000000000002e-07
44,79,0.07083426415920258,0.00775011396035552,0.13685733079910278,0.11013475060462952,0.3,0.2,1.0000000000000002e-07
44,80,0.09069559723138809,0.006308328360319138,0.13362187147140503,0.22150352597236633,0.3,0.2,1.0000000000000002e-07
44,81,0.05230030417442322,0.0032839691266417503,0.07338494062423706,0.13500426709651947,0.3,0.2,1.0000000000000002e-07
44,82,0.23945191502571106,0.010849641636013985,0.3938554525375366,0.5522282123565674,0.3,0.2,1.0000000000000002e-07
44,83,0.048460762947797775,0.007832645438611507,0.03724169731140137,0.1472780406475067,0.3,0.2,1.0000000000000002e-07
44,84,0.14512193202972412,0.00577428936958313,0.2774401903152466,0.2805779278278351,0.3,0.2,1.0000000000000002e-07
44,85,0.07926424592733383,0.0023120390251278877,0.16983813047409058,0.13000382483005524,0.3,0.2,1.0000000000000002e-07
44,86,0.07271546125411987,0.0034770695492625237,0.09897369146347046,0.19773142039775848,0.3,0.2,1.0000000000000002e-07
44,87,0.05413629859685898,0.0027517282869666815,0.10314363241195679,0.10220740735530853,0.3,0.2,1.0000000000000002e-07
44,88,0.07705332338809967,0.011561097577214241,0.06362998485565186,0.2320161610841751,0.3,0.2,1.0000000000000002e-07
44,89,0.06234998628497124,0.004427495412528515,0.1013759970664978,0.13754844665527344,0.3,0.2,1.0000000000000002e-07
44,90,0.04335499554872513,0.0033107989002019167,0.049574434757232666,0.1258593201637268,0.3,0.2,1.0000000000000002e-07
44,91,0.031063832342624664,0.0032367354724556208,0.04190325736999512,0.07628058642148972,0.3,0.2,1.0000000000000002e-07
44,92,0.06055046617984772,0.008629588410258293,0.03657948970794678,0.2047351598739624,0.3,0.2,1.0000000000000002e-07
44,93,0.16467994451522827,0.004840658977627754,0.22740161418914795,0.4580940306186676,0.3,0.2,1.0000000000000002e-07
44,94,0.0681629478931427,0.010086008347570896,0.04159140586853027,0.22799760103225708,0.3,0.2,1.0000000000000002e-07
44,95,0.09661020338535309,0.004606254864484072,0.19459325075149536,0.16812986135482788,0.3,0.2,1.0000000000000002e-07
44,96,0.06171856448054314,0.009771633893251419,0.04243522882461548,0.19608180224895477,0.3,0.2,1.0000000000000002e-07
44,97,0.08582957088947296,0.004681881982833147,0.11560630798339844,0.23232896625995636,0.3,0.2,1.0000000000000002e-07
44,98,0.05724436789751053,0.002752989297732711,0.08593446016311646,0.14355520904064178,0.3,0.2,1.0000000000000002e-07
45,0,0.08051876723766327,0.011890687979757786,0.07461553812026978,0.23121707141399384,0.3,0.2,1.0000000000000002e-07
45,1,0.0670800507068634,0.015972906723618507,0.04594159126281738,0.18662331998348236,0.3,0.2,1.0000000000000002e-07
45,2,0.19471007585525513,0.011137566529214382,0.3193531632423401,0.4388328194618225,0.3,0.2,1.0000000000000002e-07
45,3,0.08832207322120667,0.002576792612671852,0.1364673376083374,0.2240254133939743,0.3,0.2,1.0000000000000002e-07
45,4,0.08856917917728424,0.012822547927498817,0.07816946506500244,0.2614789605140686,0.3,0.2,1.0000000000000002e-07
45,5,0.05498318374156952,0.0021755751222372055,0.03576481342315674,0.21039080619812012,0.3,0.2,1.0000000000000002e-07
45,6,0.08475635945796967,0.00282089551910758,0.2026847004890442,0.10565024614334106,0.3,0.2,1.0000000000000002e-07
45,7,0.06188778579235077,0.001556999166496098,0.03365647792816162,0.25116920471191406,0.3,0.2,1.0000000000000002e-07
45,8,0.04198165237903595,0.003293921472504735,0.044075191020965576,0.1273258626461029,0.3,0.2,1.0000000000000002e-07
45,9,0.0850735455751419,0.013022947125136852,0.08407765626907349,0.23413647711277008,0.3,0.2,1.0000000000000002e-07
45,10,0.051891475915908813,0.002163688652217388,0.047193288803100586,0.17784897983074188,0.3,0.2,1.0000000000000002e-07
45,11,0.0949094146490097,0.0044074649922549725,0.21839308738708496,0.1249200627207756,0.3,0.2,1.0000000000000002e-07
45,12,0.062045320868492126,0.003804063657298684,0.11711084842681885,0.11553998291492462,0.3,0.2,1.0000000000000002e-07
45,13,0.08103468269109726,0.004009084776043892,0.07837730646133423,0.26756203174591064,0.3,0.2,1.0000000000000002e-07
45,14,0.26193758845329285,0.019930033013224602,0.5058163404464722,0.45131322741508484,0.3,0.2,1.0000000000000002e-07
45,15,0.13961540162563324,0.011338318698108196,0.28140246868133545,0.21928174793720245,0.3,0.2,1.0000000000000002e-07
45,16,0.0667705237865448,0.00860899593681097,0.07142484188079834,0.18367034196853638,0.3,0.2,1.0000000000000002e-07
45,17,0.06593834608793259,0.0038147498853504658,0.08358114957809448,0.18524624407291412,0.3,0.2,1.0000000000000002e-07
45,18,0.048455048352479935,0.004510581027716398,0.057658255100250244,0.13323494791984558,0.3,0.2,1.0000000000000002e-07
45,19,0.05483875051140785,0.0014966325834393501,0.09562194347381592,0.12327765673398972,0.3,0.2,1.0000000000000002e-07
45,20,0.147782564163208,0.006059031933546066,0.1914021372795105,0.42151445150375366,0.3,0.2,1.0000000000000002e-07
45,21,0.05040261149406433,0.010082477703690529,0.0415918231010437,0.13921292126178741,0.3,0.2,1.0000000000000002e-07
45,22,0.08917336165904999,0.005495093297213316,0.09507542848587036,0.2757781744003296,0.3,0.2,1.0000000000000002e-07
45,23,0.10288262367248535,0.006300459150224924,0.13763880729675293,0.27645257115364075,0.3,0.2,1.0000000000000002e-07
45,24,0.1140257939696312,0.011956052854657173,0.17854058742523193,0.24253781139850616,0.3,0.2,1.0000000000000002e-07
45,25,0.058504119515419006,0.002230277983471751,0.11709558963775635,0.10572580248117447,0.3,0.2,1.0000000000000002e-07
45,26,0.13444873690605164,0.004612399730831385,0.16396403312683105,0.40323561429977417,0.3,0.2,1.0000000000000002e-07
45,27,0.07167845964431763,0.006773634813725948,0.13827580213546753,0.11711039394140244,0.3,0.2,1.0000000000000002e-07
45,28,0.047215357422828674,0.007833779789507389,0.037245750427246094,0.14103925228118896,0.3,0.2,1.0000000000000002e-07
45,29,0.13471627235412598,0.004752136766910553,0.11109864711761475,0.4831726849079132,0.3,0.2,1.0000000000000002e-07
45,30,0.10015812516212463,0.0025699930265545845,0.1453590989112854,0.26990199089050293,0.3,0.2,1.0000000000000002e-07
45,31,0.14103315770626068,0.005774272605776787,0.27744877338409424,0.26012122631073,0.3,0.2,1.0000000000000002e-07
45,32,0.05872512236237526,0.011683641001582146,0.043558716773986816,0.1698693186044693,0.3,0.2,1.0000000000000002e-07
45,33,0.07166604697704315,0.009255311451852322,0.09822458028793335,0.16471679508686066,0.3,0.2,1.0000000000000002e-07
45,34,0.08627662062644958,0.011401643976569176,0.10561573505401611,0.21595126390457153,0.3,0.2,1.0000000000000002e-07
45,35,0.04058128222823143,0.004400214180350304,0.03586781024932861,0.12710362672805786,0.3,0.2,1.0000000000000002e-07
45,36,0.11646653711795807,0.011054118163883686,0.1953824758529663,0.23398834466934204,0.3,0.2,1.0000000000000002e-07
45,37,0.062314510345458984,0.0033141898456960917,0.1133694052696228,0.12494748830795288,0.3,0.2,1.0000000000000002e-07
45,38,0.05858998000621796,0.002832242287695408,0.1107332706451416,0.11268878728151321,0.3,0.2,1.0000000000000002e-07
45,39,0.057374514639377594,0.0011494916398078203,0.03339433670043945,0.231033593416214,0.3,0.2,1.0000000000000002e-07
45,40,0.2609577476978302,0.019671089947223663,0.5194730758666992,0.4272235929965973,0.3,0.2,1.0000000000000002e-07
45,41,0.045993559062480927,0.001624566619284451,0.04027736186981201,0.16142891347408295,0.3,0.2,1.0000000000000002e-07
45,42,0.10748790204524994,0.010030331090092659,0.14295190572738647,0.27285999059677124,0.3,0.2,1.0000000000000002e-07
45,43,0.07495412230491638,0.0018954942934215069,0.13736450672149658,0.15924635529518127,0.3,0.2,1.0000000000000002e-07
45,44,0.18946871161460876,0.006786013022065163,0.3568282723426819,0.37817099690437317,0.3,0.2,1.0000000000000002e-07
45,45,0.050520189106464386,0.0034861420281231403,0.09192883968353271,0.09727697819471359,0.3,0.2,1.0000000000000002e-07
45,46,0.09024357050657272,0.004058926831930876,0.21454757452011108,0.10910183191299438,0.3,0.2,1.0000000000000002e-07
45,47,0.043385207653045654,0.001231229631230235,0.042852580547332764,0.14649100601673126,0.3,0.2,1.0000000000000002e-07
45,48,0.06967748701572418,0.020785223692655563,0.0459100604057312,0.1755962371826172,0.3,0.2,1.0000000000000002e-07
45,49,0.0481928288936615,0.00328261312097311,0.07338547706604004,0.1144728735089302,0.3,0.2,1.0000000000000002e-07
45,50,0.037882000207901,0.006411761045455933,0.03150033950805664,0.11010067909955978,0.3,0.2,1.0000000000000002e-07
45,51,0.07835088670253754,0.005487264133989811,0.06853723526000977,0.26151221990585327,0.3,0.2,1.0000000000000002e-07
45,52,0.0605822317302227,0.0031091345008462667,0.07303190231323242,0.17781761288642883,0.3,0.2,1.0000000000000002e-07
45,53,0.07974690198898315,0.0035134442150592804,0.14092886447906494,0.16977399587631226,0.3,0.2,1.0000000000000002e-07
45,54,0.17981410026550293,0.007843021303415298,0.3263179063796997,0.3703784942626953,0.3,0.2,1.0000000000000002e-07
45,55,0.27204033732414246,0.02051849290728569,0.5872619152069092,0.376716285943985,0.3,0.2,1.0000000000000002e-07
45,56,0.09900076687335968,0.0046821096912026405,0.11560624837875366,0.2981838881969452,0.3,0.2,1.0000000000000002e-07
45,57,0.08493991941213608,0.011560187675058842,0.06362861394882202,0.2714557349681854,0.3,0.2,1.0000000000000002e-07
45,58,0.0814414918422699,0.010208438150584698,0.1089358925819397,0.19276143610477448,0.3,0.2,1.0000000000000002e-07
45,59,0.052086152136325836,0.008628587238490582,0.036580562591552734,0.1624169796705246,0.3,0.2,1.0000000000000002e-07
45,60,0.06485049426555634,0.009770488366484642,0.04243350028991699,0.21174976229667664,0.3,0.2,1.0000000000000002e-07
45,61,0.07936593145132065,0.002395269926637411,0.16819745302200317,0.13255710899829865,0.3,0.2,1.0000000000000002e-07
45,62,0.08898815512657166,0.006308612413704395,0.13362956047058105,0.2129533588886261,0.3,0.2,1.0000000000000002e-07
45,63,0.10641675442457199,0.0043175797909498215,0.17873752117156982,0.24238958954811096,0.3,0.2,1.0000000000000002e-07
45,64,0.05647744610905647,0.0027523876633495092,0.08593428134918213,0.13972386717796326,0.3,0.2,1.0000000000000002e-07
45,65,0.05523936450481415,0.0034788076300174,0.09897404909133911,0.11034170538187027,0.3,0.2,1.0000000000000002e-07
45,66,0.21799913048744202,0.014277869835495949,0.3937641382217407,0.4279600977897644,0.3,0.2,1.0000000000000002e-07
45,67,0.06338521838188171,0.003257462987676263,0.028644442558288574,0.25767210125923157,0.3,0.2,1.0000000000000002e-07
45,68,0.054999060928821564,0.002752233762294054,0.10314571857452393,0.1065155491232872,0.3,0.2,1.0000000000000002e-07
45,69,0.08828376233577728,0.004428050480782986,0.19008886814117432,0.13414525985717773,0.3,0.2,1.0000000000000002e-07
45,70,0.06833110004663467,0.007007037289440632,0.05727529525756836,0.22070737183094025,0.3,0.2,1.0000000000000002e-07
45,71,0.0956377238035202,0.0061489287763834,0.13635355234146118,0.2429136335849762,0.3,0.2,1.0000000000000002e-07
45,72,0.08189548552036285,0.004161888733506203,0.17767542600631714,0.1221548318862915,0.3,0.2,1.0000000000000002e-07
45,73,0.0751911848783493,0.009913306683301926,0.08945918083190918,0.19220063090324402,0.3,0.2,1.0000000000000002e-07
45,74,0.06427427381277084,0.007749911863356829,0.13685470819473267,0.07733973115682602,0.3,0.2,1.0000000000000002e-07
45,75,0.16701343655586243,0.0028444542549550533,0.1726013422012329,0.5619428753852844,0.3,0.2,1.0000000000000002e-07
45,76,0.08854150772094727,0.0034839885774999857,0.14685696363449097,0.20500215888023376,0.3,0.2,1.0000000000000002e-07
45,77,0.03034793958067894,0.003236637683585286,0.04190570116043091,0.0726979449391365,0.3,0.2,1.0000000000000002e-07
45,78,0.08201487362384796,0.0039217425510287285,0.17545479536056519,0.12728342413902283,0.3,0.2,1.0000000000000002e-07
45,79,0.0825866311788559,0.0044326744973659515,0.14723724126815796,0.1699138879776001,0.3,0.2,1.0000000000000002e-07
45,80,0.04996310919523239,0.008684630505740643,0.033270418643951416,0.15648674964904785,0.3,0.2,1.0000000000000002e-07
45,81,0.18491819500923157,0.009849058464169502,0.28337448835372925,0.4502839148044586,0.3,0.2,1.0000000000000002e-07
45,82,0.27854806184768677,0.028471147641539574,0.5580072999000549,0.41337358951568604,0.3,0.2,1.0000000000000002e-07
45,83,0.06679172813892365,0.004734581336379051,0.11416125297546387,0.13904383778572083,0.3,0.2,1.0000000000000002e-07
45,84,0.0634138435125351,0.004427059553563595,0.10137385129928589,0.1428731232881546,0.3,0.2,1.0000000000000002e-07
45,85,0.052023522555828094,0.006391787435859442,0.03400886058807373,0.17714537680149078,0.3,0.2,1.0000000000000002e-07
45,86,0.04858221858739853,0.0015390984481200576,0.09793210029602051,0.08831746131181717,0.3,0.2,1.0000000000000002e-07
45,87,0.08325647562742233,0.010767962783575058,0.06817096471786499,0.260186105966568,0.3,0.2,1.0000000000000002e-07
45,88,0.10112375020980835,0.004670585971325636,0.1606234908103943,0.2413305640220642,0.3,0.2,1.0000000000000002e-07
45,89,0.15993449091911316,0.0047035226598382,0.20404052734375,0.47009405493736267,0.3,0.2,1.0000000000000002e-07
45,90,0.05331213027238846,0.010817383415997028,0.03826016187667847,0.15508347749710083,0.3,0.2,1.0000000000000002e-07
45,91,0.2318333387374878,0.011192597448825836,0.36158305406570435,0.5608291029930115,0.3,0.2,1.0000000000000002e-07
45,92,0.07100464403629303,0.004170124884694815,0.14373654127120972,0.11856777966022491,0.3,0.2,1.0000000000000002e-07
45,93,0.04632725939154625,0.003310298314318061,0.049572110176086426,0.14072664082050323,0.3,0.2,1.0000000000000002e-07
45,94,0.046648744493722916,0.004800237249583006,0.030107498168945312,0.16408129036426544,0.3,0.2,1.0000000000000002e-07
45,95,0.09125193953514099,0.005809515714645386,0.1429985761642456,0.21271422505378723,0.3,0.2,1.0000000000000002e-07
45,96,0.07137374579906464,0.008211243897676468,0.07602506875991821,0.20177491009235382,0.3,0.2,1.0000000000000002e-07
45,97,0.10014933347702026,0.008967097848653793,0.12897509336471558,0.2624485194683075,0.3,0.2,1.0000000000000002e-07
45,98,0.09166429191827774,0.0074531338177621365,0.21710669994354248,0.09539570659399033,0.3,0.2,1.0000000000000002e-07
46,0,0.07729042321443558,0.0038042725063860416,0.11711513996124268,0.19175802171230316,0.3,0.2,1.0000000000000002e-07
46,1,0.041347894817590714,0.006391688250005245,0.03400838375091553,0.12376844882965088,0.3,0.2,1.0000000000000002e-07
46,2,0.08353139460086823,0.002576874103397131,0.13646692037582397,0.2000722438097,0.3,0.2,1.0000000000000002e-07
46,3,0.07808922231197357,0.0023685824126005173,0.17320328950881958,0.11879822611808777,0.3,0.2,1.0000000000000002e-07
46,4,0.0519426167011261,0.0015391664346680045,0.09793287515640259,0.10511793196201324,0.3,0.2,1.0000000000000002e-07
46,5,0.12410232424736023,0.005773916840553284,0.27742648124694824,0.17550228536128998,0.3,0.2,1.0000000000000002e-07
46,6,0.0519108846783638,0.006411723792552948,0.03150266408920288,0.18024179339408875,0.3,0.2,1.0000000000000002e-07
46,7,0.05959901213645935,0.0014966316521167755,0.09562146663665771,0.1470796912908554,0.3,0.2,1.0000000000000002e-07
46,8,0.17016896605491638,0.00465648528188467,0.24027687311172485,0.4671470522880554,0.3,0.2,1.0000000000000002e-07
46,9,0.07765594124794006,0.009913204237818718,0.08945894241333008,0.20452523231506348,0.3,0.2,1.0000000000000002e-07
46,10,0.06162209063768387,0.010082145221531391,0.041591525077819824,0.19531242549419403,0.3,0.2,1.0000000000000002e-07
46,11,0.06258893758058548,0.0021757460199296474,0.03576534986495972,0.248417928814888,0.3,0.2,1.0000000000000002e-07
46,12,0.2053193747997284,0.0146705387160182,0.382681667804718,0.379221647977829,0.3,0.2,1.0000000000000002e-07
46,13,0.1318126916885376,0.005026001948863268,0.16157114505767822,0.39157673716545105,0.3,0.2,1.0000000000000002e-07
46,14,0.0693342536687851,0.003815919626504183,0.08357936143875122,0.20222261548042297,0.3,0.2,1.0000000000000002e-07
46,15,0.04676036909222603,0.004511426668614149,0.05765300989151001,0.12476518750190735,0.3,0.2,1.0000000000000002e-07
46,16,0.06600706279277802,0.01081108395010233,0.0382610559463501,0.21858829259872437,0.3,0.2,1.0000000000000002e-07
46,17,0.08624143153429031,0.004681997466832399,0.11560714244842529,0.23438644409179688,0.3,0.2,1.0000000000000002e-07
46,18,0.04789584130048752,0.004800502676516771,0.030107319355010986,0.1703156977891922,0.3,0.2,1.0000000000000002e-07
46,19,0.05597052723169327,0.0012414478696882725,0.032679855823516846,0.2246256023645401,0.3,0.2,1.0000000000000002e-07
46,20,0.07713297754526138,0.00416189432144165,0.17767304182052612,0.09834583103656769,0.3,0.2,1.0000000000000002e-07
46,21,0.10580016672611237,0.01597736030817032,0.04593658447265625,0.38020914793014526,0.3,0.2,1.0000000000000002e-07
46,22,0.044402994215488434,0.0043974933214485645,0.03586679697036743,0.14622730016708374,0.3,0.2,1.0000000000000002e-07
46,23,0.15571792423725128,0.0037504828069359064,0.1987050175666809,0.4617796838283539,0.3,0.2,1.0000000000000002e-07
46,24,0.045201413333415985,0.003310504602268338,0.04957270622253418,0.1350954920053482,0.3,0.2,1.0000000000000002e-07
46,25,0.10556074231863022,0.004318222403526306,0.17874115705490112,0.2381008416414261,0.3,0.2,1.0000000000000002e-07
46,26,0.04870446026325226,0.003283583791926503,0.07338261604309082,0.11703044921159744,0.3,0.2,1.0000000000000002e-07
46,27,0.044518858194351196,0.0014934103237465024,0.03958690166473389,0.15574689209461212,0.3,0.2,1.0000000000000002e-07
46,28,0.04977412149310112,0.003486625850200653,0.0919262170791626,0.09354814887046814,0.3,0.2,1.0000000000000002e-07
46,29,0.0633893758058548,0.011685134842991829,0.043559372425079346,0.19318212568759918,0.3,0.2,1.0000000000000002e-07
46,30,0.12410326302051544,0.003290746361017227,0.11598032712936401,0.43009206652641296,0.3,0.2,1.0000000000000002e-07
46,31,0.15048451721668243,0.011340051889419556,0.28139734268188477,0.27362629771232605,0.3,0.2,1.0000000000000002e-07
46,32,0.25871458649635315,0.018049664795398712,0.5132323503494263,0.4334760904312134,0.3,0.2,1.0000000000000002e-07
46,33,0.049998342990875244,0.00347734778188169,0.09897148609161377,0.08414775878190994,0.3,0.2,1.0000000000000002e-07
46,34,0.067950040102005,0.0022305448073893785,0.11709541082382202,0.15295438468456268,0.3,0.2,1.0000000000000002e-07
46,35,0.20200654864311218,0.010398460552096367,0.2989358901977539,0.5096365809440613,0.3,0.2,1.0000000000000002e-07
46,36,0.03548777848482132,0.003236823482438922,0.04190480709075928,0.09839756041765213,0.3,0.2,1.0000000000000002e-07
46,37,0.048744309693574905,0.0021636299788951874,0.04719322919845581,0.16211354732513428,0.3,0.2,1.0000000000000002e-07
46,38,0.06869253516197205,0.004427569452673197,0.10136997699737549,0.1692698746919632,0.3,0.2,1.0000000000000002e-07
46,39,0.04728062450885773,0.0032933347392827272,0.04407382011413574,0.15382571518421173,0.3,0.2,1.0000000000000002e-07
46,40,0.09523410350084305,0.003483779961243272,0.1468510627746582,0.2384750097990036,0.3,0.2,1.0000000000000002e-07
46,41,0.14443883299827576,0.0062429169192910194,0.18400323390960693,0.4149746894836426,0.3,0.2,1.0000000000000002e-07
46,42,0.051405586302280426,0.0012703078100457788,0.04133725166320801,0.18867051601409912,0.3,0.2,1.0000000000000002e-07
46,43,0.08914503455162048,0.00549516174942255,0.09507405757904053,0.27563825249671936,0.3,0.2,1.0000000000000002e-07
46,44,0.18935993313789368,0.007733928505331278,0.34253448247909546,0.3943282961845398,0.3,0.2,1.0000000000000002e-07
46,45,0.07054637372493744,0.008608688600361347,0.07142645120620728,0.20254874229431152,0.3,0.2,1.0000000000000002e-07
46,46,0.09754255414009094,0.006148883607238531,0.13635343313217163,0.25243818759918213,0.3,0.2,1.0000000000000002e-07
46,47,0.1824740469455719,0.009587462060153484,0.32302242517471313,0.3798992931842804,0.3,0.2,1.0000000000000002e-07
46,48,0.09151115268468857,0.0044320691376924515,0.14722812175750732,0.21455320715904236,0.3,0.2,1.0000000000000002e-07
46,49,0.09817464649677277,0.00630056532099843,0.1376388669013977,0.25291210412979126,0.3,0.2,1.0000000000000002e-07
46,50,0.04722012206912041,0.003257296746596694,0.028645455837249756,0.17684593796730042,0.3,0.2,1.0000000000000002e-07
46,51,0.09351986646652222,0.006306564901024103,0.1336226463317871,0.23563252389431,0.3,0.2,1.0000000000000002e-07
46,52,0.08516953885555267,0.0028211576864123344,0.2026844620704651,0.1077151969075203,0.3,0.2,1.0000000000000002e-07
46,53,0.2909066081047058,0.022540966048836708,0.5979426503181458,0.44491422176361084,0.3,0.2,1.0000000000000002e-07
46,54,0.27655598521232605,0.03056292235851288,0.529469907283783,0.43576034903526306,0.3,0.2,1.0000000000000002e-07
46,55,0.08949990570545197,0.005808218382298946,0.14299285411834717,0.20396912097930908,0.3,0.2,1.0000000000000002e-07
46,56,0.09602510929107666,0.007183454930782318,0.21668273210525513,0.11918415874242783,0.3,0.2,1.0000000000000002e-07
46,57,0.06360948085784912,0.005487220361828804,0.06853604316711426,0.18780723214149475,0.3,0.2,1.0000000000000002e-07
46,58,0.09082143753767014,0.02078445814549923,0.04590409994125366,0.2813287377357483,0.3,0.2,1.0000000000000002e-07
46,59,0.0843496024608612,0.0018957582069560885,0.13736063241958618,0.20622825622558594,0.3,0.2,1.0000000000000002e-07
46,60,0.0979233831167221,0.008967628702521324,0.1289769411087036,0.25131335854530334,0.3,0.2,1.0000000000000002e-07
46,61,0.20135286450386047,0.008377410471439362,0.37099796533584595,0.40838029980659485,0.3,0.2,1.0000000000000002e-07
46,62,0.08375352621078491,0.010773115791380405,0.06817179918289185,0.26264432072639465,0.3,0.2,1.0000000000000002e-07
46,63,0.05839017033576965,0.0027524144388735294,0.08593088388442993,0.14929243922233582,0.3,0.2,1.0000000000000002e-07
46,64,0.06017249822616577,0.002832190366461873,0.11073440313339233,0.12059994041919708,0.3,0.2,1.0000000000000002e-07
46,65,0.08155255019664764,0.0035131536424160004,0.14093124866485596,0.1788000911474228,0.3,0.2,1.0000000000000002e-07
46,66,0.10932829976081848,0.011955838650465012,0.17854100465774536,0.21905076503753662,0.3,0.2,1.0000000000000002e-07
46,67,0.09558689594268799,0.00388514157384634,0.17559373378753662,0.19511817395687103,0.3,0.2,1.0000000000000002e-07
46,68,0.08365430682897568,0.008212783373892307,0.07602769136428833,0.26316606998443604,0.3,0.2,1.0000000000000002e-07
46,69,0.07924872636795044,0.010208344087004662,0.10892999172210693,0.18180690705776215,0.3,0.2,1.0000000000000002e-07
46,70,0.07044542580842972,0.0037550032138824463,0.1491214632987976,0.10976991057395935,0.3,0.2,1.0000000000000002e-07
46,71,0.08042575418949127,0.011560753919184208,0.06362658739089966,0.2488851398229599,0.3,0.2,1.0000000000000002e-07
46,72,0.09577542543411255,0.002483149291947484,0.14630860090255737,0.24699850380420685,0.3,0.2,1.0000000000000002e-07
46,73,0.08722438663244247,0.004415224771946669,0.22116833925247192,0.08229329437017441,0.3,0.2,1.0000000000000002e-07
46,74,0.055505286902189255,0.0027521993033587933,0.10314589738845825,0.1090465858578682,0.3,0.2,1.0000000000000002e-07
46,75,0.28333306312561035,0.017952822148799896,0.4893236756324768,0.5929156541824341,0.3,0.2,1.0000000000000002e-07
46,76,0.05945201963186264,0.003314445959404111,0.11337274312973022,0.11062874644994736,0.3,0.2,1.0000000000000002e-07
46,77,0.11794817447662354,0.011055774986743927,0.19538170099258423,0.2413894087076187,0.3,0.2,1.0000000000000002e-07
46,78,0.0784512460231781,0.009256763383746147,0.09821474552154541,0.1986503005027771,0.3,0.2,1.0000000000000002e-07
46,79,0.0577545240521431,0.004734002985060215,0.11415767669677734,0.09386608749628067,0.3,0.2,1.0000000000000002e-07
46,80,0.10504013299942017,0.004863156471401453,0.160417377948761,0.2602587938308716,0.3,0.2,1.0000000000000002e-07
46,81,0.06006845831871033,0.007006690371781588,0.05727428197860718,0.17939740419387817,0.3,0.2,1.0000000000000002e-07
46,82,0.05338992923498154,0.008684836328029633,0.03326934576034546,0.17362143099308014,0.3,0.2,1.0000000000000002e-07
46,83,0.08736497163772583,0.012822337448596954,0.07816600799560547,0.2554641366004944,0.3,0.2,1.0000000000000002e-07
46,84,0.09335340559482574,0.00465048011392355,0.19257479906082153,0.154652401804924,0.3,0.2,1.0000000000000002e-07
46,85,0.0654105693101883,0.006772214081138372,0.13826388120651245,0.08579596132040024,0.3,0.2,1.0000000000000002e-07
46,86,0.0512891560792923,0.007833355106413364,0.037241339683532715,0.16141699254512787,0.3,0.2,1.0000000000000002e-07
46,87,0.10704846680164337,0.010024567134678364,0.14295220375061035,0.2706911861896515,0.3,0.2,1.0000000000000002e-07
46,88,0.21631315350532532,0.009339884854853153,0.3259567618370056,0.5459311604499817,0.3,0.2,1.0000000000000002e-07
46,89,0.07536796480417252,0.009771461598575115,0.042433857917785645,0.26433172821998596,0.3,0.2,1.0000000000000002e-07
46,90,0.09143312275409698,0.004009281285107136,0.07837522029876709,0.3195563554763794,0.3,0.2,1.0000000000000002e-07
46,91,0.09139947593212128,0.004058992024511099,0.21455168724060059,0.11487489193677902,0.3,0.2,1.0000000000000002e-07
46,92,0.08312813937664032,0.013024014420807362,0.08407694101333618,0.2244052290916443,0.3,0.2,1.0000000000000002e-07
46,93,0.08528180420398712,0.011397873051464558,0.10561203956604004,0.21100157499313354,0.3,0.2,1.0000000000000002e-07
46,94,0.05971291661262512,0.0031092434655874968,0.07302850484848022,0.17347560822963715,0.3,0.2,1.0000000000000002e-07
46,95,0.05695681273937225,0.007749098353087902,0.13685309886932373,0.040758904069662094,0.3,0.2,1.0000000000000002e-07
46,96,0.06862714886665344,0.0015745083801448345,0.034228622913360596,0.2839202582836151,0.3,0.2,1.0000000000000002e-07
46,97,0.06273683905601501,0.008631651289761066,0.03658103942871094,0.2156543731689453,0.3,0.2,1.0000000000000002e-07
46,98,0.08129258453845978,0.011891836300492287,0.07461947202682495,0.23507452011108398,0.3,0.2,1.0000000000000002e-07
47,0,0.21651004254817963,0.010032524354755878,0.3668660521507263,0.48208847641944885,0.3,0.2,1.0000000000000002e-07
47,1,0.08399456739425659,0.0028211388271301985,0.202683687210083,0.10184159874916077,0.3,0.2,1.0000000000000002e-07
47,2,0.06442399322986603,0.004733560141175985,0.1141589879989624,0.12721368670463562,0.3,0.2,1.0000000000000002e-07
47,3,0.052746061235666275,0.003485943889245391,0.0919194221496582,0.1084214448928833,0.3,0.2,1.0000000000000002e-07
47,4,0.27799931168556213,0.028667941689491272,0.5607515573501587,0.4055294990539551,0.3,0.2,1.0000000000000002e-07
47,5,0.09084814786911011,0.00443179439753294,0.1472262144088745,0.2112424224615097,0.3,0.2,1.0000000000000002e-07
47,6,0.19662009179592133,0.010936159640550613,0.31178033351898193,0.4607491195201874,0.3,0.2,1.0000000000000002e-07
47,7,0.05334438383579254,0.003109220415353775,0.07302701473236084,0.14163528382778168,0.3,0.2,1.0000000000000002e-07
47,8,0.05536354333162308,0.0010838309535756707,0.032840073108673096,0.2221384346485138,0.3,0.2,1.0000000000000002e-07
47,9,0.051809363067150116,0.004511645063757896,0.05765122175216675,0.15001174807548523,0.3,0.2,1.0000000000000002e-07
47,10,0.046570632606744766,0.001498337835073471,0.042213261127471924,0.162041574716568,0.3,0.2,1.0000000000000002e-07
47,11,0.13712410628795624,0.005278877913951874,0.1495078206062317,0.4349644184112549,0.3,0.2,1.0000000000000002e-07
47,12,0.07141632586717606,0.0044272406958043575,0.10137277841567993,0.1828862577676773,0.3,0.2,1.0000000000000002e-07
47,13,0.14043965935707092,0.011338706128299236,0.2814004421234131,0.22340407967567444,0.3,0.2,1.0000000000000002e-07
47,14,0.08101702481508255,0.015977483242750168,0.04593735933303833,0.2562916576862335,0.3,0.2,1.0000000000000002e-07
47,15,0.15237388014793396,0.004050070885568857,0.17855530977249146,0.4737861156463623,0.3,0.2,1.0000000000000002e-07
47,16,0.05806814506649971,0.0033140559680759907,0.11337089538574219,0.10371409356594086,0.3,0.2,1.0000000000000002e-07
47,17,0.08285117149353027,0.0054945871233940125,0.095073401927948,0.2441728264093399,0.3,0.2,1.0000000000000002e-07
47,18,0.0525611937046051,0.002752350177615881,0.10314196348190308,0.09433125704526901,0.3,0.2,1.0000000000000002e-07
47,19,0.08672015368938446,0.00468235369771719,0.11560297012329102,0.23678453266620636,0.3,0.2,1.0000000000000002e-07
47,20,0.19145745038986206,0.010723024606704712,0.2733403444290161,0.4936615526676178,0.3,0.2,1.0000000000000002e-07
47,21,0.06674432754516602,0.0070063951425254345,0.05727452039718628,0.21277785301208496,0.3,0.2,1.0000000000000002e-07
47,22,0.076092928647995,0.00925478432327509,0.0982135534286499,0.18687038123607635,0.3,0.2,1.0000000000000002e-07
47,23,0.12974166870117188,0.0025973778683692217,0.1025238037109375,0.48193567991256714,0.3,0.2,1.0000000000000002e-07
47,24,0.07937106490135193,0.00380405830219388,0.11711245775222778,0.202166348695755,0.3,0.2,1.0000000000000002e-07
47,25,0.048090945929288864,0.0015392448985949159,0.09793198108673096,0.08586052805185318,0.3,0.2,1.0000000000000002e-07
47,26,0.08644428849220276,0.011890958063304424,0.07461494207382202,0.2608442008495331,0.3,0.2,1.0000000000000002e-07
47,27,0.07329590618610382,0.010812333784997463,0.03825986385345459,0.25502803921699524,0.3,0.2,1.0000000000000002e-07
47,28,0.0752747654914856,0.005486959125846624,0.06853222846984863,0.24614068865776062,0.3,0.2,1.0000000000000002e-07
47,29,0.05626775696873665,0.0027520370204001665,0.08592945337295532,0.13868440687656403,0.3,0.2,1.0000000000000002e-07
47,30,0.092087522149086,0.003513072617352009,0.14093095064163208,0.231475830078125,0.3,0.2,1.0000000000000002e-07
47,31,0.17705261707305908,0.006573924329131842,0.30738943815231323,0.39130932092666626,0.3,0.2,1.0000000000000002e-07
47,32,0.06260614097118378,0.002230218145996332,0.11708128452301025,0.12625767290592194,0.3,0.2,1.0000000000000002e-07
47,33,0.0969884991645813,0.004312720149755478,0.15394574403762817,0.23246029019355774,0.3,0.2,1.0000000000000002e-07
47,34,0.09002634137868881,0.0034835063852369785,0.1468549370765686,0.21243174374103546,0.3,0.2,1.0000000000000002e-07
47,35,0.08059944212436676,0.01076724473387003,0.06817084550857544,0.24690468609333038,0.3,0.2,1.0000000000000002e-07
47,36,0.04262235760688782,0.00479879742488265,0.030105113983154297,0.1439601331949234,0.3,0.2,1.0000000000000002e-07
47,37,0.2858010530471802,0.020009063184261322,0.5795408487319946,0.45964860916137695,0.3,0.2,1.0000000000000002e-07
47,38,0.09255440533161163,0.012823231518268585,0.07816660404205322,0.2814059853553772,0.3,0.2,1.0000000000000002e-07
47,39,0.10023584216833115,0.006148535292595625,0.13634854555130005,0.2659136950969696,0.3,0.2,1.0000000000000002e-07
47,40,0.060747336596250534,0.006412129383534193,0.03150075674057007,0.22442489862442017,0.3,0.2,1.0000000000000002e-07
47,41,0.06859797984361649,0.008629146963357925,0.03657877445220947,0.2449759989976883,0.3,0.2,1.0000000000000002e-07
47,42,0.08568330109119415,0.00442931056022644,0.21880972385406494,0.07805534452199936,0.3,0.2,1.0000000000000002e-07
47,43,0.0913282036781311,0.006306919734925032,0.13362371921539307,0.22467079758644104,0.3,0.2,1.0000000000000002e-07
47,44,0.0976123958826065,0.0018955179257318377,0.1373593807220459,0.27254530787467957,0.3,0.2,1.0000000000000002e-07
47,45,0.08717590570449829,0.013023744337260723,0.08407491445541382,0.24464844167232513,0.3,0.2,1.0000000000000002e-07
47,46,0.051685646176338196,0.003282619873061776,0.07338345050811768,0.13193994760513306,0.3,0.2,1.0000000000000002e-07
47,47,0.051778897643089294,0.0013271847274154425,0.04283416271209717,0.18800731003284454,0.3,0.2,1.0000000000000002e-07
47,48,0.09728223085403442,0.008967466652393341,0.12897652387619019,0.24810902774333954,0.3,0.2,1.0000000000000002e-07
47,49,0.0480746291577816,0.0021760135423392057,0.035765886306762695,0.1758442372083664,0.3,0.2,1.0000000000000002e-07
47,50,0.0674097090959549,0.0034788346383720636,0.09896951913833618,0.17120008170604706,0.3,0.2,1.0000000000000002e-07
47,51,0.08414829522371292,0.003912369254976511,0.16955190896987915,0.14685173332691193,0.3,0.2,1.0000000000000002e-07
47,52,0.1041414886713028,0.004317562561482191,0.17872780561447144,0.23102788627147675,0.3,0.2,1.0000000000000002e-07
47,53,0.050699230283498764,0.00439941231161356,0.035866618156433105,0.17769914865493774,0.3,0.2,1.0000000000000002e-07
47,54,0.07836677134037018,0.011398985981941223,0.10561537742614746,0.17641587555408478,0.3,0.2,1.0000000000000002e-07
47,55,0.14065474271774292,0.005774085875600576,0.27744293212890625,0.25823891162872314,0.3,0.2,1.0000000000000002e-07
47,56,0.053258586674928665,0.0032569195609539747,0.028641462326049805,0.20704613626003265,0.3,0.2,1.0000000000000002e-07
47,57,0.06195368990302086,0.009770586155354977,0.04243260622024536,0.1972665935754776,0.3,0.2,1.0000000000000002e-07
47,58,0.07681551575660706,0.00821337103843689,0.0760301947593689,0.22896544635295868,0.3,0.2,1.0000000000000002e-07
47,59,0.08954989910125732,0.004762057214975357,0.19455069303512573,0.13211315870285034,0.3,0.2,1.0000000000000002e-07
47,60,0.06774717569351196,0.003817127551883459,0.08358186483383179,0.19427745044231415,0.3,0.2,1.0000000000000002e-07
47,61,0.08047939836978912,0.009913413785398006,0.0894622802734375,0.21863651275634766,0.3,0.2,1.0000000000000002e-07
47,62,0.17258459329605103,0.004294076468795538,0.23503315448760986,0.48890283703804016,0.3,0.2,1.0000000000000002e-07
47,63,0.23720550537109375,0.0157412551343441,0.4618244171142578,0.41458457708358765,0.3,0.2,1.0000000000000002e-07
47,64,0.10891370475292206,0.006300682667642832,0.13764137029647827,0.3066030442714691,0.3,0.2,1.0000000000000002e-07
47,65,0.05873534828424454,0.020786257460713387,0.045905888080596924,0.12088663130998611,0.3,0.2,1.0000000000000002e-07
47,66,0.05320679396390915,0.008684397675096989,0.03326618671417236,0.17271269857883453,0.3,0.2,1.0000000000000002e-07
47,67,0.08908313512802124,0.005808612331748009,0.14299482107162476,0.20188038051128387,0.3,0.2,1.0000000000000002e-07
47,68,0.12240451574325562,0.0040091536939144135,0.07837784290313721,0.4744099974632263,0.3,0.2,1.0000000000000002e-07
47,69,0.05822150781750679,0.0063913967460393906,0.03400784730911255,0.20813877880573273,0.3,0.2,1.0000000000000002e-07
47,70,0.1759740114212036,0.00812991987913847,0.29168760776519775,0.4016890227794647,0.3,0.2,1.0000000000000002e-07
47,71,0.05634598061442375,0.001496760407462716,0.09562116861343384,0.1308143436908722,0.3,0.2,1.0000000000000002e-07
47,72,0.044008612632751465,0.007832766510546207,0.037239789962768555,0.12501953542232513,0.3,0.2,1.0000000000000002e-07
47,73,0.03210051357746124,0.0032366844825446606,0.041903018951416016,0.08146461099386215,0.3,0.2,1.0000000000000002e-07
47,74,0.07644128799438477,0.002577241277322173,0.13647180795669556,0.16461248695850372,0.3,0.2,1.0000000000000002e-07
47,75,0.045215386897325516,0.0033096580300480127,0.04957151412963867,0.13517136871814728,0.3,0.2,1.0000000000000002e-07
47,76,0.10691222548484802,0.011955635622143745,0.1785435676574707,0.20696760714054108,0.3,0.2,1.0000000000000002e-07
47,77,0.04734077304601669,0.002163727767765522,0.04719245433807373,0.15509653091430664,0.3,0.2,1.0000000000000002e-07
47,78,0.10577951371669769,0.007002338767051697,0.2163984775543213,0.16928814351558685,0.3,0.2,1.0000000000000002e-07
47,79,0.2635287046432495,0.016460198909044266,0.5099058151245117,0.47048383951187134,0.3,0.2,1.0000000000000002e-07
47,80,0.06006281077861786,0.0028322574216872454,0.11073392629623413,0.12005188316106796,0.3,0.2,1.0000000000000002e-07
47,81,0.08015158772468567,0.0022698622196912766,0.17227351665496826,0.13099834322929382,0.3,0.2,1.0000000000000002e-07
47,82,0.11168341338634491,0.011055928654968739,0.1953858733177185,0.21005861461162567,0.3,0.2,1.0000000000000002e-07
47,83,0.12376955151557922,0.005956998094916344,0.17487835884094238,0.3267452120780945,0.3,0.2,1.0000000000000002e-07
47,84,0.07632844895124435,0.008608336560428143,0.07142603397369385,0.23146149516105652,0.3,0.2,1.0000000000000002e-07
47,85,0.22287693619728088,0.015226741321384907,0.3767399787902832,0.47314104437828064,0.3,0.2,1.0000000000000002e-07
47,86,0.060593847185373306,0.007748753763735294,0.13685113191604614,0.05894876644015312,0.3,0.2,1.0000000000000002e-07
47,87,0.079784095287323,0.011562604457139969,0.06363064050674438,0.24566146731376648,0.3,0.2,1.0000000000000002e-07
47,88,0.07044592499732971,0.010083334520459175,0.041590094566345215,0.23942779004573822,0.3,0.2,1.0000000000000002e-07
47,89,0.101737380027771,0.010024994611740112,0.1429491639137268,0.2441381812095642,0.3,0.2,1.0000000000000002e-07
47,90,0.038185711950063705,0.003291063942015171,0.04407298564910889,0.10836375504732132,0.3,0.2,1.0000000000000002e-07
47,91,0.06265486776828766,0.0015657310141250491,0.03308439254760742,0.25581908226013184,0.3,0.2,1.0000000000000002e-07
47,92,0.081573486328125,0.004307481460273266,0.15240782499313354,0.1577182561159134,0.3,0.2,1.0000000000000002e-07
47,93,0.07016412168741226,0.006772494874894619,0.13827162981033325,0.10955068469047546,0.3,0.2,1.0000000000000002e-07
47,94,0.0896138846874237,0.004059191327542067,0.2145485281944275,0.10595066100358963,0.3,0.2,1.0000000000000002e-07
47,95,0.08129219710826874,0.0025128405541181564,0.14440220594406128,0.17729347944259644,0.3,0.2,1.0000000000000002e-07
47,96,0.075868621468544,0.01020875759422779,0.10893303155899048,0.16489972174167633,0.3,0.2,1.0000000000000002e-07
47,97,0.08734088391065598,0.004161789081990719,0.17767232656478882,0.1493869572877884,0.3,0.2,1.0000000000000002e-07
47,98,0.06107745319604874,0.011683613993227482,0.043555259704589844,0.18163630366325378,0.3,0.2,1.0000000000000002e-07
48,0,0.06315217912197113,0.009769606404006481,0.042429208755493164,0.20326906442642212,0.3,0.2,1.0000000000000002e-07
48,1,0.08477766811847687,0.011560824699699879,0.06362956762313843,0.2706398665904999,0.3,0.2,1.0000000000000002e-07
48,2,0.054066359996795654,0.0034863296896219254,0.09192544221878052,0.11501199007034302,0.3,0.2,1.0000000000000002e-07
48,3,0.09031888842582703,0.013024075888097286,0.08407717943191528,0.2603582739830017,0.3,0.2,1.0000000000000002e-07
48,4,0.27652356028556824,0.020415930077433586,0.5801639556884766,0.4102921187877655,0.3,0.2,1.0000000000000002e-07
48,5,0.18997985124588013,0.010560402646660805,0.2961639165878296,0.4528513252735138,0.3,0.2,1.0000000000000002e-07
48,6,0.08601129055023193,0.003483686363324523,0.14685064554214478,0.19236202538013458,0.3,0.2,1.0000000000000002e-07
48,7,0.0897357314825058,0.004681339021772146,0.11560195684432983,0.25186899304389954,0.3,0.2,1.0000000000000002e-07
48,8,0.042805157601833344,0.007833573967218399,0.03724151849746704,0.11899564415216446,0.3,0.2,1.0000000000000002e-07
48,9,0.059249188750982285,0.010082179680466652,0.04159116744995117,0.18344828486442566,0.3,0.2,1.0000000000000002e-07
48,10,0.1273725926876068,0.003433078294619918,0.12308013439178467,0.43507739901542664,0.3,0.2,1.0000000000000002e-07
48,11,0.054831232875585556,0.011684856377542019,0.04355651140213013,0.15039710700511932,0.3,0.2,1.0000000000000002e-07
48,12,0.11980457603931427,0.011056399904191494,0.19538277387619019,0.25066667795181274,0.3,0.2,1.0000000000000002e-07
48,13,0.07564084231853485,0.002346597146242857,0.17275720834732056,0.1073354110121727,0.3,0.2,1.0000000000000002e-07
48,14,0.04066035896539688,0.0032931992318481207,0.04407280683517456,0.1207265853881836,0.3,0.2,1.0000000000000002e-07
48,15,0.05308853089809418,0.001271406072191894,0.03364437818527222,0.20861904323101044,0.3,0.2,1.0000000000000002e-07
48,16,0.22610124945640564,0.011551407165825367,0.3860287070274353,0.4937061667442322,0.3,0.2,1.0000000000000002e-07
48,17,0.04519275575876236,0.0064115566201508045,0.031500041484832764,0.14665593206882477,0.3,0.2,1.0000000000000002e-07
48,18,0.27044394612312317,0.018403757363557816,0.5512210130691528,0.43336936831474304,0.3,0.2,1.0000000000000002e-07
48,19,0.08840946108102798,0.012820255011320114,0.07816004753112793,0.26070594787597656,0.3,0.2,1.0000000000000002e-07
48,20,0.08497968316078186,0.0028208789881318808,0.20268291234970093,0.10676965117454529,0.3,0.2,1.0000000000000002e-07
48,21,0.05171312391757965,0.0032568685710430145,0.028645217418670654,0.1993134319782257,0.3,0.2,1.0000000000000002e-07
48,22,0.07837814092636108,0.00925232283771038,0.09820842742919922,0.19831642508506775,0.3,0.2,1.0000000000000002e-07
48,23,0.1032075509428978,0.004317382350564003,0.17872470617294312,0.22636376321315765,0.3,0.2,1.0000000000000002e-07
48,24,0.08554311096668243,0.0048779696226119995,0.19323867559432983,0.11346767842769623,0.3,0.2,1.0000000000000002e-07
48,25,0.08904919028282166,0.0039786542765796185,0.17393898963928223,0.16444416344165802,0.3,0.2,1.0000000000000002e-07
48,26,0.06419098377227783,0.0038152779452502728,0.08357995748519897,0.1765085756778717,0.3,0.2,1.0000000000000002e-07
48,27,0.09322203695774078,0.0058075981214642525,0.14298897981643677,0.22258871793746948,0.3,0.2,1.0000000000000002e-07
48,28,0.06026363745331764,0.0086302999407053,0.03658050298690796,0.20329591631889343,0.3,0.2,1.0000000000000002e-07
48,29,0.039991773664951324,0.0011329696280881763,0.04166913032531738,0.13179031014442444,0.3,0.2,1.0000000000000002e-07
48,30,0.06920681893825531,0.004427904728800058,0.10137110948562622,0.1718379110097885,0.3,0.2,1.0000000000000002e-07
48,31,0.05149904638528824,0.0031090693082660437,0.07302772998809814,0.1324082911014557,0.3,0.2,1.0000000000000002e-07
48,32,0.07953035086393356,0.0018953927792608738,0.13735538721084595,0.18214169144630432,0.3,0.2,1.0000000000000002e-07
48,33,0.060326166450977325,0.0014732512645423412,0.03195673227310181,0.24632947146892548,0.3,0.2,1.0000000000000002e-07
48,34,0.08900393545627594,0.006307101342827082,0.1336238980293274,0.2130483239889145,0.3,0.2,1.0000000000000002e-07
48,35,0.09002981334924698,0.004432234913110733,0.14722895622253418,0.20714445412158966,0.3,0.2,1.0000000000000002e-07
48,36,0.16229845583438873,0.00328085501678288,0.2077593207359314,0.4834490120410919,0.3,0.2,1.0000000000000002e-07
48,37,0.10747316479682922,0.0062991599552333355,0.1376323699951172,0.29942142963409424,0.3,0.2,1.0000000000000002e-07
48,38,0.09150208532810211,0.0044424631632864475,0.2197718620300293,0.10564033687114716,0.3,0.2,1.0000000000000002e-07
48,39,0.2317124903202057,0.01568412221968174,0.40297865867614746,0.47567376494407654,0.3,0.2,1.0000000000000002e-07
48,40,0.08892889320850372,0.0025769448839128017,0.13646739721298218,0.22705861926078796,0.3,0.2,1.0000000000000002e-07
48,41,0.05146058276295662,0.0033098123967647552,0.04957151412963867,0.16639657318592072,0.3,0.2,1.0000000000000002e-07
48,42,0.04792211949825287,0.002163530793040991,0.047191083431243896,0.15800632536411285,0.3,0.2,1.0000000000000002e-07
48,43,0.10732012987136841,0.01002467516809702,0.14295101165771484,0.27205073833465576,0.3,0.2,1.0000000000000002e-07
48,44,0.07759633660316467,0.0035138148814439774,0.14093458652496338,0.15901070833206177,0.3,0.2,1.0000000000000002e-07
48,45,0.14340350031852722,0.005740078631788492,0.27742457389831543,0.2721802592277527,0.3,0.2,1.0000000000000002e-07
48,46,0.18435989320278168,0.007157953456044197,0.322746217250824,0.4018903374671936,0.3,0.2,1.0000000000000002e-07
48,47,0.07266248762607574,0.008608047850430012,0.07142412662506104,0.2131359726190567,0.3,0.2,1.0000000000000002e-07
48,48,0.07857757061719894,0.011402405798435211,0.10561323165893555,0.17745596170425415,0.3,0.2,1.0000000000000002e-07
48,49,0.0862051323056221,0.004293510224670172,0.14865297079086304,0.1865786463022232,0.3,0.2,1.0000000000000002e-07
48,50,0.08008214831352234,0.004161433782428503,0.1776750683784485,0.11309094727039337,0.3,0.2,1.0000000000000002e-07
48,51,0.14463898539543152,0.011338603682816029,0.28139370679855347,0.24441131949424744,0.3,0.2,1.0000000000000002e-07
48,52,0.06229018419981003,0.0014969625044614077,0.09562140703201294,0.16053399443626404,0.3,0.2,1.0000000000000002e-07
48,53,0.08829332888126373,0.0024203569628298283,0.14811408519744873,0.20719368755817413,0.3,0.2,1.0000000000000002e-07
48,54,0.11277215927839279,0.011956446804106236,0.17854267358779907,0.23626454174518585,0.3,0.2,1.0000000000000002e-07
48,55,0.050410181283950806,0.004400222562253475,0.0358654260635376,0.17625166475772858,0.3,0.2,1.0000000000000002e-07
48,56,0.05460261553525925,0.003479336155578494,0.09897279739379883,0.10715717822313309,0.3,0.2,1.0000000000000002e-07
48,57,0.09157511591911316,0.0061486209742724895,0.13634449243545532,0.22261573374271393,0.3,0.2,1.0000000000000002e-07
48,58,0.06000209599733353,0.0027524966280907393,0.08592796325683594,0.15735605359077454,0.3,0.2,1.0000000000000002e-07
48,59,0.06425514817237854,0.002230097772553563,0.11708050966262817,0.134504497051239,0.3,0.2,1.0000000000000002e-07
48,60,0.051388174295425415,0.003282286925241351,0.07338464260101318,0.1304524689912796,0.3,0.2,1.0000000000000002e-07
48,61,0.050553202629089355,0.002176330890506506,0.03576391935348511,0.1882384717464447,0.3,0.2,1.0000000000000002e-07
48,62,0.050178688019514084,0.0014321046182885766,0.041747868061065674,0.18111111223697662,0.3,0.2,1.0000000000000002e-07
48,63,0.07952181249856949,0.00549497501924634,0.0950731635093689,0.22752442955970764,0.3,0.2,1.0000000000000002e-07
48,64,0.28480929136276245,0.03175613656640053,0.5587849617004395,0.42708832025527954,0.3,0.2,1.0000000000000002e-07
48,65,0.211976557970047,0.010519608855247498,0.33163148164749146,0.5098374485969543,0.3,0.2,1.0000000000000002e-07
48,66,0.09399699419736862,0.007338788826018572,0.2116258144378662,0.11585228145122528,0.3,0.2,1.0000000000000002e-07
48,67,0.10040394216775894,0.00896737352013588,0.12897688150405884,0.26371750235557556,0.3,0.2,1.0000000000000002e-07
48,68,0.08995088934898376,0.01597147062420845,0.04593700170516968,0.30099159479141235,0.3,0.2,1.0000000000000002e-07
48,69,0.056562744081020355,0.0027519052382558584,0.10314232110977173,0.11434070765972137,0.3,0.2,1.0000000000000002e-07
48,70,0.050826545804739,0.0063919019885361195,0.03400719165802002,0.1711624264717102,0.3,0.2,1.0000000000000002e-07
48,71,0.09799615293741226,0.004540583584457636,0.1621389389038086,0.22406940162181854,0.3,0.2,1.0000000000000002e-07
48,72,0.10148527473211288,0.004009373486042023,0.07837468385696411,0.36981746554374695,0.3,0.2,1.0000000000000002e-07
48,73,0.0892748162150383,0.010774815455079079,0.06817024946212769,0.29024460911750793,0.3,0.2,1.0000000000000002e-07
48,74,0.05476658046245575,0.004510127007961273,0.05765038728713989,0.16480669379234314,0.3,0.2,1.0000000000000002e-07
48,75,0.14696767926216125,0.006232080049812794,0.2119097113609314,0.3858134150505066,0.3,0.2,1.0000000000000002e-07
48,76,0.06979499757289886,0.020785238593816757,0.04589885473251343,0.1762004941701889,0.3,0.2,1.0000000000000002e-07
48,77,0.15494705736637115,0.004599801730364561,0.2298855185508728,0.40690797567367554,0.3,0.2,1.0000000000000002e-07
48,78,0.06177707016468048,0.0028321666177362204,0.11073172092437744,0.12862694263458252,0.3,0.2,1.0000000000000002e-07
48,79,0.04897911101579666,0.0015388686442747712,0.09793049097061157,0.09030545502901077,0.3,0.2,1.0000000000000002e-07
48,80,0.06556656956672668,0.006773302797228098,0.13826924562454224,0.08656244724988937,0.3,0.2,1.0000000000000002e-07
48,81,0.06737921386957169,0.005487203132361174,0.06853193044662476,0.2066621482372284,0.3,0.2,1.0000000000000002e-07
48,82,0.053957484662532806,0.010816498659551144,0.03825932741165161,0.15831592679023743,0.3,0.2,1.0000000000000002e-07
48,83,0.14011412858963013,0.0052198367193341255,0.16291528940200806,0.4300984740257263,0.3,0.2,1.0000000000000002e-07
48,84,0.045568160712718964,0.004799140151590109,0.03010392189025879,0.1586892157793045,0.3,0.2,1.0000000000000002e-07
48,85,0.07527576386928558,0.00821196474134922,0.07602638006210327,0.22127942740917206,0.3,0.2,1.0000000000000002e-07
48,86,0.09162475913763046,0.004058524966239929,0.2145397663116455,0.11602151393890381,0.3,0.2,1.0000000000000002e-07
48,87,0.07683193683624268,0.003804462729021907,0.11711359024047852,0.1894669532775879,0.3,0.2,1.0000000000000002e-07
48,88,0.05757458880543709,0.004734258633106947,0.11415660381317139,0.09296674281358719,0.3,0.2,1.0000000000000002e-07
48,89,0.05800924077630043,0.007749481592327356,0.13684797286987305,0.046026811003685,0.3,0.2,1.0000000000000002e-07
48,90,0.247724711894989,0.01783229410648346,0.5031485557556152,0.39473921060562134,0.3,0.2,1.0000000000000002e-07
48,91,0.056173279881477356,0.003314293222501874,0.11336934566497803,0.09424090385437012,0.3,0.2,1.0000000000000002e-07
48,92,0.07946749031543732,0.009913629852235317,0.08946073055267334,0.2135782092809677,0.3,0.2,1.0000000000000002e-07
48,93,0.06107197701931,0.007006337866187096,0.057273805141448975,0.1844174861907959,0.3,0.2,1.0000000000000002e-07
48,94,0.047637615352869034,0.008684670552611351,0.03327000141143799,0.14485971629619598,0.3,0.2,1.0000000000000002e-07
48,95,0.08449167013168335,0.01020810380578041,0.10892927646636963,0.20802390575408936,0.3,0.2,1.0000000000000002e-07
48,96,0.08670294284820557,0.011892564594745636,0.07462090253829956,0.2621205449104309,0.3,0.2,1.0000000000000002e-07
48,97,0.03649143874645233,0.003236707067117095,0.04190260171890259,0.10341976583003998,0.3,0.2,1.0000000000000002e-07
48,98,0.18686005473136902,0.008921245113015175,0.31892937421798706,0.4112999439239502,0.3,0.2,1.0000000000000002e-07
49,0,0.09531654417514801,0.004431883338838816,0.1472259759902954,0.23358429968357086,0.3,0.2,1.0000000000000002e-07
49,1,0.25043994188308716,0.01576995849609375,0.488763689994812,0.4402044117450714,0.3,0.2,1.0000000000000002e-07
49,2,0.07142110913991928,0.008212375454604626,0.0760190486907959,0.20201510190963745,0.3,0.2,1.0000000000000002e-07
49,3,0.07416941225528717,0.008629237301647663,0.03658127784729004,0.27282896637916565,0.3,0.2,1.0000000000000002e-07
49,4,0.07045817375183105,0.003804357722401619,0.11711227893829346,0.15760061144828796,0.3,0.2,1.0000000000000002e-07
49,5,0.05217214301228523,0.0032562639098614454,0.02864450216293335,0.20161263644695282,0.3,0.2,1.0000000000000002e-07
49,6,0.05248222500085831,0.0031090311240404844,0.07302504777908325,0.1373283863067627,0.3,0.2,1.0000000000000002e-07
49,7,0.04644216224551201,0.0015391991473734379,0.09793215990066528,0.07761656492948532,0.3,0.2,1.0000000000000002e-07
49,8,0.08471354097127914,0.00641169399023056,0.031501173973083496,0.3442574441432953,0.3,0.2,1.0000000000000002e-07
49,9,0.053099580109119415,0.0032838121987879276,0.07338440418243408,0.1390022337436676,0.3,0.2,1.0000000000000002e-07
49,10,0.06979238241910934,0.007748689502477646,0.1368451714515686,0.1049506887793541,0.3,0.2,1.0000000000000002e-07
49,11,0.06767888367176056,0.015977391973137856,0.04593706130981445,0.1896018534898758,0.3,0.2,1.0000000000000002e-07
49,12,0.0898972898721695,0.020784281194210052,0.04589951038360596,0.27671578526496887,0.3,0.2,1.0000000000000002e-07
49,13,0.07243265956640244,0.0054869819432497025,0.0685306191444397,0.23193244636058807,0.3,0.2,1.0000000000000002e-07
49,14,0.042744845151901245,0.003309495747089386,0.04956918954849243,0.12282297015190125,0.3,0.2,1.0000000000000002e-07
49,15,0.055174924433231354,0.01080978661775589,0.03825509548187256,0.16444304585456848,0.3,0.2,1.0000000000000002e-07
49,16,0.060282155871391296,0.011682803742587566,0.04355210065841675,0.17766860127449036,0.3,0.2,1.0000000000000002e-07
49,17,0.04979730397462845,0.00783201027661562,0.0372389554977417,0.15396803617477417,0.3,0.2,1.0000000000000002e-07
49,18,0.18953090906143188,0.011800091713666916,0.31022119522094727,0.42332223057746887,0.3,0.2,1.0000000000000002e-07
49,19,0.08839081227779388,0.012822010554373264,0.07816028594970703,0.26060354709625244,0.3,0.2,1.0000000000000002e-07
49,20,0.07293589413166046,0.008609320037066936,0.07142394781112671,0.2144969403743744,0.3,0.2,1.0000000000000002e-07
49,21,0.048925694078207016,0.0047983331605792046,0.03010427951812744,0.17548036575317383,0.3,0.2,1.0000000000000002e-07
49,22,0.06497456878423691,0.002175332047045231,0.035762131214141846,0.2603529989719391,0.3,0.2,1.0000000000000002e-07
49,23,0.08001536875963211,0.004195142071694136,0.14700841903686523,0.1585884839296341,0.3,0.2,1.0000000000000002e-07
49,24,0.049444738775491714,0.0034771787468343973,0.0989687442779541,0.08138466626405716,0.3,0.2,1.0000000000000002e-07
49,25,0.12445897608995438,0.01105311419814825,0.19537609815597534,0.27396515011787415,0.3,0.2,1.0000000000000002e-07
49,26,0.17745018005371094,0.00561731681227684,0.24020600318908691,0.49885526299476624,0.3,0.2,1.0000000000000002e-07
49,27,0.14157220721244812,0.005365073215216398,0.19074922800064087,0.3949117958545685,0.3,0.2,1.0000000000000002e-07
49,28,0.07819371670484543,0.009252776391804218,0.09820985794067383,0.1973899006843567,0.3,0.2,1.0000000000000002e-07
49,29,0.2083970308303833,0.009434017352759838,0.3576093912124634,0.4584009349346161,0.3,0.2,1.0000000000000002e-07
49,30,0.07461048662662506,0.002517367247492075,0.14351576566696167,0.145191952586174,0.3,0.2,1.0000000000000002e-07
49,31,0.06226969510316849,0.004734583664685488,0.11415261030197144,0.11644662171602249,0.3,0.2,1.0000000000000002e-07
49,32,0.07994922995567322,0.005494836252182722,0.09507030248641968,0.22966651618480682,0.3,0.2,1.0000000000000002e-07
49,33,0.07991217821836472,0.01302351988852024,0.0840752124786377,0.20833046734333038,0.3,0.2,1.0000000000000002e-07
49,34,0.04122191667556763,0.006391149014234543,0.03400498628616333,0.12314636260271072,0.3,0.2,1.0000000000000002e-07
49,35,0.06279449164867401,0.010085144080221653,0.04159194231033325,0.20115883648395538,0.3,0.2,1.0000000000000002e-07
49,36,0.1884363889694214,0.0066295200958848,0.34684062004089355,0.3887734115123749,0.3,0.2,1.0000000000000002e-07
49,37,0.08279607445001602,0.005809633526951075,0.14300203323364258,0.17042914032936096,0.3,0.2,1.0000000000000002e-07
49,38,0.07804220914840698,0.009912820532917976,0.08945780992507935,0.20646022260189056,0.3,0.2,1.0000000000000002e-07
49,39,0.04553692042827606,0.0032936816569417715,0.0440714955329895,0.14510895311832428,0.3,0.2,1.0000000000000002e-07
49,40,0.09794442355632782,0.004344351124018431,0.15749335289001465,0.23176029324531555,0.3,0.2,1.0000000000000002e-07
49,41,0.07999028265476227,0.0025765143800526857,0.13645154237747192,0.18239152431488037,0.3,0.2,1.0000000000000002e-07
49,42,0.08413580805063248,0.011892247013747692,0.07462012767791748,0.24928762018680573,0.3,0.2,1.0000000000000002e-07
49,43,0.09901422262191772,0.00736947963014245,0.2222360372543335,0.12486964464187622,0.3,0.2,1.0000000000000002e-07
49,44,0.08137445151805878,0.00416170060634613,0.17767417430877686,0.11955246329307556,0.3,0.2,1.0000000000000002e-07
49,45,0.2862880825996399,0.020833836868405342,0.5794038772583008,0.4581654667854309,0.3,0.2,1.0000000000000002e-07
49,46,0.07717779278755188,0.009768144227564335,0.04242050647735596,0.27341747283935547,0.3,0.2,1.0000000000000002e-07
49,47,0.09872420132160187,0.0089664775878191,0.1289733648300171,0.25532856583595276,0.3,0.2,1.0000000000000002e-07
49,48,0.09725038707256317,0.006301066838204861,0.13763827085494995,0.24828916788101196,0.3,0.2,1.0000000000000002e-07
49,49,0.03340552747249603,0.0032362593337893486,0.04190337657928467,0.08799125999212265,0.3,0.2,1.0000000000000002e-07
49,50,0.05449385941028595,0.0014967323513701558,0.09561967849731445,0.1215561106801033,0.3,0.2,1.0000000000000002e-07
49,51,0.05143202841281891,0.002752423519268632,0.10314428806304932,0.08868156373500824,0.3,0.2,1.0000000000000002e-07
49,52,0.22429005801677704,0.01152329333126545,0.3630751371383667,0.5192210674285889,0.3,0.2,1.0000000000000002e-07
49,53,0.0966014713048935,0.011397448368370533,0.10560530424118042,0.26761212944984436,0.3,0.2,1.0000000000000002e-07
49,54,0.20589113235473633,0.01491603348404169,0.374051570892334,0.3937980830669403,0.3,0.2,1.0000000000000002e-07
49,55,0.08452172577381134,0.003484387183561921,0.14684677124023438,0.18491655588150024,0.3,0.2,1.0000000000000002e-07
49,56,0.055029839277267456,0.002229914767667651,0.11708986759185791,0.08836480230093002,0.3,0.2,1.0000000000000002e-07
49,57,0.25063204765319824,0.01702660322189331,0.507257342338562,0.4071410894393921,0.3,0.2,1.0000000000000002e-07
49,58,0.14295119047164917,0.0049094753339886665,0.15679854154586792,0.4550107419490814,0.3,0.2,1.0000000000000002e-07
49,59,0.0853002667427063,0.004753429908305407,0.19253742694854736,0.11392801254987717,0.3,0.2,1.0000000000000002e-07
49,60,0.0647292360663414,0.002752268686890602,0.08592820167541504,0.18099252879619598,0.3,0.2,1.0000000000000002e-07
49,61,0.049439914524555206,0.0034869599621742964,0.09192579984664917,0.0918760672211647,0.3,0.2,1.0000000000000002e-07
49,62,0.04735680669546127,0.008682707324624062,0.03326904773712158,0.14346691966056824,0.3,0.2,1.0000000000000002e-07
49,63,0.09247130155563354,0.0040590218268334866,0.21453982591629028,0.1202516108751297,0.3,0.2,1.0000000000000002e-07
49,64,0.09202758222818375,0.006148702930659056,0.13634270429611206,0.22488032281398773,0.3,0.2,1.0000000000000002e-07
49,65,0.10659606009721756,0.00431803148239851,0.1787334680557251,0.24328991770744324,0.3,0.2,1.0000000000000002e-07
49,66,0.10948719829320908,0.011955808848142624,0.17854619026184082,0.21983765065670013,0.3,0.2,1.0000000000000002e-07
49,67,0.05240891873836517,0.004510922823101282,0.05764806270599365,0.15301787853240967,0.3,0.2,1.0000000000000002e-07
49,68,0.07474588602781296,0.01077052392065525,0.06817042827606201,0.21762117743492126,0.3,0.2,1.0000000000000002e-07
49,69,0.06824933737516403,0.001594005268998444,0.03259223699569702,0.28438830375671387,0.3,0.2,1.0000000000000002e-07
49,70,0.08885256946086884,0.006307363510131836,0.1336212158203125,0.21229422092437744,0.3,0.2,1.0000000000000002e-07
49,71,0.08289803564548492,0.003943407442420721,0.17551517486572266,0.13150036334991455,0.3,0.2,1.0000000000000002e-07
49,72,0.09182270616292953,0.004682614468038082,0.11559921503067017,0.26230162382125854,0.3,0.2,1.0000000000000002e-07
49,73,0.06516806781291962,0.003816699143499136,0.08358138799667358,0.18138475716114044,0.3,0.2,1.0000000000000002e-07
49,74,0.08898761868476868,0.003513665171340108,0.14092832803726196,0.2159772664308548,0.3,0.2,1.0000000000000002e-07
49,75,0.12995120882987976,0.003877853276208043,0.11185520887374878,0.4625839293003082,0.3,0.2,1.0000000000000002e-07
49,76,0.0537046454846859,0.00216364162042737,0.04719299077987671,0.18691551685333252,0.3,0.2,1.0000000000000002e-07
49,77,0.19599148631095886,0.01034211739897728,0.31176578998565674,0.4605981707572937,0.3,0.2,1.0000000000000002e-07
49,78,0.0704941600561142,0.006773035973310471,0.1382659673690796,0.11120665073394775,0.3,0.2,1.0000000000000002e-07
49,79,0.04993687942624092,0.004399977158755064,0.03586357831954956,0.1738891303539276,0.3,0.2,1.0000000000000002e-07
49,80,0.06763695180416107,0.0033145365305244923,0.11336857080459595,0.15155920386314392,0.3,0.2,1.0000000000000002e-07
49,81,0.08831703662872314,0.001895568915642798,0.13735675811767578,0.22607220709323883,0.3,0.2,1.0000000000000002e-07
49,82,0.05892288684844971,0.0028326797764748335,0.11073362827301025,0.1143505796790123,0.3,0.2,1.0000000000000002e-07
49,83,0.07475580275058746,0.007006191648542881,0.05727064609527588,0.25284209847450256,0.3,0.2,1.0000000000000002e-07
49,84,0.10328993946313858,0.010022902861237526,0.14294707775115967,0.2519145607948303,0.3,0.2,1.0000000000000002e-07
49,85,0.1520160585641861,0.01133920717984438,0.28140056133270264,0.2812833786010742,0.3,0.2,1.0000000000000002e-07
49,86,0.04749501869082451,0.001449775299988687,0.039250850677490234,0.17134994268417358,0.3,0.2,1.0000000000000002e-07
49,87,0.08303467929363251,0.01020775455981493,0.10893505811691284,0.20073202252388,0.3,0.2,1.0000000000000002e-07
49,88,0.27746841311454773,0.029446696862578392,0.538772702217102,0.43194952607154846,0.3,0.2,1.0000000000000002e-07
49,89,0.0818403884768486,0.002820773283019662,0.20268255472183228,0.09107422828674316,0.3,0.2,1.0000000000000002e-07
49,90,0.08919613063335419,0.004514783620834351,0.22322148084640503,0.08857452869415283,0.3,0.2,1.0000000000000002e-07
49,91,0.0849095806479454,0.011561611667275429,0.06362658739089966,0.27129995822906494,0.3,0.2,1.0000000000000002e-07
49,92,0.1371523141860962,0.003757286351174116,0.18754351139068604,0.3856598436832428,0.3,0.2,1.0000000000000002e-07
49,93,0.05491602420806885,0.0011805235408246517,0.03338515758514404,0.21859976649284363,0.3,0.2,1.0000000000000002e-07
49,94,0.07802318036556244,0.004427172243595123,0.10137253999710083,0.21592119336128235,0.3,0.2,1.0000000000000002e-07
49,95,0.08358348160982132,0.0040089949034154415,0.07837510108947754,0.2803097665309906,0.3,0.2,1.0000000000000002e-07
49,96,0.07817111909389496,0.002243784023448825,0.1670393943786621,0.12907758355140686,0.3,0.2,1.0000000000000002e-07
49,97,0.1451920121908188,0.005774182733148336,0.2774304151535034,0.28094351291656494,0.3,0.2,1.0000000000000002e-07
49,98,0.051753368228673935,0.0013168429723009467,0.042586445808410645,0.18830294907093048,0.3,0.2,1.0000000000000002e-07
