epoch,batch,loss,main_loss,trajectory_projection_dice_loss,trajectory_direction_loss,trajectory_projection_dice_weight,trajectory_direction_weight,lr
0,0,0.7161018252372742,0.34858211874961853,0.8580564260482788,0.5505139231681824,0.3,0.2,0.001
0,1,0.6854383945465088,0.351444274187088,0.8383508920669556,0.4124443233013153,0.3,0.2,0.001
0,2,0.6971895098686218,0.3161369562149048,0.964289128780365,0.4588291347026825,0.3,0.2,0.001
0,3,0.6590790152549744,0.3092827796936035,0.7447787523269653,0.6318131685256958,0.3,0.2,0.001
0,4,0.5543179512023926,0.29607677459716797,0.6753545999526978,0.27817413210868835,0.3,0.2,0.001
0,5,0.7332804799079895,0.3082192540168762,0.9871551990509033,0.6445731520652771,0.3,0.2,0.001
0,6,0.5643873810768127,0.296321302652359,0.6434017419815063,0.3752276301383972,0.3,0.2,0.001
0,7,0.6985213756561279,0.29877331852912903,0.9620859622955322,0.555611252784729,0.3,0.2,0.001
0,8,0.624462902545929,0.28035759925842285,0.9306585192680359,0.3245387077331543,0.3,0.2,0.001
0,9,0.5504065752029419,0.26074692606925964,0.6742743253707886,0.4368865489959717,0.3,0.2,0.001
0,10,0.6462945938110352,0.2926628291606903,0.9492059350013733,0.3443498909473419,0.3,0.2,0.001
0,11,0.7251714468002319,0.30949199199676514,0.9713577628135681,0.6213605403900146,0.3,0.2,0.001
0,12,0.6048842072486877,0.2562617361545563,0.8801511526107788,0.42288559675216675,0.3,0.2,0.001
0,13,0.6319069266319275,0.26890093088150024,0.9553378224372864,0.3820231854915619,0.3,0.2,0.001
0,14,0.6182404160499573,0.27360495924949646,0.9577615857124329,0.28653475642204285,0.3,0.2,0.001
0,15,0.5557377338409424,0.23805171251296997,0.8133286833763123,0.36843714118003845,0.3,0.2,0.001
0,16,0.5091347694396973,0.23803876340389252,0.6342225670814514,0.40414610505104065,0.3,0.2,0.001
0,17,0.6244837045669556,0.25813332200050354,0.8208213448524475,0.6005197167396545,0.3,0.2,0.001
0,18,0.647723376750946,0.2829393148422241,0.9779223203659058,0.3570370078086853,0.3,0.2,0.001
0,19,0.47343552112579346,0.2374071180820465,0.5806816816329956,0.30911946296691895,0.3,0.2,0.001
0,20,0.5337859392166138,0.2209613025188446,0.6925918459892273,0.5252354145050049,0.3,0.2,0.001
0,21,0.49056491255760193,0.21421757340431213,0.6029576063156128,0.4773003160953522,0.3,0.2,0.001
0,22,0.596001386642456,0.23256666958332062,0.9359623193740845,0.41323018074035645,0.3,0.2,0.001
0,23,0.5548918843269348,0.24258944392204285,0.8231642842292786,0.32676565647125244,0.3,0.2,0.001
0,24,0.6486354470252991,0.22833237051963806,0.924586296081543,0.7146357297897339,0.3,0.2,0.001
0,25,0.6338440179824829,0.27385592460632324,0.966168224811554,0.3506881296634674,0.3,0.2,0.001
0,26,0.6116911172866821,0.22211509943008423,0.9343621134757996,0.5463367104530334,0.3,0.2,0.001
0,27,0.44154617190361023,0.20924988389015198,0.580571174621582,0.2906246781349182,0.3,0.2,0.001
0,28,0.5645200610160828,0.21073950827121735,0.8705772161483765,0.46303677558898926,0.3,0.2,0.001
0,29,0.4978255033493042,0.2028353214263916,0.8068084716796875,0.26473817229270935,0.3,0.2,0.001
0,30,0.6170066595077515,0.25406327843666077,0.9774318337440491,0.3485690951347351,0.3,0.2,0.001
0,31,0.5698363184928894,0.20969142019748688,0.8204461932182312,0.5700552463531494,0.3,0.2,0.001
0,32,0.5213601589202881,0.21494001150131226,0.7407612800598145,0.4209587275981903,0.3,0.2,0.001
0,33,0.603872537612915,0.21055850386619568,0.9450027346611023,0.5490661859512329,0.3,0.2,0.001
0,34,0.5780895352363586,0.20483091473579407,0.9345030784606934,0.4645385146141052,0.3,0.2,0.001
0,35,0.5139299035072327,0.1947142630815506,0.8429219722747803,0.33169496059417725,0.3,0.2,0.001
0,36,0.48157235980033875,0.20204731822013855,0.7697727680206299,0.2429659217596054,0.3,0.2,0.001
0,37,0.5465540885925293,0.19485659897327423,0.909613847732544,0.39406657218933105,0.3,0.2,0.001
0,38,0.4615464508533478,0.18503352999687195,0.6025943756103516,0.47867292165756226,0.3,0.2,0.001
0,39,0.6083401441574097,0.2412341684103012,0.931832492351532,0.43778136372566223,0.3,0.2,0.001
0,40,0.524855375289917,0.18641260266304016,0.8887364864349365,0.35910892486572266,0.3,0.2,0.001
0,41,0.504393994808197,0.19475077092647552,0.7925429940223694,0.3594016432762146,0.3,0.2,0.001
0,42,0.4970439076423645,0.1833949238061905,0.8809264898300171,0.2468550056219101,0.3,0.2,0.001
0,43,0.5857152938842773,0.18586432933807373,0.9051938056945801,0.6414638161659241,0.3,0.2,0.001
0,44,0.5066233277320862,0.17599597573280334,0.7378337383270264,0.5463860034942627,0.3,0.2,0.001
0,45,0.4593784809112549,0.17291921377182007,0.7595279216766357,0.29300451278686523,0.3,0.2,0.001
0,46,0.46079301834106445,0.17412805557250977,0.7589633464813232,0.294879674911499,0.3,0.2,0.001
0,47,0.569372296333313,0.17862124741077423,0.883452296257019,0.6285768151283264,0.3,0.2,0.001
0,48,0.5535778999328613,0.1777515560388565,0.8989467024803162,0.5307117700576782,0.3,0.2,0.001
0,49,0.48618754744529724,0.1768973171710968,0.6780239939689636,0.5294151306152344,0.3,0.2,0.001
0,50,0.585625410079956,0.22129499912261963,0.9770656228065491,0.35605382919311523,0.3,0.2,0.001
0,51,0.46763232350349426,0.1625656634569168,0.6536540985107422,0.5448521375656128,0.3,0.2,0.001
0,52,0.4888492226600647,0.18123933672904968,0.6950304508209229,0.4955037236213684,0.3,0.2,0.001
0,53,0.5151885151863098,0.18249282240867615,0.8978385329246521,0.31672051548957825,0.3,0.2,0.001
0,54,0.4526352882385254,0.1656976342201233,0.7028588056564331,0.3804001808166504,0.3,0.2,0.001
0,55,0.4069744944572449,0.15710210800170898,0.5250663757324219,0.4617621600627899,0.3,0.2,0.001
0,56,0.3809707462787628,0.15336434543132782,0.5068117380142212,0.37781432271003723,0.3,0.2,0.001
0,57,0.48793357610702515,0.1566992849111557,0.7506424188613892,0.5302078127861023,0.3,0.2,0.001
0,58,0.46740153431892395,0.15426479279994965,0.7927189469337463,0.37660518288612366,0.3,0.2,0.001
0,59,0.5937414765357971,0.1938653439283371,0.964948296546936,0.5519580245018005,0.3,0.2,0.001
0,60,0.5260040760040283,0.1565876007080078,0.849962055683136,0.5721392631530762,0.3,0.2,0.001
0,61,0.4290426969528198,0.16230708360671997,0.5719748139381409,0.47571590542793274,0.3,0.2,0.001
0,62,0.4506579637527466,0.1450187861919403,0.6956590414047241,0.4847072958946228,0.3,0.2,0.001
0,63,0.47498565912246704,0.1568083018064499,0.8972768187522888,0.24497152864933014,0.3,0.2,0.001
0,64,0.6199639439582825,0.20559261739253998,0.9592198729515076,0.633026659488678,0.3,0.2,0.001
0,65,0.4981605112552643,0.15558211505413055,0.8160650134086609,0.4887944459915161,0.3,0.2,0.001
0,66,0.5670331716537476,0.20095592737197876,0.9679239988327026,0.3785003423690796,0.3,0.2,0.001
0,67,0.42619070410728455,0.1502000242471695,0.555152416229248,0.547224760055542,0.3,0.2,0.001
0,68,0.42087486386299133,0.1376667469739914,0.678169846534729,0.3987857699394226,0.3,0.2,0.001
0,69,0.44375211000442505,0.13903926312923431,0.673538327217102,0.5132567286491394,0.3,0.2,0.001
0,70,0.4336826503276825,0.14415745437145233,0.5752403736114502,0.5847653150558472,0.3,0.2,0.001
0,71,0.4621211588382721,0.14265939593315125,0.7420516014099121,0.48423126339912415,0.3,0.2,0.001
0,72,0.5102682709693909,0.14336712658405304,0.8753269910812378,0.521515429019928,0.3,0.2,0.001
0,73,0.4633050858974457,0.1458871215581894,0.8533825874328613,0.30701592564582825,0.3,0.2,0.001
0,74,0.40329259634017944,0.13389022648334503,0.6248817443847656,0.4096893072128296,0.3,0.2,0.001
0,75,0.49348559975624084,0.14866621792316437,0.8998497724533081,0.3743220567703247,0.3,0.2,0.001
0,76,0.43636950850486755,0.13030868768692017,0.7847261428833008,0.3532148599624634,0.3,0.2,0.001
0,77,0.3355182707309723,0.12837281823158264,0.47501522302627563,0.3232044279575348,0.3,0.2,0.001
0,78,0.4284193813800812,0.1297607570886612,0.7864766716957092,0.3135780394077301,0.3,0.2,0.001
0,79,0.32598990201950073,0.12201688438653946,0.4487769603729248,0.3466995656490326,0.3,0.2,0.001
0,80,0.5209380388259888,0.16926057636737823,0.9659548997879028,0.3094547390937805,0.3,0.2,0.001
0,81,0.44308724999427795,0.12587857246398926,0.7758601903915405,0.4222531318664551,0.3,0.2,0.001
0,82,0.4578097462654114,0.1475045531988144,0.77989661693573,0.381680965423584,0.3,0.2,0.001
0,83,0.4259956181049347,0.1251412332057953,0.8430412411689758,0.23971007764339447,0.3,0.2,0.001
0,84,0.4399447441101074,0.1231284961104393,0.8043193817138672,0.37760210037231445,0.3,0.2,0.001
0,85,0.4299267530441284,0.11689368635416031,0.7533225417137146,0.4351814389228821,0.3,0.2,0.001
0,86,0.3631654977798462,0.11574312299489975,0.5781362652778625,0.36990752816200256,0.3,0.2,0.001
0,87,0.39213407039642334,0.12351584434509277,0.6182855367660522,0.41566285490989685,0.3,0.2,0.001
0,88,0.5683717727661133,0.15517203509807587,0.944050133228302,0.6499232053756714,0.3,0.2,0.001
0,89,0.4485034644603729,0.11602546274662018,0.8067570924758911,0.4522542953491211,0.3,0.2,0.001
0,90,0.5094878673553467,0.1714257001876831,0.9275025129318237,0.29905691742897034,0.3,0.2,0.001
0,91,0.47177258133888245,0.12533794343471527,0.9149447083473206,0.359756201505661,0.3,0.2,0.001
0,92,0.5417906045913696,0.14550098776817322,0.935581624507904,0.5780755877494812,0.3,0.2,0.001
0,93,0.4188399910926819,0.11665463447570801,0.7573257684707642,0.37493810057640076,0.3,0.2,0.001
0,94,0.42953330278396606,0.168043315410614,0.5140111446380615,0.5364331603050232,0.3,0.2,0.001
0,95,0.4123619496822357,0.11097436398267746,0.7301768064498901,0.4116726815700531,0.3,0.2,0.001
0,96,0.4523581862449646,0.10895942151546478,0.7655505537986755,0.5686679482460022,0.3,0.2,0.001
0,97,0.4543963074684143,0.11616989225149155,0.9044175148010254,0.33450570702552795,0.3,0.2,0.001
0,98,0.31319430470466614,0.10172517597675323,0.4945126175880432,0.31557658314704895,0.3,0.2,0.001
1,0,0.33355018496513367,0.11258191615343094,0.4876311421394348,0.3733946681022644,0.3,0.2,0.001
1,1,0.48214471340179443,0.10633782297372818,0.8262235522270203,0.6396991610527039,0.3,0.2,0.001
1,2,0.5199735760688782,0.138738751411438,0.9316056966781616,0.5087655186653137,0.3,0.2,0.001
1,3,0.2708747386932373,0.10039696842432022,0.3949761390686035,0.2599245309829712,0.3,0.2,0.001
1,4,0.39063146710395813,0.10089900344610214,0.7767565846443176,0.28352731466293335,0.3,0.2,0.001
1,5,0.3769160211086273,0.10180313885211945,0.6706854104995728,0.36953628063201904,0.3,0.2,0.001
1,6,0.3090456426143646,0.0986301526427269,0.39401161670684814,0.46105989813804626,0.3,0.2,0.001
1,7,0.32441574335098267,0.09048916399478912,0.5275291204452515,0.3783392012119293,0.3,0.2,0.001
1,8,0.3508995473384857,0.09401407092809677,0.6244404315948486,0.3477666974067688,0.3,0.2,0.001
1,9,0.4420165419578552,0.10873515903949738,0.8974024057388306,0.32030314207077026,0.3,0.2,0.001
1,10,0.2667129933834076,0.08906036615371704,0.3657398223876953,0.339653342962265,0.3,0.2,0.001
1,11,0.4368707835674286,0.10173351317644119,0.8373811841011047,0.4196145832538605,0.3,0.2,0.001
1,12,0.3695716857910156,0.09205461293458939,0.6997523307800293,0.3379567563533783,0.3,0.2,0.001
1,13,0.3300766944885254,0.08810587227344513,0.5843755602836609,0.333290696144104,0.3,0.2,0.001
1,14,0.4598032534122467,0.13075362145900726,0.8707109689712524,0.3391815721988678,0.3,0.2,0.001
1,15,0.3508402705192566,0.09089259058237076,0.6136216521263123,0.3793059289455414,0.3,0.2,0.001
1,16,0.2497355341911316,0.09163952618837357,0.28511369228363037,0.3628094792366028,0.3,0.2,0.001
1,17,0.36853110790252686,0.08950291574001312,0.7147139310836792,0.32307004928588867,0.3,0.2,0.001
1,18,0.41492336988449097,0.0937587320804596,0.8321999311447144,0.35752320289611816,0.3,0.2,0.001
1,19,0.3144836723804474,0.08210945874452591,0.517979085445404,0.38490238785743713,0.3,0.2,0.001
1,20,0.39471435546875,0.08832211047410965,0.7966740131378174,0.3369501829147339,0.3,0.2,0.001
1,21,0.40107816457748413,0.08806858211755753,0.7505540251731873,0.43921685218811035,0.3,0.2,0.001
1,22,0.31499183177948,0.08127715438604355,0.5305758714675903,0.37270939350128174,0.3,0.2,0.001
1,23,0.2658754587173462,0.0980728417634964,0.29141396284103394,0.4018920958042145,0.3,0.2,0.001
1,24,0.3823885917663574,0.08302584290504456,0.6630456447601318,0.5022450685501099,0.3,0.2,0.001
1,25,0.45765143632888794,0.08689740300178528,0.8362264633178711,0.5994303226470947,0.3,0.2,0.001
1,26,0.5316124558448792,0.13256847858428955,0.9562093615531921,0.5609057545661926,0.3,0.2,0.001
1,27,0.37634003162384033,0.0797605812549591,0.6222126483917236,0.5495782494544983,0.3,0.2,0.001
1,28,0.3726820647716522,0.08385838568210602,0.6476288437843323,0.472675085067749,0.3,0.2,0.001
1,29,0.4969092905521393,0.16042745113372803,0.899333655834198,0.3334087133407593,0.3,0.2,0.001
1,30,0.28094005584716797,0.10162288695573807,0.3405482769012451,0.3857634663581848,0.3,0.2,0.001
1,31,0.3572980761528015,0.09526680409908295,0.6082693338394165,0.39775219559669495,0.3,0.2,0.001
1,32,0.4135395884513855,0.09396836906671524,0.8376079797744751,0.341444194316864,0.3,0.2,0.001
1,33,0.3842838406562805,0.09188352525234222,0.6898019313812256,0.4272984564304352,0.3,0.2,0.001
1,34,0.4840843379497528,0.18262994289398193,0.7843402624130249,0.33076146245002747,0.3,0.2,0.001
1,35,0.21858030557632446,0.07108305394649506,0.27422410249710083,0.3261500895023346,0.3,0.2,0.001
1,36,0.3386855125427246,0.0715705156326294,0.6780451536178589,0.31850719451904297,0.3,0.2,0.001
1,37,0.31845277547836304,0.07369693368673325,0.453571081161499,0.543422520160675,0.3,0.2,0.001
1,38,0.4133533239364624,0.07723058760166168,0.8437316417694092,0.41501617431640625,0.3,0.2,0.001
1,39,0.25452250242233276,0.06680890172719955,0.39184337854385376,0.35080286860466003,0.3,0.2,0.001
1,40,0.4024941623210907,0.07459492236375809,0.8386937975883484,0.3814553916454315,0.3,0.2,0.001
1,41,0.2536211907863617,0.06973859667778015,0.3389770984649658,0.41094735264778137,0.3,0.2,0.001
1,42,0.29224395751953125,0.07120295614004135,0.41470974683761597,0.48314031958580017,0.3,0.2,0.001
1,43,0.2713683247566223,0.07325112074613571,0.442726731300354,0.3264959454536438,0.3,0.2,0.001
1,44,0.345572292804718,0.0756460651755333,0.777450680732727,0.1834549903869629,0.3,0.2,0.001
1,45,0.478240042924881,0.10788760334253311,0.9368064403533936,0.44655248522758484,0.3,0.2,0.001
1,46,0.38961488008499146,0.06791246682405472,0.6698006987571716,0.6038109660148621,0.3,0.2,0.001
1,47,0.24059703946113586,0.0672997534275055,0.3628838062286377,0.3221607506275177,0.3,0.2,0.001
1,48,0.4975462257862091,0.1075269877910614,0.9386975169181824,0.5420498847961426,0.3,0.2,0.001
1,49,0.3383854031562805,0.06867966055870056,0.6555488109588623,0.3652053475379944,0.3,0.2,0.001
1,50,0.3685625493526459,0.06640607863664627,0.6566288471221924,0.5258389711380005,0.3,0.2,0.001
1,51,0.3479984998703003,0.061299197375774384,0.6997359991073608,0.3838924467563629,0.3,0.2,0.001
1,52,0.21719977259635925,0.06397931277751923,0.28777384757995605,0.3344414532184601,0.3,0.2,0.001
1,53,0.32813215255737305,0.07895098626613617,0.5009393692016602,0.49449682235717773,0.3,0.2,0.001
1,54,0.4570196866989136,0.08786322176456451,0.9455699920654297,0.4274272322654724,0.3,0.2,0.001
1,55,0.22530978918075562,0.05563698336482048,0.37588608264923096,0.28453487157821655,0.3,0.2,0.001
1,56,0.21928970515727997,0.056714367121458054,0.24861425161361694,0.43995529413223267,0.3,0.2,0.001
1,57,0.3450061082839966,0.06602166593074799,0.7336130142211914,0.2945026755332947,0.3,0.2,0.001
1,58,0.3890610933303833,0.06436796486377716,0.8316962718963623,0.3759211599826813,0.3,0.2,0.001
1,59,0.5032699108123779,0.10856630653142929,0.9261120557785034,0.5843499302864075,0.3,0.2,0.001
1,60,0.2819273769855499,0.06021049991250038,0.42038124799728394,0.47801244258880615,0.3,0.2,0.001
1,61,0.2817505896091461,0.054940734058618546,0.4635379910469055,0.4387422502040863,0.3,0.2,0.001
1,62,0.3586929440498352,0.06579270213842392,0.7651407718658447,0.31678998470306396,0.3,0.2,0.001
1,63,0.36870113015174866,0.06585823744535446,0.6591120958328247,0.5255462527275085,0.3,0.2,0.001
1,64,0.26446467638015747,0.05296603962779045,0.4711747169494629,0.35073116421699524,0.3,0.2,0.001
1,65,0.4703270196914673,0.07942686975002289,0.9166613221168518,0.5795088410377502,0.3,0.2,0.001
1,66,0.30270594358444214,0.07511331140995026,0.37537842988967896,0.5748955011367798,0.3,0.2,0.001
1,67,0.19050684571266174,0.052738916128873825,0.24109035730361938,0.3272041380405426,0.3,0.2,0.001
1,68,0.2961594760417938,0.05478288233280182,0.5773299932479858,0.34088799357414246,0.3,0.2,0.001
1,69,0.36956787109375,0.054292548447847366,0.7613904476165771,0.43429088592529297,0.3,0.2,0.001
1,70,0.41129574179649353,0.06433526426553726,0.8448632955551147,0.46750733256340027,0.3,0.2,0.001
1,71,0.31460076570510864,0.05307866632938385,0.5851116180419922,0.42994311451911926,0.3,0.2,0.001
1,72,0.3871380388736725,0.05453641340136528,0.7493149042129517,0.5390357375144958,0.3,0.2,0.001
1,73,0.37218615412712097,0.05138320475816727,0.6623307466506958,0.6105185747146606,0.3,0.2,0.001
1,74,0.4547435939311981,0.11784663796424866,0.8429199457168579,0.42010489106178284,0.3,0.2,0.001
1,75,0.43784910440444946,0.07982606440782547,0.8935338854789734,0.4498142600059509,0.3,0.2,0.001
1,76,0.26947128772735596,0.049335043877363205,0.3744105100631714,0.5390654802322388,0.3,0.2,0.001
1,77,0.26395145058631897,0.04941912740468979,0.4441937208175659,0.4063710570335388,0.3,0.2,0.001
1,78,0.23671305179595947,0.05423121526837349,0.3254261612892151,0.42426982522010803,0.3,0.2,0.001
1,79,0.3234016001224518,0.04878536984324455,0.6812015771865845,0.35127875208854675,0.3,0.2,0.001
1,80,0.3460303544998169,0.04976236820220947,0.7571849822998047,0.34556230902671814,0.3,0.2,0.001
1,81,0.4349743127822876,0.07287784665822983,0.9538761377334595,0.3796679377555847,0.3,0.2,0.001
1,82,0.2916985750198364,0.04136788845062256,0.5393110513687134,0.4426867961883545,0.3,0.2,0.001
1,83,0.45434337854385376,0.068784199655056,0.9406204223632812,0.5168651342391968,0.3,0.2,0.001
1,84,0.21503427624702454,0.04791678115725517,0.21646535396575928,0.5108894109725952,0.3,0.2,0.001
1,85,0.3958476483821869,0.0515001080930233,0.815281867980957,0.4988148510456085,0.3,0.2,0.001
1,86,0.24067291617393494,0.043892331421375275,0.38023948669433594,0.4135436415672302,0.3,0.2,0.001
1,87,0.19758307933807373,0.04608966037631035,0.23124825954437256,0.4105947017669678,0.3,0.2,0.001
1,88,0.4043641984462738,0.0844344049692154,0.8449898362159729,0.33216404914855957,0.3,0.2,0.001
1,89,0.17160972952842712,0.04941585659980774,0.1807008981704712,0.33991795778274536,0.3,0.2,0.001
1,90,0.26181966066360474,0.04845341295003891,0.3739381432533264,0.5059240460395813,0.3,0.2,0.001
1,91,0.198266863822937,0.04125494882464409,0.36120516061782837,0.24325184524059296,0.3,0.2,0.001
1,92,0.43374907970428467,0.06842228770256042,0.9304033517837524,0.431028813123703,0.3,0.2,0.001
1,93,0.2773343026638031,0.04228193685412407,0.560675859451294,0.33424803614616394,0.3,0.2,0.001
1,94,0.40800079703330994,0.056301575154066086,0.8852662444114685,0.4305967688560486,0.3,0.2,0.001
1,95,0.31361818313598633,0.04176303371787071,0.6619451642036438,0.3663579821586609,0.3,0.2,0.001
1,96,0.2212231308221817,0.03883654624223709,0.4562303423881531,0.22758746147155762,0.3,0.2,0.001
1,97,0.3572651743888855,0.04773590341210365,0.7549372911453247,0.4152403771877289,0.3,0.2,0.001
1,98,0.37086471915245056,0.04648345708847046,0.8060286045074463,0.4128633439540863,0.3,0.2,0.001
2,0,0.4358145296573639,0.09868568181991577,0.8389240503311157,0.42725810408592224,0.3,0.2,0.001
2,1,0.3020198941230774,0.04073472321033478,0.6499258279800415,0.33153700828552246,0.3,0.2,0.001
2,2,0.13978241384029388,0.03718249127268791,0.17746055126190186,0.24680876731872559,0.3,0.2,0.001
2,3,0.22359582781791687,0.03908184915781021,0.29320549964904785,0.4827616214752197,0.3,0.2,0.001
2,4,0.3249221444129944,0.040347982197999954,0.6901367902755737,0.38766565918922424,0.3,0.2,0.001
2,5,0.1599685549736023,0.03534737974405289,0.2321905493736267,0.2748200297355652,0.3,0.2,0.001
2,6,0.2853320837020874,0.03513450548052788,0.5809755325317383,0.37952446937561035,0.3,0.2,0.001
2,7,0.287697970867157,0.038400158286094666,0.4853186011314392,0.5185111165046692,0.3,0.2,0.001
2,8,0.2594265937805176,0.03705206513404846,0.4974291920661926,0.36572888493537903,0.3,0.2,0.001
2,9,0.37671735882759094,0.10666907578706741,0.6209299564361572,0.4188464283943176,0.3,0.2,0.001
2,10,0.27233022451400757,0.03876249119639397,0.5717076659202576,0.31027719378471375,0.3,0.2,0.001
2,11,0.28013285994529724,0.05235212668776512,0.441997766494751,0.4759069085121155,0.3,0.2,0.001
2,12,0.41229304671287537,0.05379444733262062,0.9286203384399414,0.39956241846084595,0.3,0.2,0.001
2,13,0.19904565811157227,0.0372982881963253,0.19530296325683594,0.5157824158668518,0.3,0.2,0.001
2,14,0.2345670908689499,0.03881121054291725,0.30406659841537476,0.5226794481277466,0.3,0.2,0.001
2,15,0.2684047222137451,0.039986975491046906,0.5033276081085205,0.3870973587036133,0.3,0.2,0.001
2,16,0.3954504132270813,0.04942694306373596,0.8866264820098877,0.40017756819725037,0.3,0.2,0.001
2,17,0.2862473726272583,0.04043090343475342,0.6189781427383423,0.3006151616573334,0.3,0.2,0.001
2,18,0.22173887491226196,0.04375968500971794,0.2805798649787903,0.4690261483192444,0.3,0.2,0.001
2,19,0.18169540166854858,0.04066111892461777,0.20108872652053833,0.4035382568836212,0.3,0.2,0.001
2,20,0.3230561912059784,0.03748374804854393,0.7734130620956421,0.2677425146102905,0.3,0.2,0.001
2,21,0.23210330307483673,0.03204365074634552,0.49703025817871094,0.25475284457206726,0.3,0.2,0.001
2,22,0.41134750843048096,0.04884788766503334,0.9306076765060425,0.4165864884853363,0.3,0.2,0.001
2,23,0.2660372853279114,0.032005783170461655,0.6058838367462158,0.2613316476345062,0.3,0.2,0.001
2,24,0.27208593487739563,0.037627432495355606,0.46554070711135864,0.47398141026496887,0.3,0.2,0.001
2,25,0.147877037525177,0.03372066468000412,0.15705019235610962,0.335206538438797,0.3,0.2,0.001
2,26,0.15834933519363403,0.03224652633070946,0.2271011471748352,0.28986233472824097,0.3,0.2,0.001
2,27,0.19373908638954163,0.02816328965127468,0.3827676773071289,0.2537274658679962,0.3,0.2,0.001
2,28,0.3169962763786316,0.035925235599279404,0.7487360239028931,0.28225114941596985,0.3,0.2,0.001
2,29,0.21486996114253998,0.03148016706109047,0.25022411346435547,0.5416128039360046,0.3,0.2,0.001
2,30,0.22058191895484924,0.028250325471162796,0.4604138731956482,0.27103710174560547,0.3,0.2,0.001
2,31,0.4287712872028351,0.05053406208753586,0.9321163296699524,0.493011474609375,0.3,0.2,0.001
2,32,0.36471518874168396,0.031127093359827995,0.6521645188331604,0.6896936297416687,0.3,0.2,0.001
2,33,0.30764973163604736,0.03106381930410862,0.6906821727752686,0.34690627455711365,0.3,0.2,0.001
2,34,0.1895672082901001,0.029402559623122215,0.3203426003456116,0.3203093707561493,0.3,0.2,0.001
2,35,0.2044307440519333,0.025556741282343864,0.2989639639854431,0.4459240138530731,0.3,0.2,0.001
2,36,0.3814357817173004,0.041788406670093536,0.8144921064376831,0.47649863362312317,0.3,0.2,0.001
2,37,0.317693293094635,0.03152824565768242,0.7316169142723083,0.3333997130393982,0.3,0.2,0.001
2,38,0.25502192974090576,0.08378080278635025,0.2872452735900879,0.42533770203590393,0.3,0.2,0.001
2,39,0.3149116039276123,0.03531816601753235,0.6677426695823669,0.3963530957698822,0.3,0.2,0.001
2,40,0.21963804960250854,0.026692278683185577,0.3256760239601135,0.47621479630470276,0.3,0.2,0.001
2,41,0.21773099899291992,0.029758736491203308,0.356109619140625,0.4056968688964844,0.3,0.2,0.001
2,42,0.2108740210533142,0.04471214860677719,0.2266903519630432,0.4907738268375397,0.3,0.2,0.001
2,43,0.16939279437065125,0.02691764011979103,0.2080519199371338,0.4002978503704071,0.3,0.2,0.001
2,44,0.17640511691570282,0.027057331055402756,0.2607952952384949,0.35554593801498413,0.3,0.2,0.001
2,45,0.26169055700302124,0.025766709819436073,0.4957616329193115,0.4359767436981201,0.3,0.2,0.001
2,46,0.2742668390274048,0.027267882600426674,0.6084185242652893,0.3223669230937958,0.3,0.2,0.001
2,47,0.1302439570426941,0.03808582201600075,0.15139371156692505,0.23370009660720825,0.3,0.2,0.001
2,48,0.1428363174200058,0.03813118487596512,0.12148338556289673,0.3413005769252777,0.3,0.2,0.001
2,49,0.34980976581573486,0.03280492499470711,0.721379816532135,0.5029544830322266,0.3,0.2,0.001
2,50,0.2763248085975647,0.025428764522075653,0.6197669506072998,0.3248298466205597,0.3,0.2,0.001
2,51,0.44667381048202515,0.05737784877419472,0.9064050316810608,0.5868722796440125,0.3,0.2,0.001
2,52,0.2272396981716156,0.02832304686307907,0.42593902349472046,0.3556745946407318,0.3,0.2,0.001
2,53,0.3056142330169678,0.031835850328207016,0.6412539482116699,0.40701088309288025,0.3,0.2,0.001
2,54,0.24568861722946167,0.09246356785297394,0.22734993696212769,0.42510029673576355,0.3,0.2,0.001
2,55,0.18895062804222107,0.026611100882291794,0.2675659656524658,0.41034865379333496,0.3,0.2,0.001
2,56,0.1920396089553833,0.030009008944034576,0.2502392530441284,0.4347940683364868,0.3,0.2,0.001
2,57,0.12625499069690704,0.020395785570144653,0.1723235845565796,0.27081066370010376,0.3,0.2,0.001
2,58,0.1592092514038086,0.020781876519322395,0.19864648580551147,0.39416712522506714,0.3,0.2,0.001
2,59,0.219124436378479,0.0245350394397974,0.41743767261505127,0.3467904329299927,0.3,0.2,0.001
2,60,0.3560674786567688,0.035115424543619156,0.7787783145904541,0.4365927577018738,0.3,0.2,0.001
2,61,0.2273588925600052,0.02248593047261238,0.4485868811607361,0.351484477519989,0.3,0.2,0.001
2,62,0.226576566696167,0.020172908902168274,0.35113614797592163,0.50531405210495,0.3,0.2,0.001
2,63,0.3953208923339844,0.03637439385056496,0.9034937024116516,0.43949177861213684,0.3,0.2,0.001
2,64,0.35161179304122925,0.03414854779839516,0.8001830577850342,0.3870415687561035,0.3,0.2,0.001
2,65,0.1472359299659729,0.0367899015545845,0.1416473388671875,0.33975908160209656,0.3,0.2,0.001
2,66,0.14046558737754822,0.0304355900734663,0.13488221168518066,0.34782662987709045,0.3,0.2,0.001
2,67,0.2905746102333069,0.02215772122144699,0.5180026888847351,0.5650803446769714,0.3,0.2,0.001
2,68,0.12302961945533752,0.02256346493959427,0.10478407144546509,0.34515464305877686,0.3,0.2,0.001
2,69,0.22317162156105042,0.03267496079206467,0.4145880937576294,0.33060121536254883,0.3,0.2,0.001
2,70,0.15738797187805176,0.02715018205344677,0.24816960096359253,0.2789345681667328,0.3,0.2,0.001
2,71,0.21082636713981628,0.02428601309657097,0.2541522979736328,0.5514733195304871,0.3,0.2,0.001
2,72,0.36914747953414917,0.03303124010562897,0.8121960759162903,0.46228712797164917,0.3,0.2,0.001
2,73,0.13341139256954193,0.022510798647999763,0.1061752438545227,0.39524009823799133,0.3,0.2,0.001
2,74,0.31913381814956665,0.054123811423778534,0.6378424763679504,0.36828628182411194,0.3,0.2,0.001
2,75,0.41777822375297546,0.11687774956226349,0.6907232403755188,0.4684174954891205,0.3,0.2,0.001
2,76,0.17261308431625366,0.023660045117139816,0.2935976982116699,0.30436861515045166,0.3,0.2,0.001
2,77,0.33447718620300293,0.03277148678898811,0.7480014562606812,0.3865262269973755,0.3,0.2,0.001
2,78,0.12840582430362701,0.019387997686862946,0.1939827799797058,0.25411495566368103,0.3,0.2,0.001
2,79,0.18378756940364838,0.020720193162560463,0.24480104446411133,0.4481353163719177,0.3,0.2,0.001
2,80,0.28907540440559387,0.019992275163531303,0.5316250324249268,0.5479781031608582,0.3,0.2,0.001
2,81,0.20969894528388977,0.0221199132502079,0.3706744909286499,0.3818833529949188,0.3,0.2,0.001
2,82,0.2253226339817047,0.024978429079055786,0.5011237859725952,0.25003525614738464,0.3,0.2,0.001
2,83,0.22333648800849915,0.018381604924798012,0.4598644971847534,0.33497756719589233,0.3,0.2,0.001
2,84,0.24237310886383057,0.018199646845459938,0.5330303907394409,0.32132163643836975,0.3,0.2,0.001
2,85,0.29325592517852783,0.021331103518605232,0.6098440885543823,0.44485795497894287,0.3,0.2,0.001
2,86,0.16910108923912048,0.031216561794281006,0.1977165937423706,0.3928476870059967,0.3,0.2,0.001
2,87,0.25521934032440186,0.020752491429448128,0.5066806077957153,0.4123133718967438,0.3,0.2,0.001
2,88,0.10800979286432266,0.026889052242040634,0.08232563734054565,0.28211522102355957,0.3,0.2,0.001
2,89,0.2549232244491577,0.018283134326338768,0.5630415081977844,0.3386382758617401,0.3,0.2,0.001
2,90,0.16950303316116333,0.01460014097392559,0.30504608154296875,0.316945344209671,0.3,0.2,0.001
2,91,0.373416930437088,0.08015412092208862,0.6201722621917725,0.5360557436943054,0.3,0.2,0.001
2,92,0.15515315532684326,0.02050134167075157,0.25047844648361206,0.2975413501262665,0.3,0.2,0.001
2,93,0.4423825442790985,0.05493966490030289,0.8903200626373291,0.6017341613769531,0.3,0.2,0.001
2,94,0.24111267924308777,0.027326371520757675,0.40395277738571167,0.4630022943019867,0.3,0.2,0.001
2,95,0.11904515326023102,0.023316191509366035,0.08929222822189331,0.3447064459323883,0.3,0.2,0.001
2,96,0.22818446159362793,0.018332431092858315,0.3352072834968567,0.5464492440223694,0.3,0.2,0.001
2,97,0.2067071944475174,0.019088244065642357,0.29291701316833496,0.4987192153930664,0.3,0.2,0.001
2,98,0.13363602757453918,0.033398550003767014,0.09828972816467285,0.35375282168388367,0.3,0.2,0.001
3,0,0.3650227189064026,0.034900564700365067,0.8521159291267395,0.3724367618560791,0.3,0.2,0.001
3,1,0.13234524428844452,0.01980350725352764,0.14873093366622925,0.33961227536201477,0.3,0.2,0.001
3,2,0.1933446228504181,0.021906711161136627,0.4581713080406189,0.1699325144290924,0.3,0.2,0.001
3,3,0.26878613233566284,0.018814731389284134,0.5568766593933105,0.414542019367218,0.3,0.2,0.001
3,4,0.1335822492837906,0.016836775466799736,0.2074853777885437,0.2724992632865906,0.3,0.2,0.001
3,5,0.33413001894950867,0.027592718601226807,0.7906703352928162,0.34668102860450745,0.3,0.2,0.001
3,6,0.1426536738872528,0.016622014343738556,0.1487189531326294,0.4070798456668854,0.3,0.2,0.001
3,7,0.19072623550891876,0.014858003705739975,0.42604875564575195,0.24026793241500854,0.3,0.2,0.001
3,8,0.18024981021881104,0.02047545649111271,0.1929621696472168,0.5094285011291504,0.3,0.2,0.001
3,9,0.22086423635482788,0.0159070435911417,0.45500391721725464,0.34228000044822693,0.3,0.2,0.001
3,10,0.27128273248672485,0.018551379442214966,0.5964566469192505,0.3689717948436737,0.3,0.2,0.001
3,11,0.13287381827831268,0.013649668544530869,0.16035646200180054,0.3555860221385956,0.3,0.2,0.001
3,12,0.17783889174461365,0.018728822469711304,0.15131676197052002,0.5685752034187317,0.3,0.2,0.001
3,13,0.22271138429641724,0.021421337500214577,0.3890594244003296,0.4228610694408417,0.3,0.2,0.001
3,14,0.10332860052585602,0.024061797186732292,0.076465904712677,0.2816351354122162,0.3,0.2,0.001
3,15,0.15012790262699127,0.0257854126393795,0.1230897307395935,0.4370778203010559,0.3,0.2,0.001
3,16,0.12843064963817596,0.020539315417408943,0.0905415415763855,0.4036443531513214,0.3,0.2,0.001
3,17,0.24825137853622437,0.017221497371792793,0.5447759628295898,0.33798545598983765,0.3,0.2,0.001
3,18,0.1619465947151184,0.011252621188759804,0.2608122229576111,0.36225149035453796,0.3,0.2,0.001
3,19,0.3116660714149475,0.112138532102108,0.39531469345092773,0.40466567873954773,0.3,0.2,0.001
3,20,0.383014976978302,0.03711596131324768,0.8475722670555115,0.4581367075443268,0.3,0.2,0.001
3,21,0.11215697228908539,0.030021289363503456,0.08564525842666626,0.28221049904823303,0.3,0.2,0.001
3,22,0.11516127735376358,0.02646346390247345,0.08926206827163696,0.3095959424972534,0.3,0.2,0.001
3,23,0.20138049125671387,0.01726529560983181,0.28875476121902466,0.4874437749385834,0.3,0.2,0.001
3,24,0.14191240072250366,0.03258340805768967,0.10117232799530029,0.39488643407821655,0.3,0.2,0.001
3,25,0.34373822808265686,0.03455504775047302,0.7031269669532776,0.4912254214286804,0.3,0.2,0.001
3,26,0.176491379737854,0.016958074644207954,0.26402509212493896,0.40162891149520874,0.3,0.2,0.001
3,27,0.13774527609348297,0.016787942498922348,0.07464724779129028,0.4928157925605774,0.3,0.2,0.001
3,28,0.1539405733346939,0.015453730709850788,0.26263177394866943,0.29848653078079224,0.3,0.2,0.001
3,29,0.32478734850883484,0.022981205955147743,0.7071653604507446,0.4482826292514801,0.3,0.2,0.001
3,30,0.12036539614200592,0.026207854971289635,0.10346168279647827,0.3155951499938965,0.3,0.2,0.001
3,31,0.1727532148361206,0.03699582442641258,0.17292028665542603,0.4194064736366272,0.3,0.2,0.001
3,32,0.3958480656147003,0.03583157807588577,0.8503206372261047,0.5246014595031738,0.3,0.2,0.001
3,33,0.1619168221950531,0.01704903319478035,0.145952045917511,0.5054108500480652,0.3,0.2,0.001
3,34,0.15075713396072388,0.0315631702542305,0.15321004390716553,0.3661547303199768,0.3,0.2,0.001
3,35,0.3797498941421509,0.030919071286916733,0.8190052509307861,0.5156461000442505,0.3,0.2,0.001
3,36,0.18869616091251373,0.01276056282222271,0.36700308322906494,0.32917332649230957,0.3,0.2,0.001
3,37,0.22557693719863892,0.01448506023734808,0.4691697359085083,0.3517046868801117,0.3,0.2,0.001
3,38,0.15865716338157654,0.01307943556457758,0.2532728314399719,0.3479793965816498,0.3,0.2,0.001
3,39,0.28169095516204834,0.06118502840399742,0.4784606695175171,0.3848385214805603,0.3,0.2,0.001
3,40,0.18998128175735474,0.013107371516525745,0.42264485359191895,0.25040221214294434,0.3,0.2,0.001
3,41,0.14893445372581482,0.017575910314917564,0.21546655893325806,0.33359280228614807,0.3,0.2,0.001
3,42,0.1659832000732422,0.01541939377784729,0.2868066430091858,0.3226090371608734,0.3,0.2,0.001
3,43,0.14373572170734406,0.012915907427668571,0.17893987894058228,0.38568925857543945,0.3,0.2,0.001
3,44,0.16990135610103607,0.023928867653012276,0.09720295667648315,0.5840579867362976,0.3,0.2,0.001
3,45,0.15607468783855438,0.012258942238986492,0.22378778457641602,0.38339704275131226,0.3,0.2,0.001
3,46,0.2647205591201782,0.01947176083922386,0.5617146492004395,0.3836720287799835,0.3,0.2,0.001
3,47,0.24027526378631592,0.020421231165528297,0.5305134057998657,0.3034999966621399,0.3,0.2,0.001
3,48,0.17053630948066711,0.01313691958785057,0.26823538541793823,0.3846438229084015,0.3,0.2,0.001
3,49,0.2040979266166687,0.019644109532237053,0.3015099763870239,0.4700041115283966,0.3,0.2,0.001
3,50,0.17203105986118317,0.015896188095211983,0.26662933826446533,0.3807303309440613,0.3,0.2,0.001
3,51,0.21951717138290405,0.012068427167832851,0.4001544117927551,0.43701207637786865,0.3,0.2,0.001
3,52,0.19557102024555206,0.012815037742257118,0.2529298663139343,0.534385085105896,0.3,0.2,0.001
3,53,0.2040790617465973,0.01038212887942791,0.40781813859939575,0.35675737261772156,0.3,0.2,0.001
3,54,0.19744816422462463,0.04092288017272949,0.17742908000946045,0.5164828300476074,0.3,0.2,0.001
3,55,0.22051724791526794,0.014180704951286316,0.5277234315872192,0.2400975227355957,0.3,0.2,0.001
3,56,0.2795206308364868,0.05490298569202423,0.509483814239502,0.3588624596595764,0.3,0.2,0.001
3,57,0.17125725746154785,0.014667509123682976,0.19090527296066284,0.4965907633304596,0.3,0.2,0.001
3,58,0.24055573344230652,0.014169408939778805,0.5258340835571289,0.343180388212204,0.3,0.2,0.001
3,59,0.37448906898498535,0.03869390860199928,0.8421695232391357,0.4157215356826782,0.3,0.2,0.001
3,60,0.13372772932052612,0.012517825700342655,0.20411145687103271,0.29988229274749756,0.3,0.2,0.001
3,61,0.17016500234603882,0.012806251645088196,0.2753339409828186,0.3737927973270416,0.3,0.2,0.001
3,62,0.11973755061626434,0.013106212951242924,0.10050582885742188,0.38239791989326477,0.3,0.2,0.001
3,63,0.19437891244888306,0.01220883522182703,0.2832430601119995,0.48598581552505493,0.3,0.2,0.001
3,64,0.136306494474411,0.010398318991065025,0.1297817826271057,0.43486812710762024,0.3,0.2,0.001
3,65,0.3172672390937805,0.021035360172390938,0.6749070882797241,0.46879878640174866,0.3,0.2,0.001
3,66,0.16123107075691223,0.011885126121342182,0.19137859344482422,0.4596617817878723,0.3,0.2,0.001
3,67,0.2243163138628006,0.011951466090977192,0.33904266357421875,0.5532602071762085,0.3,0.2,0.001
3,68,0.20427122712135315,0.009995722211897373,0.4107060432434082,0.35531845688819885,0.3,0.2,0.001
3,69,0.11463304609060287,0.017047151923179626,0.06659996509552002,0.3880295157432556,0.3,0.2,0.001
3,70,0.10760259628295898,0.017760129645466805,0.07803303003311157,0.3321627676486969,0.3,0.2,0.001
3,71,0.1179717481136322,0.010497413575649261,0.07597720623016357,0.42340588569641113,0.3,0.2,0.001
3,72,0.15677443146705627,0.010078229941427708,0.25550293922424316,0.35022661089897156,0.3,0.2,0.001
3,73,0.14311179518699646,0.028517577797174454,0.15039902925491333,0.34737256169319153,0.3,0.2,0.001
3,74,0.14384019374847412,0.011737767606973648,0.24876034259796143,0.28737154603004456,0.3,0.2,0.001
3,75,0.09252400696277618,0.008646922186017036,0.10007625818252563,0.26927104592323303,0.3,0.2,0.001
3,76,0.07789742946624756,0.009482456371188164,0.08470022678375244,0.21502451598644257,0.3,0.2,0.001
3,77,0.11574891209602356,0.014858539216220379,0.17129850387573242,0.2475040853023529,0.3,0.2,0.001
3,78,0.1917479783296585,0.011144217103719711,0.34701448678970337,0.38249707221984863,0.3,0.2,0.001
3,79,0.11949452757835388,0.014463880099356174,0.14592641592025757,0.30626359581947327,0.3,0.2,0.001
3,80,0.3053207993507385,0.06438738107681274,0.4363899827003479,0.5500820875167847,0.3,0.2,0.001
3,81,0.253362774848938,0.018301239237189293,0.6022122502326965,0.2719894051551819,0.3,0.2,0.001
3,82,0.1350809633731842,0.009596760384738445,0.1334940791130066,0.42717990279197693,0.3,0.2,0.001
3,83,0.10271162539720535,0.019844507798552513,0.061560094356536865,0.32199540734291077,0.3,0.2,0.001
3,84,0.12529364228248596,0.015250329859554768,0.06464505195617676,0.4532489776611328,0.3,0.2,0.001
3,85,0.2024194449186325,0.04959451034665108,0.1848052740097046,0.48691675066947937,0.3,0.2,0.001
3,86,0.366171270608902,0.02513381838798523,0.7691060900688171,0.5515282154083252,0.3,0.2,0.001
3,87,0.16024301946163177,0.015841085463762283,0.3113176226615906,0.2550332248210907,0.3,0.2,0.001
3,88,0.14658115804195404,0.007104032672941685,0.23669159412384033,0.34234821796417236,0.3,0.2,0.001
3,89,0.13176403939723969,0.01715127006173134,0.18295371532440186,0.29863324761390686,0.3,0.2,0.001
3,90,0.15258903801441193,0.01950296200811863,0.1362171769142151,0.4611046314239502,0.3,0.2,0.001
3,91,0.17094385623931885,0.010727648623287678,0.287289559841156,0.37014663219451904,0.3,0.2,0.001
3,92,0.2693410813808441,0.07567168027162552,0.36553847789764404,0.4200392961502075,0.3,0.2,0.001
3,93,0.21616090834140778,0.01002104114741087,0.3436315059661865,0.5152520537376404,0.3,0.2,0.001
3,94,0.10163378715515137,0.008805044926702976,0.1548396348953247,0.23188425600528717,0.3,0.2,0.001
3,95,0.18908177316188812,0.010607069358229637,0.36956435441970825,0.3380269408226013,0.3,0.2,0.001
3,96,0.299965500831604,0.026150990277528763,0.6677380800247192,0.36746537685394287,0.3,0.2,0.001
3,97,0.12354587018489838,0.007933738641440868,0.19339650869369507,0.2879658639431,0.3,0.2,0.001
3,98,0.1560315191745758,0.01030297763645649,0.2466861605644226,0.3586134910583496,0.3,0.2,0.001
4,0,0.21299326419830322,0.016551485285162926,0.43592989444732666,0.32831406593322754,0.3,0.2,0.001
4,1,0.12154263257980347,0.01853085123002529,0.11917895078659058,0.33629047870635986,0.3,0.2,0.001
4,2,0.1699322611093521,0.015137205831706524,0.17345666885375977,0.5137902498245239,0.3,0.2,0.001
4,3,0.18028508126735687,0.007623760960996151,0.36490821838378906,0.31594425439834595,0.3,0.2,0.001
4,4,0.10975624620914459,0.00748516945168376,0.18837511539459229,0.2287926971912384,0.3,0.2,0.001
4,5,0.1595129370689392,0.00862167403101921,0.1954035758972168,0.4613508880138397,0.3,0.2,0.001
4,6,0.2638480067253113,0.05055258795619011,0.4395849108695984,0.40709972381591797,0.3,0.2,0.001
4,7,0.18189120292663574,0.016118671745061874,0.26214152574539185,0.4356503188610077,0.3,0.2,0.001
4,8,0.14033851027488708,0.010126710869371891,0.23578619956970215,0.29737964272499084,0.3,0.2,0.001
4,9,0.17479169368743896,0.029123881831765175,0.1625475287437439,0.4845177233219147,0.3,0.2,0.001
4,10,0.1669604331254959,0.019504351541399956,0.16211318969726562,0.4941106140613556,0.3,0.2,0.001
4,11,0.0973672866821289,0.017258189618587494,0.07195597887039185,0.2926115095615387,0.3,0.2,0.001
4,12,0.13545119762420654,0.010599160566926003,0.21359854936599731,0.30386239290237427,0.3,0.2,0.001
4,13,0.11860431730747223,0.014745560474693775,0.1571384072303772,0.28358614444732666,0.3,0.2,0.001
4,14,0.3444981575012207,0.027577968314290047,0.6431970596313477,0.6198052167892456,0.3,0.2,0.001
4,15,0.16461950540542603,0.015752507373690605,0.2037603259086609,0.43869447708129883,0.3,0.2,0.001
4,16,0.12437006831169128,0.01776205003261566,0.12569254636764526,0.344501256942749,0.3,0.2,0.001
4,17,0.09190226346254349,0.014759046025574207,0.059219419956207275,0.29688695073127747,0.3,0.2,0.001
4,18,0.16418682038784027,0.007432755082845688,0.31818240880966187,0.3064967095851898,0.3,0.2,0.001
4,19,0.19231507182121277,0.011736605316400528,0.45054173469543457,0.22707970440387726,0.3,0.2,0.001
4,20,0.14998593926429749,0.007795307319611311,0.276239812374115,0.29659348726272583,0.3,0.2,0.001
4,21,0.3375198245048523,0.023303518071770668,0.7157391905784607,0.4974726140499115,0.3,0.2,0.001
4,22,0.0901629626750946,0.019581876695156097,0.05790764093399048,0.26604393124580383,0.3,0.2,0.001
4,23,0.31920212507247925,0.01756046526134014,0.6787526607513428,0.49007919430732727,0.3,0.2,0.001
4,24,0.19132453203201294,0.015432465821504593,0.2781555652618408,0.462226927280426,0.3,0.2,0.001
4,25,0.11526638269424438,0.020991109311580658,0.07813727855682373,0.35417041182518005,0.3,0.2,0.001
4,26,0.1260564625263214,0.015535607002675533,0.17161351442337036,0.2951839864253998,0.3,0.2,0.001
4,27,0.23859170079231262,0.01280149444937706,0.5395241975784302,0.31966471672058105,0.3,0.2,0.001
4,28,0.13704913854599,0.021674305200576782,0.11993676424026489,0.3969689905643463,0.3,0.2,0.001
4,29,0.08922426402568817,0.013392755761742592,0.05983978509902954,0.28939786553382874,0.3,0.2,0.001
4,30,0.15669235587120056,0.008348423056304455,0.22021996974945068,0.41138967871665955,0.3,0.2,0.001
4,31,0.12312483787536621,0.00944758765399456,0.16759538650512695,0.3169931471347809,0.3,0.2,0.001
4,32,0.08563340455293655,0.01431580912321806,0.05798059701919556,0.26961708068847656,0.3,0.2,0.001
4,33,0.29261231422424316,0.01925022341310978,0.6371686458587646,0.41105741262435913,0.3,0.2,0.001
4,34,0.0862487331032753,0.016782769933342934,0.05348092317581177,0.26710841059684753,0.3,0.2,0.001
4,35,0.35347893834114075,0.02713845856487751,0.8303080201148987,0.3862403333187103,0.3,0.2,0.001
4,36,0.38364097476005554,0.04599740728735924,0.753920316696167,0.5573374032974243,0.3,0.2,0.001
4,37,0.18228119611740112,0.008398887701332569,0.30137330293655396,0.4173515737056732,0.3,0.2,0.001
4,38,0.11942913383245468,0.0066974167712032795,0.13573408126831055,0.36005744338035583,0.3,0.2,0.001
4,39,0.3507557511329651,0.03291638195514679,0.737438440322876,0.48303911089897156,0.3,0.2,0.001
4,40,0.33465200662612915,0.02662930078804493,0.7165287733078003,0.4653203785419464,0.3,0.2,0.001
4,41,0.11781827360391617,0.005956608336418867,0.07124191522598267,0.45244544744491577,0.3,0.2,0.001
4,42,0.28809624910354614,0.01682743802666664,0.5418859720230103,0.543515145778656,0.3,0.2,0.001
4,43,0.09681637585163116,0.010829676873981953,0.08237183094024658,0.3063757121562958,0.3,0.2,0.001
4,44,0.13935592770576477,0.022061718627810478,0.07756394147872925,0.47012507915496826,0.3,0.2,0.001
4,45,0.10045091807842255,0.007231208961457014,0.10768675804138184,0.30456840991973877,0.3,0.2,0.001
4,46,0.12676452100276947,0.009678722359240055,0.16497409343719482,0.33796781301498413,0.3,0.2,0.001
4,47,0.27012762427330017,0.09188001602888107,0.31330257654190063,0.42128413915634155,0.3,0.2,0.001
4,48,0.09753154963254929,0.006552280858159065,0.1294911503791809,0.2606596052646637,0.3,0.2,0.001
4,49,0.2212441861629486,0.016520746052265167,0.44234567880630493,0.36009860038757324,0.3,0.2,0.001
4,50,0.1532013714313507,0.010611039586365223,0.22650933265686035,0.3731876015663147,0.3,0.2,0.001
4,51,0.18383248150348663,0.008767415769398212,0.33571726083755493,0.3717494010925293,0.3,0.2,0.001
4,52,0.10746908187866211,0.008447098545730114,0.07970607280731201,0.375550776720047,0.3,0.2,0.001
4,53,0.1432770937681198,0.009033801965415478,0.1594657301902771,0.43201783299446106,0.3,0.2,0.001
4,54,0.20303693413734436,0.009328057989478111,0.3880714178085327,0.38643720746040344,0.3,0.2,0.001
4,55,0.10792794823646545,0.008484002202749252,0.06916177272796631,0.39347708225250244,0.3,0.2,0.001
4,56,0.14608460664749146,0.026774276047945023,0.11613988876342773,0.4223417639732361,0.3,0.2,0.001
4,57,0.12588869035243988,0.004784947261214256,0.183790385723114,0.32983312010765076,0.3,0.2,0.001
4,58,0.1236659362912178,0.019463133066892624,0.11677968502044678,0.34584447741508484,0.3,0.2,0.001
4,59,0.13156187534332275,0.010521727614104748,0.18318063020706177,0.3304298222064972,0.3,0.2,0.001
4,60,0.14754264056682587,0.011482810601592064,0.13551485538482666,0.4770268499851227,0.3,0.2,0.001
4,61,0.11332973092794418,0.014328259974718094,0.056300997734069824,0.4105558395385742,0.3,0.2,0.001
4,62,0.15241143107414246,0.014085866510868073,0.09588086605072021,0.5478065013885498,0.3,0.2,0.001
4,63,0.1228562444448471,0.00838168803602457,0.10646545886993408,0.41267457604408264,0.3,0.2,0.001
4,64,0.11722645163536072,0.003683990566059947,0.14397680759429932,0.3517470955848694,0.3,0.2,0.001
4,65,0.13084101676940918,0.011850416660308838,0.24865388870239258,0.22197218239307404,0.3,0.2,0.001
4,66,0.14649970829486847,0.006073875818401575,0.22735857963562012,0.3610912561416626,0.3,0.2,0.001
4,67,0.16674810647964478,0.007095159962773323,0.301349401473999,0.3462405800819397,0.3,0.2,0.001
4,68,0.14908067882061005,0.011284878477454185,0.24427926540374756,0.32256007194519043,0.3,0.2,0.001
4,69,0.11732026189565659,0.005849080625921488,0.16820400953292847,0.305049866437912,0.3,0.2,0.001
4,70,0.20776046812534332,0.03992848843336105,0.3335558772087097,0.33882609009742737,0.3,0.2,0.001
4,71,0.2792385220527649,0.015753697603940964,0.6136348247528076,0.39697182178497314,0.3,0.2,0.001
4,72,0.11226610839366913,0.020812949165701866,0.13862252235412598,0.2493320107460022,0.3,0.2,0.001
4,73,0.23424068093299866,0.04058387875556946,0.30583447217941284,0.5095322728157043,0.3,0.2,0.001
4,74,0.15569300949573517,0.03954053297638893,0.09255588054656982,0.44192853569984436,0.3,0.2,0.001
4,75,0.07529349625110626,0.0076031191274523735,0.0739564299583435,0.22751721739768982,0.3,0.2,0.001
4,76,0.1253206878900528,0.005770872347056866,0.12512236833572388,0.41006553173065186,0.3,0.2,0.001
4,77,0.11287951469421387,0.007904219441115856,0.16802817583084106,0.2728342115879059,0.3,0.2,0.001
4,78,0.10811199247837067,0.01385682076215744,0.14269769191741943,0.2572292983531952,0.3,0.2,0.001
4,79,0.12141786515712738,0.009511872194707394,0.09261739253997803,0.42060384154319763,0.3,0.2,0.001
4,80,0.1639384627342224,0.009351052343845367,0.2579328417778015,0.38603782653808594,0.3,0.2,0.001
4,81,0.1239243745803833,0.007510054856538773,0.22308200597763062,0.24744857847690582,0.3,0.2,0.001
4,82,0.11792789399623871,0.01602812111377716,0.0652344822883606,0.41164714097976685,0.3,0.2,0.001
4,83,0.10109268873929977,0.008978711441159248,0.046696603298187256,0.3905249536037445,0.3,0.2,0.001
4,84,0.28066521883010864,0.02397545427083969,0.5078054666519165,0.5217405557632446,0.3,0.2,0.001
4,85,0.22058811783790588,0.012714456766843796,0.37371331453323364,0.4787983298301697,0.3,0.2,0.001
4,86,0.1879536509513855,0.006817336194217205,0.22749626636505127,0.5644371509552002,0.3,0.2,0.001
4,87,0.15883782505989075,0.006929966155439615,0.27950596809387207,0.34028035402297974,0.3,0.2,0.001
4,88,0.13405415415763855,0.007560382597148418,0.20587456226348877,0.32365700602531433,0.3,0.2,0.001
4,89,0.13326993584632874,0.02338508889079094,0.06518411636352539,0.4516480267047882,0.3,0.2,0.001
4,90,0.16818277537822723,0.006654770113527775,0.2604588270187378,0.4169517755508423,0.3,0.2,0.001
4,91,0.06198711693286896,0.007098375353962183,0.06388825178146362,0.17861130833625793,0.3,0.2,0.001
4,92,0.09816447645425797,0.0070852614007890224,0.052469849586486816,0.3766912817955017,0.3,0.2,0.001
4,93,0.14326374232769012,0.006065412890166044,0.1719176173210144,0.42811518907546997,0.3,0.2,0.001
4,94,0.1838325709104538,0.00775522505864501,0.3065890073776245,0.4205031991004944,0.3,0.2,0.001
4,95,0.1574586182832718,0.010121768340468407,0.1869906783103943,0.45619821548461914,0.3,0.2,0.001
4,96,0.12129485607147217,0.005535258911550045,0.21771061420440674,0.25223204493522644,0.3,0.2,0.001
4,97,0.18211883306503296,0.008073429577052593,0.3538118004798889,0.3395092785358429,0.3,0.2,0.001
4,98,0.1607207953929901,0.035902947187423706,0.12477278709411621,0.4369300901889801,0.3,0.2,0.001
5,0,0.11895814538002014,0.01214834488928318,0.09195375442504883,0.3961183428764343,0.3,0.2,0.001
5,1,0.1883716881275177,0.03557749092578888,0.29541975259780884,0.32084131240844727,0.3,0.2,0.001
5,2,0.10604874044656754,0.0212707482278347,0.060970425605773926,0.3324343264102936,0.3,0.2,0.001
5,3,0.12443704903125763,0.0064080990850925446,0.2266656756401062,0.25014621019363403,0.3,0.2,0.001
5,4,0.15831564366817474,0.004953376948833466,0.25709033012390137,0.38117581605911255,0.3,0.2,0.001
5,5,0.09616924077272415,0.004067681729793549,0.06915950775146484,0.35676851868629456,0.3,0.2,0.001
5,6,0.08604542911052704,0.021316304802894592,0.06475400924682617,0.22651460766792297,0.3,0.2,0.001
5,7,0.318074107170105,0.02042803168296814,0.7037633061408997,0.43258532881736755,0.3,0.2,0.001
5,8,0.14332272112369537,0.006810670718550682,0.2753741145133972,0.2694990634918213,0.3,0.2,0.001
5,9,0.09330858290195465,0.007278227247297764,0.04218924045562744,0.36686792969703674,0.3,0.2,0.001
5,10,0.29650139808654785,0.015613635070621967,0.615153968334198,0.4817078709602356,0.3,0.2,0.001
5,11,0.09725672006607056,0.013883317820727825,0.05913496017456055,0.32816457748413086,0.3,0.2,0.001
5,12,0.19211676716804504,0.0063405027613043785,0.23927217721939087,0.5699729919433594,0.3,0.2,0.001
5,13,0.336628794670105,0.02281702123582363,0.6878938674926758,0.5372180342674255,0.3,0.2,0.001
5,14,0.1512005627155304,0.007657481357455254,0.2917991280555725,0.2800167202949524,0.3,0.2,0.001
5,15,0.09771084785461426,0.00845035258680582,0.10637927055358887,0.28673356771469116,0.3,0.2,0.001
5,16,0.11008170247077942,0.0036979669239372015,0.15218079090118408,0.303647518157959,0.3,0.2,0.001
5,17,0.17017556726932526,0.04609391838312149,0.21141088008880615,0.303291916847229,0.3,0.2,0.001
5,18,0.22619786858558655,0.028003007173538208,0.2959405183792114,0.5470634698867798,0.3,0.2,0.001
5,19,0.10745789110660553,0.008572780527174473,0.17720872163772583,0.22861245274543762,0.3,0.2,0.001
5,20,0.15941877663135529,0.010850430466234684,0.1555936336517334,0.5094512701034546,0.3,0.2,0.001
5,21,0.14319758117198944,0.009786251001060009,0.17255008220672607,0.4082314968109131,0.3,0.2,0.001
5,22,0.08535762131214142,0.005608736537396908,0.10461056232452393,0.2418285608291626,0.3,0.2,0.001
5,23,0.10343974828720093,0.0160490944981575,0.05870223045349121,0.3488999307155609,0.3,0.2,0.001
5,24,0.15985196828842163,0.006330688484013081,0.24060004949569702,0.4067062735557556,0.3,0.2,0.001
5,25,0.10440118610858917,0.017675606533885002,0.05344510078430176,0.3534602224826813,0.3,0.2,0.001
5,26,0.15987235307693481,0.007258565630763769,0.1306389570236206,0.5671104788780212,0.3,0.2,0.001
5,27,0.14614561200141907,0.03894136846065521,0.1349954605102539,0.33352795243263245,0.3,0.2,0.001
5,28,0.16993628442287445,0.009818950667977333,0.36212652921676636,0.2573968470096588,0.3,0.2,0.001
5,29,0.14538004994392395,0.008182039484381676,0.17891091108322144,0.41762369871139526,0.3,0.2,0.001
5,30,0.21712273359298706,0.01688581518828869,0.36621081829071045,0.45186829566955566,0.3,0.2,0.001
5,31,0.11688762158155441,0.007063407450914383,0.05856829881668091,0.4612686038017273,0.3,0.2,0.001
5,32,0.12117862701416016,0.0066383774392306805,0.06534844636917114,0.47467857599258423,0.3,0.2,0.001
5,33,0.17303864657878876,0.03794117271900177,0.13889151811599731,0.4671500623226166,0.3,0.2,0.001
5,34,0.12603023648262024,0.0141032375395298,0.11477130651473999,0.3874780535697937,0.3,0.2,0.001
5,35,0.13248147070407867,0.004552518017590046,0.24383503198623657,0.2738921642303467,0.3,0.2,0.001
5,36,0.07866424322128296,0.011188589967787266,0.060725390911102295,0.2462901473045349,0.3,0.2,0.001
5,37,0.15663599967956543,0.009062186814844608,0.2848007082939148,0.3106679618358612,0.3,0.2,0.001
5,38,0.26402586698532104,0.019077161327004433,0.5790582895278931,0.35615596175193787,0.3,0.2,0.001
5,39,0.1442699432373047,0.020982833579182625,0.10523748397827148,0.45857930183410645,0.3,0.2,0.001
5,40,0.09985694289207458,0.006780779454857111,0.13005602359771729,0.27029678225517273,0.3,0.2,0.001
5,41,0.09558679908514023,0.015051651746034622,0.05898857116699219,0.31419289112091064,0.3,0.2,0.001
5,42,0.2661019265651703,0.02191086672246456,0.5648496747016907,0.37368085980415344,0.3,0.2,0.001
5,43,0.11825674027204514,0.012124089524149895,0.1379532814025879,0.32373329997062683,0.3,0.2,0.001
5,44,0.09921161085367203,0.012050928547978401,0.1311107873916626,0.2391372174024582,0.3,0.2,0.001
5,45,0.26071515679359436,0.01871519535779953,0.48638856410980225,0.480416864156723,0.3,0.2,0.001
5,46,0.20664960145950317,0.010345477610826492,0.3742257356643677,0.4201820194721222,0.3,0.2,0.001
5,47,0.10199514031410217,0.006668508984148502,0.06504672765731812,0.37906304001808167,0.3,0.2,0.001
5,48,0.12464117258787155,0.011337384581565857,0.17257314920425415,0.30765920877456665,0.3,0.2,0.001
5,49,0.09432938694953918,0.0035948052536696196,0.07290983200073242,0.34430816769599915,0.3,0.2,0.001
5,50,0.1676231026649475,0.014808431267738342,0.23117315769195557,0.4173136055469513,0.3,0.2,0.001
5,51,0.2728341817855835,0.01839236542582512,0.6022053360939026,0.3689010739326477,0.3,0.2,0.001
5,52,0.13324742019176483,0.014403430745005608,0.15288770198822021,0.36488837003707886,0.3,0.2,0.001
5,53,0.12185351550579071,0.027768855914473534,0.07590371370315552,0.35656771063804626,0.3,0.2,0.001
5,54,0.14273345470428467,0.012412378564476967,0.20411169528961182,0.34543776512145996,0.3,0.2,0.001
5,55,0.2225775122642517,0.017914535477757454,0.44423431158065796,0.35696345567703247,0.3,0.2,0.001
5,56,0.18904265761375427,0.04290465638041496,0.2448708415031433,0.3633837103843689,0.3,0.2,0.001
5,57,0.1224600151181221,0.013080397620797157,0.2104993462562561,0.23114904761314392,0.3,0.2,0.001
5,58,0.10124904662370682,0.0035797429736703634,0.05541950464248657,0.4052172601222992,0.3,0.2,0.001
5,59,0.35407519340515137,0.047385476529598236,0.6909239888191223,0.4970625042915344,0.3,0.2,0.001
5,60,0.1746252179145813,0.01356621365994215,0.21696150302886963,0.4798528254032135,0.3,0.2,0.001
5,61,0.08769047260284424,0.006449277512729168,0.08634781837463379,0.2766842544078827,0.3,0.2,0.001
5,62,0.10501431673765182,0.00496668228879571,0.18797463178634644,0.21827620267868042,0.3,0.2,0.001
5,63,0.13613179326057434,0.012538326904177666,0.15400606393814087,0.38695821166038513,0.3,0.2,0.001
5,64,0.16610920429229736,0.006435850635170937,0.2003641128540039,0.4978206157684326,0.3,0.2,0.001
5,65,0.1328490674495697,0.02770601026713848,0.08265960216522217,0.4017258882522583,0.3,0.2,0.001
5,66,0.30948635935783386,0.02772701531648636,0.7037378549575806,0.3531897962093353,0.3,0.2,0.001
5,67,0.10876402258872986,0.006139921490103006,0.15305155515670776,0.2835431694984436,0.3,0.2,0.001
5,68,0.16484583914279938,0.008225644007325172,0.31331878900527954,0.31312277913093567,0.3,0.2,0.001
5,69,0.1506146788597107,0.004614628851413727,0.23104286193847656,0.3834359347820282,0.3,0.2,0.001
5,70,0.1163938045501709,0.01885305717587471,0.10567605495452881,0.329189658164978,0.3,0.2,0.001
5,71,0.0938313901424408,0.017254061996936798,0.047666072845458984,0.3113875091075897,0.3,0.2,0.001
5,72,0.13723944127559662,0.008393247611820698,0.14045727252960205,0.4335450232028961,0.3,0.2,0.001
5,73,0.10099601745605469,0.005885447841137648,0.13350772857666016,0.2752912640571594,0.3,0.2,0.001
5,74,0.15383553504943848,0.006854476872831583,0.21014440059661865,0.4196886420249939,0.3,0.2,0.001
5,75,0.06566028296947479,0.006394816096872091,0.058984220027923584,0.20785099267959595,0.3,0.2,0.001
5,76,0.11057373881340027,0.005700147245079279,0.16896557807922363,0.2709195911884308,0.3,0.2,0.001
5,77,0.13864757120609283,0.005660866387188435,0.15673494338989258,0.4298311173915863,0.3,0.2,0.001
5,78,0.1489698588848114,0.008656973019242287,0.1675991415977478,0.4501657485961914,0.3,0.2,0.001
5,79,0.1399572491645813,0.005407669581472874,0.10559320449829102,0.5143581032752991,0.3,0.2,0.001
5,80,0.11927599459886551,0.006134411785751581,0.12039554119110107,0.3851145803928375,0.3,0.2,0.001
5,81,0.21180015802383423,0.008719544857740402,0.3645566701889038,0.4685680568218231,0.3,0.2,0.001
5,82,0.18182361125946045,0.009681464172899723,0.30277878046035767,0.4065425992012024,0.3,0.2,0.001
5,83,0.10516379773616791,0.00982995517551899,0.1931583285331726,0.18693172931671143,0.3,0.2,0.001
5,84,0.23382502794265747,0.012195803225040436,0.44583314657211304,0.43939632177352905,0.3,0.2,0.001
5,85,0.11112106591463089,0.0034765966702252626,0.07681149244308472,0.4230051040649414,0.3,0.2,0.001
5,86,0.0672316700220108,0.0054448312148451805,0.05931180715560913,0.21996647119522095,0.3,0.2,0.001
5,87,0.12352292984724045,0.006054960191249847,0.1748691201210022,0.3250361382961273,0.3,0.2,0.001
5,88,0.15066853165626526,0.027515383437275887,0.12890088558197021,0.4224144220352173,0.3,0.2,0.001
5,89,0.1167372390627861,0.012622937560081482,0.12829476594924927,0.3281293511390686,0.3,0.2,0.001
5,90,0.11440083384513855,0.01280269306153059,0.04969584941864014,0.4334469437599182,0.3,0.2,0.001
5,91,0.07861340045928955,0.0108267767354846,0.04615980386734009,0.26969340443611145,0.3,0.2,0.001
5,92,0.1703982651233673,0.007511479314416647,0.3065102696418762,0.354668527841568,0.3,0.2,0.001
5,93,0.10085265338420868,0.0027343621477484703,0.11706030368804932,0.3150010108947754,0.3,0.2,0.001
5,94,0.140891894698143,0.006014822982251644,0.1912165880203247,0.3875604569911957,0.3,0.2,0.001
5,95,0.08442635089159012,0.01321362517774105,0.04918372631072998,0.2822880148887634,0.3,0.2,0.001
5,96,0.15171322226524353,0.013517539016902447,0.1442927122116089,0.4745393395423889,0.3,0.2,0.001
5,97,0.11571531742811203,0.02051713317632675,0.06845176219940186,0.3733132779598236,0.3,0.2,0.001
5,98,0.14779451489448547,0.03165498003363609,0.12469768524169922,0.39365115761756897,0.3,0.2,0.001
6,0,0.1105726882815361,0.016685066744685173,0.1386215090751648,0.2615058422088623,0.3,0.2,0.001
6,1,0.09965169429779053,0.013897105120122433,0.08684289455413818,0.29850858449935913,0.3,0.2,0.001
6,2,0.1210239827632904,0.004910859279334545,0.18126243352890015,0.3086719512939453,0.3,0.2,0.001
6,3,0.1083669662475586,0.005058108363300562,0.13854724168777466,0.30872341990470886,0.3,0.2,0.001
6,4,0.17513786256313324,0.023243190720677376,0.25125402212142944,0.3825922906398773,0.3,0.2,0.001
6,5,0.15222130715847015,0.006097165402024984,0.24379509687423706,0.3649280071258545,0.3,0.2,0.001
6,6,0.11962205171585083,0.007219239138066769,0.1545426845550537,0.3302000164985657,0.3,0.2,0.001
6,7,0.08812926709651947,0.004634860437363386,0.1390560269355774,0.2088879495859146,0.3,0.2,0.001
6,8,0.10300293564796448,0.0035951617173850536,0.04909849166870117,0.42339110374450684,0.3,0.2,0.001
6,9,0.09650281816720963,0.002665397711098194,0.1311173439025879,0.2725110650062561,0.3,0.2,0.001
6,10,0.12367048859596252,0.006044737063348293,0.11437034606933594,0.4165731966495514,0.3,0.2,0.001
6,11,0.13916274905204773,0.012758991681039333,0.05091726779937744,0.5556429028511047,0.3,0.2,0.001
6,12,0.11162027716636658,0.005725348833948374,0.16092032194137573,0.2880941331386566,0.3,0.2,0.001
6,13,0.11702403426170349,0.024676203727722168,0.06476825475692749,0.364586740732193,0.3,0.2,0.001
6,14,0.14640170335769653,0.0067094299010932446,0.29297566413879395,0.2589978873729706,0.3,0.2,0.001
6,15,0.20292377471923828,0.012828177772462368,0.3439338803291321,0.4345771372318268,0.3,0.2,0.001
6,16,0.11303112655878067,0.00849277526140213,0.09987443685531616,0.37288010120391846,0.3,0.2,0.001
6,17,0.1147930696606636,0.004638749174773693,0.18822771310806274,0.26843002438545227,0.3,0.2,0.001
6,18,0.13711048662662506,0.006255293730646372,0.24425280094146729,0.2878967821598053,0.3,0.2,0.001
6,19,0.11945290118455887,0.011467202566564083,0.1908368468284607,0.2536732256412506,0.3,0.2,0.001
6,20,0.10665200650691986,0.016058482229709625,0.10208773612976074,0.29983600974082947,0.3,0.2,0.001
6,21,0.11836986988782883,0.005368886515498161,0.14544492959976196,0.34683752059936523,0.3,0.2,0.001
6,22,0.16721566021442413,0.005291843321174383,0.19437462091445923,0.518057107925415,0.3,0.2,0.001
6,23,0.16626334190368652,0.0056554581969976425,0.19254136085510254,0.5142273306846619,0.3,0.2,0.001
6,24,0.15992097556591034,0.009894216433167458,0.28557586669921875,0.32176995277404785,0.3,0.2,0.001
6,25,0.18379655480384827,0.00956521276384592,0.3301284909248352,0.3759639263153076,0.3,0.2,0.001
6,26,0.10072853416204453,0.003248948836699128,0.05220073461532593,0.4090968072414398,0.3,0.2,0.001
6,27,0.24910491704940796,0.015683488920331,0.5025585293769836,0.4132693409919739,0.3,0.2,0.001
6,28,0.08807548880577087,0.005879174917936325,0.12438023090362549,0.2244112193584442,0.3,0.2,0.001
6,29,0.07309162616729736,0.012824933975934982,0.04500842094421387,0.23382079601287842,0.3,0.2,0.001
6,30,0.14707382023334503,0.005096676293760538,0.28135186433792114,0.28785789012908936,0.3,0.2,0.001
6,31,0.33012253046035767,0.023383729159832,0.6676819920539856,0.5321708917617798,0.3,0.2,0.001
6,32,0.11309720575809479,0.0041759624145925045,0.1744735836982727,0.28289586305618286,0.3,0.2,0.001
6,33,0.09754586219787598,0.005293767899274826,0.060727477073669434,0.3701692223548889,0.3,0.2,0.001
6,34,0.13507738709449768,0.009089648723602295,0.1380959153175354,0.42279478907585144,0.3,0.2,0.001
6,35,0.14355143904685974,0.007148744538426399,0.25061482191085815,0.30609121918678284,0.3,0.2,0.001
6,36,0.1490165889263153,0.0070757875218987465,0.27665722370147705,0.2947181761264801,0.3,0.2,0.001
6,37,0.08714789897203445,0.007615478243678808,0.08160370588302612,0.27525654435157776,0.3,0.2,0.001
6,38,0.11129562556743622,0.007732859812676907,0.12201476097106934,0.3347916305065155,0.3,0.2,0.001
6,39,0.3197462558746338,0.021381275728344917,0.699394941329956,0.44273242354393005,0.3,0.2,0.001
6,40,0.24432983994483948,0.022107480093836784,0.502017080783844,0.3580861985683441,0.3,0.2,0.001
6,41,0.09601231664419174,0.010394304990768433,0.047121524810791016,0.3574077785015106,0.3,0.2,0.001
6,42,0.13356171548366547,0.011071627959609032,0.13982433080673218,0.40271392464637756,0.3,0.2,0.001
6,43,0.12784768640995026,0.007665032986551523,0.16663116216659546,0.35096651315689087,0.3,0.2,0.001
6,44,0.07268387824296951,0.01202328596264124,0.048892319202423096,0.229964479804039,0.3,0.2,0.001
6,45,0.1391141712665558,0.018022846430540085,0.10444062948226929,0.44879570603370667,0.3,0.2,0.001
6,46,0.11794113367795944,0.011709490790963173,0.09504073858261108,0.3885971009731293,0.3,0.2,0.001
6,47,0.07351917028427124,0.005336118396371603,0.05259561538696289,0.26202183961868286,0.3,0.2,0.001
6,48,0.09490490704774857,0.010527380742132664,0.1851983666419983,0.14409004151821136,0.3,0.2,0.001
6,49,0.1467396318912506,0.008198641240596771,0.200941264629364,0.3912929594516754,0.3,0.2,0.001
6,50,0.12006254494190216,0.0038304280024021864,0.19903028011322021,0.28261518478393555,0.3,0.2,0.001
6,51,0.10392593592405319,0.015410946682095528,0.059652745723724365,0.3530958294868469,0.3,0.2,0.001
6,52,0.10070104897022247,0.012537647970020771,0.12342768907546997,0.25567546486854553,0.3,0.2,0.001
6,53,0.11023619771003723,0.002157227136194706,0.10981804132461548,0.3756678104400635,0.3,0.2,0.001
6,54,0.1207292377948761,0.003499620361253619,0.20162427425384521,0.28371167182922363,0.3,0.2,0.001
6,55,0.10276681184768677,0.009326203726232052,0.0658872127532959,0.36837220191955566,0.3,0.2,0.001
6,56,0.12636278569698334,0.010797451250255108,0.07471233606338501,0.46575817465782166,0.3,0.2,0.001
6,57,0.12509101629257202,0.021593712270259857,0.1037781834602356,0.36181917786598206,0.3,0.2,0.001
6,58,0.10664606094360352,0.005120671354234219,0.10353606939315796,0.3523228168487549,0.3,0.2,0.001
6,59,0.15498089790344238,0.004731310997158289,0.20825010538101196,0.4388727843761444,0.3,0.2,0.001
6,60,0.2628941833972931,0.01599610596895218,0.5385595560073853,0.4266510307788849,0.3,0.2,0.001
6,61,0.24870920181274414,0.016000941395759583,0.4320893883705139,0.5154072046279907,0.3,0.2,0.001
6,62,0.17846515774726868,0.02470199577510357,0.2345486879348755,0.416992723941803,0.3,0.2,0.001
6,63,0.143204003572464,0.03260335326194763,0.13055938482284546,0.3571641445159912,0.3,0.2,0.001
6,64,0.1360795497894287,0.021068183705210686,0.12086188793182373,0.3937639594078064,0.3,0.2,0.001
6,65,0.10450820624828339,0.01435123197734356,0.13652795553207397,0.24599288403987885,0.3,0.2,0.001
6,66,0.29381340742111206,0.01917637698352337,0.632264256477356,0.42478877305984497,0.3,0.2,0.001
6,67,0.09340816736221313,0.004731758963316679,0.0907544493675232,0.30725035071372986,0.3,0.2,0.001
6,68,0.1199861392378807,0.02580585889518261,0.058754563331604004,0.38276955485343933,0.3,0.2,0.001
6,69,0.09087040275335312,0.0042863208800554276,0.08293956518173218,0.30851104855537415,0.3,0.2,0.001
6,70,0.0701601579785347,0.012520567514002323,0.04550158977508545,0.21994554996490479,0.3,0.2,0.001
6,71,0.12370817363262177,0.006614486686885357,0.15738946199417114,0.34938424825668335,0.3,0.2,0.001
6,72,0.09115034341812134,0.013507068157196045,0.047081947326660156,0.3175934851169586,0.3,0.2,0.001
6,73,0.17004501819610596,0.015584520995616913,0.21808362007141113,0.4451770782470703,0.3,0.2,0.001
6,74,0.15848468244075775,0.014342795126140118,0.15327954292297363,0.49079006910324097,0.3,0.2,0.001
6,75,0.255566269159317,0.014848222024738789,0.4396142363548279,0.5441688299179077,0.3,0.2,0.001
6,76,0.09458541870117188,0.004354499280452728,0.10515052080154419,0.29342877864837646,0.3,0.2,0.001
6,77,0.17155721783638,0.013743801042437553,0.20798629522323608,0.4770876467227936,0.3,0.2,0.001
6,78,0.08718607574701309,0.018447326496243477,0.06492626667022705,0.24630434811115265,0.3,0.2,0.001
6,79,0.1237824559211731,0.0038817015010863543,0.18549877405166626,0.32125556468963623,0.3,0.2,0.001
6,80,0.09836228936910629,0.017919352278113365,0.05885583162307739,0.3139308989048004,0.3,0.2,0.001
6,81,0.05290259048342705,0.0047327810898423195,0.050547778606414795,0.16502737998962402,0.3,0.2,0.001
6,82,0.17375555634498596,0.036857277154922485,0.20260274410247803,0.38058727979660034,0.3,0.2,0.001
6,83,0.12200287729501724,0.021250145509839058,0.06668031215667725,0.403743177652359,0.3,0.2,0.001
6,84,0.09139195084571838,0.005142370704561472,0.13973230123519897,0.2216494083404541,0.3,0.2,0.001
6,85,0.09544119238853455,0.00763496570289135,0.04813277721405029,0.3668319582939148,0.3,0.2,0.001
6,86,0.12344034761190414,0.00899576861411333,0.1309185028076172,0.37584513425827026,0.3,0.2,0.001
6,87,0.23984304070472717,0.019012954086065292,0.4763719439506531,0.3895924687385559,0.3,0.2,0.001
6,88,0.08292526751756668,0.0043548704124987125,0.08961933851242065,0.25842297077178955,0.3,0.2,0.001
6,89,0.2073805183172226,0.008160299621522427,0.35172873735427856,0.46850794553756714,0.3,0.2,0.001
6,90,0.10542398691177368,0.005248628091067076,0.04706525802612305,0.4302789270877838,0.3,0.2,0.001
6,91,0.08962391316890717,0.0028405773919075727,0.062187135219573975,0.3406359553337097,0.3,0.2,0.001
6,92,0.1849995255470276,0.010771132074296474,0.39324986934661865,0.2812671661376953,0.3,0.2,0.001
6,93,0.3848996162414551,0.036794260144233704,0.8198156356811523,0.5108032822608948,0.3,0.2,0.001
6,94,0.0943029522895813,0.0033318314235657454,0.05932992696762085,0.3658607006072998,0.3,0.2,0.001
6,95,0.1385936141014099,0.008665955625474453,0.15930026769638062,0.4106878340244293,0.3,0.2,0.001
6,96,0.08921466022729874,0.017148958519101143,0.05105549097061157,0.28374525904655457,0.3,0.2,0.001
6,97,0.1529700607061386,0.010457378812134266,0.16986554861068726,0.4577650725841522,0.3,0.2,0.001
6,98,0.19246120750904083,0.013878610916435719,0.25119131803512573,0.5161259770393372,0.3,0.2,0.001
7,0,0.10177665203809738,0.014773712493479252,0.05291551351547241,0.3556414246559143,0.3,0.2,0.001
7,1,0.09443075954914093,0.004206330515444279,0.08901870250701904,0.31759411096572876,0.3,0.2,0.001
7,2,0.12725451588630676,0.007682425435632467,0.1548190712928772,0.3656318187713623,0.3,0.2,0.001
7,3,0.14307470619678497,0.005924668628722429,0.2211456298828125,0.35403168201446533,0.3,0.2,0.001
7,4,0.1162216067314148,0.005954724736511707,0.14994245767593384,0.32642069458961487,0.3,0.2,0.001
7,5,0.11283212900161743,0.0050103687681257725,0.17962217330932617,0.26967552304267883,0.3,0.2,0.001
7,6,0.10157155990600586,0.0023008862044662237,0.0466732382774353,0.42634350061416626,0.3,0.2,0.001
7,7,0.12111303210258484,0.014986400492489338,0.07581740617752075,0.41690707206726074,0.3,0.2,0.001
7,8,0.0958082377910614,0.009845498017966747,0.06453382968902588,0.33301296830177307,0.3,0.2,0.001
7,9,0.16654260456562042,0.012334340251982212,0.22475051879882812,0.43391549587249756,0.3,0.2,0.001
7,10,0.10233823955059052,0.012222065590322018,0.08520269393920898,0.32277682423591614,0.3,0.2,0.001
7,11,0.20266185700893402,0.024933909997344017,0.40822863578796387,0.2762967348098755,0.3,0.2,0.001
7,12,0.05721946805715561,0.004111825488507748,0.05072230100631714,0.18945474922657013,0.3,0.2,0.001
7,13,0.0695088803768158,0.002797868335619569,0.05443751811981201,0.25189876556396484,0.3,0.2,0.001
7,14,0.09594666957855225,0.009218724444508553,0.16743111610412598,0.18249301612377167,0.3,0.2,0.001
7,15,0.13781216740608215,0.010255416855216026,0.14775699377059937,0.41614824533462524,0.3,0.2,0.001
7,16,0.11145444959402084,0.004324685782194138,0.13386940956115723,0.3348446786403656,0.3,0.2,0.001
7,17,0.24644529819488525,0.02108866721391678,0.4385647773742676,0.4689359962940216,0.3,0.2,0.001
7,18,0.09175214171409607,0.02045658975839615,0.07154905796051025,0.24915415048599243,0.3,0.2,0.001
7,19,0.07195702940225601,0.01206164713948965,0.04998058080673218,0.22450603544712067,0.3,0.2,0.001
7,20,0.14469999074935913,0.006434313021600246,0.26883554458618164,0.2880750894546509,0.3,0.2,0.001
7,21,0.1042502373456955,0.010721840895712376,0.11610013246536255,0.29349178075790405,0.3,0.2,0.001
7,22,0.12988288700580597,0.006521213799715042,0.2166110873222351,0.2918916642665863,0.3,0.2,0.001
7,23,0.1009880006313324,0.01109034102410078,0.046984732151031494,0.37901121377944946,0.3,0.2,0.001
7,24,0.10644617676734924,0.004819416906684637,0.1310310959815979,0.3115871548652649,0.3,0.2,0.001
7,25,0.1310349404811859,0.006384375970810652,0.22386419773101807,0.2874564826488495,0.3,0.2,0.001
7,26,0.11749260872602463,0.012072036042809486,0.12676745653152466,0.33695167303085327,0.3,0.2,0.001
7,27,0.10299144685268402,0.0069018034264445305,0.11821490526199341,0.30312585830688477,0.3,0.2,0.001
7,28,0.14801914989948273,0.006450599059462547,0.2604013681411743,0.3172406852245331,0.3,0.2,0.001
7,29,0.06651940941810608,0.007285593543201685,0.0479547381401062,0.22423698008060455,0.3,0.2,0.001
7,30,0.12796249985694885,0.009252630174160004,0.1815258264541626,0.32126060128211975,0.3,0.2,0.001
7,31,0.10456796735525131,0.006146920379251242,0.10333693027496338,0.3370998203754425,0.3,0.2,0.001
7,32,0.08337761461734772,0.002362352330237627,0.059471726417541504,0.3158687353134155,0.3,0.2,0.001
7,33,0.14744365215301514,0.0060651120729744434,0.17915642261505127,0.4381580054759979,0.3,0.2,0.001
7,34,0.10434439778327942,0.026087358593940735,0.06525987386703491,0.29339534044265747,0.3,0.2,0.001
7,35,0.1398085355758667,0.007453064434230328,0.15996992588043213,0.4218224287033081,0.3,0.2,0.001
7,36,0.12337188422679901,0.020607756450772285,0.09365290403366089,0.37334123253822327,0.3,0.2,0.001
7,37,0.10438597947359085,0.010201132856309414,0.04511761665344238,0.40324780344963074,0.3,0.2,0.001
7,38,0.2720668315887451,0.027077816426753998,0.5708202123641968,0.36871472001075745,0.3,0.2,0.001
7,39,0.2836454510688782,0.02527032420039177,0.5747320055961609,0.4297776520252228,0.3,0.2,0.001
7,40,0.094305120408535,0.005736443214118481,0.0750625729560852,0.33024951815605164,0.3,0.2,0.001
7,41,0.13037948310375214,0.007001333404332399,0.131087064743042,0.42026016116142273,0.3,0.2,0.001
7,42,0.08635606616735458,0.00208046636544168,0.10593754053115845,0.26247167587280273,0.3,0.2,0.001
7,43,0.27997034788131714,0.022860722616314888,0.5607689619064331,0.44439470767974854,0.3,0.2,0.001
7,44,0.2155667543411255,0.013443040661513805,0.36631983518600464,0.4611388146877289,0.3,0.2,0.001
7,45,0.1347237080335617,0.0034571639262139797,0.1841944456100464,0.3800410330295563,0.3,0.2,0.001
7,46,0.13437440991401672,0.004926159977912903,0.17340493202209473,0.3871338665485382,0.3,0.2,0.001
7,47,0.10950445383787155,0.02021821402013302,0.0639156699180603,0.3505576550960541,0.3,0.2,0.001
7,48,0.0955113023519516,0.0029391448479145765,0.06416332721710205,0.36661580204963684,0.3,0.2,0.001
7,49,0.10699063539505005,0.00652068667113781,0.12413769960403442,0.3161431849002838,0.3,0.2,0.001
7,50,0.14875957369804382,0.011975102126598358,0.17822915315628052,0.41657865047454834,0.3,0.2,0.001
7,51,0.09477626532316208,0.003573017194867134,0.04129374027252197,0.3940756022930145,0.3,0.2,0.001
7,52,0.11637010425329208,0.021514348685741425,0.06478893756866455,0.37709537148475647,0.3,0.2,0.001
7,53,0.11266563832759857,0.005331222899258137,0.0964270830154419,0.3920314311981201,0.3,0.2,0.001
7,54,0.10286779701709747,0.003096360480412841,0.1471083164215088,0.2781946659088135,0.3,0.2,0.001
7,55,0.1483277678489685,0.00612524664029479,0.23764818906784058,0.3545403480529785,0.3,0.2,0.001
7,56,0.19117797911167145,0.007857140153646469,0.29779374599456787,0.4699135422706604,0.3,0.2,0.001
7,57,0.08586740493774414,0.004652739968150854,0.1273213028907776,0.21509137749671936,0.3,0.2,0.001
7,58,0.10477714240550995,0.010951370000839233,0.1752927303314209,0.20618976652622223,0.3,0.2,0.001
7,59,0.15778402984142303,0.013531029224395752,0.2110663652420044,0.40466541051864624,0.3,0.2,0.001
7,60,0.13524067401885986,0.004720514174550772,0.1653139591217041,0.40462979674339294,0.3,0.2,0.001
7,61,0.13911864161491394,0.01686396263539791,0.09917718172073364,0.46250754594802856,0.3,0.2,0.001
7,62,0.12154974788427353,0.0031628531869500875,0.18287533521652222,0.3176214396953583,0.3,0.2,0.001
7,63,0.200286865234375,0.016169102862477303,0.3390478491783142,0.41201701760292053,0.3,0.2,0.001
7,64,0.32037362456321716,0.0423380546271801,0.6719609498977661,0.38223639130592346,0.3,0.2,0.001
7,65,0.09502333402633667,0.004479133989661932,0.10971802473068237,0.28814393281936646,0.3,0.2,0.001
7,66,0.11329428851604462,0.022460896521806717,0.05811530351638794,0.3669939935207367,0.3,0.2,0.001
7,67,0.13459786772727966,0.004515476990491152,0.12891888618469238,0.45703357458114624,0.3,0.2,0.001
7,68,0.09669402241706848,0.005466392729431391,0.05650752782821655,0.37137681245803833,0.3,0.2,0.001
7,69,0.18874657154083252,0.012902089394629002,0.26803505420684814,0.47716978192329407,0.3,0.2,0.001
7,70,0.1662484109401703,0.013475820422172546,0.20336616039276123,0.45881372690200806,0.3,0.2,0.001
7,71,0.1455269157886505,0.031993843615055084,0.12058395147323608,0.3867894411087036,0.3,0.2,0.001
7,72,0.09328607469797134,0.0026070107705891132,0.03943580389022827,0.394241601228714,0.3,0.2,0.001
7,73,0.08253984153270721,0.00444888835772872,0.08579331636428833,0.261764794588089,0.3,0.2,0.001
7,74,0.13509558141231537,0.003595908172428608,0.19424068927764893,0.3661373257637024,0.3,0.2,0.001
7,75,0.06184746325016022,0.005445103161036968,0.051622986793518066,0.20457731187343597,0.3,0.2,0.001
7,76,0.1178683191537857,0.01814701035618782,0.103160560131073,0.3438657224178314,0.3,0.2,0.001
7,77,0.17217934131622314,0.018232446163892746,0.2405465841293335,0.40891456604003906,0.3,0.2,0.001
7,78,0.09511788189411163,0.007374465931206942,0.041048645973205566,0.37714409828186035,0.3,0.2,0.001
7,79,0.13776659965515137,0.010267416015267372,0.1361839771270752,0.4332199692726135,0.3,0.2,0.001
7,80,0.10768511891365051,0.010748505592346191,0.12248343229293823,0.30095788836479187,0.3,0.2,0.001
7,81,0.12224821746349335,0.006385985761880875,0.14097607135772705,0.3678470551967621,0.3,0.2,0.001
7,82,0.12441082298755646,0.004608564544469118,0.12858110666275024,0.406139612197876,0.3,0.2,0.001
7,83,0.16754406690597534,0.030406249687075615,0.16350722312927246,0.4404282867908478,0.3,0.2,0.001
7,84,0.14687322080135345,0.008683768101036549,0.2668502926826477,0.29067179560661316,0.3,0.2,0.001
7,85,0.21018603444099426,0.013202270492911339,0.4242056608200073,0.3486103117465973,0.3,0.2,0.001
7,86,0.12465545535087585,0.003799897851422429,0.15950864553451538,0.36501482129096985,0.3,0.2,0.001
7,87,0.1408284604549408,0.010656768456101418,0.07401269674301147,0.5398394465446472,0.3,0.2,0.001
7,88,0.2743617594242096,0.014038695953786373,0.5376282930374146,0.4951728582382202,0.3,0.2,0.001
7,89,0.13909846544265747,0.005791707430034876,0.22160089015960693,0.3341324031352997,0.3,0.2,0.001
7,90,0.08920653164386749,0.014256843365728855,0.05328422784805298,0.294822096824646,0.3,0.2,0.001
7,91,0.14166438579559326,0.004132460802793503,0.24719595909118652,0.3168657124042511,0.3,0.2,0.001
7,92,0.09509429335594177,0.0036421252880245447,0.10191565752029419,0.3043873608112335,0.3,0.2,0.001
7,93,0.1200019121170044,0.017745420336723328,0.11909663677215576,0.3326374888420105,0.3,0.2,0.001
7,94,0.09356413036584854,0.00839182734489441,0.09577125310897827,0.28220462799072266,0.3,0.2,0.001
7,95,0.09643979370594025,0.017742814496159554,0.054335713386535645,0.31198132038116455,0.3,0.2,0.001
7,96,0.0932246744632721,0.012674360536038876,0.0455818772315979,0.334378719329834,0.3,0.2,0.001
7,97,0.2428969442844391,0.018570685759186745,0.46436911821365356,0.42507755756378174,0.3,0.2,0.001
7,98,0.27540215849876404,0.025057174265384674,0.5935264825820923,0.36143505573272705,0.3,0.2,0.001
8,0,0.08926835656166077,0.01232193037867546,0.05113482475280762,0.3080298900604248,0.3,0.2,0.001
8,1,0.08173035085201263,0.007637451868504286,0.13763350248336792,0.16401420533657074,0.3,0.2,0.001
8,2,0.19321809709072113,0.008870664052665234,0.38661980628967285,0.34180745482444763,0.3,0.2,0.001
8,3,0.062378205358982086,0.012387186288833618,0.05106991529464722,0.17335021495819092,0.3,0.2,0.001
8,4,0.10126449167728424,0.010894421488046646,0.11950510740280151,0.272592693567276,0.3,0.2,0.001
8,5,0.07220902293920517,0.004524380434304476,0.08461141586303711,0.21150606870651245,0.3,0.2,0.001
8,6,0.16751328110694885,0.01451661717146635,0.20113152265548706,0.46328607201576233,0.3,0.2,0.001
8,7,0.18422329425811768,0.012964479625225067,0.3232126235961914,0.37147513031959534,0.3,0.2,0.001
8,8,0.08478932827711105,0.003666381584480405,0.1491299271583557,0.18191984295845032,0.3,0.2,0.001
8,9,0.10042449086904526,0.002512960694730282,0.04308199882507324,0.42493465542793274,0.3,0.2,0.001
8,10,0.0783562958240509,0.0043241288512945175,0.12267714738845825,0.1861451119184494,0.3,0.2,0.001
8,11,0.13087274134159088,0.024547385051846504,0.09766197204589844,0.3851338028907776,0.3,0.2,0.001
8,12,0.08610260486602783,0.009769389405846596,0.10664039850234985,0.22170545160770416,0.3,0.2,0.001
8,13,0.08419343084096909,0.0062236725352704525,0.1194424033164978,0.21068519353866577,0.3,0.2,0.001
8,14,0.1981288641691208,0.008156572468578815,0.30027711391448975,0.49944573640823364,0.3,0.2,0.001
8,15,0.13050976395606995,0.00706431595608592,0.12622767686843872,0.4278857111930847,0.3,0.2,0.001
8,16,0.23611962795257568,0.010463090613484383,0.39978480339050293,0.5286054015159607,0.3,0.2,0.001
8,17,0.11963386088609695,0.015575489960610867,0.05111861228942871,0.4436139464378357,0.3,0.2,0.001
8,18,0.07637230306863785,0.010043948888778687,0.046650052070617676,0.2616666853427887,0.3,0.2,0.001
8,19,0.092547707259655,0.004308382514864206,0.12264961004257202,0.25722217559814453,0.3,0.2,0.001
8,20,0.09031317383050919,0.0027876722160726786,0.05256909132003784,0.3587738871574402,0.3,0.2,0.001
8,21,0.3110189437866211,0.023795178160071373,0.6288500428199768,0.49284377694129944,0.3,0.2,0.001
8,22,0.16245776414871216,0.010489162057638168,0.1617177128791809,0.5172663927078247,0.3,0.2,0.001
8,23,0.1286669224500656,0.014372541569173336,0.09464514255523682,0.4295041859149933,0.3,0.2,0.001
8,24,0.14003071188926697,0.010745103470981121,0.13604450225830078,0.4423612952232361,0.3,0.2,0.001
8,25,0.09129972755908966,0.003837479278445244,0.12363213300704956,0.2518630623817444,0.3,0.2,0.001
8,26,0.11485306918621063,0.005223174579441547,0.09286761283874512,0.4088480472564697,0.3,0.2,0.001
8,27,0.1420455276966095,0.004235429689288139,0.19211649894714355,0.4008757174015045,0.3,0.2,0.001
8,28,0.10245677828788757,0.01654905453324318,0.05493587255477905,0.3471347987651825,0.3,0.2,0.001
8,29,0.0918816477060318,0.003624965902417898,0.0830194354057312,0.3167542517185211,0.3,0.2,0.001
8,30,0.1158524751663208,0.0030545988120138645,0.1856960654258728,0.28544527292251587,0.3,0.2,0.001
8,31,0.07059360295534134,0.0023073044139891863,0.05344480276107788,0.26126429438591003,0.3,0.2,0.001
8,32,0.0998375341296196,0.015832511708140373,0.05606997013092041,0.33592015504837036,0.3,0.2,0.001
8,33,0.1431671380996704,0.010961019434034824,0.1516318917274475,0.43358278274536133,0.3,0.2,0.001
8,34,0.10643738508224487,0.0027799492236226797,0.16760927438735962,0.26687324047088623,0.3,0.2,0.001
8,35,0.07941184937953949,0.003231305629014969,0.09498846530914307,0.2384200096130371,0.3,0.2,0.001
8,36,0.26275262236595154,0.026185881346464157,0.5163148641586304,0.40836137533187866,0.3,0.2,0.001
8,37,0.12477801740169525,0.008343885652720928,0.16704457998275757,0.3316037654876709,0.3,0.2,0.001
8,38,0.0909775123000145,0.008868004195392132,0.15688562393188477,0.1752190887928009,0.3,0.2,0.001
8,39,0.052071187645196915,0.0054912385530769825,0.049902260303497314,0.15804634988307953,0.3,0.2,0.001
8,40,0.11139918863773346,0.004326181951910257,0.1655309796333313,0.28706851601600647,0.3,0.2,0.001
8,41,0.08431881666183472,0.010967179201543331,0.08935987949371338,0.2327183485031128,0.3,0.2,0.001
8,42,0.09412096440792084,0.012280566617846489,0.1155208945274353,0.23592063784599304,0.3,0.2,0.001
8,43,0.3254756033420563,0.03976374492049217,0.6272990703582764,0.4876106381416321,0.3,0.2,0.001
8,44,0.14206188917160034,0.010192475281655788,0.1921331286430359,0.37114736437797546,0.3,0.2,0.001
8,45,0.10069900006055832,0.008104050531983376,0.08868151903152466,0.3299524486064911,0.3,0.2,0.001
8,46,0.1463298350572586,0.005111712031066418,0.16854268312454224,0.4532766044139862,0.3,0.2,0.001
8,47,0.15420450270175934,0.008997063152492046,0.2580491304397583,0.33896347880363464,0.3,0.2,0.001
8,48,0.10960923880338669,0.0046364483423531055,0.12450045347213745,0.3381132483482361,0.3,0.2,0.001
8,49,0.09466548264026642,0.007183931767940521,0.13494902849197388,0.23498417437076569,0.3,0.2,0.001
8,50,0.09942404180765152,0.010611319914460182,0.16400635242462158,0.19805404543876648,0.3,0.2,0.001
8,51,0.10207322984933853,0.0015348457964137197,0.036708176136016846,0.4476296603679657,0.3,0.2,0.001
8,52,0.12591803073883057,0.010561514645814896,0.07089173793792725,0.4704449474811554,0.3,0.2,0.001
8,53,0.09803914278745651,0.0109716122969985,0.0781431794166565,0.31812286376953125,0.3,0.2,0.001
8,54,0.12174233794212341,0.015014111995697021,0.09600472450256348,0.38963404297828674,0.3,0.2,0.001
8,55,0.16071228682994843,0.00884025078266859,0.20953625440597534,0.4450558125972748,0.3,0.2,0.001
8,56,0.12592245638370514,0.008177363313734531,0.14998626708984375,0.3637460470199585,0.3,0.2,0.001
8,57,0.11519376188516617,0.0039305780082941055,0.22854530811309814,0.21349795162677765,0.3,0.2,0.001
8,58,0.08361582458019257,0.006272987928241491,0.07378745079040527,0.2760330140590668,0.3,0.2,0.001
8,59,0.06395229697227478,0.004561762325465679,0.04021114110946655,0.23663592338562012,0.3,0.2,0.001
8,60,0.13050365447998047,0.00629072031006217,0.20953166484832764,0.30676713585853577,0.3,0.2,0.001
8,61,0.30371078848838806,0.029169408604502678,0.6466854810714722,0.40267863869667053,0.3,0.2,0.001
8,62,0.22701433300971985,0.015327049419283867,0.44811517000198364,0.3862636685371399,0.3,0.2,0.001
8,63,0.12099995464086533,0.005626878701150417,0.21548455953598022,0.25363850593566895,0.3,0.2,0.001
8,64,0.10408743470907211,0.011838658712804317,0.10708308219909668,0.3006192445755005,0.3,0.2,0.001
8,65,0.11934012174606323,0.004850824363529682,0.20093941688537598,0.27103734016418457,0.3,0.2,0.001
8,66,0.08584675192832947,0.013875512406229973,0.04627114534378052,0.29044947028160095,0.3,0.2,0.001
8,67,0.08077210187911987,0.004311155993491411,0.05413675308227539,0.30109959840774536,0.3,0.2,0.001
8,68,0.13856914639472961,0.019695498049259186,0.06430560350418091,0.4979098439216614,0.3,0.2,0.001
8,69,0.10358069837093353,0.002010180614888668,0.10904115438461304,0.3442908227443695,0.3,0.2,0.001
8,70,0.13321803510189056,0.006094932556152344,0.16810691356658936,0.3834550976753235,0.3,0.2,0.001
8,71,0.11720272898674011,0.016191910952329636,0.08860987424850464,0.3721392750740051,0.3,0.2,0.001
8,72,0.12463784217834473,0.0055810436606407166,0.24565982818603516,0.22679421305656433,0.3,0.2,0.001
8,73,0.11505316942930222,0.003755437210202217,0.15281730890274048,0.3272626996040344,0.3,0.2,0.001
8,74,0.24399402737617493,0.014993956312537193,0.4147689938545227,0.5228468179702759,0.3,0.2,0.001
8,75,0.11787477135658264,0.006806598510593176,0.15374374389648438,0.3247252404689789,0.3,0.2,0.001
8,76,0.16406913101673126,0.009273819625377655,0.24773508310317993,0.40237390995025635,0.3,0.2,0.001
8,77,0.13494408130645752,0.0148214315995574,0.1008790135383606,0.4492947459220886,0.3,0.2,0.001
8,78,0.223321333527565,0.015139914117753506,0.3771352767944336,0.47520413994789124,0.3,0.2,0.001
8,79,0.09882919490337372,0.011464285664260387,0.04935795068740845,0.3627876043319702,0.3,0.2,0.001
8,80,0.06294506788253784,0.004371239338070154,0.04998373985290527,0.21789352595806122,0.3,0.2,0.001
8,81,0.10687434673309326,0.005240184720605612,0.09482401609420776,0.3659347891807556,0.3,0.2,0.001
8,82,0.08116865903139114,0.008992874994874,0.03998929262161255,0.30089497566223145,0.3,0.2,0.001
8,83,0.13270175457000732,0.004759662318974733,0.19442594051361084,0.34807148575782776,0.3,0.2,0.001
8,84,0.13332295417785645,0.009179368615150452,0.15750360488891602,0.38446253538131714,0.3,0.2,0.001
8,85,0.14952969551086426,0.0054633039981126785,0.2357628345489502,0.3666876554489136,0.3,0.2,0.001
8,86,0.0829266831278801,0.003085367614403367,0.0408482551574707,0.3379341959953308,0.3,0.2,0.001
8,87,0.12454494833946228,0.0034447978250682354,0.16392266750335693,0.359616756439209,0.3,0.2,0.001
8,88,0.234383225440979,0.013441823422908783,0.4602084159851074,0.4143942594528198,0.3,0.2,0.001
8,89,0.1540592759847641,0.011835611425340176,0.2050519585609436,0.40354037284851074,0.3,0.2,0.001
8,90,0.12708067893981934,0.005235312506556511,0.1604735255241394,0.3685165345668793,0.3,0.2,0.001
8,91,0.12644246220588684,0.006088403053581715,0.038557589054107666,0.5439338684082031,0.3,0.2,0.001
8,92,0.10816849768161774,0.005108137149363756,0.13395196199417114,0.31437385082244873,0.3,0.2,0.001
8,93,0.22182387113571167,0.01522514596581459,0.3800313472747803,0.4629465937614441,0.3,0.2,0.001
8,94,0.09841696172952652,0.009130282327532768,0.0620722770690918,0.3533249497413635,0.3,0.2,0.001
8,95,0.0866403579711914,0.015068537555634975,0.0559847354888916,0.2738819718360901,0.3,0.2,0.001
8,96,0.08473065495491028,0.024830803275108337,0.05604243278503418,0.21543560922145844,0.3,0.2,0.001
8,97,0.08255118131637573,0.0023614915553480387,0.10342222452163696,0.24581512808799744,0.3,0.2,0.001
8,98,0.07649196684360504,0.001674914499744773,0.046509504318237305,0.3043209910392761,0.3,0.2,0.001
9,0,0.06786780059337616,0.012122930958867073,0.03950077295303345,0.21947316825389862,0.3,0.2,0.001
9,1,0.0983186662197113,0.009809310548007488,0.1606433391571045,0.20158173143863678,0.3,0.2,0.001
9,2,0.13007517158985138,0.011549744755029678,0.14874738454818726,0.3695060610771179,0.3,0.2,0.001
9,3,0.09384264051914215,0.005679524503648281,0.03624701499938965,0.3864450454711914,0.3,0.2,0.001
9,4,0.1607493907213211,0.016981782391667366,0.2190271019935608,0.39029738306999207,0.3,0.2,0.001
9,5,0.07358469069004059,0.010726476088166237,0.04471898078918457,0.24721258878707886,0.3,0.2,0.001
9,6,0.10093970596790314,0.004287609830498695,0.1540970802307129,0.2521148920059204,0.3,0.2,0.001
9,7,0.1786399781703949,0.005731896962970495,0.2674023509025574,0.46343690156936646,0.3,0.2,0.001
9,8,0.12880048155784607,0.010687045753002167,0.13540339469909668,0.3874620795249939,0.3,0.2,0.001
9,9,0.22277837991714478,0.010736644268035889,0.39142096042633057,0.4730772078037262,0.3,0.2,0.001
9,10,0.09684136509895325,0.006285700015723705,0.10391026735305786,0.29691290855407715,0.3,0.2,0.001
9,11,0.09385478496551514,0.0048644328489899635,0.1312882900238037,0.24801933765411377,0.3,0.2,0.001
9,12,0.10498560220003128,0.004615255631506443,0.19310063123703003,0.21220076084136963,0.3,0.2,0.001
9,13,0.14071762561798096,0.009154959581792355,0.16286838054656982,0.4135107696056366,0.3,0.2,0.001
9,14,0.10487885773181915,0.022351130843162537,0.05270969867706299,0.3335740566253662,0.3,0.2,0.001
9,15,0.157633438706398,0.012647782452404499,0.18918120861053467,0.44115644693374634,0.3,0.2,0.001
9,16,0.0702732652425766,0.0019685490988194942,0.048398733139038086,0.2689254581928253,0.3,0.2,0.001
9,17,0.07919812947511673,0.003642522729933262,0.07978576421737671,0.25809937715530396,0.3,0.2,0.001
9,18,0.10379163920879364,0.004083340056240559,0.12369781732559204,0.3129947781562805,0.3,0.2,0.001
9,19,0.19967174530029297,0.011003701016306877,0.2884264588356018,0.5107004642486572,0.3,0.2,0.001
9,20,0.08449044823646545,0.004040766507387161,0.1045234203338623,0.2454632669687271,0.3,0.2,0.001
9,21,0.08655738830566406,0.001827778061851859,0.10028785467147827,0.27321624755859375,0.3,0.2,0.001
9,22,0.11185307055711746,0.016436275094747543,0.09593117237091064,0.33318719267845154,0.3,0.2,0.001
9,23,0.07168340682983398,0.002989879809319973,0.03903460502624512,0.2849157154560089,0.3,0.2,0.001
9,24,0.1071348786354065,0.01576945371925831,0.08442676067352295,0.33018696308135986,0.3,0.2,0.001
9,25,0.13022097945213318,0.005655796732753515,0.1999078392982483,0.3229641914367676,0.3,0.2,0.001
9,26,0.14460091292858124,0.005276567302644253,0.09058898687362671,0.560738205909729,0.3,0.2,0.001
9,27,0.07822240889072418,0.0023033209145069122,0.049210309982299805,0.30577996373176575,0.3,0.2,0.001
9,28,0.1058187410235405,0.014140792191028595,0.12039107084274292,0.27780312299728394,0.3,0.2,0.001
9,29,0.0880490094423294,0.0018811492482200265,0.03660660982131958,0.3759293556213379,0.3,0.2,0.001
9,30,0.06902031600475311,0.008661777712404728,0.04193049669265747,0.2388969361782074,0.3,0.2,0.001
9,31,0.10627632588148117,0.019137483090162277,0.0584222674369812,0.3480607867240906,0.3,0.2,0.001
9,32,0.04940154403448105,0.0037391697987914085,0.04490041732788086,0.16096124053001404,0.3,0.2,0.001
9,33,0.27322331070899963,0.024169553071260452,0.5609071254730225,0.4039080739021301,0.3,0.2,0.001
9,34,0.09065153449773788,0.00582969281822443,0.09393566846847534,0.28320568799972534,0.3,0.2,0.001
9,35,0.10196563601493835,0.00710873119533062,0.1294492483139038,0.280110627412796,0.3,0.2,0.001
9,36,0.24271276593208313,0.016161013394594193,0.43646883964538574,0.4780554175376892,0.3,0.2,0.001
9,37,0.09898148477077484,0.005013239569962025,0.12112528085708618,0.2881532907485962,0.3,0.2,0.001
9,38,0.08729055523872375,0.018008269369602203,0.05651295185089111,0.2616420090198517,0.3,0.2,0.001
9,39,0.08439068496227264,0.0041631958447396755,0.116213858127594,0.22681665420532227,0.3,0.2,0.001
9,40,0.11373759061098099,0.016990045085549355,0.08535480499267578,0.35570549964904785,0.3,0.2,0.001
9,41,0.07125488668680191,0.01033730711787939,0.040665626525878906,0.24358944594860077,0.3,0.2,0.001
9,42,0.12114863097667694,0.003405624767765403,0.16471123695373535,0.3416481912136078,0.3,0.2,0.001
9,43,0.1861308217048645,0.008497213944792747,0.193537175655365,0.5978623032569885,0.3,0.2,0.001
9,44,0.048714473843574524,0.003864884842187166,0.048368871212005615,0.1516946256160736,0.3,0.2,0.001
9,45,0.06632786989212036,0.0046713948249816895,0.038832664489746094,0.2500333786010742,0.3,0.2,0.001
9,46,0.08317498117685318,0.005933632608503103,0.11111414432525635,0.21953552961349487,0.3,0.2,0.001
9,47,0.08225522935390472,0.003397240536287427,0.13427716493606567,0.19287420809268951,0.3,0.2,0.001
9,48,0.18496358394622803,0.016940899193286896,0.3095741271972656,0.37575218081474304,0.3,0.2,0.001
9,49,0.10701461136341095,0.013201207853853703,0.12657874822616577,0.27919888496398926,0.3,0.2,0.001
9,50,0.09373615682125092,0.011775188148021698,0.09111416339874268,0.27313360571861267,0.3,0.2,0.001
9,51,0.07741960883140564,0.004195865243673325,0.05380702018737793,0.2854081690311432,0.3,0.2,0.001
9,52,0.12715014815330505,0.014479897916316986,0.09705185890197754,0.41777345538139343,0.3,0.2,0.001
9,53,0.1065451055765152,0.011400585994124413,0.11570674180984497,0.3021624684333801,0.3,0.2,0.001
9,54,0.11600936949253082,0.003792073577642441,0.2296351194381714,0.21663376688957214,0.3,0.2,0.001
9,55,0.11984682828187943,0.01170103345066309,0.07314485311508179,0.4310116767883301,0.3,0.2,0.001
9,56,0.08030866086483002,0.009236202575266361,0.0634537935256958,0.26018157601356506,0.3,0.2,0.001
9,57,0.12209451198577881,0.013586064800620079,0.09442579746246338,0.40090352296829224,0.3,0.2,0.001
9,58,0.12687203288078308,0.010629305616021156,0.04684215784072876,0.5109503865242004,0.3,0.2,0.001
9,59,0.11626377701759338,0.0075256358832120895,0.15605539083480835,0.3096076250076294,0.3,0.2,0.001
9,60,0.13124999403953552,0.009503410197794437,0.132426917552948,0.4100925326347351,0.3,0.2,0.001
9,61,0.10399723052978516,0.0034211715683341026,0.1459600329399109,0.28394022583961487,0.3,0.2,0.001
9,62,0.14636780321598053,0.00708254799246788,0.14722514152526855,0.4755885601043701,0.3,0.2,0.001
9,63,0.12843762338161469,0.005117985885590315,0.22848176956176758,0.27387550473213196,0.3,0.2,0.001
9,64,0.08959654718637466,0.0014065720606595278,0.036953866481781006,0.3855190575122833,0.3,0.2,0.001
9,65,0.06735775619745255,0.003782985033467412,0.07977128028869629,0.19821691513061523,0.3,0.2,0.001
9,66,0.15262040495872498,0.0046502104960381985,0.18868809938430786,0.4568188190460205,0.3,0.2,0.001
9,67,0.07400370389223099,0.003943542949855328,0.10937559604644775,0.1862373948097229,0.3,0.2,0.001
9,68,0.1568184494972229,0.008766209706664085,0.2395496964454651,0.3809366524219513,0.3,0.2,0.001
9,69,0.14909175038337708,0.0043896762654185295,0.1639876365661621,0.4775289297103882,0.3,0.2,0.001
9,70,0.06938975304365158,0.00909303966909647,0.04096496105194092,0.24003611505031586,0.3,0.2,0.001
9,71,0.22212380170822144,0.014942030422389507,0.4424874782562256,0.3721775412559509,0.3,0.2,0.001
9,72,0.1326158046722412,0.00507469242438674,0.20341837406158447,0.33257800340652466,0.3,0.2,0.001
9,73,0.07798068225383759,0.008516274392604828,0.14877361059188843,0.12416160851716995,0.3,0.2,0.001
9,74,0.19367387890815735,0.007816530764102936,0.3415287137031555,0.4169935882091522,0.3,0.2,0.001
9,75,0.21180397272109985,0.013343237340450287,0.33203160762786865,0.4942561984062195,0.3,0.2,0.001
9,76,0.10882456600666046,0.003040082985535264,0.15014004707336426,0.30371230840682983,0.3,0.2,0.001
9,77,0.22785860300064087,0.01046143751591444,0.4389033913612366,0.42863067984580994,0.3,0.2,0.001
9,78,0.120184026658535,0.0027156523428857327,0.18024569749832153,0.31697332859039307,0.3,0.2,0.001
9,79,0.08164289593696594,0.003133299294859171,0.09152710437774658,0.2552573084831238,0.3,0.2,0.001
9,80,0.14143723249435425,0.01177289243787527,0.20140153169631958,0.34621939063072205,0.3,0.2,0.001
9,81,0.13533252477645874,0.008265900425612926,0.12736183404922485,0.4442903399467468,0.3,0.2,0.001
9,82,0.09452730417251587,0.006630581803619862,0.07072567939758301,0.3333950936794281,0.3,0.2,0.001
9,83,0.33737149834632874,0.042032498866319656,0.6730638146400452,0.46709921956062317,0.3,0.2,0.001
9,84,0.10083742439746857,0.011498123407363892,0.078682541847229,0.3286726772785187,0.3,0.2,0.001
9,85,0.0954885333776474,0.014695416204631329,0.052824974060058594,0.3247281014919281,0.3,0.2,0.001
9,86,0.06793580204248428,0.0015349739696830511,0.045549631118774414,0.2636796832084656,0.3,0.2,0.001
9,87,0.13609085977077484,0.015633556991815567,0.05158853530883789,0.5249037146568298,0.3,0.2,0.001
9,88,0.30210649967193604,0.0267600417137146,0.5816953182220459,0.5041891932487488,0.3,0.2,0.001
9,89,0.10769668221473694,0.0024614909198135138,0.16538649797439575,0.27809619903564453,0.3,0.2,0.001
9,90,0.11177285760641098,0.005355839151889086,0.16245728731155396,0.2883991599082947,0.3,0.2,0.001
9,91,0.3083031177520752,0.039451658725738525,0.6748515963554382,0.331979900598526,0.3,0.2,0.001
9,92,0.13347837328910828,0.005546965170651674,0.2336624264717102,0.28916341066360474,0.3,0.2,0.001
9,93,0.08411341905593872,0.0017864902038127184,0.10345911979675293,0.2564459443092346,0.3,0.2,0.001
9,94,0.097468800842762,0.007691465318202972,0.08707088232040405,0.31828033924102783,0.3,0.2,0.001
9,95,0.11117236316204071,0.01455297414213419,0.05694735050201416,0.39767593145370483,0.3,0.2,0.001
9,96,0.12390162795782089,0.007087486330419779,0.1590903401374817,0.34543517231941223,0.3,0.2,0.001
9,97,0.11769004911184311,0.004086868837475777,0.16020125150680542,0.3277139961719513,0.3,0.2,0.001
9,98,0.14421668648719788,0.007029879372566938,0.14520978927612305,0.468119353055954,0.3,0.2,0.001
10,0,0.08431266993284225,0.003109903773292899,0.04066675901412964,0.34501367807388306,0.3,0.2,0.0001
10,1,0.08671858161687851,0.00400175666436553,0.07803678512573242,0.2965289354324341,0.3,0.2,0.0001
10,2,0.26165252923965454,0.024847952648997307,0.5110037922859192,0.41751718521118164,0.3,0.2,0.0001
10,3,0.29677098989486694,0.043657392263412476,0.5941483974456787,0.37434524297714233,0.3,0.2,0.0001
10,4,0.09939363598823547,0.0036360991653054953,0.14588892459869385,0.2599542737007141,0.3,0.2,0.0001
10,5,0.09247824549674988,0.004555398132652044,0.1282196044921875,0.24728479981422424,0.3,0.2,0.0001
10,6,0.09992276132106781,0.015097171999514103,0.0950247049331665,0.28159084916114807,0.3,0.2,0.0001
10,7,0.07770371437072754,0.010689682327210903,0.07894665002822876,0.21665017306804657,0.3,0.2,0.0001
10,8,0.07676027715206146,0.007500014267861843,0.03951746225357056,0.2870250940322876,0.3,0.2,0.0001
10,9,0.09024898707866669,0.002558964304625988,0.12985223531723022,0.24367175996303558,0.3,0.2,0.0001
10,10,0.1363101601600647,0.012266291305422783,0.20255380868911743,0.3163885772228241,0.3,0.2,0.0001
10,11,0.09398603439331055,0.011278306134045124,0.11400848627090454,0.24252592027187347,0.3,0.2,0.0001
10,12,0.08149562776088715,0.004268094897270203,0.05280458927154541,0.3069307804107666,0.3,0.2,0.0001
10,13,0.2019292712211609,0.013367331586778164,0.35720884799957275,0.40699636936187744,0.3,0.2,0.0001
10,14,0.2492932379245758,0.018580451607704163,0.4528905153274536,0.4742281138896942,0.3,0.2,0.0001
10,15,0.06844460964202881,0.01041980180889368,0.03804278373718262,0.23305988311767578,0.3,0.2,0.0001
10,16,0.1632121503353119,0.032718557864427567,0.15458786487579346,0.42058616876602173,0.3,0.2,0.0001
10,17,0.07265543937683105,0.003631470026448369,0.10059148073196411,0.19423261284828186,0.3,0.2,0.0001
10,18,0.30305036902427673,0.02316153794527054,0.5641682147979736,0.5531917214393616,0.3,0.2,0.0001
10,19,0.14786212146282196,0.00846930779516697,0.17511814832687378,0.43428680300712585,0.3,0.2,0.0001
10,20,0.09976288676261902,0.006036381237208843,0.09936285018920898,0.31958824396133423,0.3,0.2,0.0001
10,21,0.15753266215324402,0.0066448296420276165,0.17432236671447754,0.49295559525489807,0.3,0.2,0.0001
10,22,0.08160437643527985,0.006138699594885111,0.11255961656570435,0.20848892629146576,0.3,0.2,0.0001
10,23,0.08574483543634415,0.010790204629302025,0.08840703964233398,0.2421625852584839,0.3,0.2,0.0001
10,24,0.06621073186397552,0.009612171910703182,0.04347395896911621,0.21778187155723572,0.3,0.2,0.0001
10,25,0.10353009402751923,0.002572845434769988,0.17773890495300293,0.23817786574363708,0.3,0.2,0.0001
10,26,0.1058480441570282,0.004886750131845474,0.1900932788848877,0.21966657042503357,0.3,0.2,0.0001
10,27,0.07345585525035858,0.0012761839898303151,0.03505909442901611,0.3083097040653229,0.3,0.2,0.0001
10,28,0.1571696400642395,0.013086207211017609,0.18964964151382446,0.43594273924827576,0.3,0.2,0.0001
10,29,0.12018032371997833,0.003832962829619646,0.18032926321029663,0.31124287843704224,0.3,0.2,0.0001
10,30,0.07220625132322311,0.0038513592444360256,0.046755075454711914,0.2716418504714966,0.3,0.2,0.0001
10,31,0.1582074612379074,0.011587944813072681,0.3023339509963989,0.27959662675857544,0.3,0.2,0.0001
10,32,0.04620855674147606,0.0036804445553570986,0.04371076822280884,0.1470744013786316,0.3,0.2,0.0001
10,33,0.1078174039721489,0.004084675572812557,0.14875644445419312,0.29552894830703735,0.3,0.2,0.0001
10,34,0.11052384227514267,0.01323625911027193,0.07244056463241577,0.3777770698070526,0.3,0.2,0.0001
10,35,0.11836191266775131,0.010653464123606682,0.04469579458236694,0.4714985489845276,0.3,0.2,0.0001
10,36,0.07262077182531357,0.008176942355930805,0.061465322971343994,0.2300211638212204,0.3,0.2,0.0001
10,37,0.09790056943893433,0.006554631981998682,0.07927829027175903,0.33781224489212036,0.3,0.2,0.0001
10,38,0.10966074466705322,0.012636249884963036,0.09218156337738037,0.34685012698173523,0.3,0.2,0.0001
10,39,0.0874452292919159,0.010594881139695644,0.11104178428649902,0.21768906712532043,0.3,0.2,0.0001
10,40,0.14855244755744934,0.006589606869965792,0.31051474809646606,0.24404200911521912,0.3,0.2,0.0001
10,41,0.1393892914056778,0.00972069799900055,0.14603084325790405,0.42929667234420776,0.3,0.2,0.0001
10,42,0.07730396091938019,0.0051164147444069386,0.06711828708648682,0.26026028394699097,0.3,0.2,0.0001
10,43,0.19516736268997192,0.012737994082272053,0.30156201124191284,0.45980381965637207,0.3,0.2,0.0001
10,44,0.19977451860904694,0.011302406899631023,0.42331111431121826,0.3073938190937042,0.3,0.2,0.0001
10,45,0.0819147601723671,0.007969973608851433,0.1438589096069336,0.1539355367422104,0.3,0.2,0.0001
10,46,0.048244453966617584,0.0046124448999762535,0.037592291831970215,0.16177159547805786,0.3,0.2,0.0001
10,47,0.13859111070632935,0.007421360816806555,0.21109741926193237,0.3392026126384735,0.3,0.2,0.0001
10,48,0.09510517865419388,0.014581435360014439,0.08142119646072388,0.28048691153526306,0.3,0.2,0.0001
10,49,0.06541068851947784,0.007823015563189983,0.03546804189682007,0.23473627865314484,0.3,0.2,0.0001
10,50,0.06799806654453278,0.0014481564285233617,0.10034173727035522,0.1822369396686554,0.3,0.2,0.0001
10,51,0.06956891715526581,0.001671827514655888,0.046170830726623535,0.27022919058799744,0.3,0.2,0.0001
10,52,0.12635119259357452,0.008038181811571121,0.2279050350189209,0.24970747530460358,0.3,0.2,0.0001
10,53,0.07947017252445221,0.004785194061696529,0.03547781705856323,0.3202081322669983,0.3,0.2,0.0001
10,54,0.11177197098731995,0.004042219836264849,0.15849870443344116,0.3009006679058075,0.3,0.2,0.0001
10,55,0.13696891069412231,0.007044070400297642,0.14385521411895752,0.433841347694397,0.3,0.2,0.0001
10,56,0.07480485737323761,0.0021963331382721663,0.04840898513793945,0.29042911529541016,0.3,0.2,0.0001
10,57,0.06707470864057541,0.003361528506502509,0.11124581098556519,0.15169720351696014,0.3,0.2,0.0001
10,58,0.10517890751361847,0.003243692684918642,0.21299493312835693,0.19018365442752838,0.3,0.2,0.0001
10,59,0.10895901918411255,0.006064089946448803,0.14208656549453735,0.30134478211402893,0.3,0.2,0.0001
10,60,0.11338366568088531,0.005025696475058794,0.15460121631622314,0.3098880350589752,0.3,0.2,0.0001
10,61,0.06180628016591072,0.008638801984488964,0.04139739274978638,0.20374129712581635,0.3,0.2,0.0001
10,62,0.22338920831680298,0.012264743447303772,0.36786729097366333,0.5038213729858398,0.3,0.2,0.0001
10,63,0.11717144399881363,0.004669183865189552,0.08614575862884521,0.4332926571369171,0.3,0.2,0.0001
10,64,0.10738307237625122,0.004802756942808628,0.22794568538665771,0.17098306119441986,0.3,0.2,0.0001
10,65,0.1151365414261818,0.006002092733979225,0.1208350658416748,0.3644196391105652,0.3,0.2,0.0001
10,66,0.07654321193695068,0.013340899720788002,0.05267345905303955,0.23700135946273804,0.3,0.2,0.0001
10,67,0.08727067708969116,0.01416800543665886,0.051258981227874756,0.2886248826980591,0.3,0.2,0.0001
10,68,0.17160466313362122,0.006051518488675356,0.2601395845413208,0.43755635619163513,0.3,0.2,0.0001
10,69,0.10928650200366974,0.013217913918197155,0.045554280281066895,0.4120115041732788,0.3,0.2,0.0001
10,70,0.06892915070056915,0.0034560025669634342,0.0766569972038269,0.21238023042678833,0.3,0.2,0.0001
10,71,0.10373937338590622,0.0035819520708173513,0.1184014081954956,0.323184996843338,0.3,0.2,0.0001
10,72,0.10113467276096344,0.0022352689411491156,0.15567666292190552,0.2609820067882538,0.3,0.2,0.0001
10,73,0.13863754272460938,0.004343653097748756,0.16207516193389893,0.42835670709609985,0.3,0.2,0.0001
10,74,0.22090280055999756,0.015530937351286411,0.40852099657058716,0.4140778183937073,0.3,0.2,0.0001
10,75,0.10581247508525848,0.002794749103486538,0.1513056755065918,0.2881300747394562,0.3,0.2,0.0001
10,76,0.06887078285217285,0.01238421630114317,0.048845112323760986,0.20916515588760376,0.3,0.2,0.0001
10,77,0.11910015344619751,0.0068296464160084724,0.14360660314559937,0.3459426164627075,0.3,0.2,0.0001
10,78,0.11125825345516205,0.004997740965336561,0.22636842727661133,0.1917499154806137,0.3,0.2,0.0001
10,79,0.12699754536151886,0.005396623630076647,0.19245058298110962,0.3193287253379822,0.3,0.2,0.0001
10,80,0.10578542947769165,0.0032555381767451763,0.15608161687850952,0.27852705121040344,0.3,0.2,0.0001
10,81,0.10593442618846893,0.004851275589317083,0.20176231861114502,0.20277222990989685,0.3,0.2,0.0001
10,82,0.1087510734796524,0.010868274606764317,0.10950314998626709,0.3251592516899109,0.3,0.2,0.0001
10,83,0.08774527907371521,0.005691327154636383,0.12208360433578491,0.22714434564113617,0.3,0.2,0.0001
10,84,0.09576182067394257,0.021961800754070282,0.05283200740814209,0.2897520661354065,0.3,0.2,0.0001
10,85,0.08831195533275604,0.00880228728055954,0.1500411033630371,0.17248667776584625,0.3,0.2,0.0001
10,86,0.12087978422641754,0.013378346338868141,0.09015238285064697,0.4022786021232605,0.3,0.2,0.0001
10,87,0.12141767144203186,0.008843205869197845,0.13321459293365479,0.3630504310131073,0.3,0.2,0.0001
10,88,0.09537260234355927,0.01694929599761963,0.05546236038208008,0.3089229464530945,0.3,0.2,0.0001
10,89,0.0558244027197361,0.0015885726315900683,0.044181764125823975,0.20490649342536926,0.3,0.2,0.0001
10,90,0.063631072640419,0.002941373037174344,0.09122276306152344,0.1666143387556076,0.3,0.2,0.0001
10,91,0.29549774527549744,0.027682900428771973,0.5874298810958862,0.457929402589798,0.3,0.2,0.0001
10,92,0.078379787504673,0.003549515735358,0.10617780685424805,0.21488462388515472,0.3,0.2,0.0001
10,93,0.07838988304138184,0.0015778887318447232,0.09829521179199219,0.23661716282367706,0.3,0.2,0.0001
10,94,0.08500567823648453,0.003393656574189663,0.11589241027832031,0.2342214733362198,0.3,0.2,0.0001
10,95,0.11864572763442993,0.010384179651737213,0.06942731142044067,0.4371667504310608,0.3,0.2,0.0001
10,96,0.10409408807754517,0.006934261415153742,0.15701240301132202,0.2502805292606354,0.3,0.2,0.0001
10,97,0.07088771462440491,0.004397311247885227,0.08946377038955688,0.19825637340545654,0.3,0.2,0.0001
10,98,0.07703250646591187,0.0019046097295358777,0.03629714250564575,0.32119378447532654,0.3,0.2,0.0001
11,0,0.09500699490308762,0.004629287403076887,0.18854975700378418,0.16906388103961945,0.3,0.2,0.0001
11,1,0.08169339597225189,0.0018900417489930987,0.03824645280838013,0.34164705872535706,0.3,0.2,0.0001
11,2,0.12325084954500198,0.006610084790736437,0.1419324278831482,0.3703051805496216,0.3,0.2,0.0001
11,3,0.08568357676267624,0.012832589447498322,0.051656126976013184,0.2867707312107086,0.3,0.2,0.0001
11,4,0.09095041453838348,0.004385697189718485,0.034180283546447754,0.38155317306518555,0.3,0.2,0.0001
11,5,0.08838151395320892,0.005756428465247154,0.09777647256851196,0.26646071672439575,0.3,0.2,0.0001
11,6,0.13968878984451294,0.007945138029754162,0.18381959199905396,0.3829888105392456,0.3,0.2,0.0001
11,7,0.11684156954288483,0.004880319815129042,0.22579926252365112,0.22110731899738312,0.3,0.2,0.0001
11,8,0.08947668969631195,0.010918015614151955,0.11035627126693726,0.22725892066955566,0.3,0.2,0.0001
11,9,0.3012237548828125,0.03804609179496765,0.6153477430343628,0.39286670088768005,0.3,0.2,0.0001
11,10,0.1511819064617157,0.006127329543232918,0.3011074662208557,0.27361172437667847,0.3,0.2,0.0001
11,11,0.106086865067482,0.0038227990735322237,0.18107903003692627,0.2397017478942871,0.3,0.2,0.0001
11,12,0.04695744439959526,0.004759493283927441,0.03781592845916748,0.1542658507823944,0.3,0.2,0.0001
11,13,0.05866529792547226,0.007172273937612772,0.03828984498977661,0.2000303566455841,0.3,0.2,0.0001
11,14,0.05876503884792328,0.0014599526766687632,0.04609602689743042,0.21738140285015106,0.3,0.2,0.0001
11,15,0.10718317329883575,0.010349797084927559,0.04368335008621216,0.4186418354511261,0.3,0.2,0.0001
11,16,0.09668544679880142,0.002641016850247979,0.1742541790008545,0.20884084701538086,0.3,0.2,0.0001
11,17,0.09658456593751907,0.015217621810734272,0.09515774250030518,0.2640981078147888,0.3,0.2,0.0001
11,18,0.08938408643007278,0.010868621058762074,0.11052662134170532,0.22678737342357635,0.3,0.2,0.0001
11,19,0.07878077775239944,0.0015385454753413796,0.09773510694503784,0.2396085113286972,0.3,0.2,0.0001
11,20,0.08346281945705414,0.013253776356577873,0.04639714956283569,0.28144946694374084,0.3,0.2,0.0001
11,21,0.13916274905204773,0.011564027518033981,0.20034295320510864,0.3374791741371155,0.3,0.2,0.0001
11,22,0.12739206850528717,0.004016044549643993,0.1599312424659729,0.3769832253456116,0.3,0.2,0.0001
11,23,0.08934995532035828,0.011237962171435356,0.1129341721534729,0.2211586982011795,0.3,0.2,0.0001
11,24,0.08610755205154419,0.008481879718601704,0.1491849422454834,0.16435091197490692,0.3,0.2,0.0001
11,25,0.14145711064338684,0.006859530694782734,0.19019728899002075,0.38769200444221497,0.3,0.2,0.0001
11,26,0.10439176857471466,0.014355698600411415,0.08093070983886719,0.3287842869758606,0.3,0.2,0.0001
11,27,0.28957659006118774,0.020783182233572006,0.5622869729995728,0.5005365014076233,0.3,0.2,0.0001
11,28,0.12030518054962158,0.008764022029936314,0.13295221328735352,0.35827744007110596,0.3,0.2,0.0001
11,29,0.28235530853271484,0.02244707942008972,0.5974270105361938,0.40340059995651245,0.3,0.2,0.0001
11,30,0.08192798495292664,0.010295132175087929,0.08482247591018677,0.23093055188655853,0.3,0.2,0.0001
11,31,0.05899951979517937,0.009538977406919003,0.042921483516693115,0.18292048573493958,0.3,0.2,0.0001
11,32,0.22601717710494995,0.01460644043982029,0.4230235815048218,0.4225182831287384,0.3,0.2,0.0001
11,33,0.0848538726568222,0.0021610630210489035,0.1532486081123352,0.18359114229679108,0.3,0.2,0.0001
11,34,0.07367643713951111,0.0027183026541024446,0.039281249046325684,0.29586878418922424,0.3,0.2,0.0001
11,35,0.07807937264442444,0.0034278344828635454,0.07632416486740112,0.2587714195251465,0.3,0.2,0.0001
11,36,0.06390547752380371,0.003320211311802268,0.11135417222976685,0.13589507341384888,0.3,0.2,0.0001
11,37,0.10429547727108002,0.006632726639509201,0.15371233224868774,0.25774523615837097,0.3,0.2,0.0001
11,38,0.09739997982978821,0.004227247554808855,0.1255340576171875,0.27756258845329285,0.3,0.2,0.0001
11,39,0.07979437708854675,0.005161808338016272,0.0660167932510376,0.2741376459598541,0.3,0.2,0.0001
11,40,0.09969872236251831,0.005736799910664558,0.14033746719360352,0.25930342078208923,0.3,0.2,0.0001
11,41,0.10126513242721558,0.004937539342790842,0.198949933052063,0.1832130253314972,0.3,0.2,0.0001
11,42,0.08072321116924286,0.010485729202628136,0.07778000831604004,0.23451736569404602,0.3,0.2,0.0001
11,43,0.10230261087417603,0.0027357444632798433,0.15339380502700806,0.2677435874938965,0.3,0.2,0.0001
11,44,0.06785225123167038,0.002168606035411358,0.04814237356185913,0.25620466470718384,0.3,0.2,0.0001
11,45,0.09488847851753235,0.00638844259083271,0.07766693830490112,0.32599976658821106,0.3,0.2,0.0001
11,46,0.06882226467132568,0.012328362092375755,0.04883134365081787,0.2092224657535553,0.3,0.2,0.0001
11,47,0.09250262379646301,0.016893019899725914,0.05415141582489014,0.29682090878486633,0.3,0.2,0.0001
11,48,0.043776735663414,0.0037154050078243017,0.046223223209381104,0.13097180426120758,0.3,0.2,0.0001
11,49,0.12516163289546967,0.009619773365557194,0.14524805545806885,0.35983723402023315,0.3,0.2,0.0001
11,50,0.10811452567577362,0.003722858615219593,0.1561126708984375,0.28778931498527527,0.3,0.2,0.0001
11,51,0.08586917072534561,0.007985163480043411,0.06050187349319458,0.29866722226142883,0.3,0.2,0.0001
11,52,0.06726811826229095,0.0016669422620907426,0.04473692178726196,0.26090049743652344,0.3,0.2,0.0001
11,53,0.04202696681022644,0.003570274217054248,0.04337400197982788,0.1272224485874176,0.3,0.2,0.0001
11,54,0.0750657394528389,0.004007754381746054,0.051912903785705566,0.2774205803871155,0.3,0.2,0.0001
11,55,0.10292351245880127,0.0030439672991633415,0.21061307191848755,0.18347813189029694,0.3,0.2,0.0001
11,56,0.09427936375141144,0.003128352575004101,0.15422046184539795,0.2244243621826172,0.3,0.2,0.0001
11,57,0.06963510066270828,0.0036713124718517065,0.07745921611785889,0.2136300951242447,0.3,0.2,0.0001
11,58,0.14176616072654724,0.012393493205308914,0.18443965911865234,0.37020382285118103,0.3,0.2,0.0001
11,59,0.07605166733264923,0.002444072160869837,0.1279217004776001,0.1761554330587387,0.3,0.2,0.0001
11,60,0.06638750433921814,0.0014105499722063541,0.0993390679359436,0.175876185297966,0.3,0.2,0.0001
11,61,0.11344800889492035,0.004957056604325771,0.1544981598854065,0.3107075095176697,0.3,0.2,0.0001
11,62,0.11818595230579376,0.010194104164838791,0.06898558139801025,0.436480849981308,0.3,0.2,0.0001
11,63,0.22610101103782654,0.011250532232224941,0.42317068576812744,0.43949633836746216,0.3,0.2,0.0001
11,64,0.09695477038621902,0.00401381216943264,0.14844506978988647,0.24203717708587646,0.3,0.2,0.0001
11,65,0.10050977766513824,0.004925565794110298,0.22386330366134644,0.14212606847286224,0.3,0.2,0.0001
11,66,0.08076698333024979,0.0055797821842134,0.1211121678352356,0.19426776468753815,0.3,0.2,0.0001
11,67,0.0884954035282135,0.003309678053483367,0.11471295356750488,0.25385916233062744,0.3,0.2,0.0001
11,68,0.18281596899032593,0.012202460318803787,0.3297497034072876,0.35844293236732483,0.3,0.2,0.0001
11,69,0.1207079291343689,0.007864016108214855,0.23271030187606812,0.21515408158302307,0.3,0.2,0.0001
11,70,0.16756059229373932,0.004888352006673813,0.22779524326324463,0.4716683030128479,0.3,0.2,0.0001
11,71,0.07008827477693558,0.002752474742010236,0.09002065658569336,0.20164801180362701,0.3,0.2,0.0001
11,72,0.07452471554279327,0.013720853254199028,0.050536513328552246,0.2282145619392395,0.3,0.2,0.0001
11,73,0.10314907133579254,0.011913216672837734,0.09299439191818237,0.316687673330307,0.3,0.2,0.0001
11,74,0.10527600347995758,0.0034349539782851934,0.1418864130973816,0.2963756322860718,0.3,0.2,0.0001
11,75,0.08485427498817444,0.0033070570789277554,0.11748802661895752,0.23150405287742615,0.3,0.2,0.0001
11,76,0.06716597825288773,0.0012190251145511866,0.03459906578063965,0.2778361737728119,0.3,0.2,0.0001
11,77,0.10742403566837311,0.005937647540122271,0.12020313739776611,0.32712721824645996,0.3,0.2,0.0001
11,78,0.2037866711616516,0.012264597229659557,0.332191526889801,0.45932310819625854,0.3,0.2,0.0001
11,79,0.2249719202518463,0.010403506457805634,0.3388732671737671,0.5645321011543274,0.3,0.2,0.0001
11,80,0.07168053090572357,0.007570470683276653,0.1414511799812317,0.10837353020906448,0.3,0.2,0.0001
11,81,0.06023627892136574,0.008023090660572052,0.04027843475341797,0.20064829289913177,0.3,0.2,0.0001
11,82,0.07616499066352844,0.003534892573952675,0.10467416048049927,0.2061392068862915,0.3,0.2,0.0001
11,83,0.07679890841245651,0.021929986774921417,0.05258595943450928,0.19546565413475037,0.3,0.2,0.0001
11,84,0.12197968363761902,0.01359645277261734,0.089710533618927,0.4073503613471985,0.3,0.2,0.0001
11,85,0.17450420558452606,0.005779050290584564,0.19654816389083862,0.5488035082817078,0.3,0.2,0.0001
11,86,0.125046968460083,0.006695569027215242,0.14199018478393555,0.37877172231674194,0.3,0.2,0.0001
11,87,0.08919334411621094,0.005286768544465303,0.10872036218643188,0.2564523220062256,0.3,0.2,0.0001
11,88,0.06005178391933441,0.0077557191252708435,0.0358312726020813,0.2077334076166153,0.3,0.2,0.0001
11,89,0.07510891556739807,0.009856021031737328,0.03719186782836914,0.27047666907310486,0.3,0.2,0.0001
11,90,0.21344664692878723,0.01007732655853033,0.4029300808906555,0.4124514162540436,0.3,0.2,0.0001
11,91,0.09072265028953552,0.013189861550927162,0.07198351621627808,0.27968868613243103,0.3,0.2,0.0001
11,92,0.26177918910980225,0.02082044444978237,0.5530000329017639,0.3752936124801636,0.3,0.2,0.0001
11,93,0.1650407910346985,0.011730792932212353,0.1402314305305481,0.5562028288841248,0.3,0.2,0.0001
11,94,0.16080737113952637,0.011394288390874863,0.29868602752685547,0.29903632402420044,0.3,0.2,0.0001
11,95,0.07558049261569977,0.004286511335521936,0.08871328830718994,0.22339995205402374,0.3,0.2,0.0001
11,96,0.11908349394798279,0.005153442732989788,0.18932223320007324,0.2856668531894684,0.3,0.2,0.0001
11,97,0.06785493344068527,0.0033923720475286245,0.09737223386764526,0.17625445127487183,0.3,0.2,0.0001
11,98,0.0999874696135521,0.0044500622898340225,0.08337801694869995,0.352620005607605,0.3,0.2,0.0001
12,0,0.08706952631473541,0.012591390870511532,0.050135910511016846,0.29718682169914246,0.3,0.2,0.0001
12,1,0.06161656975746155,0.003366234479472041,0.09701716899871826,0.14572592079639435,0.3,0.2,0.0001
12,2,0.13645142316818237,0.011520424857735634,0.1997109055519104,0.32508864998817444,0.3,0.2,0.0001
12,3,0.15101730823516846,0.007113495841622353,0.20097225904464722,0.41806066036224365,0.3,0.2,0.0001
12,4,0.07144352793693542,0.0014823047677055001,0.0970606803894043,0.20421509444713593,0.3,0.2,0.0001
12,5,0.1499883234500885,0.0059080421924591064,0.2950230836868286,0.2778667211532593,0.3,0.2,0.0001
12,6,0.1072189211845398,0.004860346671193838,0.19656509160995483,0.21694523096084595,0.3,0.2,0.0001
12,7,0.08134465664625168,0.0035889868158847094,0.10460954904556274,0.23186402022838593,0.3,0.2,0.0001
12,8,0.10635429620742798,0.004788185004144907,0.223854660987854,0.17204853892326355,0.3,0.2,0.0001
12,9,0.15259140729904175,0.005182101856917143,0.18382179737091064,0.4613138437271118,0.3,0.2,0.0001
12,10,0.09790995717048645,0.002699646633118391,0.17518585920333862,0.21327278017997742,0.3,0.2,0.0001
12,11,0.11894403398036957,0.0075634499080479145,0.22346550226211548,0.2217046469449997,0.3,0.2,0.0001
12,12,0.10782508552074432,0.0020646785851567984,0.1512356996536255,0.3019484877586365,0.3,0.2,0.0001
12,13,0.06395797431468964,0.007683189120143652,0.035624921321868896,0.2279365360736847,0.3,0.2,0.0001
12,14,0.29691341519355774,0.03671607747673988,0.6009597778320312,0.3995470404624939,0.3,0.2,0.0001
12,15,0.060569919645786285,0.0033083241432905197,0.11126899719238281,0.11940445750951767,0.3,0.2,0.0001
12,16,0.10247626900672913,0.0034749486949294806,0.14223766326904297,0.2816500961780548,0.3,0.2,0.0001
12,17,0.11417490243911743,0.004841693211346865,0.15382319688796997,0.3159312605857849,0.3,0.2,0.0001
12,18,0.06692879647016525,0.0027423170395195484,0.039169490337371826,0.2621781527996063,0.3,0.2,0.0001
12,19,0.11149287223815918,0.010304599069058895,0.06910842657089233,0.40227872133255005,0.3,0.2,0.0001
12,20,0.0954584926366806,0.005608533043414354,0.0970602035522461,0.30365946888923645,0.3,0.2,0.0001
12,21,0.06307468563318253,0.001469027018174529,0.04011589288711548,0.24785445630550385,0.3,0.2,0.0001
12,22,0.09742167592048645,0.010464167222380638,0.10846948623657227,0.2720833122730255,0.3,0.2,0.0001
12,23,0.07484926283359528,0.0038993251509964466,0.05186295509338379,0.276955246925354,0.3,0.2,0.0001
12,24,0.1426720917224884,0.012409299612045288,0.1841721534729004,0.3750557601451874,0.3,0.2,0.0001
12,25,0.0927734300494194,0.012442754581570625,0.06968063116073608,0.2971324324607849,0.3,0.2,0.0001
12,26,0.07602538168430328,0.0131766302511096,0.046080827713012695,0.2451225370168686,0.3,0.2,0.0001
12,27,0.13882845640182495,0.010838991031050682,0.14803147315979004,0.41790011525154114,0.3,0.2,0.0001
12,28,0.09773377329111099,0.004376701544970274,0.18640846014022827,0.18717265129089355,0.3,0.2,0.0001
12,29,0.11779166013002396,0.006816507317125797,0.14306527376174927,0.34027785062789917,0.3,0.2,0.0001
12,30,0.08172693848609924,0.010008889250457287,0.08386021852493286,0.23279988765716553,0.3,0.2,0.0001
12,31,0.08343014866113663,0.008284959010779858,0.14697569608688354,0.15526238083839417,0.3,0.2,0.0001
12,32,0.08760504424571991,0.013286241330206394,0.05015921592712402,0.29635515809059143,0.3,0.2,0.0001
12,33,0.07414965331554413,0.0034101090859621763,0.07606631517410278,0.23959824442863464,0.3,0.2,0.0001
12,34,0.09364014863967896,0.011113806627690792,0.11270791292190552,0.24356983602046967,0.3,0.2,0.0001
12,35,0.06790705025196075,0.01198514923453331,0.04878735542297363,0.20642848312854767,0.3,0.2,0.0001
12,36,0.05948725342750549,0.006816576700657606,0.037701547145843506,0.20680104196071625,0.3,0.2,0.0001
12,37,0.21034306287765503,0.010625382885336876,0.4065512418746948,0.3887614905834198,0.3,0.2,0.0001
12,38,0.09864209592342377,0.0056898994371294975,0.13965719938278198,0.255275160074234,0.3,0.2,0.0001
12,39,0.10392329096794128,0.010708441026508808,0.10838544368743896,0.3034960925579071,0.3,0.2,0.0001
12,40,0.06489729881286621,0.00959046557545662,0.04301726818084717,0.2120082825422287,0.3,0.2,0.0001
12,41,0.2030770480632782,0.012522230856120586,0.327908992767334,0.46091052889823914,0.3,0.2,0.0001
12,42,0.27550339698791504,0.020631343126296997,0.5427864789962769,0.460180401802063,0.3,0.2,0.0001
12,43,0.06755213439464569,0.005192483775317669,0.06622737646102905,0.21245718002319336,0.3,0.2,0.0001
12,44,0.105450838804245,0.00368289602920413,0.18318414688110352,0.23406347632408142,0.3,0.2,0.0001
12,45,0.09589744359254837,0.0024760887026786804,0.14965200424194336,0.24262875318527222,0.3,0.2,0.0001
12,46,0.06665970385074615,0.0013892834540456533,0.0988701581954956,0.17804686725139618,0.3,0.2,0.0001
12,47,0.3016538619995117,0.024297527968883514,0.5812970399856567,0.5148360133171082,0.3,0.2,0.0001
12,48,0.03879489004611969,0.0035949083976447582,0.043605923652648926,0.11059100925922394,0.3,0.2,0.0001
12,49,0.041431695222854614,0.004442601464688778,0.037117838859558105,0.12926870584487915,0.3,0.2,0.0001
12,50,0.06798361241817474,0.0027552794199436903,0.08946013450622559,0.1919514685869217,0.3,0.2,0.0001
12,51,0.12627916038036346,0.006534384097903967,0.1410941481590271,0.38708263635635376,0.3,0.2,0.0001
12,52,0.15088465809822083,0.011171192862093449,0.29269421100616455,0.25952601432800293,0.3,0.2,0.0001
12,53,0.07973376661539078,0.009865394793450832,0.042699337005615234,0.2852928340435028,0.3,0.2,0.0001
12,54,0.0942755788564682,0.003984041977673769,0.14726096391677856,0.23056620359420776,0.3,0.2,0.0001
12,55,0.12554685771465302,0.004567645024508238,0.16331154108047485,0.35992875695228577,0.3,0.2,0.0001
12,56,0.23166394233703613,0.014207719825208187,0.40382421016693115,0.4815448224544525,0.3,0.2,0.0001
12,57,0.08024104684591293,0.004130314104259014,0.032928466796875,0.33116093277931213,0.3,0.2,0.0001
12,58,0.11470524966716766,0.01287506427615881,0.08722496032714844,0.37831345200538635,0.3,0.2,0.0001
12,59,0.09722264111042023,0.012104042805731297,0.09139788150787354,0.28849613666534424,0.3,0.2,0.0001
12,60,0.07729072868824005,0.020725779235363007,0.051036298274993896,0.2062702625989914,0.3,0.2,0.0001
12,61,0.06312349438667297,0.0036583058536052704,0.07676148414611816,0.18218369781970978,0.3,0.2,0.0001
12,62,0.052583981305360794,0.0073056649416685104,0.03834354877471924,0.16887624561786652,0.3,0.2,0.0001
12,63,0.2243664562702179,0.011111903935670853,0.44748878479003906,0.3950395882129669,0.3,0.2,0.0001
12,64,0.19018474221229553,0.012763254344463348,0.30705153942108154,0.4265300929546356,0.3,0.2,0.0001
12,65,0.057040441781282425,0.0015115684363991022,0.04525655508041382,0.20975951850414276,0.3,0.2,0.0001
12,66,0.11924856901168823,0.0038046420086175203,0.15546804666519165,0.34401756525039673,0.3,0.2,0.0001
12,67,0.07367101311683655,0.007626427803188562,0.14136427640914917,0.11817650496959686,0.3,0.2,0.0001
12,68,0.0596606582403183,0.0021166158840060234,0.04790771007537842,0.21585863828659058,0.3,0.2,0.0001
12,69,0.26800382137298584,0.019901538267731667,0.5240998268127441,0.45436158776283264,0.3,0.2,0.0001
12,70,0.07935573905706406,0.002419020514935255,0.12648892402648926,0.1949501931667328,0.3,0.2,0.0001
12,71,0.11334708333015442,0.004449442494660616,0.08250045776367188,0.42073753476142883,0.3,0.2,0.0001
12,72,0.07880899310112,0.0033230644185096025,0.11419188976287842,0.20614179968833923,0.3,0.2,0.0001
12,73,0.06854138523340225,0.00975035596638918,0.03698521852493286,0.23847731947898865,0.3,0.2,0.0001
12,74,0.11041387915611267,0.01490689255297184,0.09356290102005005,0.3371905982494354,0.3,0.2,0.0001
12,75,0.05128883570432663,0.003679915564134717,0.04601103067398071,0.16902804374694824,0.3,0.2,0.0001
12,76,0.084688201546669,0.01657257415354252,0.0536540150642395,0.26009711623191833,0.3,0.2,0.0001
12,77,0.07362276315689087,0.008331536315381527,0.06028926372528076,0.2360222041606903,0.3,0.2,0.0001
12,78,0.07106155157089233,0.00545963691547513,0.10868626832962036,0.16498014330863953,0.3,0.2,0.0001
12,79,0.09713709354400635,0.004169943276792765,0.12348759174346924,0.27960434556007385,0.3,0.2,0.0001
12,80,0.09642485529184341,0.004890134558081627,0.2229219675064087,0.12329064309597015,0.3,0.2,0.0001
12,81,0.0696461945772171,0.0017310959519818425,0.03627431392669678,0.2851640284061432,0.3,0.2,0.0001
12,82,0.10539759695529938,0.013115521520376205,0.0774417519569397,0.345247745513916,0.3,0.2,0.0001
12,83,0.17940767109394073,0.005937797483056784,0.25895601511001587,0.4789153039455414,0.3,0.2,0.0001
12,84,0.10157319158315659,0.006406240165233612,0.15125858783721924,0.24894686043262482,0.3,0.2,0.0001
12,85,0.23169684410095215,0.011375091038644314,0.3670201897621155,0.5510784983634949,0.3,0.2,0.0001
12,86,0.09871167689561844,0.002947774948552251,0.20728158950805664,0.16789712011814117,0.3,0.2,0.0001
12,87,0.12296494841575623,0.008856620639562607,0.13261312246322632,0.37162190675735474,0.3,0.2,0.0001
12,88,0.08971123397350311,0.006359803956001997,0.07624775171279907,0.30238550901412964,0.3,0.2,0.0001
12,89,0.0774301066994667,0.004444584716111422,0.0879562497138977,0.2329932302236557,0.3,0.2,0.0001
12,90,0.07500241696834564,0.0056170313619077206,0.1208111047744751,0.16571028530597687,0.3,0.2,0.0001
12,91,0.07886585593223572,0.010518052615225315,0.07730567455291748,0.22578047215938568,0.3,0.2,0.0001
12,92,0.08289076387882233,0.0035068225115537643,0.11657369136810303,0.22205913066864014,0.3,0.2,0.0001
12,93,0.12606939673423767,0.00976924505084753,0.14497023820877075,0.3640453517436981,0.3,0.2,0.0001
12,94,0.11788102984428406,0.005529243499040604,0.11953622102737427,0.3824545741081238,0.3,0.2,0.0001
12,95,0.11283226311206818,0.00511596817523241,0.18717050552368164,0.25782567262649536,0.3,0.2,0.0001
12,96,0.06527125835418701,0.0011326742824167013,0.03359019756317139,0.27030760049819946,0.3,0.2,0.0001
12,97,0.1016964465379715,0.002988297026604414,0.1504288911819458,0.267897367477417,0.3,0.2,0.0001
12,98,0.13723668456077576,0.007413455750793219,0.16161233186721802,0.40669766068458557,0.3,0.2,0.0001
13,0,0.18332189321517944,0.011457083746790886,0.303613543510437,0.40390366315841675,0.3,0.2,0.0001
13,1,0.09980921447277069,0.002906555775552988,0.20626872777938843,0.17511014640331268,0.3,0.2,0.0001
13,2,0.07783949375152588,0.020493946969509125,0.050343990325927734,0.21121171116828918,0.3,0.2,0.0001
13,3,0.06461092084646225,0.007739415392279625,0.0597873330116272,0.19467653334140778,0.3,0.2,0.0001
13,4,0.055677950382232666,0.002053160686045885,0.04763329029083252,0.19667400419712067,0.3,0.2,0.0001
13,5,0.054952435195446014,0.0035343696363270283,0.04580116271972656,0.18838858604431152,0.3,0.2,0.0001
13,6,0.06284552812576294,0.0027530163060873747,0.08844900131225586,0.1677890419960022,0.3,0.2,0.0001
13,7,0.07345809042453766,0.004014380741864443,0.03251713514328003,0.2984428107738495,0.3,0.2,0.0001
13,8,0.10369457304477692,0.004731477703899145,0.1992064118385315,0.19600585103034973,0.3,0.2,0.0001
13,9,0.14834044873714447,0.004940525162965059,0.1902979612350464,0.43155261874198914,0.3,0.2,0.0001
13,10,0.059873566031455994,0.0035592385102063417,0.07622325420379639,0.16723674535751343,0.3,0.2,0.0001
13,11,0.09091100841760635,0.01195444818586111,0.04865485429763794,0.32180050015449524,0.3,0.2,0.0001
13,12,0.07080160081386566,0.0016832087421789765,0.03589272499084473,0.2917528450489044,0.3,0.2,0.0001
13,13,0.08990718424320221,0.002031970303505659,0.14928686618804932,0.21544577181339264,0.3,0.2,0.0001
13,14,0.103945791721344,0.004862137138843536,0.1532120704650879,0.26560017466545105,0.3,0.2,0.0001
13,15,0.07198242843151093,0.0037600265350192785,0.051504313945770264,0.26385554671287537,0.3,0.2,0.0001
13,16,0.09699156880378723,0.006416577845811844,0.1506255865097046,0.22693653404712677,0.3,0.2,0.0001
13,17,0.08749035000801086,0.009792725555598736,0.08199864625930786,0.26549017429351807,0.3,0.2,0.0001
13,18,0.06866540759801865,0.00965888425707817,0.04200446605682373,0.2320259064435959,0.3,0.2,0.0001
13,19,0.08909976482391357,0.005536581855267286,0.09570521116256714,0.2742580771446228,0.3,0.2,0.0001
13,20,0.0360911525785923,0.0034280612599104643,0.04292196035385132,0.09893251210451126,0.3,0.2,0.0001
13,21,0.07160884141921997,0.009614436887204647,0.036738693714141846,0.25486400723457336,0.3,0.2,0.0001
13,22,0.1289263367652893,0.011562316678464413,0.1990373134613037,0.28826412558555603,0.3,0.2,0.0001
13,23,0.05830634757876396,0.007072611711919308,0.03770625591278076,0.19960927963256836,0.3,0.2,0.0001
13,24,0.09251952171325684,0.012966195121407509,0.07639467716217041,0.28317463397979736,0.3,0.2,0.0001
13,25,0.059140682220458984,0.001397398067638278,0.09848940372467041,0.14098231494426727,0.3,0.2,0.0001
13,26,0.10779727250337601,0.014737182296812534,0.09267997741699219,0.32628047466278076,0.3,0.2,0.0001
13,27,0.06954210996627808,0.0014864029362797737,0.09646099805831909,0.19558703899383545,0.3,0.2,0.0001
13,28,0.10396932810544968,0.010867828503251076,0.10775750875473022,0.303871214389801,0.3,0.2,0.0001
13,29,0.09380729496479034,0.0025605675764381886,0.14652836322784424,0.23644106090068817,0.3,0.2,0.0001
13,30,0.09354281425476074,0.011638527736067772,0.09082931280136108,0.2732774615287781,0.3,0.2,0.0001
13,31,0.09260044991970062,0.004194030538201332,0.14770370721817017,0.22047655284404755,0.3,0.2,0.0001
13,32,0.08223991096019745,0.0076017784886062145,0.14068496227264404,0.16216321289539337,0.3,0.2,0.0001
13,33,0.1049688458442688,0.01038429420441389,0.06864476203918457,0.3699555993080139,0.3,0.2,0.0001
13,34,0.09870018064975739,0.010450843721628189,0.10656815767288208,0.28139442205429077,0.3,0.2,0.0001
13,35,0.09533047676086426,0.005688625853508711,0.13858050107955933,0.2403385043144226,0.3,0.2,0.0001
13,36,0.10081815719604492,0.0048302896320819855,0.22625732421875,0.1405533403158188,0.3,0.2,0.0001
13,37,0.06226397678256035,0.009275510907173157,0.042264699935913086,0.20154528319835663,0.3,0.2,0.0001
13,38,0.08726178109645844,0.0035886357072740793,0.10355788469314575,0.2630288600921631,0.3,0.2,0.0001
13,39,0.14490976929664612,0.012242847122251987,0.18111729621887207,0.3916586637496948,0.3,0.2,0.0001
13,40,0.12372161448001862,0.008670248091220856,0.13253360986709595,0.3764564096927643,0.3,0.2,0.0001
13,41,0.08704256266355515,0.016487732529640198,0.052739083766937256,0.27366551756858826,0.3,0.2,0.0001
13,42,0.07169145345687866,0.0024017426185309887,0.12518185377120972,0.15867574512958527,0.3,0.2,0.0001
13,43,0.11312459409236908,0.005655225366353989,0.11923199892044067,0.35849884152412415,0.3,0.2,0.0001
13,44,0.28859835863113403,0.02423999458551407,0.6115410327911377,0.40448030829429626,0.3,0.2,0.0001
13,45,0.1570071429014206,0.01112245861440897,0.2889806628227234,0.2959524095058441,0.3,0.2,0.0001
13,46,0.12180173397064209,0.009502044878900051,0.14406073093414307,0.34540730714797974,0.3,0.2,0.0001
13,47,0.07126784324645996,0.012364644557237625,0.04822665452957153,0.2221759855747223,0.3,0.2,0.0001
13,48,0.08923330157995224,0.01069803535938263,0.11026114225387573,0.22728461027145386,0.3,0.2,0.0001
13,49,0.054618239402770996,0.0015154238790273666,0.044403791427612305,0.19890838861465454,0.3,0.2,0.0001
13,50,0.13193431496620178,0.006781004369258881,0.16394120454788208,0.379854679107666,0.3,0.2,0.0001
13,51,0.07497093826532364,0.00433398736640811,0.08750689029693604,0.22192440927028656,0.3,0.2,0.0001
13,52,0.22677648067474365,0.016783328726887703,0.42648154497146606,0.4102433919906616,0.3,0.2,0.0001
13,53,0.12156146764755249,0.00500184390693903,0.18587231636047363,0.30398961901664734,0.3,0.2,0.0001
13,54,0.11467912793159485,0.012920736335217953,0.08664810657501221,0.3788197934627533,0.3,0.2,0.0001
13,55,0.05878940224647522,0.0010568223660811782,0.03263354301452637,0.23971256613731384,0.3,0.2,0.0001
13,56,0.20641657710075378,0.0128660649061203,0.3496024012565613,0.44334888458251953,0.3,0.2,0.0001
13,57,0.05937319993972778,0.0035905702970921993,0.07521194219589233,0.16609522700309753,0.3,0.2,0.0001
13,58,0.10865594446659088,0.003729888005182147,0.1543378233909607,0.2931235134601593,0.3,0.2,0.0001
13,59,0.20113784074783325,0.010365366004407406,0.37873440980911255,0.3857607841491699,0.3,0.2,0.0001
13,60,0.08042837679386139,0.010347683914005756,0.0769701600074768,0.23494821786880493,0.3,0.2,0.0001
13,61,0.07152388244867325,0.005481570027768612,0.12044268846511841,0.1495475172996521,0.3,0.2,0.0001
13,62,0.0742952972650528,0.0061555588617920876,0.07465004920959473,0.22872361540794373,0.3,0.2,0.0001
13,63,0.09244799613952637,0.0043585700914263725,0.08121955394744873,0.3186177611351013,0.3,0.2,0.0001
13,64,0.2150336503982544,0.010855650529265404,0.40368711948394775,0.415359228849411,0.3,0.2,0.0001
13,65,0.05588718131184578,0.00326002505607903,0.11024028062820435,0.09777536243200302,0.3,0.2,0.0001
13,66,0.06392844021320343,0.002514705527573824,0.03794890642166138,0.2501453161239624,0.3,0.2,0.0001
13,67,0.10176992416381836,0.002935392316430807,0.14945852756500244,0.2699848413467407,0.3,0.2,0.0001
13,68,0.11965540051460266,0.008175195194780827,0.22874021530151367,0.21429069340229034,0.3,0.2,0.0001
13,69,0.3046950697898865,0.03571316972374916,0.610389232635498,0.4293256402015686,0.3,0.2,0.0001
13,70,0.08325327187776566,0.00347315170802176,0.11647361516952515,0.22419016063213348,0.3,0.2,0.0001
13,71,0.04265624284744263,0.004282697569578886,0.03662705421447754,0.13692714273929596,0.3,0.2,0.0001
13,72,0.22149722278118134,0.00991913303732872,0.34970664978027344,0.5333304405212402,0.3,0.2,0.0001
13,73,0.17317920923233032,0.0061363657005131245,0.23923444747924805,0.4763624668121338,0.3,0.2,0.0001
13,74,0.10130592435598373,0.013016268610954285,0.07120335102081299,0.3346432149410248,0.3,0.2,0.0001
13,75,0.28796225786209106,0.01975293830037117,0.5433739423751831,0.5259857177734375,0.3,0.2,0.0001
13,76,0.1276884824037552,0.0067601012997329235,0.14231932163238525,0.3911629021167755,0.3,0.2,0.0001
13,77,0.0790829285979271,0.003311753971502185,0.11365854740142822,0.20836803317070007,0.3,0.2,0.0001
13,78,0.07075074315071106,0.012975488789379597,0.04928773641586304,0.21494467556476593,0.3,0.2,0.0001
13,79,0.05261071026325226,0.001426396775059402,0.04351186752319336,0.1906537562608719,0.3,0.2,0.0001
13,80,0.13011789321899414,0.006776841823011637,0.20676350593566895,0.3065599501132965,0.3,0.2,0.0001
13,81,0.058331795036792755,0.0033765065018087626,0.09680813550949097,0.12956422567367554,0.3,0.2,0.0001
13,82,0.14813873171806335,0.01134793646633625,0.14827007055282593,0.4615488052368164,0.3,0.2,0.0001
13,83,0.27529993653297424,0.019806768745183945,0.5262494087219238,0.48809173703193665,0.3,0.2,0.0001
13,84,0.04783129692077637,0.006638981401920319,0.03717339038848877,0.15020149946212769,0.3,0.2,0.0001
13,85,0.09530748426914215,0.0025714836083352566,0.17064350843429565,0.2077147215604782,0.3,0.2,0.0001
13,86,0.11896630376577377,0.006474150810390711,0.14024192094802856,0.35209783911705017,0.3,0.2,0.0001
13,87,0.15725146234035492,0.005673642735928297,0.2923445701599121,0.3193722367286682,0.3,0.2,0.0001
13,88,0.09136863052845001,0.004342908505350351,0.18510252237319946,0.15747478604316711,0.3,0.2,0.0001
13,89,0.10759806632995605,0.003865055739879608,0.1798204779624939,0.2489343285560608,0.3,0.2,0.0001
13,90,0.09180590510368347,0.005376107059419155,0.10791432857513428,0.2702775001525879,0.3,0.2,0.0001
13,91,0.0826408863067627,0.008436792530119419,0.14746421575546265,0.1498241275548935,0.3,0.2,0.0001
13,92,0.07380986213684082,0.007499349303543568,0.0349467396736145,0.2791324555873871,0.3,0.2,0.0001
13,93,0.07105815410614014,0.005216183140873909,0.06631255149841309,0.22974100708961487,0.3,0.2,0.0001
13,94,0.08488626033067703,0.004128645174205303,0.12201488018035889,0.22076575458049774,0.3,0.2,0.0001
13,95,0.09602707624435425,0.004721581935882568,0.22258079051971436,0.12265624105930328,0.3,0.2,0.0001
13,96,0.12816184759140015,0.0044393097050487995,0.1637793779373169,0.372943639755249,0.3,0.2,0.0001
13,97,0.08426472544670105,0.013187653385102749,0.04566168785095215,0.286892831325531,0.3,0.2,0.0001
13,98,0.10200514644384384,0.00345518346875906,0.14121770858764648,0.2809232473373413,0.3,0.2,0.0001
14,0,0.11387446522712708,0.008640008978545666,0.13232558965682983,0.32768386602401733,0.3,0.2,0.0001
14,1,0.1105770692229271,0.004853990860283375,0.15311932563781738,0.2989363968372345,0.3,0.2,0.0001
14,2,0.06847988069057465,0.0050442335195839405,0.06445503234863281,0.22049568593502045,0.3,0.2,0.0001
14,3,0.09381656348705292,0.0020233432296663523,0.14777541160583496,0.2373029589653015,0.3,0.2,0.0001
14,4,0.11933194100856781,0.0067016142420470715,0.14163076877593994,0.35070550441741943,0.3,0.2,0.0001
14,5,0.07303071767091751,0.0024747743736952543,0.03770148754119873,0.29622745513916016,0.3,0.2,0.0001
14,6,0.06824126839637756,0.00366252101957798,0.0512080192565918,0.24608172476291656,0.3,0.2,0.0001
14,7,0.10767782479524612,0.0037067339289933443,0.17777836322784424,0.253187894821167,0.3,0.2,0.0001
14,8,0.14761057496070862,0.010950719937682152,0.2848626971244812,0.256005197763443,0.3,0.2,0.0001
14,9,0.09992185980081558,0.012892810627818108,0.0771898627281189,0.3193604350090027,0.3,0.2,0.0001
14,10,0.0856073871254921,0.013027457520365715,0.07113367319107056,0.2561991214752197,0.3,0.2,0.0001
14,11,0.100267693400383,0.002809862606227398,0.14590543508529663,0.2684309780597687,0.3,0.2,0.0001
14,12,0.11833195388317108,0.0065131280571222305,0.13966047763824463,0.34960341453552246,0.3,0.2,0.0001
14,13,0.04421048238873482,0.003482326166704297,0.045623838901519775,0.13520501554012299,0.3,0.2,0.0001
14,14,0.07423774898052216,0.005390314385294914,0.11957883834838867,0.16486892104148865,0.3,0.2,0.0001
14,15,0.12224266678094864,0.004372057504951954,0.16084200143814087,0.3480900228023529,0.3,0.2,0.0001
14,16,0.09008124470710754,0.004338506609201431,0.08075189590454102,0.30758583545684814,0.3,0.2,0.0001
14,17,0.06708085536956787,0.0016330663347616792,0.03411996364593506,0.27605900168418884,0.3,0.2,0.0001
14,18,0.05661672353744507,0.0032864592503756285,0.09478926658630371,0.1244673952460289,0.3,0.2,0.0001
14,19,0.1988794207572937,0.013344804756343365,0.35455429553985596,0.3958415985107422,0.3,0.2,0.0001
14,20,0.10961106419563293,0.012774566188454628,0.0856161117553711,0.35575830936431885,0.3,0.2,0.0001
14,21,0.19748342037200928,0.008727802895009518,0.3911972641944885,0.35698214173316956,0.3,0.2,0.0001
14,22,0.18074753880500793,0.005506694316864014,0.20633113384246826,0.5667074918746948,0.3,0.2,0.0001
14,23,0.12894339859485626,0.0053750332444906235,0.1983797550201416,0.32027217745780945,0.3,0.2,0.0001
14,24,0.2153104841709137,0.01071261242032051,0.330935001373291,0.5265868902206421,0.3,0.2,0.0001
14,25,0.08917775750160217,0.016415920108556747,0.05220437049865723,0.2855026423931122,0.3,0.2,0.0001
14,26,0.09213711321353912,0.0025647389702498913,0.17319220304489136,0.1880735456943512,0.3,0.2,0.0001
14,27,0.15288963913917542,0.005535133648663759,0.2862035036087036,0.3074672222137451,0.3,0.2,0.0001
14,28,0.06239669770002365,0.0014075523940846324,0.09823042154312134,0.15760008990764618,0.3,0.2,0.0001
14,29,0.08149061352014542,0.012073083780705929,0.04714083671569824,0.2763763964176178,0.3,0.2,0.0001
14,30,0.14529219269752502,0.009806510992348194,0.13096821308135986,0.4809761047363281,0.3,0.2,0.0001
14,31,0.09796369075775146,0.004830129910260439,0.19812393188476562,0.16848185658454895,0.3,0.2,0.0001
14,32,0.2670093774795532,0.022504232823848724,0.5361368656158447,0.41832035779953003,0.3,0.2,0.0001
14,33,0.05752023681998253,0.006950748153030872,0.037281036376953125,0.19692587852478027,0.3,0.2,0.0001
14,34,0.07775265723466873,0.011826163157820702,0.04775303602218628,0.258002907037735,0.3,0.2,0.0001
14,35,0.05748096853494644,0.0031952564604580402,0.10971826314926147,0.10685116052627563,0.3,0.2,0.0001
14,36,0.05245400220155716,0.00941569171845913,0.04235827922821045,0.15165412425994873,0.3,0.2,0.0001
14,37,0.08637456595897675,0.002657216740772128,0.14327871799468994,0.20366866886615753,0.3,0.2,0.0001
14,38,0.09184260666370392,0.009453491307795048,0.08053594827651978,0.2911416292190552,0.3,0.2,0.0001
14,39,0.07648549228906631,0.005324205849319696,0.10712063312530518,0.19512546062469482,0.3,0.2,0.0001
14,40,0.06440335512161255,0.0010826238431036472,0.034270405769348145,0.2651980519294739,0.3,0.2,0.0001
14,41,0.10310069471597672,0.005419084336608648,0.1190185546875,0.30988022685050964,0.3,0.2,0.0001
14,42,0.10922956466674805,0.0037103111390024424,0.1533280611038208,0.29760417342185974,0.3,0.2,0.0001
14,43,0.06576097011566162,0.0035637137480080128,0.07557159662246704,0.19762888550758362,0.3,0.2,0.0001
14,44,0.10380347073078156,0.0035032702144235373,0.14155220985412598,0.2891726791858673,0.3,0.2,0.0001
14,45,0.06653338670730591,0.009408270940184593,0.03641557693481445,0.23100222647190094,0.3,0.2,0.0001
14,46,0.09136275202035904,0.014526273123919964,0.09180766344070435,0.2464708834886551,0.3,0.2,0.0001
14,47,0.07671228796243668,0.0039043796714395285,0.03210502862930298,0.31588199734687805,0.3,0.2,0.0001
14,48,0.14421172440052032,0.0049065519124269485,0.23881953954696655,0.3382965326309204,0.3,0.2,0.0001
14,49,0.07924103736877441,0.006021090783178806,0.07253694534301758,0.25729432702064514,0.3,0.2,0.0001
14,50,0.09141646325588226,0.004066096153110266,0.12152713537216187,0.2544611096382141,0.3,0.2,0.0001
14,51,0.08147648721933365,0.004295579623430967,0.08706331253051758,0.2553095519542694,0.3,0.2,0.0001
14,52,0.05102129280567169,0.0013910768320783973,0.04473179578781128,0.18105338513851166,0.3,0.2,0.0001
14,53,0.13368412852287292,0.006361831910908222,0.16122448444366455,0.39477476477622986,0.3,0.2,0.0001
14,54,0.086565300822258,0.00815522763878107,0.14574486017227173,0.17343305051326752,0.3,0.2,0.0001
14,55,0.08819461613893509,0.003610585117712617,0.1029742956161499,0.26845869421958923,0.3,0.2,0.0001
14,56,0.05894143879413605,0.0026592337526381016,0.08781582117080688,0.1496872901916504,0.3,0.2,0.0001
14,57,0.09793426096439362,0.0037221251986920834,0.14913594722747803,0.24735675752162933,0.3,0.2,0.0001
14,58,0.06339262425899506,0.012772143818438053,0.048365771770477295,0.18055373430252075,0.3,0.2,0.0001
14,59,0.12382926046848297,0.009689279831945896,0.14375317096710205,0.3550701439380646,0.3,0.2,0.0001
14,60,0.05498848855495453,0.002076855394989252,0.04781210422515869,0.19283999502658844,0.3,0.2,0.0001
14,61,0.09267990291118622,0.010549573227763176,0.10630840063095093,0.2511889934539795,0.3,0.2,0.0001
14,62,0.06296621263027191,0.007368368562310934,0.03416389226913452,0.22674337029457092,0.3,0.2,0.0001
14,63,0.2230670005083084,0.016381068155169487,0.4128890633583069,0.41409602761268616,0.3,0.2,0.0001
14,64,0.09036264568567276,0.011488339863717556,0.0907016396522522,0.25831905007362366,0.3,0.2,0.0001
14,65,0.07446324825286865,0.0031410257797688246,0.11278164386749268,0.18743860721588135,0.3,0.2,0.0001
14,66,0.07152953743934631,0.0024872319772839546,0.12461107969284058,0.1582948863506317,0.3,0.2,0.0001
14,67,0.09171734005212784,0.004322544671595097,0.18341082334518433,0.1618577241897583,0.3,0.2,0.0001
14,68,0.29137954115867615,0.02108428254723549,0.6045680046081543,0.44462424516677856,0.3,0.2,0.0001
14,69,0.10107482969760895,0.006778287701308727,0.15182465314865112,0.24374572932720184,0.3,0.2,0.0001
14,70,0.11153978109359741,0.007755442522466183,0.22771227359771729,0.17735324800014496,0.3,0.2,0.0001
14,71,0.057647932320833206,0.0035585553850978613,0.0753101110458374,0.15748171508312225,0.3,0.2,0.0001
14,72,0.035834215581417084,0.0033564437180757523,0.04240459203720093,0.09878197312355042,0.3,0.2,0.0001
14,73,0.0982750803232193,0.010242495685815811,0.1051362156867981,0.2824586033821106,0.3,0.2,0.0001
14,74,0.08381690829992294,0.010687111876904964,0.10833275318145752,0.20314984023571014,0.3,0.2,0.0001
14,75,0.06846394389867783,0.0014510360779240727,0.09614700078964233,0.19084402918815613,0.3,0.2,0.0001
14,76,0.035000406205654144,0.004310317803174257,0.03631997108459473,0.09897047281265259,0.3,0.2,0.0001
14,77,0.06139780580997467,0.006493553053587675,0.03653907775878906,0.21971264481544495,0.3,0.2,0.0001
14,78,0.197748064994812,0.009522919543087482,0.3542504906654358,0.40974995493888855,0.3,0.2,0.0001
14,79,0.07441281527280807,0.010285120457410812,0.0759771466255188,0.2066727578639984,0.3,0.2,0.0001
14,80,0.07269224524497986,0.0034263639245182276,0.11592108011245728,0.1724477857351303,0.3,0.2,0.0001
14,81,0.18979844450950623,0.010848893783986568,0.31760793924331665,0.41833579540252686,0.3,0.2,0.0001
14,82,0.07674146443605423,0.0074798185378313065,0.13900220394134521,0.13780494034290314,0.3,0.2,0.0001
14,83,0.08715303242206573,0.007760211359709501,0.05913901329040527,0.3082555830478668,0.3,0.2,0.0001
14,84,0.1388389617204666,0.01215960830450058,0.1798536777496338,0.3636162281036377,0.3,0.2,0.0001
14,85,0.2993139326572418,0.024503950029611588,0.6096556186676025,0.45956650376319885,0.3,0.2,0.0001
14,86,0.07997852563858032,0.020659198984503746,0.04992830753326416,0.2217041403055191,0.3,0.2,0.0001
14,87,0.11936809122562408,0.004984147381037474,0.1851489543914795,0.2941962778568268,0.3,0.2,0.0001
14,88,0.09170801937580109,0.0028474382124841213,0.20443671941757202,0.137647807598114,0.3,0.2,0.0001
14,89,0.0534929484128952,0.0017681870376691222,0.04459488391876221,0.19173146784305573,0.3,0.2,0.0001
14,90,0.30676230788230896,0.036867961287498474,0.5983526110649109,0.4519428014755249,0.3,0.2,0.0001
14,91,0.09337975829839706,0.00566173205152154,0.13752228021621704,0.23230670392513275,0.3,0.2,0.0001
14,92,0.09536240994930267,0.01044909842312336,0.06826978921890259,0.32216185331344604,0.3,0.2,0.0001
14,93,0.06712250411510468,0.009563787840306759,0.04144936800003052,0.22561953961849213,0.3,0.2,0.0001
14,94,0.07117480039596558,0.01306985504925251,0.044660091400146484,0.22353458404541016,0.3,0.2,0.0001
14,95,0.09310463070869446,0.004842872265726328,0.2209373116493225,0.10990282148122787,0.3,0.2,0.0001
14,96,0.09935224801301956,0.004616730846464634,0.2221631407737732,0.14043286442756653,0.3,0.2,0.0001
14,97,0.13067515194416046,0.011699263006448746,0.19864273071289062,0.29691529273986816,0.3,0.2,0.0001
14,98,0.0844154804944992,0.0056704874150455,0.09499138593673706,0.2512378990650177,0.3,0.2,0.0001
15,0,0.08235152065753937,0.019874680787324905,0.04911595582962036,0.23871028423309326,0.3,0.2,0.0001
15,1,0.0834343284368515,0.011325163766741753,0.09004628658294678,0.22547641396522522,0.3,0.2,0.0001
15,2,0.08818133175373077,0.005510274320840836,0.13649314641952515,0.20861557126045227,0.3,0.2,0.0001
15,3,0.09278908371925354,0.0022978661581873894,0.17700350284576416,0.18695083260536194,0.3,0.2,0.0001
15,4,0.06633121520280838,0.002529362915083766,0.03779947757720947,0.2623100280761719,0.3,0.2,0.0001
15,5,0.05508798733353615,0.00138840451836586,0.043421804904937744,0.20336519181728363,0.3,0.2,0.0001
15,6,0.06742352247238159,0.011590053327381611,0.04752570390701294,0.20787879824638367,0.3,0.2,0.0001
15,7,0.09422560036182404,0.01425380539149046,0.09102791547775269,0.2633171081542969,0.3,0.2,0.0001
15,8,0.10797139257192612,0.003590548876672983,0.15223479270935059,0.2935520112514496,0.3,0.2,0.0001
15,9,0.10380445420742035,0.004224963020533323,0.08045291900634766,0.3772180676460266,0.3,0.2,0.0001
15,10,0.0996936708688736,0.004658063407987356,0.19660115242004395,0.1802763193845749,0.3,0.2,0.0001
15,11,0.22483210265636444,0.010551969520747662,0.39745593070983887,0.47521671652793884,0.3,0.2,0.0001
15,12,0.28466305136680603,0.019949380308389664,0.5187695026397705,0.5454140305519104,0.3,0.2,0.0001
15,13,0.14093521237373352,0.006392007693648338,0.1632443070411682,0.42784950137138367,0.3,0.2,0.0001
15,14,0.11536441743373871,0.006459684576839209,0.13928109407424927,0.3356020152568817,0.3,0.2,0.0001
15,15,0.08629611879587173,0.004143944941461086,0.18273407220840454,0.13665972650051117,0.3,0.2,0.0001
15,16,0.05849023908376694,0.001080647693015635,0.03464454412460327,0.23508113622665405,0.3,0.2,0.0001
15,17,0.07476663589477539,0.004177032504230738,0.08643490076065063,0.2232956737279892,0.3,0.2,0.0001
15,18,0.0710475891828537,0.005377302411943674,0.11905306577682495,0.1497718095779419,0.3,0.2,0.0001
15,19,0.0841413289308548,0.005759277381002903,0.07053971290588379,0.28610071539878845,0.3,0.2,0.0001
15,20,0.1343783438205719,0.006379337515681982,0.21208250522613525,0.321871280670166,0.3,0.2,0.0001
15,21,0.06066489964723587,0.009130032733082771,0.04218554496765137,0.1943960189819336,0.3,0.2,0.0001
15,22,0.11791999638080597,0.004108028020709753,0.15757089853286743,0.33270347118377686,0.3,0.2,0.0001
15,23,0.12135577946901321,0.009019714780151844,0.12640196084976196,0.3720773756504059,0.3,0.2,0.0001
15,24,0.23298613727092743,0.01623225212097168,0.42370152473449707,0.44821709394454956,0.3,0.2,0.0001
15,25,0.14480175077915192,0.01084175892174244,0.28353649377822876,0.2444951832294464,0.3,0.2,0.0001
15,26,0.07977089285850525,0.005497255828231573,0.09460216760635376,0.22946494817733765,0.3,0.2,0.0001
15,27,0.06501094996929169,0.0035474635660648346,0.10254472494125366,0.15350030362606049,0.3,0.2,0.0001
15,28,0.10518072545528412,0.004459214862436056,0.22066742181777954,0.17260639369487762,0.3,0.2,0.0001
15,29,0.078392893075943,0.0077924467623233795,0.14384162425994873,0.13723979890346527,0.3,0.2,0.0001
15,30,0.16519662737846375,0.004856116604059935,0.2314029335975647,0.45459818840026855,0.3,0.2,0.0001
15,31,0.11678557097911835,0.008489887230098248,0.13167989253997803,0.3439585864543915,0.3,0.2,0.0001
15,32,0.046829815953969955,0.0020477415528148413,0.04779750108718872,0.15221412479877472,0.3,0.2,0.0001
15,33,0.10727310180664062,0.012736903503537178,0.08539533615112305,0.34458795189857483,0.3,0.2,0.0001
15,34,0.05504166707396507,0.0013456848682835698,0.09764569997787476,0.12201135605573654,0.3,0.2,0.0001
15,35,0.0559270977973938,0.00332636502571404,0.09511023759841919,0.12033828347921371,0.3,0.2,0.0001
15,36,0.06655584275722504,0.0024026958271861076,0.12360769510269165,0.1353541761636734,0.3,0.2,0.0001
15,37,0.09221959114074707,0.01282109972089529,0.0762413740158081,0.28263038396835327,0.3,0.2,0.0001
15,38,0.12768001854419708,0.009574566967785358,0.14340484142303467,0.3754199743270874,0.3,0.2,0.0001
15,39,0.17233127355575562,0.005074750166386366,0.19260698556900024,0.5473721623420715,0.3,0.2,0.0001
15,40,0.0604330338537693,0.0034587134141474962,0.07515716552734375,0.1721358448266983,0.3,0.2,0.0001
15,41,0.09070990979671478,0.00276313629001379,0.20364177227020264,0.13427120447158813,0.3,0.2,0.0001
15,42,0.11916124820709229,0.01138050016015768,0.19701480865478516,0.24338150024414062,0.3,0.2,0.0001
15,43,0.04283289611339569,0.0034588859416544437,0.04544532299041748,0.1287020593881607,0.3,0.2,0.0001
15,44,0.07547537237405777,0.007404936011880636,0.13778609037399292,0.1336730420589447,0.3,0.2,0.0001
15,45,0.09440843015909195,0.004689148627221584,0.2239009141921997,0.112745001912117,0.3,0.2,0.0001
15,46,0.08685791492462158,0.00395464152097702,0.12117606401443481,0.2327522337436676,0.3,0.2,0.0001
15,47,0.1222366988658905,0.007447187323123217,0.22331035137176514,0.23898197710514069,0.3,0.2,0.0001
15,48,0.035973984748125076,0.003347441554069519,0.04254668951034546,0.0993126779794693,0.3,0.2,0.0001
15,49,0.10712022334337234,0.0045910184271633625,0.15143316984176636,0.2854962646961212,0.3,0.2,0.0001
15,50,0.07049766182899475,0.012626232579350471,0.04823291301727295,0.21700778603553772,0.3,0.2,0.0001
15,51,0.0531756617128849,0.0012458626879379153,0.039502859115600586,0.20039470493793488,0.3,0.2,0.0001
15,52,0.09913512319326401,0.002747804159298539,0.14233553409576416,0.26843327283859253,0.3,0.2,0.0001
15,53,0.08926370739936829,0.004008892457932234,0.14626872539520264,0.20687095820903778,0.3,0.2,0.0001
15,54,0.1310880333185196,0.012004385702311993,0.17952215671539307,0.3261350095272064,0.3,0.2,0.0001
15,55,0.07205884903669357,0.0032684963662177324,0.1154102087020874,0.1708364486694336,0.3,0.2,0.0001
15,56,0.06589988619089127,0.005083703435957432,0.10620248317718506,0.14477717876434326,0.3,0.2,0.0001
15,57,0.10412705689668655,0.0065607777796685696,0.1491265892982483,0.2641414999961853,0.3,0.2,0.0001
15,58,0.20540381968021393,0.009104955941438675,0.3855017423629761,0.40324166417121887,0.3,0.2,0.0001
15,59,0.10571921616792679,0.010325745679438114,0.10493618249893188,0.3195630609989166,0.3,0.2,0.0001
15,60,0.04791662096977234,0.0042102946899831295,0.036291420459747314,0.1640944927930832,0.3,0.2,0.0001
15,61,0.1031159907579422,0.003367010969668627,0.13926881551742554,0.2898416817188263,0.3,0.2,0.0001
15,62,0.07451125979423523,0.007663402706384659,0.059029579162597656,0.24569490551948547,0.3,0.2,0.0001
15,63,0.055145807564258575,0.009263952262699604,0.03618013858795166,0.17513906955718994,0.3,0.2,0.0001
15,64,0.0732470452785492,0.001440802006982267,0.09595292806625366,0.21510180830955505,0.3,0.2,0.0001
15,65,0.06508634984493256,0.003378914436325431,0.0737714171409607,0.19788005948066711,0.3,0.2,0.0001
15,66,0.20899462699890137,0.010499384254217148,0.3402004837989807,0.48217543959617615,0.3,0.2,0.0001
15,67,0.08446602523326874,0.01009895745664835,0.07558321952819824,0.25846049189567566,0.3,0.2,0.0001
15,68,0.05836276337504387,0.003524407744407654,0.050928592681884766,0.19779889285564423,0.3,0.2,0.0001
15,69,0.3049725294113159,0.0367274209856987,0.6082875728607178,0.42879417538642883,0.3,0.2,0.0001
15,70,0.11127761751413345,0.004045033361762762,0.18500161170959473,0.2586604952812195,0.3,0.2,0.0001
15,71,0.07109010964632034,0.0030350815504789352,0.1118234395980835,0.17253997921943665,0.3,0.2,0.0001
15,72,0.19534307718276978,0.011561622843146324,0.3257800340652466,0.43023717403411865,0.3,0.2,0.0001
15,73,0.12009423971176147,0.006637449376285076,0.1410890817642212,0.3556503355503082,0.3,0.2,0.0001
15,74,0.1296907216310501,0.005203170236200094,0.28123289346694946,0.2005884051322937,0.3,0.2,0.0001
15,75,0.052620336413383484,0.006930126342922449,0.03700757026672363,0.17293968796730042,0.3,0.2,0.0001
15,76,0.2821784019470215,0.02154461108148098,0.5506134629249573,0.47724875807762146,0.3,0.2,0.0001
15,77,0.07389232516288757,0.01203910168260336,0.04689741134643555,0.23892001807689667,0.3,0.2,0.0001
15,78,0.0887622982263565,0.013006825931370258,0.07007712125778198,0.27366164326667786,0.3,0.2,0.0001
15,79,0.09739050269126892,0.010418334975838661,0.06798291206359863,0.3328864574432373,0.3,0.2,0.0001
15,80,0.0639495700597763,0.0027447156608104706,0.0875200629234314,0.17474417388439178,0.3,0.2,0.0001
15,81,0.11547217518091202,0.00470462953671813,0.18172496557235718,0.2812502682209015,0.3,0.2,0.0001
15,82,0.06278446316719055,0.005085493437945843,0.0648726224899292,0.19118592143058777,0.3,0.2,0.0001
15,83,0.055213164538145065,0.00706357741728425,0.033710479736328125,0.19018220901489258,0.3,0.2,0.0001
15,84,0.2718626856803894,0.023975560441613197,0.5695557594299316,0.3851020038127899,0.3,0.2,0.0001
15,85,0.04548361524939537,0.006492272950708866,0.03634798526763916,0.14043472707271576,0.3,0.2,0.0001
15,86,0.08138934522867203,0.012916442938148975,0.04454398155212402,0.2755485475063324,0.3,0.2,0.0001
15,87,0.08354681730270386,0.009393018670380116,0.07986831665039062,0.25096648931503296,0.3,0.2,0.0001
15,88,0.06249735504388809,0.0032862902153283358,0.10920983552932739,0.13224054872989655,0.3,0.2,0.0001
15,89,0.0802987664937973,0.0018758537480607629,0.14396029710769653,0.1761741042137146,0.3,0.2,0.0001
15,90,0.07058991491794586,0.0015367800369858742,0.03375726938247681,0.2946297824382782,0.3,0.2,0.0001
15,91,0.10951697081327438,0.016127340495586395,0.051442503929138184,0.3897843658924103,0.3,0.2,0.0001
15,92,0.2074296474456787,0.013059111312031746,0.3230189085006714,0.48732423782348633,0.3,0.2,0.0001
15,93,0.0911182165145874,0.010598822496831417,0.10732865333557129,0.24160397052764893,0.3,0.2,0.0001
15,94,0.08278629928827286,0.0025087695103138685,0.14931148290634155,0.17742040753364563,0.3,0.2,0.0001
15,95,0.08826932311058044,0.010963249951601028,0.10712701082229614,0.22583982348442078,0.3,0.2,0.0001
15,96,0.09911400079727173,0.00388408824801445,0.03198951482772827,0.4281653165817261,0.3,0.2,0.0001
15,97,0.0789773017168045,0.009353823028504848,0.040725529193878174,0.28702908754348755,0.3,0.2,0.0001
15,98,0.10386033356189728,0.005399236921221018,0.1186785101890564,0.3142876923084259,0.3,0.2,0.0001
16,0,0.09687289595603943,0.012534196488559246,0.07414358854293823,0.3104781210422516,0.3,0.2,0.0001
16,1,0.055112093687057495,0.004876304417848587,0.0634164810180664,0.15605421364307404,0.3,0.2,0.0001
16,2,0.05894945561885834,0.0020734802819788456,0.046996235847473145,0.21388553082942963,0.3,0.2,0.0001
16,3,0.09085272252559662,0.009209566749632359,0.04057776927947998,0.3473491072654724,0.3,0.2,0.0001
16,4,0.04356441646814346,0.004349321126937866,0.036265790462493896,0.14167678356170654,0.3,0.2,0.0001
16,5,0.07846654206514359,0.011829765513539314,0.0457228422164917,0.26459962129592896,0.3,0.2,0.0001
16,6,0.0868569016456604,0.010301776230335236,0.10484570264816284,0.22550703585147858,0.3,0.2,0.0001
16,7,0.10163724422454834,0.0026553901843726635,0.146184504032135,0.27563247084617615,0.3,0.2,0.0001
16,8,0.1492404341697693,0.008955779485404491,0.1276334524154663,0.5099730491638184,0.3,0.2,0.0001
16,9,0.06830234825611115,0.00537727028131485,0.10595917701721191,0.155686616897583,0.3,0.2,0.0001
16,10,0.09502722322940826,0.004931454546749592,0.19828039407730103,0.1530582457780838,0.3,0.2,0.0001
16,11,0.04910228028893471,0.00638966029509902,0.0360410213470459,0.1595015525817871,0.3,0.2,0.0001
16,12,0.05710909515619278,0.0031746909953653812,0.10846954584121704,0.10696767270565033,0.3,0.2,0.0001
16,13,0.13143476843833923,0.011552748270332813,0.19663476943969727,0.3044578731060028,0.3,0.2,0.0001
16,14,0.06668819487094879,0.016419505700469017,0.0518222451210022,0.17361009120941162,0.3,0.2,0.0001
16,15,0.08288025110960007,0.010319783352315426,0.1059684157371521,0.2038497030735016,0.3,0.2,0.0001
16,16,0.09254097193479538,0.0028152598533779383,0.20252960920333862,0.14483414590358734,0.3,0.2,0.0001
16,17,0.18823273479938507,0.012705354019999504,0.3147629499435425,0.4054924547672272,0.3,0.2,0.0001
16,18,0.05677216127514839,0.003375368658453226,0.04517042636871338,0.19922831654548645,0.3,0.2,0.0001
16,19,0.22058695554733276,0.009682470932602882,0.4298641085624695,0.4097261428833008,0.3,0.2,0.0001
16,20,0.07890210300683975,0.007929852232336998,0.14365971088409424,0.13937167823314667,0.3,0.2,0.0001
16,21,0.10927119851112366,0.005383569281548262,0.11756294965744019,0.3430936932563782,0.3,0.2,0.0001
16,22,0.08462905883789062,0.011278938502073288,0.09073024988174438,0.23065519332885742,0.3,0.2,0.0001
16,23,0.06438565999269485,0.003529269015416503,0.050890326499938965,0.2279464453458786,0.3,0.2,0.0001
16,24,0.06000625342130661,0.0016505902167409658,0.034867942333221436,0.23947638273239136,0.3,0.2,0.0001
16,25,0.10096053779125214,0.010071643628180027,0.068156898021698,0.3522091209888458,0.3,0.2,0.0001
16,26,0.05072393640875816,0.0015694312751293182,0.04508626461029053,0.17814311385154724,0.3,0.2,0.0001
16,27,0.07696987688541412,0.003368750913068652,0.11510705947875977,0.19534504413604736,0.3,0.2,0.0001
16,28,0.09095577895641327,0.013203408569097519,0.07108443975448608,0.2821352183818817,0.3,0.2,0.0001
16,29,0.0916885957121849,0.002652988536283374,0.17411059141159058,0.18401214480400085,0.3,0.2,0.0001
16,30,0.11160878837108612,0.004581940360367298,0.1502751111984253,0.30972155928611755,0.3,0.2,0.0001
16,31,0.10039855539798737,0.0064874859526753426,0.14871877431869507,0.24647720158100128,0.3,0.2,0.0001
16,32,0.09040594100952148,0.013888287357985973,0.08983296155929565,0.2478388100862503,0.3,0.2,0.0001
16,33,0.12020944058895111,0.006570311263203621,0.1392078399658203,0.35938388109207153,0.3,0.2,0.0001
16,34,0.08138574659824371,0.00549216428771615,0.09428352117538452,0.23804259300231934,0.3,0.2,0.0001
16,35,0.18512392044067383,0.010875577107071877,0.27987515926361084,0.45142897963523865,0.3,0.2,0.0001
16,36,0.0660039409995079,0.00541185075417161,0.11865931749343872,0.12497144192457199,0.3,0.2,0.0001
16,37,0.09519403427839279,0.004433002322912216,0.2193726897239685,0.12474607676267624,0.3,0.2,0.0001
16,38,0.2222730666399002,0.009377512149512768,0.39807945489883423,0.4673585295677185,0.3,0.2,0.0001
16,39,0.16903308033943176,0.004661373794078827,0.192643940448761,0.5328925848007202,0.3,0.2,0.0001
16,40,0.06126845255494118,0.006950197275727987,0.036764323711395264,0.21644477546215057,0.3,0.2,0.0001
16,41,0.06872245669364929,0.0014140281127765775,0.09569573402404785,0.19299854338169098,0.3,0.2,0.0001
16,42,0.08066602051258087,0.003916704561561346,0.12032443284988403,0.2032599151134491,0.3,0.2,0.0001
16,43,0.05142791569232941,0.0033036184031516314,0.09422516822814941,0.09928373247385025,0.3,0.2,0.0001
16,44,0.06719512492418289,0.007651373744010925,0.05878323316574097,0.20954391360282898,0.3,0.2,0.0001
16,45,0.09547557681798935,0.0033680261112749577,0.13864827156066895,0.25256532430648804,0.3,0.2,0.0001
16,46,0.1143454760313034,0.004930766299366951,0.18278664350509644,0.2728935778141022,0.3,0.2,0.0001
16,47,0.11224352568387985,0.006550651043653488,0.13995414972305298,0.31853312253952026,0.3,0.2,0.0001
16,48,0.08121582865715027,0.019673852249979973,0.04799240827560425,0.23572124540805817,0.3,0.2,0.0001
16,49,0.2780621647834778,0.0326605848968029,0.5716527700424194,0.3695286810398102,0.3,0.2,0.0001
16,50,0.09599030017852783,0.0038208544719964266,0.1467914581298828,0.24066004157066345,0.3,0.2,0.0001
16,51,0.09392521530389786,0.0027544707991182804,0.14256888628005981,0.24200037121772766,0.3,0.2,0.0001
16,52,0.08391150087118149,0.005840710364282131,0.07039010524749756,0.2847687900066376,0.3,0.2,0.0001
16,53,0.05784473568201065,0.002705142367631197,0.08681464195251465,0.14547599852085114,0.3,0.2,0.0001
16,54,0.13986672461032867,0.01076509989798069,0.2797149419784546,0.22593571245670319,0.3,0.2,0.0001
16,55,0.05529461055994034,0.0069467006251215935,0.03329885005950928,0.19179126620292664,0.3,0.2,0.0001
16,56,0.07852712273597717,0.0018833718495443463,0.1433011293411255,0.16826704144477844,0.3,0.2,0.0001
16,57,0.06958308815956116,0.011730280704796314,0.04714173078536987,0.2185514271259308,0.3,0.2,0.0001
16,58,0.07564188539981842,0.0036084235180169344,0.10188210010528564,0.2073441743850708,0.3,0.2,0.0001
16,59,0.08922411501407623,0.009322856552898884,0.0791555643081665,0.28077295422554016,0.3,0.2,0.0001
16,60,0.06482506543397903,0.0012560872128233314,0.034396588802337646,0.26625001430511475,0.3,0.2,0.0001
16,61,0.05073605105280876,0.001351582002826035,0.043058037757873535,0.1823352873325348,0.3,0.2,0.0001
16,62,0.17903229594230652,0.004633425269275904,0.2330871820449829,0.5223636031150818,0.3,0.2,0.0001
16,63,0.1064092367887497,0.012522243894636631,0.08350342512130737,0.34417983889579773,0.3,0.2,0.0001
16,64,0.10979180037975311,0.003560944925993681,0.15110963582992554,0.3044898211956024,0.3,0.2,0.0001
16,65,0.2765602469444275,0.02105417661368847,0.538902759552002,0.4691762328147888,0.3,0.2,0.0001
16,66,0.10508857667446136,0.010824345052242279,0.10590696334838867,0.31246069073677063,0.3,0.2,0.0001
16,67,0.09247108548879623,0.004773358814418316,0.22193682193756104,0.10558340698480606,0.3,0.2,0.0001
16,68,0.06971997022628784,0.004405447281897068,0.08633780479431152,0.19706588983535767,0.3,0.2,0.0001
16,69,0.06960572302341461,0.002949594520032406,0.11085730791091919,0.16699466109275818,0.3,0.2,0.0001
16,70,0.04783319681882858,0.00907869916409254,0.041537463665008545,0.13146629929542542,0.3,0.2,0.0001
16,71,0.0847826674580574,0.004134961403906345,0.18148773908615112,0.13100691139698029,0.3,0.2,0.0001
16,72,0.2910570502281189,0.02432350255548954,0.576697051525116,0.4686221480369568,0.3,0.2,0.0001
16,73,0.05774896219372749,0.0036779821384698153,0.0313839316368103,0.22327899932861328,0.3,0.2,0.0001
16,74,0.1966857761144638,0.009318551048636436,0.3203858733177185,0.45625725388526917,0.3,0.2,0.0001
16,75,0.11352385580539703,0.008723943494260311,0.1313968300819397,0.3269042670726776,0.3,0.2,0.0001
16,76,0.05469908565282822,0.003533073700964451,0.07271438837051392,0.14675846695899963,0.3,0.2,0.0001
16,77,0.07689458131790161,0.0023197438567876816,0.12238419055938721,0.1892978847026825,0.3,0.2,0.0001
16,78,0.07777528464794159,0.0101467939093709,0.07600557804107666,0.22413408756256104,0.3,0.2,0.0001
16,79,0.14797405898571014,0.005191642791032791,0.2777755856513977,0.2972486615180969,0.3,0.2,0.0001
16,80,0.12855574488639832,0.004250822123140097,0.07962691783905029,0.5020841956138611,0.3,0.2,0.0001
16,81,0.08647333085536957,0.005437722895294428,0.13529402017593384,0.20223698019981384,0.3,0.2,0.0001
16,82,0.13442671298980713,0.00688545498996973,0.2043561339378357,0.33117204904556274,0.3,0.2,0.0001
16,83,0.05891722813248634,0.0024899954441934824,0.03736788034439087,0.22608435153961182,0.3,0.2,0.0001
16,84,0.22251150012016296,0.013728837482631207,0.41436439752578735,0.4223666787147522,0.3,0.2,0.0001
16,85,0.06170383840799332,0.009078686125576496,0.03583931922912598,0.2093667834997177,0.3,0.2,0.0001
16,86,0.10228671133518219,0.0038690778892487288,0.17979371547698975,0.2223975956439972,0.3,0.2,0.0001
16,87,0.13136936724185944,0.011781875044107437,0.1765943169593811,0.33304598927497864,0.3,0.2,0.0001
16,88,0.11203661561012268,0.007988564670085907,0.23035115003585815,0.17471349239349365,0.3,0.2,0.0001
16,89,0.11854121088981628,0.009778440929949284,0.14348512887954712,0.3285861611366272,0.3,0.2,0.0001
16,90,0.2952522039413452,0.020654218271374702,0.5271379947662354,0.5822829008102417,0.3,0.2,0.0001
16,91,0.05478727072477341,0.0013502455549314618,0.09678798913955688,0.12200313061475754,0.3,0.2,0.0001
16,92,0.13179561495780945,0.006021411623805761,0.16320258378982544,0.3840671479701996,0.3,0.2,0.0001
16,93,0.057134710252285004,0.003405559342354536,0.07377010583877563,0.15799057483673096,0.3,0.2,0.0001
16,94,0.075958251953125,0.0073594702407717705,0.1370089054107666,0.13748054206371307,0.3,0.2,0.0001
16,95,0.10979282855987549,0.003926627803593874,0.15852558612823486,0.2915426194667816,0.3,0.2,0.0001
16,96,0.03644593060016632,0.003338991431519389,0.042276740074157715,0.10211958736181259,0.3,0.2,0.0001
16,97,0.07230642437934875,0.012490412220358849,0.04745316505432129,0.22790032625198364,0.3,0.2,0.0001
16,98,0.06733650714159012,0.012634346261620522,0.04307985305786133,0.20889101922512054,0.3,0.2,0.0001
17,0,0.06923933327198029,0.00563721964135766,0.06932944059371948,0.214016392827034,0.3,0.2,0.0001
17,1,0.06688898056745529,0.0014705961802974343,0.09560638666152954,0.18368233740329742,0.3,0.2,0.0001
17,2,0.08077588677406311,0.010007839649915695,0.10468995571136475,0.19680528342723846,0.3,0.2,0.0001
17,3,0.06912330538034439,0.002391946967691183,0.03711742162704468,0.27798065543174744,0.3,0.2,0.0001
17,4,0.07019128650426865,0.00728869391605258,0.13568413257598877,0.11098673939704895,0.3,0.2,0.0001
17,5,0.07142437249422073,0.0052163247019052505,0.1181831955909729,0.1537654548883438,0.3,0.2,0.0001
17,6,0.0674828514456749,0.00335763324983418,0.11453878879547119,0.14881789684295654,0.3,0.2,0.0001
17,7,0.09864683449268341,0.006167903076857328,0.14560598134994507,0.24398565292358398,0.3,0.2,0.0001
17,8,0.07254424691200256,0.019228126853704453,0.04755192995071411,0.19525271654129028,0.3,0.2,0.0001
17,9,0.052286967635154724,0.0013318080455064774,0.09648877382278442,0.11004262417554855,0.3,0.2,0.0001
17,10,0.05178644508123398,0.0032881114166229963,0.09331697225570679,0.10251621901988983,0.3,0.2,0.0001
17,11,0.05776463449001312,0.003312634536996484,0.07324910163879395,0.16238634288311005,0.3,0.2,0.0001
17,12,0.06603499501943588,0.011296091601252556,0.045820415019989014,0.20496387779712677,0.3,0.2,0.0001
17,13,0.07820258289575577,0.005337085574865341,0.09309673309326172,0.22468239068984985,0.3,0.2,0.0001
17,14,0.0794747993350029,0.012443045154213905,0.04281497001647949,0.2709363102912903,0.3,0.2,0.0001
17,15,0.14929254353046417,0.01063524466007948,0.2755155563354492,0.28001317381858826,0.3,0.2,0.0001
17,16,0.10592994093894958,0.004209447186440229,0.07909166812896729,0.3899649381637573,0.3,0.2,0.0001
17,17,0.06127560883760452,0.003473278833553195,0.07268553972244263,0.17998333275318146,0.3,0.2,0.0001
17,18,0.05858498066663742,0.0011692771222442389,0.03513103723526001,0.23438195884227753,0.3,0.2,0.0001
17,19,0.07826566696166992,0.006617543287575245,0.03564596176147461,0.30477166175842285,0.3,0.2,0.0001
17,20,0.06685830652713776,0.004251466132700443,0.08592438697814941,0.1841476410627365,0.3,0.2,0.0001
17,21,0.2238895148038864,0.010456927120685577,0.4161355495452881,0.44295957684516907,0.3,0.2,0.0001
17,22,0.11349057406187057,0.006591359153389931,0.13909882307052612,0.3258478045463562,0.3,0.2,0.0001
17,23,0.08676166832447052,0.010293944738805294,0.1051185131072998,0.22466082870960236,0.3,0.2,0.0001
17,24,0.04684211313724518,0.0017310683615505695,0.04408717155456543,0.15942446887493134,0.3,0.2,0.0001
17,25,0.03735962137579918,0.003349094185978174,0.0422360897064209,0.10669849812984467,0.3,0.2,0.0001
17,26,0.05322927236557007,0.0031004510819911957,0.10791647434234619,0.08876938372850418,0.3,0.2,0.0001
17,27,0.08743658661842346,0.005281640216708183,0.1336040496826172,0.21036863327026367,0.3,0.2,0.0001
17,28,0.10852877795696259,0.01249653473496437,0.08347165584564209,0.35495373606681824,0.3,0.2,0.0001
17,29,0.0864928811788559,0.012610329315066338,0.06875771284103394,0.26627621054649353,0.3,0.2,0.0001
17,30,0.06392495334148407,0.011700539849698544,0.04552590847015381,0.19283321499824524,0.3,0.2,0.0001
17,31,0.11129564046859741,0.006221201736479998,0.1367635726928711,0.320226788520813,0.3,0.2,0.0001
17,32,0.1298075169324875,0.011433449573814869,0.1952345371246338,0.2990185022354126,0.3,0.2,0.0001
17,33,0.04575200378894806,0.0014742141356691718,0.04449737071990967,0.15464289486408234,0.3,0.2,0.0001
17,34,0.11636341363191605,0.009727581404149532,0.14289849996566772,0.3188313841819763,0.3,0.2,0.0001
17,35,0.08640196919441223,0.011176463216543198,0.09007245302200317,0.24101881682872772,0.3,0.2,0.0001
17,36,0.0717170238494873,0.002337305573746562,0.12209653854370117,0.16375374794006348,0.3,0.2,0.0001
17,37,0.14959172904491425,0.005025679711252451,0.27126163244247437,0.3159377872943878,0.3,0.2,0.0001
17,38,0.05556522682309151,0.008917372673749924,0.03561413288116455,0.1798180639743805,0.3,0.2,0.0001
17,39,0.08817567676305771,0.0027093631215393543,0.14809006452560425,0.20519645512104034,0.3,0.2,0.0001
17,40,0.27755206823349,0.022233355790376663,0.5638139247894287,0.43087267875671387,0.3,0.2,0.0001
17,41,0.2316373884677887,0.01278926245868206,0.38893288373947144,0.5108412504196167,0.3,0.2,0.0001
17,42,0.22163356840610504,0.008743328973650932,0.38500916957855225,0.48693743348121643,0.3,0.2,0.0001
17,43,0.08994544297456741,0.0047869556583464146,0.22006583213806152,0.0956936776638031,0.3,0.2,0.0001
17,44,0.03998532146215439,0.004272521007806063,0.03607738018035889,0.12444793432950974,0.3,0.2,0.0001
17,45,0.06995069980621338,0.00772429583594203,0.14219099283218384,0.09784550219774246,0.3,0.2,0.0001
17,46,0.10335733741521835,0.005268788896501064,0.1167900562286377,0.31525763869285583,0.3,0.2,0.0001
17,47,0.0652235597372055,0.007852178998291492,0.05897170305252075,0.19839933514595032,0.3,0.2,0.0001
17,48,0.08033555746078491,0.0019133242312818766,0.14232760667800903,0.17861977219581604,0.3,0.2,0.0001
17,49,0.05875308811664581,0.004915826488286257,0.061356961727142334,0.17715084552764893,0.3,0.2,0.0001
17,50,0.058385301381349564,0.0033849484752863646,0.05041313171386719,0.19938206672668457,0.3,0.2,0.0001
17,51,0.1584927886724472,0.005066755693405867,0.1838199496269226,0.49140024185180664,0.3,0.2,0.0001
17,52,0.0952950268983841,0.010345324873924255,0.06797748804092407,0.3227822780609131,0.3,0.2,0.0001
17,53,0.09646637737751007,0.004958543460816145,0.19685226678848267,0.1622607260942459,0.3,0.2,0.0001
17,54,0.10131259262561798,0.004314121324568987,0.21860599517822266,0.15708334743976593,0.3,0.2,0.0001
17,55,0.15864868462085724,0.0058586797676980495,0.21338897943496704,0.443866491317749,0.3,0.2,0.0001
17,56,0.11053331196308136,0.004880482330918312,0.18177568912506104,0.25560057163238525,0.3,0.2,0.0001
17,57,0.07892768830060959,0.00924453604966402,0.04137319326400757,0.28635597229003906,0.3,0.2,0.0001
17,58,0.0712485983967781,0.0028400602750480175,0.11059308052062988,0.1761530488729477,0.3,0.2,0.0001
17,59,0.09553088247776031,0.003437313949689269,0.13903272151947021,0.2519187331199646,0.3,0.2,0.0001
17,60,0.05637768283486366,0.0016705207526683807,0.0349387526512146,0.2211276739835739,0.3,0.2,0.0001
17,61,0.10652655363082886,0.0036579626612365246,0.15120720863342285,0.28753212094306946,0.3,0.2,0.0001
17,62,0.06294912844896317,0.0026940114330500364,0.08672094345092773,0.1711941659450531,0.3,0.2,0.0001
17,63,0.1885303407907486,0.01247766800224781,0.33211690187454224,0.3820880055427551,0.3,0.2,0.0001
17,64,0.08888749033212662,0.0027229185216128826,0.14020401239395142,0.22051681578159332,0.3,0.2,0.0001
17,65,0.04279414564371109,0.0033307746052742004,0.04495096206665039,0.12989041209220886,0.3,0.2,0.0001
17,66,0.26319971680641174,0.022670090198516846,0.538097083568573,0.39550238847732544,0.3,0.2,0.0001
17,67,0.2696441411972046,0.022004909813404083,0.5300731658935547,0.44308632612228394,0.3,0.2,0.0001
17,68,0.0591018870472908,0.0036229747347533703,0.031484901905059814,0.2301672101020813,0.3,0.2,0.0001
17,69,0.08541882038116455,0.004043634980916977,0.18033546209335327,0.13637273013591766,0.3,0.2,0.0001
17,70,0.053007934242486954,0.006343671586364508,0.03584015369415283,0.1795610785484314,0.3,0.2,0.0001
17,71,0.08409972488880157,0.004011786542832851,0.14444392919540405,0.18377375602722168,0.3,0.2,0.0001
17,72,0.11919757723808289,0.011720594018697739,0.17576706409454346,0.27373433113098145,0.3,0.2,0.0001
17,73,0.07157132029533386,0.00985183659940958,0.0750570297241211,0.19601187109947205,0.3,0.2,0.0001
17,74,0.15949933230876923,0.006473705172538757,0.12894874811172485,0.5717049837112427,0.3,0.2,0.0001
17,75,0.18582232296466827,0.012765491381287575,0.310844361782074,0.3990176022052765,0.3,0.2,0.0001
17,76,0.09255033731460571,0.01434007752686739,0.08991360664367676,0.25618088245391846,0.3,0.2,0.0001
17,77,0.13317908346652985,0.005717792082577944,0.1728687882423401,0.3780032694339752,0.3,0.2,0.0001
17,78,0.10369271785020828,0.004754022695124149,0.15239351987838745,0.26610317826271057,0.3,0.2,0.0001
17,79,0.15552648901939392,0.005185978952795267,0.24420756101608276,0.3853911757469177,0.3,0.2,0.0001
17,80,0.11143018305301666,0.008518499322235584,0.1311628818511963,0.31781408190727234,0.3,0.2,0.0001
17,81,0.06777282059192657,0.003600902622565627,0.1012122631072998,0.16904118657112122,0.3,0.2,0.0001
17,82,0.04740602523088455,0.002064410364255309,0.047392427921295166,0.15561942756175995,0.3,0.2,0.0001
17,83,0.2250315397977829,0.01157304272055626,0.3546583652496338,0.5353049039840698,0.3,0.2,0.0001
17,84,0.08734607696533203,0.00939151830971241,0.07920747995376587,0.27096158266067505,0.3,0.2,0.0001
17,85,0.10506115108728409,0.007932852953672409,0.2212773561477661,0.15372541546821594,0.3,0.2,0.0001
17,86,0.09043405950069427,0.015994107350707054,0.050057291984558105,0.297113835811615,0.3,0.2,0.0001
17,87,0.3035000264644623,0.03582073748111725,0.5859129428863525,0.4595269560813904,0.3,0.2,0.0001
17,88,0.1152409166097641,0.004404560662806034,0.16377848386764526,0.3085140287876129,0.3,0.2,0.0001
17,89,0.06794032454490662,0.01220758818089962,0.04688340425491333,0.20833858847618103,0.3,0.2,0.0001
17,90,0.07107354700565338,0.0068115778267383575,0.03283590078353882,0.272055983543396,0.3,0.2,0.0001
17,91,0.10356507450342178,0.010290323756635189,0.10399860143661499,0.310375839471817,0.3,0.2,0.0001
17,92,0.08833838999271393,0.004014935344457626,0.11931759119033813,0.24264085292816162,0.3,0.2,0.0001
17,93,0.0913822203874588,0.002713320776820183,0.20194637775421143,0.1404249370098114,0.3,0.2,0.0001
17,94,0.08761574327945709,0.0025116638280451298,0.17462384700775146,0.16358458995819092,0.3,0.2,0.0001
17,95,0.09491848945617676,0.012533597648143768,0.07545793056488037,0.2987375557422638,0.3,0.2,0.0001
17,96,0.04749559611082077,0.008965814486145973,0.04089623689651489,0.1313045471906662,0.3,0.2,0.0001
17,97,0.09595055133104324,0.003424381837248802,0.1794763207435608,0.19341635704040527,0.3,0.2,0.0001
17,98,0.0928167924284935,0.005101560149341822,0.10462242364883423,0.28164249658584595,0.3,0.2,0.0001
18,0,0.10805623233318329,0.006505648605525494,0.13922321796417236,0.29891809821128845,0.3,0.2,0.0001
18,1,0.22086969017982483,0.014337208122015,0.4034150242805481,0.4275398254394531,0.3,0.2,0.0001
18,2,0.09595144540071487,0.004121267236769199,0.07916831970214844,0.3403984010219574,0.3,0.2,0.0001
18,3,0.07395392656326294,0.003328789956867695,0.073589026927948,0.2427421361207962,0.3,0.2,0.0001
18,4,0.09322832524776459,0.01238811481744051,0.074948251247406,0.29177865386009216,0.3,0.2,0.0001
18,5,0.11194811761379242,0.008380966261029243,0.13101226091384888,0.3213173449039459,0.3,0.2,0.0001
18,6,0.09356233477592468,0.005272208712995052,0.13371378183364868,0.24087996780872345,0.3,0.2,0.0001
18,7,0.052039984613657,0.001648070989176631,0.035987138748168945,0.19797885417938232,0.3,0.2,0.0001
18,8,0.29841023683547974,0.03773290291428566,0.6058312654495239,0.3946398198604584,0.3,0.2,0.0001
18,9,0.09162740409374237,0.010121705010533333,0.1030840277671814,0.25290244817733765,0.3,0.2,0.0001
18,10,0.06339727342128754,0.004114118404686451,0.08506125211715698,0.16882391273975372,0.3,0.2,0.0001
18,11,0.09512463212013245,0.0045691560953855515,0.15021014213562012,0.22746218740940094,0.3,0.2,0.0001
18,12,0.05601199343800545,0.006271847989410162,0.035388290882110596,0.19561828672885895,0.3,0.2,0.0001
18,13,0.09286347776651382,0.010213784873485565,0.06738835573196411,0.31216591596603394,0.3,0.2,0.0001
18,14,0.10384601354598999,0.0035661435686051846,0.15060365200042725,0.275493860244751,0.3,0.2,0.0001
18,15,0.13034731149673462,0.005928095430135727,0.20037990808486938,0.32152625918388367,0.3,0.2,0.0001
18,16,0.05205852538347244,0.006757904775440693,0.03277325630187988,0.1773432046175003,0.3,0.2,0.0001
18,17,0.07539845257997513,0.0054816389456391335,0.06776946783065796,0.24792985618114471,0.3,0.2,0.0001
18,18,0.11193452775478363,0.004703473299741745,0.18043100833892822,0.2655087113380432,0.3,0.2,0.0001
18,19,0.05357389897108078,0.0033116743434220552,0.07237279415130615,0.14275193214416504,0.3,0.2,0.0001
18,20,0.1302030384540558,0.006391886621713638,0.16749721765518188,0.367809921503067,0.3,0.2,0.0001
18,21,0.1917819231748581,0.005741006229072809,0.20776021480560303,0.618564248085022,0.3,0.2,0.0001
18,22,0.1114579439163208,0.004526952281594276,0.16130870580673218,0.2926918864250183,0.3,0.2,0.0001
18,23,0.0887371152639389,0.005450468510389328,0.09262818098068237,0.2774909734725952,0.3,0.2,0.0001
18,24,0.042221952229738235,0.0042145210318267345,0.035912275314331055,0.1361687332391739,0.3,0.2,0.0001
18,25,0.05587056279182434,0.0023986375890672207,0.036712050437927246,0.21229152381420135,0.3,0.2,0.0001
18,26,0.0570366233587265,0.0026320815086364746,0.08561182022094727,0.14360496401786804,0.3,0.2,0.0001
18,27,0.0978478193283081,0.0019125748658552766,0.14124047756195068,0.2678154706954956,0.3,0.2,0.0001
18,28,0.04153193533420563,0.0020190891809761524,0.046906113624572754,0.1272050440311432,0.3,0.2,0.0001
18,29,0.05339893326163292,0.0010525921825319529,0.03311300277709961,0.21206220984458923,0.3,0.2,0.0001
18,30,0.2660024166107178,0.01920931786298752,0.5161522626876831,0.459737092256546,0.3,0.2,0.0001
18,31,0.29212602972984314,0.0262269526720047,0.5785953998565674,0.46160227060317993,0.3,0.2,0.0001
18,32,0.08732697367668152,0.009130525402724743,0.07798415422439575,0.2740060091018677,0.3,0.2,0.0001
18,33,0.06441158801317215,0.005417846608906984,0.11797916889190674,0.11799993366003036,0.3,0.2,0.0001
18,34,0.06662766635417938,0.006674184463918209,0.0353318452835083,0.24676963686943054,0.3,0.2,0.0001
18,35,0.08435055613517761,0.0026631304062902927,0.13950544595718384,0.19917891919612885,0.3,0.2,0.0001
18,36,0.07345353066921234,0.007650386542081833,0.0583500862121582,0.24149057269096375,0.3,0.2,0.0001
18,37,0.06417056173086166,0.008854839950799942,0.035080015659332275,0.2239585816860199,0.3,0.2,0.0001
18,38,0.06852807849645615,0.0033623219933360815,0.11413121223449707,0.15463194251060486,0.3,0.2,0.0001
18,39,0.07674950361251831,0.0038844181690365076,0.14490485191345215,0.14696814119815826,0.3,0.2,0.0001
18,40,0.06053300201892853,0.0032744035124778748,0.09206193685531616,0.14820007979869843,0.3,0.2,0.0001
18,41,0.0739431381225586,0.011467494070529938,0.04562181234359741,0.24394550919532776,0.3,0.2,0.0001
18,42,0.07362522184848785,0.015891553834080696,0.04909515380859375,0.21502558887004852,0.3,0.2,0.0001
18,43,0.07565473020076752,0.00998307392001152,0.0748436450958252,0.2160928100347519,0.3,0.2,0.0001
18,44,0.06935499608516693,0.011853806674480438,0.04522663354873657,0.21966595947742462,0.3,0.2,0.0001
18,45,0.16129115223884583,0.00583666143938899,0.24164462089538574,0.41480547189712524,0.3,0.2,0.0001
18,46,0.20121975243091583,0.010179789736866951,0.30421531200408936,0.4988768398761749,0.3,0.2,0.0001
18,47,0.20486363768577576,0.01220223680138588,0.33031517267227173,0.4678342938423157,0.3,0.2,0.0001
18,48,0.08532577753067017,0.005201821215450764,0.10400569438934326,0.24461126327514648,0.3,0.2,0.0001
18,49,0.05023109167814255,0.001465524430386722,0.0430869460105896,0.17919741570949554,0.3,0.2,0.0001
18,50,0.08840753138065338,0.0025752540677785873,0.1448569893836975,0.21187588572502136,0.3,0.2,0.0001
18,51,0.050715602934360504,0.0032397317700088024,0.05018484592437744,0.16210207343101501,0.3,0.2,0.0001
18,52,0.1313304901123047,0.0049193124286830425,0.26540231704711914,0.2339523732662201,0.3,0.2,0.0001
18,53,0.047757022082805634,0.0012358734384179115,0.04304558038711548,0.16803736984729767,0.3,0.2,0.0001
18,54,0.07054571062326431,0.004807333927601576,0.06061190366744995,0.23777401447296143,0.3,0.2,0.0001
18,55,0.09435710310935974,0.014085235074162483,0.0890505313873291,0.2677835524082184,0.3,0.2,0.0001
18,56,0.032687701284885406,0.003247008891776204,0.0417555570602417,0.08457011729478836,0.3,0.2,0.0001
18,57,0.14793376624584198,0.006164576392620802,0.12575393915176392,0.5202150344848633,0.3,0.2,0.0001
18,58,0.07304427027702332,0.012019234709441662,0.04620736837387085,0.23581412434577942,0.3,0.2,0.0001
18,59,0.1406400054693222,0.010893312282860279,0.27693623304367065,0.23332907259464264,0.3,0.2,0.0001
18,60,0.1016000360250473,0.003474034368991852,0.13781172037124634,0.28391239047050476,0.3,0.2,0.0001
18,61,0.08903877437114716,0.013130075298249722,0.06973695755004883,0.27493801712989807,0.3,0.2,0.0001
18,62,0.19109374284744263,0.010248021222651005,0.35055309534072876,0.37839895486831665,0.3,0.2,0.0001
18,63,0.04351747781038284,0.003220341866835952,0.04459863901138306,0.13458772003650665,0.3,0.2,0.0001
18,64,0.07653149217367172,0.0036081625148653984,0.09995532035827637,0.2146836519241333,0.3,0.2,0.0001
18,65,0.201814666390419,0.01094235572963953,0.3293507695198059,0.460335373878479,0.3,0.2,0.0001
18,66,0.10163818299770355,0.012657898478209972,0.08283883333206177,0.3206431269645691,0.3,0.2,0.0001
18,67,0.08125627040863037,0.0040782843716442585,0.17880785465240479,0.11767815798521042,0.3,0.2,0.0001
18,68,0.08465991914272308,0.011043723672628403,0.08976072072982788,0.2334398776292801,0.3,0.2,0.0001
18,69,0.10785414278507233,0.007790470961481333,0.2245541214942932,0.16348715126514435,0.3,0.2,0.0001
18,70,0.06686703115701675,0.0014476357027888298,0.09535211324691772,0.18406881392002106,0.3,0.2,0.0001
18,71,0.09592323005199432,0.018775593489408493,0.04618734121322632,0.31645718216896057,0.3,0.2,0.0001
18,72,0.08480757474899292,0.0026573811192065477,0.175670325756073,0.14724546670913696,0.3,0.2,0.0001
18,73,0.07151393592357635,0.009054268710315228,0.040230393409729004,0.25195276737213135,0.3,0.2,0.0001
18,74,0.10169234871864319,0.004339681472629309,0.21770614385604858,0.16020406782627106,0.3,0.2,0.0001
18,75,0.08250509202480316,0.00452531548216939,0.21414685249328613,0.06867855787277222,0.3,0.2,0.0001
18,76,0.1198723316192627,0.00971140805631876,0.14261281490325928,0.3368854224681854,0.3,0.2,0.0001
18,77,0.08783885091543198,0.0027266412507742643,0.2013106346130371,0.12359507381916046,0.3,0.2,0.0001
18,78,0.07964726537466049,0.0072005619294941425,0.13387656211853027,0.16141867637634277,0.3,0.2,0.0001
18,79,0.10196472704410553,0.005133949685841799,0.11662989854812622,0.30920901894569397,0.3,0.2,0.0001
18,80,0.12974324822425842,0.01182261761277914,0.17621779441833496,0.3252764046192169,0.3,0.2,0.0001
18,81,0.11728653311729431,0.01139319408684969,0.19447863101959229,0.23774875700473785,0.3,0.2,0.0001
18,82,0.057483822107315063,0.0035479494836181402,0.030904293060302734,0.22332291305065155,0.3,0.2,0.0001
18,83,0.07736386358737946,0.00393017940223217,0.11852169036865234,0.18938583135604858,0.3,0.2,0.0001
18,84,0.076687753200531,0.007815198972821236,0.14057600498199463,0.13349877297878265,0.3,0.2,0.0001
18,85,0.1090463399887085,0.00643382640555501,0.13773488998413086,0.3064602315425873,0.3,0.2,0.0001
18,86,0.05706528574228287,0.002951937960460782,0.10722488164901733,0.10972941666841507,0.3,0.2,0.0001
18,87,0.07671497017145157,0.01242428831756115,0.04223829507827759,0.25809594988822937,0.3,0.2,0.0001
18,88,0.07692864537239075,0.010168151929974556,0.10422742366790771,0.17746131122112274,0.3,0.2,0.0001
18,89,0.05323414504528046,0.0013237691018730402,0.09597808122634888,0.11558476090431213,0.3,0.2,0.0001
18,90,0.09489323198795319,0.0036269945558160543,0.1763564944267273,0.1917964518070221,0.3,0.2,0.0001
18,91,0.05266880616545677,0.008727134205400944,0.04032242298126221,0.1592247188091278,0.3,0.2,0.0001
18,92,0.2722792625427246,0.02153865434229374,0.5212188959121704,0.4718746244907379,0.3,0.2,0.0001
18,93,0.18925932049751282,0.009004300460219383,0.3661116361618042,0.35210761427879333,0.3,0.2,0.0001
18,94,0.08331383764743805,0.010278615169227123,0.1045304536819458,0.20838041603565216,0.3,0.2,0.0001
18,95,0.07407858967781067,0.00238493038341403,0.12116813659667969,0.17671604454517365,0.3,0.2,0.0001
18,96,0.09122662246227264,0.006087991409003735,0.14344316720962524,0.21052837371826172,0.3,0.2,0.0001
18,97,0.09278347343206406,0.004600382409989834,0.19551581144332886,0.14764174818992615,0.3,0.2,0.0001
18,98,0.0695139616727829,0.0029296274296939373,0.11037427186965942,0.16736024618148804,0.3,0.2,0.0001
19,0,0.051540374755859375,0.0013203398557379842,0.09575164318084717,0.10747271776199341,0.3,0.2,0.0001
19,1,0.10878106951713562,0.006150962319225073,0.1355360746383667,0.309846431016922,0.3,0.2,0.0001
19,2,0.0814632922410965,0.004455194342881441,0.2142261266708374,0.06370127946138382,0.3,0.2,0.0001
19,3,0.050999339669942856,0.0010228243190795183,0.03147017955780029,0.20267730951309204,0.3,0.2,0.0001
19,4,0.05712161213159561,0.008683925494551659,0.035197556018829346,0.18939208984375,0.3,0.2,0.0001
19,5,0.08037948608398438,0.0037962233182042837,0.14449822902679443,0.1661689281463623,0.3,0.2,0.0001
19,6,0.0828922837972641,0.0018196863820776343,0.1405898928642273,0.19447815418243408,0.3,0.2,0.0001
19,7,0.06738990545272827,0.008611705154180527,0.03858959674835205,0.23600658774375916,0.3,0.2,0.0001
19,8,0.09679138660430908,0.0057495636865496635,0.1409989595413208,0.2437106817960739,0.3,0.2,0.0001
19,9,0.27228492498397827,0.020035268738865852,0.5068213939666748,0.5010161399841309,0.3,0.2,0.0001
19,10,0.29226604104042053,0.02343711070716381,0.6023004055023193,0.44069403409957886,0.3,0.2,0.0001
19,11,0.0940055176615715,0.003558056429028511,0.1379421353340149,0.24532410502433777,0.3,0.2,0.0001
19,12,0.10487926006317139,0.004869587253779173,0.1510336995124817,0.2734977900981903,0.3,0.2,0.0001
19,13,0.059337154030799866,0.005260492209345102,0.10409444570541382,0.11424164474010468,0.3,0.2,0.0001
19,14,0.1655803620815277,0.00473987590521574,0.16895997524261475,0.550762414932251,0.3,0.2,0.0001
19,15,0.2676336467266083,0.019797304645180702,0.5145583152770996,0.46734413504600525,0.3,0.2,0.0001
19,16,0.0814230889081955,0.009811202995479107,0.10090523958206177,0.2067015916109085,0.3,0.2,0.0001
19,17,0.0800476148724556,0.010210717096924782,0.10317009687423706,0.19442933797836304,0.3,0.2,0.0001
19,18,0.05458751320838928,0.006593045778572559,0.03200066089630127,0.1919713318347931,0.3,0.2,0.0001
19,19,0.07828228920698166,0.007201093714684248,0.13389742374420166,0.15455982089042664,0.3,0.2,0.0001
19,20,0.04110642522573471,0.0042548938654363155,0.03583306074142456,0.13050806522369385,0.3,0.2,0.0001
19,21,0.16146129369735718,0.004144628066569567,0.23899394273757935,0.4280923306941986,0.3,0.2,0.0001
19,22,0.06820649653673172,0.004158817231655121,0.08434313535690308,0.1937236785888672,0.3,0.2,0.0001
19,23,0.09879681468009949,0.003585082245990634,0.1495264768600464,0.25176894664764404,0.3,0.2,0.0001
19,24,0.10609965026378632,0.004814781714230776,0.1791231632232666,0.23773959279060364,0.3,0.2,0.0001
19,25,0.09304573386907578,0.0038642550352960825,0.17666345834732056,0.18091219663619995,0.3,0.2,0.0001
19,26,0.06348645687103271,0.009802322834730148,0.07431960105895996,0.1569412648677826,0.3,0.2,0.0001
19,27,0.1995149701833725,0.012980678118765354,0.3313540816307068,0.4356403052806854,0.3,0.2,0.0001
19,28,0.14102570712566376,0.004750237800180912,0.263264536857605,0.28648051619529724,0.3,0.2,0.0001
19,29,0.08811746537685394,0.012341924011707306,0.07403266429901123,0.26782870292663574,0.3,0.2,0.0001
19,30,0.0552731528878212,0.0033077870029956102,0.0924532413482666,0.12114694714546204,0.3,0.2,0.0001
19,31,0.20827047526836395,0.009809096343815327,0.3153674602508545,0.5192556381225586,0.3,0.2,0.0001
19,32,0.09123100340366364,0.013746683485805988,0.08759576082229614,0.2560279369354248,0.3,0.2,0.0001
19,33,0.29121163487434387,0.03750297427177429,0.6098318099975586,0.3537955582141876,0.3,0.2,0.0001
19,34,0.13492442667484283,0.01051240786910057,0.2720608115196228,0.21396882832050323,0.3,0.2,0.0001
19,35,0.08874127268791199,0.005382244009524584,0.13272005319595337,0.2177150547504425,0.3,0.2,0.0001
19,36,0.04859289526939392,0.0029578316025435925,0.10634016990661621,0.06866505742073059,0.3,0.2,0.0001
19,37,0.1824653148651123,0.009295627474784851,0.2984239459037781,0.4182124435901642,0.3,0.2,0.0001
19,38,0.07002147287130356,0.003335624700412154,0.11370587348937988,0.1628704071044922,0.3,0.2,0.0001
19,39,0.1968429982662201,0.009448004886507988,0.37275511026382446,0.3778422474861145,0.3,0.2,0.0001
19,40,0.08193349838256836,0.002300058025866747,0.16933166980743408,0.14416968822479248,0.3,0.2,0.0001
19,41,0.06240391731262207,0.003582361387088895,0.031134188175201416,0.2474064826965332,0.3,0.2,0.0001
19,42,0.1013440266251564,0.005092335399240255,0.11575287580490112,0.30762913823127747,0.3,0.2,0.0001
19,43,0.07450968772172928,0.007826386019587517,0.14019089937210083,0.12313014268875122,0.3,0.2,0.0001
19,44,0.09480984508991241,0.004357495345175266,0.2171187400817871,0.12658359110355377,0.3,0.2,0.0001
19,45,0.0938597172498703,0.010029088705778122,0.10059374570846558,0.26826250553131104,0.3,0.2,0.0001
19,46,0.08154452592134476,0.009423458948731422,0.07825422286987305,0.24322399497032166,0.3,0.2,0.0001
19,47,0.08597239851951599,0.012313046492636204,0.04130202531814575,0.3063437044620514,0.3,0.2,0.0001
19,48,0.12511968612670898,0.006588216405361891,0.16115504503250122,0.3509247601032257,0.3,0.2,0.0001
19,49,0.11399411410093307,0.008530511520802975,0.13096266984939575,0.3308739960193634,0.3,0.2,0.0001
19,50,0.05767088383436203,0.003269291017204523,0.07284170389175415,0.1627453863620758,0.3,0.2,0.0001
19,51,0.06257293373346329,0.0023551357444375753,0.12033259868621826,0.12059008330106735,0.3,0.2,0.0001
19,52,0.12842528522014618,0.004879886284470558,0.1299961805343628,0.42273271083831787,0.3,0.2,0.0001
19,53,0.11319388449192047,0.007386842276901007,0.2168201208114624,0.20380501449108124,0.3,0.2,0.0001
19,54,0.13545306026935577,0.005440053064376116,0.19167745113372803,0.362548828125,0.3,0.2,0.0001
19,55,0.048379696905612946,0.006154222879558802,0.03524971008300781,0.1582528054714203,0.3,0.2,0.0001
19,56,0.04393099620938301,0.002033448312431574,0.046888649463653564,0.13915476202964783,0.3,0.2,0.0001
19,57,0.07306220382452011,0.005086754448711872,0.11706626415252686,0.1642778515815735,0.3,0.2,0.0001
19,58,0.07389573007822037,0.011748791672289371,0.04499959945678711,0.2432352751493454,0.3,0.2,0.0001
19,59,0.06125837564468384,0.0035936692729592323,0.09930753707885742,0.13936220109462738,0.3,0.2,0.0001
19,60,0.06818088889122009,0.0013950044522061944,0.09476268291473389,0.19178536534309387,0.3,0.2,0.0001
19,61,0.05647951364517212,0.00452148774638772,0.058577895164489746,0.17192327976226807,0.3,0.2,0.0001
19,62,0.09668000787496567,0.004973217844963074,0.19332075119018555,0.16855280101299286,0.3,0.2,0.0001
19,63,0.08818823099136353,0.011362466029822826,0.0454179048538208,0.3160019516944885,0.3,0.2,0.0001
19,64,0.08347676694393158,0.003942287061363459,0.17850053310394287,0.1299215853214264,0.3,0.2,0.0001
19,65,0.12009495496749878,0.011657262220978737,0.17476487159729004,0.2800411581993103,0.3,0.2,0.0001
19,66,0.06006264686584473,0.0028834452386945486,0.10997200012207031,0.12093798816204071,0.3,0.2,0.0001
19,67,0.051247455179691315,0.0013554972829297185,0.0448114275932312,0.18224263191223145,0.3,0.2,0.0001
19,68,0.11828959733247757,0.009556407108902931,0.1422334909439087,0.3303157091140747,0.3,0.2,0.0001
19,69,0.1896601915359497,0.007933144457638264,0.3699154853820801,0.3537619411945343,0.3,0.2,0.0001
19,70,0.22098687291145325,0.013208157382905483,0.38752299547195435,0.4576091170310974,0.3,0.2,0.0001
19,71,0.05796075984835625,0.0033582663163542747,0.07174813747406006,0.1653902530670166,0.3,0.2,0.0001
19,72,0.07177805155515671,0.006624071858823299,0.035496294498443604,0.27252545952796936,0.3,0.2,0.0001
19,73,0.0888468325138092,0.010754206217825413,0.08949768543243408,0.2562166154384613,0.3,0.2,0.0001
19,74,0.08836356550455093,0.0027226628735661507,0.143052339553833,0.21362599730491638,0.3,0.2,0.0001
19,75,0.06268943101167679,0.0014159249840304255,0.04152727127075195,0.24407662451267242,0.3,0.2,0.0001
19,76,0.048389680683612823,0.0015978956362232566,0.03270012140274048,0.18490873277187347,0.3,0.2,0.0001
19,77,0.08290905505418777,0.010252567939460278,0.06700348854064941,0.262777179479599,0.3,0.2,0.0001
19,78,0.08366303145885468,0.00264570745639503,0.19932693243026733,0.10609622299671173,0.3,0.2,0.0001
19,79,0.1099337637424469,0.00413772277534008,0.0786895751953125,0.4109458029270172,0.3,0.2,0.0001
19,80,0.05992322042584419,0.0032775993458926678,0.05034440755844116,0.20771148800849915,0.3,0.2,0.0001
19,81,0.03396669402718544,0.003261035308241844,0.04149967432022095,0.09127877652645111,0.3,0.2,0.0001
19,82,0.05197735130786896,0.0023740956094115973,0.03659176826477051,0.19312861561775208,0.3,0.2,0.0001
19,83,0.06643854081630707,0.005522552412003279,0.0667080283164978,0.2045179158449173,0.3,0.2,0.0001
19,84,0.10051028430461884,0.0026391942519694567,0.13682103157043457,0.2841239273548126,0.3,0.2,0.0001
19,85,0.09434306621551514,0.003947638440877199,0.11799848079681396,0.2749794125556946,0.3,0.2,0.0001
19,86,0.11377960443496704,0.004510045517235994,0.16327327489852905,0.3014378547668457,0.3,0.2,0.0001
19,87,0.10470648109912872,0.0065931156277656555,0.13831812143325806,0.28308960795402527,0.3,0.2,0.0001
19,88,0.08717771619558334,0.019001606851816177,0.0461503267288208,0.27165505290031433,0.3,0.2,0.0001
19,89,0.06992528587579727,0.002629763213917613,0.08538579940795898,0.20839889347553253,0.3,0.2,0.0001
19,90,0.06289608031511307,0.007592626381665468,0.0580173134803772,0.18949130177497864,0.3,0.2,0.0001
19,91,0.08107862621545792,0.0054675801657140255,0.0923110842704773,0.23958858847618103,0.3,0.2,0.0001
19,92,0.0535096637904644,0.008655481040477753,0.0396958589553833,0.164727121591568,0.3,0.2,0.0001
19,93,0.06205661594867706,0.011673785746097565,0.045357346534729004,0.1838781237602234,0.3,0.2,0.0001
19,94,0.12622696161270142,0.011291922070086002,0.19323086738586426,0.28482887148857117,0.3,0.2,0.0001
19,95,0.06083102151751518,0.015733810141682625,0.04819220304489136,0.1531977504491806,0.3,0.2,0.0001
19,96,0.04113345220685005,0.0032739846501499414,0.044391095638275146,0.1227106899023056,0.3,0.2,0.0001
19,97,0.07961447536945343,0.01281868014484644,0.06871193647384644,0.23091107606887817,0.3,0.2,0.0001
19,98,0.0982896238565445,0.012356668710708618,0.08181601762771606,0.3069407343864441,0.3,0.2,0.0001
20,0,0.05067520961165428,0.0033288130071014166,0.07104820013046265,0.1301596760749817,0.3,0.2,1e-05
20,1,0.08207926154136658,0.005456042475998402,0.06581729650497437,0.2843901515007019,0.3,0.2,1e-05
20,2,0.0717160701751709,0.011290756985545158,0.043969035148620605,0.23617298901081085,0.3,0.2,1e-05
20,3,0.0771922692656517,0.002651634393259883,0.14456653594970703,0.15585336089134216,0.3,0.2,1e-05
20,4,0.08481797575950623,0.010543020442128181,0.08870279788970947,0.23832057416439056,0.3,0.2,1e-05
20,5,0.2880125641822815,0.033384282141923904,0.5750900506973267,0.41050630807876587,0.3,0.2,1e-05
20,6,0.07050301879644394,0.007066573482006788,0.1327226758003235,0.11809820681810379,0.3,0.2,1e-05
20,7,0.11909008026123047,0.009523376822471619,0.14181488752365112,0.33511117100715637,0.3,0.2,1e-05
20,8,0.1643555760383606,0.005973027087748051,0.24647480249404907,0.422200471162796,0.3,0.2,1e-05
20,9,0.08500805497169495,0.004577107727527618,0.21481293439865112,0.07993531972169876,0.3,0.2,1e-05
20,10,0.08034200966358185,0.0038606838788837194,0.14243102073669434,0.16876012086868286,0.3,0.2,1e-05
20,11,0.18527448177337646,0.010032542049884796,0.2726770043373108,0.4671941101551056,0.3,0.2,1e-05
20,12,0.05022487789392471,0.0032089496962726116,0.05011659860610962,0.15990474820137024,0.3,0.2,1e-05
20,13,0.14395573735237122,0.0068366434425115585,0.16901570558547974,0.43207189440727234,0.3,0.2,1e-05
20,14,0.11058127880096436,0.006419400218874216,0.13739436864852905,0.3147178590297699,0.3,0.2,1e-05
20,15,0.09728825092315674,0.0035697403363883495,0.1490907073020935,0.24495647847652435,0.3,0.2,1e-05
20,16,0.1392727494239807,0.010494024492800236,0.2707824110984802,0.2377200424671173,0.3,0.2,1e-05
20,17,0.0538443848490715,0.0029061625245958567,0.10561591386795044,0.0962672233581543,0.3,0.2,1e-05
20,18,0.09411857277154922,0.004469654988497496,0.1951812505722046,0.15547271072864532,0.3,0.2,1e-05
20,19,0.07590201497077942,0.015429594554007053,0.04747581481933594,0.2311483770608902,0.3,0.2,1e-05
20,20,0.06171824410557747,0.01086382195353508,0.044320523738861084,0.18779131770133972,0.3,0.2,1e-05
20,21,0.1012083888053894,0.0049293069168925285,0.11488670110702515,0.3090653121471405,0.3,0.2,1e-05
20,22,0.07795089483261108,0.007589319720864296,0.05796545743942261,0.264859676361084,0.3,0.2,1e-05
20,23,0.051940493285655975,0.001098411506973207,0.030861079692840576,0.20791877806186676,0.3,0.2,1e-05
20,24,0.04974828660488129,0.0013120758812874556,0.09517478942871094,0.09941887110471725,0.3,0.2,1e-05
20,25,0.10160774737596512,0.012252370826900005,0.0815994143486023,0.32437774538993835,0.3,0.2,1e-05
20,26,0.043242938816547394,0.006453994661569595,0.03194069862365723,0.13603366911411285,0.3,0.2,1e-05
20,27,0.047937266528606415,0.0012842911528423429,0.04414945840835571,0.16704069077968597,0.3,0.2,1e-05
20,28,0.09405290335416794,0.004531297367066145,0.14826136827468872,0.22521595656871796,0.3,0.2,1e-05
20,29,0.04736967384815216,0.0014535082736983895,0.03234916925430298,0.18105708062648773,0.3,0.2,1e-05
20,30,0.06234059855341911,0.002905377885326743,0.10962933301925659,0.1327321082353592,0.3,0.2,1e-05
20,31,0.10579407215118408,0.007692235521972179,0.22629636526107788,0.15106460452079773,0.3,0.2,1e-05
20,32,0.09239888936281204,0.0041329870000481606,0.21561872959136963,0.11790140718221664,0.3,0.2,1e-05
20,33,0.08402929455041885,0.0026040885131806135,0.19806033372879028,0.11003550887107849,0.3,0.2,1e-05
20,34,0.07195442169904709,0.0019068062538281083,0.14053326845169067,0.13943816721439362,0.3,0.2,1e-05
20,35,0.06268393993377686,0.006383995991200209,0.03467375040054321,0.22948910295963287,0.3,0.2,1e-05
20,36,0.14218926429748535,0.005791236646473408,0.14089202880859375,0.47065210342407227,0.3,0.2,1e-05
20,37,0.05345837399363518,0.0023459780495613813,0.03653472661972046,0.2007598727941513,0.3,0.2,1e-05
20,38,0.09415926039218903,0.003696844447404146,0.17474335432052612,0.19019703567028046,0.3,0.2,1e-05
20,39,0.04691120237112045,0.004170268774032593,0.03570157289505005,0.16015228629112244,0.3,0.2,1e-05
20,40,0.07039324194192886,0.00898931734263897,0.0764504075050354,0.19234399497509003,0.3,0.2,1e-05
20,41,0.0821441262960434,0.010424432344734669,0.06698226928710938,0.25812503695487976,0.3,0.2,1e-05
20,42,0.056590355932712555,0.00851699523627758,0.034600913524627686,0.1884654313325882,0.3,0.2,1e-05
20,43,0.09691730886697769,0.00589926028624177,0.14097023010253906,0.2436348795890808,0.3,0.2,1e-05
20,44,0.08340303599834442,0.0095633240416646,0.09950423240661621,0.21994221210479736,0.3,0.2,1e-05
20,45,0.08397801220417023,0.012433419935405254,0.06760060787200928,0.2563220262527466,0.3,0.2,1e-05
20,46,0.04777976870536804,0.00600409647449851,0.03456062078475952,0.1570374071598053,0.3,0.2,1e-05
20,47,0.06452464312314987,0.004072260111570358,0.0840873122215271,0.17613093554973602,0.3,0.2,1e-05
20,48,0.2949143648147583,0.022745231166481972,0.6016489863395691,0.4583721458911896,0.3,0.2,1e-05
20,49,0.10422605276107788,0.006160241086035967,0.13555508852005005,0.28699642419815063,0.3,0.2,1e-05
20,50,0.06011015176773071,0.004988420754671097,0.11666101217269897,0.10061713308095932,0.3,0.2,1e-05
20,51,0.22454187273979187,0.010233129374682903,0.35160815715789795,0.5441315174102783,0.3,0.2,1e-05
20,52,0.1010085940361023,0.012122564017772675,0.07284367084503174,0.3351646363735199,0.3,0.2,1e-05
20,53,0.07168547809123993,0.005307415965944529,0.0913156270980835,0.19491687417030334,0.3,0.2,1e-05
20,54,0.08955353498458862,0.00858567375689745,0.03879892826080322,0.3466409146785736,0.3,0.2,1e-05
20,55,0.04815366119146347,0.0034091630950570107,0.03041142225265503,0.17810535430908203,0.3,0.2,1e-05
20,56,0.05296926945447922,0.004426604136824608,0.0582616925239563,0.15532077848911285,0.3,0.2,1e-05
20,57,0.06193920224905014,0.0013798733707517385,0.09448671340942383,0.16106657683849335,0.3,0.2,1e-05
20,58,0.05554857850074768,0.0026760355103760958,0.0854305624961853,0.13621686398983002,0.3,0.2,1e-05
20,59,0.09914098680019379,0.003403502982109785,0.13673967123031616,0.27357789874076843,0.3,0.2,1e-05
20,60,0.035171978175640106,0.0032898990903049707,0.04143279790878296,0.09726118296384811,0.3,0.2,1e-05
20,61,0.09115833044052124,0.00991978868842125,0.09988975524902344,0.2563580572605133,0.3,0.2,1e-05
20,62,0.03746969252824783,0.002025239635258913,0.04627138376235962,0.10781518369913101,0.3,0.2,1e-05
20,63,0.05906520411372185,0.003523122752085328,0.09874004125595093,0.12960033118724823,0.3,0.2,1e-05
20,64,0.09558810293674469,0.004049995448440313,0.15645378828048706,0.22300982475280762,0.3,0.2,1e-05
20,65,0.051460012793540955,0.003254696261137724,0.07247090339660645,0.13232022523880005,0.3,0.2,1e-05
20,66,0.19338497519493103,0.011396718211472034,0.3171900510787964,0.4341561794281006,0.3,0.2,1e-05
20,67,0.047179386019706726,0.0012086250353604555,0.04016393423080444,0.16960789263248444,0.3,0.2,1e-05
20,68,0.2542901039123535,0.0188975278288126,0.507379412651062,0.4158937633037567,0.3,0.2,1e-05
20,69,0.06617101281881332,0.011512363329529762,0.045076966285705566,0.2056778073310852,0.3,0.2,1e-05
20,70,0.11211162060499191,0.008578309789299965,0.13054275512695312,0.3218524158000946,0.3,0.2,1e-05
20,71,0.07443666458129883,0.012028029188513756,0.041315555572509766,0.25006985664367676,0.3,0.2,1e-05
20,72,0.06791944801807404,0.0023349218536168337,0.11964064836502075,0.14846165478229523,0.3,0.2,1e-05
20,73,0.04058290645480156,0.0032939566299319267,0.04434019327163696,0.11993445456027985,0.3,0.2,1e-05
20,74,0.10985752940177917,0.004160727374255657,0.07773458957672119,0.4118821322917938,0.3,0.2,1e-05
20,75,0.11414343118667603,0.011435912922024727,0.17243105173110962,0.25489097833633423,0.3,0.2,1e-05
20,76,0.077303446829319,0.0039626494981348515,0.1768268346786499,0.10146371275186539,0.3,0.2,1e-05
20,77,0.0506720244884491,0.008514335379004478,0.03952205181121826,0.15150535106658936,0.3,0.2,1e-05
20,78,0.08321675658226013,0.009780645370483398,0.1015515923500061,0.2148531824350357,0.3,0.2,1e-05
20,79,0.06475594639778137,0.009589334018528461,0.07352471351623535,0.1655460000038147,0.3,0.2,1e-05
20,80,0.08576054871082306,0.002579708816483617,0.17331945896148682,0.15592502057552338,0.3,0.2,1e-05
20,81,0.22687506675720215,0.009092762134969234,0.37140125036239624,0.5318096280097961,0.3,0.2,1e-05
20,82,0.06717574596405029,0.007666465360671282,0.13861793279647827,0.08961950987577438,0.3,0.2,1e-05
20,83,0.1851414442062378,0.007526528090238571,0.3689085841178894,0.3347116708755493,0.3,0.2,1e-05
20,84,0.10311244428157806,0.014020002447068691,0.08801883459091187,0.3134339153766632,0.3,0.2,1e-05
20,85,0.1239185705780983,0.011262298561632633,0.19286739826202393,0.2739802300930023,0.3,0.2,1e-05
20,86,0.0598851814866066,0.005142022855579853,0.10248911380767822,0.11998212337493896,0.3,0.2,1e-05
20,87,0.06732342392206192,0.003247880842536688,0.1133318543434143,0.15037992596626282,0.3,0.2,1e-05
20,88,0.10313881188631058,0.004631396848708391,0.1772841215133667,0.22661086916923523,0.3,0.2,1e-05
20,89,0.130205437541008,0.006023413967341185,0.19072896242141724,0.33481669425964355,0.3,0.2,1e-05
20,90,0.09506203234195709,0.0025732091162353754,0.1354261040687561,0.2593049108982086,0.3,0.2,1e-05
20,91,0.14567714929580688,0.0046988134272396564,0.2567610740661621,0.319750040769577,0.3,0.2,1e-05
20,92,0.0861886590719223,0.0053034815937280655,0.1317569613456726,0.2067904770374298,0.3,0.2,1e-05
20,93,0.2665558159351349,0.01896747201681137,0.5460031032562256,0.4189370572566986,0.3,0.2,1e-05
20,94,0.08002284169197083,0.003951936960220337,0.1169806718826294,0.20488353073596954,0.3,0.2,1e-05
20,95,0.06093780696392059,0.003271004417911172,0.09140413999557495,0.15122780203819275,0.3,0.2,1e-05
20,96,0.13336478173732758,0.0045710718259215355,0.16794109344482422,0.3920568823814392,0.3,0.2,1e-05
20,97,0.2125486433506012,0.012439718469977379,0.376650333404541,0.435569167137146,0.3,0.2,1e-05
20,98,0.07559093832969666,0.01820964924991131,0.04509669542312622,0.21926142275333405,0.3,0.2,1e-05
21,0,0.057344868779182434,0.005994903389364481,0.03452545404434204,0.2049616426229477,0.3,0.2,1e-05
21,1,0.09008832275867462,0.003774989629164338,0.1757572889328003,0.1679307073354721,0.3,0.2,1e-05
21,2,0.11416075378656387,0.011477114632725716,0.17251938581466675,0.2546390891075134,0.3,0.2,1e-05
21,3,0.09845710545778275,0.008940057829022408,0.07622653245925903,0.3332454264163971,0.3,0.2,1e-05
21,4,0.11609070003032684,0.009527062065899372,0.1417749524116516,0.3201557397842407,0.3,0.2,1e-05
21,5,0.07126393914222717,0.007632461842149496,0.13829535245895386,0.11071434617042542,0.3,0.2,1e-05
21,6,0.08980026096105576,0.004112664610147476,0.18984633684158325,0.14366845786571503,0.3,0.2,1e-05
21,7,0.11458100378513336,0.006404976826161146,0.13728171586990356,0.3349575698375702,0.3,0.2,1e-05
21,8,0.11706329137086868,0.011227328330278397,0.19256168603897095,0.2403372824192047,0.3,0.2,1e-05
21,9,0.09382109344005585,0.012251414358615875,0.08152246475219727,0.28556469082832336,0.3,0.2,1e-05
21,10,0.10291852802038193,0.0035408688709139824,0.14881527423858643,0.2736653685569763,0.3,0.2,1e-05
21,11,0.052303068339824677,0.002910928800702095,0.10549712181091309,0.08871500194072723,0.3,0.2,1e-05
21,12,0.059918761253356934,0.0032330327667295933,0.11328244209289551,0.11350496858358383,0.3,0.2,1e-05
21,13,0.06054670363664627,0.0070722224190831184,0.13263946771621704,0.06841320544481277,0.3,0.2,1e-05
21,14,0.10371187329292297,0.00851746927946806,0.1305333971977234,0.2801719009876251,0.3,0.2,1e-05
21,15,0.09563156962394714,0.0033788280561566353,0.13650107383728027,0.2565121054649353,0.3,0.2,1e-05
21,16,0.08593198657035828,0.002608236623927951,0.19803375005722046,0.1195681095123291,0.3,0.2,1e-05
21,17,0.03856316953897476,0.0020185352768749,0.04638749361038208,0.11314191669225693,0.3,0.2,1e-05
21,18,0.07829094678163528,0.0025745455641299486,0.1445903778076172,0.1616964340209961,0.3,0.2,1e-05
21,19,0.05690073221921921,0.007586069870740175,0.05797320604324341,0.1596135050058365,0.3,0.2,1e-05
21,20,0.06550483405590057,0.005077367182821035,0.10237365961074829,0.14857684075832367,0.3,0.2,1e-05
21,21,0.06038676202297211,0.0023456013295799494,0.11961925029754639,0.11077689379453659,0.3,0.2,1e-05
21,22,0.07759524881839752,0.005302242934703827,0.09110146760940552,0.22481279075145721,0.3,0.2,1e-05
21,23,0.2746822237968445,0.02059359848499298,0.5427780747413635,0.45627596974372864,0.3,0.2,1e-05
21,24,0.06376709043979645,0.002638273173943162,0.08527928590774536,0.177725151181221,0.3,0.2,1e-05
21,25,0.09817592054605484,0.004148581530898809,0.07780200242996216,0.35343366861343384,0.3,0.2,1e-05
21,26,0.20155569911003113,0.009959063492715359,0.3297308087348938,0.4633869528770447,0.3,0.2,1e-05
21,27,0.08762110769748688,0.005452247802168131,0.06580650806427002,0.3121345341205597,0.3,0.2,1e-05
21,28,0.039170362055301666,0.0032560855615884066,0.04436910152435303,0.1130177304148674,0.3,0.2,1e-05
21,29,0.0464186891913414,0.0034058052115142345,0.030407488346099854,0.16945317387580872,0.3,0.2,1e-05
21,30,0.06582646071910858,0.01084704976528883,0.044187307357788086,0.20861606299877167,0.3,0.2,1e-05
21,31,0.2989802360534668,0.035025615245103836,0.6030465364456177,0.41520318388938904,0.3,0.2,1e-05
21,32,0.05391436070203781,0.001550550339743495,0.03355377912521362,0.21148838102817535,0.3,0.2,1e-05
21,33,0.05177903175354004,0.0010078150080516934,0.031256020069122314,0.20697203278541565,0.3,0.2,1e-05
21,34,0.08119425177574158,0.010573160834610462,0.0887300968170166,0.22001028060913086,0.3,0.2,1e-05
21,35,0.04839286953210831,0.0084832226857543,0.0394250750541687,0.1404106318950653,0.3,0.2,1e-05
21,36,0.13663806021213531,0.005614411551505327,0.1584160327911377,0.41749417781829834,0.3,0.2,1e-05
21,37,0.14236770570278168,0.005346418358385563,0.12907421588897705,0.49149513244628906,0.3,0.2,1e-05
21,38,0.04932839423418045,0.004372858442366123,0.0574488639831543,0.13860438764095306,0.3,0.2,1e-05
21,39,0.07267385721206665,0.003937118221074343,0.11691772937774658,0.1683070957660675,0.3,0.2,1e-05
21,40,0.1829482465982437,0.011098725721240044,0.3239975571632385,0.3732512593269348,0.3,0.2,1e-05
21,41,0.20781859755516052,0.008794323541224003,0.3944513201713562,0.4034443199634552,0.3,0.2,1e-05
21,42,0.06156999617815018,0.011947949416935444,0.04093897342681885,0.18670175969600677,0.3,0.2,1e-05
21,43,0.08588619530200958,0.011289744637906551,0.043911755084991455,0.3071146011352539,0.3,0.2,1e-05
21,44,0.0552397221326828,0.0023454977199435234,0.03650510311126709,0.20971345901489258,0.3,0.2,1e-05
21,45,0.07652401924133301,0.004017524421215057,0.14003866910934448,0.15247444808483124,0.3,0.2,1e-05
21,46,0.1621749848127365,0.0041513592004776,0.1759527325630188,0.5261890292167664,0.3,0.2,1e-05
21,47,0.050229884684085846,0.0013089686399325728,0.09508305788040161,0.10197999328374863,0.3,0.2,1e-05
21,48,0.08905951678752899,0.009802743792533875,0.09922772645950317,0.24744224548339844,0.3,0.2,1e-05
21,49,0.09333593398332596,0.013906116597354412,0.08772039413452148,0.26556849479675293,0.3,0.2,1e-05
21,50,0.12777158617973328,0.010473571717739105,0.27027279138565063,0.1810808628797531,0.3,0.2,1e-05
21,51,0.032140690833330154,0.00326749705709517,0.04140818119049072,0.08225369453430176,0.3,0.2,1e-05
21,52,0.07684290409088135,0.0025760955177247524,0.1350264549255371,0.16879434883594513,0.3,0.2,1e-05
21,53,0.09734790027141571,0.005908086430281401,0.1409178376197815,0.24582229554653168,0.3,0.2,1e-05
21,54,0.07633568346500397,0.003937567118555307,0.17670726776123047,0.09692968428134918,0.3,0.2,1e-05
21,55,0.09155374765396118,0.004558549728244543,0.14807462692260742,0.21286405622959137,0.3,0.2,1e-05
21,56,0.19844135642051697,0.011941801756620407,0.31233733892440796,0.4639917314052582,0.3,0.2,1e-05
21,57,0.08163771033287048,0.00958210602402687,0.09925496578216553,0.21139554679393768,0.3,0.2,1e-05
21,58,0.1396227478981018,0.005462821573019028,0.1872054934501648,0.3899914026260376,0.3,0.2,1e-05
21,59,0.09151753783226013,0.004135207738727331,0.2156100869178772,0.11349653452634811,0.3,0.2,1e-05
21,60,0.04436812549829483,0.001417257939465344,0.041366517543792725,0.15270455181598663,0.3,0.2,1e-05
21,61,0.08297620713710785,0.009543842636048794,0.10051894187927246,0.21638338267803192,0.3,0.2,1e-05
21,62,0.10597991943359375,0.004655921366065741,0.1773567795753479,0.2405848354101181,0.3,0.2,1e-05
21,63,0.06019527092576027,0.011438491754233837,0.04494136571884155,0.17637184262275696,0.3,0.2,1e-05
21,64,0.05167633295059204,0.0032664546743035316,0.0913010835647583,0.10509777069091797,0.3,0.2,1e-05
21,65,0.03647768497467041,0.0041653807274997234,0.03570979833602905,0.10799681395292282,0.3,0.2,1e-05
21,66,0.16463568806648254,0.0051145306788384914,0.2312842607498169,0.45067930221557617,0.3,0.2,1e-05
21,67,0.22085222601890564,0.014462609775364399,0.40171992778778076,0.42936816811561584,0.3,0.2,1e-05
21,68,0.1309015452861786,0.004695891868323088,0.25595080852508545,0.2471020221710205,0.3,0.2,1e-05
21,69,0.08941802382469177,0.004284413531422615,0.15601712465286255,0.19164232909679413,0.3,0.2,1e-05
21,70,0.087642140686512,0.00470003392547369,0.21983498334884644,0.0849580392241478,0.3,0.2,1e-05
21,71,0.09687210619449615,0.004939320497214794,0.1147659420967102,0.2875150144100189,0.3,0.2,1e-05
21,72,0.10012541711330414,0.006199908442795277,0.1355302333831787,0.26633220911026,0.3,0.2,1e-05
21,73,0.09431293606758118,0.007315332535654306,0.21806210279464722,0.1078948900103569,0.3,0.2,1e-05
21,74,0.07087288796901703,0.018231691792607307,0.044947922229766846,0.1957840770483017,0.3,0.2,1e-05
21,75,0.05782841891050339,0.0031955118756741285,0.050037682056427,0.1981080174446106,0.3,0.2,1e-05
21,76,0.0822126716375351,0.0018857162212952971,0.140062153339386,0.19154153764247894,0.3,0.2,1e-05
21,77,0.058355554938316345,0.003347773803398013,0.07108592987060547,0.16840998828411102,0.3,0.2,1e-05
21,78,0.06791496276855469,0.008594360202550888,0.038900673389434814,0.23825198411941528,0.3,0.2,1e-05
21,79,0.3044148087501526,0.020845402032136917,0.5988671779632568,0.5195463299751282,0.3,0.2,1e-05
21,80,0.03970742225646973,0.0012467268388718367,0.04179602861404419,0.12960942089557648,0.3,0.2,1e-05
21,81,0.06924436241388321,0.004997355863451958,0.11662685871124268,0.1462947279214859,0.3,0.2,1e-05
21,82,0.08145640790462494,0.0024014227092266083,0.17082488536834717,0.1390376091003418,0.3,0.2,1e-05
21,83,0.2747361958026886,0.01840098761022091,0.5560410618782043,0.4476144313812256,0.3,0.2,1e-05
21,84,0.07511545717716217,0.004072193987667561,0.08389109373092651,0.22937966883182526,0.3,0.2,1e-05
21,85,0.05706770718097687,0.0028955459129065275,0.10952138900756836,0.10657870769500732,0.3,0.2,1e-05
21,86,0.08288271725177765,0.01042906753718853,0.06693357229232788,0.261867880821228,0.3,0.2,1e-05
21,87,0.08633650839328766,0.012176619842648506,0.07296854257583618,0.26134660840034485,0.3,0.2,1e-05
21,88,0.062176983803510666,0.001375066814944148,0.09443932771682739,0.162350594997406,0.3,0.2,1e-05
21,89,0.07196186482906342,0.01539635844528675,0.047321319580078125,0.2118455171585083,0.3,0.2,1e-05
21,90,0.06492701917886734,0.003523795399814844,0.09850406646728516,0.15926000475883484,0.3,0.2,1e-05
21,91,0.08865286409854889,0.012503666803240776,0.06767576932907104,0.27923232316970825,0.3,0.2,1e-05
21,92,0.05509459227323532,0.008464325219392776,0.03445088863372803,0.18147499859333038,0.3,0.2,1e-05
21,93,0.06881488859653473,0.006437461357563734,0.0318414568901062,0.26412495970726013,0.3,0.2,1e-05
21,94,0.08535466343164444,0.005253615789115429,0.13156187534332275,0.20316241681575775,0.3,0.2,1e-05
21,95,0.07625623047351837,0.00955843087285757,0.07343989610671997,0.22332912683486938,0.3,0.2,1e-05
21,96,0.06679648160934448,0.006385340355336666,0.034570395946502686,0.2502001225948334,0.3,0.2,1e-05
21,97,0.20231643319129944,0.009060784243047237,0.3976582884788513,0.3697907328605652,0.3,0.2,1e-05
21,98,0.05399737507104874,0.003228585235774517,0.07235407829284668,0.1453128308057785,0.3,0.2,1e-05
22,0,0.17623436450958252,0.007460183929651976,0.37191301584243774,0.2860012948513031,0.3,0.2,1e-05
22,1,0.056293927133083344,0.0031962848734110594,0.05000174045562744,0.19048559665679932,0.3,0.2,1e-05
22,2,0.10158738493919373,0.004169059917330742,0.21574676036834717,0.16347144544124603,0.3,0.2,1e-05
22,3,0.11493891477584839,0.009544429369270802,0.14178210496902466,0.3142992854118347,0.3,0.2,1e-05
22,4,0.08270153403282166,0.010622676461935043,0.08861148357391357,0.2274770885705948,0.3,0.2,1e-05
22,5,0.06302598118782043,0.004075092263519764,0.0838281512260437,0.16901221871376038,0.3,0.2,1e-05
22,6,0.0816793441772461,0.002627365989610553,0.17197376489639282,0.13729922473430634,0.3,0.2,1e-05
22,7,0.08294620364904404,0.004675815813243389,0.21703606843948364,0.065797820687294,0.3,0.2,1e-05
22,8,0.19862446188926697,0.009671571664512157,0.3219872713088989,0.4617835283279419,0.3,0.2,1e-05
22,9,0.05128413066267967,0.00843165721744299,0.03440999984741211,0.16264736652374268,0.3,0.2,1e-05
22,10,0.057690687477588654,0.0043379077687859535,0.05717873573303223,0.18099579215049744,0.3,0.2,1e-05
22,11,0.05110946297645569,0.0013284108135849237,0.043237507343292236,0.18404899537563324,0.3,0.2,1e-05
22,12,0.11207905411720276,0.01144815981388092,0.17224621772766113,0.2447851300239563,0.3,0.2,1e-05
22,13,0.06150344759225845,0.011408768594264984,0.04487895965576172,0.18315495550632477,0.3,0.2,1e-05
22,14,0.056985825300216675,0.0033498010598123074,0.07108044624328613,0.16155944764614105,0.3,0.2,1e-05
22,15,0.10237108916044235,0.003514541545882821,0.1484389305114746,0.2716243267059326,0.3,0.2,1e-05
22,16,0.08320631086826324,0.0018659980269148946,0.13981664180755615,0.19697658717632294,0.3,0.2,1e-05
22,17,0.09706177562475204,0.0033850939944386482,0.13650214672088623,0.2636301815509796,0.3,0.2,1e-05
22,18,0.0970311164855957,0.0046097710728645325,0.17680740356445312,0.19689559936523438,0.3,0.2,1e-05
22,19,0.11451417952775955,0.005839040502905846,0.14949876070022583,0.31912755966186523,0.3,0.2,1e-05
22,20,0.09595589339733124,0.005821197759360075,0.1403142213821411,0.24020211398601532,0.3,0.2,1e-05
22,21,0.08363213390111923,0.0088510075584054,0.07589882612228394,0.26005738973617554,0.3,0.2,1e-05
22,22,0.045380230993032455,0.005989003926515579,0.03447216749191284,0.14524787664413452,0.3,0.2,1e-05
22,23,0.0497058629989624,0.003223295556381345,0.07228755950927734,0.12398149073123932,0.3,0.2,1e-05
22,24,0.05831436067819595,0.0033920982386916876,0.030364632606506348,0.22906434535980225,0.3,0.2,1e-05
22,25,0.08330243825912476,0.0026243203319609165,0.19798600673675537,0.10641154646873474,0.3,0.2,1e-05
22,26,0.056198783218860626,0.002945342566817999,0.10533899068832397,0.10825872421264648,0.3,0.2,1e-05
22,27,0.08662949502468109,0.009695676155388355,0.10091137886047363,0.233302041888237,0.3,0.2,1e-05
22,28,0.27669718861579895,0.019299564883112907,0.5426841974258423,0.4729618430137634,0.3,0.2,1e-05
22,29,0.08379256725311279,0.0182082150131464,0.04498124122619629,0.2604498863220215,0.3,0.2,1e-05
22,30,0.08193842321634293,0.012382415123283863,0.06726986169815063,0.24687524139881134,0.3,0.2,1e-05
22,31,0.27639061212539673,0.020710615441203117,0.5642578601837158,0.4320131242275238,0.3,0.2,1e-05
22,32,0.23077142238616943,0.014954769983887672,0.4102097153663635,0.46376872062683105,0.3,0.2,1e-05
22,33,0.27982187271118164,0.033392284065485,0.5509659051895142,0.4056991636753082,0.3,0.2,1e-05
22,34,0.08814544975757599,0.0025716356467455626,0.13537579774856567,0.22480535507202148,0.3,0.2,1e-05
22,35,0.05160791799426079,0.007603220641613007,0.05798375606536865,0.13304784893989563,0.3,0.2,1e-05
22,36,0.08785833418369293,0.012070633471012115,0.07264167070388794,0.26997601985931396,0.3,0.2,1e-05
22,37,0.08670851588249207,0.009891659952700138,0.09946733713150024,0.23488327860832214,0.3,0.2,1e-05
22,38,0.06311137974262238,0.010813574306666851,0.04399484395980835,0.19549672305583954,0.3,0.2,1e-05
22,39,0.08093717694282532,0.005292534828186035,0.13148921728134155,0.18098938465118408,0.3,0.2,1e-05
22,40,0.1504988968372345,0.004684544634073973,0.255751371383667,0.3454446494579315,0.3,0.2,1e-05
22,41,0.14687392115592957,0.005416034255176783,0.19722580909729004,0.41145071387290955,0.3,0.2,1e-05
22,42,0.0732324868440628,0.006354395300149918,0.034499406814575195,0.28264135122299194,0.3,0.2,1e-05
22,43,0.06110397353768349,0.00713529484346509,0.13266658782958984,0.07084351032972336,0.3,0.2,1e-05
22,44,0.05045685917139053,0.00846080482006073,0.03937476873397827,0.1509181261062622,0.3,0.2,1e-05
22,45,0.07297781109809875,0.005289668682962656,0.09086674451828003,0.20214058458805084,0.3,0.2,1e-05
22,46,0.03223099559545517,0.004202407319098711,0.03570061922073364,0.08659199625253677,0.3,0.2,1e-05
22,47,0.20171426236629486,0.012317858636379242,0.32275092601776123,0.46285560727119446,0.3,0.2,1e-05
22,48,0.09709340333938599,0.0037559105549007654,0.1755881905555725,0.2033051699399948,0.3,0.2,1e-05
22,49,0.05790465325117111,0.0013783029280602932,0.09440732002258301,0.1410207599401474,0.3,0.2,1e-05
22,50,0.07843280583620071,0.010470680892467499,0.06695812940597534,0.23937343060970306,0.3,0.2,1e-05
22,51,0.0776778906583786,0.015336875803768635,0.047161757946014404,0.2409624457359314,0.3,0.2,1e-05
22,52,0.12074510008096695,0.011341940611600876,0.19263553619384766,0.258062481880188,0.3,0.2,1e-05
22,53,0.1082116961479187,0.008568676188588142,0.13051825761795044,0.3024376928806305,0.3,0.2,1e-05
22,54,0.07676471769809723,0.003956431057304144,0.17667704820632935,0.09902583807706833,0.3,0.2,1e-05
22,55,0.09633810073137283,0.004889228846877813,0.11461949348449707,0.2853151261806488,0.3,0.2,1e-05
22,56,0.050945550203323364,0.0023418983910232782,0.03651463985443115,0.18824629485607147,0.3,0.2,1e-05
22,57,0.06824608147144318,0.009524558670818806,0.07336366176605225,0.18356208503246307,0.3,0.2,1e-05
22,58,0.04791640117764473,0.0013052989961579442,0.09502553939819336,0.09051719307899475,0.3,0.2,1e-05
22,59,0.06597945839166641,0.003526476211845875,0.098335862159729,0.16476111114025116,0.3,0.2,1e-05
22,60,0.061429694294929504,0.0029016269836574793,0.10952979326248169,0.12834562361240387,0.3,0.2,1e-05
22,61,0.11288951337337494,0.006408333778381348,0.13724839687347412,0.3265332877635956,0.3,0.2,1e-05
22,62,0.06962446868419647,0.00769004225730896,0.13827091455459595,0.10226574540138245,0.3,0.2,1e-05
22,63,0.07571939378976822,0.00378429121337831,0.1431545615196228,0.14494366943836212,0.3,0.2,1e-05
22,64,0.09084634482860565,0.013943029567599297,0.08783656358718872,0.25276172161102295,0.3,0.2,1e-05
22,65,0.2413598597049713,0.01361879613250494,0.43751704692840576,0.4824296832084656,0.3,0.2,1e-05
22,66,0.08214607834815979,0.00954572856426239,0.09894853830337524,0.21457891166210175,0.3,0.2,1e-05
22,67,0.10141138732433319,0.004202286712825298,0.07759124040603638,0.3696586489677429,0.3,0.2,1e-05
22,68,0.06158788502216339,0.0032378151081502438,0.11318713426589966,0.12196966260671616,0.3,0.2,1e-05
22,69,0.10311366617679596,0.012241389602422714,0.0815247893333435,0.33207419514656067,0.3,0.2,1e-05
22,70,0.07305014133453369,0.002707617124542594,0.14841240644454956,0.12909401953220367,0.3,0.2,1e-05
22,71,0.09190236032009125,0.008515802212059498,0.03867208957672119,0.35892462730407715,0.3,0.2,1e-05
22,72,0.07030646502971649,0.011258470825850964,0.0438004732131958,0.22953927516937256,0.3,0.2,1e-05
22,73,0.11176066845655441,0.0061688777059316635,0.135120689868927,0.3252778947353363,0.3,0.2,1e-05
22,74,0.1098421961069107,0.004459979943931103,0.15894275903701782,0.2884969115257263,0.3,0.2,1e-05
22,75,0.30266040563583374,0.023785151541233063,0.6321299076080322,0.4461812973022461,0.3,0.2,1e-05
22,76,0.10056847333908081,0.007423326838761568,0.21474266052246094,0.14361174404621124,0.3,0.2,1e-05
22,77,0.06497140228748322,0.0023409235291182995,0.11948579549789429,0.13392367959022522,0.3,0.2,1e-05
22,78,0.10332958400249481,0.0045802597887814045,0.14828121662139893,0.2713247835636139,0.3,0.2,1e-05
22,79,0.06258182972669601,0.004987738095223904,0.11658138036727905,0.1130983754992485,0.3,0.2,1e-05
22,80,0.04015147686004639,0.002022491069510579,0.046410322189331055,0.12102944403886795,0.3,0.2,1e-05
22,81,0.06989863514900208,0.005455002188682556,0.06587350368499756,0.22340790927410126,0.3,0.2,1e-05
22,82,0.04877190664410591,0.0016074581071734428,0.03297889232635498,0.1863538920879364,0.3,0.2,1e-05
22,83,0.15146367251873016,0.004437451716512442,0.17380434274673462,0.4744245707988739,0.3,0.2,1e-05
22,84,0.04991055279970169,0.0064305090345442295,0.03182607889175415,0.16966110467910767,0.3,0.2,1e-05
22,85,0.0560903400182724,0.0032442817464470863,0.09112018346786499,0.12755000591278076,0.3,0.2,1e-05
22,86,0.03143717348575592,0.003272379282861948,0.041463375091552734,0.07862891256809235,0.3,0.2,1e-05
22,87,0.13978193700313568,0.010436304844915867,0.269697904586792,0.24218131601810455,0.3,0.2,1e-05
22,88,0.07911787927150726,0.00392451137304306,0.11695092916488647,0.2005404531955719,0.3,0.2,1e-05
22,89,0.05733904987573624,0.005125183612108231,0.10229527950286865,0.10762640088796616,0.3,0.2,1e-05
22,90,0.15783675014972687,0.004135672003030777,0.2182830572128296,0.441080778837204,0.3,0.2,1e-05
22,91,0.08896274864673615,0.004603669513016939,0.1937999129295349,0.1310955137014389,0.3,0.2,1e-05
22,92,0.04545167088508606,0.0011925810249522328,0.039696574211120605,0.16175056993961334,0.3,0.2,1e-05
22,93,0.04907047748565674,0.0009454844985157251,0.03154957294464111,0.19330058991909027,0.3,0.2,1e-05
22,94,0.062328632920980453,0.0026490227319300175,0.08528411388397217,0.17047186195850372,0.3,0.2,1e-05
22,95,0.08819642663002014,0.011913035064935684,0.040794432163238525,0.3202252984046936,0.3,0.2,1e-05
22,96,0.04312668740749359,0.003254351671785116,0.04435586929321289,0.13282787799835205,0.3,0.2,1e-05
22,97,0.21393269300460815,0.012793095782399178,0.3477509021759033,0.48407161235809326,0.3,0.2,1e-05
22,98,0.14197656512260437,0.00568794459104538,0.12024074792861938,0.5010819435119629,0.3,0.2,1e-05
23,0,0.05409841239452362,0.008405656553804874,0.03440326452255249,0.17685887217521667,0.3,0.2,1e-05
23,1,0.06035014986991882,0.0013741751899942756,0.0944143533706665,0.1532583385705948,0.3,0.2,1e-05
23,2,0.05835970491170883,0.0031742879655212164,0.0499609112739563,0.20098571479320526,0.3,0.2,1e-05
23,3,0.08055615425109863,0.005432439036667347,0.06572192907333374,0.277035653591156,0.3,0.2,1e-05
23,4,0.11336300522089005,0.006399111822247505,0.1370840072631836,0.32919344305992126,0.3,0.2,1e-05
23,5,0.09184052795171738,0.004641291219741106,0.1952751874923706,0.1430833637714386,0.3,0.2,1e-05
23,6,0.06349165737628937,0.002894668374210596,0.10951566696166992,0.13871142268180847,0.3,0.2,1e-05
23,7,0.0918271392583847,0.0036490578204393387,0.1728307008743286,0.18164430558681488,0.3,0.2,1e-05
23,8,0.0816088616847992,0.018161281943321228,0.044880032539367676,0.2499178647994995,0.3,0.2,1e-05
23,9,0.08471626043319702,0.00261115119792521,0.19767695665359497,0.11401009559631348,0.3,0.2,1e-05
23,10,0.0827207937836647,0.012345610186457634,0.06735146045684814,0.2508487105369568,0.3,0.2,1e-05
23,11,0.04760728031396866,0.005988431628793478,0.03448241949081421,0.1563706248998642,0.3,0.2,1e-05
23,12,0.11511416733264923,0.009476742707192898,0.141551673412323,0.3158595860004425,0.3,0.2,1e-05
23,13,0.049903616309165955,0.003358366433531046,0.071144700050354,0.12600919604301453,0.3,0.2,1e-05
23,14,0.05031563341617584,0.0010046577081084251,0.033198535442352295,0.19675707817077637,0.3,0.2,1e-05
23,15,0.049534305930137634,0.001364410505630076,0.04209524393081665,0.17770659923553467,0.3,0.2,1e-05
23,16,0.0979127436876297,0.004769127815961838,0.15663117170333862,0.2307712882757187,0.3,0.2,1e-05
23,17,0.04965902864933014,0.0032432060688734055,0.09109801054000854,0.0954320952296257,0.3,0.2,1e-05
23,18,0.037524014711380005,0.00324845383875072,0.044351816177368164,0.10485008358955383,0.3,0.2,1e-05
23,19,0.1172749251127243,0.01122040580958128,0.19222307205200195,0.24193796515464783,0.3,0.2,1e-05
23,20,0.072137251496315,0.007063491269946098,0.13233745098114014,0.12686258554458618,0.3,0.2,1e-05
23,21,0.0825652927160263,0.010613612830638885,0.08864986896514893,0.22678357362747192,0.3,0.2,1e-05
23,22,0.24632412195205688,0.019423510879278183,0.4751474857330322,0.4217818081378937,0.3,0.2,1e-05
23,23,0.06240168213844299,0.0032290220260620117,0.11315727233886719,0.12612736225128174,0.3,0.2,1e-05
23,24,0.06266576796770096,0.00949125736951828,0.0731779932975769,0.15610557794570923,0.3,0.2,1e-05
23,25,0.2231084406375885,0.012606071308255196,0.39801841974258423,0.4554841220378876,0.3,0.2,1e-05
23,26,0.09530633687973022,0.005881956312805414,0.14062386751174927,0.23618607223033905,0.3,0.2,1e-05
23,27,0.06274255365133286,0.011888804845511913,0.04068589210510254,0.19323989748954773,0.3,0.2,1e-05
23,28,0.10400078445672989,0.00758100301027298,0.22864854335784912,0.13912607729434967,0.3,0.2,1e-05
23,29,0.1962745040655136,0.007795009762048721,0.3922257423400879,0.35405880212783813,0.3,0.2,1e-05
23,30,0.17017042636871338,0.004679284989833832,0.25523871183395386,0.44459766149520874,0.3,0.2,1e-05
23,31,0.054585859179496765,0.0031907414086163044,0.07217055559158325,0.14871974289417267,0.3,0.2,1e-05
23,32,0.06202273443341255,0.004984934348613024,0.11652189493179321,0.11040614545345306,0.3,0.2,1e-05
23,33,0.08947548270225525,0.0041417754255235195,0.21550887823104858,0.10340519994497299,0.3,0.2,1e-05
23,34,0.21908695995807648,0.00880681537091732,0.3906203508377075,0.46547016501426697,0.3,0.2,1e-05
23,35,0.08427451550960541,0.009517204016447067,0.10036951303482056,0.22323226928710938,0.3,0.2,1e-05
23,36,0.11940892040729523,0.011489003896713257,0.172380268573761,0.2810291647911072,0.3,0.2,1e-05
23,37,0.09291025251150131,0.013865336775779724,0.08759230375289917,0.2638361155986786,0.3,0.2,1e-05
23,38,0.19363060593605042,0.010451250709593296,0.30007416009902954,0.46578553318977356,0.3,0.2,1e-05
23,39,0.17456337809562683,0.005436089355498552,0.2482277750968933,0.47329476475715637,0.3,0.2,1e-05
23,40,0.08121615648269653,0.004197875037789345,0.07767325639724731,0.2685815095901489,0.3,0.2,1e-05
23,41,0.07768526673316956,0.0025441315956413746,0.14402323961257935,0.15967081487178802,0.3,0.2,1e-05
23,42,0.14085906744003296,0.006213849876075983,0.17830204963684082,0.40577298402786255,0.3,0.2,1e-05
23,43,0.0736110657453537,0.01534376572817564,0.047245800495147705,0.22046780586242676,0.3,0.2,1e-05
23,44,0.09426715224981308,0.00353867351077497,0.14867794513702393,0.2306254804134369,0.3,0.2,1e-05
23,45,0.11117304861545563,0.008504359982907772,0.1305111050605774,0.3175767660140991,0.3,0.2,1e-05
23,46,0.0524115264415741,0.0026256158016622066,0.08513271808624268,0.12123046815395355,0.3,0.2,1e-05
23,47,0.08153261244297028,0.004504229407757521,0.2159450650215149,0.061224330216646194,0.3,0.2,1e-05
23,48,0.05648893490433693,0.008509798906743526,0.03873872756958008,0.18178759515285492,0.3,0.2,1e-05
23,49,0.04817219078540802,0.001297223148867488,0.09494400024414062,0.09195883572101593,0.3,0.2,1e-05
23,50,0.06929046660661697,0.005085068754851818,0.10220545530319214,0.1677187979221344,0.3,0.2,1e-05
23,51,0.04177886247634888,0.0015301430830731988,0.03226053714752197,0.15285278856754303,0.3,0.2,1e-05
23,52,0.04919164627790451,0.008451794274151325,0.03936582803726196,0.14465050399303436,0.3,0.2,1e-05
23,53,0.08175705373287201,0.001865280675701797,0.13983416557312012,0.18970759212970734,0.3,0.2,1e-05
23,54,0.29331403970718384,0.021277308464050293,0.5748714208602905,0.49787649512290955,0.3,0.2,1e-05
23,55,0.08041481673717499,0.0052881911396980286,0.09070438146591187,0.2395765632390976,0.3,0.2,1e-05
23,56,0.0849204957485199,0.004529397003352642,0.14792490005493164,0.18006812036037445,0.3,0.2,1e-05
23,57,0.06998937577009201,0.0040475004352629185,0.08378571271896362,0.2040308117866516,0.3,0.2,1e-05
23,58,0.07342234998941422,0.003933389205485582,0.1764751672744751,0.08273203670978546,0.3,0.2,1e-05
23,59,0.08596819639205933,0.003897513961419463,0.11678200960159302,0.23518036305904388,0.3,0.2,1e-05
23,60,0.15966568887233734,0.004061419982463121,0.16613167524337769,0.5288238525390625,0.3,0.2,1e-05
23,61,0.0816774070262909,0.003638552501797676,0.14567458629608154,0.17168235778808594,0.3,0.2,1e-05
23,62,0.10010706633329391,0.003363696625456214,0.13628923892974854,0.27928298711776733,0.3,0.2,1e-05
23,63,0.0766822099685669,0.008951717056334019,0.07621562480926514,0.22432903945446014,0.3,0.2,1e-05
23,64,0.06824539601802826,0.011227206327021122,0.04375845193862915,0.21945324540138245,0.3,0.2,1e-05
23,65,0.055031370371580124,0.0028901922050863504,0.10522162914276123,0.10287344455718994,0.3,0.2,1e-05
23,66,0.0404168963432312,0.0020149550400674343,0.0464177131652832,0.12238314002752304,0.3,0.2,1e-05
23,67,0.08371306210756302,0.005248854868113995,0.13134783506393433,0.19529926776885986,0.3,0.2,1e-05
23,68,0.08086512237787247,0.0025565442629158497,0.13459688425064087,0.18964755535125732,0.3,0.2,1e-05
23,69,0.04534037411212921,0.0023270794190466404,0.03647458553314209,0.1603545844554901,0.3,0.2,1e-05
23,70,0.10430072993040085,0.004640157800167799,0.1768413782119751,0.23304077982902527,0.3,0.2,1e-05
23,71,0.04951120913028717,0.004313086159527302,0.05674159526824951,0.14087823033332825,0.3,0.2,1e-05
23,72,0.20198246836662292,0.009515360929071903,0.3177121877670288,0.48576727509498596,0.3,0.2,1e-05
23,73,0.06547828018665314,0.006427984219044447,0.03179740905761719,0.24755536019802094,0.3,0.2,1e-05
23,74,0.061770014464855194,0.007545096334069967,0.05793476104736328,0.18422242999076843,0.3,0.2,1e-05
23,75,0.04462632164359093,0.0012081561144441366,0.042893826961517334,0.15275007486343384,0.3,0.2,1e-05
23,76,0.15875430405139923,0.005845379550009966,0.14213436841964722,0.5513430833816528,0.3,0.2,1e-05
23,77,0.08087089657783508,0.0025237142108380795,0.17101526260375977,0.1352129876613617,0.3,0.2,1e-05
23,78,0.13449400663375854,0.006237702444195747,0.2176794409751892,0.3147624135017395,0.3,0.2,1e-05
23,79,0.09989820420742035,0.004897191654890776,0.11464709043502808,0.30303439497947693,0.3,0.2,1e-05
23,80,0.06693767011165619,0.01079471129924059,0.04389750957489014,0.21486853063106537,0.3,0.2,1e-05
23,81,0.09090571105480194,0.012123782187700272,0.0728192925453186,0.28468072414398193,0.3,0.2,1e-05
23,82,0.06161891669034958,0.0033956931438297033,0.03035026788711548,0.2455907016992569,0.3,0.2,1e-05
23,83,0.24644717574119568,0.019031602889299393,0.5040955543518066,0.38093453645706177,0.3,0.2,1e-05
23,84,0.08824679255485535,0.00954000186175108,0.09873127937316895,0.24543704092502594,0.3,0.2,1e-05
23,85,0.08443021029233932,0.0023333432618528605,0.11943483352661133,0.23133206367492676,0.3,0.2,1e-05
23,86,0.0781383365392685,0.007652618922293186,0.13811463117599487,0.14525660872459412,0.3,0.2,1e-05
23,87,0.08266490697860718,0.010414913296699524,0.0669357180595398,0.2608463764190674,0.3,0.2,1e-05
23,88,0.10164231806993484,0.012247124686837196,0.08139443397521973,0.324884295463562,0.3,0.2,1e-05
23,89,0.06570468842983246,0.003512016264721751,0.09811443090438843,0.163791686296463,0.3,0.2,1e-05
23,90,0.19358773529529572,0.01033463329076767,0.2979673147201538,0.4693145155906677,0.3,0.2,1e-05
23,91,0.31010377407073975,0.03558367118239403,0.6149642467498779,0.45015403628349304,0.3,0.2,1e-05
23,92,0.09990036487579346,0.006122482940554619,0.13486218452453613,0.26659610867500305,0.3,0.2,1e-05
23,93,0.12776732444763184,0.010402210988104343,0.269140362739563,0.18311499059200287,0.3,0.2,1e-05
23,94,0.06647992879152298,0.011386239901185036,0.044826626777648926,0.2082284837961197,0.3,0.2,1e-05
23,95,0.031906671822071075,0.0032724246848374605,0.04141223430633545,0.08105288445949554,0.3,0.2,1e-05
23,96,0.09237563610076904,0.009809628129005432,0.09918266534805298,0.264055997133255,0.3,0.2,1e-05
23,97,0.04579773172736168,0.004185594152659178,0.035705387592315674,0.15450260043144226,0.3,0.2,1e-05
23,98,0.04552672803401947,0.006346819456666708,0.034510254859924316,0.14413416385650635,0.3,0.2,1e-05
24,0,0.059390611946582794,0.0013729168567806482,0.09438210725784302,0.14851529896259308,0.3,0.2,1e-05
24,1,0.04472718387842178,0.006413559429347515,0.03175234794616699,0.14393959939479828,0.3,0.2,1e-05
24,2,0.031478047370910645,0.003271711990237236,0.04140043258666992,0.07893102616071701,0.3,0.2,1e-05
24,3,0.07981477677822113,0.005210270173847675,0.13122165203094482,0.1761900633573532,0.3,0.2,1e-05
24,4,0.12420818954706192,0.0046806796453893185,0.25518542528152466,0.21485939621925354,0.3,0.2,1e-05
24,5,0.10458968579769135,0.00456617446616292,0.17620158195495605,0.235815167427063,0.3,0.2,1e-05
24,6,0.06318645179271698,0.007568806875497103,0.05792033672332764,0.19120772182941437,0.3,0.2,1e-05
24,7,0.27581384778022766,0.019627830013632774,0.5185407400131226,0.5031190514564514,0.3,0.2,1e-05
24,8,0.09759221971035004,0.0034931960981339216,0.1481645703315735,0.24824824929237366,0.3,0.2,1e-05
24,9,0.051518797874450684,0.0029238311108201742,0.10510396957397461,0.08531886339187622,0.3,0.2,1e-05
24,10,0.060755252838134766,0.00841872114688158,0.03925579786300659,0.20279894769191742,0.3,0.2,1e-05
24,11,0.06928838789463043,0.007099885959178209,0.13250786066055298,0.11218070238828659,0.3,0.2,1e-05
24,12,0.06173240765929222,0.004085748456418514,0.08365988731384277,0.1627434492111206,0.3,0.2,1e-05
24,13,0.09179927408695221,0.009618108160793781,0.10052686929702759,0.26011553406715393,0.3,0.2,1e-05
24,14,0.10419696569442749,0.0044968160800635815,0.16053569316864014,0.257697194814682,0.3,0.2,1e-05
24,15,0.059966616332530975,0.0032093573827296495,0.0721428394317627,0.17557203769683838,0.3,0.2,1e-05
24,16,0.04170666262507439,0.0014358184998854995,0.044802725315093994,0.13415013253688812,0.3,0.2,1e-05
24,17,0.09392145276069641,0.0025510424748063087,0.13480782508850098,0.2546403110027313,0.3,0.2,1e-05
24,18,0.096093088388443,0.006396779324859381,0.13707542419433594,0.24286842346191406,0.3,0.2,1e-05
24,19,0.06364607810974121,0.003356634872034192,0.07100021839141846,0.19494688510894775,0.3,0.2,1e-05
24,20,0.07496915757656097,0.01187645923346281,0.040618956089019775,0.25453507900238037,0.3,0.2,1e-05
24,21,0.1952020227909088,0.009872282855212688,0.31927651166915894,0.44773393869400024,0.3,0.2,1e-05
24,22,0.08054668456315994,0.0023749687243252993,0.1680992841720581,0.1387096345424652,0.3,0.2,1e-05
24,23,0.09025958180427551,0.01043303869664669,0.066925048828125,0.29874512553215027,0.3,0.2,1e-05
24,24,0.07194861769676208,0.01815604418516159,0.044797420501708984,0.2017667293548584,0.3,0.2,1e-05
24,25,0.08524578809738159,0.004200218245387077,0.07741820812225342,0.2891005277633667,0.3,0.2,1e-05
24,26,0.06517490744590759,0.003247547894716263,0.11310255527496338,0.1399829387664795,0.3,0.2,1e-05
24,27,0.06571382284164429,0.008451695553958416,0.03842806816101074,0.22866851091384888,0.3,0.2,1e-05
24,28,0.10465037822723389,0.0018434126395732164,0.13931208848953247,0.30506670475006104,0.3,0.2,1e-05
24,29,0.058030325919389725,0.004298404324799776,0.056682586669921875,0.18363572657108307,0.3,0.2,1e-05
24,30,0.08106747269630432,0.003924212884157896,0.11668163537979126,0.2106938362121582,0.3,0.2,1e-05
24,31,0.06354787945747375,0.009502096101641655,0.0731930136680603,0.1604393571615219,0.3,0.2,1e-05
24,32,0.18840639293193817,0.010422234423458576,0.3154374957084656,0.416764497756958,0.3,0.2,1e-05
24,33,0.108907051384449,0.008540327660739422,0.1304783821105957,0.3061160147190094,0.3,0.2,1e-05
24,34,0.1422913819551468,0.006051813717931509,0.1577203869819641,0.44461724162101746,0.3,0.2,1e-05
24,35,0.046238332986831665,0.0023252565879374743,0.03644818067550659,0.16489309072494507,0.3,0.2,1e-05
24,36,0.1211075633764267,0.00948821660131216,0.14147937297821045,0.34587767720222473,0.3,0.2,1e-05
24,37,0.053433604538440704,0.0035182610154151917,0.09797835350036621,0.10260917246341705,0.3,0.2,1e-05
24,38,0.0794902965426445,0.012359526939690113,0.06726312637329102,0.2347591519355774,0.3,0.2,1e-05
24,39,0.04585304111242294,0.0026524129789322615,0.08521634340286255,0.0881786197423935,0.3,0.2,1e-05
24,40,0.05637195706367493,0.0031543257646262646,0.04991799592971802,0.19121114909648895,0.3,0.2,1e-05
24,41,0.09431804716587067,0.005837896838784218,0.14012449979782104,0.23221401870250702,0.3,0.2,1e-05
24,42,0.04959982633590698,0.0032329352106899023,0.044318974018096924,0.16535598039627075,0.3,0.2,1e-05
24,43,0.07548356056213379,0.010754989460110664,0.043755292892456055,0.2580099403858185,0.3,0.2,1e-05
24,44,0.1361779421567917,0.01038843672722578,0.2687491178512573,0.22582386434078217,0.3,0.2,1e-05
24,45,0.04024569317698479,0.004162956029176712,0.035700440406799316,0.1268630176782608,0.3,0.2,1e-05
24,46,0.19585198163986206,0.00945458747446537,0.3960039019584656,0.33798107504844666,0.3,0.2,1e-05
24,47,0.06434531509876251,0.011361369863152504,0.044770658016204834,0.19776372611522675,0.3,0.2,1e-05
24,48,0.05259958282113075,0.0015214469749480486,0.03247499465942383,0.20667818188667297,0.3,0.2,1e-05
24,49,0.0753028392791748,0.009520341642200947,0.09851914644241333,0.18113376200199127,0.3,0.2,1e-05
24,50,0.09052407741546631,0.012069528922438622,0.07268255949020386,0.2832489013671875,0.3,0.2,1e-05
24,51,0.0817110612988472,0.005440643522888422,0.06572550535202026,0.28276383876800537,0.3,0.2,1e-05
24,52,0.13197201490402222,0.005279173608869314,0.116019606590271,0.4594348073005676,0.3,0.2,1e-05
24,53,0.21552392840385437,0.012976218946278095,0.3955000638961792,0.41948843002319336,0.3,0.2,1e-05
24,54,0.0605495385825634,0.008386274799704552,0.03437387943267822,0.20925548672676086,0.3,0.2,1e-05
24,55,0.04400534927845001,0.0012875330867245793,0.043901920318603516,0.14773619174957275,0.3,0.2,1e-05
24,56,0.09163157641887665,0.004601944237947464,0.14824146032333374,0.21278594434261322,0.3,0.2,1e-05
24,57,0.26500412821769714,0.022883808240294456,0.5806462168693542,0.3396322727203369,0.3,0.2,1e-05
24,58,0.05472328141331673,0.006329516880214214,0.03446149826049805,0.19027657806873322,0.3,0.2,1e-05
24,59,0.06113298237323761,0.002904205583035946,0.10947650671005249,0.1269291192293167,0.3,0.2,1e-05
24,60,0.08621940016746521,0.00491214357316494,0.1913122534751892,0.11956790089607239,0.3,0.2,1e-05
24,61,0.04486978054046631,0.0020177203696221113,0.046320199966430664,0.1447800099849701,0.3,0.2,1e-05
24,62,0.048747096210718155,0.0032305780332535505,0.09084212779998779,0.09131939709186554,0.3,0.2,1e-05
24,63,0.07352086901664734,0.0025877607986330986,0.14105504751205444,0.14308296144008636,0.3,0.2,1e-05
24,64,0.21986860036849976,0.011078674346208572,0.4029802083969116,0.4394792318344116,0.3,0.2,1e-05
24,65,0.081504687666893,0.009787791408598423,0.09895968437194824,0.21014493703842163,0.3,0.2,1e-05
24,66,0.09636634588241577,0.012239744886755943,0.08130127191543579,0.2986811101436615,0.3,0.2,1e-05
24,67,0.11974218487739563,0.011438513174653053,0.1719542145729065,0.2835870087146759,0.3,0.2,1e-05
24,68,0.055501461029052734,0.0049787103198468685,0.11646378040313721,0.07791808247566223,0.3,0.2,1e-05
24,69,0.08114422857761383,0.010619692504405975,0.08861076831817627,0.21970650553703308,0.3,0.2,1e-05
24,70,0.059579987078905106,0.011221526190638542,0.043624043464660645,0.1763562262058258,0.3,0.2,1e-05
24,71,0.10168411582708359,0.006116560194641352,0.13467854261398315,0.27581995725631714,0.3,0.2,1e-05
24,72,0.06629057973623276,0.002329627750441432,0.1193646788597107,0.1407577395439148,0.3,0.2,1e-05
24,73,0.15323886275291443,0.00427879486232996,0.18507176637649536,0.46719270944595337,0.3,0.2,1e-05
24,74,0.07394209504127502,0.015316137112677097,0.047078609466552734,0.22251184284687042,0.3,0.2,1e-05
24,75,0.06187281757593155,0.005116673186421394,0.10220271348953247,0.13047663867473602,0.3,0.2,1e-05
24,76,0.050024114549160004,0.0033812695182859898,0.03030449151992798,0.1877574920654297,0.3,0.2,1e-05
24,77,0.09102468192577362,0.0038250081706792116,0.17286866903305054,0.1766953319311142,0.3,0.2,1e-05
24,78,0.07823774218559265,0.005260602105408907,0.09057247638702393,0.22902697324752808,0.3,0.2,1e-05
24,79,0.08369025588035583,0.002621591789647937,0.19774138927459717,0.10873120278120041,0.3,0.2,1e-05
24,80,0.04853106290102005,0.0013003889471292496,0.09487754106521606,0.09383705258369446,0.3,0.2,1e-05
24,81,0.08935973793268204,0.01394164003431797,0.08764207363128662,0.24562737345695496,0.3,0.2,1e-05
24,82,0.30583256483078003,0.03825261443853378,0.5992417335510254,0.4390370547771454,0.3,0.2,1e-05
24,83,0.13343408703804016,0.005461347289383411,0.19555538892745972,0.346530556678772,0.3,0.2,1e-05
24,84,0.09977450966835022,0.004881798289716244,0.1145780086517334,0.3025965094566345,0.3,0.2,1e-05
24,85,0.0852847546339035,0.004473437555134296,0.2114403247833252,0.08689609169960022,0.3,0.2,1e-05
24,86,0.0887526348233223,0.00413287291303277,0.2155228853225708,0.09981445223093033,0.3,0.2,1e-05
24,87,0.09840483963489532,0.0034062874037772417,0.1365068554878235,0.27023249864578247,0.3,0.2,1e-05
24,88,0.04949942231178284,0.005977190099656582,0.03435647487640381,0.1660764366388321,0.3,0.2,1e-05
24,89,0.09473927319049835,0.007679274771362543,0.21950054168701172,0.10604913532733917,0.3,0.2,1e-05
24,90,0.12437228113412857,0.011242101900279522,0.1922779083251953,0.2772340178489685,0.3,0.2,1e-05
24,91,0.08014185726642609,0.00883044209331274,0.0757710337638855,0.24290049076080322,0.3,0.2,1e-05
24,92,0.05312168225646019,0.0010893988655880094,0.03423810005187988,0.20880426466464996,0.3,0.2,1e-05
24,93,0.0788501501083374,0.003939336631447077,0.1763770580291748,0.10998847335577011,0.3,0.2,1e-05
24,94,0.07128749042749405,0.007656930014491081,0.13812732696533203,0.11096177995204926,0.3,0.2,1e-05
24,95,0.26965564489364624,0.021155284717679024,0.5111250877380371,0.4758141338825226,0.3,0.2,1e-05
24,96,0.17197385430335999,0.004934483673423529,0.2381434440612793,0.4779816269874573,0.3,0.2,1e-05
24,97,0.07757620513439178,0.0038230956997722387,0.14104712009429932,0.1571948528289795,0.3,0.2,1e-05
24,98,0.1974709928035736,0.011313434690237045,0.3211556673049927,0.44905418157577515,0.3,0.2,1e-05
25,0,0.06724141538143158,0.002331361174583435,0.11932820081710815,0.14555798470973969,0.3,0.2,1e-05
25,1,0.1432981640100479,0.006170162931084633,0.21305620670318604,0.3660556972026825,0.3,0.2,1e-05
25,2,0.08799884468317032,0.004931628238409758,0.19398552179336548,0.12435778975486755,0.3,0.2,1e-05
25,3,0.0682600811123848,0.004053088836371899,0.08359634876251221,0.195640429854393,0.3,0.2,1e-05
25,4,0.07663190364837646,0.010391101241111755,0.06691175699234009,0.23083637654781342,0.3,0.2,1e-05
25,5,0.04137605056166649,0.001255694543942809,0.041890621185302734,0.13776583969593048,0.3,0.2,1e-05
25,6,0.07801063358783722,0.015276310965418816,0.047000765800476074,0.24317048490047455,0.3,0.2,1e-05
25,7,0.29018309712409973,0.032873623073101044,0.6033896207809448,0.3814629018306732,0.3,0.2,1e-05
25,8,0.14117033779621124,0.010410690680146217,0.26872432231903076,0.25071170926094055,0.3,0.2,1e-05
25,9,0.19742979109287262,0.007868344895541668,0.3426320552825928,0.4338591396808624,0.3,0.2,1e-05
25,10,0.0759645476937294,0.003926275763660669,0.17629945278167725,0.09574214369058609,0.3,0.2,1e-05
25,11,0.057681530714035034,0.006309621501713991,0.03437542915344238,0.20529639720916748,0.3,0.2,1e-05
25,12,0.06218944489955902,0.004951502662152052,0.11639636754989624,0.11159513890743256,0.3,0.2,1e-05
25,13,0.05519502982497215,0.0075441645458340645,0.05791318416595459,0.15138454735279083,0.3,0.2,1e-05
25,14,0.18227431178092957,0.006435973569750786,0.33098340034484863,0.382716566324234,0.3,0.2,1e-05
25,15,0.048919424414634705,0.008372554555535316,0.03431433439254761,0.15126284956932068,0.3,0.2,1e-05
25,16,0.07412223517894745,0.008854260668158531,0.07581603527069092,0.21261578798294067,0.3,0.2,1e-05
25,17,0.09158587455749512,0.004179104696959257,0.07755142450332642,0.32070669531822205,0.3,0.2,1e-05
25,18,0.17191362380981445,0.004673089366406202,0.24486172199249268,0.4689100384712219,0.3,0.2,1e-05
25,19,0.07222001999616623,0.0076274084858596325,0.13795363903045654,0.11603259295225143,0.3,0.2,1e-05
25,20,0.07408462464809418,0.0036558532156050205,0.13955461978912354,0.14281189441680908,0.3,0.2,1e-05
25,21,0.051420748233795166,0.00262983376160264,0.08513826131820679,0.11624717712402344,0.3,0.2,1e-05
25,22,0.09773857891559601,0.0035231139045208693,0.1483331322669983,0.24857759475708008,0.3,0.2,1e-05
25,23,0.0517101064324379,0.0009757957304827869,0.03237330913543701,0.2051115781068802,0.3,0.2,1e-05
25,24,0.05349642038345337,0.0031855162233114243,0.07207787036895752,0.1434376984834671,0.3,0.2,1e-05
25,25,0.18902872502803802,0.009379600174725056,0.30492836236953735,0.4408530294895172,0.3,0.2,1e-05
25,26,0.07942751795053482,0.005397961009293795,0.06550389528274536,0.27189192175865173,0.3,0.2,1e-05
25,27,0.08656390011310577,0.0052214995957911015,0.13120079040527344,0.2099107801914215,0.3,0.2,1e-05
25,28,0.09102632105350494,0.0033626696094870567,0.13625270128250122,0.23393917083740234,0.3,0.2,1e-05
25,29,0.10089808702468872,0.004450914915651083,0.1536979079246521,0.25168898701667786,0.3,0.2,1e-05
25,30,0.041065484285354614,0.002013319404795766,0.04636800289154053,0.12570880353450775,0.3,0.2,1e-05
25,31,0.1072077751159668,0.009473457932472229,0.14145821332931519,0.27648425102233887,0.3,0.2,1e-05
25,32,0.07871966063976288,0.002499576425179839,0.14426791667938232,0.1646985411643982,0.3,0.2,1e-05
25,33,0.2582113742828369,0.01776053011417389,0.5189172029495239,0.4238782823085785,0.3,0.2,1e-05
25,34,0.04991690814495087,0.001296119298785925,0.09483051300048828,0.10085815191268921,0.3,0.2,1e-05
25,35,0.08761586993932724,0.009508136659860611,0.09833288192749023,0.2430393397808075,0.3,0.2,1e-05
25,36,0.2967061996459961,0.022363094612956047,0.5577938556671143,0.5350246429443359,0.3,0.2,1e-05
25,37,0.1622087061405182,0.0036997541319578886,0.19734036922454834,0.49653422832489014,0.3,0.2,1e-05
25,38,0.1075865626335144,0.006144415587186813,0.1348341703414917,0.3049594461917877,0.3,0.2,1e-05
25,39,0.09559861570596695,0.012394478544592857,0.06732475757598877,0.31503352522850037,0.3,0.2,1e-05
25,40,0.11083539575338364,0.008515926077961922,0.13046258687973022,0.3159034550189972,0.3,0.2,1e-05
25,41,0.05091363564133644,0.003352575469762087,0.07103991508483887,0.131245419383049,0.3,0.2,1e-05
25,42,0.08451037108898163,0.01208215206861496,0.0726885199546814,0.25310832262039185,0.3,0.2,1e-05
25,43,0.0491558201611042,0.002329564653337002,0.03645050525665283,0.17945551872253418,0.3,0.2,1e-05
25,44,0.05429168790578842,0.005972248502075672,0.0343363881111145,0.19009260833263397,0.3,0.2,1e-05
25,45,0.08864367008209229,0.00393432192504406,0.17306959629058838,0.163942351937294,0.3,0.2,1e-05
25,46,0.05836986005306244,0.0031523157376796007,0.04986000061035156,0.20129771530628204,0.3,0.2,1e-05
25,47,0.06935478746891022,0.018156861886382103,0.04473531246185303,0.1888866424560547,0.3,0.2,1e-05
25,48,0.11023661494255066,0.011408276855945587,0.17173898220062256,0.23653322458267212,0.3,0.2,1e-05
25,49,0.05016636475920677,0.008400138467550278,0.03916674852371216,0.15008100867271423,0.3,0.2,1e-05
25,50,0.0760231465101242,0.003918456379324198,0.11665427684783936,0.1855420172214508,0.3,0.2,1e-05
25,51,0.07573524117469788,0.0052493298426270485,0.09040915966033936,0.2168157994747162,0.3,0.2,1e-05
25,52,0.07966456562280655,0.013943716883659363,0.08759671449661255,0.19720914959907532,0.3,0.2,1e-05
25,53,0.06804832816123962,0.0013761254958808422,0.09438067674636841,0.19178998470306396,0.3,0.2,1e-05
25,54,0.06000540405511856,0.0034476197324693203,0.09770447015762329,0.13623221218585968,0.3,0.2,1e-05
25,55,0.04342767223715782,0.0032495150808244944,0.04426485300064087,0.13449349999427795,0.3,0.2,1e-05
25,56,0.11868636310100555,0.004677844699472189,0.25497299432754517,0.1875830888748169,0.3,0.2,1e-05
25,57,0.06351183354854584,0.011337412521243095,0.04469209909439087,0.19383393228054047,0.3,0.2,1e-05
25,58,0.1221107766032219,0.011248963885009289,0.19212722778320312,0.26611819863319397,0.3,0.2,1e-05
25,59,0.08875220268964767,0.0025475251022726297,0.1344853639602661,0.22929534316062927,0.3,0.2,1e-05
25,60,0.2572005093097687,0.019750794395804405,0.5246826410293579,0.40022459626197815,0.3,0.2,1e-05
25,61,0.05608363822102547,0.006416619755327702,0.03174114227294922,0.20072336494922638,0.3,0.2,1e-05
25,62,0.10018138587474823,0.012233991175889969,0.08112162351608276,0.31805452704429626,0.3,0.2,1e-05
25,63,0.10404551029205322,0.007641196250915527,0.21828532218933105,0.1545935720205307,0.3,0.2,1e-05
25,64,0.09283272922039032,0.005803039763122797,0.1399141550064087,0.22527718544006348,0.3,0.2,1e-05
25,65,0.15607938170433044,0.0066334703005850315,0.16678231954574585,0.49705609679222107,0.3,0.2,1e-05
25,66,0.07274988293647766,0.0018364076968282461,0.13912826776504517,0.1458749920129776,0.3,0.2,1e-05
25,67,0.06938083469867706,0.0070938351564109325,0.1324029564857483,0.11283052712678909,0.3,0.2,1e-05
25,68,0.06565894931554794,0.0032447378616780043,0.11307626962661743,0.14245665073394775,0.3,0.2,1e-05
25,69,0.08900987356901169,0.004573233425617218,0.14818328619003296,0.19990825653076172,0.3,0.2,1e-05
25,70,0.06551305949687958,0.008425002917647362,0.038280367851257324,0.22801974415779114,0.3,0.2,1e-05
25,71,0.10229052603244781,0.004858528729528189,0.11448836326599121,0.3154274523258209,0.3,0.2,1e-05
25,72,0.060440950095653534,0.004314091522246599,0.05682969093322754,0.1953897476196289,0.3,0.2,1e-05
25,73,0.10123050212860107,0.004549980629235506,0.1759621500968933,0.21945933997631073,0.3,0.2,1e-05
25,74,0.05831414461135864,0.011856408789753914,0.040534794330596924,0.171486496925354,0.3,0.2,1e-05
25,75,0.05969680845737457,0.0028898739255964756,0.10939127206802368,0.11994773894548416,0.3,0.2,1e-05
25,76,0.1075245663523674,0.0063829305581748486,0.13696002960205078,0.30026811361312866,0.3,0.2,1e-05
25,77,0.06137663498520851,0.01121559925377369,0.043550848960876465,0.18547889590263367,0.3,0.2,1e-05
25,78,0.06376911699771881,0.01071720477193594,0.043582260608673096,0.19988614320755005,0.3,0.2,1e-05
25,79,0.0877319872379303,0.002615397796034813,0.1976146101951599,0.1291610300540924,0.3,0.2,1e-05
25,80,0.10797293484210968,0.009805637411773205,0.09899663925170898,0.34234151244163513,0.3,0.2,1e-05
25,81,0.059231262654066086,0.003362210001796484,0.030220627784729004,0.23401431739330292,0.3,0.2,1e-05
25,82,0.20585697889328003,0.009445716626942158,0.32307565212249756,0.4974427819252014,0.3,0.2,1e-05
25,83,0.06404184550046921,0.005120974965393543,0.10220015048980713,0.1413041055202484,0.3,0.2,1e-05
25,84,0.13465851545333862,0.005538522265851498,0.13928264379501343,0.43667593598365784,0.3,0.2,1e-05
25,85,0.07880919426679611,0.0024216417223215103,0.1698622703552246,0.12714435160160065,0.3,0.2,1e-05
25,86,0.08230531215667725,0.004544672556221485,0.21409684419631958,0.06765789538621902,0.3,0.2,1e-05
25,87,0.033837929368019104,0.003273978363722563,0.04140973091125488,0.09070516377687454,0.3,0.2,1e-05
25,88,0.2190217673778534,0.012578331865370274,0.41092562675476074,0.4158286154270172,0.3,0.2,1e-05
25,89,0.05589935928583145,0.0029083145782351494,0.1049809455871582,0.10748378187417984,0.3,0.2,1e-05
25,90,0.053576238453388214,0.0032302222680300474,0.09088295698165894,0.11540564149618149,0.3,0.2,1e-05
25,91,0.07516808807849884,0.009479288943111897,0.07305699586868286,0.21885846555233002,0.3,0.2,1e-05
25,92,0.17425879836082458,0.009317506104707718,0.28838270902633667,0.39213237166404724,0.3,0.2,1e-05
25,93,0.09491279721260071,0.004123315215110779,0.21531516313552856,0.1309746354818344,0.3,0.2,1e-05
25,94,0.08225958049297333,0.009576444514095783,0.10022276639938354,0.213081493973732,0.3,0.2,1e-05
25,95,0.04394017904996872,0.0013865280197933316,0.03922086954116821,0.1539369523525238,0.3,0.2,1e-05
25,96,0.045459263026714325,0.004170695785433054,0.035675764083862305,0.15292920172214508,0.3,0.2,1e-05
25,97,0.0447612889111042,0.00154702493455261,0.0339360237121582,0.16516728699207306,0.3,0.2,1e-05
25,98,0.08242864906787872,0.010625987313687801,0.0886223316192627,0.2260798066854477,0.3,0.2,1e-05
26,0,0.04896819591522217,0.006412334740161896,0.03174978494644165,0.1651546210050583,0.3,0.2,1e-05
26,1,0.0548553541302681,0.003363061463460326,0.03022211790084839,0.21212826669216156,0.3,0.2,1e-05
26,2,0.08099720627069473,0.004307444207370281,0.21348172426223755,0.06322620809078217,0.3,0.2,1e-05
26,3,0.09101762622594833,0.004106573294848204,0.18028831481933594,0.1641227900981903,0.3,0.2,1e-05
26,4,0.08992420881986618,0.009484478272497654,0.09817922115325928,0.2549298107624054,0.3,0.2,1e-05
26,5,0.05800085514783859,0.005075466353446245,0.10209524631500244,0.11148407310247421,0.3,0.2,1e-05
26,6,0.052745260298252106,0.0032322898041456938,0.09088069200515747,0.11124379932880402,0.3,0.2,1e-05
26,7,0.07475997507572174,0.0038873418234288692,0.11654788255691528,0.17954133450984955,0.3,0.2,1e-05
26,8,0.052257075905799866,0.00630480470135808,0.03432828187942505,0.1782689243555069,0.3,0.2,1e-05
26,9,0.06791817396879196,0.009442559443414211,0.07292890548706055,0.18298470973968506,0.3,0.2,1e-05
26,10,0.06693153083324432,0.0053847599774599075,0.06531798839569092,0.20975685119628906,0.3,0.2,1e-05
26,11,0.05264437943696976,0.0031868694350123405,0.07200318574905396,0.13928277790546417,0.3,0.2,1e-05
26,12,0.049722228199243546,0.0012718952493742108,0.04054296016693115,0.18143722414970398,0.3,0.2,1e-05
26,13,0.07675161212682724,0.003929335158318281,0.1761777400970459,0.09984476864337921,0.3,0.2,1e-05
26,14,0.06048809736967087,0.01180217508226633,0.04036515951156616,0.18288184702396393,0.3,0.2,1e-05
26,15,0.08431947976350784,0.004500487353652716,0.14768356084823608,0.17756961286067963,0.3,0.2,1e-05
26,16,0.19317519664764404,0.010411021299660206,0.3150307536125183,0.4412747323513031,0.3,0.2,1e-05
26,17,0.09632451832294464,0.0035188551992177963,0.14822620153427124,0.24168898165225983,0.3,0.2,1e-05
26,18,0.10226306319236755,0.007552248425781727,0.2157699465751648,0.14989912509918213,0.3,0.2,1e-05
26,19,0.29657065868377686,0.024077938869595528,0.5766254663467407,0.4975254535675049,0.3,0.2,1e-05
26,20,0.07197290658950806,0.007626600097864866,0.1377568244934082,0.11509628593921661,0.3,0.2,1e-05
26,21,0.08299633860588074,0.0018434332450851798,0.13923156261444092,0.19691716134548187,0.3,0.2,1e-05
26,22,0.07254558801651001,0.008883819915354252,0.07584106922149658,0.2045472115278244,0.3,0.2,1e-05
26,23,0.08277066051959991,0.002610062714666128,0.14026057720184326,0.19041210412979126,0.3,0.2,1e-05
26,24,0.08241455256938934,0.010593529790639877,0.08857166767120361,0.2262476235628128,0.3,0.2,1e-05
26,25,0.04571135342121124,0.008381567895412445,0.039112746715545654,0.1279798001050949,0.3,0.2,1e-05
26,26,0.19110825657844543,0.008149673230946064,0.3823338747024536,0.34129202365875244,0.3,0.2,1e-05
26,27,0.17774847149848938,0.004823858384042978,0.18307721614837646,0.5900072455406189,0.3,0.2,1e-05
26,28,0.08279303461313248,0.002612985670566559,0.19741874933242798,0.10477209836244583,0.3,0.2,1e-05
26,29,0.05076561123132706,0.00834594015032053,0.03425145149230957,0.16072116792201996,0.3,0.2,1e-05
26,30,0.048826999962329865,0.005967194214463234,0.03429543972015381,0.162855863571167,0.3,0.2,1e-05
26,31,0.12753301858901978,0.011193623766303062,0.1917581558227539,0.29405972361564636,0.3,0.2,1e-05
26,32,0.06446488201618195,0.011186354793608189,0.043542325496673584,0.20107914507389069,0.3,0.2,1e-05
26,33,0.06394059211015701,0.0032314686104655266,0.11308550834655762,0.13391736149787903,0.3,0.2,1e-05
26,34,0.06410054862499237,0.007549003232270479,0.057862699031829834,0.19596369564533234,0.3,0.2,1e-05
26,35,0.05263649672269821,0.008414514362812042,0.03831440210342407,0.16363830864429474,0.3,0.2,1e-05
26,36,0.11927585303783417,0.004671515431255102,0.2543347477912903,0.19151955842971802,0.3,0.2,1e-05
26,37,0.27157366275787354,0.018540702760219574,0.5058664083480835,0.506365180015564,0.3,0.2,1e-05
26,38,0.04783704876899719,0.0012929539661854506,0.09478676319122314,0.0905403196811676,0.3,0.2,1e-05
26,39,0.08408552408218384,0.0052227359265089035,0.13109582662582397,0.19767020642757416,0.3,0.2,1e-05
26,40,0.09031366556882858,0.004842723719775677,0.19446367025375366,0.13565918803215027,0.3,0.2,1e-05
26,41,0.05153271555900574,0.0028799085412174463,0.10486352443695068,0.08596872538328171,0.3,0.2,1e-05
26,42,0.20353657007217407,0.010036952793598175,0.3579081892967224,0.4306357800960541,0.3,0.2,1e-05
26,43,0.05863321200013161,0.0028849290683865547,0.10931724309921265,0.11476553976535797,0.3,0.2,1e-05
26,44,0.06385882198810577,0.011298850178718567,0.04453694820404053,0.19599440693855286,0.3,0.2,1e-05
26,45,0.09393438696861267,0.0048850891180336475,0.11443567276000977,0.2735929787158966,0.3,0.2,1e-05
26,46,0.06586121022701263,0.018156392499804497,0.044634342193603516,0.17157258093357086,0.3,0.2,1e-05
26,47,0.04491265118122101,0.004160774871706963,0.03564441204071045,0.15029276907444,0.3,0.2,1e-05
26,48,0.09913883358240128,0.004626888316124678,0.1763540506362915,0.2080286294221878,0.3,0.2,1e-05
26,49,0.08146566152572632,0.0025552180595695972,0.1678054928779602,0.14284394681453705,0.3,0.2,1e-05
26,50,0.1283002495765686,0.010417834855616093,0.2684842348098755,0.186685711145401,0.3,0.2,1e-05
26,51,0.057836052030324936,0.0013678567484021187,0.09431511163711548,0.14086829125881195,0.3,0.2,1e-05
26,52,0.06699208915233612,0.00705899391323328,0.13216888904571533,0.10141215473413467,0.3,0.2,1e-05
26,53,0.037401631474494934,0.0014889510348439217,0.03735017776489258,0.12353812158107758,0.3,0.2,1e-05
26,54,0.047697216272354126,0.003237014403566718,0.04423445463180542,0.15594930946826935,0.3,0.2,1e-05
26,55,0.13888920843601227,0.005831638816744089,0.13148152828216553,0.4680655300617218,0.3,0.2,1e-05
26,56,0.15544642508029938,0.0051933652721345425,0.23210769891738892,0.40310370922088623,0.3,0.2,1e-05
26,57,0.21098271012306213,0.01392009761184454,0.38657844066619873,0.4054454267024994,0.3,0.2,1e-05
26,58,0.12199277430772781,0.006160231772810221,0.16098260879516602,0.33768877387046814,0.3,0.2,1e-05
26,59,0.27643173933029175,0.034954022616147995,0.5659439563751221,0.3584725260734558,0.3,0.2,1e-05
26,60,0.06489039212465286,0.004967828746885061,0.11636090278625488,0.1250714510679245,0.3,0.2,1e-05
26,61,0.04132041335105896,0.0033553701359778643,0.07100135087966919,0.08332318812608719,0.3,0.2,1e-05
26,62,0.0926109105348587,0.01209429930895567,0.07258307933807373,0.2937084138393402,0.3,0.2,1e-05
26,63,0.0720469281077385,0.0052703795954585075,0.09025931358337402,0.19849376380443573,0.3,0.2,1e-05
26,64,0.0924060046672821,0.003366373246535659,0.13615143299102783,0.24097099900245667,0.3,0.2,1e-05
26,65,0.11430908739566803,0.006394787225872278,0.13678205013275146,0.33439838886260986,0.3,0.2,1e-05
26,66,0.11307217925786972,0.01145120058208704,0.17182958126068115,0.25036051869392395,0.3,0.2,1e-05
26,67,0.08722050487995148,0.003862240584567189,0.14715862274169922,0.1960533857345581,0.3,0.2,1e-05
26,68,0.1995300054550171,0.008384516462683678,0.3711811900138855,0.3989556133747101,0.3,0.2,1e-05
26,69,0.09749061614274979,0.009739355184137821,0.09866136312484741,0.2907642424106598,0.3,0.2,1e-05
26,70,0.08976924419403076,0.013896399177610874,0.08732390403747559,0.24837836623191833,0.3,0.2,1e-05
26,71,0.08852513879537582,0.015276988968253136,0.04685628414154053,0.2959563136100769,0.3,0.2,1e-05
26,72,0.0662771686911583,0.0023372762370854616,0.11926537752151489,0.14080138504505157,0.3,0.2,1e-05
26,73,0.08021724224090576,0.003496523480862379,0.09753495454788208,0.23730114102363586,0.3,0.2,1e-05
26,74,0.2534739375114441,0.0179543886333704,0.5345741510391235,0.37573644518852234,0.3,0.2,1e-05
26,75,0.10668538510799408,0.008531452156603336,0.13038718700408936,0.29518887400627136,0.3,0.2,1e-05
26,76,0.061849191784858704,0.0026306009385734797,0.08500319719314575,0.16858816146850586,0.3,0.2,1e-05
26,77,0.05955951660871506,0.004047473426908255,0.0834665298461914,0.15236042439937592,0.3,0.2,1e-05
26,78,0.09018877893686295,0.004125477746129036,0.0774695873260498,0.31411212682724,0.3,0.2,1e-05
26,79,0.08516278117895126,0.010349560528993607,0.0668795108795166,0.2737468183040619,0.3,0.2,1e-05
26,80,0.04906473308801651,0.002320714993402362,0.03639364242553711,0.17912961542606354,0.3,0.2,1e-05
26,81,0.08707190304994583,0.012429175898432732,0.06728005409240723,0.2722935378551483,0.3,0.2,1e-05
26,82,0.06866227090358734,0.010720632039010525,0.0435105562210083,0.22444233298301697,0.3,0.2,1e-05
26,83,0.17814691364765167,0.011060642078518867,0.3160521388053894,0.3613530993461609,0.3,0.2,1e-05
26,84,0.10203693807125092,0.012257013469934464,0.0811002254486084,0.3272492587566376,0.3,0.2,1e-05
26,85,0.10248546302318573,0.006162662524729967,0.13485240936279297,0.2793353497982025,0.3,0.2,1e-05
26,86,0.04882384091615677,0.0009641669457778335,0.03212171792984009,0.19111579656600952,0.3,0.2,1e-05
26,87,0.037865571677684784,0.00326897413469851,0.041402995586395264,0.11087848246097565,0.3,0.2,1e-05
26,88,0.03799636662006378,0.00202057883143425,0.04637110233306885,0.11032228171825409,0.3,0.2,1e-05
26,89,0.05615992099046707,0.004265360999852419,0.05627429485321045,0.17506136000156403,0.3,0.2,1e-05
26,90,0.08975711464881897,0.005855160765349865,0.1401287317276001,0.209316685795784,0.3,0.2,1e-05
26,91,0.13953900337219238,0.0063071176409721375,0.1917095184326172,0.37859514355659485,0.3,0.2,1e-05
26,92,0.07981060445308685,0.009526564739644527,0.09988933801651001,0.20158617198467255,0.3,0.2,1e-05
26,93,0.11576521396636963,0.009499510750174522,0.14147520065307617,0.31911569833755493,0.3,0.2,1e-05
26,94,0.050125811249017715,0.001548174419440329,0.033283889293670654,0.19296234846115112,0.3,0.2,1e-05
26,95,0.08542975783348083,0.002548234537243843,0.13407188653945923,0.2132997363805771,0.3,0.2,1e-05
26,96,0.0955725759267807,0.004524691496044397,0.15410804748535156,0.22407732903957367,0.3,0.2,1e-05
26,97,0.05297354608774185,0.0031466051004827023,0.04979884624481201,0.17443642020225525,0.3,0.2,1e-05
26,98,0.09417576342821121,0.004088633228093386,0.21500474214553833,0.12792851030826569,0.3,0.2,1e-05
27,0,0.06263075023889542,0.0034398091956973076,0.09738814830780029,0.14987248182296753,0.3,0.2,1e-05
27,1,0.2815887928009033,0.022817641496658325,0.5656278133392334,0.44541409611701965,0.3,0.2,1e-05
27,2,0.05224834382534027,0.008311052806675434,0.03418922424316406,0.16840261220932007,0.3,0.2,1e-05
27,3,0.08744105696678162,0.01058491412550211,0.0884850025177002,0.25155317783355713,0.3,0.2,1e-05
27,4,0.07709816098213196,0.0018442680593580008,0.13908839225769043,0.16763687133789062,0.3,0.2,1e-05
27,5,0.10071936249732971,0.006376938428729773,0.13672059774398804,0.26663124561309814,0.3,0.2,1e-05
27,6,0.04563762992620468,0.006293902639299631,0.03427344560623169,0.1453084647655487,0.3,0.2,1e-05
27,7,0.046014454215765,0.001286374987103045,0.042462706565856934,0.15994632244110107,0.3,0.2,1e-05
27,8,0.23670005798339844,0.009277078323066235,0.3978789448738098,0.5402963757514954,0.3,0.2,1e-05
27,9,0.16366592049598694,0.0051946877501904964,0.2144438624382019,0.4706903100013733,0.3,0.2,1e-05
27,10,0.06256202608346939,0.001369007513858378,0.09429371356964111,0.16452451050281525,0.3,0.2,1e-05
27,11,0.08528012037277222,0.0026056261267513037,0.19726431369781494,0.11747600138187408,0.3,0.2,1e-05
27,12,0.11466831713914871,0.011430108919739723,0.17167240381240845,0.25868239998817444,0.3,0.2,1e-05
27,13,0.06861934065818787,0.007046956103295088,0.13210022449493408,0.10971155017614365,0.3,0.2,1e-05
27,14,0.07904878258705139,0.015243333764374256,0.04681652784347534,0.24880242347717285,0.3,0.2,1e-05
27,15,0.061184704303741455,0.007560362573713064,0.05785727500915527,0.18133579194545746,0.3,0.2,1e-05
27,16,0.08361288905143738,0.009476868435740471,0.09963876008987427,0.22122196853160858,0.3,0.2,1e-05
27,17,0.1488780826330185,0.004963170271366835,0.11619597673416138,0.5452805757522583,0.3,0.2,1e-05
27,18,0.057404108345508575,0.002884500427171588,0.10927784442901611,0.10868127644062042,0.3,0.2,1e-05
27,19,0.07357172667980194,0.0040119304321706295,0.14155471324920654,0.13546691834926605,0.3,0.2,1e-05
27,20,0.09587743133306503,0.003521216567605734,0.14814627170562744,0.23956166207790375,0.3,0.2,1e-05
27,21,0.13667331635951996,0.010417738929390907,0.2681216597557068,0.22909539937973022,0.3,0.2,1e-05
27,22,0.04804180562496185,0.0023243471514433622,0.03640192747116089,0.17398439347743988,0.3,0.2,1e-05
27,23,0.04741453751921654,0.0033504979219287634,0.07095742225646973,0.11388406157493591,0.3,0.2,1e-05
27,24,0.21267522871494293,0.007550934795290232,0.3731173872947693,0.46594536304473877,0.3,0.2,1e-05
27,25,0.2128000259399414,0.01186231430619955,0.3711239695549011,0.44800257682800293,0.3,0.2,1e-05
27,26,0.1467309594154358,0.006480601150542498,0.15374845266342163,0.47062909603118896,0.3,0.2,1e-05
27,27,0.10717068612575531,0.008506286889314651,0.13038480281829834,0.2977447807788849,0.3,0.2,1e-05
27,28,0.0487540028989315,0.00640610046684742,0.031699180603027344,0.16419072449207306,0.3,0.2,1e-05
27,29,0.08370615541934967,0.005226923152804375,0.13095909357070923,0.1959575116634369,0.3,0.2,1e-05
27,30,0.0794396847486496,0.00387359457090497,0.11640125513076782,0.20322857797145844,0.3,0.2,1e-05
27,31,0.08723638951778412,0.012420376762747765,0.06732094287872314,0.2730986475944519,0.3,0.2,1e-05
27,32,0.07838474214076996,0.009481689892709255,0.0979962944984436,0.19752079248428345,0.3,0.2,1e-05
27,33,0.07160115242004395,0.0053399475291371346,0.06509315967559814,0.23366625607013702,0.3,0.2,1e-05
27,34,0.1070191040635109,0.006158150266855955,0.13480162620544434,0.30210232734680176,0.3,0.2,1e-05
27,35,0.13245344161987305,0.004674601834267378,0.2540004849433899,0.25789350271224976,0.3,0.2,1e-05
27,36,0.044134147465229034,0.005945789627730846,0.03422278165817261,0.13960760831832886,0.3,0.2,1e-05
27,37,0.03266280144453049,0.0032665643375366926,0.041361451148986816,0.08493900299072266,0.3,0.2,1e-05
27,38,0.1077381819486618,0.004308424424380064,0.15714657306671143,0.2814289331436157,0.3,0.2,1e-05
27,39,0.08142076432704926,0.008846922777593136,0.0756717324256897,0.2493615746498108,0.3,0.2,1e-05
27,40,0.09389661997556686,0.004088127054274082,0.2149043083190918,0.1266859769821167,0.3,0.2,1e-05
27,41,0.221272274851799,0.010685338638722897,0.3441384434700012,0.5367269515991211,0.3,0.2,1e-05
27,42,0.08556550741195679,0.004180198535323143,0.07739698886871338,0.290831059217453,0.3,0.2,1e-05
27,43,0.07743717730045319,0.005254928022623062,0.0901716947555542,0.22565369307994843,0.3,0.2,1e-05
27,44,0.1074419692158699,0.00950379204005003,0.14144909381866455,0.2775172293186188,0.3,0.2,1e-05
27,45,0.2795218229293823,0.0338900052011013,0.5702963471412659,0.3727145493030548,0.3,0.2,1e-05
27,46,0.09057900309562683,0.012055706232786179,0.07246607542037964,0.2839173972606659,0.3,0.2,1e-05
27,47,0.08034773170948029,0.007598498836159706,0.13774943351745605,0.15712198615074158,0.3,0.2,1e-05
27,48,0.07857946306467056,0.0026889475993812084,0.14230650663375854,0.16599279642105103,0.3,0.2,1e-05
27,49,0.04798337444663048,0.001291789347305894,0.09469354152679443,0.09141760319471359,0.3,0.2,1e-05
27,50,0.05613986402750015,0.0031981258653104305,0.07200008630752563,0.15670855343341827,0.3,0.2,1e-05
27,51,0.045827873051166534,0.0014310822589322925,0.040850162506103516,0.1607086956501007,0.3,0.2,1e-05
27,52,0.08627472817897797,0.010394585318863392,0.0668339729309082,0.27914977073669434,0.3,0.2,1e-05
27,53,0.053523942828178406,0.002888837130740285,0.1047024130821228,0.0961219072341919,0.3,0.2,1e-05
27,54,0.09302465617656708,0.01178201287984848,0.04026138782501221,0.3458211421966553,0.3,0.2,1e-05
27,55,0.06429959088563919,0.008374137803912163,0.03819882869720459,0.2223290205001831,0.3,0.2,1e-05
27,56,0.2680838406085968,0.01848704367876053,0.5284842252731323,0.4552575945854187,0.3,0.2,1e-05
27,57,0.05164613202214241,0.00264211418107152,0.0850057601928711,0.11751144379377365,0.3,0.2,1e-05
27,58,0.04138776287436485,0.003231252543628216,0.044225335121154785,0.12444455176591873,0.3,0.2,1e-05
27,59,0.13645341992378235,0.005933139007538557,0.20612692832946777,0.3434109687805176,0.3,0.2,1e-05
27,60,0.12067386507987976,0.011208659037947655,0.19168132543563843,0.25980401039123535,0.3,0.2,1e-05
27,61,0.04517491161823273,0.0015233036829158664,0.033033668994903564,0.16870753467082977,0.3,0.2,1e-05
27,62,0.10451190173625946,0.004581945948302746,0.17595648765563965,0.23571500182151794,0.3,0.2,1e-05
27,63,0.05887496471405029,0.0031357898842543364,0.049759626388549805,0.20405642688274384,0.3,0.2,1e-05
27,64,0.09336596727371216,0.013881814666092396,0.0872766375541687,0.26650577783584595,0.3,0.2,1e-05
27,65,0.0546397939324379,0.004244303796440363,0.05608236789703369,0.16785390675067902,0.3,0.2,1e-05
27,66,0.20457252860069275,0.011293154209852219,0.3128032684326172,0.4971918761730194,0.3,0.2,1e-05
27,67,0.08679573237895966,0.004504171200096607,0.19442778825759888,0.11981609463691711,0.3,0.2,1e-05
27,68,0.185470312833786,0.011376440525054932,0.318539559841156,0.3926599621772766,0.3,0.2,1e-05
27,69,0.2635728418827057,0.018288293853402138,0.5472924709320068,0.4054839611053467,0.3,0.2,1e-05
27,70,0.08515582978725433,0.002533983439207077,0.17445260286331177,0.15143030881881714,0.3,0.2,1e-05
27,71,0.05954112857580185,0.0033620737958699465,0.030185937881469727,0.23561635613441467,0.3,0.2,1e-05
27,72,0.0412411242723465,0.004156644456088543,0.03561955690383911,0.13199307024478912,0.3,0.2,1e-05
27,73,0.0612349770963192,0.01125920470803976,0.04447096586227417,0.18317240476608276,0.3,0.2,1e-05
27,74,0.054342254996299744,0.003231071401387453,0.09086465835571289,0.11925892531871796,0.3,0.2,1e-05
27,75,0.062411610037088394,0.0023283930495381355,0.11910176277160645,0.1217634379863739,0.3,0.2,1e-05
27,76,0.05105045437812805,0.008386758156120777,0.03904205560684204,0.1547553986310959,0.3,0.2,1e-05
27,77,0.09462931752204895,0.005830329842865467,0.13986998796463013,0.2341899275779724,0.3,0.2,1e-05
27,78,0.05107787251472473,0.0010371858952566981,0.03351151943206787,0.1999361515045166,0.3,0.2,1e-05
27,79,0.15684255957603455,0.004952153190970421,0.20465898513793945,0.4524635076522827,0.3,0.2,1e-05
27,80,0.03650911897420883,0.0020164584275335073,0.04628944396972656,0.10302913188934326,0.3,0.2,1e-05
27,81,0.06402336806058884,0.004956361837685108,0.1163129210472107,0.12086565792560577,0.3,0.2,1e-05
27,82,0.09836490452289581,0.00975104235112667,0.09859168529510498,0.2951817810535431,0.3,0.2,1e-05
27,83,0.06323383748531342,0.0040755970403552055,0.08336299657821655,0.17074672877788544,0.3,0.2,1e-05
27,84,0.07658739387989044,0.01820562221109867,0.04461205005645752,0.22499078512191772,0.3,0.2,1e-05
27,85,0.06980331987142563,0.01119081862270832,0.04338175058364868,0.22798986732959747,0.3,0.2,1e-05
27,86,0.05425402522087097,0.01069385465234518,0.04333388805389404,0.15280002355575562,0.3,0.2,1e-05
27,87,0.08586881309747696,0.003838589182123542,0.17638671398162842,0.1455710530281067,0.3,0.2,1e-05
27,88,0.09920275211334229,0.007410275749862194,0.2181328535079956,0.13176308572292328,0.3,0.2,1e-05
27,89,0.09650437533855438,0.003424054943025112,0.13614946603775024,0.2611773610115051,0.3,0.2,1e-05
27,90,0.10207989811897278,0.012246995232999325,0.08092349767684937,0.32777926325798035,0.3,0.2,1e-05
27,91,0.0762593001127243,0.003929242491722107,0.17609047889709473,0.0975145623087883,0.3,0.2,1e-05
27,92,0.06185988336801529,0.005083010997623205,0.10200756788253784,0.13087300956249237,0.3,0.2,1e-05
27,93,0.07932823151350021,0.009449192322790623,0.07284915447235107,0.24012146890163422,0.3,0.2,1e-05
27,94,0.10359803587198257,0.004520792048424482,0.14773190021514893,0.27378836274147034,0.3,0.2,1e-05
27,95,0.08923180401325226,0.004478822462260723,0.2201169729232788,0.09358943998813629,0.3,0.2,1e-05
27,96,0.05823192000389099,0.003231922397390008,0.11299389600753784,0.10550912469625473,0.3,0.2,1e-05
27,97,0.0972333699464798,0.0048832641914486885,0.11443895101547241,0.2900921106338501,0.3,0.2,1e-05
27,98,0.09577101469039917,0.0025404798798263073,0.1339130997657776,0.2652830183506012,0.3,0.2,1e-05
28,0,0.19997096061706543,0.010620499029755592,0.30102241039276123,0.4952186644077301,0.3,0.2,1e-05
28,1,0.04226365312933922,0.0013661696575582027,0.040649354457855225,0.14351338148117065,0.3,0.2,1e-05
28,2,0.0728556290268898,0.0036841954570263624,0.141862690448761,0.13306310772895813,0.3,0.2,1e-05
28,3,0.25570350885391235,0.016675934195518494,0.4794390797615051,0.4759792685508728,0.3,0.2,1e-05
28,4,0.2831887900829315,0.021417321637272835,0.569246768951416,0.454987108707428,0.3,0.2,1e-05
28,5,0.09486761689186096,0.01222081296145916,0.0809098482131958,0.29186922311782837,0.3,0.2,1e-05
28,6,0.09072458744049072,0.005814582575112581,0.13975626230239868,0.21491564810276031,0.3,0.2,1e-05
28,7,0.04619012773036957,0.004156606271862984,0.03562420606613159,0.1567312777042389,0.3,0.2,1e-05
28,8,0.13578325510025024,0.005510021932423115,0.1633550524711609,0.4063336253166199,0.3,0.2,1e-05
28,9,0.07669278979301453,0.003885956248268485,0.11631447076797485,0.18956243991851807,0.3,0.2,1e-05
28,10,0.1982826292514801,0.01136748492717743,0.3272619843482971,0.4436827003955841,0.3,0.2,1e-05
28,11,0.09792602062225342,0.007739112246781588,0.21639299392700195,0.12634503841400146,0.3,0.2,1e-05
28,12,0.09996549785137177,0.004178191069513559,0.07731664180755615,0.3629615306854248,0.3,0.2,1e-05
28,13,0.07310934364795685,0.011148580349981785,0.043344855308532715,0.24478653073310852,0.3,0.2,1e-05
28,14,0.21953004598617554,0.012263061478734016,0.36486583948135376,0.48903608322143555,0.3,0.2,1e-05
28,15,0.039776988327503204,0.0015689788851886988,0.0343286395072937,0.13954709470272064,0.3,0.2,1e-05
28,16,0.1623992621898651,0.004691835027188063,0.2539496421813965,0.4076126515865326,0.3,0.2,1e-05
28,17,0.08823416382074356,0.013879038393497467,0.08724725246429443,0.24090473353862762,0.3,0.2,1e-05
28,18,0.10850465297698975,0.009498477913439274,0.14143621921539307,0.28287655115127563,0.3,0.2,1e-05
28,19,0.08975289762020111,0.004504132084548473,0.19177919626235962,0.13857501745224,0.3,0.2,1e-05
28,20,0.044421322643756866,0.00835232250392437,0.03900521993637085,0.12183716148138046,0.3,0.2,1e-05
28,21,0.0749889612197876,0.009494352154433727,0.09960281848907471,0.17806881666183472,0.3,0.2,1e-05
28,22,0.09068292379379272,0.0033630747348070145,0.13605260848999023,0.23252031207084656,0.3,0.2,1e-05
28,23,0.10223337262868881,0.0034857862628996372,0.14778000116348267,0.2720679044723511,0.3,0.2,1e-05
28,24,0.05537903681397438,0.00828933622688055,0.03413456678390503,0.18424665927886963,0.3,0.2,1e-05
28,25,0.05899675190448761,0.0032216019462794065,0.11296617984771729,0.10942646861076355,0.3,0.2,1e-05
28,26,0.08946126699447632,0.012025135569274426,0.07236272096633911,0.27863654494285583,0.3,0.2,1e-05
28,27,0.10142866522073746,0.004870648495852947,0.11439770460128784,0.3111935257911682,0.3,0.2,1e-05
28,28,0.08112898468971252,0.01033144723623991,0.06678348779678345,0.25381243228912354,0.3,0.2,1e-05
28,29,0.19890935719013214,0.0077484361827373505,0.3770468831062317,0.3902342915534973,0.3,0.2,1e-05
28,30,0.058338865637779236,0.003126119961962104,0.049741506576538086,0.20145145058631897,0.3,0.2,1e-05
28,31,0.03484869748353958,0.0032487811986356974,0.041333913803100586,0.09599871933460236,0.3,0.2,1e-05
28,32,0.05996696650981903,0.004903904628008604,0.11626219749450684,0.10092201828956604,0.3,0.2,1e-05
28,33,0.049629077315330505,0.003167278366163373,0.0719342827796936,0.1244075670838356,0.3,0.2,1e-05
28,34,0.060371968895196915,0.015246250666677952,0.0467984676361084,0.1554308831691742,0.3,0.2,1e-05
28,35,0.06278220564126968,0.004213991574943066,0.05574744939804077,0.20921988785266876,0.3,0.2,1e-05
28,36,0.08275559544563293,0.0027946089394390583,0.1427481770515442,0.18568263947963715,0.3,0.2,1e-05
28,37,0.10327242314815521,0.006139037199318409,0.1346682906150818,0.2836644947528839,0.3,0.2,1e-05
28,38,0.0583268478512764,0.0029043436516076326,0.10923022031784058,0.11326716095209122,0.3,0.2,1e-05
28,39,0.06629186123609543,0.0033306835684925318,0.07084488868713379,0.20853854715824127,0.3,0.2,1e-05
28,40,0.22356006503105164,0.009053006768226624,0.3872882127761841,0.49160298705101013,0.3,0.2,1e-05
28,41,0.07024721801280975,0.008822135627269745,0.0755576491355896,0.19378890097141266,0.3,0.2,1e-05
28,42,0.15533050894737244,0.005297052673995495,0.14508271217346191,0.5325431823730469,0.3,0.2,1e-05
28,43,0.06104164198040962,0.0013635652139782906,0.09425914287567139,0.15700165927410126,0.3,0.2,1e-05
28,44,0.054680969566106796,0.0023135498631745577,0.036379992961883545,0.20726710557937622,0.3,0.2,1e-05
28,45,0.06807921081781387,0.0023249108344316483,0.11908411979675293,0.15014532208442688,0.3,0.2,1e-05
28,46,0.04728599637746811,0.0010118297068402171,0.03170818090438843,0.1838085651397705,0.3,0.2,1e-05
28,47,0.11495514214038849,0.011420045047998428,0.1714584231376648,0.260487824678421,0.3,0.2,1e-05
28,48,0.05743327736854553,0.003228990361094475,0.09075301885604858,0.13489189743995667,0.3,0.2,1e-05
28,49,0.07561613619327545,0.005235418677330017,0.0900876522064209,0.21677207946777344,0.3,0.2,1e-05
28,50,0.04842923581600189,0.006396938115358353,0.03165918588638306,0.1626727133989334,0.3,0.2,1e-05
28,51,0.07851722091436386,0.010563547722995281,0.08846402168273926,0.20707231760025024,0.3,0.2,1e-05
28,52,0.08525530993938446,0.008374489843845367,0.03819531202316284,0.3271110951900482,0.3,0.2,1e-05
28,53,0.04357592761516571,0.0011007159482687712,0.04169356822967529,0.1498357057571411,0.3,0.2,1e-05
28,54,0.04863382875919342,0.0012929607182741165,0.09464550018310547,0.09473609924316406,0.3,0.2,1e-05
28,55,0.05305744707584381,0.006282022222876549,0.03423619270324707,0.18252283334732056,0.3,0.2,1e-05
28,56,0.03796885907649994,0.0032227220945060253,0.04420679807662964,0.10742048919200897,0.3,0.2,1e-05
28,57,0.12025251984596252,0.011219702661037445,0.1916084885597229,0.25775131583213806,0.3,0.2,1e-05
28,58,0.0909055769443512,0.0041054002940654755,0.21485763788223267,0.11171437054872513,0.3,0.2,1e-05
28,59,0.1986059546470642,0.011918049305677414,0.3170586824417114,0.45785149931907654,0.3,0.2,1e-05
28,60,0.04571213573217392,0.005946668796241283,0.03419041633605957,0.14754170179367065,0.3,0.2,1e-05
28,61,0.09348903596401215,0.0018253660527989268,0.13887667655944824,0.25000330805778503,0.3,0.2,1e-05
28,62,0.08951626718044281,0.0035574401263147593,0.17582672834396362,0.16605405509471893,0.3,0.2,1e-05
28,63,0.061643972992897034,0.005066815763711929,0.1019476056098938,0.12996438145637512,0.3,0.2,1e-05
28,64,0.08338466286659241,0.004393061622977257,0.2175418734550476,0.0686451867222786,0.3,0.2,1e-05
28,65,0.08224274218082428,0.003922348842024803,0.17595666646957397,0.12766698002815247,0.3,0.2,1e-05
28,66,0.09223908185958862,0.009453779086470604,0.09763103723526001,0.26747995615005493,0.3,0.2,1e-05
28,67,0.07704265415668488,0.0076457299292087555,0.13766038417816162,0.14049401879310608,0.3,0.2,1e-05
28,68,0.07024113088846207,0.009439799003303051,0.07278037071228027,0.1948360800743103,0.3,0.2,1e-05
28,69,0.08352866768836975,0.0025977485347539186,0.1971442699432373,0.10893819481134415,0.3,0.2,1e-05
28,70,0.0886300727725029,0.005343974102288485,0.06507772207260132,0.31881392002105713,0.3,0.2,1e-05
28,71,0.06401661038398743,0.011241189204156399,0.04436969757080078,0.19732257723808289,0.3,0.2,1e-05
28,72,0.05411583185195923,0.0026370713021606207,0.08486306667327881,0.13009920716285706,0.3,0.2,1e-05
28,73,0.09318316727876663,0.004515264183282852,0.14763307571411133,0.22188988327980042,0.3,0.2,1e-05
28,74,0.0510379821062088,0.002886988688260317,0.1046062707901001,0.08384554833173752,0.3,0.2,1e-05
28,75,0.06615160405635834,0.0070548346266150475,0.13201695680618286,0.0974583849310875,0.3,0.2,1e-05
28,76,0.14064040780067444,0.010404123924672604,0.2678111791610718,0.24946466088294983,0.3,0.2,1e-05
28,77,0.11540204286575317,0.009726986289024353,0.09848719835281372,0.38064447045326233,0.3,0.2,1e-05
28,78,0.06775286793708801,0.004057907499372959,0.08322572708129883,0.1936362236738205,0.3,0.2,1e-05
28,79,0.10683895647525787,0.008496968075633049,0.13034391403198242,0.29619404673576355,0.3,0.2,1e-05
28,80,0.06412111222743988,0.0033605501521378756,0.03015691041946411,0.2585674226284027,0.3,0.2,1e-05
28,81,0.07766055315732956,0.0024641372729092836,0.17078912258148193,0.11979839205741882,0.3,0.2,1e-05
28,82,0.08396758139133453,0.012439514510333538,0.06729644536972046,0.2566956579685211,0.3,0.2,1e-05
28,83,0.2816038429737091,0.03176911920309067,0.5847393274307251,0.3720645308494568,0.3,0.2,1e-05
28,84,0.08680124580860138,0.018201932311058044,0.04459339380264282,0.27610647678375244,0.3,0.2,1e-05
28,85,0.07815997302532196,0.002532657003030181,0.13362932205200195,0.17769259214401245,0.3,0.2,1e-05
28,86,0.08041337877511978,0.005235657095909119,0.13094580173492432,0.17946989834308624,0.3,0.2,1e-05
28,87,0.1436663269996643,0.003855076152831316,0.1771581768989563,0.43331894278526306,0.3,0.2,1e-05
28,88,0.058655887842178345,0.011773035861551762,0.04013371467590332,0.17421367764472961,0.3,0.2,1e-05
28,89,0.11297960579395294,0.00638313964009285,0.13663536310195923,0.3280292749404907,0.3,0.2,1e-05
28,90,0.1250140517950058,0.006424342282116413,0.20642989873886108,0.2833036482334137,0.3,0.2,1e-05
28,91,0.06341715902090073,0.010632543824613094,0.043235838413238525,0.1990693211555481,0.3,0.2,1e-05
28,92,0.07921348512172699,0.0034882614854723215,0.09717494249343872,0.2328636646270752,0.3,0.2,1e-05
28,93,0.2722729742527008,0.02000444382429123,0.5276398658752441,0.4698827862739563,0.3,0.2,1e-05
28,94,0.03912407159805298,0.0020111368503421545,0.046407222747802734,0.11595384031534195,0.3,0.2,1e-05
28,95,0.15381160378456116,0.005352843087166548,0.22440016269683838,0.40569359064102173,0.3,0.2,1e-05
28,96,0.10291209816932678,0.0046003940515220165,0.175875723361969,0.22774489223957062,0.3,0.2,1e-05
28,97,0.10676633566617966,0.004390203859657049,0.15752464532852173,0.27559366822242737,0.3,0.2,1e-05
28,98,0.05307404324412346,0.0075474330224096775,0.05784028768539429,0.14087261259555817,0.3,0.2,1e-05
29,0,0.09121867269277573,0.0018370741745457053,0.13891416788101196,0.23853671550750732,0.3,0.2,1e-05
29,1,0.05123338848352432,0.0032147220335900784,0.04422342777252197,0.17375816404819489,0.3,0.2,1e-05
29,2,0.28902703523635864,0.0329832062125206,0.5816870927810669,0.4076884388923645,0.3,0.2,1e-05
29,3,0.09525178372859955,0.004067098721861839,0.2145898938179016,0.1340385526418686,0.3,0.2,1e-05
29,4,0.07936016470193863,0.0025083841755986214,0.1486256718635559,0.16132038831710815,0.3,0.2,1e-05
29,5,0.06713173538446426,0.007562319748103619,0.13741934299468994,0.09171804040670395,0.3,0.2,1e-05
29,6,0.08874401450157166,0.002525029005482793,0.13336396217346191,0.23104895651340485,0.3,0.2,1e-05
29,7,0.06181110441684723,0.003323016222566366,0.07081294059753418,0.18622101843357086,0.3,0.2,1e-05
29,8,0.06889267265796661,0.008343150839209557,0.03815346956253052,0.24551738798618317,0.3,0.2,1e-05
29,9,0.12201637029647827,0.004116798285394907,0.07735389471054077,0.47346699237823486,0.3,0.2,1e-05
29,10,0.06167023628950119,0.004877292085438967,0.11611616611480713,0.10979045927524567,0.3,0.2,1e-05
29,11,0.1705368012189865,0.004286949522793293,0.2289290428161621,0.4878556728363037,0.3,0.2,1e-05
29,12,0.045241426676511765,0.0012378781102597713,0.042777299880981445,0.1558517962694168,0.3,0.2,1e-05
29,13,0.20035651326179504,0.011882450431585312,0.3056154251098633,0.48394715785980225,0.3,0.2,1e-05
29,14,0.030784711241722107,0.0032552999909967184,0.04132813215255737,0.07565484941005707,0.3,0.2,1e-05
29,15,0.08586938679218292,0.012067814357578754,0.07236498594284058,0.26046034693717957,0.3,0.2,1e-05
29,16,0.05581127107143402,0.004039846360683441,0.0832703709602356,0.13395154476165771,0.3,0.2,1e-05
29,17,0.09682918339967728,0.00470700254663825,0.15636056661605835,0.22607004642486572,0.3,0.2,1e-05
29,18,0.09676659852266312,0.004873150028288364,0.11439120769500732,0.28788042068481445,0.3,0.2,1e-05
29,19,0.06039763614535332,0.003174031153321266,0.11283260583877563,0.11686911433935165,0.3,0.2,1e-05
29,20,0.050427913665771484,0.002869538264349103,0.10455375909805298,0.08096122741699219,0.3,0.2,1e-05
29,21,0.04821375384926796,0.01111052930355072,0.04328995943069458,0.12058117985725403,0.3,0.2,1e-05
29,22,0.07305153459310532,0.0038344035856425762,0.14504307508468628,0.12852101027965546,0.3,0.2,1e-05
29,23,0.21737633645534515,0.010637827217578888,0.38396310806274414,0.4577478766441345,0.3,0.2,1e-05
29,24,0.07648511976003647,0.003907645586878061,0.17582976818084717,0.09914270788431168,0.3,0.2,1e-05
29,25,0.059165507555007935,0.002337411278858781,0.11909186840057373,0.1055026724934578,0.3,0.2,1e-05
29,26,0.05957861989736557,0.0026138967368751764,0.08477437496185303,0.1576620489358902,0.3,0.2,1e-05
29,27,0.13317033648490906,0.004315230995416641,0.1226760745048523,0.46026134490966797,0.3,0.2,1e-05
29,28,0.08094201982021332,0.01056823879480362,0.08847129344940186,0.2191619575023651,0.3,0.2,1e-05
29,29,0.08314961940050125,0.004363236017525196,0.2127479910850525,0.07480991631746292,0.3,0.2,1e-05
29,30,0.19281888008117676,0.011801437474787235,0.31153666973114014,0.4377822279930115,0.3,0.2,1e-05
29,31,0.08514956384897232,0.0038605155423283577,0.11623585224151611,0.23209145665168762,0.3,0.2,1e-05
29,32,0.04239194095134735,0.0041493927128612995,0.035613059997558594,0.1377931535243988,0.3,0.2,1e-05
29,33,0.08823946118354797,0.005198307801038027,0.13076961040496826,0.21905137598514557,0.3,0.2,1e-05
29,34,0.061574675142765045,0.0013666253071278334,0.09419089555740356,0.1597539186477661,0.3,0.2,1e-05
29,35,0.19335773587226868,0.00848180428147316,0.3817918300628662,0.351691871881485,0.3,0.2,1e-05
29,36,0.0769030749797821,0.009484012611210346,0.09951025247573853,0.1878299117088318,0.3,0.2,1e-05
29,37,0.09324215352535248,0.003368826350197196,0.1359120011329651,0.2454986274242401,0.3,0.2,1e-05
29,38,0.266011118888855,0.021356992423534393,0.5029681921005249,0.4688182473182678,0.3,0.2,1e-05
29,39,0.21944865584373474,0.014482712373137474,0.4237353205680847,0.3892267644405365,0.3,0.2,1e-05
29,40,0.22069072723388672,0.010556738823652267,0.3561413288116455,0.5164579153060913,0.3,0.2,1e-05
29,41,0.1127520352602005,0.011147813871502876,0.1913192868232727,0.22104214131832123,0.3,0.2,1e-05
29,42,0.06059079244732857,0.004232083447277546,0.055781662464141846,0.19812104105949402,0.3,0.2,1e-05
29,43,0.04161931201815605,0.0014223050093278289,0.0429498553276062,0.13656024634838104,0.3,0.2,1e-05
29,44,0.28074875473976135,0.02091054618358612,0.5755327939987183,0.4358918368816376,0.3,0.2,1e-05
29,45,0.06908748298883438,0.018130961805582047,0.0445287823677063,0.18798942863941193,0.3,0.2,1e-05
29,46,0.06882540881633759,0.005255222786217928,0.0898699164390564,0.18304604291915894,0.3,0.2,1e-05
29,47,0.05129178985953331,0.0015671119326725602,0.03260844945907593,0.19971071183681488,0.3,0.2,1e-05
29,48,0.08930493146181107,0.01384244579821825,0.08714652061462402,0.24659264087677002,0.3,0.2,1e-05
29,49,0.046954721212387085,0.0010576753411442041,0.031100869178771973,0.18283390998840332,0.3,0.2,1e-05
29,50,0.061807237565517426,0.008327849209308624,0.038913726806640625,0.20902635157108307,0.3,0.2,1e-05
29,51,0.08050559461116791,0.012337976135313511,0.06701129674911499,0.24032114446163177,0.3,0.2,1e-05
29,52,0.04886090010404587,0.008309710770845413,0.03412514925003052,0.1515682190656662,0.3,0.2,1e-05
29,53,0.10513871908187866,0.0074993628077209,0.21452122926712036,0.16641494631767273,0.3,0.2,1e-05
29,54,0.06904417276382446,0.009365886449813843,0.07250815629959106,0.1896291971206665,0.3,0.2,1e-05
29,55,0.07875911146402359,0.011730285361409187,0.0400463342666626,0.27507463097572327,0.3,0.2,1e-05
29,56,0.08548438549041748,0.015227093361318111,0.046759963035583496,0.2811465263366699,0.3,0.2,1e-05
29,57,0.06525804847478867,0.005043424665927887,0.10185426473617554,0.1482917070388794,0.3,0.2,1e-05
29,58,0.13409356772899628,0.010424153879284859,0.26748478412628174,0.21711990237236023,0.3,0.2,1e-05
29,59,0.05125470831990242,0.0062495009042322636,0.03419774770736694,0.17372940480709076,0.3,0.2,1e-05
29,60,0.078040711581707,0.002347091678529978,0.17398858070373535,0.11748519539833069,0.3,0.2,1e-05
29,61,0.08072684705257416,0.009463935159146786,0.09784495830535889,0.20954710245132446,0.3,0.2,1e-05
29,62,0.05551907420158386,0.002864912850782275,0.10907196998596191,0.09966284781694412,0.3,0.2,1e-05
29,63,0.08265569806098938,0.00447804993018508,0.19378072023391724,0.10021715611219406,0.3,0.2,1e-05
29,64,0.08616910874843597,0.0025875219143927097,0.19702839851379395,0.1223653182387352,0.3,0.2,1e-05
29,65,0.052510179579257965,0.0034326096065342426,0.09704434871673584,0.0998213067650795,0.3,0.2,1e-05
29,66,0.04636562615633011,0.005951758474111557,0.03419196605682373,0.15078137814998627,0.3,0.2,1e-05
29,67,0.061794936656951904,0.01057265792042017,0.04310154914855957,0.1914590746164322,0.3,0.2,1e-05
29,68,0.13578873872756958,0.005475651938468218,0.19387412071228027,0.36075425148010254,0.3,0.2,1e-05
29,69,0.037395402789115906,0.0020075368229299784,0.04636663198471069,0.10738936811685562,0.3,0.2,1e-05
29,70,0.09658166766166687,0.0035166454035788774,0.1480458378791809,0.2432563751935959,0.3,0.2,1e-05
29,71,0.1523151844739914,0.0039930278435349464,0.18318980932235718,0.46682605147361755,0.3,0.2,1e-05
29,72,0.05472126603126526,0.006393895950168371,0.03166472911834717,0.1941397339105606,0.3,0.2,1e-05
29,73,0.08720043301582336,0.005853753071278334,0.13994944095611572,0.19680920243263245,0.3,0.2,1e-05
29,74,0.2612444758415222,0.020039694383740425,0.513852596282959,0.43524494767189026,0.3,0.2,1e-05
29,75,0.05635558068752289,0.003232446266338229,0.09080952405929565,0.12940137088298798,0.3,0.2,1e-05
29,76,0.10492915660142899,0.004552084486931562,0.1753876805305481,0.23880383372306824,0.3,0.2,1e-05
29,77,0.04740123450756073,0.0012856052489951253,0.09449154138565063,0.08884082734584808,0.3,0.2,1e-05
29,78,0.09767778217792511,0.012205172330141068,0.08088862895965576,0.3060300946235657,0.3,0.2,1e-05
29,79,0.0927450954914093,0.0044983187690377235,0.14761483669281006,0.2198116034269333,0.3,0.2,1e-05
29,80,0.06362886726856232,0.01121684443205595,0.04435795545578003,0.195523202419281,0.3,0.2,1e-05
29,81,0.10637396574020386,0.006085276138037443,0.13432437181472778,0.2999568581581116,0.3,0.2,1e-05
29,82,0.05422353371977806,0.002317615319043398,0.036345839500427246,0.2050108164548874,0.3,0.2,1e-05
29,83,0.11254115402698517,0.006349396426230669,0.13658857345581055,0.3260759115219116,0.3,0.2,1e-05
29,84,0.13572031259536743,0.0046905758790671825,0.25349390506744385,0.27490779757499695,0.3,0.2,1e-05
29,85,0.1125863641500473,0.009515950456261635,0.1414189338684082,0.3032236397266388,0.3,0.2,1e-05
29,86,0.054618529975414276,0.0031847376376390457,0.07188892364501953,0.149335578083992,0.3,0.2,1e-05
29,87,0.050654515624046326,0.0031342923175543547,0.04965776205062866,0.16311447322368622,0.3,0.2,1e-05
29,88,0.11203157901763916,0.011373602785170078,0.1712106466293335,0.24647390842437744,0.3,0.2,1e-05
29,89,0.04696141928434372,0.00334544712677598,0.030092895030975342,0.17294050753116608,0.3,0.2,1e-05
29,90,0.07885578274726868,0.010418429970741272,0.06677407026290894,0.24202564358711243,0.3,0.2,1e-05
29,91,0.08797451108694077,0.009783872403204441,0.09862303733825684,0.24301862716674805,0.3,0.2,1e-05
29,92,0.06720640510320663,0.007055599242448807,0.13204193115234375,0.10269113630056381,0.3,0.2,1e-05
29,93,0.1340046525001526,0.005788655951619148,0.16515719890594482,0.3933441638946533,0.3,0.2,1e-05
29,94,0.07820238173007965,0.005357826128602028,0.06518208980560303,0.26644963026046753,0.3,0.2,1e-05
29,95,0.08468221873044968,0.008746609091758728,0.075283944606781,0.26675212383270264,0.3,0.2,1e-05
29,96,0.10521306097507477,0.008544704876840115,0.13027071952819824,0.28793567419052124,0.3,0.2,1e-05
29,97,0.0713617205619812,0.007583433762192726,0.0578153133392334,0.23216846585273743,0.3,0.2,1e-05
29,98,0.08493711054325104,0.0035349593963474035,0.17035865783691406,0.1514727771282196,0.3,0.2,1e-05
30,0,0.09028609842061996,0.005782589316368103,0.13942062854766846,0.21338659524917603,0.3,0.2,1.0000000000000002e-06
30,1,0.08861645311117172,0.0025173951871693134,0.13335061073303223,0.23046936094760895,0.3,0.2,1.0000000000000002e-06
30,2,0.05007180571556091,0.004222888499498367,0.05581909418106079,0.14551593363285065,0.3,0.2,1.0000000000000002e-06
30,3,0.04854786768555641,0.005932726431638002,0.034092485904693604,0.16193696856498718,0.3,0.2,1.0000000000000002e-06
30,4,0.08094336092472076,0.010563108138740063,0.08837634325027466,0.21933674812316895,0.3,0.2,1.0000000000000002e-06
30,5,0.10766246169805527,0.004118345212191343,0.07720011472702026,0.4019204080104828,0.3,0.2,1.0000000000000002e-06
30,6,0.08040530979633331,0.0018165439832955599,0.13855797052383423,0.18510685861110687,0.3,0.2,1.0000000000000002e-06
30,7,0.10219863057136536,0.0034811366349458694,0.14764922857284546,0.2721136212348938,0.3,0.2,1.0000000000000002e-06
30,8,0.05301123112440109,0.001571559812873602,0.03331512212753296,0.20722566545009613,0.3,0.2,1.0000000000000002e-06
30,9,0.04556983709335327,0.003174850484356284,0.07184630632400513,0.10420547425746918,0.3,0.2,1.0000000000000002e-06
30,10,0.10182751715183258,0.004511511418968439,0.14764869213104248,0.2651069760322571,0.3,0.2,1.0000000000000002e-06
30,11,0.059112075716257095,0.006372402422130108,0.03158682584762573,0.21631811559200287,0.3,0.2,1.0000000000000002e-06
30,12,0.25495702028274536,0.018931852653622627,0.4942821264266968,0.43870270252227783,0.3,0.2,1.0000000000000002e-06
30,13,0.10073348879814148,0.007674796972423792,0.22115063667297363,0.1335674673318863,0.3,0.2,1.0000000000000002e-06
30,14,0.04043380171060562,0.0012215642491355538,0.04204517602920532,0.1329934149980545,0.3,0.2,1.0000000000000002e-06
30,15,0.08443690836429596,0.005063837394118309,0.10181432962417603,0.24414388835430145,0.3,0.2,1.0000000000000002e-06
30,16,0.06642307341098785,0.011090465821325779,0.043213486671447754,0.21184280514717102,0.3,0.2,1.0000000000000002e-06
30,17,0.04553600773215294,0.002310356358066201,0.036340534687042236,0.1616174429655075,0.3,0.2,1.0000000000000002e-06
30,18,0.09039488434791565,0.008736545220017433,0.07524049282073975,0.2954309284687042,0.3,0.2,1.0000000000000002e-06
30,19,0.08515966683626175,0.004576318431645632,0.18902170658111572,0.11938418447971344,0.3,0.2,1.0000000000000002e-06
30,20,0.09697608649730682,0.004844860173761845,0.1143144965171814,0.2891843914985657,0.3,0.2,1.0000000000000002e-06
30,21,0.22808533906936646,0.013464386574923992,0.37825024127960205,0.5057294368743896,0.3,0.2,1.0000000000000002e-06
30,22,0.05232987925410271,0.0033205654472112656,0.07071137428283691,0.13897950947284698,0.3,0.2,1.0000000000000002e-06
30,23,0.08866900950670242,0.012007451616227627,0.07209992408752441,0.2751578986644745,0.3,0.2,1.0000000000000002e-06
30,24,0.06553462892770767,0.011186609044671059,0.044277966022491455,0.20532314479351044,0.3,0.2,1.0000000000000002e-06
30,25,0.07954877614974976,0.003911843989044428,0.1757746934890747,0.11452261358499527,0.3,0.2,1.0000000000000002e-06
30,26,0.08776454627513885,0.009754197672009468,0.09848511219024658,0.24232403934001923,0.3,0.2,1.0000000000000002e-06
30,27,0.08168186992406845,0.004578320775181055,0.21319925785064697,0.06571885943412781,0.3,0.2,1.0000000000000002e-06
30,28,0.09350142627954483,0.013889328576624393,0.08713358640670776,0.2673600912094116,0.3,0.2,1.0000000000000002e-06
30,29,0.062068838626146317,0.0032221218571066856,0.09056717157363892,0.1583828181028366,0.3,0.2,1.0000000000000002e-06
30,30,0.08337067067623138,0.012242893688380718,0.06656140089035034,0.25579679012298584,0.3,0.2,1.0000000000000002e-06
30,31,0.03331410884857178,0.002010731026530266,0.04621458053588867,0.0871950313448906,0.3,0.2,1.0000000000000002e-06
30,32,0.06373368203639984,0.00832914188504219,0.03800922632217407,0.22000885009765625,0.3,0.2,1.0000000000000002e-06
30,33,0.07241473346948624,0.005343873519450426,0.06509625911712646,0.2377099096775055,0.3,0.2,1.0000000000000002e-06
30,34,0.11150392889976501,0.008540845476090908,0.13025736808776855,0.31942933797836304,0.3,0.2,1.0000000000000002e-06
30,35,0.17355789244174957,0.0046415855176746845,0.245827317237854,0.4758405089378357,0.3,0.2,1.0000000000000002e-06
30,36,0.040067922323942184,0.0032217400148510933,0.04416012763977051,0.11799071729183197,0.3,0.2,1.0000000000000002e-06
30,37,0.06091684848070145,0.004937623627483845,0.11610835790634155,0.10573358088731766,0.3,0.2,1.0000000000000002e-06
30,38,0.07085283100605011,0.0093669593334198,0.07248377799987793,0.19870367646217346,0.3,0.2,1.0000000000000002e-06
30,39,0.06149982661008835,0.0034330119378864765,0.0969190001487732,0.1449555605649948,0.3,0.2,1.0000000000000002e-06
30,40,0.08888441324234009,0.004081306047737598,0.21468234062194824,0.10199201107025146,0.3,0.2,1.0000000000000002e-06
30,41,0.2052152156829834,0.008241523057222366,0.3237481713294983,0.4992462396621704,0.3,0.2,1.0000000000000002e-06
30,42,0.054458558559417725,0.0033412142656743526,0.030069291591644287,0.21048277616500854,0.3,0.2,1.0000000000000002e-06
30,43,0.1482590138912201,0.006053073797374964,0.20325732231140137,0.4061436951160431,0.3,0.2,1.0000000000000002e-06
30,44,0.14853742718696594,0.003976656123995781,0.1668141484260559,0.47258260846138,0.3,0.2,1.0000000000000002e-06
30,45,0.18875178694725037,0.010364137589931488,0.32569408416748047,0.4033970236778259,0.3,0.2,1.0000000000000002e-06
30,46,0.05151009187102318,0.0026222888845950365,0.08475393056869507,0.1173081025481224,0.3,0.2,1.0000000000000002e-06
30,47,0.031647369265556335,0.0032642369624227285,0.04127603769302368,0.08000160753726959,0.3,0.2,1.0000000000000002e-06
30,48,0.0665958896279335,0.007046510931104422,0.13195812702178955,0.09980972111225128,0.3,0.2,1.0000000000000002e-06
30,49,0.1348099559545517,0.004680114332586527,0.253171443939209,0.27089202404022217,0.3,0.2,1.0000000000000002e-06
30,50,0.08992593735456467,0.010389006696641445,0.06676089763641357,0.2975432872772217,0.3,0.2,1.0000000000000002e-06
30,51,0.08067171275615692,0.0024956953711807728,0.16935688257217407,0.13684473931789398,0.3,0.2,1.0000000000000002e-06
30,52,0.07003692537546158,0.007578376680612564,0.13742172718048096,0.10616014152765274,0.3,0.2,1.0000000000000002e-06
30,53,0.06223520636558533,0.003207986708730459,0.112729012966156,0.12604257464408875,0.3,0.2,1.0000000000000002e-06
30,54,0.07746411859989166,0.002506416058167815,0.1388094425201416,0.16657434403896332,0.3,0.2,1.0000000000000002e-06
30,55,0.07725360989570618,0.015167918987572193,0.046572983264923096,0.24056898057460785,0.3,0.2,1.0000000000000002e-06
30,56,0.07024633884429932,0.003900894895195961,0.14266079664230347,0.11773601174354553,0.3,0.2,1.0000000000000002e-06
30,57,0.04255370423197746,0.0013751478400081396,0.03917449712753296,0.1471310257911682,0.3,0.2,1.0000000000000002e-06
30,58,0.082615926861763,0.010534326545894146,0.042955875396728516,0.29597416520118713,0.3,0.2,1.0000000000000002e-06
30,59,0.2898554503917694,0.032417792826890945,0.5788685083389282,0.4188855290412903,0.3,0.2,1.0000000000000002e-06
30,60,0.1971529722213745,0.010535567067563534,0.30024802684783936,0.482714980840683,0.3,0.2,1.0000000000000002e-06
30,61,0.05775640904903412,0.0013654744252562523,0.09417539834976196,0.1406915783882141,0.3,0.2,1.0000000000000002e-06
30,62,0.054892897605895996,0.002882398199290037,0.10446959733963013,0.10334807634353638,0.3,0.2,1.0000000000000002e-06
30,63,0.20636236667633057,0.00920766033232212,0.3862948417663574,0.40633127093315125,0.3,0.2,1.0000000000000002e-06
30,64,0.078680619597435,0.005228727124631405,0.08974915742874146,0.23263569176197052,0.3,0.2,1.0000000000000002e-06
30,65,0.13668906688690186,0.010366072878241539,0.26687705516815186,0.23129937052726746,0.3,0.2,1.0000000000000002e-06
30,66,0.09773486852645874,0.004517256282269955,0.1749895215034485,0.20360377430915833,0.3,0.2,1.0000000000000002e-06
30,67,0.09301865100860596,0.0036142265889793634,0.16805791854858398,0.19493521749973297,0.3,0.2,1.0000000000000002e-06
30,68,0.19042932987213135,0.012534618377685547,0.32817643880844116,0.39720892906188965,0.3,0.2,1.0000000000000002e-06
30,69,0.11502167582511902,0.011187486350536346,0.19126611948013306,0.23227179050445557,0.3,0.2,1.0000000000000002e-06
30,70,0.10692934691905975,0.006346316076815128,0.1365187168121338,0.29813703894615173,0.3,0.2,1.0000000000000002e-06
30,71,0.059283528476953506,0.004061938263475895,0.08314704895019531,0.15138737857341766,0.3,0.2,1.0000000000000002e-06
30,72,0.07896709442138672,0.009409461170434952,0.09746819734573364,0.2015858292579651,0.3,0.2,1.0000000000000002e-06
30,73,0.0480157732963562,0.0012839211849495769,0.09445500373840332,0.09197675436735153,0.3,0.2,1.0000000000000002e-06
30,74,0.11895152926445007,0.011367249302566051,0.17110353708267212,0.28126609325408936,0.3,0.2,1.0000000000000002e-06
30,75,0.27955162525177,0.02250828966498375,0.5568921566009521,0.449878454208374,0.3,0.2,1.0000000000000002e-06
30,76,0.0374678298830986,0.004162143915891647,0.03560912609100342,0.11311473697423935,0.3,0.2,1.0000000000000002e-06
30,77,0.08184170722961426,0.005181824788451195,0.1306849718093872,0.18727195262908936,0.3,0.2,1.0000000000000002e-06
30,78,0.06407445669174194,0.00232481281273067,0.11902213096618652,0.13021500408649445,0.3,0.2,1.0000000000000002e-06
30,79,0.08207350224256516,0.0075744944624602795,0.057806432247161865,0.28578537702560425,0.3,0.2,1.0000000000000002e-06
30,80,0.06898406147956848,0.0038695535622537136,0.11614757776260376,0.15135115385055542,0.3,0.2,1.0000000000000002e-06
30,81,0.05554629862308502,0.008245991542935371,0.03402656316757202,0.18546168506145477,0.3,0.2,1.0000000000000002e-06
30,82,0.09942778944969177,0.012198654934763908,0.08075469732284546,0.315013587474823,0.3,0.2,1.0000000000000002e-06
30,83,0.0849183052778244,0.01171391736716032,0.04003167152404785,0.30597442388534546,0.3,0.2,1.0000000000000002e-06
30,84,0.2575286328792572,0.019201433286070824,0.4995501637458801,0.44231072068214417,0.3,0.2,1.0000000000000002e-06
30,85,0.057736366987228394,0.00311434012837708,0.04965221881866455,0.19863177835941315,0.3,0.2,1.0000000000000002e-06
30,86,0.08417163789272308,0.009486328810453415,0.0994805097579956,0.22420579195022583,0.3,0.2,1.0000000000000002e-06
30,87,0.04668370261788368,0.0010096881305798888,0.03332352638244629,0.17838478088378906,0.3,0.2,1.0000000000000002e-06
30,88,0.11245568096637726,0.009489421732723713,0.14129889011383057,0.30288296937942505,0.3,0.2,1.0000000000000002e-06
30,89,0.05753368139266968,0.002868486335501075,0.10908788442611694,0.10969413816928864,0.3,0.2,1.0000000000000002e-06
30,90,0.10586095601320267,0.006072327494621277,0.13418281078338623,0.2976689040660858,0.3,0.2,1.0000000000000002e-06
30,91,0.06446943432092667,0.018074240535497665,0.044474005699157715,0.16526494920253754,0.3,0.2,1.0000000000000002e-06
30,92,0.09994575381278992,0.00342085980810225,0.13588076829910278,0.2788033187389374,0.3,0.2,1.0000000000000002e-06
30,93,0.04701392725110054,0.008303293958306313,0.038844406604766846,0.13528655469417572,0.3,0.2,1.0000000000000002e-06
30,94,0.0929928869009018,0.0047513400204479694,0.15725165605545044,0.20533020794391632,0.3,0.2,1.0000000000000002e-06
30,95,0.1397276520729065,0.0057502794079482555,0.15371131896972656,0.439319908618927,0.3,0.2,1.0000000000000002e-06
30,96,0.08386269211769104,0.0025974789168685675,0.19694548845291138,0.11090783774852753,0.3,0.2,1.0000000000000002e-06
30,97,0.049205511808395386,0.006222719792276621,0.03406655788421631,0.16381411254405975,0.3,0.2,1.0000000000000002e-06
30,98,0.17636336386203766,0.04343022406101227,0.16336888074874878,0.4196123778820038,0.3,0.2,1.0000000000000002e-06
31,0,0.21128198504447937,0.008229805156588554,0.34705740213394165,0.49467477202415466,0.3,0.2,1.0000000000000002e-06
31,1,0.07638399302959442,0.0053383102640509605,0.06506723165512085,0.25762754678726196,0.3,0.2,1.0000000000000002e-06
31,2,0.08115554600954056,0.0023023912217468023,0.1673869490623474,0.1431853473186493,0.3,0.2,1.0000000000000002e-06
31,3,0.1102999746799469,0.009483716450631618,0.1412758231163025,0.2921675741672516,0.3,0.2,1.0000000000000002e-06
31,4,0.05614759400486946,0.0032223339658230543,0.09058040380477905,0.12875568866729736,0.3,0.2,1.0000000000000002e-06
31,5,0.04351489990949631,0.0032173923682421446,0.044171154499053955,0.13523080945014954,0.3,0.2,1.0000000000000002e-06
31,6,0.08988173305988312,0.004077402874827385,0.2146497368812561,0.10704703629016876,0.3,0.2,1.0000000000000002e-06
31,7,0.05211743712425232,0.0028813828248530626,0.10446232557296753,0.08948678523302078,0.3,0.2,1.0000000000000002e-06
31,8,0.09517278522253036,0.010375498794019222,0.06676971912384033,0.32383185625076294,0.3,0.2,1.0000000000000002e-06
31,9,0.1381329894065857,0.006366679444909096,0.16706442832946777,0.4082348644733429,0.3,0.2,1.0000000000000002e-06
31,10,0.1359158754348755,0.00511773768812418,0.19610720872879028,0.359829843044281,0.3,0.2,1.0000000000000002e-06
31,11,0.10205581784248352,0.004522391594946384,0.17500317096710205,0.22516237199306488,0.3,0.2,1.0000000000000002e-06
31,12,0.08403775095939636,0.012012098915874958,0.07213866710662842,0.25192025303840637,0.3,0.2,1.0000000000000002e-06
31,13,0.05999486520886421,0.00261930120177567,0.08474171161651611,0.15976524353027344,0.3,0.2,1.0000000000000002e-06
31,14,0.06920601427555084,0.011178185231983662,0.04427069425582886,0.2237330973148346,0.3,0.2,1.0000000000000002e-06
31,15,0.13887456059455872,0.01036350429058075,0.26679712533950806,0.24235959351062775,0.3,0.2,1.0000000000000002e-06
31,16,0.10397782921791077,0.0063444166444242,0.1364889144897461,0.2834336757659912,0.3,0.2,1.0000000000000002e-06
31,17,0.11952494084835052,0.004114343319088221,0.07720315456390381,0.4612482786178589,0.3,0.2,1.0000000000000002e-06
31,18,0.060369107872247696,0.007038789801299572,0.13190937042236328,0.06878752261400223,0.3,0.2,1.0000000000000002e-06
31,19,0.06082789972424507,0.011086395010352135,0.04321664571762085,0.18388254940509796,0.3,0.2,1.0000000000000002e-06
31,20,0.050518423318862915,0.0031626997515559196,0.07183468341827393,0.1290265917778015,0.3,0.2,1.0000000000000002e-06
31,21,0.11614984273910522,0.011182589456439018,0.19125372171401978,0.23795567452907562,0.3,0.2,1.0000000000000002e-06
31,22,0.08234873414039612,0.010573156177997589,0.08843272924423218,0.2262287735939026,0.3,0.2,1.0000000000000002e-06
31,23,0.1010543555021286,0.007254496216773987,0.21987420320510864,0.1391879916191101,0.3,0.2,1.0000000000000002e-06
31,24,0.09069329500198364,0.015316121280193329,0.04657399654388428,0.30702486634254456,0.3,0.2,1.0000000000000002e-06
31,25,0.10017800331115723,0.0034877334255725145,0.1476907730102539,0.2619152069091797,0.3,0.2,1.0000000000000002e-06
31,26,0.04501314088702202,0.001456287456676364,0.04145967960357666,0.15559475123882294,0.3,0.2,1.0000000000000002e-06
31,27,0.18422207236289978,0.010677510872483253,0.30057579278945923,0.41685912013053894,0.3,0.2,1.0000000000000002e-06
31,28,0.10668204724788666,0.01137618999928236,0.17112994194030762,0.2198343575000763,0.3,0.2,1.0000000000000002e-06
31,29,0.0995408296585083,0.004852327983826399,0.11430823802947998,0.3019801378250122,0.3,0.2,1.0000000000000002e-06
31,30,0.04972730949521065,0.0033414342906326056,0.03007364273071289,0.1868189126253128,0.3,0.2,1.0000000000000002e-06
31,31,0.04792484641075134,0.0010677933460101485,0.033353567123413086,0.18425491452217102,0.3,0.2,1.0000000000000002e-06
31,32,0.05804406851530075,0.00405928073450923,0.08314764499664307,0.14520245790481567,0.3,0.2,1.0000000000000002e-06
31,33,0.30644673109054565,0.024493377655744553,0.6013891696929932,0.5076828598976135,0.3,0.2,1.0000000000000002e-06
31,34,0.05326441302895546,0.005934421438723803,0.03410261869430542,0.1854960173368454,0.3,0.2,1.0000000000000002e-06
31,35,0.18285197019577026,0.010613396763801575,0.2934954762458801,0.42094963788986206,0.3,0.2,1.0000000000000002e-06
31,36,0.0770718902349472,0.005187126807868481,0.13065052032470703,0.1634480357170105,0.3,0.2,1.0000000000000002e-06
31,37,0.04773367941379547,0.0012828384060412645,0.09445315599441528,0.09057445824146271,0.3,0.2,1.0000000000000002e-06
31,38,0.09237170219421387,0.003767094574868679,0.17472732067108154,0.18093204498291016,0.3,0.2,1.0000000000000002e-06
31,39,0.07864809781312943,0.004596566781401634,0.21508777141571045,0.04762597009539604,0.3,0.2,1.0000000000000002e-06
31,40,0.06255213916301727,0.003206768073141575,0.11272573471069336,0.12763822078704834,0.3,0.2,1.0000000000000002e-06
31,41,0.03318478539586067,0.004153250716626644,0.03560978174209595,0.09174299985170364,0.3,0.2,1.0000000000000002e-06
31,42,0.07746198773384094,0.0039376672357320786,0.1449245810508728,0.15023471415042877,0.3,0.2,1.0000000000000002e-06
31,43,0.09028854966163635,0.002515319036319852,0.13329380750656128,0.23892544209957123,0.3,0.2,1.0000000000000002e-06
31,44,0.09379535913467407,0.005799439735710621,0.13948315382003784,0.23075485229492188,0.3,0.2,1.0000000000000002e-06
31,45,0.1533755511045456,0.004782150033861399,0.12790560722351074,0.5511085987091064,0.3,0.2,1.0000000000000002e-06
31,46,0.04697731137275696,0.006373235024511814,0.031593501567840576,0.15563014149665833,0.3,0.2,1.0000000000000002e-06
31,47,0.0712687224149704,0.0050582909025251865,0.10179728269577026,0.17835623025894165,0.3,0.2,1.0000000000000002e-06
31,48,0.09180934727191925,0.0034194784238934517,0.1358538269996643,0.2381685972213745,0.3,0.2,1.0000000000000002e-06
31,49,0.10656671226024628,0.00853677373379469,0.13026660680770874,0.29474976658821106,0.3,0.2,1.0000000000000002e-06
31,50,0.10565297305583954,0.006075817625969648,0.1341567039489746,0.2966507375240326,0.3,0.2,1.0000000000000002e-06
31,51,0.07504215091466904,0.009440029039978981,0.09746408462524414,0.18181446194648743,0.3,0.2,1.0000000000000002e-06
31,52,0.09243059903383255,0.004562577232718468,0.16022664308547974,0.19900012016296387,0.3,0.2,1.0000000000000002e-06
31,53,0.06527833640575409,0.007577243726700544,0.13739871978759766,0.08240735530853271,0.3,0.2,1.0000000000000002e-06
31,54,0.09102613478899002,0.0018166163936257362,0.1385536789894104,0.2382170706987381,0.3,0.2,1.0000000000000002e-06
31,55,0.08714865893125534,0.003910915460437536,0.17575287818908691,0.15255938470363617,0.3,0.2,1.0000000000000002e-06
31,56,0.06821352243423462,0.01807278022170067,0.04446166753768921,0.18401119112968445,0.3,0.2,1.0000000000000002e-06
31,57,0.06058403104543686,0.002868684008717537,0.10908311605453491,0.1249520480632782,0.3,0.2,1.0000000000000002e-06
31,58,0.12920081615447998,0.00467764213681221,0.2531176805496216,0.24293935298919678,0.3,0.2,1.0000000000000002e-06
31,59,0.02850545197725296,0.0032617005053907633,0.041287124156951904,0.06428807228803635,0.3,0.2,1.0000000000000002e-06
31,60,0.051809728145599365,0.003109534038230777,0.04965007305145264,0.16902583837509155,0.3,0.2,1.0000000000000002e-06
31,61,0.04980222508311272,0.00830181036144495,0.038842976093292236,0.14923760294914246,0.3,0.2,1.0000000000000002e-06
31,62,0.04504764825105667,0.0012923763133585453,0.040888845920562744,0.1574430763721466,0.3,0.2,1.0000000000000002e-06
31,63,0.05843396112322807,0.0013669801410287619,0.0941818356513977,0.14406214654445648,0.3,0.2,1.0000000000000002e-06
31,64,0.10540139675140381,0.004507918376475573,0.14759761095046997,0.28307095170021057,0.3,0.2,1.0000000000000002e-06
31,65,0.05013854801654816,0.0015412651700899005,0.033579349517822266,0.19261737167835236,0.3,0.2,1.0000000000000002e-06
31,66,0.07941699773073196,0.008324122056365013,0.03800731897354126,0.2984533905982971,0.3,0.2,1.0000000000000002e-06
31,67,0.20428726077079773,0.007737215608358383,0.3757972717285156,0.4190543293952942,0.3,0.2,1.0000000000000002e-06
31,68,0.22525396943092346,0.01544214691966772,0.42523688077926636,0.4112037420272827,0.3,0.2,1.0000000000000002e-06
31,69,0.07797960937023163,0.008748152293264866,0.07525813579559326,0.2332700490951538,0.3,0.2,1.0000000000000002e-06
31,70,0.06533415615558624,0.009361496195197105,0.07246476411819458,0.17116615176200867,0.3,0.2,1.0000000000000002e-06
31,71,0.0641426220536232,0.011710184626281261,0.04001498222351074,0.2021397054195404,0.3,0.2,1.0000000000000002e-06
31,72,0.0762806385755539,0.009475032798945904,0.09942269325256348,0.18489399552345276,0.3,0.2,1.0000000000000002e-06
31,73,0.08080406486988068,0.012249376624822617,0.0665891170501709,0.24288974702358246,0.3,0.2,1.0000000000000002e-06
31,74,0.08699645102024078,0.01387702114880085,0.08711165189743042,0.2349296361207962,0.3,0.2,1.0000000000000002e-06
31,75,0.04661468788981438,0.0033210560213774443,0.07073855400085449,0.11036032438278198,0.3,0.2,1.0000000000000002e-06
31,76,0.07181376963853836,0.003432890633121133,0.09686005115509033,0.19661429524421692,0.3,0.2,1.0000000000000002e-06
31,77,0.04853930324316025,0.0023068804293870926,0.036341309547424316,0.17665015161037445,0.3,0.2,1.0000000000000002e-06
31,78,0.16169562935829163,0.0039808969013392925,0.1841413378715515,0.5123616456985474,0.3,0.2,1.0000000000000002e-06
31,79,0.0718226283788681,0.0052283587865531445,0.08970731496810913,0.19841034710407257,0.3,0.2,1.0000000000000002e-06
31,80,0.062255628407001495,0.0048854476772248745,0.11609065532684326,0.11271492391824722,0.3,0.2,1.0000000000000002e-06
31,81,0.0820266455411911,0.0025970132555812597,0.19690561294555664,0.10178973525762558,0.3,0.2,1.0000000000000002e-06
31,82,0.051308803260326385,0.004223180469125509,0.05578005313873291,0.15175803005695343,0.3,0.2,1.0000000000000002e-06
31,83,0.08348880708217621,0.003865329083055258,0.11612677574157715,0.22392721474170685,0.3,0.2,1.0000000000000002e-06
31,84,0.0716535896062851,0.010528882965445518,0.04293400049209595,0.24122250080108643,0.3,0.2,1.0000000000000002e-06
31,85,0.06632179766893387,0.007567552383989096,0.05781269073486328,0.20705218613147736,0.3,0.2,1.0000000000000002e-06
31,86,0.07288893312215805,0.0062227691523730755,0.03405904769897461,0.2822422385215759,0.3,0.2,1.0000000000000002e-06
31,87,0.03753575682640076,0.0020111578051000834,0.04625803232192993,0.10823594033718109,0.3,0.2,1.0000000000000002e-06
31,88,0.06617937237024307,0.0023264444898813963,0.11903113126754761,0.14071795344352722,0.3,0.2,1.0000000000000002e-06
31,89,0.09852015972137451,0.009742893278598785,0.0984264612197876,0.29624664783477783,0.3,0.2,1.0000000000000002e-06
31,90,0.29533106088638306,0.033721644431352615,0.5741714239120483,0.4467898905277252,0.3,0.2,1.0000000000000002e-06
31,91,0.08366820961236954,0.004440143704414368,0.18848156929016113,0.11341797560453415,0.3,0.2,1.0000000000000002e-06
31,92,0.10361085832118988,0.012206955812871456,0.08078688383102417,0.335839182138443,0.3,0.2,1.0000000000000002e-06
31,93,0.27145326137542725,0.019791774451732635,0.5279448628425598,0.4663900136947632,0.3,0.2,1.0000000000000002e-06
31,94,0.27061283588409424,0.017772505059838295,0.49570727348327637,0.5206406116485596,0.3,0.2,1.0000000000000002e-06
31,95,0.04477044939994812,0.008249456062912941,0.034030020236968994,0.13155993819236755,0.3,0.2,1.0000000000000002e-06
31,96,0.15480650961399078,0.0038516544736921787,0.20520806312561035,0.4469621479511261,0.3,0.2,1.0000000000000002e-06
31,97,0.07275676727294922,0.002619865583255887,0.1426505446434021,0.13670867681503296,0.3,0.2,1.0000000000000002e-06
31,98,0.20921219885349274,0.010230145417153835,0.315199077129364,0.5221115946769714,0.3,0.2,1.0000000000000002e-06
32,0,0.10066123306751251,0.004242021590471268,0.15406954288482666,0.25099170207977295,0.3,0.2,1.0000000000000002e-06
32,1,0.06273965537548065,0.01170392520725727,0.03999978303909302,0.19517898559570312,0.3,0.2,1.0000000000000002e-06
32,2,0.0685853585600853,0.007566891144961119,0.1373799443244934,0.09902240335941315,0.3,0.2,1.0000000000000002e-06
32,3,0.05834187567234039,0.0028680821415036917,0.10907822847366333,0.1137516126036644,0.3,0.2,1.0000000000000002e-06
32,4,0.05609157681465149,0.008300111629068851,0.038837552070617676,0.18070098757743835,0.3,0.2,1.0000000000000002e-06
32,5,0.0861578956246376,0.00831632874906063,0.03800690174102783,0.3321974575519562,0.3,0.2,1.0000000000000002e-06
32,6,0.03530445694923401,0.004154639784246683,0.035607993602752686,0.10233710706233978,0.3,0.2,1.0000000000000002e-06
32,7,0.07739061117172241,0.01057596318423748,0.08843052387237549,0.20142747461795807,0.3,0.2,1.0000000000000002e-06
32,8,0.08373746275901794,0.004441010765731335,0.210432231426239,0.08083393424749374,0.3,0.2,1.0000000000000002e-06
32,9,0.28414660692214966,0.019158268347382545,0.5276690721511841,0.5334380269050598,0.3,0.2,1.0000000000000002e-06
32,10,0.07256580889225006,0.0180616844445467,0.044457435607910156,0.20583444833755493,0.3,0.2,1.0000000000000002e-06
32,11,0.0912848562002182,0.00450593326240778,0.14756476879119873,0.2125474363565445,0.3,0.2,1.0000000000000002e-06
32,12,0.05189180374145508,0.002619620645418763,0.08473837375640869,0.11925335973501205,0.3,0.2,1.0000000000000002e-06
32,13,0.04981936514377594,0.002880968851968646,0.10445737838745117,0.07800590991973877,0.3,0.2,1.0000000000000002e-06
32,14,0.09303252398967743,0.003418251406401396,0.1358339786529541,0.24432040750980377,0.3,0.2,1.0000000000000002e-06
32,15,0.1885879933834076,0.01010897196829319,0.2973632216453552,0.4463502764701843,0.3,0.2,1.0000000000000002e-06
32,16,0.1070941835641861,0.008536549285054207,0.13026154041290283,0.29739585518836975,0.3,0.2,1.0000000000000002e-06
32,17,0.03775659203529358,0.0020105047151446342,0.04625380039215088,0.10934974253177643,0.3,0.2,1.0000000000000002e-06
32,18,0.08817657828330994,0.0025151700247079134,0.133273184299469,0.2283972203731537,0.3,0.2,1.0000000000000002e-06
32,19,0.09131316840648651,0.013869074173271656,0.08709388971328735,0.25657960772514343,0.3,0.2,1.0000000000000002e-06
32,20,0.06581564247608185,0.0023257010616362095,0.11902278661727905,0.1389155089855194,0.3,0.2,1.0000000000000002e-06
32,21,0.0928613469004631,0.012204037047922611,0.08076977729797363,0.2821318805217743,0.3,0.2,1.0000000000000002e-06
32,22,0.06985434889793396,0.007038325536996126,0.1318872570991516,0.1162492111325264,0.3,0.2,1.0000000000000002e-06
32,23,0.11577676981687546,0.009475013241171837,0.14124077558517456,0.31964758038520813,0.3,0.2,1.0000000000000002e-06
32,24,0.04222517088055611,0.005935148801654577,0.03409796953201294,0.13030315935611725,0.3,0.2,1.0000000000000002e-06
32,25,0.10884455591440201,0.011377488262951374,0.17111444473266602,0.23066364228725433,0.3,0.2,1.0000000000000002e-06
32,26,0.05346737429499626,0.002307199640199542,0.03633803129196167,0.20129382610321045,0.3,0.2,1.0000000000000002e-06
32,27,0.054037488996982574,0.004057060927152634,0.08313775062561035,0.12519550323486328,0.3,0.2,1.0000000000000002e-06
32,28,0.09162553399801254,0.004074439872056246,0.2146170735359192,0.11582985520362854,0.3,0.2,1.0000000000000002e-06
32,29,0.15191267430782318,0.006555942352861166,0.20886218547821045,0.413490355014801,0.3,0.2,1.0000000000000002e-06
32,30,0.08140674978494644,0.0025967119727283716,0.19689691066741943,0.09870480000972748,0.3,0.2,1.0000000000000002e-06
32,31,0.09865134954452515,0.0041138953529298306,0.0772048830986023,0.35687991976737976,0.3,0.2,1.0000000000000002e-06
32,32,0.08120474219322205,0.010389992967247963,0.06676667928695679,0.2539237439632416,0.3,0.2,1.0000000000000002e-06
32,33,0.056161943823099136,0.0032221972942352295,0.09059345722198486,0.12880854308605194,0.3,0.2,1.0000000000000002e-06
32,34,0.033784255385398865,0.0032602327410131693,0.041288554668426514,0.09068728238344193,0.3,0.2,1.0000000000000002e-06
32,35,0.2194613218307495,0.010989372618496418,0.35569101572036743,0.5088232159614563,0.3,0.2,1.0000000000000002e-06
32,36,0.06739971786737442,0.0032059834338724613,0.11271893978118896,0.15189024806022644,0.3,0.2,1.0000000000000002e-06
32,37,0.07590128481388092,0.009353616274893284,0.07244366407394409,0.22407282888889313,0.3,0.2,1.0000000000000002e-06
32,38,0.08135540783405304,0.015167699195444584,0.04658001661300659,0.26106852293014526,0.3,0.2,1.0000000000000002e-06
32,39,0.19312521815299988,0.011913735419511795,0.32079851627349854,0.42485955357551575,0.3,0.2,1.0000000000000002e-06
32,40,0.049016885459423065,0.0015561364125460386,0.043970465660095215,0.17134803533554077,0.3,0.2,1.0000000000000002e-06
32,41,0.0866573378443718,0.004443253856152296,0.1924147605895996,0.12244826555252075,0.3,0.2,1.0000000000000002e-06
32,42,0.10805173218250275,0.006345588248223066,0.1364682912826538,0.30382826924324036,0.3,0.2,1.0000000000000002e-06
32,43,0.14399102330207825,0.004481199197471142,0.22981059551239014,0.35283318161964417,0.3,0.2,1.0000000000000002e-06
32,44,0.08603726327419281,0.0018177840393036604,0.13853859901428223,0.21328946948051453,0.3,0.2,1.0000000000000002e-06
32,45,0.07522507756948471,0.003910535015165806,0.1757434606552124,0.0929575264453888,0.3,0.2,1.0000000000000002e-06
32,46,0.05308600887656212,0.003109346143901348,0.04965251684188843,0.17540453374385834,0.3,0.2,1.0000000000000002e-06
32,47,0.19748610258102417,0.00836625974625349,0.38502538204193115,0.3680611848831177,0.3,0.2,1.0000000000000002e-06
32,48,0.07958237081766129,0.002426267135888338,0.17215204238891602,0.12755243480205536,0.3,0.2,1.0000000000000002e-06
32,49,0.09133899211883545,0.003878280520439148,0.17315995693206787,0.1775635927915573,0.3,0.2,1.0000000000000002e-06
32,50,0.0751984566450119,0.003856078954413533,0.14126384258270264,0.1448161005973816,0.3,0.2,1.0000000000000002e-06
32,51,0.12720045447349548,0.004673061892390251,0.25302690267562866,0.23309659957885742,0.3,0.2,1.0000000000000002e-06
32,52,0.168111190199852,0.003886281745508313,0.16548234224319458,0.5729010105133057,0.3,0.2,1.0000000000000002e-06
32,53,0.23010466992855072,0.015378056094050407,0.41794079542160034,0.4467218220233917,0.3,0.2,1.0000000000000002e-06
32,54,0.07883307337760925,0.009450620040297508,0.09933757781982422,0.19790588319301605,0.3,0.2,1.0000000000000002e-06
32,55,0.04747948795557022,0.0012827293248847127,0.09444475173950195,0.08931666612625122,0.3,0.2,1.0000000000000002e-06
32,56,0.1538456529378891,0.006514310836791992,0.1553853154182434,0.5035787224769592,0.3,0.2,1.0000000000000002e-06
32,57,0.07379947602748871,0.005329679232090712,0.06501668691635132,0.24482394754886627,0.3,0.2,1.0000000000000002e-06
32,58,0.13459591567516327,0.004765261895954609,0.11869961023330688,0.47110384702682495,0.3,0.2,1.0000000000000002e-06
32,59,0.07644646614789963,0.004885146860033274,0.1160888671875,0.18367327749729156,0.3,0.2,1.0000000000000002e-06
32,60,0.09017889201641083,0.005806485190987587,0.1395246982574463,0.21257494390010834,0.3,0.2,1.0000000000000002e-06
32,61,0.08170908689498901,0.005228645633906126,0.08969360589981079,0.24786178767681122,0.3,0.2,1.0000000000000002e-06
32,62,0.08277620375156403,0.012259503826498985,0.0666467547416687,0.252613365650177,0.3,0.2,1.0000000000000002e-06
32,63,0.043467335402965546,0.0012531434185802937,0.042473018169403076,0.14736142754554749,0.3,0.2,1.0000000000000002e-06
32,64,0.08174050599336624,0.005189809482544661,0.13063061237335205,0.1868075430393219,0.3,0.2,1.0000000000000002e-06
32,65,0.08650752902030945,0.012019490823149681,0.07215821743011475,0.26420286297798157,0.3,0.2,1.0000000000000002e-06
32,66,0.10603152215480804,0.004528665915131569,0.17503666877746582,0.2449592798948288,0.3,0.2,1.0000000000000002e-06
32,67,0.05458556115627289,0.004219638649374247,0.055718839168548584,0.16825133562088013,0.3,0.2,1.0000000000000002e-06
32,68,0.04767417535185814,0.0033414210192859173,0.030077040195465088,0.17654821276664734,0.3,0.2,1.0000000000000002e-06
32,69,0.0933452919125557,0.009735393337905407,0.09838628768920898,0.2704700529575348,0.3,0.2,1.0000000000000002e-06
32,70,0.11571727693080902,0.011181228794157505,0.19123035669326782,0.23583470284938812,0.3,0.2,1.0000000000000002e-06
32,71,0.07166796922683716,0.010526726022362709,0.04292339086532593,0.2413211166858673,0.3,0.2,1.0000000000000002e-06
32,72,0.05801798403263092,0.011177709326148033,0.04426151514053345,0.16780908405780792,0.3,0.2,1.0000000000000002e-06
32,73,0.07572229206562042,0.003432265017181635,0.09683817625045776,0.21619285643100739,0.3,0.2,1.0000000000000002e-06
32,74,0.06507641077041626,0.006374035961925983,0.0315973162651062,0.24611589312553406,0.3,0.2,1.0000000000000002e-06
32,75,0.08920487761497498,0.005054876673966646,0.10178720951080322,0.26806920766830444,0.3,0.2,1.0000000000000002e-06
32,76,0.29325464367866516,0.022835999727249146,0.5807205438613892,0.48101240396499634,0.3,0.2,1.0000000000000002e-06
32,77,0.22527523338794708,0.009654403664171696,0.4048575162887573,0.47081783413887024,0.3,0.2,1.0000000000000002e-06
32,78,0.10071225464344025,0.006083883345127106,0.134182870388031,0.2718675434589386,0.3,0.2,1.0000000000000002e-06
32,79,0.052733901888132095,0.006221961695700884,0.034062862396240234,0.18146540224552155,0.3,0.2,1.0000000000000002e-06
32,80,0.05286990851163864,0.008249680511653423,0.034030020236968994,0.17205610871315002,0.3,0.2,1.0000000000000002e-06
32,81,0.08420754969120026,0.0038630585186183453,0.1161084771156311,0.22755973041057587,0.3,0.2,1.0000000000000002e-06
32,82,0.05208004266023636,0.001073528896085918,0.03132599592208862,0.20804356038570404,0.3,0.2,1.0000000000000002e-06
32,83,0.09685863554477692,0.003489644965156913,0.1476956009864807,0.2453015297651291,0.3,0.2,1.0000000000000002e-06
32,84,0.08049078285694122,0.009411748498678207,0.09746521711349487,0.2091972976922989,0.3,0.2,1.0000000000000002e-06
32,85,0.0625246986746788,0.0013663738500326872,0.09418374300003052,0.16451600193977356,0.3,0.2,1.0000000000000002e-06
32,86,0.09969493001699448,0.007438672706484795,0.21759212017059326,0.13489310443401337,0.3,0.2,1.0000000000000002e-06
32,87,0.28254935145378113,0.03162595257163048,0.5691579580307007,0.4008799195289612,0.3,0.2,1.0000000000000002e-06
32,88,0.06822790205478668,0.0033220017794519663,0.07074117660522461,0.2184177190065384,0.3,0.2,1.0000000000000002e-06
32,89,0.270866334438324,0.019627442583441734,0.5459275841712952,0.4373031556606293,0.3,0.2,1.0000000000000002e-06
32,90,0.09043589234352112,0.004852742422372103,0.11430597305297852,0.25645676255226135,0.3,0.2,1.0000000000000002e-06
32,91,0.1372070610523224,0.01036214828491211,0.2667604088783264,0.23408398032188416,0.3,0.2,1.0000000000000002e-06
32,92,0.06553167849779129,0.007569024804979563,0.05781358480453491,0.20309287309646606,0.3,0.2,1.0000000000000002e-06
32,93,0.08758117258548737,0.008753924630582333,0.07528489828109741,0.281208872795105,0.3,0.2,1.0000000000000002e-06
32,94,0.05100330337882042,0.0031587148550897837,0.07182258367538452,0.13148906826972961,0.3,0.2,1.0000000000000002e-06
32,95,0.04345694184303284,0.0032155108638107777,0.04417061805725098,0.13495121896266937,0.3,0.2,1.0000000000000002e-06
32,96,0.08117489516735077,0.002591925673186779,0.14071321487426758,0.181845024228096,0.3,0.2,1.0000000000000002e-06
32,97,0.06151639670133591,0.011082544922828674,0.04321068525314331,0.1873532235622406,0.3,0.2,1.0000000000000002e-06
32,98,0.05279753357172012,0.001619725488126278,0.03391629457473755,0.20501458644866943,0.3,0.2,1.0000000000000002e-06
33,0,0.046137817203998566,0.006372832227498293,0.031589508056640625,0.15144065022468567,0.3,0.2,1.0000000000000002e-06
33,1,0.043007560074329376,0.0032156810630112886,0.044168949127197266,0.132705956697464,0.3,0.2,1.0000000000000002e-06
33,2,0.07506972551345825,0.0018167459638789296,0.1385098695755005,0.1585000902414322,0.3,0.2,1.0000000000000002e-06
33,3,0.057455286383628845,0.011700918897986412,0.03998810052871704,0.16878966987133026,0.3,0.2,1.0000000000000002e-06
33,4,0.038246795535087585,0.001338984933681786,0.04029208421707153,0.1241009309887886,0.3,0.2,1.0000000000000002e-06
33,5,0.09386956691741943,0.005797731224447489,0.13945716619491577,0.23117339611053467,0.3,0.2,1.0000000000000002e-06
33,6,0.07717963308095932,0.004244669806212187,0.21206897497177124,0.04657134786248207,0.3,0.2,1.0000000000000002e-06
33,7,0.2711261510848999,0.020328929647803307,0.5195993185043335,0.47458720207214355,0.3,0.2,1.0000000000000002e-06
33,8,0.04559127241373062,0.00593396695330739,0.034093260765075684,0.14714664220809937,0.3,0.2,1.0000000000000002e-06
33,9,0.07690110057592392,0.010573956184089184,0.08841812610626221,0.1990085244178772,0.3,0.2,1.0000000000000002e-06
33,10,0.27346694469451904,0.03244398534297943,0.5677114725112915,0.3535475432872772,0.3,0.2,1.0000000000000002e-06
33,11,0.050733305513858795,0.008245959877967834,0.03401648998260498,0.16141198575496674,0.3,0.2,1.0000000000000002e-06
33,12,0.059755533933639526,0.0013663216959685087,0.0941733717918396,0.15068601071834564,0.3,0.2,1.0000000000000002e-06
33,13,0.09484392404556274,0.002515750704333186,0.13324999809265137,0.26176583766937256,0.3,0.2,1.0000000000000002e-06
33,14,0.08074764907360077,0.005229003727436066,0.08968406915664673,0.24306710064411163,0.3,0.2,1.0000000000000002e-06
33,15,0.053304314613342285,0.003221651306375861,0.09056210517883301,0.11457014828920364,0.3,0.2,1.0000000000000002e-06
33,16,0.0899323970079422,0.015162809751927853,0.04656243324279785,0.3040042817592621,0.3,0.2,1.0000000000000002e-06
33,17,0.0539403036236763,0.011176872067153454,0.04425311088562012,0.14743749797344208,0.3,0.2,1.0000000000000002e-06
33,18,0.08946852385997772,0.0037290100008249283,0.17619818449020386,0.16440027952194214,0.3,0.2,1.0000000000000002e-06
33,19,0.051064930856227875,0.0031632548198103905,0.0718194842338562,0.13177914917469025,0.3,0.2,1.0000000000000002e-06
33,20,0.0961463525891304,0.012202705256640911,0.08073711395263672,0.2986125648021698,0.3,0.2,1.0000000000000002e-06
33,21,0.05736035108566284,0.0032077340874820948,0.11270570755004883,0.10170450061559677,0.3,0.2,1.0000000000000002e-06
33,22,0.03788910433650017,0.002011795062571764,0.04623568058013916,0.11003302037715912,0.3,0.2,1.0000000000000002e-06
33,23,0.055300310254096985,0.00421881815418601,0.055735766887664795,0.171803817152977,0.3,0.2,1.0000000000000002e-06
33,24,0.10942550003528595,0.004518677014857531,0.17494773864746094,0.2621125280857086,0.3,0.2,1.0000000000000002e-06
33,25,0.03907429426908493,0.0062193009071052074,0.03404134511947632,0.1132129430770874,0.3,0.2,1.0000000000000002e-06
33,26,0.057587362825870514,0.010523184202611446,0.04290211200714111,0.1709677278995514,0.3,0.2,1.0000000000000002e-06
33,27,0.089419424533844,0.0034205755218863487,0.13584232330322266,0.22623075544834137,0.3,0.2,1.0000000000000002e-06
33,28,0.08190644532442093,0.002568673575296998,0.17529934644699097,0.13373982906341553,0.3,0.2,1.0000000000000002e-06
33,29,0.08363832533359528,0.0025971445720642805,0.19689780473709106,0.1098591610789299,0.3,0.2,1.0000000000000002e-06
33,30,0.12121599912643433,0.0046750926412642,0.25301593542099,0.20318059623241425,0.3,0.2,1.0000000000000002e-06
33,31,0.06481289863586426,0.0023248891811817884,0.1189955472946167,0.1339467167854309,0.3,0.2,1.0000000000000002e-06
33,32,0.0875561535358429,0.004469149746000767,0.1904330849647522,0.12978537380695343,0.3,0.2,1.0000000000000002e-06
33,33,0.08401602506637573,0.013876007869839668,0.08709073066711426,0.2200639545917511,0.3,0.2,1.0000000000000002e-06
33,34,0.0807194709777832,0.005185071844607592,0.13062041997909546,0.18174134194850922,0.3,0.2,1.0000000000000002e-06
33,35,0.08673493564128876,0.01807177998125553,0.04444074630737305,0.2766546607017517,0.3,0.2,1.0000000000000002e-06
33,36,0.06805047392845154,0.005060614086687565,0.10178172588348389,0.16227667033672333,0.3,0.2,1.0000000000000002e-06
33,37,0.042951297014951706,0.001343635842204094,0.04354822635650635,0.1427159607410431,0.3,0.2,1.0000000000000002e-06
33,38,0.08299022912979126,0.01040806993842125,0.06675904989242554,0.26277220249176025,0.3,0.2,1.0000000000000002e-06
33,39,0.2616075277328491,0.02005968615412712,0.5237962007522583,0.4220447540283203,0.3,0.2,1.0000000000000002e-06
33,40,0.10429459810256958,0.0034856367856264114,0.14764124155044556,0.2825829088687897,0.3,0.2,1.0000000000000002e-06
33,41,0.030355263501405716,0.003262897254899144,0.04127788543701172,0.07354499399662018,0.3,0.2,1.0000000000000002e-06
33,42,0.09923642128705978,0.007797047961503267,0.21714788675308228,0.131475031375885,0.3,0.2,1.0000000000000002e-06
33,43,0.20634323358535767,0.008756060153245926,0.3585091829299927,0.4501720666885376,0.3,0.2,1.0000000000000002e-06
33,44,0.07061638683080673,0.007576042786240578,0.13738000392913818,0.10913169384002686,0.3,0.2,1.0000000000000002e-06
33,45,0.04224046319723129,0.004159175790846348,0.035603463649749756,0.13700124621391296,0.3,0.2,1.0000000000000002e-06
33,46,0.04828780144453049,0.0028832147363573313,0.1044352650642395,0.07037001848220825,0.3,0.2,1.0000000000000002e-06
33,47,0.07719689607620239,0.008742829784750938,0.07523947954177856,0.22941109538078308,0.3,0.2,1.0000000000000002e-06
33,48,0.09398634731769562,0.004850292112678289,0.11429297924041748,0.27424079179763794,0.3,0.2,1.0000000000000002e-06
33,49,0.09331491589546204,0.0040775747038424015,0.2146204710006714,0.1242559552192688,0.3,0.2,1.0000000000000002e-06
33,50,0.2671268582344055,0.020166002213954926,0.5563359260559082,0.4003002643585205,0.3,0.2,1.0000000000000002e-06
33,51,0.07001829147338867,0.00946460198611021,0.09935641288757324,0.15373383462429047,0.3,0.2,1.0000000000000002e-06
33,52,0.09860551357269287,0.0041145263239741325,0.07718104124069214,0.3566834032535553,0.3,0.2,1.0000000000000002e-06
33,53,0.16117942333221436,0.0035431035794317722,0.17555898427963257,0.524843156337738,0.3,0.2,1.0000000000000002e-06
33,54,0.10197971761226654,0.012015650048851967,0.07211703062057495,0.3416447639465332,0.3,0.2,1.0000000000000002e-06
33,55,0.10679646581411362,0.006346919108182192,0.1364753246307373,0.2975347340106964,0.3,0.2,1.0000000000000002e-06
33,56,0.053753189742565155,0.0026202660519629717,0.08472985029220581,0.1285698413848877,0.3,0.2,1.0000000000000002e-06
33,57,0.04765016958117485,0.0015041419537737966,0.03264284133911133,0.1817658692598343,0.3,0.2,1.0000000000000002e-06
33,58,0.11027571558952332,0.009479498490691185,0.14123952388763428,0.2921217978000641,0.3,0.2,1.0000000000000002e-06
33,59,0.13314169645309448,0.010360990650951862,0.2667195796966553,0.2138240933418274,0.3,0.2,1.0000000000000002e-06
33,60,0.22122225165367126,0.010354431346058846,0.34502124786376953,0.5368071794509888,0.3,0.2,1.0000000000000002e-06
33,61,0.12770549952983856,0.005730748176574707,0.16532647609710693,0.36188405752182007,0.3,0.2,1.0000000000000002e-06
33,62,0.09789915382862091,0.004487927537411451,0.1587570309638977,0.228920578956604,0.3,0.2,1.0000000000000002e-06
33,63,0.05441120266914368,0.004060673993080854,0.08312427997589111,0.1270662248134613,0.3,0.2,1.0000000000000002e-06
33,64,0.1530008614063263,0.004271164070814848,0.20531058311462402,0.43568262457847595,0.3,0.2,1.0000000000000002e-06
33,65,0.07426972687244415,0.0038652936927974224,0.11608970165252686,0.17788760364055634,0.3,0.2,1.0000000000000002e-06
33,66,0.052575211971998215,0.0033229205291718245,0.07072478532791138,0.1401742845773697,0.3,0.2,1.0000000000000002e-06
33,67,0.04473484307527542,0.0010269515914842486,0.031117141246795654,0.17186374962329865,0.3,0.2,1.0000000000000002e-06
33,68,0.14547577500343323,0.004961917642503977,0.20136964321136475,0.40051478147506714,0.3,0.2,1.0000000000000002e-06
33,69,0.09066680073738098,0.009743367321789265,0.09838688373565674,0.25703683495521545,0.3,0.2,1.0000000000000002e-06
33,70,0.09390511363744736,0.004506261553615332,0.1475517749786377,0.2256665825843811,0.3,0.2,1.0000000000000002e-06
33,71,0.04435666650533676,0.00334013719111681,0.030068278312683105,0.15998022258281708,0.3,0.2,1.0000000000000002e-06
33,72,0.055412407964468,0.0028676921501755714,0.1090649962425232,0.09912607818841934,0.3,0.2,1.0000000000000002e-06
33,73,0.05611109733581543,0.003110832069069147,0.04964321851730347,0.1905364841222763,0.3,0.2,1.0000000000000002e-06
33,74,0.08616193383932114,0.011086457408964634,0.043199360370635986,0.310578316450119,0.3,0.2,1.0000000000000002e-06
33,75,0.07419687509536743,0.0038974492345005274,0.1457330584526062,0.1328975111246109,0.3,0.2,1.0000000000000002e-06
33,76,0.08326567709445953,0.012256532907485962,0.06660699844360352,0.2551352083683014,0.3,0.2,1.0000000000000002e-06
33,77,0.05530864745378494,0.00757088465616107,0.057804644107818604,0.15198183059692383,0.3,0.2,1.0000000000000002e-06
33,78,0.1961374580860138,0.00738745229318738,0.36128389835357666,0.40182414650917053,0.3,0.2,1.0000000000000002e-06
33,79,0.06000417470932007,0.007038608659058809,0.13187813758850098,0.06701060384511948,0.3,0.2,1.0000000000000002e-06
33,80,0.12946867942810059,0.005647147540003061,0.13116371631622314,0.4223620295524597,0.3,0.2,1.0000000000000002e-06
33,81,0.07431285083293915,0.002677727025002241,0.14087659120559692,0.14686071872711182,0.3,0.2,1.0000000000000002e-06
33,82,0.09797632694244385,0.006078424397855997,0.13413047790527344,0.2582937777042389,0.3,0.2,1.0000000000000002e-06
33,83,0.07161605358123779,0.005329845938831568,0.06500798463821411,0.23391903936862946,0.3,0.2,1.0000000000000002e-06
33,84,0.2339698076248169,0.013753030449151993,0.3707885146141052,0.5449010729789734,0.3,0.2,1.0000000000000002e-06
33,85,0.11745789647102356,0.011184959672391415,0.1912217140197754,0.24453212320804596,0.3,0.2,1.0000000000000002e-06
33,86,0.07240849733352661,0.0034334026277065277,0.09680867195129395,0.19966241717338562,0.3,0.2,1.0000000000000002e-06
33,87,0.084633007645607,0.003912325948476791,0.17572200298309326,0.14002038538455963,0.3,0.2,1.0000000000000002e-06
33,88,0.05960848927497864,0.004887233022600412,0.1160813570022583,0.09948424249887466,0.3,0.2,1.0000000000000002e-06
33,89,0.11476992070674896,0.011379865929484367,0.1710963249206543,0.2603057622909546,0.3,0.2,1.0000000000000002e-06
33,90,0.04965245723724365,0.002307331655174494,0.03633320331573486,0.18222582340240479,0.3,0.2,1.0000000000000002e-06
33,91,0.07526209205389023,0.009440225549042225,0.09741449356079102,0.18298758566379547,0.3,0.2,1.0000000000000002e-06
33,92,0.06305154412984848,0.009357302449643612,0.07243967056274414,0.15981169044971466,0.3,0.2,1.0000000000000002e-06
33,93,0.04965939000248909,0.0012832111679017544,0.09443098306655884,0.10023441165685654,0.3,0.2,1.0000000000000002e-06
33,94,0.20077373087406158,0.011615551076829433,0.32759857177734375,0.45439302921295166,0.3,0.2,1.0000000000000002e-06
33,95,0.17182107269763947,0.01017790287733078,0.2751889228820801,0.3954324424266815,0.3,0.2,1.0000000000000002e-06
33,96,0.10596302151679993,0.008538167923688889,0.13026243448257446,0.2917305827140808,0.3,0.2,1.0000000000000002e-06
33,97,0.051488254219293594,0.008301808498799801,0.038826942443847656,0.1576918065547943,0.3,0.2,1.0000000000000002e-06
33,98,0.06137578561902046,0.008320769295096397,0.03800314664840698,0.2082703560590744,0.3,0.2,1.0000000000000002e-06
34,0,0.07211250066757202,0.008745670318603516,0.07523375749588013,0.20398353040218353,0.3,0.2,1.0000000000000002e-06
34,1,0.20339256525039673,0.011405294761061668,0.29862672090530396,0.5119962096214294,0.3,0.2,1.0000000000000002e-06
34,2,0.09194545447826385,0.0034171389415860176,0.13581311702728271,0.2389218807220459,0.3,0.2,1.0000000000000002e-06
34,3,0.08578666299581528,0.005187437403947115,0.13060390949249268,0.20709025859832764,0.3,0.2,1.0000000000000002e-06
34,4,0.055952779948711395,0.00621820567175746,0.034039437770843506,0.19761371612548828,0.3,0.2,1.0000000000000002e-06
34,5,0.1461639106273651,0.004736770410090685,0.1791972517967224,0.43833985924720764,0.3,0.2,1.0000000000000002e-06
34,6,0.10376346856355667,0.004505559336394072,0.14752799272537231,0.2749975323677063,0.3,0.2,1.0000000000000002e-06
34,7,0.08434933423995972,0.0025962782092392445,0.19685959815979004,0.11347587406635284,0.3,0.2,1.0000000000000002e-06
34,8,0.12479591369628906,0.006119394209235907,0.18102115392684937,0.32185083627700806,0.3,0.2,1.0000000000000002e-06
34,9,0.06212897226214409,0.011173577047884464,0.04423779249191284,0.18842028081417084,0.3,0.2,1.0000000000000002e-06
34,10,0.08101223409175873,0.018073348328471184,0.0444372296333313,0.24803858995437622,0.3,0.2,1.0000000000000002e-06
34,11,0.06886544823646545,0.011701631359755993,0.03997504711151123,0.2258564978837967,0.3,0.2,1.0000000000000002e-06
34,12,0.1049065887928009,0.004587054252624512,0.1593213677406311,0.2626155912876129,0.3,0.2,1.0000000000000002e-06
34,13,0.037267498672008514,0.004156394395977259,0.03560119867324829,0.11215372383594513,0.3,0.2,1.0000000000000002e-06
34,14,0.04327639937400818,0.002307579154148698,0.03633385896682739,0.15034331381320953,0.3,0.2,1.0000000000000002e-06
34,15,0.11698899418115616,0.011184623464941978,0.19120430946350098,0.24221539497375488,0.3,0.2,1.0000000000000002e-06
34,16,0.0803401917219162,0.0025254483334720135,0.1358906626701355,0.18523770570755005,0.3,0.2,1.0000000000000002e-06
34,17,0.07299666106700897,0.0018172153504565358,0.1384841799736023,0.14817093312740326,0.3,0.2,1.0000000000000002e-06
34,18,0.10170312225818634,0.0034875369165092707,0.14764076471328735,0.2696167826652527,0.3,0.2,1.0000000000000002e-06
34,19,0.060482919216156006,0.003207356669008732,0.11270797252655029,0.1173158511519432,0.3,0.2,1.0000000000000002e-06
34,20,0.08703399449586868,0.013869802467525005,0.08708024024963379,0.23520059883594513,0.3,0.2,1.0000000000000002e-06
34,21,0.050160862505435944,0.0028825432527810335,0.10442328453063965,0.07975665479898453,0.3,0.2,1.0000000000000002e-06
34,22,0.0532936193048954,0.0031075235456228256,0.04963809251785278,0.17647333443164825,0.3,0.2,1.0000000000000002e-06
34,23,0.05963996797800064,0.002867946168407798,0.10906219482421875,0.12026681751012802,0.3,0.2,1.0000000000000002e-06
34,24,0.04452087730169296,0.0013554623583331704,0.04165315628051758,0.15334734320640564,0.3,0.2,1.0000000000000002e-06
34,25,0.05007661506533623,0.001283074263483286,0.09443104267120361,0.10232113301753998,0.3,0.2,1.0000000000000002e-06
34,26,0.03401444852352142,0.003261410165578127,0.0412750244140625,0.09185265749692917,0.3,0.2,1.0000000000000002e-06
34,27,0.13883692026138306,0.01035945862531662,0.26667672395706177,0.24237217009067535,0.3,0.2,1.0000000000000002e-06
34,28,0.10645647346973419,0.004523015581071377,0.17493575811386108,0.24726364016532898,0.3,0.2,1.0000000000000002e-06
34,29,0.18201105296611786,0.00856416579335928,0.3869243264198303,0.28684791922569275,0.3,0.2,1.0000000000000002e-06
34,30,0.07548896968364716,0.012252504006028175,0.06658834218978882,0.21629978716373444,0.3,0.2,1.0000000000000002e-06
34,31,0.1486770212650299,0.006762223783880472,0.16443628072738647,0.46291959285736084,0.3,0.2,1.0000000000000002e-06
34,32,0.06868939846754074,0.015164501033723354,0.04654580354690552,0.19780577719211578,0.3,0.2,1.0000000000000002e-06
34,33,0.09385320544242859,0.004076262935996056,0.21458619832992554,0.12700536847114563,0.3,0.2,1.0000000000000002e-06
34,34,0.06163503974676132,0.00421749847009778,0.05569779872894287,0.20354101061820984,0.3,0.2,1.0000000000000002e-06
34,35,0.06108265370130539,0.011084106750786304,0.043187856674194336,0.1852109432220459,0.3,0.2,1.0000000000000002e-06
34,36,0.2647177577018738,0.02023177593946457,0.5308626294136047,0.42613598704338074,0.3,0.2,1.0000000000000002e-06
34,37,0.09027189016342163,0.005797426216304302,0.13942116498947144,0.21324056386947632,0.3,0.2,1.0000000000000002e-06
34,38,0.10314889252185822,0.0063454704359173775,0.1364613175392151,0.2793251574039459,0.3,0.2,1.0000000000000002e-06
34,39,0.0958862453699112,0.0048516434617340565,0.11428952217102051,0.28373873233795166,0.3,0.2,1.0000000000000002e-06
34,40,0.09173797070980072,0.012014612555503845,0.07210373878479004,0.2904611825942993,0.3,0.2,1.0000000000000002e-06
34,41,0.08603629469871521,0.010380888357758522,0.06675022840499878,0.2781516909599304,0.3,0.2,1.0000000000000002e-06
34,42,0.3472381830215454,0.044031865894794464,0.6778059601783752,0.4993225634098053,0.3,0.2,1.0000000000000002e-06
34,43,0.1320931613445282,0.004674825351685286,0.2529594898223877,0.2576524615287781,0.3,0.2,1.0000000000000002e-06
34,44,0.10920478403568268,0.011376266367733479,0.17105156183242798,0.232565239071846,0.3,0.2,1.0000000000000002e-06
34,45,0.049414053559303284,0.0032154861837625504,0.04415738582611084,0.16475674510002136,0.3,0.2,1.0000000000000002e-06
34,46,0.09661885350942612,0.012203527614474297,0.0807223916053772,0.30099302530288696,0.3,0.2,1.0000000000000002e-06
34,47,0.05639904737472534,0.0032229353673756123,0.0905490517616272,0.1300569772720337,0.3,0.2,1.0000000000000002e-06
34,48,0.2830279767513275,0.032972149550914764,0.5892775058746338,0.36636272072792053,0.3,0.2,1.0000000000000002e-06
34,49,0.04601558297872543,0.008241519331932068,0.0340120792388916,0.13785219192504883,0.3,0.2,1.0000000000000002e-06
34,50,0.07387770712375641,0.007574079558253288,0.13735008239746094,0.12549299001693726,0.3,0.2,1.0000000000000002e-06
34,51,0.0566130056977272,0.004059025552123785,0.08310043811798096,0.13811923563480377,0.3,0.2,1.0000000000000002e-06
34,52,0.20221692323684692,0.009376267902553082,0.3238821029663086,0.47838011384010315,0.3,0.2,1.0000000000000002e-06
34,53,0.06590422242879868,0.005331371445208788,0.06501251459121704,0.20534548163414001,0.3,0.2,1.0000000000000002e-06
34,54,0.10359832644462585,0.008537337183952332,0.13025927543640137,0.27991601824760437,0.3,0.2,1.0000000000000002e-06
34,55,0.06901590526103973,0.003717952873557806,0.14377987384796143,0.11081993579864502,0.3,0.2,1.0000000000000002e-06
34,56,0.04711611568927765,0.0009319144883193076,0.030619919300079346,0.18499110639095306,0.3,0.2,1.0000000000000002e-06
34,57,0.2659033238887787,0.018980534747242928,0.5080677270889282,0.4725123643875122,0.3,0.2,1.0000000000000002e-06
34,58,0.03899609297513962,0.0015410478226840496,0.03309351205825806,0.13763494789600372,0.3,0.2,1.0000000000000002e-06
34,59,0.05200939625501633,0.0013358840951696038,0.0448644757270813,0.18607082962989807,0.3,0.2,1.0000000000000002e-06
34,60,0.04105628281831741,0.005932995583862066,0.03408247232437134,0.12449271976947784,0.3,0.2,1.0000000000000002e-06
34,61,0.05588714778423309,0.010515715926885605,0.04288125038146973,0.16253529489040375,0.3,0.2,1.0000000000000002e-06
34,62,0.07901618629693985,0.0025061580818146467,0.1675974726676941,0.1311538964509964,0.3,0.2,1.0000000000000002e-06
34,63,0.055331066250801086,0.006371847353875637,0.031579673290252686,0.19742658734321594,0.3,0.2,1.0000000000000002e-06
34,64,0.0791994035243988,0.005231837276369333,0.08968561887741089,0.2353094071149826,0.3,0.2,1.0000000000000002e-06
34,65,0.07455401867628098,0.002514038933441043,0.13320225477218628,0.1603965014219284,0.3,0.2,1.0000000000000002e-06
34,66,0.05555006489157677,0.008298788219690323,0.03881657123565674,0.17803151905536652,0.3,0.2,1.0000000000000002e-06
34,67,0.054084256291389465,0.004885470494627953,0.11607903242111206,0.07187537848949432,0.3,0.2,1.0000000000000002e-06
34,68,0.03806350752711296,0.002009230200201273,0.04622095823287964,0.11093994230031967,0.3,0.2,1.0000000000000002e-06
34,69,0.05860000103712082,0.0013645761646330357,0.0941627025604248,0.1449330747127533,0.3,0.2,1.0000000000000002e-06
34,70,0.10944991558790207,0.007600385695695877,0.21909022331237793,0.18061231076717377,0.3,0.2,1.0000000000000002e-06
34,71,0.07647934556007385,0.00386799150146544,0.1160704493522644,0.18895107507705688,0.3,0.2,1.0000000000000002e-06
34,72,0.06016957759857178,0.007573240902274847,0.057801127433776855,0.17627999186515808,0.3,0.2,1.0000000000000002e-06
34,73,0.1002565398812294,0.00607839971780777,0.13413876295089722,0.26968255639076233,0.3,0.2,1.0000000000000002e-06
34,74,0.19886034727096558,0.00814841128885746,0.3481268882751465,0.4313693344593048,0.3,0.2,1.0000000000000002e-06
34,75,0.06384755671024323,0.0034354692324995995,0.0967969298362732,0.15686506032943726,0.3,0.2,1.0000000000000002e-06
34,76,0.09621350467205048,0.004115179181098938,0.07717335224151611,0.34473156929016113,0.3,0.2,1.0000000000000002e-06
34,77,0.08759022504091263,0.004637734964489937,0.18989944458007812,0.12991327047348022,0.3,0.2,1.0000000000000002e-06
34,78,0.1985047459602356,0.011680054478347301,0.3130682110786438,0.4645210802555084,0.3,0.2,1.0000000000000002e-06
34,79,0.07550297677516937,0.003912703134119511,0.17568844556808472,0.09441870450973511,0.3,0.2,1.0000000000000002e-06
34,80,0.08162151277065277,0.0033419670071452856,0.03006768226623535,0.34629619121551514,0.3,0.2,1.0000000000000002e-06
34,81,0.07191865146160126,0.009359319694340229,0.07244139909744263,0.20413458347320557,0.3,0.2,1.0000000000000002e-06
34,82,0.08086671680212021,0.010575879365205765,0.08839482069015503,0.21886195242404938,0.3,0.2,1.0000000000000002e-06
34,83,0.17887459695339203,0.004700921475887299,0.23304563760757446,0.5212998986244202,0.3,0.2,1.0000000000000002e-06
34,84,0.11516775190830231,0.00947596412152052,0.14122360944747925,0.3166234791278839,0.3,0.2,1.0000000000000002e-06
34,85,0.05510972440242767,0.0031612636521458626,0.07180160284042358,0.15203990042209625,0.3,0.2,1.0000000000000002e-06
34,86,0.06954789161682129,0.009438884444534779,0.09739315509796143,0.154455304145813,0.3,0.2,1.0000000000000002e-06
34,87,0.20658369362354279,0.014699747785925865,0.3790920376777649,0.3907816708087921,0.3,0.2,1.0000000000000002e-06
34,88,0.07006855309009552,0.005062572658061981,0.10176974534988403,0.17237526178359985,0.3,0.2,1.0000000000000002e-06
34,89,0.11404040455818176,0.004868267569690943,0.12321799993515015,0.36103367805480957,0.3,0.2,1.0000000000000002e-06
34,90,0.06705831736326218,0.0023255236446857452,0.11897313594818115,0.14520426094532013,0.3,0.2,1.0000000000000002e-06
34,91,0.06590289622545242,0.007038450799882412,0.1318565011024475,0.09653747081756592,0.3,0.2,1.0000000000000002e-06
34,92,0.06471480429172516,0.008312222547829151,0.03799092769622803,0.22502650320529938,0.3,0.2,1.0000000000000002e-06
34,93,0.08076423406600952,0.004297137260437012,0.21431595087051392,0.06086154654622078,0.3,0.2,1.0000000000000002e-06
34,94,0.09589278697967529,0.009738405235111713,0.09834134578704834,0.28325986862182617,0.3,0.2,1.0000000000000002e-06
34,95,0.08643811196088791,0.003937948029488325,0.17455077171325684,0.15067465603351593,0.3,0.2,1.0000000000000002e-06
34,96,0.07564857602119446,0.009449795819818974,0.0992855429649353,0.18206556141376495,0.3,0.2,1.0000000000000002e-06
34,97,0.04983736202120781,0.002616478595882654,0.08470255136489868,0.10905058681964874,0.3,0.2,1.0000000000000002e-06
34,98,0.04741021990776062,0.0033193437848240137,0.07071006298065186,0.11438927799463272,0.3,0.2,1.0000000000000002e-06
35,0,0.0779353529214859,0.002512160921469331,0.13316291570663452,0.177371546626091,0.3,0.2,1.0000000000000002e-06
35,1,0.051053471863269806,0.0028793939854949713,0.1044166088104248,0.08424549549818039,0.3,0.2,1.0000000000000002e-06
35,2,0.17800423502922058,0.010135809890925884,0.3039023280143738,0.38348865509033203,0.3,0.2,1.0000000000000002e-06
35,3,0.03835611790418625,0.0032138540409505367,0.04416012763977051,0.10947113484144211,0.3,0.2,1.0000000000000002e-06
35,4,0.06081775948405266,0.00331922248005867,0.0707128643989563,0.1814233809709549,0.3,0.2,1.0000000000000002e-06
35,5,0.09820772707462311,0.006084702908992767,0.13416290283203125,0.25937074422836304,0.3,0.2,1.0000000000000002e-06
35,6,0.0655398890376091,0.010514657944440842,0.04287022352218628,0.21082080900669098,0.3,0.2,1.0000000000000002e-06
35,7,0.05609504505991936,0.008311044424772263,0.03799468278884888,0.18192797899246216,0.3,0.2,1.0000000000000002e-06
35,8,0.3229593336582184,0.025594305247068405,0.6398953199386597,0.5269821286201477,0.3,0.2,1.0000000000000002e-06
35,9,0.08012290298938751,0.00944232102483511,0.09926658868789673,0.20450301468372345,0.3,0.2,1.0000000000000002e-06
35,10,0.08908672630786896,0.012019707821309566,0.0721251368522644,0.2771473824977875,0.3,0.2,1.0000000000000002e-06
35,11,0.06835687160491943,0.011173773556947708,0.044234514236450195,0.21956372261047363,0.3,0.2,1.0000000000000002e-06
35,12,0.05913454294204712,0.002326521323993802,0.11897468566894531,0.10557805001735687,0.3,0.2,1.0000000000000002e-06
35,13,0.041043832898139954,0.0020081507973372936,0.04623210430145264,0.1258302479982376,0.3,0.2,1.0000000000000002e-06
35,14,0.09634995460510254,0.004574607592076063,0.1947416067123413,0.1667643040418625,0.3,0.2,1.0000000000000002e-06
35,15,0.07965414226055145,0.0018180644838139415,0.13847458362579346,0.18146851658821106,0.3,0.2,1.0000000000000002e-06
35,16,0.25567084550857544,0.019541991874575615,0.48291879892349243,0.4562660753726959,0.3,0.2,1.0000000000000002e-06
35,17,0.08493468165397644,0.009440377354621887,0.09739398956298828,0.23138053715229034,0.3,0.2,1.0000000000000002e-06
35,18,0.11327444016933441,0.009468293748795986,0.1412031650543213,0.3072259724140167,0.3,0.2,1.0000000000000002e-06
35,19,0.08683505654335022,0.013864697888493538,0.08706152439117432,0.2342594861984253,0.3,0.2,1.0000000000000002e-06
35,20,0.053072892129421234,0.00322212977334857,0.0905497670173645,0.11342914402484894,0.3,0.2,1.0000000000000002e-06
35,21,0.0998990386724472,0.012200693599879742,0.08071339130401611,0.3174216151237488,0.3,0.2,1.0000000000000002e-06
35,22,0.19481979310512543,0.008853933773934841,0.40632808208465576,0.320337176322937,0.3,0.2,1.0000000000000002e-06
35,23,0.20954930782318115,0.012529435567557812,0.3793354630470276,0.41609615087509155,0.3,0.2,1.0000000000000002e-06
35,24,0.04465661942958832,0.0011604382889345288,0.0414467453956604,0.15531077980995178,0.3,0.2,1.0000000000000002e-06
35,25,0.029916850849986076,0.0032582939602434635,0.04126828908920288,0.07139034569263458,0.3,0.2,1.0000000000000002e-06
35,26,0.05604422837495804,0.002867876086384058,0.10905134677886963,0.10230471938848495,0.3,0.2,1.0000000000000002e-06
35,27,0.08086062222719193,0.002505913842469454,0.17126202583312988,0.13488049805164337,0.3,0.2,1.0000000000000002e-06
35,28,0.058311380445957184,0.005064474418759346,0.10176032781600952,0.11359401792287827,0.3,0.2,1.0000000000000002e-06
35,29,0.07848555594682693,0.007563482504338026,0.13732391595840454,0.1486244648694992,0.3,0.2,1.0000000000000002e-06
35,30,0.05008052662014961,0.006215633358806372,0.03402453660964966,0.16828766465187073,0.3,0.2,1.0000000000000002e-06
35,31,0.10406965762376785,0.004854856990277767,0.11428618431091309,0.32464468479156494,0.3,0.2,1.0000000000000002e-06
35,32,0.08871196210384369,0.010363387875258923,0.06673955917358398,0.2916335463523865,0.3,0.2,1.0000000000000002e-06
35,33,0.04438210278749466,0.008297539316117764,0.03880876302719116,0.12220967561006546,0.3,0.2,1.0000000000000002e-06
35,34,0.06236781179904938,0.007036642171442509,0.1318415403366089,0.07889352738857269,0.3,0.2,1.0000000000000002e-06
35,35,0.10394374281167984,0.00780167942866683,0.21986788511276245,0.1509084403514862,0.3,0.2,1.0000000000000002e-06
35,36,0.2870200574398041,0.03402632102370262,0.553657054901123,0.4344831109046936,0.3,0.2,1.0000000000000002e-06
35,37,0.0673794224858284,0.0013643818674609065,0.09416168928146362,0.18883267045021057,0.3,0.2,1.0000000000000002e-06
35,38,0.1523844450712204,0.004102360922843218,0.16943001747131348,0.48726534843444824,0.3,0.2,1.0000000000000002e-06
35,39,0.1245431900024414,0.005646309815347195,0.16217643022537231,0.3512197434902191,0.3,0.2,1.0000000000000002e-06
35,40,0.09212468564510345,0.00368129531852901,0.17880761623382568,0.17400552332401276,0.3,0.2,1.0000000000000002e-06
35,41,0.06074967980384827,0.0032048046123236418,0.112693190574646,0.11868458241224289,0.3,0.2,1.0000000000000002e-06
35,42,0.11464577168226242,0.011178280226886272,0.19117969274520874,0.23056790232658386,0.3,0.2,1.0000000000000002e-06
35,43,0.07683505862951279,0.008747977204620838,0.07523739337921143,0.2275792956352234,0.3,0.2,1.0000000000000002e-06
35,44,0.1346810758113861,0.010362664237618446,0.2666413187980652,0.2216300666332245,0.3,0.2,1.0000000000000002e-06
35,45,0.07352086901664734,0.01806982234120369,0.04441845417022705,0.2106275111436844,0.3,0.2,1.0000000000000002e-06
35,46,0.10954032838344574,0.00634721340611577,0.13645589351654053,0.3112817108631134,0.3,0.2,1.0000000000000002e-06
35,47,0.08546656370162964,0.005190699361264706,0.13060128688812256,0.20547740161418915,0.3,0.2,1.0000000000000002e-06
35,48,0.043209221214056015,0.002308215480297804,0.03633570671081543,0.15000146627426147,0.3,0.2,1.0000000000000002e-06
35,49,0.047105565667152405,0.0012830111663788557,0.09441840648651123,0.08748515695333481,0.3,0.2,1.0000000000000002e-06
35,50,0.08795659244060516,0.003863516729325056,0.11607247591018677,0.24635665118694305,0.3,0.2,1.0000000000000002e-06
35,51,0.0829441249370575,0.002595589030534029,0.19682347774505615,0.10650745779275894,0.3,0.2,1.0000000000000002e-06
35,52,0.07099592685699463,0.005322747863829136,0.06498044729232788,0.2308952361345291,0.3,0.2,1.0000000000000002e-06
35,53,0.06638883054256439,0.011085162870585918,0.04319077730178833,0.2117321640253067,0.3,0.2,1.0000000000000002e-06
35,54,0.09075909852981567,0.004069200716912746,0.2145199179649353,0.11166960746049881,0.3,0.2,1.0000000000000002e-06
35,55,0.21199792623519897,0.00824305322021246,0.3613419532775879,0.47676143050193787,0.3,0.2,1.0000000000000002e-06
35,56,0.0761374831199646,0.009354249574244022,0.07242244482040405,0.2252824753522873,0.3,0.2,1.0000000000000002e-06
35,57,0.0488002672791481,0.001547850901260972,0.03338104486465454,0.18619051575660706,0.3,0.2,1.0000000000000002e-06
35,58,0.04417496919631958,0.001470989198423922,0.04354828596115112,0.1481974571943283,0.3,0.2,1.0000000000000002e-06
35,59,0.06778108328580856,0.015158373862504959,0.046542227268218994,0.19330020248889923,0.3,0.2,1.0000000000000002e-06
35,60,0.05520399287343025,0.0031057039741426706,0.04964268207550049,0.1860274076461792,0.3,0.2,1.0000000000000002e-06
35,61,0.07725495100021362,0.0034314352087676525,0.09675246477127075,0.22398889064788818,0.3,0.2,1.0000000000000002e-06
35,62,0.07437000423669815,0.0037630132865160704,0.1441008448600769,0.1368836909532547,0.3,0.2,1.0000000000000002e-06
35,63,0.0980268195271492,0.003491432638838887,0.14765781164169312,0.2511902153491974,0.3,0.2,1.0000000000000002e-06
35,64,0.08223376423120499,0.009729000739753246,0.09830427169799805,0.21506740152835846,0.3,0.2,1.0000000000000002e-06
35,65,0.05316848307847977,0.004213077947497368,0.05562466382980347,0.16134001314640045,0.3,0.2,1.0000000000000002e-06
35,66,0.0963754951953888,0.004498413763940334,0.14744049310684204,0.23822464048862457,0.3,0.2,1.0000000000000002e-06
35,67,0.11148625612258911,0.004114923533052206,0.07718348503112793,0.42108139395713806,0.3,0.2,1.0000000000000002e-06
35,68,0.08171336352825165,0.0028150249272584915,0.1405019760131836,0.18373875319957733,0.3,0.2,1.0000000000000002e-06
35,69,0.11130984872579575,0.004533600062131882,0.17498576641082764,0.2714025676250458,0.3,0.2,1.0000000000000002e-06
35,70,0.14372706413269043,0.005260434467345476,0.12253439426422119,0.5085315108299255,0.3,0.2,1.0000000000000002e-06
35,71,0.0484929159283638,0.0010671764612197876,0.032633304595947266,0.18817873299121857,0.3,0.2,1.0000000000000002e-06
35,72,0.0644816979765892,0.007567886728793383,0.0578005313873291,0.1978682428598404,0.3,0.2,1.0000000000000002e-06
35,73,0.14165881276130676,0.004664663691073656,0.25284045934677124,0.3057100176811218,0.3,0.2,1.0000000000000002e-06
35,74,0.0389203242957592,0.004148802720010281,0.03559708595275879,0.12046197801828384,0.3,0.2,1.0000000000000002e-06
35,75,0.053478583693504333,0.003155845683068037,0.07179290056228638,0.14392434060573578,0.3,0.2,1.0000000000000002e-06
35,76,0.09937645494937897,0.005813237279653549,0.13951051235198975,0.2585503160953522,0.3,0.2,1.0000000000000002e-06
35,77,0.05442565679550171,0.006374737247824669,0.03158754110336304,0.1928732693195343,0.3,0.2,1.0000000000000002e-06
35,78,0.061371419578790665,0.004052781965583563,0.08310729265213013,0.16193222999572754,0.3,0.2,1.0000000000000002e-06
35,79,0.042250536382198334,0.005933297332376242,0.03408694267272949,0.13045579195022583,0.3,0.2,1.0000000000000002e-06
35,80,0.15316057205200195,0.004783240146934986,0.21539902687072754,0.4187881052494049,0.3,0.2,1.0000000000000002e-06
35,81,0.09211772680282593,0.003414009464904666,0.13576561212539673,0.23987014591693878,0.3,0.2,1.0000000000000002e-06
35,82,0.25843414664268494,0.019507452845573425,0.5111998319625854,0.42783376574516296,0.3,0.2,1.0000000000000002e-06
35,83,0.08263321220874786,0.003911967389285564,0.17566192150115967,0.13011330366134644,0.3,0.2,1.0000000000000002e-06
35,84,0.060186661779880524,0.011703903786838055,0.03995627164840698,0.1824793666601181,0.3,0.2,1.0000000000000002e-06
35,85,0.09619815647602081,0.00424549775198102,0.15253126621246338,0.23096637427806854,0.3,0.2,1.0000000000000002e-06
35,86,0.06267751753330231,0.002613805001601577,0.08468526601791382,0.1732906550168991,0.3,0.2,1.0000000000000002e-06
35,87,0.10710056126117706,0.011391489766538143,0.17110061645507812,0.22189439833164215,0.3,0.2,1.0000000000000002e-06
35,88,0.06903953850269318,0.004886416252702475,0.11606365442276001,0.1466701179742813,0.3,0.2,1.0000000000000002e-06
35,89,0.09352196753025055,0.012264778837561607,0.0666435956954956,0.30632051825523376,0.3,0.2,1.0000000000000002e-06
35,90,0.07280616462230682,0.005231872666627169,0.0896613597869873,0.20337939262390137,0.3,0.2,1.0000000000000002e-06
35,91,0.04973519220948219,0.0033423062413930893,0.03006988763809204,0.186859592795372,0.3,0.2,1.0000000000000002e-06
35,92,0.21518996357917786,0.010574286803603172,0.3380674123764038,0.5159772634506226,0.3,0.2,1.0000000000000002e-06
35,93,0.1830575168132782,0.009827863425016403,0.3301137685775757,0.37097764015197754,0.3,0.2,1.0000000000000002e-06
35,94,0.08591710031032562,0.004325252957642078,0.21765518188476562,0.08147641271352768,0.3,0.2,1.0000000000000002e-06
35,95,0.13217104971408844,0.005616576876491308,0.19025641679763794,0.3473877012729645,0.3,0.2,1.0000000000000002e-06
35,96,0.10413073003292084,0.008531366474926472,0.1302618384361267,0.28260406851768494,0.3,0.2,1.0000000000000002e-06
35,97,0.05285918712615967,0.008244671858847141,0.03400975465774536,0.17205794155597687,0.3,0.2,1.0000000000000002e-06
35,98,0.07978495955467224,0.010575365275144577,0.08841359615325928,0.2134275883436203,0.3,0.2,1.0000000000000002e-06
36,0,0.11137664318084717,0.004520681221038103,0.15903055667877197,0.2957339286804199,0.3,0.2,1.0000000000000002e-06
36,1,0.06620221585035324,0.009352842345833778,0.07240843772888184,0.17563419044017792,0.3,0.2,1.0000000000000002e-06
36,2,0.06409912556409836,0.0053177038207650185,0.06494694948196411,0.1964866667985916,0.3,0.2,1.0000000000000002e-06
36,3,0.06257549673318863,0.008306094445288181,0.037995338439941406,0.2143539935350418,0.3,0.2,1.0000000000000002e-06
36,4,0.0825900062918663,0.0024861495476216078,0.17350494861602783,0.14026184380054474,0.3,0.2,1.0000000000000002e-06
36,5,0.046824995428323746,0.0012807472376152873,0.041708946228027344,0.16515782475471497,0.3,0.2,1.0000000000000002e-06
36,6,0.12528064846992493,0.0046678576618433,0.25280511379241943,0.22385625541210175,0.3,0.2,1.0000000000000002e-06
36,7,0.039703816175460815,0.004150677006691694,0.035594284534454346,0.12437427043914795,0.3,0.2,1.0000000000000002e-06
36,8,0.0587778314948082,0.002866053022444248,0.10903817415237427,0.11600163578987122,0.3,0.2,1.0000000000000002e-06
36,9,0.07968418300151825,0.004885560367256403,0.11605453491210938,0.19991128146648407,0.3,0.2,1.0000000000000002e-06
36,10,0.10054904967546463,0.004499245434999466,0.14743155241012573,0.2591016888618469,0.3,0.2,1.0000000000000002e-06
36,11,0.2013513147830963,0.009575255215168,0.336509644985199,0.45411577820777893,0.3,0.2,1.0000000000000002e-06
36,12,0.09717753529548645,0.00349079049192369,0.14763307571411133,0.2469840794801712,0.3,0.2,1.0000000000000002e-06
36,13,0.09633283317089081,0.004855580627918243,0.11427074670791626,0.2859801650047302,0.3,0.2,1.0000000000000002e-06
36,14,0.10510212182998657,0.006088449154049158,0.13417065143585205,0.2938123941421509,0.3,0.2,1.0000000000000002e-06
36,15,0.08965057134628296,0.003413975704461336,0.13575369119644165,0.22755244374275208,0.3,0.2,1.0000000000000002e-06
36,16,0.055958956480026245,0.0013641436817124486,0.09415954351425171,0.13173474371433258,0.3,0.2,1.0000000000000002e-06
36,17,0.12857083976268768,0.004114856943488121,0.07717430591583252,0.5065184235572815,0.3,0.2,1.0000000000000002e-06
36,18,0.21920883655548096,0.01210430171340704,0.3921979069709778,0.44722577929496765,0.3,0.2,1.0000000000000002e-06
36,19,0.13297680020332336,0.004620200023055077,0.13413286209106445,0.440583735704422,0.3,0.2,1.0000000000000002e-06
36,20,0.06104147434234619,0.0034317567478865385,0.09672826528549194,0.1429561823606491,0.3,0.2,1.0000000000000002e-06
36,21,0.0842057541012764,0.013859877362847328,0.0870470404624939,0.22115881741046906,0.3,0.2,1.0000000000000002e-06
36,22,0.048566535115242004,0.003319046227261424,0.07070475816726685,0.12018031626939774,0.3,0.2,1.0000000000000002e-06
36,23,0.27537718415260315,0.0226903073489666,0.5468122959136963,0.44321590662002563,0.3,0.2,1.0000000000000002e-06
36,24,0.08107226341962814,0.00875179748982191,0.07523107528686523,0.24875572323799133,0.3,0.2,1.0000000000000002e-06
36,25,0.2000051736831665,0.008412626571953297,0.4043460488319397,0.35144367814064026,0.3,0.2,1.0000000000000002e-06
36,26,0.06174506992101669,0.003205571323633194,0.11269015073776245,0.12366224825382233,0.3,0.2,1.0000000000000002e-06
36,27,0.08989156782627106,0.009727646596729755,0.09828180074691772,0.2533968985080719,0.3,0.2,1.0000000000000002e-06
36,28,0.034822240471839905,0.0032105715945363045,0.044155001640319824,0.09182584285736084,0.3,0.2,1.0000000000000002e-06
36,29,0.27193883061408997,0.01922611892223358,0.5078921318054199,0.5017253160476685,0.3,0.2,1.0000000000000002e-06
36,30,0.06379145383834839,0.004211312159895897,0.05560445785522461,0.2144940048456192,0.3,0.2,1.0000000000000002e-06
36,31,0.050038740038871765,0.008295304141938686,0.038796186447143555,0.1505228877067566,0.3,0.2,1.0000000000000002e-06
36,32,0.0497547909617424,0.0026145335286855698,0.08468109369277954,0.1086796447634697,0.3,0.2,1.0000000000000002e-06
36,33,0.08297952264547348,0.0038636098615825176,0.11605054140090942,0.22150374948978424,0.3,0.2,1.0000000000000002e-06
36,34,0.03617449849843979,0.002007134957239032,0.04622834920883179,0.10149428248405457,0.3,0.2,1.0000000000000002e-06
36,35,0.11513791978359222,0.009465406648814678,0.14117997884750366,0.31659257411956787,0.3,0.2,1.0000000000000002e-06
36,36,0.04722660407423973,0.0012829164043068886,0.09441375732421875,0.08809778839349747,0.3,0.2,1.0000000000000002e-06
36,37,0.12767714262008667,0.0058946493081748486,0.15694677829742432,0.3734922409057617,0.3,0.2,1.0000000000000002e-06
36,38,0.15639808773994446,0.0051901377737522125,0.2545378804206848,0.3742328882217407,0.3,0.2,1.0000000000000002e-06
36,39,0.11396385729312897,0.006351555697619915,0.13644683361053467,0.3333912491798401,0.3,0.2,1.0000000000000002e-06
36,40,0.04919438809156418,0.0031032334081828594,0.04963481426239014,0.15600354969501495,0.3,0.2,1.0000000000000002e-06
36,41,0.1119232177734375,0.011180311441421509,0.19116145372390747,0.21697233617305756,0.3,0.2,1.0000000000000002e-06
36,42,0.07157894968986511,0.0023272554390132427,0.11895984411239624,0.16781872510910034,0.3,0.2,1.0000000000000002e-06
36,43,0.06629693508148193,0.0075727482326328754,0.13730186223983765,0.08766811341047287,0.3,0.2,1.0000000000000002e-06
36,44,0.08372147381305695,0.004652272444218397,0.1896446943283081,0.11087895184755325,0.3,0.2,1.0000000000000002e-06
36,45,0.07603245228528976,0.0036838133819401264,0.1450425386428833,0.14417937397956848,0.3,0.2,1.0000000000000002e-06
36,46,0.07885409891605377,0.015159804373979568,0.04653233289718628,0.2486729621887207,0.3,0.2,1.0000000000000002e-06
36,47,0.05331268906593323,0.0032196291722357273,0.0905466079711914,0.11464536935091019,0.3,0.2,1.0000000000000002e-06
36,48,0.0899389237165451,0.010357402265071869,0.06673532724380493,0.2978046238422394,0.3,0.2,1.0000000000000002e-06
36,49,0.04611299932003021,0.006371887866407633,0.03157448768615723,0.15134380757808685,0.3,0.2,1.0000000000000002e-06
36,50,0.14017292857170105,0.00554119236767292,0.19381678104400635,0.3824334740638733,0.3,0.2,1.0000000000000002e-06
36,51,0.08237390220165253,0.0026157177053391933,0.14209818840026855,0.18564364314079285,0.3,0.2,1.0000000000000002e-06
36,52,0.09322332590818405,0.002511518308892846,0.1331375241279602,0.2538527250289917,0.3,0.2,1.0000000000000002e-06
36,53,0.053171705454587936,0.008241117000579834,0.0340002179145813,0.17365261912345886,0.3,0.2,1.0000000000000002e-06
36,54,0.06227182596921921,0.011087099090218544,0.043188273906707764,0.19114121794700623,0.3,0.2,1.0000000000000002e-06
36,55,0.10024642944335938,0.012205719016492367,0.08070385456085205,0.3191477656364441,0.3,0.2,1.0000000000000002e-06
36,56,0.060976892709732056,0.0031549392733722925,0.07178598642349243,0.18143077194690704,0.3,0.2,1.0000000000000002e-06
36,57,0.26854270696640015,0.03229194134473801,0.5679658651351929,0.32930490374565125,0.3,0.2,1.0000000000000002e-06
36,58,0.05439087003469467,0.0028768982738256454,0.1043969988822937,0.10097435861825943,0.3,0.2,1.0000000000000002e-06
36,59,0.1952725648880005,0.012294896878302097,0.3208172917366028,0.43366241455078125,0.3,0.2,1.0000000000000002e-06
36,60,0.09176737815141678,0.005813722964376211,0.13951045274734497,0.2205026000738144,0.3,0.2,1.0000000000000002e-06
36,61,0.07001141458749771,0.011700478382408619,0.03994464874267578,0.23163771629333496,0.3,0.2,1.0000000000000002e-06
36,62,0.08121699094772339,0.012264478951692581,0.06663918495178223,0.2448037564754486,0.3,0.2,1.0000000000000002e-06
36,63,0.10630263388156891,0.007354998029768467,0.21705931425094604,0.16914919018745422,0.3,0.2,1.0000000000000002e-06
36,64,0.05344191938638687,0.00756619730964303,0.05779534578323364,0.14268559217453003,0.3,0.2,1.0000000000000002e-06
36,65,0.08744246512651443,0.005193972960114479,0.1306002140045166,0.21534211933612823,0.3,0.2,1.0000000000000002e-06
36,66,0.052633389830589294,0.003340735798701644,0.03006267547607422,0.2013692557811737,0.3,0.2,1.0000000000000002e-06
36,67,0.04688722640275955,0.0015818410320207477,0.03433758020401001,0.17502054572105408,0.3,0.2,1.0000000000000002e-06
36,68,0.18979600071907043,0.01051010936498642,0.3071097731590271,0.43576478958129883,0.3,0.2,1.0000000000000002e-06
36,69,0.04332280158996582,0.002307677874341607,0.03633230924606323,0.15057715773582458,0.3,0.2,1.0000000000000002e-06
36,70,0.0649217963218689,0.007034664042294025,0.13181614875793457,0.09171140938997269,0.3,0.2,1.0000000000000002e-06
36,71,0.03821990266442299,0.001449329312890768,0.04122316837310791,0.12201811373233795,0.3,0.2,1.0000000000000002e-06
36,72,0.04618328809738159,0.0010000227484852076,0.028966009616851807,0.18246731162071228,0.3,0.2,1.0000000000000002e-06
36,73,0.1830361783504486,0.007664033677428961,0.33180421590805054,0.37915435433387756,0.3,0.2,1.0000000000000002e-06
36,74,0.08590292930603027,0.003768202383071184,0.16956794261932373,0.1563216894865036,0.3,0.2,1.0000000000000002e-06
36,75,0.08650365471839905,0.01057474222034216,0.0884045958518982,0.24703767895698547,0.3,0.2,1.0000000000000002e-06
36,76,0.07024121284484863,0.00505994213744998,0.10173708200454712,0.17330069839954376,0.3,0.2,1.0000000000000002e-06
36,77,0.07360918819904327,0.0052323597483336926,0.08965694904327393,0.20739872753620148,0.3,0.2,1.0000000000000002e-06
36,78,0.2680526673793793,0.018433690071105957,0.49241578578948975,0.5094711184501648,0.3,0.2,1.0000000000000002e-06
36,79,0.04942905157804489,0.005934001412242651,0.03408271074295044,0.16635118424892426,0.3,0.2,1.0000000000000002e-06
36,80,0.030425677075982094,0.00325654330663383,0.04126626253128052,0.0739462748169899,0.3,0.2,1.0000000000000002e-06
36,81,0.10922783613204956,0.01139010488986969,0.17108207941055298,0.2325655221939087,0.3,0.2,1.0000000000000002e-06
36,82,0.059316184371709824,0.010515935719013214,0.04285776615142822,0.17971459031105042,0.3,0.2,1.0000000000000002e-06
36,83,0.1495303511619568,0.0042516132816672325,0.18017065525054932,0.45613768696784973,0.3,0.2,1.0000000000000002e-06
36,84,0.08055905997753143,0.004480493720620871,0.21359848976135254,0.05999505892395973,0.3,0.2,1.0000000000000002e-06
36,85,0.05537046864628792,0.01806822046637535,0.04441004991531372,0.11989615857601166,0.3,0.2,1.0000000000000002e-06
36,86,0.08680364489555359,0.012022708542644978,0.07213181257247925,0.26570698618888855,0.3,0.2,1.0000000000000002e-06
36,87,0.07691322267055511,0.003912725485861301,0.17566275596618652,0.10150835663080215,0.3,0.2,1.0000000000000002e-06
36,88,0.08307771384716034,0.0025947364047169685,0.19679385423660278,0.10722407698631287,0.3,0.2,1.0000000000000002e-06
36,89,0.07748816907405853,0.009443026967346668,0.09738367795944214,0.1941501647233963,0.3,0.2,1.0000000000000002e-06
36,90,0.07989360392093658,0.00943836197257042,0.09923297166824341,0.20342673361301422,0.3,0.2,1.0000000000000002e-06
36,91,0.08812466263771057,0.004069023299962282,0.21450453996658325,0.09852135181427002,0.3,0.2,1.0000000000000002e-06
36,92,0.05831378698348999,0.011168400757014751,0.044214069843292236,0.16940581798553467,0.3,0.2,1.0000000000000002e-06
36,93,0.10227169096469879,0.004533842671662569,0.1749764084815979,0.2262246310710907,0.3,0.2,1.0000000000000002e-06
36,94,0.03964921087026596,0.006215799134224653,0.034026145935058594,0.1161278486251831,0.3,0.2,1.0000000000000002e-06
36,95,0.1437571942806244,0.010364584624767303,0.26659780740737915,0.2670662999153137,0.3,0.2,1.0000000000000002e-06
36,96,0.1083926409482956,0.008533734828233719,0.1302587389945984,0.3039063811302185,0.3,0.2,1.0000000000000002e-06
36,97,0.08955593407154083,0.001818199991248548,0.13844549655914307,0.23102040588855743,0.3,0.2,1.0000000000000002e-06
36,98,0.05882878601551056,0.004053634125739336,0.0830768346786499,0.1492605060338974,0.3,0.2,1.0000000000000002e-06
37,0,0.07020195573568344,0.00935447495430708,0.07241052389144897,0.19562160968780518,0.3,0.2,1.0000000000000002e-06
37,1,0.12452470511198044,0.010363278910517693,0.2665818929672241,0.1709342747926712,0.3,0.2,1.0000000000000002e-06
37,2,0.1963837742805481,0.012126506306231022,0.31901586055755615,0.4427625238895416,0.3,0.2,1.0000000000000002e-06
37,3,0.0875062346458435,0.004755231086164713,0.19679921865463257,0.1185561791062355,0.3,0.2,1.0000000000000002e-06
37,4,0.07734649628400803,0.0024193478748202324,0.14292526245117188,0.1602478325366974,0.3,0.2,1.0000000000000002e-06
37,5,0.07243533432483673,0.009439041838049889,0.09923088550567627,0.16613513231277466,0.3,0.2,1.0000000000000002e-06
37,6,0.06752089411020279,0.007034722249954939,0.13181322813034058,0.10471099615097046,0.3,0.2,1.0000000000000002e-06
37,7,0.09599997103214264,0.0038510754238814116,0.17445093393325806,0.1990680694580078,0.3,0.2,1.0000000000000002e-06
37,8,0.08241890370845795,0.005229259841144085,0.08964759111404419,0.25147682428359985,0.3,0.2,1.0000000000000002e-06
37,9,0.0314018614590168,0.0032558636739850044,0.04126816987991333,0.07882773131132126,0.3,0.2,1.0000000000000002e-06
37,10,0.1801769733428955,0.007267311215400696,0.33545351028442383,0.36136797070503235,0.3,0.2,1.0000000000000002e-06
37,11,0.07970233261585236,0.010574450716376305,0.08839952945709229,0.21304011344909668,0.3,0.2,1.0000000000000002e-06
37,12,0.08769017457962036,0.0025111983995884657,0.13313335180282593,0.2261948585510254,0.3,0.2,1.0000000000000002e-06
37,13,0.2263939380645752,0.010911335237324238,0.3573604226112366,0.5413722991943359,0.3,0.2,1.0000000000000002e-06
37,14,0.11303688585758209,0.011386462487280369,0.17105001211166382,0.25167709589004517,0.3,0.2,1.0000000000000002e-06
37,15,0.06383178383111954,0.004883502144366503,0.11605066061019897,0.12066540867090225,0.3,0.2,1.0000000000000002e-06
37,16,0.09984248876571655,0.006350987125188112,0.1364414095878601,0.2627953886985779,0.3,0.2,1.0000000000000002e-06
37,17,0.08556688576936722,0.0044989450834691525,0.1474212408065796,0.18420784175395966,0.3,0.2,1.0000000000000002e-06
37,18,0.050246741622686386,0.0015529656084254384,0.03350859880447388,0.19320596754550934,0.3,0.2,1.0000000000000002e-06
37,19,0.22527861595153809,0.008708716370165348,0.38297247886657715,0.5083907246589661,0.3,0.2,1.0000000000000002e-06
37,20,0.057633332908153534,0.008235353045165539,0.03399837017059326,0.1959923356771469,0.3,0.2,1.0000000000000002e-06
37,21,0.05975005030632019,0.006371210794895887,0.03157585859298706,0.2195304036140442,0.3,0.2,1.0000000000000002e-06
37,22,0.08105525374412537,0.0024284981191158295,0.16868776082992554,0.14010213315486908,0.3,0.2,1.0000000000000002e-06
37,23,0.09326775372028351,0.005810679402202368,0.13948863744735718,0.22805239260196686,0.3,0.2,1.0000000000000002e-06
37,24,0.15045912563800812,0.004661165177822113,0.25278401374816895,0.3498137593269348,0.3,0.2,1.0000000000000002e-06
37,25,0.17193613946437836,0.005110329948365688,0.2423575520515442,0.4705927073955536,0.3,0.2,1.0000000000000002e-06
37,26,0.056737855076789856,0.003318850416690111,0.070701003074646,0.16104350984096527,0.3,0.2,1.0000000000000002e-06
37,27,0.04789397865533829,0.0012826697202399373,0.09441107511520386,0.09143992513418198,0.3,0.2,1.0000000000000002e-06
37,28,0.07204467058181763,0.0018182465573772788,0.1384313702583313,0.14348506927490234,0.3,0.2,1.0000000000000002e-06
37,29,0.08928576856851578,0.012261830270290375,0.06662511825561523,0.28518199920654297,0.3,0.2,1.0000000000000002e-06
37,30,0.10453744232654572,0.004347315523773432,0.15874767303466797,0.26282909512519836,0.3,0.2,1.0000000000000002e-06
37,31,0.11996094137430191,0.004115647170692682,0.07717210054397583,0.4634683132171631,0.3,0.2,1.0000000000000002e-06
37,32,0.0876925140619278,0.0040697637014091015,0.21449482440948486,0.09637148678302765,0.3,0.2,1.0000000000000002e-06
37,33,0.05870148539543152,0.0031020224560052156,0.04963040351867676,0.20355170965194702,0.3,0.2,1.0000000000000002e-06
37,34,0.0493968166410923,0.001068590790964663,0.03218895196914673,0.1933576911687851,0.3,0.2,1.0000000000000002e-06
37,35,0.07476456463336945,0.0038633469957858324,0.11603456735610962,0.18045420944690704,0.3,0.2,1.0000000000000002e-06
37,36,0.10142412781715393,0.007746587973088026,0.2176327109336853,0.14193861186504364,0.3,0.2,1.0000000000000002e-06
37,37,0.05724451690912247,0.002615103032439947,0.08467751741409302,0.14613080024719238,0.3,0.2,1.0000000000000002e-06
37,38,0.06388399004936218,0.0034308976028114557,0.09669917821884155,0.15721671283245087,0.3,0.2,1.0000000000000002e-06
37,39,0.035233668982982635,0.0020067794248461723,0.046228229999542236,0.09679209440946579,0.3,0.2,1.0000000000000002e-06
37,40,0.05780540406703949,0.011082216165959835,0.04318326711654663,0.16884103417396545,0.3,0.2,1.0000000000000002e-06
37,41,0.2887531518936157,0.03323480486869812,0.5618689060211182,0.4347882568836212,0.3,0.2,1.0000000000000002e-06
37,42,0.09706349670886993,0.0034915548749268055,0.1476280689239502,0.2464175969362259,0.3,0.2,1.0000000000000002e-06
37,43,0.05397072061896324,0.001298083458095789,0.04435354471206665,0.19683286547660828,0.3,0.2,1.0000000000000002e-06
37,44,0.07937469333410263,0.003914040047675371,0.17565244436264038,0.11382459849119186,0.3,0.2,1.0000000000000002e-06
37,45,0.06900134682655334,0.005060850642621517,0.10173362493515015,0.16710203886032104,0.3,0.2,1.0000000000000002e-06
37,46,0.11398935317993164,0.009466313757002354,0.14118754863739014,0.3108338415622711,0.3,0.2,1.0000000000000002e-06
37,47,0.08905120939016342,0.010365467518568039,0.06673121452331543,0.2933318614959717,0.3,0.2,1.0000000000000002e-06
37,48,0.062135789543390274,0.0033421884290874004,0.030061841011047363,0.24887524545192719,0.3,0.2,1.0000000000000002e-06
37,49,0.061552830040454865,0.0028677156660705805,0.10904181003570557,0.12986284494400024,0.3,0.2,1.0000000000000002e-06
37,50,0.08486299961805344,0.013861858285963535,0.08703982830047607,0.22444595396518707,0.3,0.2,1.0000000000000002e-06
37,51,0.05925924330949783,0.0023282698821276426,0.118949294090271,0.10623091459274292,0.3,0.2,1.0000000000000002e-06
37,52,0.04689597338438034,0.002308557042852044,0.03632819652557373,0.16844479739665985,0.3,0.2,1.0000000000000002e-06
37,53,0.05837743356823921,0.004053832031786442,0.08307546377182007,0.14700479805469513,0.3,0.2,1.0000000000000002e-06
37,54,0.08328185975551605,0.011165727861225605,0.044207751750946045,0.29426902532577515,0.3,0.2,1.0000000000000002e-06
37,55,0.08062273263931274,0.0025843484327197075,0.19677746295928955,0.0950256958603859,0.3,0.2,1.0000000000000002e-06
37,56,0.23709504306316376,0.01380922831594944,0.3862915635108948,0.5369917154312134,0.3,0.2,1.0000000000000002e-06
37,57,0.07300441712141037,0.007568578701466322,0.05778908729553223,0.24049554765224457,0.3,0.2,1.0000000000000002e-06
37,58,0.06682483851909637,0.015156438574194908,0.04652196168899536,0.18855904042720795,0.3,0.2,1.0000000000000002e-06
37,59,0.10634336620569229,0.008532206527888775,0.13025617599487305,0.29367151856422424,0.3,0.2,1.0000000000000002e-06
37,60,0.04569654166698456,0.010517926886677742,0.04283785820007324,0.11163628846406937,0.3,0.2,1.0000000000000002e-06
37,61,0.10087830573320389,0.004858871456235647,0.11427056789398193,0.3086913228034973,0.3,0.2,1.0000000000000002e-06
37,62,0.09819838404655457,0.0045343730598688126,0.17495763301849365,0.20588359236717224,0.3,0.2,1.0000000000000002e-06
37,63,0.05425437539815903,0.005931612569838762,0.03407257795333862,0.19050493836402893,0.3,0.2,1.0000000000000002e-06
37,64,0.15010395646095276,0.007027917075902224,0.1988239884376526,0.41714414954185486,0.3,0.2,1.0000000000000002e-06
37,65,0.24266394972801208,0.017997831106185913,0.47157299518585205,0.4159710109233856,0.3,0.2,1.0000000000000002e-06
37,66,0.06692159175872803,0.011698015034198761,0.039936602115631104,0.21621298789978027,0.3,0.2,1.0000000000000002e-06
37,67,0.08337661623954773,0.009415218606591225,0.09736359119415283,0.22376160323619843,0.3,0.2,1.0000000000000002e-06
37,68,0.0915551707148552,0.009724166244268417,0.09824496507644653,0.2617875635623932,0.3,0.2,1.0000000000000002e-06
37,69,0.0814729630947113,0.004661120008677244,0.21278750896453857,0.0648779571056366,0.3,0.2,1.0000000000000002e-06
37,70,0.06881004571914673,0.005312925670295954,0.06491196155548096,0.22011765837669373,0.3,0.2,1.0000000000000002e-06
37,71,0.20113037526607513,0.010313079692423344,0.31040871143341064,0.48847338557243347,0.3,0.2,1.0000000000000002e-06
37,72,0.048001259565353394,0.0028782794252038,0.1043931245803833,0.0690252035856247,0.3,0.2,1.0000000000000002e-06
37,73,0.06505967676639557,0.0031575574539601803,0.07177990674972534,0.20184072852134705,0.3,0.2,1.0000000000000002e-06
37,74,0.04805172607302666,0.001537565840408206,0.045464515686035156,0.16437400877475739,0.3,0.2,1.0000000000000002e-06
37,75,0.08943594247102737,0.012026742100715637,0.072140634059906,0.2788350284099579,0.3,0.2,1.0000000000000002e-06
37,76,0.06379753351211548,0.0032059100922197104,0.11269289255142212,0.13391877710819244,0.3,0.2,1.0000000000000002e-06
37,77,0.04251640662550926,0.0032086048740893602,0.04415619373321533,0.1303047090768814,0.3,0.2,1.0000000000000002e-06
37,78,0.09382889419794083,0.003413474652916193,0.1357455849647522,0.24845869839191437,0.3,0.2,1.0000000000000002e-06
37,79,0.16363123059272766,0.005329242907464504,0.19434845447540283,0.49998727440834045,0.3,0.2,1.0000000000000002e-06
37,80,0.13720892369747162,0.005162306595593691,0.13581621646881104,0.45650872588157654,0.3,0.2,1.0000000000000002e-06
37,81,0.07161884009838104,0.008754684589803219,0.07522445917129517,0.2014840543270111,0.3,0.2,1.0000000000000002e-06
37,82,0.07748407870531082,0.004080505110323429,0.14570540189743042,0.1484597623348236,0.3,0.2,1.0000000000000002e-06
37,83,0.04976450651884079,0.0032204934395849705,0.0905420184135437,0.09690704196691513,0.3,0.2,1.0000000000000002e-06
37,84,0.09791658818721771,0.012204781174659729,0.08068853616714478,0.30752623081207275,0.3,0.2,1.0000000000000002e-06
37,85,0.039585478603839874,0.006213042419403791,0.034022510051727295,0.11582841724157333,0.3,0.2,1.0000000000000002e-06
37,86,0.0881028026342392,0.005193790420889854,0.1305810809135437,0.21867339313030243,0.3,0.2,1.0000000000000002e-06
37,87,0.054243553429841995,0.008293845690786839,0.038785457611083984,0.17157034575939178,0.3,0.2,1.0000000000000002e-06
37,88,0.1058158129453659,0.006089258939027786,0.13416969776153564,0.29737821221351624,0.3,0.2,1.0000000000000002e-06
37,89,0.26631465554237366,0.020138368010520935,0.5406116247177124,0.41996392607688904,0.3,0.2,1.0000000000000002e-06
37,90,0.05845855921506882,0.018067194148898125,0.04440397024154663,0.13535086810588837,0.3,0.2,1.0000000000000002e-06
37,91,0.05635947361588478,0.0013644254067912698,0.09415292739868164,0.13374584913253784,0.3,0.2,1.0000000000000002e-06
37,92,0.26328080892562866,0.020923534408211708,0.5506348013877869,0.38583412766456604,0.3,0.2,1.0000000000000002e-06
37,93,0.1186957061290741,0.008309783414006233,0.03798937797546387,0.4949455261230469,0.3,0.2,1.0000000000000002e-06
37,94,0.031579695641994476,0.004149258602410555,0.0355868935585022,0.08377183973789215,0.3,0.2,1.0000000000000002e-06
37,95,0.11577855050563812,0.011183463968336582,0.19114667177200317,0.2362554371356964,0.3,0.2,1.0000000000000002e-06
37,96,0.07687421888113022,0.0075717284344136715,0.13729405403137207,0.14057135581970215,0.3,0.2,1.0000000000000002e-06
37,97,0.13441887497901917,0.0063142417930066586,0.15810221433639526,0.40336984395980835,0.3,0.2,1.0000000000000002e-06
37,98,0.05579155683517456,0.0042100222781300545,0.05558967590332031,0.17452315986156464,0.3,0.2,1.0000000000000002e-06
38,0,0.0803469866514206,0.009439270943403244,0.09919309616088867,0.20574891567230225,0.3,0.2,1.0000000000000002e-06
38,1,0.07336137443780899,0.0038159263785928488,0.14393484592437744,0.13182497024536133,0.3,0.2,1.0000000000000002e-06
38,2,0.0809105783700943,0.003912472631782293,0.17564767599105835,0.12151899188756943,0.3,0.2,1.0000000000000002e-06
38,3,0.04915241897106171,0.0010068813571706414,0.030785083770751953,0.1945500522851944,0.3,0.2,1.0000000000000002e-06
38,4,0.05063735693693161,0.005929726641625166,0.0340651273727417,0.17244045436382294,0.3,0.2,1.0000000000000002e-06
38,5,0.08616575598716736,0.004257950931787491,0.1903199553489685,0.12405909597873688,0.3,0.2,1.0000000000000002e-06
38,6,0.0860433578491211,0.0043883295729756355,0.2128012776374817,0.08907315880060196,0.3,0.2,1.0000000000000002e-06
38,7,0.06257209181785583,0.0034306140150874853,0.09668302536010742,0.15068285167217255,0.3,0.2,1.0000000000000002e-06
38,8,0.11188023537397385,0.009466840885579586,0.14118057489395142,0.3002960979938507,0.3,0.2,1.0000000000000002e-06
38,9,0.08466848731040955,0.012264267541468143,0.06662929058074951,0.26207712292671204,0.3,0.2,1.0000000000000002e-06
38,10,0.08398264646530151,0.010359668172895908,0.06672579050064087,0.2680261731147766,0.3,0.2,1.0000000000000002e-06
38,11,0.08522351086139679,0.013862756080925465,0.0870327353477478,0.2262546569108963,0.3,0.2,1.0000000000000002e-06
38,12,0.10359062254428864,0.008531401865184307,0.13025414943695068,0.27991485595703125,0.3,0.2,1.0000000000000002e-06
38,13,0.04366499185562134,0.008291077800095081,0.0387800931930542,0.11869942396879196,0.3,0.2,1.0000000000000002e-06
38,14,0.05539020523428917,0.004052759613841772,0.08306479454040527,0.1320900321006775,0.3,0.2,1.0000000000000002e-06
38,15,0.058319754898548126,0.003340668510645628,0.03005826473236084,0.2298080325126648,0.3,0.2,1.0000000000000002e-06
38,16,0.1001804769039154,0.007287692744284868,0.21651369333267212,0.13969336450099945,0.3,0.2,1.0000000000000002e-06
38,17,0.09362001717090607,0.0038157447706907988,0.17542248964309692,0.18588760495185852,0.3,0.2,1.0000000000000002e-06
38,18,0.03680924326181412,0.0032093485351651907,0.04415494203567505,0.10176706314086914,0.3,0.2,1.0000000000000002e-06
38,19,0.0762656182050705,0.0023807333782315254,0.1387730836868286,0.1612648218870163,0.3,0.2,1.0000000000000002e-06
38,20,0.1787632703781128,0.00962909683585167,0.3476465940475464,0.32420098781585693,0.3,0.2,1.0000000000000002e-06
38,21,0.056652605533599854,0.008305108174681664,0.03799021244049072,0.1847521811723709,0.3,0.2,1.0000000000000002e-06
38,22,0.07636435329914093,0.01057277712970972,0.08839929103851318,0.19635894894599915,0.3,0.2,1.0000000000000002e-06
38,23,0.11391349136829376,0.011179440654814243,0.19112932682037354,0.22697626054286957,0.3,0.2,1.0000000000000002e-06
38,24,0.19789355993270874,0.011916528455913067,0.32073265314102173,0.4487861394882202,0.3,0.2,1.0000000000000002e-06
38,25,0.06883072853088379,0.0052304500713944435,0.08963686227798462,0.18354608118534088,0.3,0.2,1.0000000000000002e-06
38,26,0.0969378650188446,0.004580302629619837,0.15639632940292358,0.22719329595565796,0.3,0.2,1.0000000000000002e-06
38,27,0.061883240938186646,0.011695168912410736,0.03992664813995361,0.19105039536952972,0.3,0.2,1.0000000000000002e-06
38,28,0.03241359815001488,0.002005981979891658,0.046234726905822754,0.08268598467111588,0.3,0.2,1.0000000000000002e-06
38,29,0.0560467466711998,0.002613611752167344,0.08467316627502441,0.14015592634677887,0.3,0.2,1.0000000000000002e-06
38,30,0.08454863727092743,0.012022308073937893,0.07212460041046143,0.25444474816322327,0.3,0.2,1.0000000000000002e-06
38,31,0.16836094856262207,0.004678097553551197,0.23781955242156982,0.4616848826408386,0.3,0.2,1.0000000000000002e-06
38,32,0.08559685200452805,0.0034130371641367674,0.1357353925704956,0.20731598138809204,0.3,0.2,1.0000000000000002e-06
38,33,0.09680581837892532,0.003492955584079027,0.14762049913406372,0.24513356387615204,0.3,0.2,1.0000000000000002e-06
38,34,0.05863659828901291,0.00420890050008893,0.05554860830307007,0.18881556391716003,0.3,0.2,1.0000000000000002e-06
38,35,0.08844467252492905,0.001818917808122933,0.13843023777008057,0.22548340260982513,0.3,0.2,1.0000000000000002e-06
38,36,0.25779658555984497,0.02061961404979229,0.4957861304283142,0.44220566749572754,0.3,0.2,1.0000000000000002e-06
38,37,0.15452659130096436,0.004661450628191233,0.2527402639389038,0.3702152669429779,0.3,0.2,1.0000000000000002e-06
38,38,0.07766059041023254,0.009412623941898346,0.09734147787094116,0.19522759318351746,0.3,0.2,1.0000000000000002e-06
38,39,0.0656142607331276,0.007033979054540396,0.13178354501724243,0.09522610157728195,0.3,0.2,1.0000000000000002e-06
38,40,0.03242745250463486,0.0032546170987188816,0.041265904903411865,0.08396532386541367,0.3,0.2,1.0000000000000002e-06
38,41,0.05655036121606827,0.0028674586210399866,0.10903263092041016,0.10486553609371185,0.3,0.2,1.0000000000000002e-06
38,42,0.05219438672065735,0.0031541974749416113,0.07178002595901489,0.13753090798854828,0.3,0.2,1.0000000000000002e-06
38,43,0.07070394605398178,0.009350200183689594,0.07238906621932983,0.19818511605262756,0.3,0.2,1.0000000000000002e-06
38,44,0.04724925756454468,0.006369016598910093,0.031567156314849854,0.1570504754781723,0.3,0.2,1.0000000000000002e-06
38,45,0.05975276231765747,0.004882450681179762,0.11604297161102295,0.10028708726167679,0.3,0.2,1.0000000000000002e-06
38,46,0.13788627088069916,0.004837776534259319,0.13789761066436768,0.4583960473537445,0.3,0.2,1.0000000000000002e-06
38,47,0.09076404571533203,0.009720727801322937,0.09823399782180786,0.2578655779361725,0.3,0.2,1.0000000000000002e-06
38,48,0.09462127089500427,0.004497434012591839,0.14738142490386963,0.22954705357551575,0.3,0.2,1.0000000000000002e-06
38,49,0.11101673543453217,0.0045371041633188725,0.17495310306549072,0.26996850967407227,0.3,0.2,1.0000000000000002e-06
38,50,0.14087259769439697,0.006068078335374594,0.19875788688659668,0.3758857250213623,0.3,0.2,1.0000000000000002e-06
38,51,0.05092749744653702,0.001282449346035719,0.0944024920463562,0.10662150382995605,0.3,0.2,1.0000000000000002e-06
38,52,0.10908401757478714,0.004115039482712746,0.07716870307922363,0.4090918004512787,0.3,0.2,1.0000000000000002e-06
38,53,0.09409937262535095,0.01220434345304966,0.08067631721496582,0.2884606420993805,0.3,0.2,1.0000000000000002e-06
38,54,0.06667026877403259,0.0038609870243817568,0.11603379249572754,0.13999567925930023,0.3,0.2,1.0000000000000002e-06
38,55,0.08232416212558746,0.0025846578646451235,0.19675719738006592,0.10356172919273376,0.3,0.2,1.0000000000000002e-06
38,56,0.05491930991411209,0.0031007318757474422,0.04963481426239014,0.18464066088199615,0.3,0.2,1.0000000000000002e-06
38,57,0.0553554967045784,0.003219845239073038,0.0905340313911438,0.1248771995306015,0.3,0.2,1.0000000000000002e-06
38,58,0.30095961689949036,0.0224282369017601,0.5699511766433716,0.5377300977706909,0.3,0.2,1.0000000000000002e-06
38,59,0.16467376053333282,0.004410513676702976,0.1812303066253662,0.5294707417488098,0.3,0.2,1.0000000000000002e-06
38,60,0.07037898898124695,0.01108310092240572,0.04318714141845703,0.23169870674610138,0.3,0.2,1.0000000000000002e-06
38,61,0.05832304060459137,0.002328022150322795,0.11893641948699951,0.10157044231891632,0.3,0.2,1.0000000000000002e-06
38,62,0.07519003003835678,0.015161057934165001,0.046514272689819336,0.23037344217300415,0.3,0.2,1.0000000000000002e-06
38,63,0.04438437893986702,0.0062111676670610905,0.034010469913482666,0.13985034823417664,0.3,0.2,1.0000000000000002e-06
38,64,0.07625968754291534,0.005309193395078182,0.06489259004592896,0.2574135661125183,0.3,0.2,1.0000000000000002e-06
38,65,0.20058028399944305,0.009062684141099453,0.3714008331298828,0.4004867374897003,0.3,0.2,1.0000000000000002e-06
38,66,0.2589845061302185,0.017978399991989136,0.4726032018661499,0.49612563848495483,0.3,0.2,1.0000000000000002e-06
38,67,0.10614552348852158,0.006089961156249046,0.13416510820388794,0.2990301251411438,0.3,0.2,1.0000000000000002e-06
38,68,0.13130612671375275,0.005944408476352692,0.15477675199508667,0.3946434259414673,0.3,0.2,1.0000000000000002e-06
38,69,0.040178753435611725,0.0011589137138798833,0.04033476114273071,0.134597048163414,0.3,0.2,1.0000000000000002e-06
38,70,0.08223669230937958,0.0025120170321315527,0.1331193447113037,0.19894437491893768,0.3,0.2,1.0000000000000002e-06
38,71,0.06217949092388153,0.01807861402630806,0.04439288377761841,0.15391504764556885,0.3,0.2,1.0000000000000002e-06
38,72,0.06537096202373505,0.0075706597417593,0.13727563619613647,0.08308807015419006,0.3,0.2,1.0000000000000002e-06
38,73,0.05939453840255737,0.007564104627817869,0.057781994342803955,0.17247916758060455,0.3,0.2,1.0000000000000002e-06
38,74,0.0960598886013031,0.005809114780277014,0.13945931196212769,0.24206490814685822,0.3,0.2,1.0000000000000002e-06
38,75,0.04681333899497986,0.0014673650730401278,0.03245830535888672,0.17804239690303802,0.3,0.2,1.0000000000000002e-06
38,76,0.06051485985517502,0.0013645581202581525,0.09415364265441895,0.15452104806900024,0.3,0.2,1.0000000000000002e-06
38,77,0.09559189528226852,0.004069101996719837,0.21448272466659546,0.13588984310626984,0.3,0.2,1.0000000000000002e-06
38,78,0.04711785539984703,0.0028767299372702837,0.10437196493148804,0.06464767456054688,0.3,0.2,1.0000000000000002e-06
38,79,0.07561250776052475,0.008747188374400139,0.075198233127594,0.22152923047542572,0.3,0.2,1.0000000000000002e-06
38,80,0.2831780016422272,0.032715585082769394,0.5864781141281128,0.3725948929786682,0.3,0.2,1.0000000000000002e-06
38,81,0.12900517880916595,0.01036413386464119,0.2665408253669739,0.1933939903974533,0.3,0.2,1.0000000000000002e-06
38,82,0.05998604744672775,0.003320110496133566,0.07069379091262817,0.1772889792919159,0.3,0.2,1.0000000000000002e-06
38,83,0.09742719680070877,0.006350531708449125,0.13644087314605713,0.2507219910621643,0.3,0.2,1.0000000000000002e-06
38,84,0.19927117228507996,0.01088752131909132,0.31296980381011963,0.47246357798576355,0.3,0.2,1.0000000000000002e-06
38,85,0.05994098633527756,0.0032054518815129995,0.1126866340637207,0.11464770883321762,0.3,0.2,1.0000000000000002e-06
38,86,0.0885726809501648,0.005193117540329695,0.13059115409851074,0.22101107239723206,0.3,0.2,1.0000000000000002e-06
38,87,0.210735484957695,0.011398878879845142,0.35684412717819214,0.4614167809486389,0.3,0.2,1.0000000000000002e-06
38,88,0.09077209234237671,0.004854153376072645,0.11426359415054321,0.25819429755210876,0.3,0.2,1.0000000000000002e-06
38,89,0.06177375093102455,0.00506138801574707,0.10173076391220093,0.13096565008163452,0.3,0.2,1.0000000000000002e-06
38,90,0.055964186787605286,0.002306716050952673,0.03632611036300659,0.21379819512367249,0.3,0.2,1.0000000000000002e-06
38,91,0.11934204399585724,0.011385374702513218,0.17103129625320435,0.28323641419410706,0.3,0.2,1.0000000000000002e-06
38,92,0.06460778415203094,0.008232292719185352,0.03398996591567993,0.23089252412319183,0.3,0.2,1.0000000000000002e-06
38,93,0.07635161280632019,0.00254040420986712,0.16689199209213257,0.11871805042028427,0.3,0.2,1.0000000000000002e-06
38,94,0.040013525635004044,0.004151785746216774,0.03558772802352905,0.12592710554599762,0.3,0.2,1.0000000000000002e-06
38,95,0.07371818274259567,0.010513273999094963,0.04282867908477783,0.25178152322769165,0.3,0.2,1.0000000000000002e-06
38,96,0.2346290498971939,0.010817204602062702,0.3768630623817444,0.5537645816802979,0.3,0.2,1.0000000000000002e-06
38,97,0.05751233175396919,0.011163843795657158,0.04419821500778198,0.16544510424137115,0.3,0.2,1.0000000000000002e-06
38,98,0.045864738523960114,0.0014640383888036013,0.04184645414352417,0.15923380851745605,0.3,0.2,1.0000000000000002e-06
39,0,0.06040049344301224,0.002616076497361064,0.08467626571655273,0.16190767288208008,0.3,0.2,1.0000000000000002e-06
39,1,0.08942128717899323,0.012013816274702549,0.07209795713424683,0.2788904011249542,0.3,0.2,1.0000000000000002e-06
39,2,0.049582596868276596,0.003154236124828458,0.07177609205245972,0.12447765469551086,0.3,0.2,1.0000000000000002e-06
39,3,0.08983516693115234,0.0025106845423579216,0.13311511278152466,0.23694971203804016,0.3,0.2,1.0000000000000002e-06
39,4,0.05762731656432152,0.011161664500832558,0.04419320821762085,0.16603843867778778,0.3,0.2,1.0000000000000002e-06
39,5,0.07758857309818268,0.0018168521346524358,0.13839119672775269,0.17127178609371185,0.3,0.2,1.0000000000000002e-06
39,6,0.05837828293442726,0.002325724810361862,0.11892300844192505,0.10187827050685883,0.3,0.2,1.0000000000000002e-06
39,7,0.04586128145456314,0.0031007579527795315,0.049626708030700684,0.13936254382133484,0.3,0.2,1.0000000000000002e-06
39,8,0.20219095051288605,0.010400180704891682,0.32030999660491943,0.4784888029098511,0.3,0.2,1.0000000000000002e-06
39,9,0.05935096740722656,0.006365740671753883,0.031559646129608154,0.2175866663455963,0.3,0.2,1.0000000000000002e-06
39,10,0.044938597828149796,0.0010667266324162483,0.03181564807891846,0.17163586616516113,0.3,0.2,1.0000000000000002e-06
39,11,0.09126582741737366,0.004069217946380377,0.21448326110839844,0.11425816267728806,0.3,0.2,1.0000000000000002e-06
39,12,0.10608815401792526,0.0060828509740531445,0.13412874937057495,0.29883337020874023,0.3,0.2,1.0000000000000002e-06
39,13,0.1923932582139969,0.00818606000393629,0.3512011170387268,0.394234299659729,0.3,0.2,1.0000000000000002e-06
39,14,0.08465889096260071,0.01386374793946743,0.08702355623245239,0.22344036400318146,0.3,0.2,1.0000000000000002e-06
39,15,0.08636005967855453,0.010366177186369896,0.06672334671020508,0.27988436818122864,0.3,0.2,1.0000000000000002e-06
39,16,0.08463293313980103,0.009432290680706501,0.0972902774810791,0.23006778955459595,0.3,0.2,1.0000000000000002e-06
39,17,0.07537518441677094,0.007570786401629448,0.1372876763343811,0.13309045135974884,0.3,0.2,1.0000000000000002e-06
39,18,0.07181622087955475,0.009351535700261593,0.07238954305648804,0.20373907685279846,0.3,0.2,1.0000000000000002e-06
39,19,0.13371151685714722,0.004661062732338905,0.2527045011520386,0.26619547605514526,0.3,0.2,1.0000000000000002e-06
39,20,0.04574238508939743,0.0016515093157067895,0.033951520919799805,0.1695270836353302,0.3,0.2,1.0000000000000002e-06
39,21,0.10217095911502838,0.004359357990324497,0.15771758556365967,0.2524816393852234,0.3,0.2,1.0000000000000002e-06
39,22,0.07914449274539948,0.0034310761839151382,0.0966762900352478,0.23355264961719513,0.3,0.2,1.0000000000000002e-06
39,23,0.08827443420886993,0.003412682330235839,0.13573980331420898,0.22069907188415527,0.3,0.2,1.0000000000000002e-06
39,24,0.08838315308094025,0.007035823538899422,0.13179588317871094,0.20904280245304108,0.3,0.2,1.0000000000000002e-06
39,25,0.06017148494720459,0.002867660019546747,0.10902738571166992,0.12297803163528442,0.3,0.2,1.0000000000000002e-06
39,26,0.03905054181814194,0.0012506329221650958,0.0430607795715332,0.12440837174654007,0.3,0.2,1.0000000000000002e-06
39,27,0.1295943409204483,0.005404862109571695,0.13042223453521729,0.4253140389919281,0.3,0.2,1.0000000000000002e-06
39,28,0.08323957026004791,0.005192317999899387,0.13058680295944214,0.1943560689687729,0.3,0.2,1.0000000000000002e-06
39,29,0.08556035906076431,0.002437570132315159,0.13868629932403564,0.20758450031280518,0.3,0.2,1.0000000000000002e-06
39,30,0.08079676330089569,0.004498942289501429,0.1473960280418396,0.1603950411081314,0.3,0.2,1.0000000000000002e-06
39,31,0.08457455039024353,0.012272927910089493,0.06664848327636719,0.2615354061126709,0.3,0.2,1.0000000000000002e-06
39,32,0.3066612482070923,0.02217467688024044,0.6021849513053894,0.5191553831100464,0.3,0.2,1.0000000000000002e-06
39,33,0.05052577331662178,0.008231444284319878,0.033987343311309814,0.16049063205718994,0.3,0.2,1.0000000000000002e-06
39,34,0.031163044273853302,0.0032549279276281595,0.04126262664794922,0.0776466354727745,0.3,0.2,1.0000000000000002e-06
39,35,0.07111187279224396,0.0052302563562989235,0.08962911367416382,0.1949644237756729,0.3,0.2,1.0000000000000002e-06
39,36,0.09742353111505508,0.007394797634333372,0.22191834449768066,0.11726614087820053,0.3,0.2,1.0000000000000002e-06
39,37,0.039963286370038986,0.004151042550802231,0.035583555698394775,0.1256858855485916,0.3,0.2,1.0000000000000002e-06
39,38,0.28647029399871826,0.01992028020322323,0.5472314357757568,0.511902928352356,0.3,0.2,1.0000000000000002e-06
39,39,0.0643264651298523,0.0013640979304909706,0.09415066242218018,0.17358584702014923,0.3,0.2,1.0000000000000002e-06
39,40,0.14062820374965668,0.010363447479903698,0.2665103077888489,0.2515583038330078,0.3,0.2,1.0000000000000002e-06
39,41,0.08547092974185944,0.009724961593747139,0.09824788570404053,0.23135802149772644,0.3,0.2,1.0000000000000002e-06
39,42,0.09727011620998383,0.01050997618585825,0.042810916900634766,0.369584321975708,0.3,0.2,1.0000000000000002e-06
39,43,0.06885304301977158,0.0032058781944215298,0.11268192529678345,0.15921293199062347,0.3,0.2,1.0000000000000002e-06
39,44,0.09465371817350388,0.012199139222502708,0.08064699172973633,0.2913023829460144,0.3,0.2,1.0000000000000002e-06
39,45,0.05212540179491043,0.004054288379848003,0.08304953575134277,0.1157812550663948,0.3,0.2,1.0000000000000002e-06
39,46,0.04649978131055832,0.008287577889859676,0.03876441717147827,0.13291437923908234,0.3,0.2,1.0000000000000002e-06
39,47,0.11370501667261124,0.011180092580616474,0.191117525100708,0.22594831883907318,0.3,0.2,1.0000000000000002e-06
39,48,0.07705322653055191,0.01057178433984518,0.0883830189704895,0.19983266294002533,0.3,0.2,1.0000000000000002e-06
39,49,0.05392177402973175,0.0033184466883540154,0.07068949937820435,0.14698240160942078,0.3,0.2,1.0000000000000002e-06
39,50,0.08685818314552307,0.0038451531436294317,0.17376381158828735,0.1544194221496582,0.3,0.2,1.0000000000000002e-06
39,51,0.07714542746543884,0.011692431755363941,0.03993350267410278,0.2673647105693817,0.3,0.2,1.0000000000000002e-06
39,52,0.07443733513355255,0.00531114311888814,0.06489402055740356,0.24828989803791046,0.3,0.2,1.0000000000000002e-06
39,53,0.06193419173359871,0.005058536306023598,0.10171955823898315,0.13179892301559448,0.3,0.2,1.0000000000000002e-06
39,54,0.06839737296104431,0.0033374137710779905,0.03005063533782959,0.2802238464355469,0.3,0.2,1.0000000000000002e-06
39,55,0.05605880916118622,0.002877781167626381,0.10436093807220459,0.10936371237039566,0.3,0.2,1.0000000000000002e-06
39,56,0.09531901776790619,0.003490132512524724,0.14758962392807007,0.23775999248027802,0.3,0.2,1.0000000000000002e-06
39,57,0.05210457742214203,0.003207831410691142,0.04414236545562744,0.178270161151886,0.3,0.2,1.0000000000000002e-06
39,58,0.08288906514644623,0.0024103920441120863,0.17212367057800293,0.14420786499977112,0.3,0.2,1.0000000000000002e-06
39,59,0.2099103182554245,0.00942051038146019,0.3440941572189331,0.4863077998161316,0.3,0.2,1.0000000000000002e-06
39,60,0.057245638221502304,0.004880925174802542,0.11604267358779907,0.08775954693555832,0.3,0.2,1.0000000000000002e-06
39,61,0.08090104162693024,0.009438259527087212,0.09917545318603516,0.20855073630809784,0.3,0.2,1.0000000000000002e-06
39,62,0.08162151277065277,0.0038626412861049175,0.11601173877716064,0.21477670967578888,0.3,0.2,1.0000000000000002e-06
39,63,0.09260007739067078,0.0058051967062056065,0.1394292712211609,0.2248304784297943,0.3,0.2,1.0000000000000002e-06
39,64,0.08230750262737274,0.0025836359709501266,0.1967397928237915,0.10350963473320007,0.3,0.2,1.0000000000000002e-06
39,65,0.04803454875946045,0.0023061183746904135,0.036325156688690186,0.17415441572666168,0.3,0.2,1.0000000000000002e-06
39,66,0.18289650976657867,0.004315586294978857,0.1953856348991394,0.5998261570930481,0.3,0.2,1.0000000000000002e-06
39,67,0.10515548288822174,0.004114960785955191,0.07715499401092529,0.38947010040283203,0.3,0.2,1.0000000000000002e-06
39,68,0.07228292524814606,0.0075631518848240376,0.0577777624130249,0.23693224787712097,0.3,0.2,1.0000000000000002e-06
39,69,0.1331993043422699,0.005393908359110355,0.20391827821731567,0.3331494927406311,0.3,0.2,1.0000000000000002e-06
39,70,0.11886849254369736,0.011386173777282238,0.17101842164993286,0.28088393807411194,0.3,0.2,1.0000000000000002e-06
39,71,0.08323308080434799,0.00874391384422779,0.07518267631530762,0.25967180728912354,0.3,0.2,1.0000000000000002e-06
39,72,0.08130186796188354,0.003913217224180698,0.17562639713287354,0.1235036700963974,0.3,0.2,1.0000000000000002e-06
39,73,0.21761494874954224,0.012973248958587646,0.3789978623390198,0.4547116458415985,0.3,0.2,1.0000000000000002e-06
39,74,0.1127181202173233,0.00946903321892023,0.14118272066116333,0.30447134375572205,0.3,0.2,1.0000000000000002e-06
39,75,0.05350431799888611,0.0032168878242373466,0.09050416946411133,0.11568091064691544,0.3,0.2,1.0000000000000002e-06
39,76,0.15597443282604218,0.004280196502804756,0.23022335767745972,0.4131361246109009,0.3,0.2,1.0000000000000002e-06
39,77,0.07878801226615906,0.004711715038865805,0.21391713619232178,0.04950575903058052,0.3,0.2,1.0000000000000002e-06
39,78,0.04509524255990982,0.001425251248292625,0.04372727870941162,0.15275903046131134,0.3,0.2,1.0000000000000002e-06
39,79,0.063203826546669,0.018076155334711075,0.04439610242843628,0.15904420614242554,0.3,0.2,1.0000000000000002e-06
39,80,0.28666406869888306,0.03419451415538788,0.5718134641647339,0.4046275317668915,0.3,0.2,1.0000000000000002e-06
39,81,0.0530545748770237,0.004206608049571514,0.055547118186950684,0.16091914474964142,0.3,0.2,1.0000000000000002e-06
39,82,0.0691603571176529,0.011082025244832039,0.043184757232666016,0.225614532828331,0.3,0.2,1.0000000000000002e-06
39,83,0.2508850693702698,0.018941495567560196,0.5098097324371338,0.3950032889842987,0.3,0.2,1.0000000000000002e-06
39,84,0.11036425828933716,0.004532152321189642,0.1749051809310913,0.26680275797843933,0.3,0.2,1.0000000000000002e-06
39,85,0.0411723367869854,0.00621461309492588,0.03400498628616333,0.12378112971782684,0.3,0.2,1.0000000000000002e-06
39,86,0.215658500790596,0.008596298284828663,0.39366716146469116,0.44481024146080017,0.3,0.2,1.0000000000000002e-06
39,87,0.2034226655960083,0.01127647515386343,0.33684128522872925,0.45546895265579224,0.3,0.2,1.0000000000000002e-06
39,88,0.052817776799201965,0.0012825431767851114,0.09439629316329956,0.11608172208070755,0.3,0.2,1.0000000000000002e-06
39,89,0.10657750070095062,0.008531843312084675,0.13025039434432983,0.29485270380973816,0.3,0.2,1.0000000000000002e-06
39,90,0.13286036252975464,0.005708787590265274,0.163679838180542,0.39023810625076294,0.3,0.2,1.0000000000000002e-06
39,91,0.0729634165763855,0.015154181979596615,0.04649639129638672,0.21930156648159027,0.3,0.2,1.0000000000000002e-06
39,92,0.09948380291461945,0.00485256826505065,0.11424332857131958,0.30179116129875183,0.3,0.2,1.0000000000000002e-06
39,93,0.04547910392284393,0.0059298002161085606,0.03406041860580444,0.1466558873653412,0.3,0.2,1.0000000000000002e-06
39,94,0.07158121466636658,0.0038362855557352304,0.1408892273902893,0.1273907870054245,0.3,0.2,1.0000000000000002e-06
39,95,0.10590879619121552,0.006349347066134214,0.13642925024032593,0.2931533455848694,0.3,0.2,1.0000000000000002e-06
39,96,0.07753583788871765,0.008308721706271172,0.03797793388366699,0.28916865587234497,0.3,0.2,1.0000000000000002e-06
39,97,0.08785820007324219,0.004687770735472441,0.19284361600875854,0.1265867054462433,0.3,0.2,1.0000000000000002e-06
39,98,0.034499309957027435,0.002006119815632701,0.04621422290802002,0.09314462542533875,0.3,0.2,1.0000000000000002e-06
40,0,0.08159838616847992,0.004309137351810932,0.21560555696487427,0.06303786486387253,0.3,0.2,1.0000000000000002e-07
40,1,0.09527260065078735,0.005801565945148468,0.1393972635269165,0.23825925588607788,0.3,0.2,1.0000000000000002e-07
40,2,0.2055501639842987,0.009080939926207066,0.28569769859313965,0.5537995100021362,0.3,0.2,1.0000000000000002e-07
40,3,0.08944173157215118,0.013863947242498398,0.0870060920715332,0.24737977981567383,0.3,0.2,1.0000000000000002e-07
40,4,0.07368353009223938,0.011157381348311901,0.044178128242492676,0.24636352062225342,0.3,0.2,1.0000000000000002e-07
40,5,0.07885423302650452,0.01057036966085434,0.08836662769317627,0.20886938273906708,0.3,0.2,1.0000000000000002e-07
40,6,0.07409309595823288,0.007569449488073587,0.1372743844985962,0.12670664489269257,0.3,0.2,1.0000000000000002e-07
40,7,0.07826606184244156,0.005230766721069813,0.08961719274520874,0.2307506799697876,0.3,0.2,1.0000000000000002e-07
40,8,0.03454514592885971,0.0020064469426870346,0.046213388442993164,0.09337341040372849,0.3,0.2,1.0000000000000002e-07
40,9,0.04135026037693024,0.001259509357623756,0.0421525239944458,0.1372249573469162,0.3,0.2,1.0000000000000002e-07
40,10,0.08565221726894379,0.012012320570647717,0.07208490371704102,0.26007211208343506,0.3,0.2,1.0000000000000002e-07
40,11,0.2637500762939453,0.01984923519194126,0.5452331900596619,0.40165430307388306,0.3,0.2,1.0000000000000002e-07
40,12,0.057062916457653046,0.0013628440210595727,0.0941428542137146,0.13728606700897217,0.3,0.2,1.0000000000000002e-07
40,13,0.05515998601913452,0.010503762401640415,0.042796432971954346,0.1590864658355713,0.3,0.2,1.0000000000000002e-07
40,14,0.10509033501148224,0.003488720627501607,0.1475616693496704,0.28666555881500244,0.3,0.2,1.0000000000000002e-07
40,15,0.0752151682972908,0.002511577447876334,0.13309603929519653,0.16387389600276947,0.3,0.2,1.0000000000000002e-07
40,16,0.04996887594461441,0.002877845661714673,0.1043466329574585,0.07893519848585129,0.3,0.2,1.0000000000000002e-07
40,17,0.04567974433302879,0.0010120574152097106,0.03150969743728638,0.17607389390468597,0.3,0.2,1.0000000000000002e-07
40,18,0.03160807490348816,0.0032560157123953104,0.04126012325286865,0.07987008988857269,0.3,0.2,1.0000000000000002e-07
40,19,0.057626090943813324,0.002866391558200121,0.10901927947998047,0.11026959121227264,0.3,0.2,1.0000000000000002e-07
40,20,0.07830570638179779,0.009403711184859276,0.09727823734283447,0.19859260320663452,0.3,0.2,1.0000000000000002e-07
40,21,0.1033603698015213,0.006348499562591314,0.13642549514770508,0.28042110800743103,0.3,0.2,1.0000000000000002e-07
40,22,0.06502676755189896,0.0032055401243269444,0.11268121004104614,0.14008431136608124,0.3,0.2,1.0000000000000002e-07
40,23,0.09702537953853607,0.004159263800829649,0.16034537553787231,0.2238125056028366,0.3,0.2,1.0000000000000002e-07
40,24,0.09192726016044617,0.003963016904890537,0.18091577291488647,0.16844752430915833,0.3,0.2,1.0000000000000002e-07
40,25,0.04712691530585289,0.005929047707468271,0.03405427932739258,0.15490791201591492,0.3,0.2,1.0000000000000002e-07
40,26,0.0933828055858612,0.00972280465066433,0.09822815656661987,0.27095773816108704,0.3,0.2,1.0000000000000002e-07
40,27,0.1914139688014984,0.01089863944798708,0.3225387930870056,0.41876843571662903,0.3,0.2,1.0000000000000002e-07
40,28,0.07643377780914307,0.003863611724227667,0.11599332094192505,0.18886086344718933,0.3,0.2,1.0000000000000002e-07
40,29,0.11058825254440308,0.011182243004441261,0.19111520051956177,0.21035721898078918,0.3,0.2,1.0000000000000002e-07
40,30,0.10637331753969193,0.004850579891353846,0.11423718929290771,0.3362578749656677,0.3,0.2,1.0000000000000002e-07
40,31,0.08605241775512695,0.0018158085877075791,0.13837790489196777,0.21361616253852844,0.3,0.2,1.0000000000000002e-07
40,32,0.08232960104942322,0.005185426212847233,0.13056987524032593,0.1898660510778427,0.3,0.2,1.0000000000000002e-07
40,33,0.05508754774928093,0.004204981494694948,0.055540621280670166,0.1711018830537796,0.3,0.2,1.0000000000000002e-07
40,34,0.049466393887996674,0.008226335048675537,0.033980607986450195,0.155229389667511,0.3,0.2,1.0000000000000002e-07
40,35,0.058363836258649826,0.011690656654536724,0.03991830348968506,0.17348843812942505,0.3,0.2,1.0000000000000002e-07
40,36,0.13388586044311523,0.006024138070642948,0.20226645469665527,0.3359088897705078,0.3,0.2,1.0000000000000002e-07
40,37,0.2638092339038849,0.01913321204483509,0.5234912633895874,0.43814319372177124,0.3,0.2,1.0000000000000002e-07
40,38,0.1570836305618286,0.0037544267252087593,0.16896313428878784,0.5132013559341431,0.3,0.2,1.0000000000000002e-07
40,39,0.05132310837507248,0.003157971426844597,0.07177633047103882,0.13316118717193604,0.3,0.2,1.0000000000000002e-07
40,40,0.08470283448696136,0.008736347779631615,0.07515698671340942,0.26709693670272827,0.3,0.2,1.0000000000000002e-07
40,41,0.05940481275320053,0.0034310854971408844,0.096676766872406,0.13485348224639893,0.3,0.2,1.0000000000000002e-07
40,42,0.0702672153711319,0.0039454977959394455,0.14273810386657715,0.11750141531229019,0.3,0.2,1.0000000000000002e-07
40,43,0.07940095663070679,0.002669568406417966,0.1722366213798523,0.1253020018339157,0.3,0.2,1.0000000000000002e-07
40,44,0.18895135819911957,0.011697030626237392,0.31490111351013184,0.41391995549201965,0.3,0.2,1.0000000000000002e-07
40,45,0.06591136753559113,0.0023247739300131798,0.11889821290969849,0.13958564400672913,0.3,0.2,1.0000000000000002e-07
40,46,0.20590391755104065,0.008755497634410858,0.3737528324127197,0.42511284351348877,0.3,0.2,1.0000000000000002e-07
40,47,0.08849085867404938,0.0044996351934969425,0.14740252494812012,0.1988522857427597,0.3,0.2,1.0000000000000002e-07
40,48,0.06242569908499718,0.001557723619043827,0.032977163791656494,0.2548741400241852,0.3,0.2,1.0000000000000002e-07
40,49,0.09976521879434586,0.004115171264857054,0.07714670896530151,0.3625301420688629,0.3,0.2,1.0000000000000002e-07
40,50,0.11360321938991547,0.009468692354857922,0.14117825031280518,0.3089052438735962,0.3,0.2,1.0000000000000002e-07
40,51,0.13625821471214294,0.006342471577227116,0.13003385066986084,0.45452794432640076,0.3,0.2,1.0000000000000002e-07
40,52,0.07012391090393066,0.01807255484163761,0.04438924789428711,0.19367292523384094,0.3,0.2,1.0000000000000002e-07
40,53,0.05476265773177147,0.006212261505424976,0.03399491310119629,0.1917596161365509,0.3,0.2,1.0000000000000002e-07
40,54,0.08966626226902008,0.004068164620548487,0.2144642472267151,0.10629408061504364,0.3,0.2,1.0000000000000002e-07
40,55,0.20103877782821655,0.00876639038324356,0.3572189211845398,0.4255335032939911,0.3,0.2,1.0000000000000002e-07
40,56,0.08928225934505463,0.003413208294659853,0.1357385516166687,0.22573742270469666,0.3,0.2,1.0000000000000002e-07
40,57,0.21605747938156128,0.013650008477270603,0.3836977481842041,0.4364907443523407,0.3,0.2,1.0000000000000002e-07
40,58,0.12902557849884033,0.004659234546124935,0.2526852488517761,0.24280381202697754,0.3,0.2,1.0000000000000002e-07
40,59,0.06918205320835114,0.005061118397861719,0.10171401500701904,0.1680336743593216,0.3,0.2,1.0000000000000002e-07
40,60,0.04928310960531235,0.0012826122110709548,0.09439641237258911,0.09840785712003708,0.3,0.2,1.0000000000000002e-07
40,61,0.05397618189454079,0.0026157971005886793,0.08466774225234985,0.12980030477046967,0.3,0.2,1.0000000000000002e-07
40,62,0.10287259519100189,0.004528325982391834,0.17486560344696045,0.2294229120016098,0.3,0.2,1.0000000000000002e-07
40,63,0.06197093054652214,0.00405467115342617,0.08303511142730713,0.1650286167860031,0.3,0.2,1.0000000000000002e-07
40,64,0.055124431848526,0.006366580259054899,0.03155779838562012,0.1964525729417801,0.3,0.2,1.0000000000000002e-07
40,65,0.2940976023674011,0.024037806317210197,0.6262931823730469,0.410859078168869,0.3,0.2,1.0000000000000002e-07
40,66,0.1390441358089447,0.006220812443643808,0.15365135669708252,0.4336395263671875,0.3,0.2,1.0000000000000002e-07
40,67,0.037983328104019165,0.0032084397971630096,0.04413849115371704,0.10766669362783432,0.3,0.2,1.0000000000000002e-07
40,68,0.07653078436851501,0.005309338681399822,0.06488335132598877,0.25878217816352844,0.3,0.2,1.0000000000000002e-07
40,69,0.16171976923942566,0.004808788187801838,0.22743874788284302,0.4433967173099518,0.3,0.2,1.0000000000000002e-07
40,70,0.10723452270030975,0.007514691445976496,0.22059917449951172,0.1677003800868988,0.3,0.2,1.0000000000000002e-07
40,71,0.10662391781806946,0.0113816624507308,0.1709931492805481,0.21972152590751648,0.3,0.2,1.0000000000000002e-07
40,72,0.0794462263584137,0.009437251836061478,0.09916222095489502,0.20130155980587006,0.3,0.2,1.0000000000000002e-07
40,73,0.09569057822227478,0.012195718474686146,0.08062857389450073,0.29653140902519226,0.3,0.2,1.0000000000000002e-07
40,74,0.041982170194387436,0.001356552354991436,0.04101639986038208,0.141603484749794,0.3,0.2,1.0000000000000002e-07
40,75,0.06078028678894043,0.004881750326603651,0.11604160070419312,0.10543028265237808,0.3,0.2,1.0000000000000002e-07
40,76,0.28110483288764954,0.029510604217648506,0.5507462024688721,0.4318518042564392,0.3,0.2,1.0000000000000002e-07
40,77,0.06839374452829361,0.009350377134978771,0.07238626480102539,0.18663743138313293,0.3,0.2,1.0000000000000002e-07
40,78,0.088250070810318,0.012269855476915836,0.06663620471954346,0.27994677424430847,0.3,0.2,1.0000000000000002e-07
40,79,0.10730604827404022,0.008532528765499592,0.13024848699569702,0.2984948456287384,0.3,0.2,1.0000000000000002e-07
40,80,0.05533092841506004,0.0030994396656751633,0.049623966217041016,0.18672148883342743,0.3,0.2,1.0000000000000002e-07
40,81,0.07005247473716736,0.015151145868003368,0.046484172344207764,0.20478038489818573,0.3,0.2,1.0000000000000002e-07
40,82,0.0873677209019661,0.003336239606142044,0.030045688152313232,0.3750888705253601,0.3,0.2,1.0000000000000002e-07
40,83,0.05293183773756027,0.003219472011551261,0.09049445390701294,0.11282014101743698,0.3,0.2,1.0000000000000002e-07
40,84,0.08167200535535812,0.002583502558991313,0.19674450159072876,0.10032573342323303,0.3,0.2,1.0000000000000002e-07
40,85,0.06633328646421432,0.008311622776091099,0.03797537088394165,0.23314526677131653,0.3,0.2,1.0000000000000002e-07
40,86,0.046278614550828934,0.00828423909842968,0.038755834102630615,0.1318381279706955,0.3,0.2,1.0000000000000002e-07
40,87,0.07744567096233368,0.003913033753633499,0.1756281852722168,0.1042209193110466,0.3,0.2,1.0000000000000002e-07
40,88,0.09515818953514099,0.006081326864659786,0.13411074876785278,0.24421818554401398,0.3,0.2,1.0000000000000002e-07
40,89,0.07625754922628403,0.011080528609454632,0.043179214000701904,0.26111626625061035,0.3,0.2,1.0000000000000002e-07
40,90,0.064948171377182,0.003316809656098485,0.07067453861236572,0.20214499533176422,0.3,0.2,1.0000000000000002e-07
40,91,0.05882047116756439,0.007566841319203377,0.05777806043624878,0.16960106790065765,0.3,0.2,1.0000000000000002e-07
40,92,0.1512708216905594,0.010362224653363228,0.2664843797683716,0.3048163950443268,0.3,0.2,1.0000000000000002e-07
40,93,0.07797494530677795,0.01036474946886301,0.06671565771102905,0.23797746002674103,0.3,0.2,1.0000000000000002e-07
40,94,0.08552446961402893,0.004517512861639261,0.19659101963043213,0.11014821380376816,0.3,0.2,1.0000000000000002e-07
40,95,0.06607172638177872,0.007035896647721529,0.13179945945739746,0.09747994691133499,0.3,0.2,1.0000000000000002e-07
40,96,0.046857498586177826,0.0023073197808116674,0.03632545471191406,0.16826269030570984,0.3,0.2,1.0000000000000002e-07
40,97,0.08677798509597778,0.0023994126822799444,0.14112263917922974,0.210208922624588,0.3,0.2,1.0000000000000002e-07
40,98,0.03524427488446236,0.004153081215918064,0.03558558225631714,0.10207758843898773,0.3,0.2,1.0000000000000002e-07
41,0,0.04866447672247887,0.0012824545847252011,0.0943918228149414,0.09532236307859421,0.3,0.2,1.0000000000000002e-07
41,1,0.08028820157051086,0.010571441613137722,0.08836853504180908,0.21603098511695862,0.3,0.2,1.0000000000000002e-07
41,2,0.04688102751970291,0.0023071488831192255,0.036324918270111084,0.16838201880455017,0.3,0.2,1.0000000000000002e-07
41,3,0.07226455211639404,0.003912731073796749,0.1756255030632019,0.07832083851099014,0.3,0.2,1.0000000000000002e-07
41,4,0.05013222247362137,0.0033165370114147663,0.07067525386810303,0.1280655413866043,0.3,0.2,1.0000000000000002e-07
41,5,0.16077746450901031,0.005148924421519041,0.22519594430923462,0.440348744392395,0.3,0.2,1.0000000000000002e-07
41,6,0.09049621224403381,0.00943718571215868,0.09915989637374878,0.2565552890300751,0.3,0.2,1.0000000000000002e-07
41,7,0.04974842071533203,0.006364657077938318,0.031558334827423096,0.16958129405975342,0.3,0.2,1.0000000000000002e-07
41,8,0.07023970037698746,0.003430988173931837,0.09666711091995239,0.18904289603233337,0.3,0.2,1.0000000000000002e-07
41,9,0.05967570096254349,0.001362875453196466,0.09414291381835938,0.15034976601600647,0.3,0.2,1.0000000000000002e-07
41,10,0.07461028546094894,0.01036539115011692,0.06671702861785889,0.22114892303943634,0.3,0.2,1.0000000000000002e-07
41,11,0.10577793419361115,0.007704529445618391,0.2187371850013733,0.1622612178325653,0.3,0.2,1.0000000000000002e-07
41,12,0.26711249351501465,0.020150907337665558,0.5013390779495239,0.4827991724014282,0.3,0.2,1.0000000000000002e-07
41,13,0.25819799304008484,0.022069770842790604,0.5498474836349487,0.35586994886398315,0.3,0.2,1.0000000000000002e-07
41,14,0.05120066553354263,0.0028796277474611998,0.10435032844543457,0.08507967740297318,0.3,0.2,1.0000000000000002e-07
41,15,0.07584737241268158,0.001815882045775652,0.13836973905563354,0.16260284185409546,0.3,0.2,1.0000000000000002e-07
41,16,0.08302012830972672,0.012270224280655384,0.06663787364959717,0.2537927031517029,0.3,0.2,1.0000000000000002e-07
41,17,0.06096963584423065,0.0032055778428912163,0.11268037557601929,0.11979970335960388,0.3,0.2,1.0000000000000002e-07
41,18,0.06826773285865784,0.0023251515813171864,0.11890262365341187,0.151358962059021,0.3,0.2,1.0000000000000002e-07
41,19,0.046986304223537445,0.0015614998992532492,0.032095909118652344,0.17898015677928925,0.3,0.2,1.0000000000000002e-07
41,20,0.055952757596969604,0.002618628554046154,0.0846703052520752,0.13966518640518188,0.3,0.2,1.0000000000000002e-07
41,21,0.2624336779117584,0.017358379438519478,0.45516717433929443,0.5426257252693176,0.3,0.2,1.0000000000000002e-07
41,22,0.05382097512483597,0.004204078111797571,0.05553561449050903,0.16478106379508972,0.3,0.2,1.0000000000000002e-07
41,23,0.09083960205316544,0.0034133384469896555,0.13573747873306274,0.2335250973701477,0.3,0.2,1.0000000000000002e-07
41,24,0.045273780822753906,0.000986199826002121,0.030336618423461914,0.17593297362327576,0.3,0.2,1.0000000000000002e-07
41,25,0.19883523881435394,0.008277305401861668,0.3774622678756714,0.3865962326526642,0.3,0.2,1.0000000000000002e-07
41,26,0.09045683592557907,0.00406814506277442,0.2144632339477539,0.11024858802556992,0.3,0.2,1.0000000000000002e-07
41,27,0.13965943455696106,0.005744652356952429,0.1541329026222229,0.4383745789527893,0.3,0.2,1.0000000000000002e-07
41,28,0.04622547701001167,0.003208741545677185,0.04413950443267822,0.1488744169473648,0.3,0.2,1.0000000000000002e-07
41,29,0.07707279920578003,0.0038288584910333157,0.1434839367866516,0.15099379420280457,0.3,0.2,1.0000000000000002e-07
41,30,0.14151567220687866,0.00465912651270628,0.2526889443397522,0.30524927377700806,0.3,0.2,1.0000000000000002e-07
41,31,0.04407844692468643,0.0013364936457946897,0.03596729040145874,0.15975883603096008,0.3,0.2,1.0000000000000002e-07
41,32,0.09488572925329208,0.004433395806699991,0.15967828035354614,0.21274422109127045,0.3,0.2,1.0000000000000002e-07
41,33,0.08076948672533035,0.005191378761082888,0.13057386875152588,0.18202972412109375,0.3,0.2,1.0000000000000002e-07
41,34,0.0327414870262146,0.003256306517869234,0.041258811950683594,0.08553767204284668,0.3,0.2,1.0000000000000002e-07
41,35,0.0580441877245903,0.00309929926879704,0.04962188005447388,0.20029163360595703,0.3,0.2,1.0000000000000002e-07
41,36,0.10653520375490189,0.006348562892526388,0.13642966747283936,0.29628869891166687,0.3,0.2,1.0000000000000002e-07
41,37,0.06256836652755737,0.004054245539009571,0.08303791284561157,0.16801372170448303,0.3,0.2,1.0000000000000002e-07
41,38,0.1124720424413681,0.01118305791169405,0.19111186265945435,0.21977713704109192,0.3,0.2,1.0000000000000002e-07
41,39,0.1408960223197937,0.005702966824173927,0.1868693232536316,0.39566129446029663,0.3,0.2,1.0000000000000002e-07
41,40,0.14436499774456024,0.01036047749221325,0.2664793133735657,0.2703035771846771,0.3,0.2,1.0000000000000002e-07
41,41,0.05874486267566681,0.002866748720407486,0.10901987552642822,0.11586075276136398,0.3,0.2,1.0000000000000002e-07
41,42,0.10550831258296967,0.0045286500826478004,0.1748650074005127,0.24260081350803375,0.3,0.2,1.0000000000000002e-07
41,43,0.0651712641119957,0.003336460329592228,0.030048131942749023,0.2641018331050873,0.3,0.2,1.0000000000000002e-07
41,44,0.04312130808830261,0.005928811151534319,0.034053683280944824,0.13488195836544037,0.3,0.2,1.0000000000000002e-07
41,45,0.05070900917053223,0.008226885460317135,0.03398096561431885,0.16143915057182312,0.3,0.2,1.0000000000000002e-07
41,46,0.10461370646953583,0.008532763458788395,0.13024812936782837,0.2850325107574463,0.3,0.2,1.0000000000000002e-07
41,47,0.08772791922092438,0.002511669648811221,0.13308709859848022,0.2264506071805954,0.3,0.2,1.0000000000000002e-07
41,48,0.0687006339430809,0.005230396520346403,0.08961743116378784,0.1829250305891037,0.3,0.2,1.0000000000000002e-07
41,49,0.05252663046121597,0.008285131305456161,0.03875529766082764,0.1630745381116867,0.3,0.2,1.0000000000000002e-07
41,50,0.08159209787845612,0.01806965284049511,0.04438519477844238,0.2510344088077545,0.3,0.2,1.0000000000000002e-07
41,51,0.09915308654308319,0.003488984191790223,0.1475658416748047,0.2569717466831207,0.3,0.2,1.0000000000000002e-07
41,52,0.0683601126074791,0.003217715071514249,0.09049612283706665,0.1899678111076355,0.3,0.2,1.0000000000000002e-07
41,53,0.08462873101234436,0.0025838487781584263,0.1967424750328064,0.11511068046092987,0.3,0.2,1.0000000000000002e-07
41,54,0.0526951402425766,0.007564964238554239,0.05777698755264282,0.13898538053035736,0.3,0.2,1.0000000000000002e-07
41,55,0.06794631481170654,0.008308191783726215,0.03797304630279541,0.2412310391664505,0.3,0.2,1.0000000000000002e-07
41,56,0.2612684965133667,0.032498955726623535,0.5495445728302002,0.319530725479126,0.3,0.2,1.0000000000000002e-07
41,57,0.08984705060720444,0.003907196689397097,0.1744600534439087,0.1680091768503189,0.3,0.2,1.0000000000000002e-07
41,58,0.09029950201511383,0.012012148275971413,0.0720822811126709,0.2833133339881897,0.3,0.2,1.0000000000000002e-07
41,59,0.08942407369613647,0.015161666087806225,0.046479105949401855,0.3015933632850647,0.3,0.2,1.0000000000000002e-07
41,60,0.0660836473107338,0.009350582957267761,0.07238143682479858,0.1750931739807129,0.3,0.2,1.0000000000000002e-07
41,61,0.07715922594070435,0.010503278113901615,0.042796552181243896,0.2690849006175995,0.3,0.2,1.0000000000000002e-07
41,62,0.07360169291496277,0.007570306304842234,0.13727819919586182,0.12423960864543915,0.3,0.2,1.0000000000000002e-07
41,63,0.03830062225461006,0.004152397625148296,0.03558439016342163,0.11736453324556351,0.3,0.2,1.0000000000000002e-07
41,64,0.20564892888069153,0.012634266167879105,0.3642154335975647,0.4187501072883606,0.3,0.2,1.0000000000000002e-07
41,65,0.07830329239368439,0.002273883670568466,0.16911733150482178,0.12647104263305664,0.3,0.2,1.0000000000000002e-07
41,66,0.09756064414978027,0.004499533213675022,0.14739567041397095,0.2442120462656021,0.3,0.2,1.0000000000000002e-07
41,67,0.11293242126703262,0.00946849212050438,0.14117717742919922,0.3055538833141327,0.3,0.2,1.0000000000000002e-07
41,68,0.04539467766880989,0.0012298155343160033,0.042584002017974854,0.1569482982158661,0.3,0.2,1.0000000000000002e-07
41,69,0.037906937301158905,0.006212626583874226,0.03399324417114258,0.10748167335987091,0.3,0.2,1.0000000000000002e-07
41,70,0.07996733486652374,0.004550749436020851,0.21330773830413818,0.057121314108371735,0.3,0.2,1.0000000000000002e-07
41,71,0.08974944055080414,0.005800409708172083,0.1393883228302002,0.2106626331806183,0.3,0.2,1.0000000000000002e-07
41,72,0.15950945019721985,0.00388005911372602,0.19897985458374023,0.47967714071273804,0.3,0.2,1.0000000000000002e-07
41,73,0.0903545394539833,0.01386214978992939,0.0870022177696228,0.25195860862731934,0.3,0.2,1.0000000000000002e-07
41,74,0.09525823593139648,0.012194660492241383,0.08062368631362915,0.29438236355781555,0.3,0.2,1.0000000000000002e-07
41,75,0.18318462371826172,0.010014893487095833,0.29114317893981934,0.4291338324546814,0.3,0.2,1.0000000000000002e-07
41,76,0.08011424541473389,0.0038629446644335985,0.11599218845367432,0.20726820826530457,0.3,0.2,1.0000000000000002e-07
41,77,0.07119999825954437,0.005060323514044285,0.10170638561248779,0.17813877761363983,0.3,0.2,1.0000000000000002e-07
41,78,0.062266040593385696,0.011079971678555012,0.043175697326660156,0.19116678833961487,0.3,0.2,1.0000000000000002e-07
41,79,0.09467466175556183,0.004850275348871946,0.11423957347869873,0.2777625322341919,0.3,0.2,1.0000000000000002e-07
41,80,0.093531034886837,0.002499716356396675,0.14223933219909668,0.24179759621620178,0.3,0.2,1.0000000000000002e-07
41,81,0.07341167330741882,0.009404756128787994,0.09728312492370605,0.17410990595817566,0.3,0.2,1.0000000000000002e-07
41,82,0.05729861930012703,0.005308045074343681,0.06487923860549927,0.162634015083313,0.3,0.2,1.0000000000000002e-07
41,83,0.11884772032499313,0.01138246525079012,0.17098289728164673,0.28085190057754517,0.3,0.2,1.0000000000000002e-07
41,84,0.06281159073114395,0.007035829592496157,0.1318027377128601,0.08117468655109406,0.3,0.2,1.0000000000000002e-07
41,85,0.06758107990026474,0.011157111264765263,0.04417562484741211,0.2158563882112503,0.3,0.2,1.0000000000000002e-07
41,86,0.08914389461278915,0.004590203985571861,0.19318395853042603,0.13299249112606049,0.3,0.2,1.0000000000000002e-07
41,87,0.08618825674057007,0.009723908267915249,0.09822869300842285,0.23497870564460754,0.3,0.2,1.0000000000000002e-07
41,88,0.21546350419521332,0.010894260369241238,0.3383405804634094,0.5153353214263916,0.3,0.2,1.0000000000000002e-07
41,89,0.06457147747278214,0.011689760722219944,0.039914488792419434,0.20453685522079468,0.3,0.2,1.0000000000000002e-07
41,90,0.07650533318519592,0.008738853968679905,0.07516330480575562,0.22608743607997894,0.3,0.2,1.0000000000000002e-07
41,91,0.10413379222154617,0.006082483101636171,0.1341140866279602,0.28908541798591614,0.3,0.2,1.0000000000000002e-07
41,92,0.06524159014225006,0.004881332162767649,0.11604112386703491,0.12773960828781128,0.3,0.2,1.0000000000000002e-07
41,93,0.12748920917510986,0.0054869321174919605,0.127263605594635,0.41911596059799194,0.3,0.2,1.0000000000000002e-07
41,94,0.0358906164765358,0.002006045775488019,0.04621255397796631,0.10010401904582977,0.3,0.2,1.0000000000000002e-07
41,95,0.20625410974025726,0.011693492531776428,0.32247257232666016,0.48909419775009155,0.3,0.2,1.0000000000000002e-07
41,96,0.20948101580142975,0.009142804890871048,0.3861105442047119,0.42252516746520996,0.3,0.2,1.0000000000000002e-07
41,97,0.09078828990459442,0.004114700946956873,0.07714682817459106,0.31764766573905945,0.3,0.2,1.0000000000000002e-07
41,98,0.05215838551521301,0.003157905535772443,0.07177579402923584,0.13733871281147003,0.3,0.2,1.0000000000000002e-07
42,0,0.08124428987503052,0.012011640705168247,0.07207804918289185,0.23804616928100586,0.3,0.2,1.0000000000000002e-07
42,1,0.041634414345026016,0.008226041682064533,0.03397780656814575,0.11607514321804047,0.3,0.2,1.0000000000000002e-07
42,2,0.0951770693063736,0.004174819216132164,0.15576660633087158,0.22136132419109344,0.3,0.2,1.0000000000000002e-07
42,3,0.2802400290966034,0.01986464485526085,0.5502907633781433,0.4764406979084015,0.3,0.2,1.0000000000000002e-07
42,4,0.05475417524576187,0.003317282535135746,0.07067382335662842,0.15117372572422028,0.3,0.2,1.0000000000000002e-07
42,5,0.15541085600852966,0.004123908933252096,0.18753951787948608,0.47512540221214294,0.3,0.2,1.0000000000000002e-07
42,6,0.1004796177148819,0.006081808358430862,0.13410896062850952,0.27082559466362,0.3,0.2,1.0000000000000002e-07
42,7,0.061584535986185074,0.004054776392877102,0.08303773403167725,0.16309218108654022,0.3,0.2,1.0000000000000002e-07
42,8,0.06377601623535156,0.003205488668754697,0.11268115043640137,0.13383089005947113,0.3,0.2,1.0000000000000002e-07
42,9,0.11579382419586182,0.011381581425666809,0.17098575830459595,0.2655825614929199,0.3,0.2,1.0000000000000002e-07
42,10,0.09375195950269699,0.005800019018352032,0.13938629627227783,0.23068024218082428,0.3,0.2,1.0000000000000002e-07
42,11,0.045871004462242126,0.00315785757265985,0.07177132368087769,0.10590874403715134,0.3,0.2,1.0000000000000002e-07
42,12,0.10525382310152054,0.006348967086523771,0.13642680644989014,0.2898840606212616,0.3,0.2,1.0000000000000002e-07
42,13,0.052805036306381226,0.00309998681768775,0.04962104558944702,0.17409367859363556,0.3,0.2,1.0000000000000002e-07
42,14,0.09273536503314972,0.012193025089800358,0.08062118291854858,0.2817799150943756,0.3,0.2,1.0000000000000002e-07
42,15,0.09333458542823792,0.009724187664687634,0.09822654724121094,0.2707121670246124,0.3,0.2,1.0000000000000002e-07
42,16,0.18908807635307312,0.04186658188700676,0.1415356993675232,0.5238038897514343,0.3,0.2,1.0000000000000002e-07
42,17,0.21744801104068756,0.01084426511079073,0.3583011031150818,0.4955670237541199,0.3,0.2,1.0000000000000002e-07
42,18,0.07460959255695343,0.003913067746907473,0.17562514543533325,0.09004490822553635,0.3,0.2,1.0000000000000002e-07
42,19,0.08503825962543488,0.003864730941131711,0.11599653959274292,0.2318728268146515,0.3,0.2,1.0000000000000002e-07
42,20,0.06648845970630646,0.007035795133560896,0.1318020224571228,0.09956029057502747,0.3,0.2,1.0000000000000002e-07
42,21,0.15011346340179443,0.006319934967905283,0.19393950700759888,0.42805829644203186,0.3,0.2,1.0000000000000002e-07
42,22,0.07676494121551514,0.008305556140840054,0.037972450256347656,0.28533825278282166,0.3,0.2,1.0000000000000002e-07
42,23,0.05161358043551445,0.005929701030254364,0.03405481576919556,0.1773371696472168,0.3,0.2,1.0000000000000002e-07
42,24,0.2829149067401886,0.03274591639637947,0.5792069435119629,0.3820345997810364,0.3,0.2,1.0000000000000002e-07
42,25,0.07550328969955444,0.003929027356207371,0.14741504192352295,0.13674873113632202,0.3,0.2,1.0000000000000002e-07
42,26,0.060257166624069214,0.011157115921378136,0.04417639970779419,0.17923565208911896,0.3,0.2,1.0000000000000002e-07
42,27,0.08545329421758652,0.002583734691143036,0.1967397928237915,0.11923810094594955,0.3,0.2,1.0000000000000002e-07
42,28,0.08707069605588913,0.0046341391280293465,0.19642764329910278,0.11754127591848373,0.3,0.2,1.0000000000000002e-07
42,29,0.09079323709011078,0.004115248564630747,0.07714498043060303,0.317672461271286,0.3,0.2,1.0000000000000002e-07
42,30,0.08510845899581909,0.012269793078303337,0.06663322448730469,0.264243483543396,0.3,0.2,1.0000000000000002e-07
42,31,0.04337213933467865,0.0032084323465824127,0.04413968324661255,0.13460899889469147,0.3,0.2,1.0000000000000002e-07
42,32,0.07660447061061859,0.0033363341353833675,0.03004676103591919,0.32127052545547485,0.3,0.2,1.0000000000000002e-07
42,33,0.11973181366920471,0.011183169670403004,0.19111859798431396,0.25606533885002136,0.3,0.2,1.0000000000000002e-07
42,34,0.05880250036716461,0.0026165286544710398,0.08467280864715576,0.15392063558101654,0.3,0.2,1.0000000000000002e-07
42,35,0.12318259477615356,0.004660307429730892,0.25267618894577026,0.2135971039533615,0.3,0.2,1.0000000000000002e-07
42,36,0.06428278982639313,0.007564991246908903,0.05777609348297119,0.1969248652458191,0.3,0.2,1.0000000000000002e-07
42,37,0.20323240756988525,0.011393166147172451,0.29263895750045776,0.5202378034591675,0.3,0.2,1.0000000000000002e-07
42,38,0.05851146578788757,0.0050556533969938755,0.10171175003051758,0.11471142619848251,0.3,0.2,1.0000000000000002e-07
42,39,0.07927712798118591,0.009437419474124908,0.0991622805595398,0.20045509934425354,0.3,0.2,1.0000000000000002e-07
42,40,0.08194517344236374,0.00433686189353466,0.21724152565002441,0.062179237604141235,0.3,0.2,1.0000000000000002e-07
42,41,0.03949935734272003,0.001022672513499856,0.03900521993637085,0.13387559354305267,0.3,0.2,1.0000000000000002e-07
42,42,0.10339708626270294,0.008533540181815624,0.1302480697631836,0.27894559502601624,0.3,0.2,1.0000000000000002e-07
42,43,0.04781435802578926,0.0012823276920244098,0.09439283609390259,0.09107089787721634,0.3,0.2,1.0000000000000002e-07
42,44,0.049157775938510895,0.0062132603488862514,0.03399455547332764,0.16373075544834137,0.3,0.2,1.0000000000000002e-07
42,45,0.17467767000198364,0.005076518282294273,0.249406635761261,0.473895788192749,0.3,0.2,1.0000000000000002e-07
42,46,0.20356450974941254,0.011492087505757809,0.36094188690185547,0.4189492166042328,0.3,0.2,1.0000000000000002e-07
42,47,0.07962529361248016,0.0023822481743991375,0.1356499195098877,0.18274031579494476,0.3,0.2,1.0000000000000002e-07
42,48,0.2195521593093872,0.008626865223050117,0.3613266944885254,0.5126363635063171,0.3,0.2,1.0000000000000002e-07
42,49,0.09338316321372986,0.003413231810554862,0.13573747873306274,0.2462434619665146,0.3,0.2,1.0000000000000002e-07
42,50,0.05059395730495453,0.010503704659640789,0.04279732704162598,0.13625527918338776,0.3,0.2,1.0000000000000002e-07
42,51,0.042373791337013245,0.0023064608685672283,0.03632664680480957,0.1458466798067093,0.3,0.2,1.0000000000000002e-07
42,52,0.06554014980792999,0.002324980217963457,0.11890089511871338,0.13772451877593994,0.3,0.2,1.0000000000000002e-07
42,53,0.06307502835988998,0.0034312375355511904,0.09666526317596436,0.15322107076644897,0.3,0.2,1.0000000000000002e-07
42,54,0.10711055994033813,0.009467673487961292,0.1411784291267395,0.27644675970077515,0.3,0.2,1.0000000000000002e-07
42,55,0.07273628562688828,0.009348338469862938,0.07238239049911499,0.20836614072322845,0.3,0.2,1.0000000000000002e-07
42,56,0.05139973759651184,0.004204737488180399,0.05553501844406128,0.15267248451709747,0.3,0.2,1.0000000000000002e-07
42,57,0.28741851449012756,0.02868473343551159,0.6130436658859253,0.3741033375263214,0.3,0.2,1.0000000000000002e-07
42,58,0.0767940878868103,0.009404254145920277,0.0972779393196106,0.19103224575519562,0.3,0.2,1.0000000000000002e-07
42,59,0.1672458052635193,0.011182387359440327,0.28015995025634766,0.3600771427154541,0.3,0.2,1.0000000000000002e-07
42,60,0.04407931864261627,0.0015939709264785051,0.033680081367492676,0.16190661489963531,0.3,0.2,1.0000000000000002e-07
42,61,0.04349777102470398,0.0014042846160009503,0.040190696716308594,0.150181382894516,0.3,0.2,1.0000000000000002e-07
42,62,0.0836491584777832,0.005191167816519737,0.13056987524032593,0.1964351385831833,0.3,0.2,1.0000000000000002e-07
42,63,0.049738094210624695,0.003216559300199151,0.09049326181411743,0.09686776995658875,0.3,0.2,1.0000000000000002e-07
42,64,0.04581112414598465,0.008284262381494045,0.03875553607940674,0.12950098514556885,0.3,0.2,1.0000000000000002e-07
42,65,0.09262043982744217,0.00251106102950871,0.13309037685394287,0.25091132521629333,0.3,0.2,1.0000000000000002e-07
42,66,0.07389599084854126,0.011689899489283562,0.03991544246673584,0.2511572539806366,0.3,0.2,1.0000000000000002e-07
42,67,0.09663213789463043,0.004850002937018871,0.11423766613006592,0.28755417466163635,0.3,0.2,1.0000000000000002e-07
42,68,0.05453677475452423,0.002877776278182864,0.10435104370117188,0.10176844149827957,0.3,0.2,1.0000000000000002e-07
42,69,0.08809389173984528,0.0034885480999946594,0.14756256341934204,0.20168286561965942,0.3,0.2,1.0000000000000002e-07
42,70,0.046465709805488586,0.0009516982827335596,0.029477357864379883,0.18335402011871338,0.3,0.2,1.0000000000000002e-07
42,71,0.0808841735124588,0.015163554809987545,0.046485841274261475,0.2588743567466736,0.3,0.2,1.0000000000000002e-07
42,72,0.0767219215631485,0.010572796687483788,0.08837324380874634,0.1981857568025589,0.3,0.2,1.0000000000000002e-07
42,73,0.05217529088258743,0.006365810986608267,0.031557679176330566,0.181710883975029,0.3,0.2,1.0000000000000002e-07
42,74,0.06401260942220688,0.0052301171235740185,0.0896112322807312,0.15949559211730957,0.3,0.2,1.0000000000000002e-07
42,75,0.06121886521577835,0.0013631780166178942,0.0941421389579773,0.15806521475315094,0.3,0.2,1.0000000000000002e-07
42,76,0.09633930027484894,0.003692613448947668,0.1725989580154419,0.20433498919010162,0.3,0.2,1.0000000000000002e-07
42,77,0.25712722539901733,0.01831834949553013,0.486636757850647,0.4640892744064331,0.3,0.2,1.0000000000000002e-07
42,78,0.11110012233257294,0.00452828872948885,0.17486238479614258,0.27056556940078735,0.3,0.2,1.0000000000000002e-07
42,79,0.09354563802480698,0.013862387277185917,0.0870053768157959,0.2679081857204437,0.3,0.2,1.0000000000000002e-07
42,80,0.07193270325660706,0.007569931447505951,0.1372724175453186,0.11590519547462463,0.3,0.2,1.0000000000000002e-07
42,81,0.06087475270032883,0.005308500025421381,0.06488054990768433,0.18051043152809143,0.3,0.2,1.0000000000000002e-07
42,82,0.061246585100889206,0.004882695619016886,0.11604249477386475,0.10775569826364517,0.3,0.2,1.0000000000000002e-07
42,83,0.09221556037664413,0.004499456845223904,0.1473994255065918,0.2174813598394394,0.3,0.2,1.0000000000000002e-07
42,84,0.06409397721290588,0.01807108148932457,0.044388771057128906,0.16353130340576172,0.3,0.2,1.0000000000000002e-07
42,85,0.08668144792318344,0.004067972768098116,0.21445882320404053,0.09137912094593048,0.3,0.2,1.0000000000000002e-07
42,86,0.10473757982254028,0.007650342304259539,0.2288530468940735,0.14215658605098724,0.3,0.2,1.0000000000000002e-07
42,87,0.0661734789609909,0.011080190539360046,0.04317599534988403,0.21070244908332825,0.3,0.2,1.0000000000000002e-07
42,88,0.03807106986641884,0.004151563160121441,0.03558492660522461,0.1162201389670372,0.3,0.2,1.0000000000000002e-07
42,89,0.08667483925819397,0.010361254215240479,0.06671655178070068,0.28149309754371643,0.3,0.2,1.0000000000000002e-07
42,90,0.0775374323129654,0.008737701922655106,0.07515901327133179,0.23126012086868286,0.3,0.2,1.0000000000000002e-07
42,91,0.07907430827617645,0.0026198518462479115,0.16773837804794312,0.13066470623016357,0.3,0.2,1.0000000000000002e-07
42,92,0.13114188611507416,0.01036122627556324,0.2664702534675598,0.20419789850711823,0.3,0.2,1.0000000000000002e-07
42,93,0.06323448568582535,0.002866721246391535,0.1090211272239685,0.1383071094751358,0.3,0.2,1.0000000000000002e-07
42,94,0.12922808527946472,0.006546413525938988,0.16110879182815552,0.37174519896507263,0.3,0.2,1.0000000000000002e-07
42,95,0.032383158802986145,0.0032558173406869173,0.04126244783401489,0.08374303579330444,0.3,0.2,1.0000000000000002e-07
42,96,0.21737676858901978,0.008083818480372429,0.36807215213775635,0.4943564534187317,0.3,0.2,1.0000000000000002e-07
42,97,0.03989267721772194,0.002006666501984,0.04621618986129761,0.12010576575994492,0.3,0.2,1.0000000000000002e-07
42,98,0.08514711260795593,0.0018157879821956158,0.1383717656135559,0.2090989500284195,0.3,0.2,1.0000000000000002e-07
43,0,0.06327676773071289,0.0023252565879374743,0.11890441179275513,0.12640096247196198,0.3,0.2,1.0000000000000002e-07
43,1,0.21255144476890564,0.00940635148435831,0.38381242752075195,0.440006822347641,0.3,0.2,1.0000000000000002e-07
43,2,0.06447118520736694,0.00830710120499134,0.037974536418914795,0.22385863959789276,0.3,0.2,1.0000000000000002e-07
43,3,0.062467582523822784,0.004054688382893801,0.08303016424179077,0.1675192266702652,0.3,0.2,1.0000000000000002e-07
43,4,0.07975560426712036,0.018071750178933144,0.04438495635986328,0.24184183776378632,0.3,0.2,1.0000000000000002e-07
43,5,0.1228657066822052,0.011382550932466984,0.17098546028137207,0.3009375333786011,0.3,0.2,1.0000000000000002e-07
43,6,0.08436877280473709,0.013861510902643204,0.0869983434677124,0.22203877568244934,0.3,0.2,1.0000000000000002e-07
43,7,0.14541932940483093,0.004675084725022316,0.1241992712020874,0.5174223184585571,0.3,0.2,1.0000000000000002e-07
43,8,0.12837104499340057,0.006134134251624346,0.1754441261291504,0.3480183780193329,0.3,0.2,1.0000000000000002e-07
43,9,0.07606829702854156,0.0024989915546029806,0.13328272104263306,0.16792243719100952,0.3,0.2,1.0000000000000002e-07
43,10,0.29130205512046814,0.0226803757250309,0.5966938734054565,0.4480675160884857,0.3,0.2,1.0000000000000002e-07
43,11,0.04847883805632591,0.0012825760059058666,0.09439337253570557,0.09439124166965485,0.3,0.2,1.0000000000000002e-07
43,12,0.09144420921802521,0.00580119201913476,0.1393899917602539,0.21913006901741028,0.3,0.2,1.0000000000000002e-07
43,13,0.07285132259130478,0.007035574875771999,0.13179165124893188,0.131391242146492,0.3,0.2,1.0000000000000002e-07
43,14,0.11919528245925903,0.011181667447090149,0.19110798835754395,0.2534061074256897,0.3,0.2,1.0000000000000002e-07
43,15,0.06910911947488785,0.011157147586345673,0.044174909591674805,0.22349748015403748,0.3,0.2,1.0000000000000002e-07
43,16,0.07883765548467636,0.011686702258884907,0.03991347551345825,0.2758845388889313,0.3,0.2,1.0000000000000002e-07
43,17,0.07888638228178024,0.008739590644836426,0.07516396045684814,0.23798801004886627,0.3,0.2,1.0000000000000002e-07
43,18,0.06731582432985306,0.006365524139255285,0.03155893087387085,0.2574130892753601,0.3,0.2,1.0000000000000002e-07
43,19,0.05457472801208496,0.003430818673223257,0.09666383266448975,0.11072378605604172,0.3,0.2,1.0000000000000002e-07
43,20,0.19514967501163483,0.011716082692146301,0.3134186267852783,0.44703999161720276,0.3,0.2,1.0000000000000002e-07
43,21,0.09366335719823837,0.01219469215720892,0.08062350749969482,0.28640806674957275,0.3,0.2,1.0000000000000002e-07
43,22,0.04868072271347046,0.003316802904009819,0.07067817449569702,0.12080233544111252,0.3,0.2,1.0000000000000002e-07
43,23,0.028863389045000076,0.003255814081057906,0.04126006364822388,0.06614778190851212,0.3,0.2,1.0000000000000002e-07
43,24,0.07762055099010468,0.004454466514289379,0.21281081438064575,0.046614181250333786,0.3,0.2,1.0000000000000002e-07
43,25,0.04720257222652435,0.0015528189251199365,0.03297579288482666,0.17878508567810059,0.3,0.2,1.0000000000000002e-07
43,26,0.06721767783164978,0.00934930145740509,0.07238000631332397,0.18077188730239868,0.3,0.2,1.0000000000000002e-07
43,27,0.0401725135743618,0.0013532615266740322,0.039696574211120605,0.13455139100551605,0.3,0.2,1.0000000000000002e-07
43,28,0.08117048442363739,0.0038632582873106003,0.1159965991973877,0.21254122257232666,0.3,0.2,1.0000000000000002e-07
43,29,0.09243621677160263,0.003413250669836998,0.13573330640792847,0.24151484668254852,0.3,0.2,1.0000000000000002e-07
43,30,0.05316894128918648,0.0032169297337532043,0.090492844581604,0.11402078717947006,0.3,0.2,1.0000000000000002e-07
43,31,0.060963913798332214,0.010504476726055145,0.042797088623046875,0.18810154497623444,0.3,0.2,1.0000000000000002e-07
43,32,0.07975761592388153,0.001815930474549532,0.13837093114852905,0.18215198814868927,0.3,0.2,1.0000000000000002e-07
43,33,0.14864614605903625,0.005095391534268856,0.18715542554855347,0.43702059984207153,0.3,0.2,1.0000000000000002e-07
43,34,0.1145857721567154,0.009470270946621895,0.14117616415023804,0.3138132393360138,0.3,0.2,1.0000000000000002e-07
43,35,0.10052675753831863,0.004851121921092272,0.11423951387405396,0.307018905878067,0.3,0.2,1.0000000000000002e-07
43,36,0.06397600471973419,0.001363190240226686,0.09414398670196533,0.1718481034040451,0.3,0.2,1.0000000000000002e-07
43,37,0.07059608399868011,0.0036071855574846268,0.1352996826171875,0.13199497759342194,0.3,0.2,1.0000000000000002e-07
43,38,0.27637213468551636,0.02070249430835247,0.5221906900405884,0.49506205320358276,0.3,0.2,1.0000000000000002e-07
43,39,0.10657958686351776,0.0063482108525931835,0.1364230513572693,0.2965222895145416,0.3,0.2,1.0000000000000002e-07
43,40,0.08490204811096191,0.004735974129289389,0.19636499881744385,0.10628288239240646,0.3,0.2,1.0000000000000002e-07
43,41,0.0432988740503788,0.0059291645884513855,0.034050166606903076,0.13577328622341156,0.3,0.2,1.0000000000000002e-07
43,42,0.08301287889480591,0.012011479586362839,0.07207876443862915,0.24688886106014252,0.3,0.2,1.0000000000000002e-07
43,43,0.0963432714343071,0.007608724292367697,0.2208605408668518,0.11238189786672592,0.3,0.2,1.0000000000000002e-07
43,44,0.18682029843330383,0.010970973409712315,0.30893611907958984,0.4158423840999603,0.3,0.2,1.0000000000000002e-07
43,45,0.039591241627931595,0.006213326472789049,0.033995091915130615,0.11589694023132324,0.3,0.2,1.0000000000000002e-07
43,46,0.04774927720427513,0.002306946087628603,0.03632676601409912,0.1727215051651001,0.3,0.2,1.0000000000000002e-07
43,47,0.07522217184305191,0.0039131310768425465,0.1756213903427124,0.09311310201883316,0.3,0.2,1.0000000000000002e-07
43,48,0.09021645784378052,0.012269295752048492,0.06663453578948975,0.2897839844226837,0.3,0.2,1.0000000000000002e-07
43,49,0.058793164789676666,0.004881108179688454,0.11604094505310059,0.09549885243177414,0.3,0.2,1.0000000000000002e-07
43,50,0.04558545723557472,0.001268628635443747,0.04173123836517334,0.15898728370666504,0.3,0.2,1.0000000000000002e-07
43,51,0.06993000209331512,0.01107989251613617,0.0431782603263855,0.22948317229747772,0.3,0.2,1.0000000000000002e-07
43,52,0.2119983285665512,0.010807548649609089,0.3337143063545227,0.5053824186325073,0.3,0.2,1.0000000000000002e-07
43,53,0.07622884213924408,0.009435870684683323,0.09915369749069214,0.18523427844047546,0.3,0.2,1.0000000000000002e-07
43,54,0.08587850630283356,0.010572165250778198,0.08837151527404785,0.2439744472503662,0.3,0.2,1.0000000000000002e-07
43,55,0.04925418645143509,0.004203706979751587,0.05552929639816284,0.14195844531059265,0.3,0.2,1.0000000000000002e-07
43,56,0.03470221534371376,0.0020062406547367573,0.04621624946594238,0.09415549039840698,0.3,0.2,1.0000000000000002e-07
43,57,0.07087171077728271,0.010364829562604427,0.06671750545501709,0.20245814323425293,0.3,0.2,1.0000000000000002e-07
43,58,0.02976284548640251,0.00415309052914381,0.03558474779129028,0.0746716558933258,0.3,0.2,1.0000000000000002e-07
43,59,0.0436549037694931,0.0032075231429189444,0.04414033889770508,0.13602639734745026,0.3,0.2,1.0000000000000002e-07
43,60,0.0841134786605835,0.0037294181529432535,0.17380821704864502,0.1412079781293869,0.3,0.2,1.0000000000000002e-07
43,61,0.08385287970304489,0.009723717346787453,0.09822684526443481,0.22330553829669952,0.3,0.2,1.0000000000000002e-07
43,62,0.0809672623872757,0.0025836126878857613,0.19673705101013184,0.0968126580119133,0.3,0.2,1.0000000000000002e-07
43,63,0.15593218803405762,0.004808698780834675,0.21286171674728394,0.436324805021286,0.3,0.2,1.0000000000000002e-07
43,64,0.09623868018388748,0.006081791128963232,0.13410800695419312,0.2496224194765091,0.3,0.2,1.0000000000000002e-07
43,65,0.08235611021518707,0.002511018654331565,0.13308852910995483,0.19959266483783722,0.3,0.2,1.0000000000000002e-07
43,66,0.048485852777957916,0.008224746212363243,0.0339733362197876,0.15034551918506622,0.3,0.2,1.0000000000000002e-07
43,67,0.22463485598564148,0.013265118934214115,0.398654580116272,0.45886674523353577,0.3,0.2,1.0000000000000002e-07
43,68,0.05265893414616585,0.0031530314590781927,0.07177287340164185,0.13987019658088684,0.3,0.2,1.0000000000000002e-07
43,69,0.07787816226482391,0.0033359623048454523,0.030045032501220703,0.3276434540748596,0.3,0.2,1.0000000000000002e-07
43,70,0.14101675152778625,0.006878212094306946,0.22076362371444702,0.3395472764968872,0.3,0.2,1.0000000000000002e-07
43,71,0.09894029796123505,0.003488675458356738,0.1475653052330017,0.25591012835502625,0.3,0.2,1.0000000000000002e-07
43,72,0.07174049317836761,0.005054794251918793,0.1017082929611206,0.1808660626411438,0.3,0.2,1.0000000000000002e-07
43,73,0.10678504407405853,0.008532685227692127,0.1302483081817627,0.29588931798934937,0.3,0.2,1.0000000000000002e-07
43,74,0.059830352663993835,0.0026178164407610893,0.08466863632202148,0.15905971825122833,0.3,0.2,1.0000000000000002e-07
43,75,0.13767622411251068,0.010360914282500744,0.26646631956100464,0.23687706887722015,0.3,0.2,1.0000000000000002e-07
43,76,0.08108153194189072,0.009403206408023834,0.09727782011032104,0.21247488260269165,0.3,0.2,1.0000000000000002e-07
43,77,0.05688100308179855,0.0028665808495134115,0.10901916027069092,0.10654335469007492,0.3,0.2,1.0000000000000002e-07
43,78,0.040732912719249725,0.008284683339297771,0.03875547647476196,0.10410791635513306,0.3,0.2,1.0000000000000002e-07
43,79,0.26196131110191345,0.018836235627532005,0.4988135099411011,0.46740514039993286,0.3,0.2,1.0000000000000002e-07
43,80,0.04505918547511101,0.0010671650525182486,0.03379189968109131,0.16927224397659302,0.3,0.2,1.0000000000000002e-07
43,81,0.06776072084903717,0.015166050754487514,0.04648500680923462,0.19324585795402527,0.3,0.2,1.0000000000000002e-07
43,82,0.12973135709762573,0.004658993799239397,0.25267791748046875,0.24634495377540588,0.3,0.2,1.0000000000000002e-07
43,83,0.07746551185846329,0.005307790823280811,0.06487518548965454,0.26347583532333374,0.3,0.2,1.0000000000000002e-07
43,84,0.07598165422677994,0.0022019005846232176,0.1662636399269104,0.11950331926345825,0.3,0.2,1.0000000000000002e-07
43,85,0.09718581289052963,0.004290261771529913,0.15644818544387817,0.22980546951293945,0.3,0.2,1.0000000000000002e-07
43,86,0.0692850798368454,0.007564293686300516,0.05777662992477417,0.22193898260593414,0.3,0.2,1.0000000000000002e-07
43,87,0.12185902148485184,0.004115002229809761,0.07714807987213135,0.4729979932308197,0.3,0.2,1.0000000000000002e-07
43,88,0.08419521152973175,0.005191097967326641,0.13056689500808716,0.19917018711566925,0.3,0.2,1.0000000000000002e-07
43,89,0.09852217137813568,0.004499431233853102,0.147394597530365,0.24902178347110748,0.3,0.2,1.0000000000000002e-07
43,90,0.06947606801986694,0.005230258218944073,0.08961427211761475,0.18680763244628906,0.3,0.2,1.0000000000000002e-07
43,91,0.30255353450775146,0.03317701444029808,0.5802168250083923,0.4765572249889374,0.3,0.2,1.0000000000000002e-07
43,92,0.1991174817085266,0.00928599201142788,0.3663521409034729,0.3996292054653168,0.3,0.2,1.0000000000000002e-07
43,93,0.06004134565591812,0.0032055233605206013,0.11268061399459839,0.11515819281339645,0.3,0.2,1.0000000000000002e-07
43,94,0.05648814141750336,0.003099197056144476,0.04962146282196045,0.19251251220703125,0.3,0.2,1.0000000000000002e-07
43,95,0.048170458525419235,0.0028788091149181128,0.10434478521347046,0.06994108110666275,0.3,0.2,1.0000000000000002e-07
43,96,0.10286834836006165,0.004529071971774101,0.1748688817024231,0.22939306497573853,0.3,0.2,1.0000000000000002e-07
43,97,0.0771392434835434,0.007570384535938501,0.13727784156799316,0.14192751049995422,0.3,0.2,1.0000000000000002e-07
43,98,0.09610229730606079,0.0040679750964045525,0.2144606113433838,0.13848070800304413,0.3,0.2,1.0000000000000002e-07
44,0,0.04835265502333641,0.001065579941496253,0.030724048614501953,0.1903492957353592,0.3,0.2,1.0000000000000002e-07
44,1,0.27350881695747375,0.019656382501125336,0.5519746541976929,0.4413001537322998,0.3,0.2,1.0000000000000002e-07
44,2,0.07365794479846954,0.009403047151863575,0.09728282690048218,0.17535023391246796,0.3,0.2,1.0000000000000002e-07
44,3,0.07001487910747528,0.011156161315739155,0.044174253940582275,0.2280322015285492,0.3,0.2,1.0000000000000002e-07
44,4,0.10193436592817307,0.004851190373301506,0.11423444747924805,0.3140642046928406,0.3,0.2,1.0000000000000002e-07
44,5,0.11990368366241455,0.01118224672973156,0.19110876321792603,0.25694403052330017,0.3,0.2,1.0000000000000002e-07
44,6,0.07592209428548813,0.0025921266060322523,0.1428215503692627,0.15241748094558716,0.3,0.2,1.0000000000000002e-07
44,7,0.07124117016792297,0.009350142441689968,0.07238304615020752,0.20088054239749908,0.3,0.2,1.0000000000000002e-07
44,8,0.08317851275205612,0.010364841669797897,0.06671637296676636,0.2639937996864319,0.3,0.2,1.0000000000000002e-07
44,9,0.25891512632369995,0.020384861156344414,0.5478423237800598,0.370887815952301,0.3,0.2,1.0000000000000002e-07
44,10,0.08427129685878754,0.005307728890329599,0.06487488746643066,0.2975054979324341,0.3,0.2,1.0000000000000002e-07
44,11,0.05433259159326553,0.0026155016385018826,0.0846680998802185,0.13158327341079712,0.3,0.2,1.0000000000000002e-07
44,12,0.12958228588104248,0.005663911812007427,0.17302250862121582,0.36005809903144836,0.3,0.2,1.0000000000000002e-07
44,13,0.2256031036376953,0.009519215673208237,0.3772784471511841,0.5145018100738525,0.3,0.2,1.0000000000000002e-07
44,14,0.04891153424978256,0.008282569237053394,0.038756370544433594,0.14501027762889862,0.3,0.2,1.0000000000000002e-07
44,15,0.11417107284069061,0.011383376084268093,0.17098838090896606,0.2574559152126312,0.3,0.2,1.0000000000000002e-07
44,16,0.07799704372882843,0.012269271537661552,0.06663614511489868,0.22868461906909943,0.3,0.2,1.0000000000000002e-07
44,17,0.11092165857553482,0.006348635070025921,0.13642048835754395,0.318234384059906,0.3,0.2,1.0000000000000002e-07
44,18,0.04365271329879761,0.0014231886016204953,0.03894829750061035,0.15272517502307892,0.3,0.2,1.0000000000000002e-07
44,19,0.08405660092830658,0.002583569847047329,0.19673138856887817,0.11226804554462433,0.3,0.2,1.0000000000000002e-07
44,20,0.20996695756912231,0.010633271187543869,0.3325086236000061,0.4979054927825928,0.3,0.2,1.0000000000000002e-07
44,21,0.06279608607292175,0.003430818673223257,0.09666275978088379,0.1518322080373764,0.3,0.2,1.0000000000000002e-07
44,22,0.03832044079899788,0.004151569679379463,0.03558427095413208,0.11746794730424881,0.3,0.2,1.0000000000000002e-07
44,23,0.06232915073633194,0.004881576634943485,0.11604297161102295,0.11317341029644012,0.3,0.2,1.0000000000000002e-07
44,24,0.08147740364074707,0.009435568004846573,0.09914898872375488,0.21148568391799927,0.3,0.2,1.0000000000000002e-07
44,25,0.11612454056739807,0.004116037394851446,0.07714706659317017,0.4443219006061554,0.3,0.2,1.0000000000000002e-07
44,26,0.053888022899627686,0.01107831858098507,0.043175339698791504,0.14928551018238068,0.3,0.2,1.0000000000000002e-07
44,27,0.09883832931518555,0.007501787040382624,0.216544508934021,0.13186591863632202,0.3,0.2,1.0000000000000002e-07
44,28,0.14233270287513733,0.010361512191593647,0.2664652466773987,0.26015806198120117,0.3,0.2,1.0000000000000002e-07
44,29,0.06791622936725616,0.015163700096309185,0.04648357629776001,0.1940372735261917,0.3,0.2,1.0000000000000002e-07
44,30,0.06802715361118317,0.008304957300424576,0.037975013256073,0.24164848029613495,0.3,0.2,1.0000000000000002e-07
44,31,0.07169394940137863,0.010503999888896942,0.04279512166976929,0.24175705015659332,0.3,0.2,1.0000000000000002e-07
44,32,0.07573643326759338,0.005230231210589409,0.08961039781570435,0.21811538934707642,0.3,0.2,1.0000000000000002e-07
44,33,0.19008520245552063,0.00929769966751337,0.2688959240913391,0.5005936622619629,0.3,0.2,1.0000000000000002e-07
44,34,0.14678135514259338,0.0046592047438025475,0.25267571210861206,0.33159714937210083,0.3,0.2,1.0000000000000002e-07
44,35,0.06491073966026306,0.018068796023726463,0.044384896755218506,0.1676323562860489,0.3,0.2,1.0000000000000002e-07
44,36,0.08670209348201752,0.0045866649597883224,0.19229471683502197,0.12213503569364548,0.3,0.2,1.0000000000000002e-07
44,37,0.09775945544242859,0.0121945571154356,0.08062952756881714,0.3068802058696747,0.3,0.2,1.0000000000000002e-07
44,38,0.028392529115080833,0.003255630610510707,0.04125863313674927,0.06379653513431549,0.3,0.2,1.0000000000000002e-07
44,39,0.1072160005569458,0.006081447936594486,0.13410502672195435,0.30451518297195435,0.3,0.2,1.0000000000000002e-07
44,40,0.09814471006393433,0.003489219816401601,0.14756721258163452,0.25192663073539734,0.3,0.2,1.0000000000000002e-07
44,41,0.0579049177467823,0.002306140260770917,0.03632551431655884,0.22350560128688812,0.3,0.2,1.0000000000000002e-07
44,42,0.07207019627094269,0.008738687261939049,0.07516449689865112,0.20391078293323517,0.3,0.2,1.0000000000000002e-07
44,43,0.08824194967746735,0.0036423204001039267,0.16831618547439575,0.17052386701107025,0.3,0.2,1.0000000000000002e-07
44,44,0.06212613731622696,0.0031527674291282892,0.07177090644836426,0.18721050024032593,0.3,0.2,1.0000000000000002e-07
44,45,0.05314002186059952,0.0030985090415924788,0.049619078636169434,0.17577894032001495,0.3,0.2,1.0000000000000002e-07
44,46,0.04892740026116371,0.0011880835518240929,0.03962308168411255,0.1792619526386261,0.3,0.2,1.0000000000000002e-07
44,47,0.0783897116780281,0.0051916176453232765,0.13056641817092896,0.1701408326625824,0.3,0.2,1.0000000000000002e-07
44,48,0.10778190940618515,0.00853185448795557,0.13024789094924927,0.3008784353733063,0.3,0.2,1.0000000000000002e-07
44,49,0.08180184662342072,0.005053994245827198,0.10170882940292358,0.2311759889125824,0.3,0.2,1.0000000000000002e-07
44,50,0.08238549530506134,0.0044663031585514545,0.21303319931030273,0.07004615664482117,0.3,0.2,1.0000000000000002e-07
44,51,0.12192388623952866,0.005477072671055794,0.19307667016983032,0.2926190495491028,0.3,0.2,1.0000000000000002e-07
44,52,0.036055900156497955,0.0032066532876342535,0.04414093494415283,0.0980348214507103,0.3,0.2,1.0000000000000002e-07
44,53,0.05129363387823105,0.0032166142482310534,0.09049135446548462,0.10464806109666824,0.3,0.2,1.0000000000000002e-07
44,54,0.08491750806570053,0.012009861879050732,0.07207822799682617,0.25642088055610657,0.3,0.2,1.0000000000000002e-07
44,55,0.060138218104839325,0.0013632583431899548,0.09414410591125488,0.1526586413383484,0.3,0.2,1.0000000000000002e-07
44,56,0.05105961859226227,0.003336419817060232,0.03004622459411621,0.19354665279388428,0.3,0.2,1.0000000000000002e-07
44,57,0.09755612909793854,0.004334506578743458,0.16171401739120483,0.22353705763816833,0.3,0.2,1.0000000000000002e-07
44,58,0.09270671010017395,0.004067854955792427,0.21446168422698975,0.12150174379348755,0.3,0.2,1.0000000000000002e-07
44,59,0.04943407326936722,0.0012823139550164342,0.09439140558242798,0.09917168319225311,0.3,0.2,1.0000000000000002e-07
44,60,0.05629695579409599,0.008226876147091389,0.03397566080093384,0.18938690423965454,0.3,0.2,1.0000000000000002e-07
44,61,0.07772710174322128,0.0023518300149589777,0.1680118441581726,0.12485858798027039,0.3,0.2,1.0000000000000002e-07
44,62,0.1157674789428711,0.00946797151118517,0.14117473363876343,0.31973543763160706,0.3,0.2,1.0000000000000002e-07
44,63,0.06781383603811264,0.0036799567751586437,0.13951849937438965,0.11139164865016937,0.3,0.2,1.0000000000000002e-07
44,64,0.17864400148391724,0.008541567251086235,0.2677326202392578,0.4489131569862366,0.3,0.2,1.0000000000000002e-07
44,65,0.1987241953611374,0.008877413347363472,0.37062501907348633,0.39329636096954346,0.3,0.2,1.0000000000000002e-07
44,66,0.2734507918357849,0.019092882052063942,0.536699652671814,0.4667399823665619,0.3,0.2,1.0000000000000002e-07
44,67,0.07994315028190613,0.010572693310678005,0.08837634325027466,0.21428778767585754,0.3,0.2,1.0000000000000002e-07
44,68,0.05140746384859085,0.0028789604548364878,0.1043398380279541,0.08613275736570358,0.3,0.2,1.0000000000000002e-07
44,69,0.11892076581716537,0.004620278254151344,0.13509416580200195,0.3688611686229706,0.3,0.2,1.0000000000000002e-07
44,70,0.05238085985183716,0.006212520878762007,0.03399538993835449,0.17984861135482788,0.3,0.2,1.0000000000000002e-07
44,71,0.051807478070259094,0.0033172646071761847,0.07067561149597168,0.13643763959407806,0.3,0.2,1.0000000000000002e-07
44,72,0.04163502901792526,0.005928900092840195,0.034052133560180664,0.12745244801044464,0.3,0.2,1.0000000000000002e-07
44,73,0.08071091771125793,0.003912920132279396,0.17562371492385864,0.12055440247058868,0.3,0.2,1.0000000000000002e-07
44,74,0.07709668576717377,0.0023252752143889666,0.11889970302581787,0.19550751149654388,0.3,0.2,1.0000000000000002e-07
44,75,0.15733423829078674,0.0046645584516227245,0.17512810230255127,0.500656247138977,0.3,0.2,1.0000000000000002e-07
44,76,0.06769663095474243,0.004054950084537268,0.08303439617156982,0.1936568021774292,0.3,0.2,1.0000000000000002e-07
44,77,0.060633689165115356,0.0028667189180850983,0.10902035236358643,0.12530429661273956,0.3,0.2,1.0000000000000002e-07
44,78,0.09911899268627167,0.004499571397900581,0.14739775657653809,0.25200048089027405,0.3,0.2,1.0000000000000002e-07
44,79,0.07165056467056274,0.007035587448626757,0.1317918300628662,0.12538714706897736,0.3,0.2,1.0000000000000002e-07
44,80,0.060814790427684784,0.0032056125346571207,0.11267709732055664,0.11903023719787598,0.3,0.2,1.0000000000000002e-07
44,81,0.07620860636234283,0.011688431724905968,0.03991049528121948,0.26273512840270996,0.3,0.2,1.0000000000000002e-07
44,82,0.08644521236419678,0.005801201332360506,0.13938802480697632,0.19413802027702332,0.3,0.2,1.0000000000000002e-07
44,83,0.06706518679857254,0.006365986540913582,0.031558454036712646,0.25615832209587097,0.3,0.2,1.0000000000000002e-07
44,84,0.2937120199203491,0.032675955444574356,0.5943962931632996,0.4135858118534088,0.3,0.2,1.0000000000000002e-07
44,85,0.08430793136358261,0.0038632529322057962,0.11599528789520264,0.22823044657707214,0.3,0.2,1.0000000000000002e-07
44,86,0.07947426289319992,0.0075700427405536175,0.1372767686843872,0.15360593795776367,0.3,0.2,1.0000000000000002e-07
44,87,0.050865113735198975,0.004204242490231991,0.05552870035171509,0.15001128613948822,0.3,0.2,1.0000000000000002e-07
44,88,0.039643824100494385,0.0020066990982741117,0.046214759349823,0.11886347830295563,0.3,0.2,1.0000000000000002e-07
44,89,0.08834376931190491,0.013861198909580708,0.08700120449066162,0.24191100895404816,0.3,0.2,1.0000000000000002e-07
44,90,0.08279985189437866,0.0025108358822762966,0.13308489322662354,0.20181773602962494,0.3,0.2,1.0000000000000002e-07
44,91,0.17577089369297028,0.004860611632466316,0.24154388904571533,0.49223557114601135,0.3,0.2,1.0000000000000002e-07
44,92,0.08925988525152206,0.003413077909499407,0.13573330640792847,0.22563406825065613,0.3,0.2,1.0000000000000002e-07
44,93,0.08069885522127151,0.0018157241865992546,0.13836604356765747,0.18686658143997192,0.3,0.2,1.0000000000000002e-07
44,94,0.096456378698349,0.009723186492919922,0.09822326898574829,0.28633108735084534,0.3,0.2,1.0000000000000002e-07
44,95,0.04356332868337631,0.0015422067372128367,0.032129108905792236,0.16191193461418152,0.3,0.2,1.0000000000000002e-07
44,96,0.06971532851457596,0.0075648133642971516,0.057775020599365234,0.22409002482891083,0.3,0.2,1.0000000000000002e-07
44,97,0.22463318705558777,0.014405053108930588,0.3899116516113281,0.46627315878868103,0.3,0.2,1.0000000000000002e-07
44,98,0.09846720099449158,0.004529024474322796,0.17486876249313354,0.20738770067691803,0.3,0.2,1.0000000000000002e-07
45,0,0.0600452646613121,0.0028664758428931236,0.1090201735496521,0.12236368656158447,0.3,0.2,1.0000000000000002e-07
45,1,0.07204659283161163,0.005308934953063726,0.06487494707107544,0.2363758534193039,0.3,0.2,1.0000000000000002e-07
45,2,0.06067504733800888,0.0070356763899326324,0.13179343938827515,0.07050668448209763,0.3,0.2,1.0000000000000002e-07
45,3,0.14444482326507568,0.00465936167165637,0.25266361236572266,0.31993183493614197,0.3,0.2,1.0000000000000002e-07
45,4,0.04452040046453476,0.0011718417517840862,0.04180312156677246,0.15403810143470764,0.3,0.2,1.0000000000000002e-07
45,5,0.2651572525501251,0.020035874098539352,0.5292928218841553,0.43166762590408325,0.3,0.2,1.0000000000000002e-07
45,6,0.08415080606937408,0.012010809034109116,0.07208096981048584,0.2525784969329834,0.3,0.2,1.0000000000000002e-07
45,7,0.09002774953842163,0.015153869055211544,0.04648149013519287,0.30464714765548706,0.3,0.2,1.0000000000000002e-07
45,8,0.0815977156162262,0.008739136159420013,0.07516175508499146,0.25155025720596313,0.3,0.2,1.0000000000000002e-07
45,9,0.11624006927013397,0.011181448586285114,0.19110709428787231,0.2386324256658554,0.3,0.2,1.0000000000000002e-07
45,10,0.10884303599596024,0.004115300718694925,0.07714694738388062,0.407918244600296,0.3,0.2,1.0000000000000002e-07
45,11,0.17949041724205017,0.007833385840058327,0.3261823058128357,0.36901167035102844,0.3,0.2,1.0000000000000002e-07
45,12,0.07872134447097778,0.012269833125174046,0.06663614511489868,0.23230335116386414,0.3,0.2,1.0000000000000002e-07
45,13,0.09759174287319183,0.004423640202730894,0.1591433882713318,0.22712542116641998,0.3,0.2,1.0000000000000002e-07
45,14,0.16415217518806458,0.004774225410073996,0.2407582402229309,0.43575239181518555,0.3,0.2,1.0000000000000002e-07
45,15,0.05944916605949402,0.0023256116546690464,0.1189008355140686,0.10726651549339294,0.3,0.2,1.0000000000000002e-07
45,16,0.06800922751426697,0.01807190291583538,0.044387638568878174,0.18310514092445374,0.3,0.2,1.0000000000000002e-07
45,17,0.05398271232843399,0.004204025492072105,0.05552661418914795,0.16560350358486176,0.3,0.2,1.0000000000000002e-07
45,18,0.05908665806055069,0.005058542359620333,0.1017078161239624,0.11757882684469223,0.3,0.2,1.0000000000000002e-07
45,19,0.2866138815879822,0.0342235304415226,0.5829247236251831,0.38756462931632996,0.3,0.2,1.0000000000000002e-07
45,20,0.10942738503217697,0.004528717137873173,0.1748635172843933,0.2621980607509613,0.3,0.2,1.0000000000000002e-07
45,21,0.2394782453775406,0.01505390927195549,0.4011107087135315,0.5204555988311768,0.3,0.2,1.0000000000000002e-07
45,22,0.0756898745894432,0.007565690204501152,0.057776570320129395,0.25395604968070984,0.3,0.2,1.0000000000000002e-07
45,23,0.08861071616411209,0.0037520439364016056,0.17096197605133057,0.16785039007663727,0.3,0.2,1.0000000000000002e-07
45,24,0.1950182318687439,0.00727012800052762,0.34989309310913086,0.41390088200569153,0.3,0.2,1.0000000000000002e-07
45,25,0.08112975209951401,0.002583699068054557,0.19673657417297363,0.09762541204690933,0.3,0.2,1.0000000000000002e-07
45,26,0.10250099003314972,0.007499689236283302,0.21912378072738647,0.14632081985473633,0.3,0.2,1.0000000000000002e-07
45,27,0.061709411442279816,0.0040544187650084496,0.0830337405204773,0.16372434794902802,0.3,0.2,1.0000000000000002e-07
45,28,0.09597715735435486,0.003488801419734955,0.14756160974502563,0.24109932780265808,0.3,0.2,1.0000000000000002e-07
45,29,0.070021852850914,0.003862815909087658,0.11599451303482056,0.1568034142255783,0.3,0.2,1.0000000000000002e-07
45,30,0.0535317100584507,0.002878817729651928,0.10433942079544067,0.09675532579421997,0.3,0.2,1.0000000000000002e-07
45,31,0.04176533594727516,0.0032066493295133114,0.04413968324661255,0.12658390402793884,0.3,0.2,1.0000000000000002e-07
45,32,0.13222818076610565,0.0044178711250424385,0.1684044599533081,0.3864448368549347,0.3,0.2,1.0000000000000002e-07
45,33,0.1043693870306015,0.0044989013113081455,0.14739304780960083,0.27826282382011414,0.3,0.2,1.0000000000000002e-07
45,34,0.0437040776014328,0.001405871706083417,0.042122602462768555,0.14830711483955383,0.3,0.2,1.0000000000000002e-07
45,35,0.05292351543903351,0.006212431937456131,0.03399300575256348,0.18256589770317078,0.3,0.2,1.0000000000000002e-07
45,36,0.03852546215057373,0.004151629749685526,0.03558391332626343,0.11849328130483627,0.3,0.2,1.0000000000000002e-07
45,37,0.045180875808000565,0.0015626638196408749,0.032927513122558594,0.16869978606700897,0.3,0.2,1.0000000000000002e-07
45,38,0.1374889463186264,0.010361606255173683,0.2664729356765747,0.23592731356620789,0.3,0.2,1.0000000000000002e-07
45,39,0.076671302318573,0.009435114450752735,0.09914761781692505,0.18745948374271393,0.3,0.2,1.0000000000000002e-07
45,40,0.2687641978263855,0.018342480063438416,0.5286877751350403,0.4590768814086914,0.3,0.2,1.0000000000000002e-07
45,41,0.10205486416816711,0.006081610452383757,0.13410556316375732,0.278707891702652,0.3,0.2,1.0000000000000002e-07
45,42,0.08339042961597443,0.011078245006501675,0.043175697326660156,0.29679739475250244,0.3,0.2,1.0000000000000002e-07
45,43,0.08596064895391464,0.004067291039973497,0.2144579291343689,0.08777987211942673,0.3,0.2,1.0000000000000002e-07
45,44,0.04131469503045082,0.002006759401410818,0.04621422290802002,0.1272183358669281,0.3,0.2,1.0000000000000002e-07
45,45,0.04675173759460449,0.008283283561468124,0.038752853870391846,0.13421298563480377,0.3,0.2,1.0000000000000002e-07
45,46,0.03149009123444557,0.0032557537779212,0.04125821590423584,0.07928436249494553,0.3,0.2,1.0000000000000002e-07
45,47,0.08357543498277664,0.002691475674510002,0.1420353651046753,0.1913667470216751,0.3,0.2,1.0000000000000002e-07
45,48,0.05250522121787071,0.006365804933011532,0.03155738115310669,0.1833609938621521,0.3,0.2,1.0000000000000002e-07
45,49,0.04966359958052635,0.008224306628108025,0.03397524356842041,0.15623359382152557,0.3,0.2,1.0000000000000002e-07
45,50,0.06029386818408966,0.004880824126303196,0.11603891849517822,0.10300683230161667,0.3,0.2,1.0000000000000002e-07
45,51,0.137994647026062,0.005423281341791153,0.200567364692688,0.36200571060180664,0.3,0.2,1.0000000000000002e-07
45,52,0.05736861377954483,0.003431154415011406,0.09666109085083008,0.12469565123319626,0.3,0.2,1.0000000000000002e-07
45,53,0.07877618074417114,0.010360188782215118,0.06671667098999023,0.24200497567653656,0.3,0.2,1.0000000000000002e-07
45,54,0.061140671372413635,0.003205275861546397,0.11267751455307007,0.1206607073545456,0.3,0.2,1.0000000000000002e-07
45,55,0.058367740362882614,0.011155040934681892,0.044172048568725586,0.1698054075241089,0.3,0.2,1.0000000000000002e-07
45,56,0.08217616379261017,0.010570756159722805,0.08837193250656128,0.22546912729740143,0.3,0.2,1.0000000000000002e-07
45,57,0.08331242203712463,0.005191375967115164,0.13056683540344238,0.194754958152771,0.3,0.2,1.0000000000000002e-07
45,58,0.10512761771678925,0.008532672189176083,0.13024872541427612,0.28760164976119995,0.3,0.2,1.0000000000000002e-07
45,59,0.2756606638431549,0.020272118970751762,0.5636836290359497,0.4314172565937042,0.3,0.2,1.0000000000000002e-07
45,60,0.08651489019393921,0.013862372376024723,0.08700251579284668,0.2327587902545929,0.3,0.2,1.0000000000000002e-07
45,61,0.2148951292037964,0.010804519057273865,0.336712121963501,0.5153848528862,0.3,0.2,1.0000000000000002e-07
45,62,0.04637870192527771,0.0012823141878470778,0.0943911075592041,0.0838952586054802,0.3,0.2,1.0000000000000002e-07
45,63,0.088340163230896,0.0025112032890319824,0.1330810785293579,0.2295231819152832,0.3,0.2,1.0000000000000002e-07
45,64,0.09545764327049255,0.012194526381790638,0.08061754703521729,0.2953892648220062,0.3,0.2,1.0000000000000002e-07
45,65,0.203279048204422,0.011208649724721909,0.29368627071380615,0.5198225378990173,0.3,0.2,1.0000000000000002e-07
45,66,0.07831643521785736,0.009431994520127773,0.09727609157562256,0.19850802421569824,0.3,0.2,1.0000000000000002e-07
45,67,0.051654890179634094,0.0032182717695832253,0.09048968553543091,0.10644854605197906,0.3,0.2,1.0000000000000002e-07
45,68,0.07212464511394501,0.009349438361823559,0.07237792015075684,0.2053091675043106,0.3,0.2,1.0000000000000002e-07
45,69,0.0980832427740097,0.00580074917525053,0.13938558101654053,0.2523340880870819,0.3,0.2,1.0000000000000002e-07
45,70,0.09640482813119888,0.0034134709276258945,0.13573431968688965,0.26135528087615967,0.3,0.2,1.0000000000000002e-07
45,71,0.048750631511211395,0.003316122805699706,0.07067650556564331,0.12115779519081116,0.3,0.2,1.0000000000000002e-07
45,72,0.05288001894950867,0.010503534227609634,0.04279589653015137,0.1476885825395584,0.3,0.2,1.0000000000000002e-07
45,73,0.04808535799384117,0.003098501591011882,0.04961979389190674,0.15050458908081055,0.3,0.2,1.0000000000000002e-07
45,74,0.13461099565029144,0.006125814281404018,0.15764033794403076,0.4059653878211975,0.3,0.2,1.0000000000000002e-07
45,75,0.06820522248744965,0.008307776413857937,0.03797358274459839,0.2425268292427063,0.3,0.2,1.0000000000000002e-07
45,76,0.08250869065523148,0.009721281938254833,0.09821832180023193,0.21660955250263214,0.3,0.2,1.0000000000000002e-07
45,77,0.10625104606151581,0.006348103284835815,0.1364184021949768,0.29488712549209595,0.3,0.2,1.0000000000000002e-07
45,78,0.053879737854003906,0.003154633566737175,0.07177227735519409,0.14596709609031677,0.3,0.2,1.0000000000000002e-07
45,79,0.11933516710996628,0.009466387331485748,0.1411697268486023,0.337589293718338,0.3,0.2,1.0000000000000002e-07
45,80,0.05862915515899658,0.003336559049785137,0.03004544973373413,0.23139479756355286,0.3,0.2,1.0000000000000002e-07
45,81,0.19123581051826477,0.011074291542172432,0.3091367483139038,0.4371024966239929,0.3,0.2,1.0000000000000002e-07
45,82,0.07678993046283722,0.0037023075856268406,0.14226830005645752,0.1520356684923172,0.3,0.2,1.0000000000000002e-07
45,83,0.05396474152803421,0.002615644596517086,0.08466452360153198,0.12974868714809418,0.3,0.2,1.0000000000000002e-07
45,84,0.07192536443471909,0.007569944020360708,0.1372692584991455,0.11587320268154144,0.3,0.2,1.0000000000000002e-07
45,85,0.1165909469127655,0.011382595635950565,0.17098480463027954,0.26956450939178467,0.3,0.2,1.0000000000000002e-07
45,86,0.14242985844612122,0.005095251370221376,0.1248018741607666,0.49947020411491394,0.3,0.2,1.0000000000000002e-07
45,87,0.05891944468021393,0.001363083953037858,0.09414124488830566,0.14656992256641388,0.3,0.2,1.0000000000000002e-07
45,88,0.046049319207668304,0.0010414408752694726,0.030078768730163574,0.1799212396144867,0.3,0.2,1.0000000000000002e-07
45,89,0.04505964368581772,0.002305801259353757,0.03632146120071411,0.15928702056407928,0.3,0.2,1.0000000000000002e-07
45,90,0.04417043924331665,0.005928431637585163,0.034050941467285156,0.14013363420963287,0.3,0.2,1.0000000000000002e-07
45,91,0.08134188503026962,0.004273757804185152,0.2134619951248169,0.06514763087034225,0.3,0.2,1.0000000000000002e-07
45,92,0.08057815581560135,0.002553729573264718,0.1692866086959839,0.136192187666893,0.3,0.2,1.0000000000000002e-07
45,93,0.08942636847496033,0.004574371036142111,0.19679570198059082,0.12906640768051147,0.3,0.2,1.0000000000000002e-07
45,94,0.09983180463314056,0.0048502348363399506,0.11423033475875854,0.30356231331825256,0.3,0.2,1.0000000000000002e-07
45,95,0.05812780559062958,0.011689377017319202,0.039910197257995605,0.17232683300971985,0.3,0.2,1.0000000000000002e-07
45,96,0.07550977170467377,0.0018158952007070184,0.1383618712425232,0.16092658042907715,0.3,0.2,1.0000000000000002e-07
45,97,0.07719040662050247,0.0052300794050097466,0.08961135149002075,0.22538460791110992,0.3,0.2,1.0000000000000002e-07
45,98,0.0753721371293068,0.003913117107003927,0.17561542987823486,0.09387193620204926,0.3,0.2,1.0000000000000002e-07
46,0,0.058295927941799164,0.007564021740108728,0.05777323246002197,0.1669996678829193,0.3,0.2,1.0000000000000002e-07
46,1,0.06059359014034271,0.0026158257387578487,0.08466482162475586,0.16289158165454865,0.3,0.2,1.0000000000000002e-07
46,2,0.09637563675642014,0.004499720875173807,0.14738839864730835,0.23829695582389832,0.3,0.2,1.0000000000000002e-07
46,3,0.06066888943314552,0.008283683098852634,0.03875231742858887,0.20379754900932312,0.3,0.2,1.0000000000000002e-07
46,4,0.21423748135566711,0.009233981370925903,0.397956907749176,0.428082138299942,0.3,0.2,1.0000000000000002e-07
46,5,0.15694177150726318,0.005098697263747454,0.23843234777450562,0.4015668034553528,0.3,0.2,1.0000000000000002e-07
46,6,0.037129323929548264,0.0032063708640635014,0.04413872957229614,0.10340666025876999,0.3,0.2,1.0000000000000002e-07
46,7,0.058780573308467865,0.003335680114105344,0.030044078826904297,0.2321583330631256,0.3,0.2,1.0000000000000002e-07
46,8,0.05882761627435684,0.001362987793982029,0.09414112567901611,0.14611145853996277,0.3,0.2,1.0000000000000002e-07
46,9,0.03120037354528904,0.003255933988839388,0.04125910997390747,0.07783353328704834,0.3,0.2,1.0000000000000002e-07
46,10,0.08373165130615234,0.012011202052235603,0.07207506895065308,0.25048965215682983,0.3,0.2,1.0000000000000002e-07
46,11,0.049023646861314774,0.004150851164013147,0.0355832576751709,0.17098908126354218,0.3,0.2,1.0000000000000002e-07
46,12,0.03958062455058098,0.0015804043505340815,0.03276169300079346,0.14085856080055237,0.3,0.2,1.0000000000000002e-07
46,13,0.21598801016807556,0.009717349894344807,0.34893256425857544,0.507954478263855,0.3,0.2,1.0000000000000002e-07
46,14,0.060512974858284,0.003317681374028325,0.07067030668258667,0.17997097969055176,0.3,0.2,1.0000000000000002e-07
46,15,0.07894884794950485,0.01227249950170517,0.06664043664932251,0.23342107236385345,0.3,0.2,1.0000000000000002e-07
46,16,0.2033606916666031,0.008719496428966522,0.36421746015548706,0.42687973380088806,0.3,0.2,1.0000000000000002e-07
46,17,0.06789366900920868,0.01115546002984047,0.044173359870910645,0.21743100881576538,0.3,0.2,1.0000000000000002e-07
46,18,0.05676843225955963,0.003098739543929696,0.04962044954299927,0.19391778111457825,0.3,0.2,1.0000000000000002e-07
46,19,0.2642005980014801,0.01913313753902912,0.509772539138794,0.46067848801612854,0.3,0.2,1.0000000000000002e-07
46,20,0.19894371926784515,0.012204046361148357,0.37021034955978394,0.3783828318119049,0.3,0.2,1.0000000000000002e-07
46,21,0.117140993475914,0.0113821504637599,0.1709839105606079,0.2723183333873749,0.3,0.2,1.0000000000000002e-07
46,22,0.29904791712760925,0.02342197299003601,0.5966302156448364,0.48318442702293396,0.3,0.2,1.0000000000000002e-07
46,23,0.060490477830171585,0.007035247515887022,0.13178908824920654,0.06959250569343567,0.3,0.2,1.0000000000000002e-07
46,24,0.08027958869934082,0.00830951239913702,0.037973225116729736,0.30289050936698914,0.3,0.2,1.0000000000000002e-07
46,25,0.05641030892729759,0.00505403894931078,0.10170149803161621,0.10422909259796143,0.3,0.2,1.0000000000000002e-07
46,26,0.07953943312168121,0.010569870471954346,0.08836942911148071,0.21229365468025208,0.3,0.2,1.0000000000000002e-07
46,27,0.20438416302204132,0.010394791141152382,0.2955284118652344,0.5266542434692383,0.3,0.2,1.0000000000000002e-07
46,28,0.10710091143846512,0.009720469824969769,0.09821569919586182,0.33957865834236145,0.3,0.2,1.0000000000000002e-07
46,29,0.06063227355480194,0.004204368684440851,0.05552530288696289,0.1988515555858612,0.3,0.2,1.0000000000000002e-07
46,30,0.1051209345459938,0.004584869369864464,0.15652072429656982,0.26789921522140503,0.3,0.2,1.0000000000000002e-07
46,31,0.07367228716611862,0.003913118038326502,0.1756156086921692,0.08537241816520691,0.3,0.2,1.0000000000000002e-07
46,32,0.09210027754306793,0.004067278001457453,0.2144511342048645,0.11848825216293335,0.3,0.2,1.0000000000000002e-07
46,33,0.2820490002632141,0.0319012887775898,0.5780293941497803,0.3836943805217743,0.3,0.2,1.0000000000000002e-07
46,34,0.07642718404531479,0.005307329818606377,0.06486982107162476,0.25829455256462097,0.3,0.2,1.0000000000000002e-07
46,35,0.09859176725149155,0.012193719856441021,0.08061611652374268,0.31106606125831604,0.3,0.2,1.0000000000000002e-07
46,36,0.08407741039991379,0.0025838157162070274,0.19672870635986328,0.11237487941980362,0.3,0.2,1.0000000000000002e-07
46,37,0.06030286103487015,0.0032052318565547466,0.11267620325088501,0.11647381633520126,0.3,0.2,1.0000000000000002e-07
46,38,0.13441523909568787,0.010361363179981709,0.26644665002822876,0.22059936821460724,0.3,0.2,1.0000000000000002e-07
46,39,0.03707022964954376,0.0062122344970703125,0.033989667892456055,0.10330546647310257,0.3,0.2,1.0000000000000002e-07
46,40,0.0847424864768982,0.0043966928496956825,0.2156786322593689,0.07821103185415268,0.3,0.2,1.0000000000000002e-07
46,41,0.04216389358043671,0.0014929658500477672,0.04157453775405884,0.14099282026290894,0.3,0.2,1.0000000000000002e-07
46,42,0.10041901469230652,0.007336268201470375,0.21709680557250977,0.13976852595806122,0.3,0.2,1.0000000000000002e-07
46,43,0.09823596477508545,0.004850443918257952,0.11423242092132568,0.2955789864063263,0.3,0.2,1.0000000000000002e-07
46,44,0.09013792872428894,0.015163595788180828,0.046481192111968994,0.3051498830318451,0.3,0.2,1.0000000000000002e-07
46,45,0.07653620839118958,0.0024469890631735325,0.14111781120300293,0.15876935422420502,0.3,0.2,1.0000000000000002e-07
46,46,0.11708779633045197,0.011181299574673176,0.19109976291656494,0.24288281798362732,0.3,0.2,1.0000000000000002e-07
46,47,0.10263168066740036,0.006082162261009216,0.13410836458206177,0.28158503770828247,0.3,0.2,1.0000000000000002e-07
46,48,0.07953618466854095,0.005191518925130367,0.13056474924087524,0.1758761703968048,0.3,0.2,1.0000000000000002e-07
46,49,0.1373710036277771,0.005483368411660194,0.14015859365463257,0.44920024275779724,0.3,0.2,1.0000000000000002e-07
46,50,0.09170825034379959,0.003922951873391867,0.17522388696670532,0.17609065771102905,0.3,0.2,1.0000000000000002e-07
46,51,0.12585590779781342,0.005261368118226528,0.1475333571434021,0.3816726505756378,0.3,0.2,1.0000000000000002e-07
46,52,0.076290562748909,0.003609276609495282,0.14179491996765137,0.15071402490139008,0.3,0.2,1.0000000000000002e-07
46,53,0.06514935195446014,0.0040542371571063995,0.08303099870681763,0.1809290647506714,0.3,0.2,1.0000000000000002e-07
46,54,0.09297656267881393,0.0018155683064833283,0.13835281133651733,0.2482757568359375,0.3,0.2,1.0000000000000002e-07
46,55,0.10163239389657974,0.003489068243652582,0.14755123853683472,0.2693897485733032,0.3,0.2,1.0000000000000002e-07
46,56,0.09013554453849792,0.010504042729735374,0.04279494285583496,0.33396509289741516,0.3,0.2,1.0000000000000002e-07
46,57,0.15205472707748413,0.005860850680619478,0.21352851390838623,0.41067659854888916,0.3,0.2,1.0000000000000002e-07
46,58,0.07997022569179535,0.004332044627517462,0.1921086311340332,0.09002795070409775,0.3,0.2,1.0000000000000002e-07
46,59,0.24325188994407654,0.018067026510834694,0.4796411395072937,0.40646252036094666,0.3,0.2,1.0000000000000002e-07
46,60,0.06998735666275024,0.011079958640038967,0.043173134326934814,0.22977730631828308,0.3,0.2,1.0000000000000002e-07
46,61,0.10167531669139862,0.005800844170153141,0.139379620552063,0.2703029215335846,0.3,0.2,1.0000000000000002e-07
46,62,0.04913861304521561,0.0010850384132936597,0.03212583065032959,0.1920791119337082,0.3,0.2,1.0000000000000002e-07
46,63,0.06340949237346649,0.0023252484388649464,0.11889004707336426,0.12708614766597748,0.3,0.2,1.0000000000000002e-07
46,64,0.09225882589817047,0.00341361784376204,0.13572484254837036,0.24063874781131744,0.3,0.2,1.0000000000000002e-07
46,65,0.058633334934711456,0.002866199938580394,0.10901302099227905,0.11531612277030945,0.3,0.2,1.0000000000000002e-07
46,66,0.049135901033878326,0.006365559529513121,0.031554579734802246,0.16651983559131622,0.3,0.2,1.0000000000000002e-07
46,67,0.046593185514211655,0.0012824239674955606,0.09438502788543701,0.08497626334428787,0.3,0.2,1.0000000000000002e-07
46,68,0.08568835258483887,0.00264666136354208,0.17132437229156494,0.15822188556194305,0.3,0.2,1.0000000000000002e-07
46,69,0.05486882105469704,0.0023069584276527166,0.03632241487503052,0.20832568407058716,0.3,0.2,1.0000000000000002e-07
46,70,0.06558708846569061,0.018073491752147675,0.044380009174346924,0.17099794745445251,0.3,0.2,1.0000000000000002e-07
46,71,0.07279488444328308,0.00940184947103262,0.09726351499557495,0.1710698902606964,0.3,0.2,1.0000000000000002e-07
46,72,0.11053542047739029,0.004528933670371771,0.1748487949371338,0.26775923371315,0.3,0.2,1.0000000000000002e-07
46,73,0.05577576905488968,0.003216933226212859,0.09048318862915039,0.1270693838596344,0.3,0.2,1.0000000000000002e-07
46,74,0.09730695188045502,0.010366345755755901,0.06671637296676636,0.3346284329891205,0.3,0.2,1.0000000000000002e-07
46,75,0.06730115413665771,0.005230594426393509,0.08961015939712524,0.17593757808208466,0.3,0.2,1.0000000000000002e-07
46,76,0.05060957372188568,0.00592840276658535,0.03404998779296875,0.1723308563232422,0.3,0.2,1.0000000000000002e-07
46,77,0.19457563757896423,0.011538579128682613,0.3103063702583313,0.4497257471084595,0.3,0.2,1.0000000000000002e-07
46,78,0.05760693550109863,0.0028790857177227736,0.10433351993560791,0.11713895201683044,0.3,0.2,1.0000000000000002e-07
46,79,0.07050751149654388,0.003431647550314665,0.09664487838745117,0.19041197001934052,0.3,0.2,1.0000000000000002e-07
46,80,0.03557337075471878,0.0020061919931322336,0.04621231555938721,0.09851741045713425,0.3,0.2,1.0000000000000002e-07
46,81,0.08617010712623596,0.009436342865228653,0.09914541244506836,0.2349507212638855,0.3,0.2,1.0000000000000002e-07
46,82,0.04151700437068939,0.008227252401411533,0.03397613763809204,0.11548455059528351,0.3,0.2,1.0000000000000002e-07
46,83,0.08467938005924225,0.0038632492069154978,0.11597973108291626,0.2301110327243805,0.3,0.2,1.0000000000000002e-07
46,84,0.13363578915596008,0.004210084676742554,0.18041551113128662,0.3765052556991577,0.3,0.2,1.0000000000000002e-07
46,85,0.08012668788433075,0.009349167346954346,0.07237327098846436,0.24532771110534668,0.3,0.2,1.0000000000000002e-07
46,86,0.0795382708311081,0.002510644495487213,0.13306790590286255,0.18553626537322998,0.3,0.2,1.0000000000000002e-07
46,87,0.1540309190750122,0.004659910686314106,0.25262629985809326,0.3679156005382538,0.3,0.2,1.0000000000000002e-07
46,88,0.11106254905462265,0.006348521914333105,0.13641804456710815,0.3189430832862854,0.3,0.2,1.0000000000000002e-07
46,89,0.055846668779850006,0.0031544084195047617,0.07176655530929565,0.15581145882606506,0.3,0.2,1.0000000000000002e-07
46,90,0.07543570548295975,0.004115942865610123,0.07714110612869263,0.2408871352672577,0.3,0.2,1.0000000000000002e-07
46,91,0.0426596999168396,0.001270064152777195,0.0395469069480896,0.1476278156042099,0.3,0.2,1.0000000000000002e-07
46,92,0.10137753188610077,0.008532571606338024,0.1302434206008911,0.2688596546649933,0.3,0.2,1.0000000000000002e-07
46,93,0.07570521533489227,0.008738482370972633,0.07515239715576172,0.22210507094860077,0.3,0.2,1.0000000000000002e-07
46,94,0.06893786787986755,0.007570118177682161,0.13726180791854858,0.10094601660966873,0.3,0.2,1.0000000000000002e-07
46,95,0.09084723889827728,0.01386222429573536,0.08699899911880493,0.2544265389442444,0.3,0.2,1.0000000000000002e-07
46,96,0.11007185280323029,0.00946752168238163,0.1411702036857605,0.2912663519382477,0.3,0.2,1.0000000000000002e-07
46,97,0.07201991230249405,0.011687247082591057,0.03990471363067627,0.2418062388896942,0.3,0.2,1.0000000000000002e-07
46,98,0.06792929768562317,0.004883268848061562,0.11603021621704102,0.14118479192256927,0.3,0.2,1.0000000000000002e-07
47,0,0.07120770215988159,0.011079027317464352,0.04317134618759155,0.235886350274086,0.3,0.2,1.0000000000000002e-07
47,1,0.08328473567962646,0.015162910334765911,0.04647630453109741,0.2708946764469147,0.3,0.2,1.0000000000000002e-07
47,2,0.20554524660110474,0.009375682100653648,0.366102933883667,0.43169334530830383,0.3,0.2,1.0000000000000002e-07
47,3,0.06162259727716446,0.007563854567706585,0.057771384716033936,0.1836366355419159,0.3,0.2,1.0000000000000002e-07
47,4,0.07499412447214127,0.0026905492413789034,0.14307159185409546,0.14691045880317688,0.3,0.2,1.0000000000000002e-07
47,5,0.07645007967948914,0.007569669745862484,0.137259840965271,0.1385122686624527,0.3,0.2,1.0000000000000002e-07
47,6,0.29215362668037415,0.023858193308115005,0.5963877439498901,0.4468955099582672,0.3,0.2,1.0000000000000002e-07
47,7,0.08313822001218796,0.004429685417562723,0.21448302268981934,0.07181813567876816,0.3,0.2,1.0000000000000002e-07
47,8,0.10429299622774124,0.007754054851830006,0.21778374910354614,0.15601906180381775,0.3,0.2,1.0000000000000002e-07
47,9,0.06673327833414078,0.002325560664758086,0.11888164281845093,0.14371611177921295,0.3,0.2,1.0000000000000002e-07
47,10,0.0485319159924984,0.0032166428864002228,0.09048378467559814,0.09085068106651306,0.3,0.2,1.0000000000000002e-07
47,11,0.08833185583353043,0.0058016665279865265,0.13938164710998535,0.20357847213745117,0.3,0.2,1.0000000000000002e-07
47,12,0.07933694124221802,0.01057021040469408,0.0883704423904419,0.21127799153327942,0.3,0.2,1.0000000000000002e-07
47,13,0.19541478157043457,0.012110652402043343,0.36000925302505493,0.3765067458152771,0.3,0.2,1.0000000000000002e-07
47,14,0.044541168957948685,0.0023062394466251135,0.03632169961929321,0.15669210255146027,0.3,0.2,1.0000000000000002e-07
47,15,0.08202320337295532,0.002520725829526782,0.17157167196273804,0.1401548832654953,0.3,0.2,1.0000000000000002e-07
47,16,0.10351243615150452,0.004799944348633289,0.15892350673675537,0.25517717003822327,0.3,0.2,1.0000000000000002e-07
47,17,0.06919635832309723,0.005306852050125599,0.06486552953720093,0.22214925289154053,0.3,0.2,1.0000000000000002e-07
47,18,0.10823830962181091,0.008532395586371422,0.13024580478668213,0.3031608462333679,0.3,0.2,1.0000000000000002e-07
47,19,0.07389804720878601,0.01807173155248165,0.04437953233718872,0.21256229281425476,0.3,0.2,1.0000000000000002e-07
47,20,0.0803481787443161,0.00873864907771349,0.0751563310623169,0.2453131526708603,0.3,0.2,1.0000000000000002e-07
47,21,0.1910964548587799,0.011600032448768616,0.2982683777809143,0.45007947087287903,0.3,0.2,1.0000000000000002e-07
47,22,0.06422461569309235,0.0034312675707042217,0.09664249420166016,0.15900300443172455,0.3,0.2,1.0000000000000002e-07
47,23,0.054356396198272705,0.0030980051960796118,0.04961657524108887,0.1818670928478241,0.3,0.2,1.0000000000000002e-07
47,24,0.1113663911819458,0.004659201484173536,0.2526237368583679,0.1546003222465515,0.3,0.2,1.0000000000000002e-07
47,25,0.05703142285346985,0.00286590913310647,0.10900872945785522,0.10731445997953415,0.3,0.2,1.0000000000000002e-07
47,26,0.06601756066083908,0.00505354069173336,0.10170239210128784,0.1522665023803711,0.3,0.2,1.0000000000000002e-07
47,27,0.06076701730489731,0.0033366824500262737,0.030044496059417725,0.24208492040634155,0.3,0.2,1.0000000000000002e-07
47,28,0.08222222328186035,0.0025830017402768135,0.1967119574546814,0.10312817990779877,0.3,0.2,1.0000000000000002e-07
47,29,0.09428335726261139,0.0034135926980525255,0.13572239875793457,0.25076523423194885,0.3,0.2,1.0000000000000002e-07
47,30,0.09782657027244568,0.004850470926612616,0.11423152685165405,0.29353320598602295,0.3,0.2,1.0000000000000002e-07
47,31,0.06456815451383591,0.0013632437912747264,0.09413540363311768,0.17482145130634308,0.3,0.2,1.0000000000000002e-07
47,32,0.04891372472047806,0.0028771874494850636,0.10433191061019897,0.07368481159210205,0.3,0.2,1.0000000000000002e-07
47,33,0.08886854350566864,0.0051918174140155315,0.13055890798568726,0.22254525125026703,0.3,0.2,1.0000000000000002e-07
47,34,0.07645143568515778,0.003913541790097952,0.1756015419960022,0.09928715974092484,0.3,0.2,1.0000000000000002e-07
47,35,0.1032971739768982,0.0034898731391876936,0.14755231142044067,0.2777079939842224,0.3,0.2,1.0000000000000002e-07
47,36,0.06421069800853729,0.01050377544015646,0.04279118776321411,0.20434781908988953,0.3,0.2,1.0000000000000002e-07
47,37,0.0941752940416336,0.012011025100946426,0.07207512855529785,0.3027086555957794,0.3,0.2,1.0000000000000002e-07
47,38,0.04090307652950287,0.005927698686718941,0.0340501070022583,0.12380172312259674,0.3,0.2,1.0000000000000002e-07
47,39,0.12929102778434753,0.0053128525614738464,0.1577865481376648,0.38321107625961304,0.3,0.2,1.0000000000000002e-07
47,40,0.1024068146944046,0.006349082104861736,0.13642120361328125,0.2756568491458893,0.3,0.2,1.0000000000000002e-07
47,41,0.07360082864761353,0.003670536680147052,0.14407563209533691,0.13353799283504486,0.3,0.2,1.0000000000000002e-07
47,42,0.09813345968723297,0.002511187456548214,0.1330568790435791,0.2785260081291199,0.3,0.2,1.0000000000000002e-07
47,43,0.06159134581685066,0.008307377807796001,0.03796929121017456,0.209465891122818,0.3,0.2,1.0000000000000002e-07
47,44,0.0572761632502079,0.004054080229252577,0.08302468061447144,0.14157338440418243,0.3,0.2,1.0000000000000002e-07
47,45,0.0610702708363533,0.009350715205073357,0.0723770260810852,0.15003223717212677,0.3,0.2,1.0000000000000002e-07
47,46,0.033991459757089615,0.0032566615846008062,0.04125446081161499,0.09179230034351349,0.3,0.2,1.0000000000000002e-07
47,47,0.159234419465065,0.004945921711623669,0.23771774768829346,0.4148658812046051,0.3,0.2,1.0000000000000002e-07
47,48,0.045134611427783966,0.0012686317786574364,0.039815664291381836,0.15960639715194702,0.3,0.2,1.0000000000000002e-07
47,49,0.21656785905361176,0.009981775656342506,0.3247058391571045,0.5458716154098511,0.3,0.2,1.0000000000000002e-07
47,50,0.0644959956407547,0.011156498454511166,0.04417288303375244,0.20043814182281494,0.3,0.2,1.0000000000000002e-07
47,51,0.10580357909202576,0.01138264685869217,0.1709754467010498,0.21564145386219025,0.3,0.2,1.0000000000000002e-07
47,52,0.03590875864028931,0.0020061179529875517,0.04621148109436035,0.10019596666097641,0.3,0.2,1.0000000000000002e-07
47,53,0.06513756513595581,0.007035545073449612,0.13177984952926636,0.0928402915596962,0.3,0.2,1.0000000000000002e-07
47,54,0.1583113670349121,0.0045501599088311195,0.19302326440811157,0.4792711138725281,0.3,0.2,1.0000000000000002e-07
47,55,0.09630632400512695,0.009721549227833748,0.09820806980133057,0.28561174869537354,0.3,0.2,1.0000000000000002e-07
47,56,0.07865273952484131,0.011688928119838238,0.03990495204925537,0.2749616205692291,0.3,0.2,1.0000000000000002e-07
47,57,0.10435082018375397,0.006082350853830576,0.1340985894203186,0.29019442200660706,0.3,0.2,1.0000000000000002e-07
47,58,0.19237089157104492,0.008081418462097645,0.3699708580970764,0.36649107933044434,0.3,0.2,1.0000000000000002e-07
47,59,0.058516692370176315,0.0031541220378130674,0.07176530361175537,0.16916489601135254,0.3,0.2,1.0000000000000002e-07
47,60,0.043886542320251465,0.0010761087760329247,0.030877649784088135,0.16773568093776703,0.3,0.2,1.0000000000000002e-07
47,61,0.06949399411678314,0.005229605827480555,0.08960437774658203,0.18691536784172058,0.3,0.2,1.0000000000000002e-07
47,62,0.08682835102081299,0.004499182570725679,0.14737707376480103,0.19058023393154144,0.3,0.2,1.0000000000000002e-07
47,63,0.038897544145584106,0.004149872809648514,0.03557974100112915,0.12036874890327454,0.3,0.2,1.0000000000000002e-07
47,64,0.05775156244635582,0.004882077220827341,0.11602950096130371,0.09030316025018692,0.3,0.2,1.0000000000000002e-07
47,65,0.08100198209285736,0.003862919518724084,0.11597687005996704,0.21172995865345,0.3,0.2,1.0000000000000002e-07
47,66,0.04041824862360954,0.0012655655154958367,0.04045116901397705,0.13508665561676025,0.3,0.2,1.0000000000000002e-07
47,67,0.28300538659095764,0.03122713230550289,0.5531125068664551,0.4292224943637848,0.3,0.2,1.0000000000000002e-07
47,68,0.07340036332607269,0.0018156858859583735,0.1383427381515503,0.1504092663526535,0.3,0.2,1.0000000000000002e-07
47,69,0.11148664355278015,0.009466597810387611,0.14116817712783813,0.29834797978401184,0.3,0.2,1.0000000000000002e-07
47,70,0.07396900653839111,0.010362262837588787,0.06671333312988281,0.21796371042728424,0.3,0.2,1.0000000000000002e-07
47,71,0.08234785497188568,0.012271099723875523,0.06663095951080322,0.25043731927871704,0.3,0.2,1.0000000000000002e-07
47,72,0.15340599417686462,0.004359276965260506,0.12930989265441895,0.5512686967849731,0.3,0.2,1.0000000000000002e-07
47,73,0.07049958407878876,0.009435306303203106,0.09913814067840576,0.15661413967609406,0.3,0.2,1.0000000000000002e-07
47,74,0.08765704929828644,0.004067135043442249,0.21443474292755127,0.09629741311073303,0.3,0.2,1.0000000000000002e-07
47,75,0.035812459886074066,0.003207323607057333,0.044137656688690186,0.0968191847205162,0.3,0.2,1.0000000000000002e-07
47,76,0.04868395999073982,0.001282326877117157,0.09438222646713257,0.09543482214212418,0.3,0.2,1.0000000000000002e-07
47,77,0.10506941378116608,0.004529801197350025,0.17485350370407104,0.24041776359081268,0.3,0.2,1.0000000000000002e-07
47,78,0.04711844399571419,0.0033170098904520273,0.07066947221755981,0.1130029559135437,0.3,0.2,1.0000000000000002e-07
47,79,0.044245071709156036,0.006364861968904734,0.03155553340911865,0.14206773042678833,0.3,0.2,1.0000000000000002e-07
47,80,0.057649899274110794,0.0032048195134848356,0.11266893148422241,0.10322199761867523,0.3,0.2,1.0000000000000002e-07
47,81,0.051252782344818115,0.006210206542164087,0.033988118171691895,0.1742306798696518,0.3,0.2,1.0000000000000002e-07
47,82,0.08495733141899109,0.004667170811444521,0.19496244192123413,0.10900711268186569,0.3,0.2,1.0000000000000002e-07
47,83,0.09217220544815063,0.013863424770534039,0.0870012640953064,0.2610419988632202,0.3,0.2,1.0000000000000002e-07
47,84,0.058007966727018356,0.004204038064926863,0.05551999807357788,0.1857396364212036,0.3,0.2,1.0000000000000002e-07
47,85,0.040847472846508026,0.0014685647329315543,0.03225666284561157,0.14850953221321106,0.3,0.2,1.0000000000000002e-07
47,86,0.092994824051857,0.012193876318633556,0.08061516284942627,0.283081978559494,0.3,0.2,1.0000000000000002e-07
47,87,0.04999314621090889,0.0026157500687986612,0.08465820550918579,0.10989966243505478,0.3,0.2,1.0000000000000002e-07
47,88,0.04545099288225174,0.008283276110887527,0.03875166177749634,0.12771110236644745,0.3,0.2,1.0000000000000002e-07
47,89,0.12739548087120056,0.010361285880208015,0.2664453387260437,0.18550296127796173,0.3,0.2,1.0000000000000002e-07
47,90,0.09112296253442764,0.0038698557764291763,0.17349320650100708,0.17602570354938507,0.3,0.2,1.0000000000000002e-07
47,91,0.1211918443441391,0.011180872097611427,0.19109463691711426,0.26341286301612854,0.3,0.2,1.0000000000000002e-07
47,92,0.14664989709854126,0.0055165658704936504,0.19528627395629883,0.4127371907234192,0.3,0.2,1.0000000000000002e-07
47,93,0.051907893270254135,0.008225117810070515,0.03397536277770996,0.16745083034038544,0.3,0.2,1.0000000000000002e-07
47,94,0.26497340202331543,0.01756720244884491,0.5292634963989258,0.44313567876815796,0.3,0.2,1.0000000000000002e-07
47,95,0.10008564591407776,0.004114954732358456,0.07713836431503296,0.3641458749771118,0.3,0.2,1.0000000000000002e-07
47,96,0.07298385351896286,0.009402185678482056,0.09726250171661377,0.17201456427574158,0.3,0.2,1.0000000000000002e-07
47,97,0.25984248518943787,0.019979150965809822,0.5138750076293945,0.428504079580307,0.3,0.2,1.0000000000000002e-07
47,98,0.21218445897102356,0.010245862416923046,0.3222142457962036,0.5263715386390686,0.3,0.2,1.0000000000000002e-07
48,0,0.2886956036090851,0.022511640563607216,0.5921353101730347,0.4427167475223541,0.3,0.2,1.0000000000000002e-07
48,1,0.04061250016093254,0.006365124601870775,0.03155547380447388,0.12390366196632385,0.3,0.2,1.0000000000000002e-07
48,2,0.09521248936653137,0.005800967570394278,0.13937675952911377,0.23799245059490204,0.3,0.2,1.0000000000000002e-07
48,3,0.07612226158380508,0.00505444873124361,0.10169672966003418,0.20279395580291748,0.3,0.2,1.0000000000000002e-07
48,4,0.04732285067439079,0.0009746967698447406,0.031498849391937256,0.18449248373508453,0.3,0.2,1.0000000000000002e-07
48,5,0.05747974291443825,0.006210619583725929,0.03398740291595459,0.20536449551582336,0.3,0.2,1.0000000000000002e-07
48,6,0.042131565511226654,0.004151583183556795,0.03558218479156494,0.13652664422988892,0.3,0.2,1.0000000000000002e-07
48,7,0.07428278028964996,0.009720955975353718,0.09820455312728882,0.17550227046012878,0.3,0.2,1.0000000000000002e-07
48,8,0.07346474379301071,0.009349535219371319,0.07237464189529419,0.2120140641927719,0.3,0.2,1.0000000000000002e-07
48,9,0.0972459465265274,0.0034131351858377457,0.13571828603744507,0.26558664441108704,0.3,0.2,1.0000000000000002e-07
48,10,0.050163090229034424,0.010503487661480904,0.042789578437805176,0.1341136246919632,0.3,0.2,1.0000000000000002e-07
48,11,0.09993457794189453,0.004850074648857117,0.11422896385192871,0.3040790259838104,0.3,0.2,1.0000000000000002e-07
48,12,0.11514337360858917,0.011182226240634918,0.19109392166137695,0.23316484689712524,0.3,0.2,1.0000000000000002e-07
48,13,0.0408189631998539,0.0012524980120360851,0.042679786682128906,0.13381263613700867,0.3,0.2,1.0000000000000002e-07
48,14,0.06409244239330292,0.007035721559077501,0.13178187608718872,0.08761077374219894,0.3,0.2,1.0000000000000002e-07
48,15,0.10855548083782196,0.008533058688044548,0.13024580478668213,0.30474337935447693,0.3,0.2,1.0000000000000002e-07
48,16,0.04959111288189888,0.0031542940996587276,0.07176494598388672,0.1245366707444191,0.3,0.2,1.0000000000000002e-07
48,17,0.1899123638868332,0.00959045346826315,0.2742179036140442,0.49028265476226807,0.3,0.2,1.0000000000000002e-07
48,18,0.07241229712963104,0.00232574506662786,0.11887919902801514,0.17211395502090454,0.3,0.2,1.0000000000000002e-07
48,19,0.10060559958219528,0.012195486575365067,0.08061909675598145,0.3211219012737274,0.3,0.2,1.0000000000000002e-07
48,20,0.05614893138408661,0.00822229590266943,0.0339701771736145,0.18867790699005127,0.3,0.2,1.0000000000000002e-07
48,21,0.06744438409805298,0.011079379357397556,0.043172597885131836,0.21706612408161163,0.3,0.2,1.0000000000000002e-07
48,22,0.13825412094593048,0.010360604152083397,0.2664356231689453,0.23981408774852753,0.3,0.2,1.0000000000000002e-07
48,23,0.060394711792469025,0.003431336721405387,0.09664690494537354,0.13984651863574982,0.3,0.2,1.0000000000000002e-07
48,24,0.1166231781244278,0.005119908135384321,0.1270005702972412,0.3670154809951782,0.3,0.2,1.0000000000000002e-07
48,25,0.12413050979375839,0.005452265962958336,0.15829533338546753,0.35594820976257324,0.3,0.2,1.0000000000000002e-07
48,26,0.057915858924388885,0.0013625923311337829,0.09413599967956543,0.1415623128414154,0.3,0.2,1.0000000000000002e-07
48,27,0.09415143728256226,0.015155746601521969,0.04647868871688843,0.3252604305744171,0.3,0.2,1.0000000000000002e-07
48,28,0.10277582705020905,0.0045297229662537575,0.17484605312347412,0.22896140813827515,0.3,0.2,1.0000000000000002e-07
48,29,0.27075955271720886,0.020917216315865517,0.5404024124145508,0.4386080503463745,0.3,0.2,1.0000000000000002e-07
48,30,0.08149593323469162,0.002510957419872284,0.13305789232254028,0.19533804059028625,0.3,0.2,1.0000000000000002e-07
48,31,0.2591860294342041,0.018646707758307457,0.4947991967201233,0.4604978561401367,0.3,0.2,1.0000000000000002e-07
48,32,0.07948804646730423,0.0025901475455611944,0.1416122317314148,0.17207112908363342,0.3,0.2,1.0000000000000002e-07
48,33,0.05396849289536476,0.00420263409614563,0.055513978004455566,0.165558323264122,0.3,0.2,1.0000000000000002e-07
48,34,0.21866783499717712,0.010174031369388103,0.325630247592926,0.5540236234664917,0.3,0.2,1.0000000000000002e-07
48,35,0.029002021998167038,0.003255563322454691,0.04125320911407471,0.06685248017311096,0.3,0.2,1.0000000000000002e-07
48,36,0.11951812356710434,0.011383344419300556,0.17097294330596924,0.28421446681022644,0.3,0.2,1.0000000000000002e-07
48,37,0.09382134675979614,0.010361498221755028,0.06671440601348877,0.3172276020050049,0.3,0.2,1.0000000000000002e-07
48,38,0.04912164807319641,0.0026178108528256416,0.08465719223022461,0.1055334061384201,0.3,0.2,1.0000000000000002e-07
48,39,0.09546111524105072,0.004264484625309706,0.1584194302558899,0.2183539867401123,0.3,0.2,1.0000000000000002e-07
48,40,0.09393361955881119,0.004067171830683947,0.21443438529968262,0.12768064439296722,0.3,0.2,1.0000000000000002e-07
48,41,0.10553773492574692,0.006348117254674435,0.1364133358001709,0.2913280725479126,0.3,0.2,1.0000000000000002e-07
48,42,0.07460884749889374,0.010570484213531017,0.08836770057678223,0.1876402348279953,0.3,0.2,1.0000000000000002e-07
48,43,0.06994267553091049,0.005230020731687546,0.08960103988647461,0.18916170299053192,0.3,0.2,1.0000000000000002e-07
48,44,0.28617924451828003,0.03172345459461212,0.57823246717453,0.40493014454841614,0.3,0.2,1.0000000000000002e-07
48,45,0.07693678140640259,0.0025356928817927837,0.1669374704360962,0.1215992271900177,0.3,0.2,1.0000000000000002e-07
48,46,0.08790946751832962,0.0046798232942819595,0.19163256883621216,0.12869936227798462,0.3,0.2,1.0000000000000002e-07
48,47,0.05755961686372757,0.0033364403061568737,0.030042648315429688,0.2260519117116928,0.3,0.2,1.0000000000000002e-07
48,48,0.039000824093818665,0.0032073783222585917,0.04413890838623047,0.11275886744260788,0.3,0.2,1.0000000000000002e-07
48,49,0.05178853124380112,0.0030980051960796118,0.04961913824081421,0.16902391612529755,0.3,0.2,1.0000000000000002e-07
48,50,0.11637839674949646,0.0041154371574521065,0.07713806629180908,0.4456076920032501,0.3,0.2,1.0000000000000002e-07
48,51,0.05883631855249405,0.004881589207798243,0.1160314679145813,0.09572642296552658,0.3,0.2,1.0000000000000002e-07
48,52,0.2075771689414978,0.008252270519733429,0.40089768171310425,0.3952779173851013,0.3,0.2,1.0000000000000002e-07
48,53,0.08948095142841339,0.01201125979423523,0.07207494974136353,0.2792360186576843,0.3,0.2,1.0000000000000002e-07
48,54,0.04645640775561333,0.008282841183245182,0.03875190019607544,0.13273997604846954,0.3,0.2,1.0000000000000002e-07
48,55,0.08471419662237167,0.0116879902780056,0.03990691900253296,0.30527064204216003,0.3,0.2,1.0000000000000002e-07
48,56,0.04081658273935318,0.0020063600968569517,0.046212613582611084,0.12473218142986298,0.3,0.2,1.0000000000000002e-07
48,57,0.07733917236328125,0.009402264840900898,0.09726822376251221,0.19378216564655304,0.3,0.2,1.0000000000000002e-07
48,58,0.07728538662195206,0.005192246753722429,0.13055646419525146,0.16463099420070648,0.3,0.2,1.0000000000000002e-07
48,59,0.0887519121170044,0.003836223855614662,0.1749284863471985,0.16218571364879608,0.3,0.2,1.0000000000000002e-07
48,60,0.042709752917289734,0.002305662026628852,0.03632175922393799,0.14753781259059906,0.3,0.2,1.0000000000000002e-07
48,61,0.07956001162528992,0.0018156744772568345,0.13833945989608765,0.18121246993541718,0.3,0.2,1.0000000000000002e-07
48,62,0.07471561431884766,0.003862579120323062,0.11597996950149536,0.1802952140569687,0.3,0.2,1.0000000000000002e-07
48,63,0.06575439870357513,0.005306752398610115,0.06486326456069946,0.20494334399700165,0.3,0.2,1.0000000000000002e-07
48,64,0.08717967569828033,0.012271631509065628,0.06663566827774048,0.2745867073535919,0.3,0.2,1.0000000000000002e-07
48,65,0.04272773489356041,0.005927937105298042,0.03404891490936279,0.1329256147146225,0.3,0.2,1.0000000000000002e-07
48,66,0.060102678835392,0.002866053720936179,0.1090092658996582,0.12266921997070312,0.3,0.2,1.0000000000000002e-07
48,67,0.04091203957796097,0.00147820555139333,0.0329662561416626,0.14771978557109833,0.3,0.2,1.0000000000000002e-07
48,68,0.07783909142017365,0.004058334976434708,0.14274370670318604,0.15478819608688354,0.3,0.2,1.0000000000000002e-07
48,69,0.05056262016296387,0.0028772971127182245,0.10433053970336914,0.08193077892065048,0.3,0.2,1.0000000000000002e-07
48,70,0.09950101375579834,0.006083045154809952,0.13409936428070068,0.26594078540802,0.3,0.2,1.0000000000000002e-07
48,71,0.1593433916568756,0.003948528785258532,0.17847102880477905,0.5092677474021912,0.3,0.2,1.0000000000000002e-07
48,72,0.06534232944250107,0.018072083592414856,0.04437941312789917,0.1697821170091629,0.3,0.2,1.0000000000000002e-07
48,73,0.10892464220523834,0.004498921800404787,0.1473720669746399,0.3010704815387726,0.3,0.2,1.0000000000000002e-07
48,74,0.06180647760629654,0.0032046614214777946,0.11266535520553589,0.12401103973388672,0.3,0.2,1.0000000000000002e-07
48,75,0.0694989562034607,0.007569280453026295,0.13725703954696655,0.10376281291246414,0.3,0.2,1.0000000000000002e-07
48,76,0.11048296093940735,0.009467116557061672,0.14116907119750977,0.2933255732059479,0.3,0.2,1.0000000000000002e-07
48,77,0.0665726587176323,0.011156299151480198,0.04416787624359131,0.2108299881219864,0.3,0.2,1.0000000000000002e-07
48,78,0.07268543541431427,0.008738509379327297,0.0751538872718811,0.20700378715991974,0.3,0.2,1.0000000000000002e-07
48,79,0.18480366468429565,0.010211794637143612,0.29403191804885864,0.4319114089012146,0.3,0.2,1.0000000000000002e-07
48,80,0.09726648032665253,0.013862419873476028,0.08699750900268555,0.28652405738830566,0.3,0.2,1.0000000000000002e-07
48,81,0.06159854680299759,0.008309087716042995,0.03797006607055664,0.20949220657348633,0.3,0.2,1.0000000000000002e-07
48,82,0.14996029436588287,0.0056071593426167965,0.18533307313919067,0.4437660872936249,0.3,0.2,1.0000000000000002e-07
48,83,0.22629520297050476,0.014460006728768349,0.4025145173072815,0.4554041028022766,0.3,0.2,1.0000000000000002e-07
48,84,0.04932190477848053,0.0032168596517294645,0.0904841423034668,0.09479900449514389,0.3,0.2,1.0000000000000002e-07
48,85,0.09719814360141754,0.0034895441494882107,0.14755290746688843,0.24721363186836243,0.3,0.2,1.0000000000000002e-07
48,86,0.07417793571949005,0.003889283398166299,0.1756024956703186,0.08803950250148773,0.3,0.2,1.0000000000000002e-07
48,87,0.06381361186504364,0.004053919110447168,0.08302682638168335,0.17425823211669922,0.3,0.2,1.0000000000000002e-07
48,88,0.047677721828222275,0.001282367273233831,0.09438085556030273,0.09040547907352448,0.3,0.2,1.0000000000000002e-07
48,89,0.08077816665172577,0.00442234892398119,0.21677279472351074,0.056619878858327866,0.3,0.2,1.0000000000000002e-07
48,90,0.05262088030576706,0.0033164978958666325,0.07066857814788818,0.14051903784275055,0.3,0.2,1.0000000000000002e-07
48,91,0.2786153256893158,0.01875116303563118,0.49098479747772217,0.5628436207771301,0.3,0.2,1.0000000000000002e-07
48,92,0.11842465400695801,0.004658302292227745,0.25262564420700073,0.18989330530166626,0.3,0.2,1.0000000000000002e-07
48,93,0.08117640763521194,0.002583417110145092,0.19671279191970825,0.09789574891328812,0.3,0.2,1.0000000000000002e-07
48,94,0.15750890970230103,0.004388015251606703,0.21121269464492798,0.4487854242324829,0.3,0.2,1.0000000000000002e-07
48,95,0.06113293021917343,0.007565678562968969,0.05777221918106079,0.18117789924144745,0.3,0.2,1.0000000000000002e-07
48,96,0.04189925640821457,0.0013949000276625156,0.040257930755615234,0.1421348750591278,0.3,0.2,1.0000000000000002e-07
48,97,0.08593380451202393,0.009434151463210583,0.09913581609725952,0.23379455506801605,0.3,0.2,1.0000000000000002e-07
48,98,0.0986032485961914,0.007394855841994286,0.21447616815567017,0.13432767987251282,0.3,0.2,1.0000000000000002e-07
49,0,0.08680567145347595,0.004114913754165173,0.0771365761756897,0.2977488934993744,0.3,0.2,1.0000000000000002e-07
49,1,0.10571900010108948,0.006348274648189545,0.13641411066055298,0.2922324538230896,0.3,0.2,1.0000000000000002e-07
49,2,0.10167907178401947,0.003489115973934531,0.14754551649093628,0.2696315050125122,0.3,0.2,1.0000000000000002e-07
49,3,0.06126075237989426,0.0032050993759185076,0.1126670241355896,0.12127771228551865,0.3,0.2,1.0000000000000002e-07
49,4,0.1373848021030426,0.006029206793755293,0.2081184983253479,0.34460023045539856,0.3,0.2,1.0000000000000002e-07
49,5,0.09212614595890045,0.005800959654152393,0.1393756866455078,0.22256240248680115,0.3,0.2,1.0000000000000002e-07
49,6,0.1624346375465393,0.003847710555419326,0.20290958881378174,0.4885702431201935,0.3,0.2,1.0000000000000002e-07
49,7,0.18030010163784027,0.011656935326755047,0.2903406620025635,0.40770483016967773,0.3,0.2,1.0000000000000002e-07
49,8,0.07383941113948822,0.01107900869101286,0.04317587614059448,0.24903817474842072,0.3,0.2,1.0000000000000002e-07
49,9,0.0750521719455719,0.009434227831661701,0.09914112091064453,0.17937804758548737,0.3,0.2,1.0000000000000002e-07
49,10,0.14124847948551178,0.0054136901162564754,0.13468897342681885,0.47714048624038696,0.3,0.2,1.0000000000000002e-07
49,11,0.049097396433353424,0.0011079777032136917,0.039508283138275146,0.1806846559047699,0.3,0.2,1.0000000000000002e-07
49,12,0.09278959035873413,0.004337152000516653,0.1584673523902893,0.20456114411354065,0.3,0.2,1.0000000000000002e-07
49,13,0.04954146593809128,0.006364105734974146,0.0315546989440918,0.16855473816394806,0.3,0.2,1.0000000000000002e-07
49,14,0.07805617153644562,0.003862731857225299,0.11597925424575806,0.19699832797050476,0.3,0.2,1.0000000000000002e-07
49,15,0.08614756166934967,0.012271683663129807,0.0666358470916748,0.2694256007671356,0.3,0.2,1.0000000000000002e-07
49,16,0.2973831295967102,0.021552978083491325,0.6136872172355652,0.4586198329925537,0.3,0.2,1.0000000000000002e-07
49,17,0.05674402415752411,0.0030975197441875935,0.04961520433425903,0.19380971789360046,0.3,0.2,1.0000000000000002e-07
49,18,0.0587896928191185,0.011690196581184864,0.039903461933135986,0.17564228177070618,0.3,0.2,1.0000000000000002e-07
49,19,0.04619433730840683,0.0009594289003871381,0.030812442302703857,0.1799558848142624,0.3,0.2,1.0000000000000002e-07
49,20,0.08169937878847122,0.0038891849108040333,0.17560243606567383,0.12564729154109955,0.3,0.2,1.0000000000000002e-07
49,21,0.040389012545347214,0.0014505651779472828,0.04346507787704468,0.12949462234973907,0.3,0.2,1.0000000000000002e-07
49,22,0.10691556334495544,0.006084012798964977,0.13409674167633057,0.3030126392841339,0.3,0.2,1.0000000000000002e-07
49,23,0.09811626374721527,0.012195227667689323,0.08061432838439941,0.3086836636066437,0.3,0.2,1.0000000000000002e-07
49,24,0.08196058869361877,0.0025831740349531174,0.19671201705932617,0.10181901603937149,0.3,0.2,1.0000000000000002e-07
49,25,0.09688436985015869,0.00406715739518404,0.21443307399749756,0.1424364149570465,0.3,0.2,1.0000000000000002e-07
49,26,0.06151163578033447,0.004880711901932955,0.11602836847305298,0.10911206156015396,0.3,0.2,1.0000000000000002e-07
49,27,0.05621706694364548,0.0033354840707033873,0.030041098594665527,0.21934625506401062,0.3,0.2,1.0000000000000002e-07
49,28,0.057495154440402985,0.0050529539585113525,0.10169792175292969,0.10966411978006363,0.3,0.2,1.0000000000000002e-07
49,29,0.05520949512720108,0.007565076928585768,0.05777186155319214,0.15156430006027222,0.3,0.2,1.0000000000000002e-07
49,30,0.19415804743766785,0.011063637211918831,0.30451661348342896,0.4586971402168274,0.3,0.2,1.0000000000000002e-07
49,31,0.10830792784690857,0.004530428443104029,0.17485004663467407,0.2566124200820923,0.3,0.2,1.0000000000000002e-07
49,32,0.08832462131977081,0.010362021625041962,0.06671202182769775,0.2897449731826782,0.3,0.2,1.0000000000000002e-07
49,33,0.04511098563671112,0.008281953632831573,0.03874659538269043,0.1260252743959427,0.3,0.2,1.0000000000000002e-07
49,34,0.11421459913253784,0.009466402232646942,0.14116346836090088,0.3119957745075226,0.3,0.2,1.0000000000000002e-07
49,35,0.03332690894603729,0.004150786437094212,0.03558081388473511,0.09250937402248383,0.3,0.2,1.0000000000000002e-07
49,36,0.0735364630818367,0.0034311057534068823,0.09664112329483032,0.20556509494781494,0.3,0.2,1.0000000000000002e-07
49,37,0.1045575737953186,0.008530749008059502,0.13024401664733887,0.28476810455322266,0.3,0.2,1.0000000000000002e-07
49,38,0.08063793182373047,0.0053053018637001514,0.0648566484451294,0.27937817573547363,0.3,0.2,1.0000000000000002e-07
49,39,0.09471425414085388,0.004849087446928024,0.11422759294509888,0.2779844403266907,0.3,0.2,1.0000000000000002e-07
49,40,0.08180326968431473,0.004404569510370493,0.2159785032272339,0.06302572786808014,0.3,0.2,1.0000000000000002e-07
49,41,0.08062225580215454,0.01057211123406887,0.08837133646011353,0.21769371628761292,0.3,0.2,1.0000000000000002e-07
49,42,0.05057524889707565,0.0026163074653595686,0.08465760946273804,0.11280830204486847,0.3,0.2,1.0000000000000002e-07
49,43,0.08704254031181335,0.009720256552100182,0.09820139408111572,0.23930934071540833,0.3,0.2,1.0000000000000002e-07
49,44,0.06332822144031525,0.0023255166597664356,0.11887776851654053,0.1266968548297882,0.3,0.2,1.0000000000000002e-07
49,45,0.07341594994068146,0.0023918882943689823,0.13948869705200195,0.14588724076747894,0.3,0.2,1.0000000000000002e-07
49,46,0.05231301486492157,0.004202166106551886,0.055504024028778076,0.15729819238185883,0.3,0.2,1.0000000000000002e-07
49,47,0.06781226396560669,0.001363566960208118,0.09413564205169678,0.1910400390625,0.3,0.2,1.0000000000000002e-07
49,48,0.08329148590564728,0.0051916856318712234,0.13055723905563354,0.1946631520986557,0.3,0.2,1.0000000000000002e-07
49,49,0.05245324224233627,0.0033172224648296833,0.07066941261291504,0.13967597484588623,0.3,0.2,1.0000000000000002e-07
49,50,0.0497155599296093,0.0020060446113348007,0.04621315002441406,0.16922783851623535,0.3,0.2,1.0000000000000002e-07
49,51,0.07287000119686127,0.009349052794277668,0.07237255573272705,0.20904593169689178,0.3,0.2,1.0000000000000002e-07
49,52,0.10502699017524719,0.0070959716103971004,0.21740293502807617,0.16355068981647491,0.3,0.2,1.0000000000000002e-07
49,53,0.22361963987350464,0.011201389133930206,0.3635472059249878,0.5167704224586487,0.3,0.2,1.0000000000000002e-07
49,54,0.0659489780664444,0.010504615493118763,0.04279053211212158,0.21303601562976837,0.3,0.2,1.0000000000000002e-07
49,55,0.06940093636512756,0.015155508182942867,0.046476900577545166,0.20151181519031525,0.3,0.2,1.0000000000000002e-07
49,56,0.08377717435359955,0.0026159228291362524,0.16860151290893555,0.1529039740562439,0.3,0.2,1.0000000000000002e-07
49,57,0.07058712095022202,0.007035143673419952,0.13177752494812012,0.12009360641241074,0.3,0.2,1.0000000000000002e-07
49,58,0.08562801778316498,0.00466151162981987,0.1948058009147644,0.11262378096580505,0.3,0.2,1.0000000000000002e-07
49,59,0.06755136698484421,0.007569379173219204,0.137253999710083,0.09402892738580704,0.3,0.2,1.0000000000000002e-07
49,60,0.052909865975379944,0.002876799553632736,0.10432785749435425,0.09367354959249496,0.3,0.2,1.0000000000000002e-07
49,61,0.20947416126728058,0.010055636055767536,0.33248692750930786,0.4983621835708618,0.3,0.2,1.0000000000000002e-07
49,62,0.09267902374267578,0.013862472958862782,0.08699989318847656,0.26358291506767273,0.3,0.2,1.0000000000000002e-07
49,63,0.03307769447565079,0.003256381256505847,0.04125767946243286,0.08722003549337387,0.3,0.2,1.0000000000000002e-07
49,64,0.10866592824459076,0.011384519748389721,0.17098063230514526,0.22993607819080353,0.3,0.2,1.0000000000000002e-07
49,65,0.09570607542991638,0.0034128811676055193,0.13571834564208984,0.25788846611976624,0.3,0.2,1.0000000000000002e-07
49,66,0.06441625952720642,0.008309404365718365,0.03797316551208496,0.22357453405857086,0.3,0.2,1.0000000000000002e-07
49,67,0.2082689106464386,0.009059240110218525,0.4226255416870117,0.3621100187301636,0.3,0.2,1.0000000000000002e-07
49,68,0.07451310008764267,0.0018156818114221096,0.1383357048034668,0.15598353743553162,0.3,0.2,1.0000000000000002e-07
49,69,0.2773948609828949,0.03204195573925972,0.5403988361358643,0.416166216135025,0.3,0.2,1.0000000000000002e-07
49,70,0.05021107569336891,0.0012825765879824758,0.09438127279281616,0.10307057946920395,0.3,0.2,1.0000000000000002e-07
49,71,0.05035456269979477,0.0032166223973035812,0.09048521518707275,0.09996187686920166,0.3,0.2,1.0000000000000002e-07
49,72,0.07598312199115753,0.003944756463170052,0.14433079957962036,0.14369560778141022,0.3,0.2,1.0000000000000002e-07
49,73,0.2763885259628296,0.020942768082022667,0.5259999632835388,0.4882289171218872,0.3,0.2,1.0000000000000002e-07
49,74,0.07360739260911942,0.0025112563744187355,0.13305431604385376,0.15589919686317444,0.3,0.2,1.0000000000000002e-07
49,75,0.04632800072431564,0.005929342936724424,0.034051597118377686,0.15091587603092194,0.3,0.2,1.0000000000000002e-07
49,76,0.24615874886512756,0.01891217939555645,0.4864334464073181,0.40658262372016907,0.3,0.2,1.0000000000000002e-07
49,77,0.0755779966711998,0.005229166708886623,0.08959513902664185,0.21735142171382904,0.3,0.2,1.0000000000000002e-07
49,78,0.08218333125114441,0.008739408105611801,0.07515382766723633,0.25448888540267944,0.3,0.2,1.0000000000000002e-07
49,79,0.04735471308231354,0.006210114806890488,0.0339885950088501,0.1547400951385498,0.3,0.2,1.0000000000000002e-07
49,80,0.05029497295618057,0.008224846795201302,0.033973515033721924,0.15939034521579742,0.3,0.2,1.0000000000000002e-07
49,81,0.15613020956516266,0.00454051373526454,0.19042092561721802,0.47231706976890564,0.3,0.2,1.0000000000000002e-07
49,82,0.0797598659992218,0.009402877651154995,0.09726327657699585,0.2058900147676468,0.3,0.2,1.0000000000000002e-07
49,83,0.04788292199373245,0.0014753598952665925,0.033170461654663086,0.18228211998939514,0.3,0.2,1.0000000000000002e-07
49,84,0.1385032832622528,0.004658510442823172,0.25262975692749023,0.29027923941612244,0.3,0.2,1.0000000000000002e-07
49,85,0.08325700461864471,0.01807243935763836,0.04437917470932007,0.2593540549278259,0.3,0.2,1.0000000000000002e-07
49,86,0.12644661962985992,0.010362375527620316,0.2664295434951782,0.18077686429023743,0.3,0.2,1.0000000000000002e-07
49,87,0.08206009119749069,0.012012256309390068,0.07207846641540527,0.24212147295475006,0.3,0.2,1.0000000000000002e-07
49,88,0.047811880707740784,0.0031574424356222153,0.07176339626312256,0.11562708765268326,0.3,0.2,1.0000000000000002e-07
49,89,0.046205271035432816,0.0023057356011122465,0.036320269107818604,0.1650172621011734,0.3,0.2,1.0000000000000002e-07
49,90,0.13396847248077393,0.005771094933152199,0.16457146406173706,0.3941297233104706,0.3,0.2,1.0000000000000002e-07
49,91,0.11274594068527222,0.011181360110640526,0.19108688831329346,0.2211925983428955,0.3,0.2,1.0000000000000002e-07
49,92,0.05679810419678688,0.002866043010726571,0.10900819301605225,0.10614798963069916,0.3,0.2,1.0000000000000002e-07
49,93,0.10410678386688232,0.004499109927564859,0.14737480878829956,0.2769761383533478,0.3,0.2,1.0000000000000002e-07
49,94,0.05917205661535263,0.004053827375173569,0.08302187919616699,0.15105833113193512,0.3,0.2,1.0000000000000002e-07
49,95,0.05885808914899826,0.011154740117490292,0.044166624546051025,0.17226681113243103,0.3,0.2,1.0000000000000002e-07
49,96,0.041445229202508926,0.0032072453759610653,0.04413968324661255,0.1249803900718689,0.3,0.2,1.0000000000000002e-07
49,97,0.09079290926456451,0.0037443803157657385,0.17822778224945068,0.16790097951889038,0.3,0.2,1.0000000000000002e-07
49,98,0.19888195395469666,0.009106839075684547,0.3804318904876709,0.37822768092155457,0.3,0.2,1.0000000000000002e-07
